500 500 30
1 503
1 511
1 522
1 524
1 527
1 528
1 529
1 531
1 532
1 537
1 548
1 552
1 553
1 555
1 558
1 560
1 562
1 563
1 568
1 571
1 572
1 573
1 577
1 580
1 581
1 582
1 584
1 585
1 586
1 589
1 593
1 596
1 597
1 600
1 602
1 603
1 604
1 608
1 612
1 615
1 620
1 625
1 627
1 631
1 635
1 638
1 640
1 641
1 646
1 648
1 651
1 652
1 653
1 655
1 663
1 664
1 665
1 674
1 675
1 676
1 684
1 685
1 687
1 688
1 689
1 690
1 692
1 694
1 696
1 697
1 698
1 699
1 704
1 705
1 706
1 709
1 710
1 714
1 721
1 722
1 726
1 728
1 738
1 746
1 748
1 752
1 754
1 756
1 759
1 760
1 762
1 765
1 769
1 776
1 780
1 784
1 787
1 794
1 799
1 806
1 807
1 809
1 810
1 812
1 814
1 817
1 818
1 820
1 824
1 825
1 830
1 833
1 834
1 835
1 836
1 843
1 845
1 846
1 848
1 849
1 851
1 854
1 856
1 857
1 858
1 859
1 866
1 872
1 873
1 874
1 875
1 877
1 880
1 882
1 888
1 892
1 894
1 902
1 910
1 912
1 923
1 925
1 927
1 928
1 930
1 933
1 934
1 938
1 941
1 942
1 944
1 946
1 951
1 953
1 957
1 960
1 962
1 965
1 966
1 970
1 973
1 979
1 982
1 983
1 985
1 996
1 997
1 1000
2 503
2 504
2 507
2 509
2 515
2 516
2 517
2 519
2 522
2 531
2 534
2 536
2 537
2 539
2 543
2 548
2 552
2 553
2 558
2 562
2 564
2 569
2 570
2 573
2 578
2 579
2 580
2 581
2 588
2 589
2 591
2 599
2 601
2 606
2 608
2 609
2 612
2 614
2 616
2 621
2 628
2 630
2 633
2 634
2 636
2 638
2 641
2 642
2 643
2 647
2 649
2 652
2 658
2 659
2 660
2 662
2 663
2 664
2 667
2 669
2 671
2 678
2 679
2 680
2 681
2 688
2 692
2 696
2 700
2 703
2 706
2 710
2 712
2 714
2 715
2 717
2 719
2 721
2 724
2 727
2 737
2 741
2 742
2 746
2 748
2 749
2 751
2 753
2 755
2 758
2 765
2 767
2 774
2 776
2 778
2 779
2 781
2 790
2 791
2 797
2 801
2 802
2 804
2 809
2 811
2 812
2 818
2 824
2 825
2 827
2 828
2 829
2 833
2 834
2 839
2 841
2 842
2 843
2 845
2 846
2 862
2 866
2 871
2 875
2 877
2 881
2 882
2 884
2 889
2 895
2 901
2 902
2 903
2 904
2 911
2 914
2 919
2 922
2 924
2 925
2 929
2 938
2 940
2 944
2 948
2 952
2 962
2 963
2 965
2 970
2 971
2 972
2 978
2 982
2 985
2 986
2 991
2 992
2 996
2 1000
3 504
3 506
3 514
3 515
3 517
3 518
3 520
3 521
3 525
3 526
3 528
3 529
3 537
3 542
3 550
3 552
3 554
3 556
3 565
3 566
3 581
3 584
3 585
3 587
3 593
3 595
3 596
3 598
3 604
3 606
3 608
3 611
3 613
3 615
3 623
3 626
3 637
3 638
3 639
3 640
3 649
3 650
3 659
3 661
3 663
3 667
3 670
3 673
3 674
3 676
3 681
3 683
3 684
3 685
3 690
3 693
3 698
3 699
3 702
3 706
3 707
3 709
3 713
3 716
3 721
3 722
3 727
3 731
3 732
3 734
3 738
3 746
3 747
3 751
3 753
3 755
3 756
3 758
3 759
3 760
3 762
3 763
3 767
3 769
3 776
3 779
3 784
3 787
3 791
3 793
3 794
3 795
3 798
3 799
3 801
3 804
3 805
3 806
3 807
3 809
3 815
3 818
3 821
3 825
3 826
3 832
3 833
3 834
3 835
3 841
3 846
3 848
3 851
3 855
3 858
3 865
3 867
3 868
3 872
3 874
3 878
3 879
3 880
3 883
3 887
3 891
3 893
3 894
3 897
3 900
3 902
3 909
3 917
3 918
3 921
3 927
3 929
3 930
3 931
3 932
3 933
3 937
3 939
3 940
3 950
3 951
3 955
3 958
3 961
3 968
3 970
3 973
3 980
3 984
3 990
3 997
3 998
4 503
4 504
4 508
4 509
4 511
4 514
4 515
4 528
4 536
4 537
4 538
4 540
4 542
4 548
4 562
4 563
4 574
4 582
4 583
4 590
4 592
4 599
4 601
4 607
4 608
4 610
4 611
4 619
4 627
4 632
4 633
4 634
4 643
4 644
4 652
4 654
4 656
4 658
4 665
4 668
4 671
4 673
4 674
4 678
4 680
4 682
4 684
4 685
4 694
4 695
4 696
4 697
4 701
4 702
4 706
4 707
4 716
4 717
4 729
4 733
4 741
4 743
4 747
4 749
4 751
4 753
4 755
4 761
4 764
4 765
4 768
4 771
4 772
4 773
4 778
4 780
4 785
4 786
4 787
4 789
4 795
4 805
4 807
4 810
4 814
4 817
4 818
4 820
4 821
4 822
4 823
4 825
4 830
4 832
4 841
4 842
4 844
4 846
4 849
4 851
4 855
4 858
4 862
4 871
4 876
4 877
4 880
4 881
4 886
4 887
4 899
4 904
4 913
4 915
4 916
4 918
4 920
4 922
4 923
4 925
4 929
4 931
4 935
4 938
4 939
4 941
4 943
4 944
4 953
4 955
4 958
4 959
4 965
4 969
4 970
4 972
4 978
4 982
4 990
4 996
4 997
5 502
5 503
5 505
5 508
5 512
5 517
5 518
5 521
5 523
5 529
5 530
5 537
5 539
5 540
5 541
5 549
5 555
5 557
5 558
5 576
5 580
5 582
5 585
5 589
5 601
5 602
5 605
5 606
5 610
5 621
5 622
5 623
5 626
5 627
5 629
5 633
5 634
5 635
5 638
5 646
5 652
5 653
5 656
5 659
5 660
5 662
5 665
5 667
5 668
5 671
5 672
5 675
5 679
5 681
5 684
5 688
5 689
5 690
5 699
5 706
5 708
5 711
5 714
5 715
5 716
5 721
5 723
5 724
5 731
5 735
5 737
5 739
5 741
5 742
5 745
5 755
5 766
5 770
5 774
5 776
5 779
5 783
5 784
5 785
5 786
5 791
5 792
5 794
5 795
5 796
5 797
5 801
5 809
5 810
5 812
5 814
5 820
5 825
5 827
5 836
5 841
5 845
5 848
5 852
5 857
5 860
5 869
5 870
5 874
5 880
5 882
5 883
5 884
5 885
5 886
5 893
5 894
5 901
5 908
5 915
5 917
5 921
5 929
5 938
5 939
5 940
5 941
5 947
5 948
5 954
5 956
5 958
5 961
5 964
5 967
5 968
5 969
5 971
5 983
5 984
5 998
6 502
6 503
6 504
6 505
6 506
6 508
6 509
6 511
6 516
6 517
6 518
6 519
6 521
6 523
6 524
6 532
6 534
6 536
6 537
6 538
6 543
6 550
6 559
6 561
6 565
6 566
6 567
6 569
6 571
6 573
6 575
6 578
6 588
6 595
6 603
6 610
6 621
6 622
6 627
6 633
6 635
6 641
6 643
6 646
6 652
6 653
6 663
6 664
6 668
6 669
6 671
6 672
6 674
6 679
6 680
6 682
6 683
6 690
6 693
6 694
6 696
6 698
6 701
6 703
6 712
6 713
6 714
6 723
6 725
6 727
6 731
6 732
6 735
6 741
6 747
6 754
6 765
6 766
6 779
6 785
6 791
6 794
6 795
6 798
6 803
6 804
6 811
6 821
6 824
6 827
6 829
6 832
6 833
6 836
6 837
6 841
6 844
6 849
6 853
6 854
6 855
6 857
6 859
6 861
6 865
6 866
6 867
6 869
6 876
6 882
6 888
6 890
6 897
6 914
6 916
6 918
6 923
6 925
6 926
6 932
6 934
6 935
6 936
6 937
6 939
6 942
6 945
6 951
6 954
6 955
6 958
6 959
6 960
6 966
6 972
6 981
6 990
7 501
7 511
7 512
7 513
7 516
7 517
7 531
7 532
7 546
7 553
7 554
7 558
7 560
7 576
7 583
7 584
7 585
7 586
7 588
7 592
7 593
7 594
7 596
7 598
7 599
7 610
7 611
7 612
7 618
7 624
7 625
7 626
7 627
7 628
7 630
7 639
7 647
7 648
7 653
7 654
7 666
7 668
7 676
7 681
7 689
7 694
7 696
7 698
7 699
7 705
7 706
7 709
7 710
7 716
7 719
7 720
7 721
7 722
7 727
7 728
7 735
7 737
7 738
7 742
7 745
7 746
7 749
7 752
7 754
7 756
7 760
7 762
7 763
7 766
7 770
7 772
7 773
7 782
7 785
7 787
7 792
7 794
7 796
7 800
7 803
7 805
7 809
7 815
7 819
7 822
7 823
7 825
7 830
7 846
7 847
7 848
7 853
7 854
7 856
7 857
7 860
7 864
7 866
7 870
7 873
7 880
7 884
7 885
7 887
7 891
7 893
7 895
7 899
7 900
7 902
7 905
7 906
7 907
7 908
7 909
7 915
7 922
7 924
7 929
7 935
7 937
7 939
7 945
7 947
7 953
7 957
7 958
7 960
7 963
7 964
7 983
7 987
7 996
8 501
8 507
8 512
8 516
8 518
8 521
8 523
8 524
8 529
8 534
8 539
8 543
8 547
8 552
8 553
8 554
8 556
8 563
8 564
8 571
8 574
8 580
8 586
8 592
8 598
8 603
8 609
8 612
8 614
8 616
8 619
8 621
8 630
8 631
8 637
8 642
8 650
8 652
8 658
8 661
8 662
8 664
8 665
8 666
8 667
8 668
8 669
8 677
8 678
8 679
8 687
8 688
8 692
8 704
8 706
8 707
8 708
8 709
8 710
8 712
8 713
8 717
8 720
8 722
8 726
8 731
8 733
8 734
8 738
8 741
8 744
8 746
8 747
8 748
8 749
8 752
8 755
8 757
8 758
8 760
8 763
8 772
8 773
8 774
8 781
8 784
8 786
8 788
8 796
8 800
8 802
8 804
8 805
8 808
8 820
8 824
8 825
8 827
8 828
8 831
8 837
8 839
8 840
8 841
8 846
8 851
8 860
8 861
8 862
8 865
8 866
8 867
8 870
8 876
8 878
8 880
8 886
8 892
8 901
8 904
8 907
8 909
8 912
8 914
8 917
8 925
8 926
8 927
8 934
8 935
8 945
8 949
8 950
8 952
8 957
8 959
8 960
8 966
8 968
8 976
8 979
8 983
8 987
8 993
8 995
8 998
8 999
9 502
9 506
9 510
9 512
9 517
9 518
9 521
9 522
9 525
9 528
9 533
9 534
9 537
9 541
9 546
9 549
9 556
9 558
9 562
9 565
9 567
9 569
9 570
9 584
9 585
9 590
9 592
9 593
9 594
9 596
9 606
9 607
9 611
9 612
9 614
9 617
9 618
9 622
9 626
9 628
9 633
9 636
9 637
9 640
9 647
9 650
9 653
9 655
9 661
9 662
9 665
9 668
9 672
9 673
9 676
9 681
9 690
9 695
9 696
9 697
9 698
9 700
9 701
9 702
9 703
9 704
9 705
9 706
9 708
9 712
9 713
9 716
9 723
9 724
9 726
9 727
9 728
9 734
9 736
9 737
9 738
9 739
9 742
9 747
9 749
9 751
9 752
9 753
9 755
9 760
9 761
9 762
9 770
9 771
9 776
9 777
9 778
9 784
9 787
9 792
9 793
9 795
9 801
9 802
9 803
9 807
9 810
9 811
9 815
9 816
9 817
9 818
9 820
9 821
9 826
9 829
9 832
9 838
9 839
9 840
9 841
9 843
9 845
9 851
9 853
9 854
9 856
9 858
9 861
9 864
9 868
9 870
9 871
9 881
9 884
9 885
9 897
9 899
9 906
9 907
9 912
9 914
9 915
9 919
9 920
9 921
9 924
9 926
9 931
9 934
9 940
9 942
9 945
9 950
9 952
9 956
9 959
9 965
9 967
9 970
9 976
9 978
9 980
9 984
9 987
9 989
9 990
9 991
9 998
10 503
10 506
10 509
10 511
10 517
10 519
10 520
10 522
10 523
10 525
10 526
10 528
10 529
10 530
10 531
10 533
10 539
10 540
10 543
10 546
10 552
10 555
10 556
10 559
10 568
10 570
10 572
10 580
10 584
10 585
10 587
10 588
10 590
10 599
10 601
10 603
10 608
10 610
10 612
10 615
10 618
10 621
10 623
10 627
10 629
10 631
10 633
10 635
10 636
10 637
10 642
10 645
10 649
10 650
10 651
10 652
10 654
10 656
10 658
10 660
10 662
10 663
10 664
10 665
10 666
10 667
10 671
10 672
10 680
10 682
10 684
10 685
10 686
10 691
10 696
10 697
10 699
10 701
10 703
10 708
10 709
10 724
10 727
10 730
10 731
10 744
10 746
10 751
10 752
10 758
10 766
10 771
10 773
10 775
10 776
10 777
10 779
10 782
10 786
10 790
10 792
10 793
10 794
10 799
10 803
10 807
10 808
10 809
10 811
10 812
10 816
10 818
10 823
10 825
10 844
10 846
10 847
10 848
10 849
10 856
10 857
10 859
10 866
10 867
10 869
10 873
10 880
10 881
10 882
10 884
10 892
10 893
10 894
10 900
10 901
10 903
10 906
10 908
10 910
10 911
10 914
10 919
10 928
10 930
10 937
10 939
10 947
10 953
10 955
10 959
10 960
10 962
10 965
10 969
10 973
10 975
10 980
10 982
10 983
10 986
10 990
10 993
11 505
11 511
11 513
11 516
11 519
11 526
11 527
11 528
11 529
11 538
11 539
11 551
11 553
11 558
11 565
11 572
11 574
11 575
11 584
11 587
11 590
11 591
11 593
11 594
11 595
11 596
11 603
11 607
11 608
11 611
11 612
11 613
11 614
11 618
11 619
11 620
11 627
11 629
11 638
11 641
11 642
11 655
11 656
11 658
11 660
11 662
11 668
11 671
11 673
11 675
11 679
11 681
11 684
11 686
11 690
11 694
11 696
11 698
11 700
11 703
11 709
11 713
11 714
11 716
11 719
11 723
11 727
11 728
11 730
11 731
11 737
11 739
11 741
11 748
11 749
11 750
11 751
11 755
11 757
11 760
11 773
11 776
11 779
11 783
11 790
11 791
11 793
11 795
11 797
11 799
11 801
11 805
11 806
11 812
11 818
11 822
11 823
11 828
11 831
11 833
11 835
11 836
11 840
11 841
11 842
11 850
11 852
11 853
11 858
11 860
11 863
11 864
11 866
11 868
11 869
11 879
11 880
11 883
11 886
11 890
11 891
11 899
11 905
11 907
11 910
11 917
11 918
11 919
11 920
11 921
11 922
11 926
11 929
11 934
11 939
11 944
11 948
11 949
11 957
11 974
11 978
11 979
11 981
11 983
11 993
11 994
11 995
12 501
12 504
12 506
12 510
12 514
12 516
12 519
12 525
12 527
12 531
12 534
12 536
12 539
12 544
12 545
12 547
12 550
12 554
12 555
12 564
12 565
12 566
12 571
12 575
12 576
12 578
12 581
12 584
12 586
12 587
12 588
12 589
12 593
12 596
12 597
12 602
12 604
12 606
12 609
12 610
12 612
12 617
12 619
12 621
12 623
12 627
12 630
12 631
12 635
12 637
12 638
12 639
12 642
12 643
12 646
12 647
12 649
12 650
12 651
12 652
12 653
12 657
12 660
12 664
12 666
12 668
12 675
12 677
12 679
12 683
12 690
12 695
12 698
12 701
12 711
12 712
12 714
12 716
12 720
12 728
12 729
12 730
12 732
12 733
12 737
12 738
12 745
12 750
12 756
12 758
12 760
12 762
12 763
12 767
12 769
12 773
12 781
12 782
12 788
12 790
12 796
12 798
12 803
12 807
12 808
12 811
12 816
12 817
12 820
12 821
12 833
12 834
12 835
12 837
12 839
12 840
12 846
12 849
12 850
12 852
12 855
12 857
12 858
12 861
12 863
12 864
12 868
12 869
12 872
12 885
12 896
12 899
12 902
12 904
12 906
12 907
12 908
12 910
12 912
12 913
12 914
12 917
12 919
12 920
12 923
12 935
12 938
12 939
12 942
12 948
12 950
12 952
12 957
12 962
12 966
12 972
12 973
12 975
12 978
12 979
12 981
12 986
12 988
12 989
12 990
12 991
12 994
12 995
12 997
12 998
13 501
13 502
13 503
13 507
13 509
13 519
13 521
13 523
13 527
13 528
13 530
13 532
13 534
13 535
13 542
13 546
13 549
13 551
13 552
13 553
13 554
13 557
13 559
13 560
13 561
13 568
13 574
13 575
13 581
13 582
13 590
13 592
13 594
13 597
13 598
13 599
13 601
13 609
13 611
13 615
13 616
13 619
13 620
13 621
13 624
13 625
13 629
13 632
13 638
13 645
13 646
13 655
13 657
13 663
13 664
13 665
13 670
13 675
13 679
13 681
13 682
13 686
13 692
13 699
13 700
13 701
13 704
13 706
13 714
13 719
13 723
13 729
13 740
13 746
13 751
13 754
13 757
13 760
13 767
13 771
13 772
13 773
13 774
13 775
13 780
13 782
13 783
13 784
13 785
13 786
13 788
13 789
13 791
13 804
13 806
13 807
13 813
13 814
13 822
13 823
13 825
13 843
13 844
13 850
13 851
13 852
13 853
13 864
13 866
13 876
13 882
13 883
13 884
13 891
13 895
13 896
13 899
13 900
13 901
13 902
13 906
13 907
13 910
13 918
13 922
13 923
13 925
13 928
13 930
13 931
13 936
13 938
13 939
13 947
13 951
13 955
13 956
13 959
13 967
13 968
13 970
13 975
13 976
13 978
13 981
13 986
13 987
13 1000
14 501
14 504
14 508
14 510
14 512
14 516
14 522
14 525
14 533
14 541
14 542
14 543
14 544
14 550
14 555
14 556
14 557
14 558
14 561
14 562
14 567
14 578
14 579
14 583
14 584
14 585
14 586
14 591
14 592
14 594
14 603
14 607
14 615
14 617
14 618
14 624
14 631
14 632
14 633
14 634
14 637
14 638
14 641
14 643
14 644
14 646
14 647
14 654
14 658
14 663
14 664
14 666
14 668
14 669
14 670
14 672
14 679
14 680
14 681
14 682
14 685
14 686
14 687
14 688
14 689
14 691
14 692
14 693
14 694
14 697
14 698
14 699
14 701
14 706
14 709
14 712
14 714
14 717
14 719
14 722
14 723
14 724
14 726
14 732
14 735
14 736
14 739
14 740
14 744
14 748
14 749
14 750
14 753
14 755
14 759
14 774
14 780
14 789
14 790
14 791
14 794
14 800
14 802
14 813
14 818
14 819
14 824
14 828
14 830
14 833
14 834
14 836
14 839
14 850
14 855
14 858
14 859
14 863
14 871
14 874
14 875
14 879
14 880
14 881
14 883
14 887
14 890
14 894
14 895
14 896
14 903
14 910
14 912
14 913
14 916
14 918
14 922
14 933
14 934
14 940
14 941
14 942
14 944
14 947
14 950
14 951
14 953
14 955
14 956
14 957
14 958
14 961
14 967
14 976
14 977
14 978
14 979
14 982
14 993
14 996
14 997
15 501
15 503
15 506
15 510
15 511
15 512
15 513
15 516
15 520
15 522
15 523
15 536
15 542
15 553
15 554
15 555
15 556
15 558
15 559
15 568
15 574
15 575
15 576
15 580
15 582
15 583
15 588
15 593
15 597
15 598
15 599
15 605
15 607
15 620
15 623
15 626
15 635
15 638
15 641
15 643
15 644
15 648
15 654
15 658
15 659
15 661
15 665
15 667
15 670
15 673
15 674
15 679
15 680
15 683
15 686
15 687
15 689
15 691
15 692
15 694
15 700
15 702
15 706
15 711
15 712
15 714
15 715
15 716
15 720
15 721
15 740
15 743
15 744
15 745
15 747
15 750
15 753
15 755
15 756
15 761
15 764
15 765
15 767
15 768
15 770
15 778
15 781
15 782
15 783
15 786
15 790
15 791
15 792
15 795
15 800
15 801
15 802
15 803
15 805
15 808
15 811
15 814
15 818
15 820
15 822
15 828
15 831
15 834
15 835
15 836
15 843
15 850
15 857
15 858
15 860
15 866
15 872
15 875
15 878
15 879
15 880
15 882
15 883
15 884
15 885
15 890
15 896
15 901
15 902
15 903
15 916
15 917
15 918
15 922
15 925
15 927
15 928
15 932
15 936
15 937
15 939
15 940
15 944
15 948
15 950
15 951
15 954
15 960
15 967
15 969
15 974
15 976
15 979
15 983
15 984
15 985
15 988
15 992
15 996
15 997
15 998
15 999
16 501
16 509
16 511
16 516
16 517
16 521
16 522
16 523
16 524
16 525
16 527
16 529
16 531
16 536
16 542
16 548
16 551
16 552
16 556
16 559
16 566
16 568
16 570
16 571
16 572
16 584
16 588
16 589
16 596
16 600
16 602
16 603
16 609
16 610
16 612
16 617
16 620
16 621
16 622
16 628
16 629
16 634
16 635
16 638
16 640
16 642
16 645
16 654
16 655
16 661
16 662
16 664
16 668
16 669
16 672
16 676
16 681
16 686
16 688
16 689
16 690
16 691
16 698
16 702
16 706
16 707
16 711
16 714
16 719
16 722
16 723
16 725
16 726
16 727
16 728
16 738
16 741
16 744
16 751
16 753
16 756
16 758
16 759
16 761
16 770
16 771
16 775
16 776
16 780
16 782
16 785
16 787
16 788
16 789
16 791
16 797
16 806
16 809
16 814
16 816
16 820
16 821
16 822
16 826
16 829
16 831
16 835
16 836
16 839
16 840
16 855
16 856
16 857
16 860
16 863
16 864
16 878
16 882
16 888
16 895
16 896
16 897
16 898
16 914
16 920
16 931
16 932
16 934
16 935
16 936
16 938
16 944
16 953
16 954
16 955
16 958
16 969
16 972
16 978
16 982
16 983
16 984
16 985
16 987
16 988
17 501
17 517
17 523
17 526
17 527
17 529
17 532
17 534
17 553
17 561
17 562
17 564
17 569
17 575
17 580
17 581
17 584
17 599
17 600
17 601
17 607
17 608
17 611
17 624
17 628
17 629
17 630
17 632
17 633
17 636
17 640
17 641
17 643
17 646
17 649
17 651
17 654
17 656
17 658
17 665
17 674
17 678
17 679
17 683
17 684
17 688
17 694
17 700
17 701
17 702
17 703
17 707
17 715
17 717
17 720
17 722
17 723
17 730
17 733
17 735
17 736
17 740
17 742
17 746
17 747
17 751
17 752
17 754
17 756
17 757
17 759
17 765
17 767
17 768
17 769
17 781
17 784
17 785
17 789
17 790
17 793
17 796
17 799
17 817
17 819
17 822
17 824
17 825
17 830
17 833
17 837
17 838
17 839
17 840
17 851
17 853
17 854
17 858
17 859
17 861
17 869
17 878
17 879
17 887
17 889
17 899
17 902
17 908
17 910
17 913
17 918
17 924
17 925
17 926
17 928
17 930
17 931
17 935
17 937
17 944
17 946
17 948
17 957
17 964
17 970
17 971
17 972
17 973
17 981
17 983
17 984
17 986
17 990
17 994
17 996
17 999
18 501
18 503
18 505
18 508
18 509
18 511
18 516
18 517
18 518
18 519
18 524
18 526
18 529
18 530
18 534
18 538
18 540
18 541
18 544
18 547
18 548
18 549
18 551
18 552
18 553
18 555
18 556
18 560
18 566
18 569
18 572
18 575
18 578
18 579
18 586
18 592
18 593
18 598
18 603
18 604
18 610
18 611
18 613
18 617
18 620
18 622
18 625
18 633
18 635
18 638
18 641
18 642
18 646
18 650
18 655
18 658
18 660
18 663
18 665
18 667
18 668
18 671
18 673
18 675
18 679
18 682
18 683
18 684
18 690
18 697
18 698
18 701
18 710
18 713
18 719
18 720
18 729
18 734
18 735
18 738
18 739
18 741
18 746
18 749
18 750
18 753
18 756
18 757
18 762
18 766
18 772
18 773
18 775
18 776
18 777
18 778
18 784
18 786
18 789
18 790
18 791
18 796
18 804
18 805
18 814
18 820
18 822
18 835
18 836
18 840
18 843
18 845
18 847
18 848
18 851
18 853
18 856
18 858
18 859
18 864
18 867
18 871
18 873
18 875
18 878
18 879
18 886
18 887
18 888
18 893
18 896
18 897
18 899
18 900
18 903
18 907
18 909
18 919
18 920
18 921
18 923
18 926
18 928
18 930
18 934
18 935
18 939
18 940
18 941
18 942
18 946
18 949
18 950
18 955
18 956
18 957
18 961
18 962
18 964
18 966
18 972
18 974
18 988
18 991
18 993
19 505
19 507
19 518
19 521
19 522
19 525
19 531
19 532
19 533
19 538
19 541
19 542
19 543
19 547
19 550
19 551
19 553
19 558
19 559
19 564
19 566
19 573
19 579
19 590
19 591
19 595
19 596
19 602
19 603
19 610
19 611
19 615
19 617
19 618
19 620
19 629
19 631
19 636
19 640
19 641
19 643
19 649
19 650
19 651
19 655
19 656
19 657
19 660
19 663
19 668
19 669
19 677
19 679
19 684
19 688
19 690
19 691
19 701
19 702
19 706
19 708
19 709
19 710
19 713
19 714
19 715
19 718
19 719
19 724
19 729
19 731
19 734
19 738
19 739
19 740
19 742
19 743
19 745
19 750
19 755
19 760
19 765
19 771
19 772
19 776
19 777
19 781
19 784
19 791
19 794
19 796
19 797
19 799
19 800
19 805
19 812
19 813
19 817
19 824
19 825
19 828
19 831
19 839
19 843
19 844
19 845
19 847
19 848
19 852
19 854
19 857
19 859
19 861
19 863
19 866
19 871
19 872
19 874
19 877
19 880
19 881
19 884
19 891
19 892
19 894
19 899
19 900
19 902
19 903
19 910
19 911
19 912
19 913
19 919
19 920
19 923
19 925
19 932
19 934
19 936
19 937
19 944
19 945
19 947
19 952
19 955
19 958
19 959
19 961
19 964
19 969
19 976
19 989
19 992
19 994
19 995
20 501
20 504
20 505
20 506
20 508
20 509
20 513
20 519
20 529
20 532
20 540
20 542
20 546
20 548
20 551
20 553
20 557
20 559
20 560
20 562
20 564
20 568
20 572
20 576
20 582
20 585
20 593
20 595
20 601
20 602
20 604
20 607
20 610
20 616
20 617
20 618
20 619
20 624
20 626
20 629
20 630
20 634
20 637
20 640
20 642
20 648
20 653
20 654
20 658
20 659
20 660
20 661
20 663
20 664
20 670
20 674
20 676
20 677
20 687
20 690
20 696
20 698
20 701
20 706
20 708
20 710
20 711
20 716
20 724
20 726
20 734
20 738
20 739
20 742
20 748
20 754
20 759
20 760
20 765
20 766
20 768
20 769
20 770
20 772
20 774
20 776
20 785
20 791
20 800
20 802
20 806
20 816
20 818
20 819
20 823
20 834
20 836
20 841
20 844
20 845
20 846
20 858
20 859
20 861
20 862
20 864
20 865
20 872
20 873
20 875
20 876
20 882
20 884
20 885
20 887
20 888
20 890
20 893
20 899
20 900
20 902
20 908
20 911
20 916
20 922
20 924
20 927
20 928
20 929
20 935
20 937
20 939
20 940
20 943
20 944
20 945
20 946
20 947
20 948
20 950
20 953
20 955
20 968
20 969
20 971
20 978
20 981
20 988
20 993
20 994
20 997
20 998
21 502
21 504
21 507
21 510
21 512
21 515
21 517
21 522
21 523
21 534
21 548
21 549
21 550
21 552
21 555
21 558
21 564
21 570
21 572
21 574
21 576
21 579
21 585
21 586
21 589
21 592
21 594
21 598
21 599
21 606
21 607
21 609
21 615
21 617
21 622
21 623
21 624
21 626
21 628
21 632
21 636
21 638
21 644
21 647
21 650
21 654
21 655
21 657
21 659
21 660
21 666
21 667
21 668
21 670
21 671
21 672
21 679
21 681
21 685
21 690
21 692
21 697
21 699
21 701
21 702
21 710
21 711
21 714
21 717
21 723
21 726
21 728
21 733
21 737
21 738
21 740
21 742
21 749
21 750
21 751
21 752
21 753
21 763
21 766
21 771
21 774
21 775
21 779
21 783
21 784
21 786
21 791
21 792
21 799
21 803
21 809
21 813
21 816
21 818
21 821
21 822
21 826
21 832
21 833
21 839
21 840
21 842
21 846
21 851
21 852
21 864
21 867
21 873
21 874
21 880
21 881
21 882
21 885
21 888
21 889
21 898
21 899
21 902
21 905
21 908
21 911
21 915
21 918
21 920
21 921
21 925
21 928
21 930
21 931
21 934
21 935
21 936
21 938
21 944
21 954
21 956
21 959
21 960
21 968
21 969
21 970
21 972
21 973
21 978
21 979
21 983
21 984
21 986
21 988
21 992
21 997
21 1000
22 507
22 508
22 511
22 513
22 517
22 519
22 523
22 524
22 529
22 538
22 545
22 546
22 549
22 550
22 551
22 556
22 557
22 560
22 561
22 562
22 563
22 566
22 569
22 571
22 579
22 580
22 592
22 597
22 599
22 600
22 605
22 607
22 608
22 613
22 615
22 616
22 620
22 621
22 627
22 628
22 631
22 638
22 639
22 641
22 643
22 645
22 646
22 653
22 654
22 657
22 658
22 662
22 666
22 673
22 685
22 693
22 698
22 708
22 711
22 712
22 713
22 715
22 716
22 719
22 720
22 723
22 730
22 733
22 735
22 736
22 738
22 739
22 744
22 745
22 746
22 752
22 754
22 755
22 758
22 759
22 763
22 767
22 778
22 785
22 790
22 792
22 795
22 797
22 800
22 801
22 802
22 805
22 807
22 811
22 813
22 817
22 818
22 825
22 826
22 835
22 837
22 838
22 843
22 847
22 849
22 851
22 861
22 865
22 866
22 867
22 869
22 871
22 872
22 873
22 875
22 876
22 879
22 881
22 885
22 887
22 894
22 895
22 896
22 901
22 912
22 915
22 918
22 921
22 922
22 924
22 928
22 933
22 935
22 936
22 939
22 947
22 954
22 960
22 961
22 967
22 968
22 971
22 989
22 992
22 994
22 998
22 1000
23 502
23 504
23 512
23 513
23 519
23 525
23 530
23 542
23 543
23 545
23 546
23 551
23 554
23 555
23 558
23 561
23 565
23 567
23 568
23 578
23 581
23 582
23 584
23 585
23 586
23 587
23 590
23 594
23 595
23 596
23 599
23 603
23 604
23 610
23 612
23 615
23 616
23 621
23 623
23 627
23 635
23 639
23 640
23 642
23 647
23 658
23 668
23 670
23 671
23 672
23 673
23 675
23 678
23 682
23 687
23 690
23 691
23 694
23 695
23 696
23 700
23 708
23 713
23 714
23 717
23 718
23 719
23 722
23 723
23 733
23 742
23 745
23 748
23 749
23 755
23 756
23 759
23 761
23 764
23 767
23 769
23 770
23 780
23 781
23 784
23 788
23 796
23 798
23 808
23 812
23 819
23 820
23 829
23 830
23 831
23 832
23 837
23 839
23 840
23 843
23 844
23 849
23 850
23 852
23 855
23 867
23 872
23 873
23 875
23 879
23 885
23 889
23 891
23 899
23 905
23 906
23 910
23 911
23 912
23 913
23 921
23 924
23 927
23 937
23 939
23 941
23 942
23 943
23 944
23 945
23 956
23 959
23 961
23 963
23 966
23 967
23 968
23 969
23 970
23 973
23 975
23 979
23 984
23 985
23 992
23 994
23 999
23 1000
24 502
24 504
24 511
24 513
24 516
24 525
24 527
24 528
24 529
24 534
24 536
24 537
24 541
24 543
24 545
24 546
24 551
24 553
24 554
24 556
24 557
24 560
24 567
24 568
24 570
24 579
24 580
24 582
24 583
24 588
24 590
24 591
24 593
24 594
24 598
24 599
24 602
24 610
24 621
24 623
24 626
24 628
24 629
24 631
24 634
24 637
24 647
24 672
24 673
24 675
24 676
24 677
24 680
24 681
24 682
24 685
24 692
24 695
24 696
24 697
24 712
24 713
24 715
24 727
24 731
24 732
24 738
24 742
24 744
24 747
24 752
24 754
24 756
24 759
24 763
24 764
24 767
24 769
24 772
24 778
24 779
24 783
24 786
24 787
24 789
24 791
24 792
24 802
24 805
24 810
24 820
24 823
24 834
24 837
24 839
24 840
24 843
24 845
24 846
24 848
24 853
24 856
24 860
24 862
24 869
24 870
24 872
24 873
24 876
24 877
24 879
24 880
24 883
24 884
24 892
24 895
24 899
24 903
24 906
24 909
24 910
24 912
24 913
24 915
24 916
24 923
24 928
24 930
24 934
24 935
24 936
24 939
24 944
24 951
24 956
24 961
24 965
24 966
24 974
24 981
24 982
24 988
24 997
25 502
25 503
25 504
25 507
25 509
25 510
25 511
25 519
25 524
25 525
25 531
25 534
25 535
25 539
25 561
25 565
25 570
25 581
25 584
25 585
25 589
25 590
25 592
25 593
25 597
25 598
25 600
25 601
25 611
25 612
25 614
25 618
25 619
25 622
25 623
25 624
25 630
25 631
25 636
25 640
25 641
25 645
25 647
25 653
25 659
25 663
25 664
25 667
25 669
25 670
25 672
25 676
25 678
25 682
25 689
25 695
25 696
25 698
25 700
25 703
25 707
25 714
25 719
25 720
25 722
25 724
25 728
25 729
25 735
25 737
25 739
25 741
25 744
25 745
25 747
25 749
25 752
25 753
25 757
25 758
25 759
25 760
25 770
25 774
25 775
25 776
25 781
25 785
25 789
25 790
25 794
25 803
25 808
25 812
25 817
25 821
25 835
25 837
25 838
25 842
25 843
25 850
25 851
25 853
25 857
25 858
25 868
25 869
25 870
25 871
25 872
25 873
25 875
25 878
25 885
25 888
25 892
25 893
25 895
25 897
25 899
25 903
25 908
25 911
25 913
25 917
25 919
25 920
25 923
25 925
25 928
25 929
25 930
25 931
25 936
25 937
25 938
25 940
25 941
25 943
25 946
25 948
25 952
25 956
25 959
25 961
25 966
25 969
25 971
25 974
25 978
25 982
25 986
25 988
25 994
25 999
26 503
26 514
26 518
26 520
26 521
26 523
26 525
26 527
26 530
26 531
26 533
26 539
26 540
26 541
26 546
26 550
26 552
26 557
26 558
26 560
26 563
26 564
26 568
26 572
26 573
26 578
26 582
26 583
26 585
26 591
26 595
26 597
26 600
26 601
26 602
26 608
26 609
26 620
26 621
26 627
26 628
26 631
26 632
26 636
26 637
26 639
26 644
26 647
26 649
26 650
26 656
26 658
26 659
26 660
26 664
26 668
26 671
26 681
26 684
26 685
26 688
26 690
26 692
26 693
26 702
26 704
26 706
26 714
26 716
26 718
26 720
26 721
26 729
26 734
26 744
26 745
26 750
26 757
26 759
26 760
26 762
26 765
26 773
26 775
26 779
26 781
26 785
26 787
26 790
26 793
26 803
26 808
26 810
26 812
26 823
26 824
26 828
26 829
26 831
26 834
26 837
26 838
26 839
26 844
26 847
26 848
26 849
26 851
26 852
26 856
26 857
26 859
26 860
26 867
26 868
26 869
26 873
26 883
26 886
26 890
26 893
26 894
26 897
26 905
26 909
26 913
26 915
26 926
26 927
26 930
26 931
26 932
26 937
26 940
26 941
26 942
26 945
26 947
26 951
26 952
26 959
26 962
26 963
26 967
26 985
26 992
27 501
27 505
27 506
27 508
27 523
27 524
27 525
27 529
27 532
27 535
27 540
27 541
27 545
27 546
27 548
27 553
27 559
27 560
27 561
27 562
27 563
27 565
27 566
27 574
27 576
27 577
27 580
27 585
27 587
27 591
27 595
27 605
27 609
27 611
27 612
27 617
27 622
27 632
27 636
27 639
27 641
27 645
27 648
27 651
27 655
27 662
27 666
27 670
27 671
27 673
27 674
27 676
27 677
27 679
27 680
27 682
27 686
27 691
27 693
27 694
27 698
27 701
27 703
27 711
27 718
27 721
27 722
27 723
27 724
27 725
27 728
27 733
27 734
27 735
27 736
27 738
27 739
27 745
27 754
27 755
27 761
27 766
27 767
27 769
27 772
27 773
27 776
27 778
27 781
27 782
27 784
27 786
27 788
27 789
27 792
27 795
27 798
27 801
27 802
27 808
27 809
27 812
27 814
27 819
27 822
27 824
27 825
27 830
27 835
27 837
27 845
27 849
27 855
27 856
27 858
27 860
27 862
27 865
27 868
27 872
27 882
27 884
27 894
27 896
27 898
27 903
27 905
27 909
27 913
27 915
27 920
27 921
27 931
27 933
27 938
27 940
27 945
27 946
27 951
27 955
27 965
27 969
27 970
27 974
27 975
27 977
27 978
27 981
27 982
27 983
27 989
27 994
27 995
27 999
27 1000
28 503
28 507
28 509
28 514
28 515
28 518
28 525
28 526
28 530
28 536
28 541
28 542
28 546
28 549
28 552
28 555
28 558
28 559
28 562
28 563
28 564
28 567
28 568
28 570
28 572
28 573
28 574
28 577
28 581
28 590
28 593
28 604
28 606
28 608
28 612
28 613
28 614
28 619
28 620
28 630
28 632
28 635
28 636
28 637
28 638
28 642
28 643
28 644
28 645
28 650
28 659
28 660
28 663
28 664
28 665
28 667
28 669
28 673
28 674
28 677
28 678
28 683
28 684
28 688
28 696
28 697
28 699
28 705
28 708
28 709
28 714
28 715
28 726
28 728
28 736
28 737
28 741
28 743
28 746
28 749
28 751
28 753
28 756
28 757
28 763
28 764
28 765
28 766
28 769
28 773
28 774
28 775
28 779
28 789
28 795
28 802
28 804
28 805
28 809
28 815
28 816
28 821
28 823
28 826
28 830
28 834
28 838
28 839
28 847
28 849
28 850
28 851
28 852
28 855
28 858
28 868
28 869
28 871
28 874
28 875
28 877
28 882
28 891
28 892
28 895
28 899
28 903
28 904
28 906
28 909
28 911
28 913
28 914
28 915
28 916
28 918
28 921
28 926
28 927
28 928
28 933
28 946
28 947
28 950
28 951
28 958
28 961
28 964
28 966
28 980
28 981
28 983
28 985
28 987
28 994
28 999
29 504
29 509
29 517
29 530
29 531
29 533
29 535
29 544
29 546
29 548
29 550
29 551
29 552
29 557
29 562
29 571
29 572
29 573
29 574
29 575
29 576
29 581
29 586
29 587
29 590
29 591
29 594
29 595
29 598
29 599
29 602
29 603
29 606
29 611
29 612
29 622
29 627
29 629
29 632
29 633
29 634
29 638
29 642
29 644
29 646
29 650
29 652
29 654
29 659
29 661
29 663
29 666
29 668
29 670
29 672
29 674
29 676
29 689
29 690
29 696
29 697
29 703
29 704
29 709
29 726
29 728
29 729
29 731
29 737
29 738
29 739
29 743
29 749
29 752
29 753
29 761
29 765
29 767
29 771
29 773
29 779
29 780
29 782
29 785
29 788
29 789
29 790
29 792
29 793
29 795
29 796
29 800
29 805
29 812
29 815
29 819
29 825
29 827
29 828
29 829
29 834
29 836
29 837
29 839
29 841
29 843
29 844
29 846
29 849
29 853
29 854
29 859
29 866
29 867
29 869
29 873
29 878
29 880
29 883
29 887
29 890
29 891
29 893
29 899
29 900
29 905
29 906
29 907
29 909
29 910
29 911
29 912
29 913
29 914
29 915
29 918
29 923
29 924
29 937
29 941
29 942
29 944
29 949
29 950
29 954
29 956
29 961
29 962
29 967
29 972
29 973
29 975
29 976
29 979
29 980
29 988
29 990
29 991
29 993
29 994
29 1000
30 506
30 509
30 511
30 513
30 524
30 525
30 532
30 538
30 542
30 549
30 551
30 558
30 559
30 566
30 567
30 570
30 583
30 584
30 588
30 594
30 597
30 598
30 602
30 607
30 609
30 612
30 614
30 615
30 617
30 620
30 621
30 629
30 635
30 638
30 641
30 642
30 647
30 648
30 651
30 653
30 655
30 659
30 665
30 669
30 670
30 675
30 676
30 681
30 684
30 685
30 687
30 691
30 695
30 696
30 700
30 709
30 711
30 712
30 716
30 721
30 724
30 729
30 733
30 734
30 735
30 739
30 745
30 746
30 747
30 749
30 750
30 756
30 763
30 766
30 771
30 772
30 780
30 783
30 784
30 786
30 787
30 789
30 790
30 792
30 794
30 796
30 800
30 803
30 805
30 811
30 816
30 822
30 823
30 825
30 827
30 846
30 848
30 849
30 851
30 852
30 853
30 855
30 860
30 862
30 865
30 870
30 875
30 876
30 877
30 883
30 885
30 886
30 887
30 890
30 894
30 895
30 903
30 908
30 910
30 911
30 912
30 915
30 920
30 921
30 923
30 930
30 933
30 949
30 954
30 960
30 961
30 963
30 970
30 971
30 974
30 983
30 984
30 988
30 996
30 1000
31 502
31 506
31 509
31 513
31 516
31 519
31 521
31 523
31 529
31 530
31 536
31 541
31 543
31 547
31 557
31 568
31 571
31 572
31 573
31 575
31 586
31 587
31 593
31 594
31 595
31 597
31 599
31 603
31 606
31 608
31 609
31 610
31 612
31 617
31 621
31 623
31 625
31 629
31 632
31 635
31 638
31 639
31 640
31 647
31 651
31 653
31 657
31 658
31 660
31 662
31 665
31 667
31 668
31 669
31 672
31 675
31 678
31 679
31 682
31 685
31 690
31 692
31 699
31 700
31 703
31 705
31 707
31 713
31 717
31 721
31 725
31 728
31 733
31 734
31 736
31 739
31 742
31 743
31 745
31 748
31 753
31 757
31 758
31 764
31 766
31 771
31 774
31 775
31 783
31 784
31 787
31 795
31 796
31 801
31 806
31 808
31 809
31 813
31 814
31 815
31 817
31 819
31 823
31 825
31 826
31 828
31 832
31 837
31 839
31 840
31 856
31 859
31 865
31 868
31 876
31 898
31 899
31 901
31 903
31 909
31 910
31 911
31 912
31 913
31 923
31 928
31 931
31 936
31 938
31 940
31 941
31 942
31 953
31 954
31 955
31 957
31 958
31 959
31 960
31 964
31 971
31 972
31 977
31 983
31 993
31 1000
32 501
32 502
32 505
32 517
32 519
32 521
32 529
32 533
32 537
32 538
32 543
32 544
32 545
32 548
32 549
32 551
32 552
32 553
32 554
32 558
32 560
32 562
32 569
32 572
32 576
32 581
32 583
32 591
32 593
32 594
32 595
32 600
32 601
32 603
32 605
32 607
32 609
32 613
32 615
32 618
32 619
32 620
32 621
32 622
32 628
32 631
32 632
32 635
32 637
32 641
32 643
32 644
32 646
32 652
32 653
32 654
32 656
32 657
32 661
32 664
32 666
32 669
32 670
32 681
32 683
32 687
32 692
32 697
32 708
32 712
32 714
32 718
32 719
32 728
32 730
32 731
32 732
32 733
32 734
32 735
32 739
32 746
32 752
32 753
32 764
32 766
32 767
32 770
32 776
32 777
32 778
32 780
32 785
32 787
32 793
32 795
32 798
32 799
32 800
32 803
32 806
32 807
32 811
32 812
32 813
32 815
32 816
32 819
32 822
32 830
32 838
32 839
32 845
32 846
32 847
32 852
32 860
32 862
32 869
32 871
32 873
32 879
32 880
32 886
32 888
32 891
32 898
32 902
32 903
32 907
32 909
32 918
32 920
32 921
32 935
32 938
32 939
32 941
32 945
32 946
32 949
32 950
32 951
32 961
32 963
32 965
32 972
32 973
32 975
32 977
32 980
32 982
32 987
32 990
32 995
32 997
32 999
33 502
33 505
33 508
33 509
33 514
33 515
33 521
33 524
33 525
33 529
33 530
33 531
33 532
33 538
33 539
33 540
33 541
33 542
33 546
33 555
33 562
33 570
33 571
33 575
33 580
33 587
33 596
33 597
33 598
33 602
33 610
33 615
33 618
33 624
33 627
33 629
33 642
33 645
33 647
33 650
33 652
33 654
33 662
33 665
33 668
33 672
33 677
33 685
33 691
33 695
33 696
33 701
33 708
33 710
33 713
33 716
33 717
33 730
33 731
33 735
33 736
33 741
33 743
33 749
33 750
33 751
33 752
33 754
33 761
33 762
33 763
33 768
33 772
33 775
33 778
33 779
33 781
33 785
33 786
33 791
33 793
33 798
33 799
33 802
33 803
33 807
33 809
33 812
33 813
33 815
33 821
33 824
33 832
33 836
33 837
33 841
33 842
33 843
33 844
33 845
33 850
33 855
33 864
33 869
33 870
33 878
33 883
33 886
33 888
33 891
33 901
33 902
33 904
33 910
33 913
33 918
33 922
33 926
33 929
33 931
33 936
33 937
33 939
33 943
33 947
33 949
33 950
33 951
33 954
33 958
33 962
33 965
33 967
33 968
33 981
33 990
33 998
34 501
34 502
34 503
34 506
34 507
34 509
34 513
34 518
34 520
34 524
34 530
34 533
34 536
34 543
34 544
34 546
34 551
34 554
34 555
34 556
34 561
34 563
34 568
34 574
34 575
34 580
34 582
34 586
34 588
34 589
34 593
34 595
34 596
34 598
34 611
34 612
34 615
34 616
34 619
34 620
34 625
34 631
34 632
34 633
34 635
34 637
34 650
34 654
34 660
34 661
34 665
34 668
34 674
34 677
34 681
34 684
34 685
34 688
34 694
34 698
34 701
34 702
34 708
34 713
34 714
34 717
34 718
34 719
34 720
34 722
34 723
34 726
34 734
34 736
34 738
34 744
34 749
34 750
34 752
34 754
34 758
34 761
34 762
34 766
34 768
34 769
34 774
34 779
34 780
34 782
34 786
34 790
34 793
34 794
34 796
34 803
34 806
34 807
34 811
34 816
34 818
34 820
34 826
34 828
34 830
34 832
34 834
34 849
34 858
34 861
34 869
34 872
34 873
34 875
34 876
34 879
34 882
34 885
34 890
34 891
34 892
34 893
34 894
34 895
34 897
34 898
34 901
34 902
34 907
34 910
34 914
34 915
34 916
34 920
34 925
34 932
34 934
34 939
34 941
34 942
34 945
34 946
34 947
34 948
34 958
34 959
34 970
34 972
34 973
34 976
34 981
34 983
34 984
34 986
34 987
34 988
35 501
35 506
35 511
35 515
35 518
35 520
35 521
35 522
35 527
35 528
35 529
35 530
35 533
35 537
35 538
35 539
35 541
35 543
35 545
35 549
35 550
35 553
35 554
35 555
35 563
35 566
35 567
35 577
35 578
35 581
35 583
35 584
35 588
35 592
35 594
35 596
35 604
35 610
35 612
35 614
35 616
35 621
35 627
35 629
35 635
35 636
35 637
35 639
35 642
35 647
35 649
35 655
35 657
35 661
35 662
35 668
35 672
35 674
35 677
35 678
35 679
35 684
35 685
35 686
35 687
35 688
35 690
35 691
35 693
35 694
35 696
35 700
35 706
35 716
35 718
35 727
35 736
35 743
35 749
35 751
35 752
35 753
35 754
35 760
35 767
35 771
35 779
35 782
35 783
35 788
35 793
35 794
35 796
35 807
35 809
35 810
35 812
35 814
35 815
35 816
35 817
35 818
35 819
35 822
35 825
35 827
35 841
35 843
35 845
35 851
35 852
35 857
35 861
35 864
35 866
35 867
35 878
35 879
35 882
35 887
35 897
35 905
35 909
35 914
35 919
35 925
35 927
35 931
35 934
35 935
35 940
35 941
35 942
35 943
35 945
35 960
35 961
35 963
35 969
35 974
35 976
35 977
35 981
35 986
35 987
35 989
35 990
35 991
35 995
35 997
35 998
35 1000
36 501
36 503
36 508
36 509
36 510
36 516
36 519
36 520
36 527
36 535
36 540
36 542
36 548
36 555
36 559
36 560
36 561
36 564
36 573
36 575
36 578
36 588
36 589
36 590
36 593
36 598
36 601
36 602
36 605
36 612
36 617
36 619
36 622
36 624
36 626
36 631
36 633
36 636
36 639
36 640
36 641
36 652
36 654
36 655
36 656
36 657
36 659
36 661
36 663
36 668
36 676
36 679
36 680
36 682
36 688
36 690
36 698
36 700
36 702
36 708
36 710
36 711
36 712
36 718
36 723
36 725
36 726
36 727
36 735
36 736
36 737
36 743
36 744
36 745
36 750
36 753
36 758
36 768
36 771
36 779
36 785
36 787
36 788
36 791
36 792
36 804
36 806
36 808
36 818
36 820
36 822
36 824
36 825
36 844
36 845
36 846
36 851
36 853
36 854
36 856
36 859
36 865
36 868
36 870
36 871
36 874
36 875
36 876
36 882
36 886
36 888
36 894
36 908
36 909
36 910
36 913
36 914
36 915
36 920
36 921
36 922
36 931
36 936
36 938
36 943
36 948
36 956
36 959
36 962
36 968
36 970
36 973
36 975
36 982
36 984
36 986
36 988
36 990
36 992
36 993
36 994
37 501
37 502
37 504
37 507
37 509
37 514
37 518
37 519
37 525
37 529
37 537
37 546
37 550
37 552
37 555
37 559
37 562
37 565
37 577
37 578
37 579
37 584
37 585
37 597
37 599
37 601
37 603
37 604
37 605
37 611
37 612
37 618
37 619
37 620
37 623
37 628
37 630
37 633
37 634
37 645
37 646
37 647
37 653
37 654
37 657
37 658
37 662
37 663
37 670
37 671
37 684
37 708
37 709
37 710
37 713
37 718
37 722
37 724
37 728
37 734
37 736
37 737
37 738
37 744
37 747
37 748
37 753
37 758
37 762
37 763
37 765
37 766
37 768
37 770
37 772
37 774
37 775
37 777
37 778
37 780
37 785
37 786
37 788
37 792
37 795
37 798
37 806
37 816
37 823
37 825
37 837
37 839
37 841
37 844
37 845
37 846
37 847
37 848
37 849
37 851
37 852
37 853
37 855
37 859
37 860
37 861
37 862
37 864
37 867
37 868
37 871
37 877
37 880
37 884
37 891
37 892
37 893
37 898
37 902
37 904
37 909
37 911
37 914
37 919
37 928
37 929
37 931
37 938
37 942
37 945
37 951
37 954
37 955
37 958
37 959
37 961
37 963
37 966
37 967
37 971
37 972
37 980
37 984
37 996
38 501
38 507
38 508
38 509
38 510
38 512
38 513
38 525
38 528
38 529
38 543
38 544
38 556
38 559
38 560
38 564
38 566
38 567
38 569
38 574
38 583
38 591
38 595
38 606
38 609
38 614
38 615
38 617
38 620
38 622
38 623
38 626
38 629
38 635
38 641
38 645
38 646
38 648
38 650
38 652
38 661
38 662
38 667
38 669
38 673
38 674
38 679
38 683
38 684
38 687
38 691
38 693
38 695
38 697
38 699
38 702
38 704
38 705
38 706
38 707
38 708
38 709
38 712
38 715
38 716
38 718
38 723
38 724
38 726
38 732
38 733
38 734
38 746
38 747
38 749
38 750
38 753
38 756
38 757
38 759
38 760
38 765
38 767
38 768
38 771
38 774
38 780
38 783
38 785
38 788
38 789
38 791
38 793
38 799
38 812
38 814
38 823
38 824
38 825
38 826
38 844
38 845
38 847
38 848
38 853
38 854
38 855
38 856
38 857
38 866
38 872
38 885
38 886
38 888
38 893
38 897
38 900
38 901
38 903
38 908
38 916
38 917
38 927
38 928
38 933
38 942
38 944
38 952
38 953
38 955
38 965
38 967
38 970
38 971
38 983
38 986
38 989
38 990
38 993
38 995
38 996
39 501
39 510
39 511
39 513
39 517
39 522
39 524
39 531
39 533
39 534
39 536
39 537
39 538
39 539
39 542
39 549
39 550
39 551
39 553
39 558
39 559
39 561
39 564
39 566
39 568
39 582
39 590
39 593
39 597
39 598
39 602
39 604
39 606
39 607
39 612
39 615
39 622
39 625
39 633
39 639
39 645
39 646
39 647
39 648
39 654
39 658
39 660
39 661
39 663
39 664
39 667
39 671
39 675
39 680
39 685
39 686
39 687
39 689
39 693
39 694
39 697
39 701
39 704
39 710
39 711
39 712
39 714
39 725
39 726
39 727
39 732
39 734
39 735
39 736
39 739
39 741
39 742
39 751
39 752
39 756
39 757
39 759
39 760
39 764
39 765
39 770
39 771
39 775
39 777
39 780
39 781
39 784
39 786
39 791
39 792
39 794
39 797
39 802
39 804
39 805
39 807
39 808
39 809
39 810
39 811
39 813
39 819
39 820
39 825
39 827
39 840
39 842
39 843
39 849
39 850
39 854
39 855
39 857
39 871
39 874
39 877
39 879
39 880
39 886
39 887
39 889
39 891
39 893
39 897
39 899
39 906
39 910
39 911
39 913
39 916
39 917
39 927
39 930
39 938
39 939
39 941
39 945
39 946
39 950
39 953
39 956
39 964
39 968
39 969
39 973
39 977
39 984
39 986
39 991
39 993
39 995
39 999
40 508
40 513
40 514
40 519
40 524
40 525
40 526
40 527
40 528
40 529
40 531
40 539
40 540
40 544
40 546
40 547
40 550
40 552
40 559
40 562
40 566
40 567
40 570
40 578
40 580
40 582
40 583
40 584
40 595
40 606
40 610
40 614
40 617
40 619
40 620
40 623
40 625
40 627
40 628
40 631
40 632
40 633
40 635
40 638
40 642
40 647
40 648
40 658
40 664
40 666
40 668
40 670
40 674
40 675
40 677
40 678
40 679
40 680
40 682
40 685
40 688
40 693
40 694
40 696
40 701
40 702
40 704
40 707
40 708
40 712
40 713
40 719
40 723
40 724
40 725
40 727
40 732
40 733
40 735
40 737
40 744
40 750
40 754
40 759
40 772
40 781
40 788
40 789
40 791
40 792
40 795
40 798
40 812
40 816
40 820
40 823
40 826
40 831
40 833
40 834
40 843
40 847
40 857
40 860
40 865
40 867
40 869
40 883
40 890
40 893
40 896
40 901
40 912
40 914
40 922
40 925
40 928
40 930
40 932
40 935
40 941
40 945
40 947
40 951
40 954
40 955
40 956
40 959
40 964
40 967
40 968
40 969
40 973
40 974
40 977
40 982
40 985
40 989
40 991
40 992
40 993
40 998
41 507
41 509
41 512
41 516
41 517
41 518
41 520
41 525
41 530
41 531
41 541
41 548
41 550
41 559
41 563
41 565
41 566
41 567
41 581
41 582
41 584
41 586
41 590
41 594
41 595
41 599
41 600
41 601
41 605
41 609
41 619
41 623
41 625
41 626
41 636
41 638
41 639
41 641
41 643
41 648
41 649
41 653
41 661
41 662
41 665
41 672
41 681
41 686
41 696
41 698
41 700
41 707
41 709
41 715
41 718
41 720
41 722
41 727
41 728
41 734
41 735
41 742
41 743
41 745
41 748
41 750
41 752
41 754
41 755
41 762
41 764
41 766
41 767
41 770
41 773
41 778
41 782
41 784
41 792
41 795
41 796
41 799
41 811
41 812
41 819
41 820
41 826
41 829
41 831
41 833
41 834
41 840
41 848
41 850
41 855
41 858
41 859
41 864
41 869
41 873
41 876
41 880
41 889
41 892
41 893
41 901
41 903
41 905
41 906
41 912
41 920
41 922
41 925
41 930
41 931
41 935
41 941
41 945
41 948
41 953
41 957
41 958
41 959
41 962
41 968
41 970
41 974
41 975
41 977
41 978
41 980
41 981
41 982
41 983
41 994
41 995
41 999
42 501
42 504
42 507
42 512
42 513
42 517
42 519
42 526
42 527
42 529
42 531
42 537
42 541
42 543
42 546
42 548
42 549
42 552
42 555
42 556
42 558
42 560
42 564
42 565
42 567
42 571
42 574
42 576
42 578
42 580
42 583
42 586
42 587
42 589
42 591
42 597
42 600
42 601
42 612
42 614
42 617
42 618
42 622
42 623
42 625
42 626
42 627
42 628
42 636
42 640
42 643
42 646
42 648
42 649
42 651
42 655
42 659
42 662
42 666
42 667
42 670
42 676
42 678
42 680
42 683
42 684
42 685
42 691
42 694
42 702
42 705
42 706
42 707
42 716
42 718
42 720
42 724
42 726
42 727
42 728
42 733
42 734
42 738
42 739
42 746
42 753
42 759
42 760
42 767
42 768
42 773
42 775
42 779
42 786
42 787
42 790
42 791
42 792
42 800
42 802
42 805
42 812
42 815
42 816
42 818
42 828
42 831
42 833
42 837
42 847
42 851
42 855
42 856
42 858
42 868
42 870
42 872
42 875
42 880
42 882
42 883
42 884
42 887
42 889
42 896
42 897
42 898
42 901
42 907
42 911
42 913
42 914
42 916
42 919
42 922
42 923
42 924
42 930
42 931
42 935
42 936
42 937
42 939
42 940
42 941
42 950
42 951
42 957
42 959
42 960
42 963
42 964
42 967
42 969
42 970
42 973
42 975
42 982
42 985
42 989
42 990
42 992
42 998
42 1000
43 502
43 503
43 509
43 510
43 512
43 513
43 516
43 519
43 520
43 526
43 527
43 528
43 531
43 537
43 543
43 545
43 548
43 549
43 552
43 553
43 555
43 563
43 566
43 569
43 570
43 574
43 575
43 576
43 583
43 584
43 585
43 589
43 590
43 600
43 609
43 613
43 616
43 617
43 620
43 623
43 627
43 629
43 634
43 635
43 639
43 642
43 644
43 649
43 651
43 656
43 658
43 660
43 662
43 667
43 674
43 679
43 680
43 683
43 686
43 688
43 694
43 703
43 710
43 712
43 713
43 714
43 715
43 718
43 722
43 729
43 730
43 732
43 735
43 744
43 745
43 746
43 747
43 752
43 756
43 758
43 761
43 765
43 767
43 770
43 772
43 776
43 778
43 782
43 784
43 786
43 787
43 790
43 793
43 795
43 800
43 804
43 811
43 813
43 814
43 821
43 828
43 829
43 831
43 832
43 833
43 835
43 838
43 847
43 852
43 856
43 858
43 865
43 868
43 870
43 872
43 875
43 877
43 878
43 881
43 882
43 884
43 885
43 890
43 891
43 892
43 893
43 895
43 902
43 907
43 914
43 916
43 918
43 919
43 922
43 923
43 929
43 932
43 936
43 939
43 944
43 946
43 949
43 950
43 953
43 955
43 957
43 962
43 963
43 964
43 968
43 972
43 973
43 976
43 984
43 985
43 989
44 506
44 508
44 511
44 513
44 516
44 517
44 519
44 520
44 522
44 525
44 531
44 532
44 542
44 544
44 547
44 548
44 549
44 551
44 558
44 560
44 562
44 565
44 567
44 569
44 573
44 582
44 588
44 590
44 595
44 600
44 604
44 613
44 615
44 617
44 618
44 620
44 622
44 625
44 629
44 630
44 632
44 638
44 641
44 644
44 645
44 651
44 652
44 656
44 658
44 663
44 669
44 670
44 672
44 677
44 683
44 685
44 686
44 687
44 689
44 691
44 692
44 696
44 699
44 702
44 706
44 709
44 711
44 713
44 714
44 718
44 721
44 726
44 727
44 731
44 732
44 733
44 736
44 738
44 739
44 740
44 741
44 743
44 744
44 747
44 748
44 749
44 750
44 751
44 754
44 756
44 760
44 762
44 764
44 766
44 772
44 774
44 776
44 778
44 779
44 784
44 786
44 790
44 792
44 793
44 794
44 798
44 800
44 805
44 809
44 810
44 812
44 816
44 817
44 820
44 821
44 823
44 827
44 834
44 835
44 841
44 850
44 855
44 864
44 865
44 883
44 885
44 888
44 889
44 894
44 896
44 897
44 899
44 911
44 913
44 914
44 916
44 918
44 921
44 922
44 926
44 927
44 928
44 929
44 935
44 936
44 939
44 944
44 947
44 953
44 954
44 956
44 959
44 960
44 963
44 964
44 968
44 969
44 972
44 979
44 985
44 989
44 994
44 996
44 998
44 1000
45 501
45 503
45 504
45 507
45 508
45 510
45 511
45 512
45 514
45 527
45 529
45 541
45 547
45 548
45 554
45 555
45 558
45 560
45 561
45 564
45 566
45 572
45 574
45 578
45 581
45 582
45 584
45 591
45 592
45 595
45 601
45 603
45 604
45 605
45 611
45 613
45 614
45 616
45 617
45 620
45 622
45 629
45 630
45 631
45 632
45 633
45 634
45 635
45 638
45 639
45 642
45 644
45 647
45 649
45 651
45 654
45 655
45 656
45 658
45 661
45 662
45 668
45 682
45 691
45 692
45 695
45 696
45 697
45 709
45 711
45 716
45 722
45 730
45 734
45 735
45 736
45 738
45 740
45 746
45 754
45 764
45 767
45 769
45 770
45 774
45 775
45 777
45 783
45 785
45 787
45 790
45 803
45 805
45 806
45 811
45 825
45 828
45 830
45 831
45 839
45 846
45 855
45 860
45 865
45 869
45 872
45 876
45 884
45 886
45 887
45 888
45 889
45 890
45 896
45 897
45 900
45 905
45 914
45 923
45 929
45 931
45 932
45 937
45 938
45 941
45 946
45 949
45 950
45 954
45 955
45 958
45 959
45 963
45 967
45 971
45 972
45 975
45 977
45 980
45 981
45 984
45 986
45 988
45 992
45 993
45 996
46 501
46 503
46 509
46 517
46 525
46 527
46 529
46 549
46 551
46 556
46 558
46 561
46 562
46 563
46 565
46 566
46 573
46 574
46 575
46 579
46 582
46 584
46 585
46 588
46 589
46 595
46 597
46 603
46 616
46 619
46 620
46 624
46 625
46 626
46 629
46 631
46 637
46 642
46 644
46 654
46 660
46 668
46 673
46 674
46 677
46 683
46 684
46 688
46 693
46 697
46 698
46 701
46 702
46 705
46 707
46 710
46 711
46 718
46 719
46 722
46 732
46 737
46 738
46 740
46 741
46 744
46 745
46 754
46 758
46 759
46 762
46 763
46 764
46 765
46 777
46 782
46 784
46 786
46 787
46 788
46 791
46 792
46 795
46 797
46 805
46 810
46 813
46 815
46 817
46 826
46 828
46 831
46 836
46 840
46 846
46 847
46 849
46 853
46 855
46 862
46 865
46 868
46 869
46 871
46 875
46 876
46 887
46 889
46 894
46 903
46 905
46 906
46 912
46 915
46 917
46 918
46 924
46 930
46 933
46 935
46 936
46 939
46 941
46 943
46 944
46 949
46 952
46 953
46 955
46 958
46 961
46 967
46 968
46 975
46 977
46 978
46 980
46 987
46 989
46 992
46 993
46 996
47 503
47 505
47 506
47 509
47 511
47 513
47 517
47 520
47 522
47 524
47 531
47 537
47 538
47 540
47 546
47 548
47 551
47 552
47 556
47 559
47 562
47 563
47 564
47 573
47 585
47 586
47 591
47 592
47 596
47 601
47 604
47 606
47 607
47 609
47 610
47 611
47 616
47 620
47 623
47 624
47 627
47 629
47 633
47 637
47 640
47 644
47 653
47 654
47 655
47 658
47 660
47 664
47 666
47 675
47 677
47 682
47 692
47 693
47 695
47 697
47 699
47 700
47 708
47 712
47 716
47 717
47 721
47 724
47 728
47 731
47 737
47 740
47 744
47 753
47 754
47 755
47 760
47 768
47 770
47 775
47 784
47 795
47 800
47 805
47 809
47 815
47 818
47 819
47 825
47 829
47 830
47 832
47 834
47 843
47 846
47 847
47 848
47 849
47 851
47 862
47 866
47 868
47 872
47 876
47 878
47 885
47 886
47 888
47 891
47 899
47 900
47 901
47 905
47 914
47 917
47 924
47 926
47 927
47 929
47 930
47 932
47 933
47 935
47 938
47 944
47 945
47 946
47 947
47 951
47 952
47 953
47 957
47 962
47 966
47 967
47 971
47 974
47 976
47 979
47 982
47 983
47 986
47 989
47 990
47 996
47 997
47 1000
48 501
48 505
48 513
48 514
48 517
48 519
48 528
48 531
48 535
48 536
48 537
48 543
48 548
48 551
48 552
48 553
48 560
48 561
48 562
48 565
48 567
48 572
48 574
48 581
48 590
48 591
48 592
48 593
48 594
48 596
48 606
48 608
48 617
48 618
48 622
48 624
48 628
48 630
48 634
48 635
48 640
48 646
48 651
48 652
48 654
48 656
48 658
48 660
48 661
48 663
48 665
48 667
48 676
48 679
48 684
48 696
48 697
48 701
48 703
48 704
48 707
48 709
48 715
48 717
48 723
48 732
48 734
48 744
48 746
48 748
48 750
48 751
48 752
48 754
48 757
48 762
48 763
48 765
48 766
48 767
48 772
48 775
48 780
48 781
48 783
48 788
48 791
48 792
48 794
48 795
48 798
48 802
48 805
48 808
48 811
48 812
48 828
48 833
48 836
48 838
48 840
48 844
48 845
48 850
48 853
48 854
48 863
48 864
48 880
48 885
48 886
48 889
48 893
48 894
48 896
48 898
48 900
48 902
48 906
48 907
48 908
48 909
48 913
48 924
48 930
48 931
48 933
48 934
48 943
48 946
48 947
48 949
48 950
48 951
48 955
48 957
48 960
48 961
48 962
48 963
48 965
48 966
48 970
48 971
48 975
48 976
48 986
48 988
48 989
48 994
48 998
48 1000
49 501
49 506
49 509
49 521
49 522
49 523
49 528
49 530
49 535
49 537
49 542
49 546
49 547
49 553
49 556
49 557
49 560
49 561
49 566
49 572
49 576
49 577
49 579
49 581
49 593
49 599
49 602
49 605
49 607
49 610
49 612
49 615
49 618
49 619
49 620
49 622
49 626
49 627
49 631
49 638
49 640
49 642
49 644
49 647
49 648
49 652
49 657
49 658
49 662
49 663
49 665
49 672
49 676
49 681
49 683
49 685
49 687
49 688
49 693
49 699
49 701
49 705
49 710
49 714
49 715
49 721
49 723
49 731
49 739
49 741
49 747
49 752
49 753
49 757
49 759
49 763
49 764
49 772
49 774
49 775
49 779
49 785
49 786
49 789
49 791
49 793
49 794
49 796
49 801
49 802
49 805
49 806
49 807
49 809
49 813
49 815
49 821
49 835
49 837
49 839
49 843
49 844
49 850
49 852
49 854
49 860
49 867
49 872
49 882
49 884
49 886
49 887
49 888
49 894
49 895
49 896
49 906
49 908
49 911
49 916
49 919
49 922
49 923
49 924
49 926
49 927
49 938
49 939
49 945
49 946
49 948
49 950
49 953
49 958
49 960
49 970
49 971
49 974
49 975
49 980
49 984
49 988
49 989
49 990
49 997
50 502
50 503
50 506
50 507
50 510
50 512
50 516
50 519
50 520
50 525
50 527
50 530
50 533
50 536
50 539
50 540
50 541
50 547
50 552
50 556
50 561
50 562
50 565
50 576
50 577
50 582
50 583
50 587
50 588
50 598
50 604
50 613
50 621
50 623
50 626
50 629
50 630
50 633
50 636
50 642
50 658
50 661
50 663
50 668
50 669
50 670
50 671
50 674
50 676
50 681
50 684
50 685
50 692
50 695
50 696
50 698
50 699
50 708
50 711
50 716
50 717
50 718
50 720
50 727
50 728
50 729
50 730
50 731
50 732
50 736
50 743
50 744
50 751
50 756
50 760
50 761
50 764
50 765
50 768
50 777
50 780
50 790
50 792
50 807
50 810
50 816
50 818
50 829
50 833
50 838
50 846
50 855
50 860
50 861
50 864
50 866
50 871
50 877
50 880
50 884
50 890
50 903
50 904
50 910
50 911
50 916
50 919
50 920
50 927
50 929
50 933
50 941
50 950
50 958
50 961
50 964
50 970
50 973
50 974
50 979
50 980
50 981
50 984
50 986
50 989
50 997
50 999
50 1000
51 504
51 505
51 516
51 517
51 524
51 526
51 529
51 534
51 539
51 540
51 542
51 543
51 544
51 551
51 552
51 553
51 557
51 561
51 566
51 568
51 569
51 570
51 571
51 572
51 573
51 574
51 576
51 577
51 579
51 583
51 585
51 591
51 592
51 593
51 594
51 596
51 597
51 598
51 600
51 609
51 614
51 624
51 626
51 631
51 634
51 635
51 636
51 640
51 641
51 645
51 652
51 653
51 654
51 655
51 656
51 663
51 667
51 669
51 676
51 682
51 685
51 691
51 696
51 706
51 707
51 711
51 713
51 714
51 715
51 726
51 730
51 732
51 742
51 752
51 754
51 755
51 756
51 757
51 758
51 760
51 762
51 765
51 767
51 770
51 772
51 773
51 774
51 775
51 779
51 780
51 782
51 784
51 787
51 788
51 791
51 796
51 800
51 801
51 802
51 803
51 806
51 809
51 812
51 813
51 816
51 827
51 828
51 833
51 835
51 841
51 848
51 850
51 859
51 864
51 866
51 868
51 876
51 878
51 879
51 881
51 883
51 887
51 890
51 892
51 897
51 898
51 902
51 903
51 913
51 914
51 916
51 918
51 930
51 932
51 937
51 938
51 939
51 950
51 952
51 954
51 955
51 956
51 962
51 963
51 965
51 967
51 968
51 971
51 980
51 983
51 985
51 986
51 989
51 993
51 995
51 997
51 998
52 503
52 504
52 507
52 515
52 518
52 519
52 523
52 525
52 528
52 529
52 530
52 531
52 540
52 541
52 542
52 546
52 548
52 550
52 554
52 556
52 564
52 569
52 570
52 573
52 574
52 581
52 583
52 584
52 592
52 594
52 595
52 596
52 601
52 603
52 606
52 612
52 613
52 614
52 617
52 618
52 619
52 623
52 625
52 629
52 630
52 633
52 637
52 641
52 655
52 659
52 669
52 670
52 675
52 677
52 678
52 682
52 683
52 689
52 693
52 696
52 697
52 698
52 700
52 706
52 707
52 709
52 710
52 711
52 719
52 720
52 728
52 730
52 731
52 732
52 734
52 735
52 741
52 745
52 746
52 753
52 758
52 764
52 779
52 780
52 782
52 784
52 788
52 790
52 792
52 793
52 794
52 797
52 798
52 802
52 806
52 808
52 812
52 815
52 826
52 828
52 831
52 835
52 836
52 848
52 849
52 855
52 862
52 864
52 866
52 876
52 879
52 880
52 881
52 882
52 884
52 894
52 902
52 909
52 916
52 918
52 920
52 923
52 924
52 925
52 929
52 931
52 932
52 937
52 941
52 943
52 944
52 945
52 948
52 951
52 956
52 961
52 962
52 963
52 970
52 972
52 973
52 977
52 983
52 998
52 999
52 1000
53 502
53 503
53 507
53 512
53 513
53 514
53 517
53 523
53 541
53 545
53 554
53 556
53 560
53 561
53 568
53 578
53 579
53 580
53 585
53 587
53 594
53 596
53 597
53 603
53 605
53 612
53 613
53 618
53 620
53 622
53 627
53 631
53 636
53 637
53 639
53 640
53 641
53 654
53 659
53 667
53 671
53 672
53 674
53 676
53 678
53 683
53 684
53 687
53 690
53 692
53 696
53 700
53 705
53 709
53 711
53 713
53 717
53 721
53 722
53 723
53 732
53 736
53 739
53 740
53 745
53 746
53 748
53 749
53 750
53 770
53 772
53 773
53 783
53 784
53 795
53 807
53 814
53 816
53 821
53 823
53 824
53 829
53 831
53 836
53 840
53 841
53 844
53 847
53 853
53 855
53 861
53 863
53 868
53 871
53 873
53 875
53 876
53 877
53 884
53 885
53 888
53 893
53 895
53 898
53 903
53 904
53 907
53 908
53 909
53 912
53 920
53 930
53 931
53 933
53 934
53 935
53 936
53 941
53 943
53 947
53 948
53 949
53 952
53 953
53 957
53 963
53 969
53 973
53 976
53 979
53 982
53 987
53 990
53 994
53 996
53 998
54 501
54 503
54 510
54 511
54 513
54 518
54 519
54 523
54 524
54 528
54 529
54 533
54 535
54 538
54 539
54 544
54 545
54 547
54 549
54 550
54 552
54 553
54 558
54 559
54 560
54 566
54 567
54 569
54 570
54 575
54 579
54 582
54 584
54 587
54 594
54 595
54 599
54 612
54 613
54 622
54 623
54 631
54 635
54 641
54 642
54 643
54 647
54 651
54 652
54 656
54 657
54 660
54 661
54 668
54 670
54 671
54 672
54 677
54 678
54 683
54 686
54 689
54 690
54 692
54 694
54 695
54 697
54 698
54 700
54 705
54 706
54 713
54 716
54 718
54 722
54 723
54 725
54 726
54 737
54 740
54 741
54 750
54 757
54 759
54 763
54 764
54 767
54 771
54 774
54 777
54 778
54 779
54 781
54 789
54 791
54 799
54 800
54 801
54 806
54 810
54 811
54 815
54 818
54 819
54 820
54 822
54 823
54 826
54 831
54 832
54 833
54 838
54 841
54 848
54 858
54 859
54 860
54 867
54 869
54 870
54 874
54 876
54 877
54 879
54 883
54 886
54 887
54 893
54 898
54 903
54 907
54 910
54 912
54 915
54 921
54 931
54 936
54 938
54 946
54 948
54 949
54 952
54 957
54 967
54 968
54 969
54 980
54 981
54 984
54 987
54 988
54 995
54 997
54 1000
55 501
55 503
55 505
55 506
55 509
55 515
55 523
55 524
55 526
55 535
55 536
55 542
55 543
55 546
55 549
55 554
55 555
55 557
55 562
55 569
55 570
55 573
55 574
55 577
55 578
55 581
55 586
55 590
55 600
55 604
55 606
55 607
55 610
55 611
55 616
55 618
55 620
55 623
55 625
55 628
55 629
55 631
55 632
55 644
55 649
55 650
55 656
55 660
55 662
55 663
55 665
55 667
55 671
55 672
55 675
55 682
55 683
55 684
55 685
55 687
55 690
55 692
55 693
55 694
55 696
55 697
55 699
55 700
55 712
55 716
55 720
55 721
55 722
55 723
55 725
55 726
55 731
55 736
55 737
55 741
55 746
55 748
55 751
55 752
55 753
55 754
55 755
55 756
55 758
55 760
55 761
55 765
55 766
55 775
55 777
55 778
55 782
55 784
55 785
55 786
55 788
55 789
55 790
55 792
55 793
55 799
55 801
55 802
55 806
55 809
55 814
55 815
55 819
55 821
55 829
55 832
55 837
55 841
55 842
55 844
55 845
55 848
55 852
55 853
55 857
55 858
55 865
55 866
55 867
55 870
55 875
55 878
55 883
55 884
55 889
55 890
55 893
55 899
55 907
55 911
55 915
55 916
55 917
55 919
55 920
55 923
55 924
55 936
55 940
55 946
55 947
55 949
55 957
55 962
55 965
55 967
55 970
55 975
55 976
55 978
55 982
55 983
55 987
55 992
55 993
55 994
55 995
55 999
56 501
56 503
56 504
56 505
56 508
56 511
56 516
56 524
56 525
56 533
56 534
56 539
56 547
56 555
56 556
56 562
56 564
56 566
56 569
56 575
56 577
56 578
56 579
56 588
56 589
56 591
56 592
56 595
56 600
56 605
56 617
56 620
56 623
56 631
56 632
56 635
56 636
56 640
56 642
56 643
56 646
56 647
56 648
56 655
56 657
56 658
56 659
56 661
56 662
56 664
56 669
56 673
56 675
56 677
56 678
56 680
56 683
56 686
56 687
56 690
56 698
56 701
56 704
56 706
56 709
56 710
56 716
56 718
56 719
56 721
56 729
56 730
56 733
56 737
56 740
56 748
56 749
56 753
56 761
56 765
56 771
56 772
56 774
56 775
56 777
56 783
56 785
56 795
56 802
56 804
56 810
56 817
56 820
56 821
56 822
56 825
56 826
56 828
56 831
56 833
56 844
56 855
56 857
56 862
56 866
56 869
56 871
56 873
56 874
56 875
56 877
56 881
56 883
56 884
56 886
56 893
56 898
56 901
56 903
56 907
56 908
56 911
56 912
56 916
56 920
56 922
56 924
56 934
56 935
56 939
56 941
56 942
56 943
56 948
56 949
56 953
56 957
56 964
56 965
56 972
56 992
56 993
56 994
56 995
56 996
57 505
57 509
57 511
57 513
57 516
57 518
57 519
57 525
57 527
57 533
57 534
57 537
57 540
57 543
57 545
57 548
57 553
57 555
57 561
57 568
57 570
57 575
57 577
57 581
57 586
57 593
57 595
57 603
57 605
57 608
57 616
57 623
57 624
57 627
57 629
57 630
57 631
57 634
57 639
57 644
57 645
57 651
57 655
57 656
57 658
57 660
57 667
57 668
57 675
57 679
57 681
57 688
57 691
57 692
57 702
57 711
57 714
57 728
57 730
57 733
57 734
57 736
57 739
57 744
57 748
57 751
57 757
57 758
57 762
57 764
57 769
57 771
57 772
57 775
57 776
57 777
57 779
57 783
57 793
57 796
57 798
57 803
57 804
57 805
57 811
57 820
57 827
57 831
57 837
57 844
57 847
57 848
57 849
57 850
57 852
57 858
57 861
57 864
57 866
57 872
57 874
57 875
57 881
57 884
57 890
57 892
57 894
57 897
57 899
57 904
57 906
57 910
57 913
57 914
57 917
57 925
57 930
57 934
57 936
57 937
57 940
57 941
57 942
57 948
57 949
57 953
57 957
57 962
57 965
57 967
57 968
57 979
57 988
57 991
57 995
58 508
58 509
58 512
58 515
58 523
58 527
58 537
58 538
58 542
58 546
58 555
58 565
58 569
58 570
58 575
58 576
58 577
58 579
58 584
58 588
58 590
58 591
58 593
58 595
58 600
58 602
58 604
58 605
58 611
58 613
58 629
58 633
58 640
58 648
58 651
58 659
58 661
58 662
58 663
58 665
58 667
58 673
58 676
58 684
58 685
58 686
58 695
58 699
58 703
58 706
58 712
58 716
58 717
58 721
58 734
58 743
58 768
58 770
58 771
58 777
58 778
58 779
58 784
58 785
58 792
58 795
58 805
58 811
58 814
58 815
58 817
58 826
58 827
58 829
58 830
58 831
58 833
58 842
58 843
58 844
58 853
58 857
58 860
58 864
58 872
58 883
58 884
58 885
58 887
58 890
58 892
58 897
58 898
58 899
58 900
58 903
58 904
58 908
58 909
58 910
58 914
58 915
58 922
58 923
58 924
58 931
58 932
58 936
58 939
58 940
58 941
58 947
58 957
58 958
58 962
58 963
58 967
58 968
58 969
58 971
58 974
58 977
58 980
58 982
58 988
58 989
58 991
58 997
58 998
59 501
59 506
59 510
59 511
59 512
59 513
59 514
59 516
59 520
59 522
59 526
59 528
59 540
59 541
59 550
59 551
59 552
59 554
59 556
59 558
59 560
59 561
59 565
59 569
59 570
59 573
59 585
59 587
59 588
59 590
59 593
59 594
59 595
59 598
59 605
59 607
59 610
59 612
59 617
59 620
59 627
59 631
59 633
59 634
59 641
59 643
59 649
59 655
59 658
59 659
59 670
59 671
59 674
59 682
59 688
59 690
59 692
59 694
59 707
59 710
59 711
59 713
59 714
59 717
59 718
59 722
59 725
59 727
59 729
59 733
59 738
59 739
59 741
59 742
59 751
59 754
59 758
59 760
59 764
59 765
59 768
59 773
59 777
59 778
59 780
59 783
59 786
59 790
59 792
59 797
59 799
59 802
59 815
59 818
59 823
59 829
59 830
59 832
59 833
59 834
59 839
59 841
59 844
59 847
59 850
59 851
59 855
59 856
59 858
59 862
59 863
59 868
59 874
59 876
59 877
59 878
59 881
59 882
59 883
59 886
59 895
59 896
59 900
59 902
59 909
59 910
59 911
59 912
59 914
59 918
59 919
59 920
59 921
59 922
59 932
59 939
59 940
59 943
59 946
59 952
59 957
59 958
59 981
59 984
59 986
59 988
59 990
59 996
60 513
60 518
60 523
60 524
60 529
60 530
60 538
60 539
60 549
60 551
60 558
60 559
60 565
60 568
60 569
60 572
60 574
60 575
60 577
60 580
60 583
60 586
60 587
60 591
60 592
60 595
60 618
60 626
60 630
60 631
60 636
60 639
60 643
60 651
60 655
60 658
60 659
60 660
60 663
60 665
60 666
60 667
60 672
60 674
60 675
60 679
60 681
60 684
60 687
60 692
60 700
60 702
60 704
60 707
60 709
60 711
60 712
60 714
60 722
60 723
60 724
60 728
60 732
60 735
60 738
60 742
60 752
60 754
60 758
60 766
60 769
60 771
60 772
60 777
60 781
60 783
60 786
60 795
60 796
60 798
60 801
60 802
60 803
60 806
60 812
60 816
60 817
60 818
60 819
60 826
60 829
60 836
60 837
60 839
60 840
60 843
60 847
60 848
60 854
60 855
60 858
60 860
60 865
60 866
60 869
60 874
60 876
60 877
60 879
60 880
60 888
60 890
60 896
60 901
60 908
60 909
60 911
60 912
60 915
60 920
60 921
60 928
60 933
60 936
60 941
60 946
60 952
60 961
60 970
60 973
60 974
60 975
60 979
60 980
60 981
60 986
60 988
60 994
60 995
60 997
60 999
61 501
61 504
61 511
61 513
61 515
61 521
61 524
61 537
61 540
61 548
61 551
61 552
61 556
61 557
61 565
61 567
61 568
61 572
61 578
61 582
61 584
61 592
61 594
61 595
61 601
61 607
61 610
61 612
61 614
61 620
61 622
61 630
61 632
61 638
61 640
61 647
61 653
61 654
61 655
61 657
61 658
61 659
61 660
61 671
61 672
61 677
61 684
61 687
61 691
61 692
61 693
61 696
61 698
61 703
61 704
61 706
61 709
61 710
61 718
61 719
61 721
61 722
61 725
61 726
61 730
61 733
61 735
61 737
61 738
61 741
61 742
61 743
61 745
61 747
61 754
61 763
61 770
61 771
61 779
61 780
61 785
61 792
61 796
61 799
61 801
61 802
61 804
61 805
61 809
61 833
61 834
61 836
61 837
61 840
61 844
61 853
61 856
61 860
61 867
61 874
61 887
61 889
61 890
61 892
61 893
61 898
61 899
61 900
61 902
61 904
61 907
61 912
61 913
61 919
61 922
61 927
61 928
61 929
61 930
61 932
61 934
61 935
61 937
61 943
61 949
61 950
61 952
61 954
61 955
61 962
61 964
61 967
61 969
61 970
61 972
61 973
61 976
61 983
61 985
61 986
61 989
61 993
61 994
61 1000
62 501
62 502
62 510
62 512
62 514
62 523
62 526
62 534
62 535
62 536
62 539
62 546
62 548
62 555
62 556
62 557
62 559
62 560
62 563
62 567
62 569
62 570
62 573
62 577
62 578
62 582
62 583
62 584
62 587
62 588
62 597
62 598
62 600
62 605
62 608
62 609
62 612
62 613
62 614
62 615
62 618
62 619
62 620
62 627
62 633
62 640
62 644
62 645
62 655
62 658
62 659
62 660
62 664
62 665
62 666
62 668
62 672
62 673
62 674
62 677
62 678
62 681
62 685
62 687
62 690
62 694
62 697
62 698
62 699
62 704
62 705
62 711
62 717
62 719
62 722
62 723
62 730
62 736
62 741
62 742
62 745
62 749
62 751
62 756
62 765
62 767
62 781
62 784
62 785
62 790
62 793
62 795
62 799
62 806
62 809
62 810
62 813
62 814
62 816
62 818
62 820
62 821
62 823
62 824
62 830
62 831
62 834
62 836
62 839
62 842
62 843
62 844
62 845
62 847
62 849
62 850
62 853
62 855
62 861
62 865
62 869
62 871
62 872
62 877
62 883
62 886
62 889
62 898
62 900
62 905
62 907
62 909
62 916
62 917
62 920
62 929
62 934
62 935
62 936
62 937
62 940
62 943
62 946
62 947
62 948
62 954
62 957
62 959
62 960
62 963
62 967
62 977
62 982
62 987
62 989
62 992
62 998
62 999
63 502
63 503
63 504
63 509
63 510
63 513
63 516
63 518
63 522
63 531
63 537
63 540
63 544
63 545
63 546
63 552
63 554
63 557
63 559
63 564
63 565
63 568
63 576
63 580
63 588
63 597
63 599
63 600
63 601
63 602
63 609
63 611
63 614
63 618
63 619
63 621
63 622
63 627
63 634
63 639
63 645
63 650
63 651
63 655
63 661
63 664
63 665
63 672
63 673
63 675
63 676
63 680
63 687
63 689
63 695
63 697
63 700
63 702
63 707
63 709
63 713
63 714
63 719
63 720
63 722
63 723
63 726
63 730
63 745
63 749
63 754
63 770
63 772
63 777
63 785
63 793
63 801
63 802
63 815
63 821
63 827
63 830
63 836
63 838
63 840
63 842
63 844
63 851
63 853
63 855
63 856
63 861
63 864
63 870
63 871
63 874
63 876
63 884
63 886
63 894
63 898
63 910
63 911
63 913
63 918
63 920
63 922
63 925
63 930
63 939
63 940
63 944
63 949
63 950
63 959
63 960
63 963
63 964
63 966
63 968
63 969
63 981
63 990
63 992
63 995
63 999
63 1000
64 506
64 507
64 509
64 513
64 515
64 516
64 520
64 527
64 529
64 531
64 535
64 536
64 537
64 543
64 547
64 548
64 558
64 559
64 564
64 566
64 571
64 573
64 575
64 577
64 579
64 590
64 594
64 595
64 596
64 597
64 598
64 601
64 602
64 606
64 607
64 619
64 623
64 625
64 627
64 628
64 630
64 631
64 634
64 635
64 650
64 660
64 662
64 669
64 671
64 678
64 684
64 685
64 691
64 692
64 702
64 715
64 716
64 729
64 732
64 737
64 738
64 740
64 741
64 742
64 745
64 747
64 754
64 756
64 760
64 763
64 765
64 767
64 768
64 772
64 773
64 776
64 779
64 780
64 784
64 791
64 793
64 795
64 799
64 804
64 809
64 811
64 815
64 819
64 822
64 825
64 827
64 841
64 846
64 848
64 849
64 850
64 852
64 854
64 856
64 861
64 868
64 869
64 870
64 871
64 876
64 879
64 881
64 882
64 883
64 884
64 891
64 894
64 895
64 897
64 901
64 905
64 908
64 910
64 912
64 917
64 923
64 924
64 930
64 932
64 935
64 938
64 943
64 944
64 947
64 954
64 961
64 963
64 971
64 973
64 976
64 981
64 983
64 984
64 987
64 989
64 992
64 993
64 994
64 995
64 996
64 997
64 998
64 999
65 504
65 509
65 518
65 526
65 529
65 531
65 536
65 539
65 540
65 541
65 547
65 548
65 550
65 556
65 557
65 560
65 561
65 562
65 565
65 567
65 571
65 574
65 575
65 577
65 578
65 580
65 581
65 587
65 588
65 589
65 591
65 592
65 598
65 600
65 604
65 611
65 612
65 615
65 619
65 624
65 625
65 626
65 640
65 641
65 643
65 648
65 652
65 655
65 656
65 658
65 660
65 662
65 668
65 678
65 681
65 683
65 685
65 693
65 694
65 696
65 697
65 700
65 701
65 702
65 703
65 707
65 717
65 718
65 719
65 720
65 725
65 727
65 730
65 734
65 736
65 737
65 742
65 743
65 746
65 747
65 748
65 751
65 752
65 756
65 758
65 759
65 762
65 763
65 764
65 765
65 766
65 769
65 787
65 789
65 791
65 793
65 796
65 800
65 803
65 805
65 806
65 808
65 810
65 815
65 818
65 821
65 823
65 826
65 828
65 831
65 832
65 835
65 845
65 847
65 850
65 856
65 859
65 861
65 869
65 871
65 876
65 877
65 878
65 879
65 880
65 882
65 885
65 887
65 890
65 891
65 893
65 895
65 902
65 903
65 908
65 909
65 916
65 919
65 920
65 924
65 926
65 927
65 930
65 933
65 935
65 939
65 941
65 942
65 947
65 948
65 950
65 955
65 956
65 963
65 965
65 966
65 967
65 969
65 972
65 973
65 974
65 975
65 979
65 981
65 982
65 983
65 991
65 996
65 997
66 507
66 511
66 515
66 516
66 518
66 519
66 523
66 524
66 525
66 535
66 540
66 541
66 542
66 547
66 557
66 558
66 563
66 564
66 565
66 567
66 571
66 573
66 577
66 588
66 596
66 604
66 605
66 606
66 608
66 612
66 619
66 627
66 631
66 642
66 647
66 649
66 650
66 652
66 653
66 661
66 681
66 684
66 685
66 687
66 688
66 689
66 694
66 696
66 698
66 702
66 705
66 707
66 713
66 716
66 718
66 719
66 721
66 728
66 729
66 730
66 735
66 742
66 744
66 745
66 746
66 753
66 755
66 756
66 760
66 761
66 764
66 765
66 766
66 768
66 769
66 771
66 772
66 775
66 776
66 777
66 778
66 788
66 791
66 794
66 797
66 801
66 806
66 807
66 808
66 815
66 817
66 818
66 823
66 824
66 834
66 835
66 839
66 848
66 850
66 852
66 854
66 855
66 857
66 860
66 861
66 865
66 866
66 867
66 870
66 872
66 875
66 883
66 891
66 894
66 897
66 899
66 910
66 914
66 916
66 921
66 924
66 925
66 926
66 932
66 934
66 945
66 953
66 955
66 960
66 964
66 965
66 976
66 977
66 978
66 981
66 985
66 987
66 994
66 996
67 502
67 505
67 508
67 510
67 514
67 515
67 522
67 530
67 531
67 533
67 534
67 536
67 537
67 541
67 550
67 554
67 555
67 559
67 560
67 562
67 569
67 570
67 571
67 572
67 573
67 576
67 577
67 580
67 587
67 593
67 596
67 603
67 606
67 608
67 609
67 611
67 613
67 614
67 619
67 622
67 628
67 630
67 632
67 634
67 637
67 639
67 640
67 645
67 646
67 655
67 657
67 658
67 662
67 665
67 667
67 669
67 675
67 679
67 683
67 685
67 686
67 689
67 691
67 693
67 695
67 696
67 698
67 702
67 704
67 706
67 708
67 716
67 722
67 727
67 730
67 732
67 733
67 737
67 745
67 748
67 750
67 751
67 755
67 756
67 759
67 760
67 762
67 770
67 776
67 777
67 779
67 780
67 781
67 791
67 794
67 797
67 804
67 806
67 808
67 815
67 821
67 823
67 828
67 839
67 859
67 867
67 871
67 874
67 878
67 881
67 887
67 891
67 892
67 895
67 901
67 903
67 904
67 908
67 909
67 913
67 914
67 925
67 937
67 943
67 945
67 952
67 953
67 958
67 961
67 964
67 969
67 971
67 976
67 986
67 987
67 991
67 996
67 997
67 998
68 502
68 512
68 514
68 517
68 524
68 529
68 530
68 536
68 537
68 539
68 545
68 547
68 550
68 551
68 552
68 558
68 561
68 562
68 563
68 568
68 569
68 571
68 576
68 577
68 581
68 582
68 583
68 585
68 595
68 597
68 609
68 611
68 613
68 618
68 629
68 635
68 636
68 637
68 645
68 646
68 648
68 656
68 660
68 663
68 664
68 665
68 667
68 668
68 674
68 676
68 677
68 679
68 681
68 682
68 683
68 684
68 686
68 689
68 690
68 692
68 693
68 697
68 702
68 704
68 708
68 709
68 710
68 717
68 720
68 724
68 726
68 728
68 729
68 731
68 736
68 737
68 738
68 743
68 745
68 748
68 749
68 752
68 753
68 755
68 760
68 768
68 770
68 771
68 772
68 773
68 777
68 778
68 779
68 781
68 782
68 784
68 787
68 791
68 794
68 796
68 797
68 798
68 800
68 805
68 807
68 811
68 813
68 821
68 824
68 825
68 827
68 828
68 833
68 834
68 835
68 837
68 839
68 841
68 842
68 844
68 851
68 860
68 863
68 864
68 873
68 881
68 882
68 883
68 884
68 886
68 888
68 889
68 893
68 906
68 907
68 908
68 910
68 920
68 921
68 922
68 926
68 927
68 930
68 932
68 935
68 936
68 938
68 939
68 948
68 951
68 955
68 957
68 963
68 969
68 971
68 976
68 979
68 982
68 986
68 989
68 999
68 1000
69 501
69 512
69 520
69 522
69 524
69 542
69 549
69 551
69 552
69 555
69 556
69 563
69 567
69 571
69 575
69 576
69 582
69 583
69 594
69 595
69 597
69 598
69 599
69 600
69 605
69 606
69 608
69 610
69 614
69 616
69 617
69 622
69 624
69 626
69 627
69 630
69 631
69 635
69 639
69 644
69 645
69 652
69 653
69 663
69 666
69 675
69 681
69 685
69 687
69 688
69 693
69 698
69 705
69 708
69 713
69 720
69 724
69 726
69 730
69 731
69 732
69 734
69 737
69 738
69 739
69 741
69 742
69 744
69 746
69 747
69 748
69 752
69 754
69 759
69 761
69 765
69 768
69 778
69 779
69 780
69 784
69 792
69 793
69 795
69 799
69 802
69 806
69 809
69 813
69 814
69 817
69 821
69 822
69 824
69 831
69 832
69 834
69 839
69 840
69 851
69 859
69 860
69 866
69 867
69 868
69 872
69 873
69 874
69 876
69 883
69 884
69 888
69 891
69 894
69 900
69 903
69 906
69 908
69 909
69 914
69 917
69 918
69 925
69 930
69 931
69 934
69 941
69 946
69 948
69 949
69 950
69 951
69 952
69 957
69 959
69 960
69 969
69 970
69 972
69 978
69 982
69 984
69 986
69 989
69 992
69 997
69 998
69 999
69 1000
70 502
70 503
70 508
70 512
70 513
70 516
70 527
70 534
70 535
70 537
70 545
70 547
70 556
70 560
70 561
70 563
70 566
70 569
70 574
70 583
70 584
70 586
70 592
70 596
70 597
70 602
70 608
70 611
70 613
70 614
70 618
70 621
70 626
70 633
70 640
70 644
70 653
70 655
70 657
70 659
70 660
70 661
70 662
70 664
70 665
70 668
70 672
70 674
70 675
70 676
70 679
70 681
70 686
70 690
70 696
70 700
70 705
70 708
70 713
70 714
70 715
70 718
70 725
70 729
70 734
70 735
70 744
70 746
70 748
70 754
70 755
70 757
70 759
70 761
70 763
70 770
70 777
70 779
70 780
70 782
70 790
70 795
70 798
70 802
70 803
70 804
70 805
70 814
70 817
70 823
70 824
70 827
70 829
70 834
70 837
70 844
70 845
70 847
70 850
70 851
70 853
70 857
70 860
70 863
70 865
70 871
70 876
70 880
70 884
70 888
70 889
70 890
70 891
70 894
70 899
70 900
70 908
70 913
70 919
70 920
70 922
70 923
70 927
70 929
70 932
70 937
70 938
70 942
70 943
70 944
70 946
70 949
70 951
70 952
70 954
70 957
70 959
70 963
70 964
70 965
70 968
70 972
70 977
70 979
70 980
70 982
70 983
70 990
70 991
70 995
70 996
70 997
70 998
70 999
71 502
71 503
71 504
71 505
71 508
71 517
71 520
71 522
71 528
71 529
71 535
71 538
71 539
71 541
71 542
71 548
71 550
71 551
71 553
71 557
71 562
71 563
71 571
71 575
71 580
71 584
71 595
71 598
71 601
71 602
71 603
71 604
71 611
71 613
71 614
71 623
71 626
71 628
71 635
71 637
71 638
71 640
71 641
71 660
71 661
71 663
71 666
71 667
71 676
71 677
71 679
71 681
71 682
71 683
71 684
71 685
71 689
71 694
71 699
71 700
71 701
71 704
71 705
71 706
71 707
71 710
71 712
71 713
71 714
71 723
71 731
71 735
71 739
71 740
71 742
71 743
71 745
71 750
71 752
71 755
71 756
71 757
71 763
71 768
71 771
71 777
71 783
71 784
71 785
71 787
71 789
71 794
71 799
71 801
71 802
71 806
71 807
71 808
71 809
71 811
71 812
71 813
71 820
71 824
71 826
71 831
71 834
71 837
71 841
71 842
71 843
71 846
71 850
71 853
71 860
71 861
71 864
71 866
71 870
71 872
71 875
71 877
71 878
71 883
71 888
71 889
71 890
71 891
71 904
71 909
71 912
71 913
71 920
71 921
71 926
71 928
71 931
71 935
71 937
71 938
71 944
71 945
71 948
71 955
71 957
71 961
71 968
71 975
71 978
71 981
71 982
71 989
71 990
71 991
71 993
71 995
71 997
71 1000
72 502
72 504
72 510
72 512
72 513
72 526
72 527
72 531
72 540
72 541
72 543
72 545
72 551
72 552
72 554
72 555
72 557
72 559
72 561
72 563
72 569
72 570
72 574
72 576
72 578
72 581
72 584
72 586
72 592
72 594
72 597
72 598
72 602
72 606
72 608
72 612
72 617
72 618
72 619
72 621
72 622
72 623
72 624
72 631
72 632
72 633
72 636
72 643
72 647
72 650
72 651
72 656
72 657
72 661
72 663
72 664
72 667
72 680
72 682
72 683
72 685
72 690
72 691
72 692
72 693
72 699
72 702
72 704
72 710
72 711
72 712
72 722
72 724
72 734
72 735
72 737
72 742
72 743
72 746
72 750
72 752
72 760
72 764
72 766
72 774
72 776
72 781
72 788
72 799
72 806
72 808
72 813
72 824
72 827
72 828
72 833
72 834
72 837
72 838
72 840
72 845
72 846
72 850
72 851
72 859
72 860
72 865
72 879
72 880
72 881
72 882
72 885
72 888
72 890
72 891
72 894
72 897
72 900
72 903
72 905
72 912
72 915
72 916
72 917
72 924
72 929
72 931
72 936
72 939
72 940
72 944
72 945
72 946
72 952
72 954
72 959
72 965
72 968
72 971
72 972
72 974
72 976
72 984
72 988
72 991
73 502
73 503
73 508
73 509
73 511
73 516
73 518
73 519
73 520
73 521
73 527
73 528
73 529
73 530
73 532
73 537
73 538
73 539
73 549
73 551
73 553
73 554
73 559
73 566
73 571
73 572
73 578
73 579
73 589
73 597
73 606
73 609
73 610
73 613
73 614
73 619
73 622
73 627
73 635
73 636
73 641
73 645
73 646
73 651
73 653
73 660
73 662
73 671
73 673
73 674
73 677
73 678
73 692
73 694
73 695
73 698
73 700
73 706
73 710
73 711
73 712
73 713
73 716
73 721
73 723
73 724
73 727
73 728
73 735
73 740
73 741
73 747
73 753
73 754
73 755
73 759
73 768
73 770
73 771
73 772
73 776
73 777
73 779
73 783
73 792
73 798
73 800
73 802
73 804
73 809
73 812
73 813
73 819
73 823
73 827
73 828
73 830
73 831
73 840
73 841
73 859
73 861
73 862
73 864
73 872
73 876
73 878
73 880
73 882
73 884
73 885
73 889
73 890
73 895
73 899
73 906
73 907
73 908
73 911
73 914
73 918
73 922
73 930
73 936
73 940
73 942
73 946
73 947
73 950
73 951
73 952
73 958
73 964
73 965
73 967
73 968
73 969
73 972
73 973
73 974
73 978
73 982
73 993
73 998
73 999
74 502
74 507
74 508
74 509
74 510
74 512
74 513
74 516
74 517
74 519
74 522
74 524
74 526
74 527
74 533
74 537
74 541
74 542
74 550
74 557
74 558
74 560
74 563
74 574
74 577
74 584
74 586
74 592
74 594
74 597
74 601
74 604
74 609
74 611
74 612
74 615
74 620
74 621
74 622
74 624
74 626
74 627
74 634
74 636
74 640
74 644
74 648
74 649
74 653
74 655
74 658
74 662
74 664
74 665
74 667
74 672
74 673
74 675
74 679
74 685
74 690
74 694
74 698
74 699
74 702
74 715
74 722
74 724
74 726
74 728
74 729
74 732
74 735
74 736
74 737
74 738
74 742
74 745
74 747
74 750
74 760
74 761
74 772
74 773
74 775
74 776
74 779
74 784
74 788
74 789
74 790
74 792
74 795
74 796
74 797
74 802
74 803
74 805
74 812
74 814
74 826
74 829
74 830
74 834
74 839
74 840
74 846
74 852
74 855
74 860
74 861
74 867
74 871
74 873
74 875
74 878
74 879
74 888
74 889
74 890
74 894
74 900
74 903
74 907
74 919
74 920
74 923
74 924
74 932
74 939
74 943
74 946
74 951
74 952
74 957
74 958
74 959
74 961
74 962
74 966
74 969
74 973
74 975
74 981
74 983
74 995
74 1000
75 501
75 503
75 505
75 510
75 514
75 519
75 522
75 529
75 530
75 532
75 546
75 549
75 552
75 554
75 560
75 561
75 562
75 564
75 565
75 573
75 577
75 578
75 579
75 582
75 583
75 589
75 591
75 594
75 597
75 599
75 603
75 607
75 609
75 614
75 618
75 619
75 622
75 624
75 626
75 627
75 629
75 635
75 638
75 641
75 642
75 644
75 647
75 648
75 650
75 659
75 664
75 673
75 676
75 679
75 683
75 687
75 688
75 695
75 696
75 697
75 701
75 702
75 703
75 708
75 709
75 710
75 712
75 713
75 715
75 716
75 718
75 720
75 723
75 725
75 727
75 735
75 739
75 746
75 750
75 752
75 760
75 761
75 765
75 767
75 768
75 771
75 774
75 777
75 783
75 785
75 786
75 788
75 791
75 805
75 817
75 818
75 819
75 821
75 826
75 828
75 830
75 834
75 837
75 838
75 841
75 847
75 849
75 850
75 859
75 863
75 865
75 869
75 870
75 873
75 876
75 879
75 881
75 883
75 886
75 887
75 893
75 895
75 901
75 909
75 916
75 920
75 927
75 935
75 938
75 943
75 944
75 947
75 951
75 954
75 955
75 957
75 958
75 960
75 968
75 969
75 970
75 971
75 977
75 979
75 981
75 989
75 998
76 502
76 506
76 512
76 513
76 517
76 520
76 523
76 526
76 528
76 529
76 534
76 539
76 541
76 542
76 546
76 553
76 557
76 563
76 564
76 566
76 568
76 570
76 571
76 579
76 588
76 589
76 598
76 602
76 607
76 610
76 611
76 616
76 617
76 618
76 619
76 629
76 630
76 632
76 648
76 652
76 653
76 654
76 655
76 656
76 664
76 672
76 674
76 677
76 683
76 684
76 685
76 692
76 702
76 704
76 705
76 707
76 708
76 712
76 716
76 721
76 722
76 727
76 730
76 739
76 744
76 755
76 761
76 763
76 768
76 770
76 772
76 775
76 776
76 783
76 784
76 788
76 793
76 795
76 796
76 799
76 800
76 801
76 802
76 812
76 813
76 817
76 820
76 821
76 829
76 830
76 831
76 832
76 844
76 850
76 851
76 859
76 862
76 866
76 874
76 875
76 880
76 891
76 893
76 895
76 896
76 902
76 904
76 905
76 907
76 917
76 919
76 920
76 921
76 923
76 925
76 926
76 927
76 947
76 950
76 952
76 953
76 954
76 955
76 960
76 961
76 967
76 968
76 973
76 974
76 979
76 986
76 988
76 990
76 992
76 996
76 997
76 1000
77 502
77 514
77 517
77 523
77 524
77 525
77 529
77 534
77 536
77 543
77 544
77 547
77 548
77 552
77 553
77 560
77 562
77 563
77 571
77 573
77 575
77 576
77 582
77 583
77 589
77 590
77 593
77 596
77 598
77 599
77 600
77 608
77 611
77 616
77 620
77 624
77 626
77 629
77 630
77 633
77 636
77 645
77 647
77 661
77 663
77 666
77 674
77 678
77 679
77 682
77 698
77 700
77 701
77 709
77 710
77 713
77 714
77 719
77 722
77 725
77 729
77 730
77 734
77 738
77 743
77 746
77 753
77 759
77 761
77 764
77 766
77 769
77 770
77 777
77 779
77 782
77 789
77 799
77 802
77 804
77 807
77 809
77 812
77 813
77 828
77 844
77 846
77 850
77 852
77 856
77 857
77 860
77 862
77 863
77 865
77 867
77 869
77 870
77 874
77 876
77 892
77 896
77 901
77 910
77 914
77 916
77 918
77 927
77 930
77 934
77 938
77 941
77 948
77 950
77 951
77 953
77 958
77 962
77 964
77 965
77 968
77 970
77 971
77 974
77 976
77 986
77 988
77 993
78 502
78 505
78 506
78 512
78 516
78 517
78 518
78 520
78 521
78 522
78 524
78 529
78 532
78 544
78 546
78 549
78 559
78 560
78 565
78 570
78 572
78 573
78 576
78 578
78 580
78 585
78 589
78 592
78 594
78 596
78 602
78 623
78 626
78 628
78 629
78 631
78 634
78 639
78 646
78 647
78 652
78 654
78 655
78 657
78 659
78 661
78 662
78 663
78 670
78 673
78 678
78 682
78 685
78 686
78 688
78 689
78 690
78 693
78 701
78 703
78 707
78 710
78 711
78 720
78 725
78 728
78 731
78 733
78 734
78 737
78 740
78 741
78 742
78 753
78 755
78 757
78 765
78 767
78 768
78 772
78 776
78 777
78 781
78 784
78 791
78 792
78 793
78 794
78 797
78 804
78 805
78 811
78 812
78 813
78 814
78 815
78 817
78 819
78 825
78 827
78 828
78 829
78 830
78 831
78 832
78 835
78 836
78 840
78 849
78 852
78 854
78 856
78 859
78 860
78 861
78 863
78 866
78 869
78 870
78 872
78 879
78 888
78 889
78 893
78 895
78 898
78 901
78 904
78 908
78 909
78 919
78 921
78 923
78 926
78 928
78 930
78 934
78 938
78 942
78 944
78 946
78 949
78 952
78 953
78 956
78 958
78 964
78 973
78 975
78 976
78 980
78 983
78 985
78 988
78 992
78 994
78 998
78 1000
79 506
79 509
79 512
79 514
79 515
79 522
79 527
79 531
79 538
79 540
79 541
79 542
79 552
79 553
79 560
79 564
79 566
79 568
79 570
79 572
79 579
79 583
79 584
79 586
79 599
79 600
79 601
79 605
79 608
79 610
79 611
79 613
79 622
79 624
79 627
79 628
79 631
79 634
79 635
79 643
79 655
79 656
79 662
79 666
79 668
79 670
79 672
79 673
79 674
79 677
79 678
79 682
79 687
79 688
79 689
79 693
79 699
79 702
79 704
79 705
79 706
79 707
79 720
79 733
79 735
79 737
79 740
79 743
79 750
79 752
79 754
79 755
79 757
79 762
79 766
79 768
79 770
79 772
79 776
79 781
79 784
79 790
79 791
79 796
79 799
79 801
79 803
79 809
79 812
79 813
79 815
79 816
79 817
79 818
79 819
79 820
79 823
79 824
79 827
79 828
79 832
79 833
79 838
79 839
79 841
79 843
79 847
79 848
79 849
79 851
79 857
79 859
79 862
79 867
79 868
79 872
79 873
79 874
79 879
79 886
79 890
79 893
79 896
79 903
79 905
79 910
79 912
79 915
79 916
79 920
79 923
79 924
79 932
79 934
79 936
79 938
79 943
79 945
79 948
79 954
79 957
79 961
79 964
79 965
79 969
79 970
79 972
79 984
79 985
79 986
79 989
79 990
79 993
79 994
79 998
79 1000
80 501
80 504
80 505
80 509
80 511
80 514
80 518
80 521
80 527
80 530
80 533
80 536
80 537
80 543
80 544
80 550
80 557
80 567
80 568
80 574
80 576
80 577
80 578
80 579
80 581
80 582
80 584
80 587
80 598
80 599
80 600
80 603
80 604
80 605
80 609
80 613
80 617
80 626
80 634
80 636
80 637
80 638
80 639
80 641
80 642
80 644
80 647
80 648
80 649
80 653
80 654
80 655
80 657
80 668
80 671
80 674
80 676
80 678
80 684
80 685
80 687
80 689
80 693
80 694
80 695
80 697
80 703
80 706
80 712
80 713
80 715
80 722
80 726
80 729
80 733
80 735
80 736
80 738
80 741
80 743
80 753
80 754
80 757
80 758
80 759
80 760
80 762
80 765
80 766
80 771
80 772
80 782
80 783
80 789
80 793
80 798
80 801
80 805
80 808
80 810
80 818
80 824
80 827
80 829
80 830
80 832
80 834
80 837
80 840
80 841
80 842
80 846
80 847
80 851
80 853
80 859
80 868
80 869
80 873
80 874
80 878
80 881
80 884
80 885
80 886
80 889
80 893
80 894
80 896
80 897
80 898
80 906
80 907
80 910
80 912
80 913
80 914
80 915
80 921
80 923
80 924
80 926
80 927
80 928
80 931
80 935
80 936
80 937
80 942
80 948
80 950
80 951
80 952
80 953
80 954
80 957
80 958
80 959
80 961
80 964
80 966
80 968
80 975
80 977
80 978
80 983
80 986
80 988
80 990
80 992
80 993
80 995
81 505
81 516
81 517
81 518
81 520
81 522
81 523
81 529
81 533
81 536
81 541
81 543
81 550
81 551
81 552
81 555
81 557
81 561
81 562
81 568
81 570
81 572
81 577
81 580
81 584
81 586
81 587
81 590
81 597
81 599
81 600
81 605
81 608
81 614
81 616
81 628
81 629
81 630
81 632
81 637
81 639
81 643
81 644
81 646
81 652
81 654
81 656
81 660
81 662
81 663
81 667
81 668
81 673
81 676
81 678
81 682
81 683
81 692
81 695
81 699
81 703
81 704
81 707
81 708
81 709
81 710
81 718
81 719
81 722
81 727
81 728
81 730
81 733
81 735
81 737
81 742
81 743
81 746
81 749
81 753
81 754
81 757
81 759
81 760
81 761
81 762
81 765
81 768
81 769
81 772
81 777
81 778
81 779
81 782
81 784
81 787
81 788
81 791
81 792
81 793
81 801
81 804
81 810
81 812
81 814
81 815
81 821
81 823
81 824
81 830
81 834
81 835
81 836
81 837
81 839
81 843
81 844
81 849
81 850
81 852
81 853
81 857
81 862
81 866
81 867
81 872
81 873
81 876
81 878
81 882
81 884
81 890
81 895
81 899
81 902
81 910
81 912
81 929
81 939
81 941
81 944
81 946
81 947
81 948
81 950
81 951
81 963
81 967
81 968
81 975
81 981
81 983
81 985
81 989
81 992
81 994
81 995
81 996
82 506
82 509
82 511
82 513
82 515
82 517
82 519
82 521
82 526
82 527
82 531
82 539
82 541
82 544
82 546
82 547
82 549
82 551
82 554
82 557
82 559
82 560
82 568
82 572
82 574
82 577
82 584
82 592
82 593
82 595
82 597
82 598
82 600
82 604
82 605
82 607
82 611
82 612
82 614
82 615
82 619
82 624
82 625
82 628
82 630
82 636
82 638
82 642
82 643
82 644
82 648
82 650
82 663
82 664
82 665
82 668
82 670
82 672
82 673
82 677
82 680
82 682
82 683
82 685
82 686
82 687
82 689
82 696
82 700
82 702
82 705
82 714
82 715
82 716
82 717
82 718
82 725
82 729
82 733
82 735
82 736
82 744
82 745
82 747
82 750
82 755
82 758
82 761
82 762
82 763
82 764
82 770
82 771
82 773
82 778
82 780
82 787
82 792
82 795
82 796
82 798
82 801
82 803
82 805
82 807
82 808
82 811
82 813
82 815
82 818
82 819
82 831
82 836
82 837
82 847
82 855
82 856
82 859
82 873
82 880
82 881
82 883
82 889
82 895
82 897
82 898
82 899
82 900
82 902
82 903
82 906
82 908
82 913
82 915
82 916
82 917
82 918
82 919
82 921
82 922
82 925
82 933
82 935
82 936
82 943
82 948
82 965
82 966
82 968
82 969
82 973
82 974
82 975
82 979
82 982
82 983
82 984
82 991
82 997
82 998
82 999
83 509
83 512
83 516
83 519
83 525
83 527
83 535
83 536
83 538
83 540
83 541
83 544
83 546
83 547
83 553
83 554
83 557
83 559
83 562
83 563
83 565
83 567
83 572
83 573
83 576
83 585
83 588
83 589
83 592
83 594
83 595
83 596
83 599
83 603
83 605
83 606
83 609
83 612
83 618
83 621
83 623
83 624
83 625
83 630
83 631
83 636
83 638
83 639
83 644
83 648
83 652
83 653
83 660
83 663
83 664
83 668
83 678
83 681
83 689
83 709
83 710
83 711
83 715
83 717
83 727
83 729
83 732
83 734
83 736
83 737
83 738
83 746
83 763
83 764
83 766
83 767
83 769
83 770
83 771
83 772
83 774
83 783
83 789
83 795
83 805
83 806
83 807
83 809
83 811
83 814
83 817
83 821
83 825
83 829
83 833
83 835
83 836
83 843
83 845
83 846
83 847
83 848
83 851
83 855
83 859
83 861
83 862
83 864
83 867
83 868
83 873
83 880
83 881
83 884
83 887
83 890
83 891
83 892
83 896
83 900
83 903
83 907
83 912
83 914
83 916
83 926
83 930
83 933
83 938
83 943
83 949
83 951
83 955
83 957
83 958
83 960
83 961
83 972
83 974
83 976
83 977
83 980
83 989
83 990
84 503
84 505
84 506
84 509
84 510
84 512
84 515
84 518
84 524
84 525
84 527
84 528
84 530
84 532
84 533
84 534
84 535
84 537
84 538
84 542
84 548
84 549
84 552
84 557
84 562
84 567
84 571
84 572
84 574
84 575
84 585
84 587
84 588
84 598
84 601
84 605
84 606
84 607
84 608
84 611
84 613
84 620
84 622
84 623
84 624
84 625
84 626
84 629
84 634
84 638
84 641
84 643
84 644
84 645
84 647
84 656
84 657
84 661
84 664
84 669
84 673
84 674
84 678
84 679
84 682
84 683
84 688
84 693
84 694
84 696
84 699
84 704
84 709
84 711
84 712
84 713
84 714
84 715
84 726
84 730
84 731
84 734
84 745
84 751
84 754
84 755
84 761
84 762
84 765
84 767
84 773
84 774
84 776
84 781
84 782
84 784
84 787
84 790
84 792
84 794
84 801
84 802
84 810
84 811
84 814
84 816
84 822
84 824
84 828
84 831
84 834
84 835
84 837
84 841
84 847
84 848
84 851
84 852
84 854
84 856
84 857
84 859
84 860
84 864
84 865
84 866
84 878
84 880
84 882
84 884
84 887
84 888
84 891
84 893
84 899
84 903
84 905
84 906
84 914
84 918
84 922
84 924
84 928
84 929
84 933
84 934
84 937
84 938
84 943
84 946
84 961
84 966
84 979
84 983
84 988
84 991
84 998
85 501
85 507
85 520
85 522
85 526
85 532
85 538
85 548
85 555
85 556
85 557
85 558
85 559
85 560
85 561
85 571
85 575
85 576
85 578
85 579
85 580
85 581
85 582
85 584
85 589
85 590
85 593
85 605
85 607
85 609
85 613
85 617
85 618
85 619
85 620
85 621
85 622
85 623
85 640
85 642
85 648
85 651
85 652
85 654
85 657
85 659
85 662
85 673
85 676
85 681
85 682
85 687
85 688
85 689
85 693
85 698
85 699
85 703
85 707
85 710
85 714
85 718
85 722
85 726
85 729
85 733
85 742
85 743
85 745
85 747
85 748
85 750
85 760
85 766
85 767
85 774
85 775
85 781
85 783
85 786
85 790
85 793
85 795
85 797
85 801
85 802
85 803
85 806
85 809
85 812
85 818
85 823
85 825
85 826
85 829
85 831
85 832
85 835
85 837
85 840
85 843
85 845
85 851
85 852
85 853
85 860
85 862
85 867
85 868
85 871
85 876
85 891
85 892
85 897
85 900
85 905
85 906
85 907
85 912
85 914
85 916
85 920
85 921
85 922
85 925
85 932
85 934
85 938
85 940
85 941
85 943
85 944
85 945
85 946
85 947
85 948
85 952
85 955
85 957
85 961
85 964
85 965
85 967
85 969
85 975
85 976
85 977
85 982
85 983
85 984
85 985
85 986
85 991
85 998
85 999
85 1000
86 501
86 503
86 506
86 508
86 515
86 518
86 519
86 521
86 523
86 527
86 528
86 530
86 532
86 537
86 538
86 540
86 541
86 547
86 548
86 549
86 552
86 556
86 558
86 565
86 566
86 567
86 569
86 570
86 571
86 577
86 584
86 591
86 595
86 596
86 597
86 599
86 600
86 601
86 602
86 604
86 611
86 617
86 622
86 623
86 630
86 631
86 634
86 635
86 639
86 643
86 648
86 650
86 651
86 655
86 658
86 660
86 669
86 670
86 673
86 676
86 679
86 680
86 685
86 687
86 690
86 692
86 693
86 697
86 698
86 700
86 701
86 706
86 713
86 715
86 716
86 718
86 719
86 724
86 728
86 729
86 734
86 736
86 737
86 739
86 740
86 741
86 746
86 747
86 748
86 751
86 752
86 753
86 760
86 766
86 773
86 776
86 778
86 781
86 782
86 785
86 794
86 797
86 798
86 805
86 808
86 812
86 813
86 815
86 821
86 823
86 831
86 833
86 839
86 842
86 847
86 849
86 850
86 854
86 859
86 862
86 866
86 869
86 871
86 873
86 877
86 879
86 881
86 883
86 884
86 886
86 888
86 890
86 891
86 893
86 900
86 901
86 907
86 911
86 912
86 915
86 918
86 932
86 935
86 939
86 941
86 944
86 947
86 949
86 952
86 954
86 956
86 957
86 959
86 964
86 968
86 969
86 972
86 973
86 974
86 984
87 505
87 507
87 508
87 509
87 515
87 518
87 520
87 521
87 523
87 528
87 529
87 530
87 533
87 534
87 536
87 537
87 539
87 541
87 547
87 549
87 550
87 551
87 552
87 556
87 558
87 559
87 562
87 563
87 564
87 566
87 568
87 569
87 571
87 573
87 574
87 577
87 582
87 586
87 590
87 592
87 596
87 597
87 599
87 600
87 604
87 605
87 606
87 611
87 615
87 621
87 623
87 626
87 634
87 638
87 642
87 650
87 651
87 654
87 661
87 662
87 670
87 672
87 675
87 678
87 684
87 687
87 690
87 694
87 697
87 702
87 704
87 707
87 708
87 712
87 713
87 714
87 715
87 717
87 720
87 721
87 722
87 724
87 727
87 734
87 738
87 739
87 745
87 746
87 747
87 749
87 751
87 753
87 756
87 757
87 760
87 762
87 768
87 770
87 771
87 772
87 773
87 778
87 780
87 792
87 797
87 802
87 806
87 807
87 814
87 815
87 821
87 824
87 826
87 829
87 843
87 849
87 855
87 861
87 874
87 878
87 880
87 883
87 886
87 890
87 892
87 895
87 903
87 904
87 909
87 910
87 913
87 915
87 916
87 918
87 919
87 921
87 922
87 925
87 929
87 930
87 931
87 935
87 939
87 944
87 945
87 946
87 948
87 953
87 954
87 955
87 956
87 957
87 959
87 965
87 966
87 970
87 972
87 975
87 977
87 978
87 980
87 985
87 986
87 991
87 992
87 995
87 998
87 999
88 506
88 508
88 511
88 513
88 526
88 527
88 528
88 535
88 538
88 541
88 544
88 553
88 557
88 559
88 565
88 572
88 575
88 581
88 582
88 583
88 584
88 586
88 591
88 600
88 603
88 608
88 612
88 613
88 619
88 621
88 626
88 629
88 631
88 637
88 641
88 644
88 646
88 651
88 652
88 653
88 666
88 669
88 671
88 673
88 680
88 683
88 686
88 692
88 694
88 701
88 703
88 704
88 706
88 708
88 717
88 718
88 719
88 720
88 730
88 733
88 743
88 754
88 756
88 757
88 760
88 764
88 773
88 774
88 775
88 776
88 784
88 787
88 792
88 793
88 794
88 795
88 797
88 798
88 799
88 804
88 807
88 811
88 813
88 816
88 817
88 818
88 820
88 821
88 823
88 825
88 829
88 830
88 832
88 837
88 841
88 844
88 845
88 853
88 859
88 861
88 863
88 876
88 877
88 884
88 886
88 888
88 889
88 893
88 894
88 898
88 906
88 914
88 918
88 923
88 924
88 925
88 929
88 930
88 931
88 934
88 937
88 943
88 947
88 949
88 962
88 963
88 964
88 971
88 976
88 979
88 981
88 983
88 995
88 997
88 1000
89 502
89 508
89 512
89 516
89 518
89 522
89 524
89 525
89 531
89 532
89 534
89 541
89 542
89 545
89 549
89 550
89 552
89 553
89 557
89 560
89 562
89 564
89 565
89 570
89 575
89 577
89 580
89 587
89 596
89 597
89 600
89 603
89 604
89 605
89 611
89 613
89 622
89 623
89 629
89 630
89 635
89 637
89 638
89 641
89 642
89 643
89 648
89 650
89 655
89 663
89 667
89 669
89 672
89 673
89 677
89 682
89 688
89 690
89 693
89 697
89 699
89 705
89 706
89 707
89 714
89 716
89 721
89 725
89 726
89 729
89 730
89 731
89 732
89 735
89 739
89 743
89 745
89 746
89 750
89 751
89 752
89 754
89 758
89 759
89 760
89 769
89 771
89 775
89 777
89 783
89 785
89 790
89 794
89 795
89 796
89 799
89 802
89 804
89 805
89 810
89 816
89 819
89 822
89 825
89 831
89 833
89 834
89 836
89 837
89 838
89 840
89 848
89 850
89 857
89 862
89 864
89 872
89 878
89 879
89 880
89 881
89 886
89 887
89 889
89 891
89 896
89 897
89 901
89 902
89 904
89 907
89 909
89 913
89 914
89 915
89 919
89 920
89 921
89 925
89 928
89 929
89 930
89 932
89 936
89 938
89 940
89 948
89 951
89 953
89 955
89 957
89 958
89 963
89 964
89 966
89 967
89 973
89 977
89 984
89 986
89 987
89 999
90 503
90 506
90 513
90 514
90 515
90 519
90 521
90 525
90 526
90 533
90 534
90 536
90 540
90 543
90 546
90 548
90 550
90 553
90 554
90 559
90 574
90 576
90 577
90 579
90 580
90 581
90 592
90 593
90 595
90 597
90 598
90 599
90 601
90 603
90 606
90 607
90 611
90 613
90 616
90 618
90 626
90 628
90 632
90 639
90 641
90 642
90 643
90 644
90 645
90 646
90 648
90 651
90 656
90 657
90 663
90 665
90 670
90 671
90 682
90 687
90 689
90 693
90 695
90 700
90 701
90 702
90 705
90 706
90 707
90 710
90 713
90 714
90 719
90 720
90 723
90 727
90 732
90 735
90 736
90 738
90 739
90 740
90 744
90 754
90 756
90 757
90 760
90 761
90 766
90 768
90 770
90 777
90 779
90 785
90 786
90 787
90 792
90 799
90 802
90 808
90 816
90 822
90 823
90 824
90 825
90 837
90 839
90 840
90 841
90 844
90 845
90 846
90 848
90 849
90 850
90 862
90 864
90 868
90 871
90 872
90 873
90 877
90 882
90 884
90 885
90 886
90 889
90 894
90 898
90 902
90 905
90 908
90 909
90 916
90 919
90 924
90 927
90 928
90 934
90 936
90 937
90 942
90 946
90 948
90 955
90 956
90 959
90 963
90 967
90 969
90 972
90 974
90 975
90 976
90 978
90 981
90 983
90 985
90 986
90 989
90 995
90 997
91 505
91 507
91 509
91 517
91 520
91 527
91 528
91 533
91 534
91 535
91 536
91 539
91 541
91 544
91 546
91 562
91 564
91 565
91 566
91 567
91 571
91 572
91 577
91 587
91 588
91 589
91 590
91 594
91 596
91 601
91 604
91 605
91 606
91 608
91 609
91 615
91 616
91 617
91 619
91 620
91 623
91 629
91 640
91 642
91 643
91 644
91 649
91 651
91 655
91 656
91 661
91 666
91 669
91 672
91 678
91 679
91 682
91 688
91 693
91 694
91 698
91 706
91 708
91 710
91 711
91 712
91 714
91 715
91 716
91 718
91 721
91 727
91 732
91 737
91 738
91 741
91 742
91 743
91 745
91 746
91 756
91 763
91 769
91 770
91 771
91 774
91 775
91 782
91 787
91 788
91 789
91 791
91 792
91 795
91 798
91 800
91 801
91 803
91 805
91 806
91 810
91 811
91 820
91 823
91 825
91 826
91 831
91 835
91 836
91 840
91 845
91 851
91 853
91 855
91 863
91 864
91 865
91 866
91 869
91 870
91 876
91 882
91 886
91 888
91 890
91 891
91 898
91 901
91 908
91 916
91 917
91 920
91 921
91 924
91 926
91 927
91 934
91 945
91 949
91 962
91 964
91 967
91 970
91 977
91 981
91 982
91 984
91 986
91 987
91 988
91 989
91 991
91 992
91 994
91 996
92 503
92 504
92 505
92 506
92 515
92 526
92 527
92 529
92 533
92 534
92 535
92 536
92 539
92 542
92 547
92 549
92 551
92 557
92 575
92 576
92 579
92 583
92 588
92 589
92 591
92 596
92 597
92 598
92 600
92 601
92 602
92 613
92 620
92 622
92 626
92 627
92 628
92 631
92 634
92 648
92 652
92 666
92 667
92 673
92 674
92 679
92 680
92 684
92 686
92 692
92 693
92 696
92 699
92 704
92 706
92 709
92 710
92 716
92 717
92 720
92 721
92 723
92 726
92 730
92 735
92 736
92 737
92 742
92 743
92 749
92 751
92 752
92 754
92 756
92 762
92 766
92 783
92 784
92 785
92 788
92 789
92 790
92 793
92 798
92 807
92 808
92 811
92 812
92 817
92 818
92 820
92 823
92 826
92 828
92 829
92 833
92 835
92 836
92 846
92 850
92 852
92 855
92 862
92 863
92 865
92 877
92 881
92 884
92 885
92 886
92 887
92 888
92 889
92 890
92 892
92 896
92 897
92 898
92 899
92 903
92 909
92 910
92 913
92 915
92 917
92 919
92 929
92 931
92 933
92 937
92 941
92 943
92 944
92 946
92 952
92 953
92 955
92 956
92 960
92 963
92 964
92 967
92 970
92 973
92 974
92 981
92 985
92 986
92 989
92 990
92 992
92 995
92 996
92 998
93 503
93 505
93 506
93 507
93 508
93 509
93 514
93 515
93 517
93 528
93 529
93 532
93 534
93 538
93 543
93 545
93 547
93 553
93 557
93 558
93 562
93 566
93 571
93 572
93 577
93 583
93 586
93 593
93 595
93 597
93 602
93 603
93 605
93 609
93 610
93 612
93 615
93 618
93 620
93 624
93 628
93 630
93 633
93 640
93 641
93 643
93 653
93 659
93 661
93 670
93 673
93 674
93 675
93 678
93 679
93 681
93 682
93 683
93 685
93 689
93 692
93 693
93 697
93 700
93 706
93 707
93 709
93 711
93 715
93 717
93 720
93 722
93 723
93 724
93 726
93 731
93 734
93 736
93 739
93 741
93 752
93 753
93 755
93 757
93 759
93 762
93 764
93 766
93 773
93 774
93 775
93 777
93 779
93 782
93 785
93 787
93 790
93 792
93 795
93 797
93 800
93 804
93 807
93 811
93 812
93 816
93 820
93 822
93 825
93 831
93 839
93 841
93 842
93 854
93 867
93 871
93 872
93 873
93 877
93 878
93 883
93 884
93 888
93 890
93 891
93 895
93 901
93 902
93 905
93 907
93 910
93 911
93 912
93 916
93 917
93 922
93 924
93 931
93 933
93 936
93 940
93 948
93 950
93 951
93 952
93 955
93 956
93 965
93 966
93 968
93 969
93 979
93 982
93 984
93 989
93 991
93 993
93 994
93 996
93 998
93 1000
94 503
94 504
94 505
94 512
94 516
94 520
94 521
94 525
94 526
94 527
94 531
94 532
94 533
94 534
94 538
94 546
94 549
94 550
94 551
94 553
94 554
94 557
94 558
94 559
94 561
94 567
94 568
94 570
94 571
94 572
94 577
94 582
94 583
94 587
94 588
94 596
94 597
94 604
94 606
94 607
94 609
94 612
94 616
94 617
94 618
94 619
94 626
94 638
94 639
94 643
94 645
94 646
94 647
94 648
94 654
94 658
94 660
94 662
94 664
94 669
94 672
94 674
94 675
94 678
94 681
94 687
94 689
94 691
94 697
94 698
94 712
94 714
94 719
94 725
94 726
94 727
94 732
94 738
94 739
94 747
94 753
94 754
94 758
94 762
94 763
94 770
94 771
94 772
94 774
94 779
94 783
94 794
94 799
94 800
94 802
94 809
94 811
94 818
94 819
94 824
94 825
94 827
94 828
94 830
94 832
94 834
94 836
94 837
94 838
94 840
94 843
94 845
94 847
94 852
94 856
94 857
94 860
94 861
94 863
94 873
94 875
94 876
94 882
94 883
94 885
94 887
94 888
94 889
94 892
94 893
94 896
94 908
94 916
94 919
94 923
94 927
94 928
94 934
94 935
94 938
94 940
94 947
94 957
94 965
94 966
94 967
94 970
94 971
94 977
94 979
94 981
94 985
94 989
94 991
94 994
94 999
94 1000
95 503
95 505
95 510
95 519
95 520
95 523
95 524
95 529
95 530
95 533
95 536
95 538
95 546
95 549
95 553
95 557
95 558
95 562
95 563
95 569
95 571
95 572
95 581
95 582
95 583
95 587
95 590
95 592
95 593
95 594
95 608
95 615
95 616
95 617
95 619
95 620
95 624
95 626
95 630
95 637
95 640
95 641
95 643
95 648
95 649
95 650
95 651
95 658
95 661
95 662
95 664
95 671
95 672
95 673
95 676
95 684
95 686
95 688
95 690
95 695
95 699
95 704
95 708
95 709
95 718
95 719
95 720
95 726
95 727
95 728
95 729
95 732
95 733
95 738
95 739
95 743
95 744
95 746
95 747
95 753
95 754
95 756
95 757
95 758
95 766
95 769
95 770
95 772
95 780
95 782
95 786
95 796
95 802
95 808
95 819
95 823
95 825
95 829
95 835
95 836
95 837
95 851
95 859
95 860
95 865
95 880
95 884
95 889
95 890
95 892
95 893
95 896
95 897
95 899
95 901
95 906
95 909
95 911
95 916
95 919
95 923
95 927
95 929
95 935
95 936
95 943
95 946
95 948
95 950
95 951
95 956
95 961
95 971
95 977
95 981
95 982
95 988
95 993
95 995
95 996
96 501
96 503
96 504
96 510
96 515
96 520
96 528
96 529
96 531
96 533
96 536
96 539
96 545
96 548
96 549
96 553
96 556
96 561
96 564
96 567
96 574
96 575
96 577
96 579
96 581
96 583
96 596
96 597
96 602
96 606
96 608
96 610
96 611
96 625
96 626
96 631
96 638
96 642
96 650
96 655
96 669
96 675
96 680
96 689
96 692
96 696
96 698
96 701
96 702
96 707
96 721
96 744
96 749
96 751
96 753
96 759
96 763
96 765
96 769
96 773
96 778
96 780
96 783
96 792
96 797
96 803
96 804
96 805
96 807
96 808
96 810
96 818
96 823
96 825
96 836
96 840
96 841
96 842
96 846
96 850
96 855
96 859
96 862
96 864
96 868
96 869
96 874
96 878
96 880
96 887
96 888
96 901
96 903
96 905
96 911
96 913
96 916
96 918
96 920
96 921
96 922
96 924
96 927
96 929
96 930
96 931
96 934
96 937
96 939
96 951
96 953
96 962
96 966
96 967
96 975
96 977
96 978
96 988
96 990
96 991
96 992
96 994
96 995
97 502
97 505
97 508
97 512
97 514
97 516
97 518
97 519
97 520
97 522
97 527
97 529
97 536
97 540
97 541
97 542
97 544
97 546
97 547
97 551
97 554
97 561
97 569
97 572
97 575
97 577
97 581
97 584
97 596
97 597
97 600
97 609
97 616
97 619
97 623
97 625
97 628
97 631
97 633
97 634
97 635
97 637
97 639
97 641
97 643
97 657
97 660
97 661
97 673
97 676
97 683
97 692
97 694
97 696
97 697
97 699
97 702
97 703
97 705
97 717
97 719
97 720
97 723
97 726
97 738
97 739
97 741
97 742
97 743
97 750
97 752
97 753
97 757
97 759
97 765
97 767
97 768
97 775
97 776
97 778
97 782
97 785
97 787
97 794
97 796
97 798
97 801
97 802
97 810
97 821
97 822
97 823
97 825
97 834
97 836
97 837
97 840
97 847
97 850
97 855
97 860
97 862
97 865
97 867
97 871
97 875
97 876
97 880
97 881
97 883
97 897
97 903
97 904
97 908
97 909
97 911
97 922
97 924
97 928
97 929
97 932
97 939
97 940
97 943
97 946
97 948
97 949
97 954
97 956
97 957
97 958
97 966
97 968
97 970
97 972
97 975
97 976
97 979
97 981
97 984
97 990
97 995
97 996
97 997
97 999
98 506
98 513
98 518
98 519
98 521
98 523
98 524
98 528
98 533
98 534
98 545
98 546
98 547
98 550
98 551
98 554
98 557
98 559
98 560
98 562
98 566
98 569
98 574
98 576
98 581
98 583
98 584
98 591
98 595
98 604
98 612
98 613
98 615
98 616
98 623
98 628
98 630
98 635
98 637
98 640
98 643
98 645
98 659
98 661
98 664
98 671
98 673
98 674
98 680
98 681
98 682
98 688
98 691
98 695
98 697
98 701
98 704
98 708
98 709
98 711
98 712
98 715
98 718
98 723
98 734
98 736
98 739
98 741
98 743
98 746
98 747
98 750
98 753
98 755
98 761
98 764
98 766
98 767
98 769
98 771
98 772
98 777
98 779
98 781
98 782
98 783
98 789
98 791
98 793
98 799
98 802
98 803
98 805
98 807
98 816
98 822
98 827
98 831
98 833
98 836
98 837
98 838
98 840
98 848
98 849
98 851
98 867
98 873
98 875
98 877
98 878
98 880
98 882
98 889
98 891
98 892
98 904
98 905
98 906
98 913
98 920
98 923
98 928
98 929
98 933
98 937
98 938
98 941
98 942
98 950
98 951
98 952
98 953
98 959
98 961
98 963
98 973
98 976
98 980
98 985
98 991
98 994
98 995
98 996
99 503
99 504
99 508
99 509
99 510
99 512
99 513
99 516
99 522
99 523
99 530
99 536
99 541
99 545
99 546
99 552
99 553
99 556
99 560
99 570
99 576
99 578
99 586
99 590
99 593
99 599
99 601
99 602
99 603
99 608
99 611
99 614
99 617
99 618
99 620
99 622
99 623
99 625
99 627
99 629
99 633
99 637
99 640
99 642
99 644
99 647
99 652
99 656
99 658
99 661
99 662
99 665
99 666
99 671
99 673
99 674
99 677
99 678
99 679
99 689
99 703
99 706
99 709
99 712
99 715
99 727
99 730
99 731
99 733
99 735
99 748
99 753
99 774
99 775
99 780
99 785
99 787
99 790
99 791
99 797
99 815
99 816
99 825
99 830
99 835
99 837
99 840
99 844
99 845
99 851
99 852
99 855
99 856
99 861
99 862
99 865
99 869
99 875
99 880
99 881
99 886
99 887
99 888
99 889
99 894
99 901
99 903
99 909
99 911
99 912
99 926
99 929
99 930
99 931
99 932
99 933
99 935
99 939
99 942
99 943
99 944
99 945
99 949
99 953
99 956
99 958
99 960
99 965
99 967
99 974
99 975
99 976
99 981
99 986
99 989
99 992
99 996
99 997
99 998
100 508
100 509
100 510
100 519
100 521
100 522
100 524
100 525
100 528
100 533
100 534
100 542
100 543
100 547
100 552
100 562
100 563
100 571
100 574
100 575
100 576
100 578
100 581
100 582
100 586
100 588
100 590
100 596
100 597
100 605
100 608
100 611
100 616
100 618
100 619
100 622
100 624
100 637
100 638
100 641
100 644
100 654
100 655
100 659
100 661
100 664
100 665
100 666
100 669
100 675
100 677
100 683
100 687
100 689
100 691
100 694
100 698
100 700
100 704
100 705
100 706
100 707
100 710
100 712
100 715
100 718
100 719
100 721
100 722
100 724
100 725
100 728
100 730
100 733
100 739
100 740
100 741
100 742
100 744
100 750
100 752
100 753
100 761
100 766
100 767
100 769
100 772
100 773
100 776
100 778
100 780
100 781
100 782
100 788
100 789
100 790
100 792
100 793
100 797
100 798
100 803
100 805
100 809
100 810
100 813
100 814
100 815
100 819
100 825
100 829
100 831
100 838
100 839
100 842
100 843
100 847
100 853
100 854
100 855
100 857
100 859
100 860
100 862
100 864
100 865
100 866
100 868
100 869
100 871
100 874
100 876
100 881
100 886
100 887
100 888
100 891
100 893
100 898
100 902
100 905
100 906
100 910
100 913
100 919
100 928
100 930
100 931
100 932
100 936
100 943
100 947
100 949
100 953
100 954
100 955
100 956
100 958
100 962
100 963
100 964
100 966
100 969
100 975
100 977
100 979
100 993
100 998
100 999
101 503
101 504
101 505
101 506
101 510
101 517
101 519
101 523
101 526
101 533
101 537
101 538
101 539
101 544
101 545
101 547
101 549
101 551
101 553
101 557
101 560
101 564
101 572
101 578
101 585
101 586
101 587
101 590
101 591
101 592
101 599
101 600
101 601
101 602
101 603
101 605
101 606
101 608
101 610
101 611
101 615
101 616
101 618
101 622
101 623
101 627
101 636
101 638
101 642
101 645
101 652
101 655
101 659
101 668
101 669
101 673
101 676
101 678
101 681
101 684
101 688
101 690
101 691
101 697
101 701
101 704
101 706
101 708
101 712
101 716
101 717
101 718
101 732
101 735
101 752
101 756
101 758
101 760
101 761
101 762
101 767
101 770
101 772
101 775
101 776
101 778
101 794
101 798
101 799
101 804
101 806
101 807
101 809
101 815
101 817
101 819
101 827
101 828
101 829
101 830
101 832
101 833
101 836
101 838
101 847
101 849
101 854
101 856
101 858
101 861
101 865
101 867
101 868
101 872
101 876
101 877
101 880
101 881
101 884
101 892
101 900
101 904
101 907
101 910
101 911
101 914
101 917
101 919
101 926
101 930
101 935
101 939
101 943
101 944
101 945
101 946
101 947
101 952
101 961
101 965
101 968
101 970
101 975
101 979
101 983
101 984
101 985
101 987
101 994
101 996
102 505
102 512
102 516
102 528
102 529
102 533
102 534
102 539
102 540
102 543
102 546
102 548
102 554
102 568
102 569
102 570
102 573
102 574
102 578
102 582
102 583
102 586
102 587
102 588
102 589
102 592
102 593
102 599
102 602
102 608
102 611
102 612
102 613
102 615
102 616
102 618
102 623
102 624
102 626
102 631
102 636
102 638
102 643
102 649
102 651
102 652
102 653
102 662
102 664
102 666
102 669
102 670
102 677
102 680
102 684
102 688
102 691
102 692
102 693
102 695
102 697
102 700
102 703
102 707
102 713
102 714
102 715
102 717
102 720
102 721
102 722
102 729
102 734
102 735
102 736
102 743
102 747
102 756
102 761
102 764
102 775
102 776
102 777
102 779
102 785
102 786
102 788
102 790
102 794
102 796
102 797
102 798
102 799
102 800
102 801
102 805
102 807
102 808
102 810
102 811
102 812
102 815
102 816
102 817
102 818
102 822
102 823
102 827
102 828
102 829
102 830
102 832
102 833
102 835
102 838
102 839
102 844
102 845
102 855
102 857
102 860
102 863
102 864
102 865
102 869
102 874
102 877
102 879
102 884
102 885
102 887
102 889
102 892
102 893
102 894
102 897
102 901
102 908
102 913
102 915
102 917
102 920
102 928
102 929
102 930
102 932
102 948
102 949
102 952
102 956
102 960
102 964
102 969
102 971
102 975
102 979
102 980
102 981
102 982
102 984
102 986
102 999
102 1000
103 504
103 505
103 510
103 515
103 516
103 520
103 521
103 525
103 526
103 528
103 530
103 531
103 541
103 542
103 545
103 546
103 547
103 550
103 553
103 554
103 555
103 558
103 569
103 575
103 578
103 579
103 591
103 602
103 604
103 605
103 620
103 621
103 622
103 626
103 636
103 641
103 642
103 643
103 647
103 648
103 651
103 659
103 666
103 667
103 672
103 674
103 676
103 681
103 686
103 688
103 692
103 701
103 708
103 712
103 713
103 716
103 729
103 731
103 735
103 738
103 739
103 744
103 752
103 756
103 771
103 783
103 787
103 788
103 789
103 791
103 800
103 801
103 803
103 804
103 806
103 809
103 810
103 811
103 813
103 814
103 815
103 818
103 823
103 830
103 838
103 839
103 841
103 846
103 848
103 849
103 857
103 858
103 859
103 864
103 865
103 867
103 871
103 878
103 879
103 885
103 891
103 892
103 895
103 897
103 898
103 902
103 909
103 913
103 917
103 918
103 919
103 920
103 921
103 924
103 925
103 928
103 929
103 932
103 937
103 945
103 951
103 955
103 957
103 960
103 962
103 967
103 970
103 973
103 974
103 975
103 977
103 979
103 980
103 982
103 985
103 987
103 994
103 997
104 504
104 508
104 510
104 511
104 513
104 516
104 519
104 520
104 528
104 529
104 532
104 534
104 542
104 543
104 545
104 546
104 547
104 553
104 557
104 558
104 564
104 567
104 569
104 572
104 574
104 582
104 584
104 586
104 595
104 604
104 605
104 607
104 610
104 613
104 614
104 615
104 619
104 620
104 621
104 622
104 625
104 626
104 632
104 636
104 637
104 638
104 639
104 643
104 644
104 647
104 649
104 652
104 653
104 654
104 657
104 662
104 667
104 668
104 669
104 676
104 680
104 681
104 689
104 692
104 693
104 694
104 697
104 698
104 699
104 700
104 701
104 704
104 705
104 707
104 709
104 716
104 718
104 719
104 722
104 724
104 725
104 729
104 731
104 732
104 733
104 737
104 741
104 743
104 747
104 749
104 756
104 766
104 768
104 774
104 782
104 784
104 786
104 789
104 795
104 800
104 804
104 806
104 818
104 819
104 821
104 823
104 824
104 826
104 832
104 836
104 837
104 843
104 845
104 846
104 853
104 854
104 855
104 857
104 858
104 860
104 861
104 862
104 863
104 864
104 865
104 868
104 871
104 873
104 879
104 880
104 881
104 885
104 891
104 892
104 893
104 895
104 898
104 901
104 905
104 906
104 907
104 913
104 916
104 918
104 926
104 927
104 934
104 935
104 936
104 940
104 944
104 953
104 955
104 957
104 960
104 963
104 964
104 967
104 968
104 970
104 974
104 981
104 987
104 989
104 996
104 998
104 1000
105 501
105 503
105 504
105 508
105 509
105 511
105 517
105 518
105 521
105 525
105 529
105 530
105 533
105 536
105 540
105 542
105 548
105 550
105 551
105 552
105 556
105 558
105 565
105 572
105 573
105 581
105 582
105 585
105 589
105 593
105 594
105 596
105 597
105 600
105 602
105 607
105 608
105 614
105 615
105 627
105 630
105 631
105 634
105 635
105 637
105 639
105 642
105 643
105 645
105 646
105 651
105 652
105 653
105 656
105 658
105 659
105 663
105 664
105 670
105 683
105 691
105 694
105 698
105 700
105 704
105 706
105 709
105 710
105 713
105 714
105 715
105 724
105 733
105 735
105 736
105 738
105 740
105 745
105 746
105 749
105 750
105 752
105 753
105 756
105 757
105 768
105 769
105 771
105 774
105 786
105 788
105 790
105 795
105 796
105 798
105 799
105 807
105 814
105 815
105 819
105 822
105 824
105 830
105 836
105 839
105 840
105 845
105 846
105 847
105 848
105 850
105 852
105 857
105 858
105 861
105 862
105 865
105 874
105 876
105 877
105 878
105 894
105 897
105 898
105 899
105 901
105 904
105 906
105 909
105 917
105 919
105 923
105 930
105 935
105 938
105 939
105 940
105 941
105 942
105 947
105 948
105 957
105 958
105 962
105 963
105 964
105 965
105 968
105 970
105 977
105 980
105 981
105 985
105 991
105 993
105 995
105 997
105 999
106 501
106 504
106 505
106 506
106 507
106 510
106 512
106 513
106 514
106 515
106 517
106 519
106 521
106 522
106 523
106 528
106 530
106 534
106 535
106 540
106 541
106 542
106 544
106 547
106 548
106 552
106 553
106 556
106 560
106 561
106 562
106 564
106 566
106 569
106 576
106 577
106 581
106 582
106 590
106 603
106 607
106 611
106 615
106 617
106 621
106 624
106 625
106 627
106 631
106 639
106 641
106 647
106 651
106 652
106 654
106 655
106 656
106 657
106 659
106 660
106 663
106 667
106 669
106 670
106 672
106 673
106 674
106 682
106 684
106 687
106 688
106 693
106 694
106 697
106 702
106 703
106 705
106 706
106 712
106 714
106 720
106 723
106 726
106 727
106 729
106 733
106 735
106 740
106 747
106 750
106 754
106 755
106 765
106 766
106 768
106 769
106 772
106 773
106 774
106 780
106 782
106 785
106 786
106 793
106 795
106 804
106 806
106 807
106 810
106 811
106 818
106 823
106 824
106 827
106 832
106 836
106 838
106 842
106 846
106 848
106 849
106 853
106 855
106 861
106 862
106 863
106 864
106 870
106 879
106 880
106 881
106 882
106 887
106 888
106 889
106 893
106 896
106 897
106 899
106 901
106 903
106 907
106 910
106 914
106 916
106 918
106 920
106 928
106 929
106 930
106 931
106 932
106 933
106 935
106 936
106 937
106 940
106 941
106 942
106 944
106 951
106 953
106 954
106 957
106 962
106 969
106 978
106 980
106 981
106 982
106 987
106 993
106 999
106 1000
107 505
107 511
107 513
107 515
107 517
107 518
107 519
107 531
107 533
107 537
107 539
107 541
107 543
107 546
107 548
107 549
107 550
107 551
107 552
107 556
107 557
107 558
107 559
107 561
107 562
107 563
107 564
107 565
107 566
107 567
107 571
107 578
107 581
107 585
107 588
107 592
107 600
107 602
107 608
107 614
107 615
107 616
107 619
107 621
107 633
107 635
107 638
107 640
107 645
107 647
107 655
107 656
107 661
107 664
107 665
107 666
107 668
107 669
107 675
107 676
107 678
107 680
107 685
107 687
107 692
107 702
107 703
107 704
107 706
107 709
107 714
107 718
107 719
107 725
107 726
107 731
107 732
107 733
107 745
107 750
107 755
107 757
107 764
107 766
107 768
107 776
107 778
107 795
107 800
107 802
107 805
107 806
107 809
107 817
107 818
107 819
107 823
107 825
107 826
107 828
107 829
107 831
107 840
107 848
107 850
107 855
107 861
107 862
107 863
107 864
107 866
107 874
107 876
107 877
107 881
107 883
107 885
107 891
107 895
107 903
107 904
107 906
107 915
107 920
107 921
107 922
107 932
107 933
107 934
107 938
107 945
107 946
107 947
107 949
107 953
107 954
107 955
107 956
107 965
107 972
107 978
107 981
107 982
107 987
107 991
107 997
108 503
108 508
108 510
108 513
108 516
108 518
108 519
108 522
108 526
108 530
108 533
108 535
108 537
108 540
108 556
108 558
108 562
108 564
108 565
108 566
108 577
108 581
108 584
108 586
108 588
108 589
108 597
108 600
108 603
108 607
108 608
108 609
108 610
108 613
108 617
108 622
108 624
108 627
108 629
108 638
108 640
108 641
108 645
108 646
108 652
108 654
108 656
108 672
108 674
108 680
108 690
108 692
108 696
108 701
108 709
108 715
108 721
108 724
108 730
108 739
108 747
108 749
108 752
108 755
108 758
108 759
108 769
108 770
108 771
108 773
108 774
108 780
108 783
108 785
108 787
108 794
108 795
108 799
108 800
108 803
108 804
108 805
108 806
108 807
108 810
108 811
108 812
108 818
108 820
108 822
108 823
108 824
108 833
108 845
108 846
108 847
108 848
108 849
108 850
108 853
108 854
108 861
108 864
108 865
108 867
108 877
108 882
108 884
108 888
108 897
108 898
108 907
108 912
108 913
108 921
108 934
108 936
108 945
108 947
108 955
108 957
108 959
108 962
108 963
108 967
108 969
108 979
108 982
108 983
108 987
108 988
108 990
108 994
108 996
108 997
108 999
109 509
109 515
109 526
109 532
109 535
109 537
109 541
109 543
109 547
109 550
109 556
109 557
109 560
109 561
109 563
109 570
109 576
109 579
109 580
109 581
109 582
109 583
109 588
109 592
109 593
109 595
109 596
109 599
109 606
109 608
109 615
109 619
109 621
109 622
109 630
109 631
109 634
109 635
109 636
109 638
109 647
109 653
109 657
109 658
109 659
109 667
109 676
109 678
109 680
109 682
109 683
109 690
109 692
109 693
109 696
109 700
109 707
109 715
109 718
109 719
109 722
109 728
109 729
109 738
109 745
109 751
109 752
109 753
109 756
109 757
109 761
109 763
109 767
109 772
109 775
109 779
109 784
109 791
109 792
109 796
109 797
109 804
109 806
109 807
109 809
109 810
109 811
109 812
109 815
109 816
109 818
109 823
109 828
109 832
109 836
109 851
109 854
109 857
109 861
109 865
109 866
109 867
109 868
109 869
109 889
109 890
109 897
109 901
109 906
109 908
109 912
109 913
109 921
109 924
109 925
109 931
109 933
109 939
109 940
109 949
109 952
109 957
109 958
109 959
109 960
109 961
109 962
109 963
109 964
109 966
109 979
109 981
109 989
109 992
109 994
109 995
109 997
109 998
109 999
110 501
110 504
110 506
110 509
110 512
110 513
110 516
110 517
110 519
110 524
110 526
110 528
110 531
110 532
110 543
110 545
110 546
110 551
110 552
110 553
110 555
110 556
110 561
110 562
110 566
110 569
110 571
110 573
110 575
110 578
110 580
110 582
110 584
110 587
110 588
110 589
110 594
110 597
110 599
110 602
110 604
110 605
110 611
110 612
110 613
110 614
110 618
110 625
110 636
110 637
110 644
110 647
110 648
110 650
110 653
110 659
110 660
110 662
110 665
110 666
110 673
110 674
110 675
110 676
110 677
110 681
110 682
110 684
110 685
110 686
110 693
110 695
110 708
110 713
110 716
110 718
110 720
110 721
110 724
110 727
110 733
110 734
110 735
110 737
110 743
110 744
110 745
110 748
110 750
110 751
110 753
110 754
110 757
110 760
110 761
110 763
110 764
110 768
110 778
110 784
110 787
110 788
110 789
110 792
110 794
110 796
110 799
110 803
110 804
110 806
110 811
110 817
110 819
110 822
110 824
110 828
110 832
110 833
110 838
110 839
110 843
110 844
110 848
110 857
110 860
110 863
110 872
110 878
110 886
110 887
110 890
110 891
110 892
110 894
110 895
110 901
110 903
110 905
110 911
110 914
110 915
110 917
110 918
110 919
110 920
110 922
110 925
110 928
110 931
110 933
110 935
110 942
110 943
110 963
110 964
110 965
110 968
110 972
110 973
110 978
110 987
110 988
110 990
110 992
110 995
110 997
110 998
111 501
111 503
111 504
111 505
111 507
111 510
111 512
111 513
111 515
111 517
111 519
111 523
111 526
111 529
111 530
111 532
111 535
111 545
111 546
111 547
111 548
111 550
111 551
111 556
111 566
111 568
111 571
111 574
111 580
111 592
111 593
111 596
111 605
111 610
111 614
111 618
111 621
111 629
111 630
111 634
111 637
111 641
111 645
111 648
111 651
111 655
111 667
111 668
111 674
111 675
111 679
111 683
111 684
111 690
111 691
111 692
111 698
111 699
111 700
111 706
111 707
111 709
111 713
111 714
111 717
111 720
111 725
111 732
111 739
111 740
111 741
111 743
111 747
111 749
111 753
111 761
111 762
111 764
111 767
111 770
111 772
111 777
111 778
111 780
111 790
111 792
111 795
111 796
111 799
111 800
111 805
111 808
111 813
111 815
111 817
111 818
111 819
111 821
111 822
111 824
111 826
111 827
111 828
111 829
111 832
111 834
111 837
111 848
111 854
111 855
111 859
111 862
111 864
111 878
111 886
111 887
111 889
111 898
111 909
111 911
111 914
111 915
111 918
111 923
111 932
111 933
111 934
111 935
111 938
111 940
111 943
111 944
111 945
111 950
111 955
111 956
111 958
111 959
111 965
111 966
111 969
111 972
111 976
111 978
111 979
111 980
111 990
111 992
111 994
111 996
112 505
112 506
112 523
112 524
112 526
112 529
112 533
112 540
112 542
112 545
112 550
112 551
112 553
112 555
112 556
112 557
112 559
112 560
112 561
112 564
112 568
112 571
112 573
112 577
112 578
112 579
112 580
112 581
112 585
112 590
112 591
112 593
112 599
112 600
112 603
112 605
112 608
112 613
112 615
112 616
112 618
112 621
112 623
112 630
112 645
112 646
112 648
112 651
112 656
112 660
112 662
112 674
112 682
112 683
112 684
112 685
112 687
112 692
112 694
112 698
112 707
112 711
112 713
112 714
112 716
112 720
112 721
112 722
112 724
112 725
112 726
112 728
112 729
112 733
112 734
112 738
112 739
112 746
112 747
112 749
112 752
112 753
112 755
112 757
112 758
112 763
112 768
112 770
112 774
112 775
112 782
112 785
112 787
112 788
112 790
112 791
112 793
112 795
112 797
112 799
112 801
112 804
112 806
112 808
112 812
112 816
112 819
112 822
112 830
112 831
112 832
112 844
112 849
112 854
112 857
112 858
112 859
112 867
112 874
112 877
112 879
112 885
112 888
112 894
112 895
112 896
112 898
112 899
112 901
112 902
112 909
112 914
112 915
112 916
112 918
112 920
112 921
112 925
112 926
112 936
112 944
112 946
112 948
112 952
112 953
112 959
112 965
112 969
112 975
112 977
112 983
112 984
112 986
112 987
112 988
112 993
112 996
112 999
113 501
113 502
113 503
113 504
113 505
113 506
113 509
113 512
113 520
113 530
113 541
113 542
113 549
113 551
113 552
113 567
113 568
113 574
113 580
113 581
113 582
113 584
113 585
113 587
113 596
113 603
113 604
113 606
113 607
113 609
113 611
113 612
113 620
113 623
113 624
113 625
113 626
113 627
113 628
113 629
113 631
113 633
113 636
113 640
113 641
113 647
113 655
113 667
113 673
113 682
113 683
113 686
113 688
113 692
113 693
113 696
113 697
113 702
113 703
113 704
113 709
113 721
113 724
113 731
113 738
113 745
113 748
113 749
113 751
113 752
113 756
113 757
113 760
113 763
113 765
113 769
113 774
113 780
113 781
113 783
113 784
113 786
113 789
113 792
113 793
113 801
113 803
113 805
113 816
113 822
113 825
113 826
113 827
113 828
113 831
113 833
113 834
113 836
113 838
113 840
113 842
113 848
113 849
113 856
113 858
113 859
113 860
113 863
113 868
113 870
113 871
113 872
113 874
113 879
113 885
113 887
113 892
113 896
113 900
113 902
113 905
113 910
113 911
113 917
113 918
113 920
113 926
113 927
113 929
113 931
113 943
113 946
113 948
113 950
113 951
113 954
113 958
113 961
113 963
113 964
113 965
113 968
113 969
113 970
113 973
113 976
113 977
113 979
113 982
113 984
113 990
113 992
113 993
113 994
113 997
113 1000
114 512
114 514
114 516
114 519
114 520
114 523
114 527
114 528
114 529
114 533
114 538
114 539
114 549
114 550
114 558
114 559
114 561
114 566
114 569
114 572
114 573
114 577
114 586
114 587
114 592
114 595
114 601
114 615
114 616
114 619
114 625
114 630
114 632
114 633
114 634
114 636
114 637
114 640
114 641
114 642
114 643
114 645
114 648
114 649
114 653
114 654
114 657
114 661
114 670
114 676
114 679
114 680
114 687
114 691
114 693
114 695
114 696
114 697
114 699
114 700
114 708
114 714
114 717
114 724
114 728
114 729
114 730
114 734
114 744
114 747
114 751
114 752
114 754
114 756
114 757
114 759
114 765
114 772
114 773
114 774
114 781
114 782
114 785
114 786
114 799
114 801
114 805
114 806
114 811
114 812
114 813
114 815
114 825
114 826
114 833
114 834
114 840
114 841
114 845
114 854
114 855
114 860
114 862
114 863
114 871
114 874
114 879
114 881
114 884
114 887
114 894
114 900
114 902
114 905
114 914
114 918
114 919
114 922
114 924
114 928
114 935
114 936
114 937
114 940
114 951
114 956
114 961
114 969
114 972
114 973
114 977
114 983
114 990
114 994
115 501
115 503
115 511
115 512
115 514
115 515
115 529
115 536
115 538
115 542
115 543
115 544
115 546
115 547
115 548
115 549
115 553
115 554
115 562
115 568
115 571
115 572
115 574
115 577
115 578
115 581
115 582
115 583
115 588
115 589
115 591
115 593
115 600
115 601
115 603
115 609
115 611
115 614
115 617
115 618
115 622
115 624
115 629
115 630
115 632
115 639
115 640
115 642
115 644
115 649
115 651
115 657
115 659
115 662
115 669
115 670
115 674
115 676
115 679
115 682
115 683
115 688
115 689
115 692
115 693
115 697
115 698
115 701
115 704
115 707
115 713
115 714
115 717
115 721
115 722
115 724
115 726
115 733
115 735
115 736
115 737
115 741
115 744
115 746
115 747
115 754
115 756
115 758
115 766
115 770
115 771
115 776
115 777
115 780
115 785
115 789
115 790
115 798
115 804
115 809
115 812
115 815
115 817
115 823
115 824
115 826
115 830
115 831
115 833
115 834
115 835
115 839
115 840
115 842
115 843
115 846
115 847
115 855
115 857
115 861
115 862
115 865
115 866
115 870
115 872
115 874
115 876
115 891
115 897
115 904
115 905
115 906
115 910
115 915
115 921
115 925
115 926
115 930
115 934
115 935
115 937
115 939
115 940
115 945
115 947
115 952
115 957
115 958
115 961
115 965
115 966
115 970
115 972
115 973
115 977
115 982
115 987
116 502
116 504
116 508
116 510
116 511
116 514
116 516
116 521
116 523
116 529
116 534
116 535
116 536
116 537
116 542
116 545
116 547
116 548
116 549
116 552
116 554
116 558
116 559
116 567
116 568
116 573
116 575
116 576
116 577
116 578
116 581
116 582
116 584
116 591
116 596
116 599
116 605
116 606
116 612
116 614
116 618
116 620
116 621
116 624
116 625
116 628
116 634
116 635
116 636
116 638
116 643
116 646
116 649
116 651
116 654
116 655
116 656
116 661
116 666
116 667
116 669
116 672
116 673
116 678
116 679
116 681
116 682
116 684
116 685
116 687
116 688
116 690
116 692
116 697
116 699
116 701
116 702
116 706
116 709
116 710
116 711
116 715
116 716
116 722
116 727
116 728
116 730
116 733
116 734
116 738
116 740
116 741
116 742
116 743
116 757
116 762
116 766
116 767
116 769
116 774
116 779
116 780
116 781
116 784
116 785
116 790
116 791
116 795
116 798
116 799
116 800
116 802
116 803
116 804
116 807
116 808
116 812
116 816
116 822
116 827
116 828
116 830
116 831
116 833
116 838
116 839
116 840
116 842
116 845
116 846
116 857
116 859
116 861
116 862
116 870
116 873
116 881
116 885
116 886
116 888
116 890
116 891
116 899
116 907
116 914
116 917
116 919
116 925
116 930
116 934
116 935
116 936
116 939
116 943
116 945
116 948
116 949
116 951
116 960
116 961
116 969
116 973
116 977
116 981
116 982
116 983
116 984
116 988
116 992
116 993
116 998
117 507
117 509
117 518
117 519
117 523
117 524
117 528
117 529
117 530
117 532
117 538
117 539
117 544
117 555
117 562
117 563
117 566
117 569
117 572
117 575
117 576
117 577
117 580
117 581
117 582
117 598
117 616
117 622
117 624
117 626
117 629
117 636
117 642
117 648
117 651
117 657
117 658
117 659
117 661
117 663
117 664
117 665
117 672
117 676
117 679
117 684
117 686
117 689
117 691
117 694
117 700
117 705
117 709
117 710
117 711
117 714
117 715
117 718
117 723
117 724
117 730
117 743
117 744
117 746
117 749
117 751
117 756
117 757
117 758
117 768
117 773
117 780
117 782
117 792
117 797
117 799
117 801
117 803
117 804
117 809
117 810
117 812
117 816
117 821
117 822
117 826
117 829
117 833
117 834
117 836
117 838
117 841
117 842
117 844
117 847
117 848
117 849
117 850
117 853
117 854
117 861
117 866
117 870
117 874
117 879
117 881
117 882
117 888
117 904
117 906
117 907
117 908
117 914
117 915
117 916
117 917
117 923
117 928
117 929
117 930
117 932
117 934
117 935
117 939
117 948
117 949
117 952
117 955
117 956
117 959
117 960
117 962
117 970
117 972
117 973
117 978
117 980
117 988
117 989
117 995
117 997
117 998
117 1000
118 504
118 506
118 510
118 515
118 516
118 517
118 518
118 527
118 537
118 540
118 542
118 546
118 547
118 550
118 554
118 555
118 557
118 558
118 571
118 574
118 575
118 579
118 587
118 588
118 596
118 601
118 603
118 604
118 605
118 608
118 611
118 612
118 615
118 618
118 620
118 622
118 624
118 625
118 626
118 632
118 637
118 644
118 650
118 655
118 658
118 663
118 664
118 665
118 667
118 668
118 673
118 681
118 683
118 686
118 687
118 688
118 691
118 694
118 696
118 699
118 701
118 704
118 706
118 707
118 711
118 713
118 719
118 721
118 724
118 726
118 729
118 731
118 732
118 737
118 755
118 757
118 759
118 762
118 765
118 766
118 775
118 776
118 778
118 781
118 782
118 783
118 787
118 788
118 792
118 798
118 805
118 810
118 812
118 815
118 816
118 817
118 824
118 827
118 831
118 838
118 845
118 846
118 847
118 855
118 862
118 871
118 874
118 875
118 876
118 878
118 879
118 881
118 884
118 889
118 892
118 896
118 897
118 906
118 908
118 912
118 920
118 923
118 927
118 930
118 934
118 944
118 945
118 948
118 952
118 954
118 957
118 959
118 960
118 961
118 962
118 968
118 972
118 976
118 978
118 980
119 502
119 511
119 512
119 521
119 524
119 529
119 532
119 535
119 540
119 542
119 543
119 545
119 547
119 548
119 555
119 556
119 557
119 559
119 567
119 568
119 571
119 573
119 574
119 575
119 581
119 583
119 584
119 595
119 597
119 602
119 607
119 608
119 612
119 613
119 617
119 619
119 620
119 621
119 624
119 631
119 634
119 635
119 637
119 650
119 651
119 661
119 668
119 671
119 674
119 682
119 689
119 690
119 691
119 692
119 694
119 699
119 701
119 702
119 711
119 716
119 718
119 720
119 727
119 729
119 731
119 737
119 739
119 740
119 746
119 751
119 753
119 754
119 760
119 767
119 773
119 775
119 776
119 777
119 779
119 781
119 784
119 787
119 795
119 797
119 801
119 802
119 804
119 805
119 807
119 808
119 810
119 821
119 822
119 826
119 828
119 829
119 832
119 837
119 840
119 842
119 848
119 849
119 851
119 858
119 860
119 862
119 863
119 864
119 865
119 867
119 868
119 869
119 870
119 873
119 875
119 879
119 881
119 882
119 883
119 884
119 885
119 887
119 892
119 898
119 899
119 903
119 904
119 907
119 908
119 911
119 912
119 917
119 924
119 928
119 929
119 932
119 933
119 934
119 935
119 936
119 938
119 943
119 946
119 949
119 951
119 953
119 954
119 957
119 958
119 959
119 960
119 965
119 972
119 976
119 977
119 980
119 982
119 985
119 986
119 989
119 992
119 998
120 505
120 506
120 513
120 514
120 518
120 521
120 525
120 532
120 538
120 543
120 545
120 554
120 555
120 556
120 566
120 567
120 573
120 577
120 584
120 585
120 592
120 598
120 600
120 606
120 608
120 609
120 622
120 624
120 625
120 626
120 629
120 633
120 637
120 639
120 640
120 645
120 651
120 652
120 654
120 659
120 662
120 663
120 664
120 666
120 669
120 670
120 683
120 699
120 701
120 707
120 712
120 716
120 717
120 721
120 723
120 724
120 725
120 733
120 737
120 738
120 746
120 748
120 749
120 751
120 753
120 756
120 762
120 763
120 764
120 773
120 777
120 778
120 783
120 784
120 785
120 789
120 791
120 794
120 801
120 806
120 811
120 813
120 814
120 816
120 820
120 823
120 831
120 837
120 838
120 840
120 841
120 843
120 846
120 848
120 850
120 851
120 858
120 864
120 869
120 870
120 877
120 882
120 883
120 884
120 886
120 888
120 891
120 892
120 894
120 895
120 907
120 911
120 912
120 915
120 916
120 923
120 924
120 929
120 933
120 934
120 946
120 953
120 957
120 960
120 963
120 964
120 966
120 968
120 975
120 976
120 981
120 982
120 983
120 985
120 987
120 989
120 994
120 995
120 999
121 502
121 508
121 510
121 511
121 512
121 517
121 518
121 519
121 521
121 524
121 528
121 534
121 543
121 545
121 546
121 554
121 562
121 565
121 568
121 569
121 571
121 579
121 581
121 583
121 586
121 591
121 595
121 596
121 597
121 600
121 601
121 604
121 607
121 613
121 635
121 638
121 642
121 643
121 645
121 649
121 652
121 656
121 662
121 663
121 666
121 669
121 671
121 674
121 676
121 683
121 690
121 694
121 699
121 700
121 704
121 707
121 708
121 711
121 717
121 721
121 722
121 724
121 729
121 731
121 735
121 737
121 742
121 747
121 749
121 752
121 753
121 754
121 756
121 757
121 766
121 770
121 771
121 776
121 779
121 780
121 784
121 787
121 789
121 792
121 794
121 796
121 798
121 799
121 801
121 806
121 810
121 818
121 820
121 822
121 824
121 825
121 827
121 828
121 831
121 833
121 835
121 843
121 844
121 846
121 848
121 850
121 853
121 854
121 856
121 858
121 859
121 860
121 861
121 866
121 871
121 877
121 879
121 880
121 884
121 885
121 888
121 889
121 891
121 894
121 895
121 900
121 901
121 904
121 907
121 910
121 912
121 914
121 916
121 920
121 921
121 924
121 928
121 931
121 937
121 938
121 939
121 942
121 945
121 948
121 952
121 956
121 959
121 968
121 971
121 973
121 976
121 980
121 982
121 990
121 991
121 995
122 501
122 504
122 509
122 511
122 517
122 518
122 519
122 520
122 526
122 529
122 530
122 534
122 537
122 541
122 542
122 545
122 547
122 548
122 549
122 552
122 553
122 556
122 557
122 566
122 568
122 569
122 572
122 573
122 575
122 577
122 582
122 587
122 589
122 595
122 602
122 605
122 606
122 608
122 613
122 618
122 619
122 620
122 623
122 625
122 630
122 631
122 633
122 640
122 641
122 642
122 645
122 646
122 647
122 648
122 661
122 662
122 665
122 666
122 670
122 671
122 673
122 674
122 675
122 682
122 683
122 684
122 686
122 692
122 694
122 696
122 697
122 698
122 700
122 701
122 704
122 707
122 710
122 712
122 716
122 718
122 721
122 723
122 725
122 726
122 735
122 737
122 743
122 744
122 746
122 747
122 763
122 764
122 765
122 772
122 773
122 780
122 786
122 788
122 792
122 801
122 803
122 807
122 808
122 809
122 810
122 811
122 812
122 813
122 814
122 820
122 821
122 830
122 832
122 835
122 838
122 839
122 841
122 843
122 844
122 851
122 852
122 853
122 862
122 863
122 864
122 868
122 870
122 872
122 875
122 876
122 877
122 878
122 880
122 881
122 882
122 883
122 884
122 890
122 896
122 899
122 901
122 902
122 903
122 904
122 906
122 910
122 912
122 916
122 917
122 921
122 922
122 923
122 927
122 932
122 933
122 937
122 938
122 942
122 958
122 964
122 965
122 966
122 967
122 968
122 976
122 983
122 985
122 988
122 990
122 999
123 502
123 505
123 506
123 515
123 518
123 521
123 522
123 523
123 525
123 527
123 528
123 533
123 535
123 538
123 539
123 540
123 545
123 547
123 550
123 552
123 556
123 558
123 559
123 560
123 567
123 568
123 571
123 574
123 578
123 579
123 583
123 584
123 587
123 588
123 595
123 596
123 597
123 602
123 604
123 606
123 611
123 612
123 613
123 614
123 618
123 624
123 626
123 628
123 636
123 637
123 643
123 644
123 647
123 648
123 649
123 664
123 672
123 673
123 679
123 681
123 683
123 686
123 689
123 690
123 692
123 693
123 694
123 700
123 705
123 708
123 711
123 712
123 715
123 716
123 717
123 721
123 722
123 723
123 724
123 725
123 726
123 731
123 736
123 752
123 754
123 759
123 760
123 766
123 773
123 777
123 780
123 782
123 783
123 785
123 788
123 793
123 794
123 796
123 806
123 808
123 812
123 815
123 817
123 819
123 822
123 825
123 829
123 834
123 843
123 844
123 845
123 846
123 850
123 851
123 856
123 869
123 870
123 871
123 873
123 877
123 878
123 882
123 884
123 885
123 900
123 904
123 910
123 911
123 919
123 923
123 926
123 928
123 932
123 933
123 941
123 943
123 944
123 945
123 946
123 948
123 951
123 953
123 955
123 958
123 961
123 962
123 964
123 965
123 966
123 969
123 972
123 974
123 979
123 981
123 984
123 986
123 990
123 992
123 995
123 1000
124 504
124 505
124 510
124 516
124 525
124 529
124 532
124 536
124 542
124 548
124 552
124 557
124 561
124 562
124 563
124 565
124 567
124 574
124 578
124 579
124 585
124 591
124 597
124 602
124 604
124 609
124 613
124 623
124 625
124 626
124 632
124 635
124 636
124 637
124 641
124 642
124 646
124 647
124 648
124 657
124 659
124 661
124 666
124 672
124 674
124 675
124 676
124 684
124 688
124 691
124 692
124 693
124 696
124 700
124 701
124 705
124 706
124 707
124 718
124 726
124 729
124 731
124 734
124 736
124 739
124 748
124 750
124 752
124 759
124 764
124 771
124 773
124 779
124 780
124 786
124 788
124 789
124 790
124 794
124 796
124 797
124 802
124 805
124 808
124 809
124 810
124 817
124 821
124 826
124 842
124 845
124 849
124 850
124 853
124 858
124 859
124 861
124 864
124 867
124 872
124 881
124 893
124 895
124 898
124 899
124 905
124 918
124 922
124 924
124 926
124 931
124 942
124 945
124 946
124 949
124 951
124 954
124 956
124 957
124 958
124 960
124 961
124 973
124 974
124 975
124 979
124 983
124 985
124 987
124 988
124 997
124 998
124 1000
125 502
125 505
125 506
125 509
125 517
125 531
125 533
125 535
125 538
125 540
125 543
125 544
125 546
125 551
125 553
125 554
125 565
125 570
125 571
125 576
125 582
125 583
125 587
125 588
125 589
125 593
125 595
125 596
125 599
125 601
125 602
125 606
125 607
125 611
125 617
125 620
125 624
125 627
125 631
125 634
125 637
125 639
125 640
125 648
125 651
125 653
125 655
125 658
125 659
125 665
125 666
125 667
125 670
125 673
125 674
125 678
125 682
125 691
125 694
125 695
125 696
125 697
125 699
125 700
125 704
125 708
125 712
125 715
125 717
125 720
125 726
125 729
125 731
125 733
125 734
125 735
125 744
125 747
125 751
125 752
125 753
125 754
125 755
125 756
125 760
125 762
125 765
125 769
125 770
125 790
125 795
125 796
125 804
125 807
125 809
125 815
125 816
125 817
125 818
125 821
125 823
125 824
125 837
125 842
125 847
125 848
125 850
125 851
125 852
125 853
125 866
125 869
125 874
125 877
125 879
125 884
125 886
125 891
125 901
125 904
125 905
125 909
125 910
125 911
125 914
125 919
125 929
125 930
125 931
125 937
125 938
125 941
125 943
125 945
125 949
125 953
125 959
125 960
125 965
125 966
125 969
125 970
125 984
125 985
125 986
125 995
125 996
125 997
126 501
126 503
126 504
126 505
126 510
126 518
126 519
126 524
126 527
126 529
126 531
126 538
126 539
126 540
126 541
126 543
126 544
126 548
126 553
126 555
126 556
126 557
126 563
126 564
126 565
126 578
126 584
126 585
126 588
126 589
126 594
126 595
126 599
126 603
126 605
126 608
126 611
126 612
126 615
126 616
126 617
126 618
126 619
126 631
126 633
126 640
126 641
126 643
126 644
126 653
126 657
126 659
126 665
126 667
126 670
126 673
126 687
126 690
126 692
126 693
126 694
126 695
126 701
126 704
126 705
126 706
126 707
126 710
126 712
126 714
126 716
126 717
126 718
126 719
126 723
126 732
126 736
126 738
126 739
126 741
126 747
126 749
126 750
126 758
126 764
126 770
126 774
126 777
126 784
126 794
126 795
126 797
126 803
126 805
126 811
126 812
126 815
126 816
126 818
126 821
126 822
126 823
126 836
126 849
126 852
126 853
126 854
126 857
126 858
126 860
126 863
126 865
126 866
126 868
126 870
126 871
126 872
126 882
126 889
126 895
126 897
126 905
126 910
126 911
126 912
126 914
126 915
126 917
126 922
126 923
126 924
126 925
126 928
126 939
126 941
126 942
126 943
126 945
126 946
126 947
126 955
126 956
126 958
126 962
126 964
126 966
126 973
126 974
126 977
126 978
126 981
126 984
126 987
126 988
126 996
126 997
127 501
127 502
127 507
127 510
127 521
127 530
127 538
127 539
127 541
127 546
127 547
127 550
127 557
127 560
127 566
127 572
127 576
127 577
127 578
127 580
127 588
127 589
127 590
127 595
127 596
127 599
127 601
127 602
127 603
127 609
127 610
127 611
127 616
127 622
127 623
127 625
127 627
127 628
127 629
127 635
127 637
127 638
127 639
127 647
127 648
127 650
127 653
127 654
127 659
127 661
127 664
127 667
127 673
127 675
127 678
127 680
127 683
127 691
127 694
127 696
127 697
127 707
127 712
127 715
127 727
127 732
127 734
127 736
127 739
127 741
127 743
127 744
127 745
127 746
127 747
127 748
127 751
127 753
127 759
127 762
127 774
127 777
127 782
127 783
127 786
127 799
127 801
127 805
127 807
127 810
127 817
127 818
127 823
127 831
127 833
127 838
127 840
127 857
127 863
127 872
127 883
127 884
127 887
127 888
127 894
127 901
127 905
127 929
127 936
127 938
127 939
127 940
127 941
127 948
127 950
127 953
127 959
127 963
127 966
127 972
127 974
127 984
127 986
127 989
127 990
127 996
128 503
128 504
128 505
128 507
128 514
128 515
128 517
128 521
128 522
128 526
128 529
128 533
128 534
128 535
128 541
128 542
128 543
128 545
128 549
128 552
128 563
128 565
128 571
128 572
128 584
128 585
128 586
128 599
128 602
128 604
128 606
128 607
128 608
128 609
128 612
128 613
128 616
128 620
128 621
128 622
128 624
128 628
128 633
128 636
128 641
128 643
128 648
128 649
128 654
128 655
128 660
128 661
128 665
128 669
128 671
128 672
128 677
128 679
128 680
128 681
128 684
128 687
128 688
128 691
128 695
128 714
128 716
128 717
128 718
128 721
128 723
128 728
128 733
128 737
128 746
128 752
128 754
128 756
128 758
128 762
128 764
128 765
128 766
128 774
128 784
128 785
128 792
128 795
128 802
128 804
128 808
128 814
128 824
128 826
128 827
128 829
128 831
128 833
128 837
128 838
128 843
128 845
128 850
128 855
128 857
128 859
128 862
128 863
128 868
128 874
128 876
128 890
128 892
128 893
128 896
128 897
128 900
128 905
128 907
128 909
128 912
128 914
128 917
128 919
128 923
128 929
128 932
128 933
128 934
128 935
128 939
128 942
128 943
128 944
128 951
128 952
128 953
128 961
128 962
128 966
128 967
128 972
128 980
128 984
128 986
128 988
128 989
128 990
128 991
128 992
128 993
128 994
128 996
128 1000
129 501
129 504
129 507
129 511
129 515
129 518
129 519
129 522
129 527
129 540
129 541
129 545
129 552
129 559
129 562
129 565
129 566
129 568
129 570
129 571
129 572
129 573
129 574
129 576
129 577
129 582
129 588
129 590
129 591
129 592
129 593
129 600
129 605
129 608
129 609
129 611
129 614
129 615
129 621
129 623
129 628
129 631
129 633
129 634
129 638
129 643
129 644
129 645
129 648
129 649
129 656
129 665
129 666
129 668
129 674
129 677
129 684
129 685
129 688
129 689
129 696
129 697
129 698
129 707
129 710
129 719
129 727
129 729
129 733
129 736
129 741
129 742
129 745
129 747
129 753
129 754
129 755
129 770
129 773
129 775
129 777
129 781
129 784
129 787
129 792
129 794
129 798
129 800
129 804
129 805
129 806
129 809
129 811
129 815
129 817
129 831
129 832
129 837
129 838
129 842
129 860
129 861
129 865
129 872
129 873
129 875
129 877
129 878
129 879
129 880
129 883
129 885
129 890
129 892
129 893
129 896
129 897
129 898
129 901
129 904
129 907
129 908
129 912
129 913
129 915
129 920
129 921
129 933
129 942
129 946
129 947
129 950
129 954
129 956
129 958
129 959
129 960
129 963
129 967
129 973
129 976
129 977
129 990
129 1000
130 508
130 509
130 514
130 516
130 517
130 518
130 520
130 522
130 523
130 527
130 530
130 533
130 539
130 547
130 550
130 555
130 556
130 565
130 566
130 567
130 568
130 569
130 572
130 574
130 576
130 580
130 586
130 600
130 602
130 603
130 606
130 612
130 614
130 618
130 632
130 641
130 645
130 648
130 651
130 652
130 656
130 660
130 661
130 665
130 666
130 676
130 679
130 680
130 681
130 683
130 697
130 708
130 712
130 717
130 722
130 725
130 726
130 730
130 740
130 743
130 744
130 745
130 746
130 748
130 751
130 753
130 754
130 755
130 761
130 762
130 764
130 765
130 766
130 767
130 769
130 774
130 775
130 776
130 777
130 787
130 789
130 792
130 797
130 798
130 799
130 811
130 813
130 817
130 818
130 819
130 820
130 829
130 840
130 841
130 848
130 857
130 859
130 866
130 869
130 871
130 876
130 880
130 882
130 883
130 884
130 888
130 890
130 894
130 895
130 897
130 899
130 901
130 903
130 904
130 905
130 910
130 911
130 915
130 917
130 919
130 922
130 924
130 926
130 931
130 933
130 935
130 936
130 937
130 945
130 947
130 950
130 953
130 954
130 955
130 962
130 965
130 967
130 969
130 973
130 975
130 977
130 979
130 990
130 991
130 994
130 997
130 999
131 504
131 507
131 509
131 510
131 513
131 515
131 517
131 518
131 519
131 523
131 527
131 529
131 530
131 531
131 539
131 540
131 550
131 551
131 556
131 560
131 562
131 568
131 570
131 571
131 572
131 573
131 580
131 582
131 583
131 584
131 589
131 591
131 592
131 593
131 594
131 596
131 599
131 603
131 614
131 615
131 618
131 621
131 625
131 629
131 630
131 632
131 633
131 641
131 643
131 644
131 646
131 648
131 650
131 652
131 654
131 657
131 660
131 665
131 666
131 670
131 676
131 681
131 684
131 688
131 695
131 701
131 703
131 704
131 711
131 713
131 715
131 719
131 720
131 721
131 722
131 725
131 730
131 734
131 737
131 739
131 743
131 749
131 751
131 752
131 755
131 762
131 766
131 770
131 772
131 779
131 782
131 786
131 792
131 795
131 797
131 798
131 801
131 804
131 811
131 813
131 814
131 815
131 820
131 826
131 829
131 833
131 834
131 835
131 840
131 846
131 847
131 848
131 854
131 859
131 864
131 872
131 874
131 875
131 876
131 877
131 878
131 879
131 880
131 886
131 889
131 890
131 900
131 901
131 904
131 910
131 911
131 914
131 917
131 918
131 923
131 924
131 927
131 931
131 935
131 943
131 947
131 952
131 953
131 961
131 964
131 966
131 967
131 969
131 972
131 973
131 974
131 976
131 979
131 994
131 1000
132 501
132 503
132 510
132 512
132 516
132 518
132 527
132 528
132 530
132 544
132 546
132 553
132 556
132 557
132 558
132 566
132 569
132 570
132 571
132 576
132 582
132 586
132 587
132 589
132 591
132 593
132 594
132 595
132 600
132 605
132 608
132 609
132 611
132 612
132 619
132 621
132 623
132 625
132 628
132 630
132 632
132 633
132 634
132 635
132 639
132 641
132 642
132 643
132 645
132 659
132 660
132 663
132 666
132 674
132 678
132 680
132 687
132 689
132 690
132 691
132 694
132 698
132 699
132 701
132 703
132 704
132 707
132 708
132 709
132 714
132 715
132 717
132 723
132 726
132 730
132 732
132 734
132 737
132 739
132 748
132 751
132 752
132 756
132 760
132 761
132 765
132 769
132 774
132 775
132 782
132 783
132 786
132 787
132 792
132 796
132 799
132 801
132 804
132 805
132 807
132 808
132 812
132 815
132 817
132 822
132 823
132 827
132 832
132 834
132 835
132 837
132 841
132 842
132 843
132 845
132 848
132 850
132 854
132 858
132 862
132 874
132 878
132 881
132 884
132 891
132 894
132 899
132 905
132 917
132 920
132 923
132 925
132 927
132 936
132 938
132 940
132 944
132 955
132 959
132 960
132 961
132 963
132 964
132 970
132 971
132 973
132 976
132 978
132 985
132 988
132 991
132 992
132 996
132 998
132 999
133 501
133 502
133 504
133 510
133 517
133 524
133 530
133 532
133 541
133 542
133 547
133 551
133 552
133 554
133 560
133 567
133 569
133 570
133 571
133 572
133 573
133 576
133 577
133 578
133 582
133 583
133 585
133 586
133 590
133 594
133 600
133 603
133 607
133 609
133 614
133 619
133 620
133 621
133 622
133 623
133 626
133 629
133 632
133 633
133 634
133 643
133 644
133 645
133 647
133 649
133 651
133 653
133 660
133 663
133 665
133 668
133 671
133 674
133 685
133 686
133 688
133 697
133 700
133 713
133 715
133 718
133 721
133 738
133 739
133 741
133 748
133 749
133 750
133 752
133 756
133 757
133 759
133 765
133 771
133 773
133 777
133 781
133 782
133 783
133 786
133 793
133 798
133 799
133 801
133 805
133 806
133 807
133 813
133 818
133 826
133 828
133 834
133 835
133 837
133 838
133 841
133 850
133 857
133 862
133 865
133 880
133 881
133 896
133 897
133 900
133 901
133 902
133 903
133 904
133 905
133 908
133 909
133 913
133 919
133 920
133 921
133 922
133 927
133 928
133 929
133 930
133 932
133 933
133 941
133 943
133 944
133 945
133 947
133 950
133 952
133 954
133 963
133 964
133 966
133 968
133 971
133 975
133 977
133 985
133 987
133 988
133 995
133 1000
134 502
134 504
134 511
134 513
134 515
134 519
134 524
134 525
134 531
134 537
134 538
134 539
134 540
134 548
134 549
134 551
134 552
134 553
134 559
134 564
134 567
134 568
134 571
134 573
134 575
134 576
134 577
134 579
134 584
134 586
134 591
134 592
134 594
134 600
134 601
134 604
134 605
134 609
134 610
134 614
134 616
134 624
134 625
134 627
134 629
134 630
134 634
134 643
134 651
134 653
134 658
134 661
134 667
134 669
134 680
134 681
134 683
134 684
134 689
134 695
134 697
134 710
134 711
134 715
134 720
134 727
134 731
134 734
134 739
134 741
134 743
134 745
134 746
134 750
134 752
134 753
134 755
134 759
134 764
134 770
134 773
134 778
134 796
134 801
134 804
134 805
134 809
134 812
134 816
134 817
134 820
134 831
134 832
134 835
134 837
134 839
134 843
134 844
134 845
134 849
134 853
134 857
134 862
134 863
134 864
134 865
134 866
134 868
134 871
134 873
134 877
134 878
134 879
134 885
134 893
134 894
134 895
134 898
134 900
134 906
134 908
134 910
134 920
134 924
134 936
134 937
134 938
134 940
134 942
134 943
134 946
134 948
134 950
134 956
134 957
134 959
134 962
134 963
134 970
134 971
134 972
134 980
134 981
134 984
134 985
134 986
134 987
134 989
134 990
134 1000
135 505
135 506
135 507
135 508
135 509
135 511
135 516
135 520
135 522
135 528
135 529
135 532
135 533
135 537
135 540
135 541
135 545
135 547
135 550
135 551
135 552
135 555
135 557
135 558
135 564
135 567
135 569
135 573
135 575
135 578
135 582
135 589
135 591
135 592
135 600
135 601
135 610
135 612
135 613
135 615
135 616
135 618
135 619
135 621
135 623
135 628
135 629
135 634
135 637
135 639
135 641
135 642
135 650
135 658
135 665
135 666
135 671
135 672
135 681
135 684
135 689
135 691
135 693
135 706
135 707
135 708
135 709
135 713
135 714
135 715
135 716
135 719
135 721
135 726
135 734
135 739
135 740
135 741
135 748
135 757
135 759
135 761
135 764
135 768
135 770
135 771
135 774
135 775
135 777
135 780
135 781
135 783
135 786
135 787
135 789
135 800
135 807
135 808
135 813
135 816
135 819
135 820
135 826
135 830
135 833
135 834
135 838
135 844
135 846
135 849
135 853
135 854
135 855
135 860
135 862
135 864
135 869
135 873
135 875
135 879
135 886
135 890
135 893
135 895
135 896
135 897
135 909
135 912
135 916
135 918
135 919
135 920
135 924
135 926
135 927
135 928
135 934
135 942
135 944
135 954
135 959
135 961
135 963
135 964
135 977
135 978
135 980
135 983
135 986
135 987
135 991
135 995
136 501
136 503
136 509
136 510
136 516
136 518
136 519
136 520
136 521
136 524
136 530
136 535
136 539
136 542
136 545
136 546
136 548
136 551
136 552
136 554
136 557
136 563
136 564
136 565
136 569
136 572
136 575
136 576
136 577
136 578
136 579
136 581
136 582
136 586
136 588
136 589
136 591
136 596
136 597
136 600
136 602
136 603
136 606
136 611
136 613
136 617
136 623
136 625
136 626
136 627
136 629
136 632
136 633
136 635
136 636
136 639
136 646
136 648
136 649
136 650
136 654
136 655
136 659
136 664
136 667
136 674
136 685
136 691
136 693
136 700
136 703
136 708
136 711
136 715
136 719
136 720
136 723
136 726
136 729
136 733
136 739
136 746
136 753
136 759
136 760
136 763
136 764
136 765
136 767
136 774
136 775
136 776
136 779
136 780
136 784
136 790
136 791
136 792
136 793
136 794
136 797
136 799
136 802
136 804
136 806
136 809
136 813
136 817
136 822
136 831
136 833
136 835
136 849
136 850
136 851
136 855
136 856
136 862
136 865
136 869
136 873
136 875
136 876
136 881
136 884
136 885
136 888
136 891
136 899
136 908
136 910
136 911
136 914
136 918
136 924
136 925
136 932
136 936
136 938
136 940
136 945
136 946
136 948
136 949
136 953
136 954
136 955
136 963
136 967
136 968
136 971
136 972
136 975
136 980
136 983
136 986
136 992
137 501
137 502
137 504
137 505
137 506
137 510
137 511
137 514
137 517
137 525
137 528
137 531
137 537
137 541
137 544
137 547
137 550
137 557
137 561
137 565
137 567
137 572
137 581
137 587
137 594
137 595
137 598
137 599
137 603
137 604
137 605
137 606
137 607
137 608
137 613
137 620
137 622
137 628
137 632
137 635
137 638
137 639
137 650
137 656
137 665
137 668
137 669
137 671
137 675
137 678
137 679
137 680
137 684
137 693
137 699
137 701
137 704
137 707
137 713
137 714
137 717
137 718
137 721
137 723
137 729
137 731
137 732
137 738
137 739
137 741
137 743
137 745
137 748
137 752
137 753
137 755
137 756
137 758
137 767
137 774
137 790
137 792
137 795
137 796
137 797
137 799
137 807
137 809
137 811
137 814
137 817
137 819
137 820
137 828
137 829
137 835
137 838
137 843
137 844
137 852
137 853
137 866
137 869
137 870
137 871
137 872
137 874
137 875
137 877
137 882
137 884
137 886
137 892
137 893
137 894
137 895
137 899
137 905
137 917
137 919
137 922
137 923
137 924
137 929
137 939
137 940
137 947
137 949
137 951
137 953
137 955
137 958
137 960
137 961
137 965
137 967
137 974
137 977
137 980
137 981
137 988
137 991
137 998
137 1000
138 501
138 513
138 520
138 523
138 524
138 525
138 532
138 533
138 537
138 540
138 545
138 546
138 550
138 552
138 553
138 555
138 560
138 564
138 569
138 570
138 573
138 580
138 583
138 586
138 592
138 594
138 598
138 600
138 604
138 606
138 607
138 615
138 616
138 617
138 620
138 629
138 630
138 631
138 633
138 635
138 640
138 644
138 645
138 649
138 650
138 660
138 661
138 665
138 666
138 668
138 673
138 677
138 678
138 682
138 683
138 685
138 690
138 697
138 701
138 703
138 704
138 709
138 711
138 714
138 717
138 718
138 722
138 723
138 725
138 726
138 733
138 738
138 742
138 747
138 750
138 752
138 754
138 756
138 761
138 765
138 767
138 771
138 773
138 777
138 781
138 788
138 793
138 794
138 795
138 798
138 799
138 801
138 810
138 812
138 813
138 814
138 819
138 821
138 822
138 827
138 831
138 833
138 839
138 841
138 844
138 845
138 846
138 847
138 848
138 849
138 850
138 852
138 853
138 854
138 859
138 860
138 861
138 863
138 864
138 868
138 869
138 871
138 878
138 884
138 904
138 906
138 911
138 912
138 914
138 920
138 922
138 923
138 924
138 927
138 931
138 933
138 936
138 938
138 943
138 944
138 946
138 950
138 955
138 959
138 960
138 962
138 971
138 976
138 977
138 980
138 983
138 984
138 986
138 990
138 996
138 1000
139 501
139 502
139 510
139 511
139 515
139 520
139 522
139 523
139 525
139 527
139 532
139 534
139 536
139 537
139 541
139 547
139 549
139 554
139 562
139 580
139 582
139 584
139 598
139 602
139 603
139 609
139 610
139 614
139 616
139 621
139 632
139 634
139 635
139 636
139 639
139 640
139 641
139 643
139 656
139 665
139 679
139 680
139 690
139 693
139 694
139 698
139 702
139 704
139 706
139 713
139 715
139 719
139 721
139 729
139 732
139 737
139 740
139 746
139 749
139 752
139 753
139 757
139 758
139 761
139 764
139 766
139 768
139 772
139 773
139 774
139 775
139 778
139 779
139 780
139 781
139 783
139 786
139 791
139 794
139 796
139 798
139 799
139 800
139 804
139 812
139 815
139 818
139 819
139 831
139 833
139 834
139 839
139 841
139 842
139 851
139 854
139 856
139 857
139 859
139 860
139 862
139 863
139 873
139 875
139 880
139 881
139 882
139 883
139 884
139 887
139 894
139 895
139 896
139 900
139 903
139 905
139 908
139 909
139 912
139 914
139 915
139 927
139 932
139 938
139 939
139 941
139 942
139 947
139 950
139 952
139 954
139 956
139 960
139 966
139 968
139 970
139 971
139 976
139 980
139 983
139 984
139 986
139 988
139 989
139 991
139 992
139 994
139 997
139 998
140 503
140 504
140 507
140 508
140 510
140 520
140 522
140 523
140 524
140 525
140 532
140 533
140 536
140 538
140 540
140 541
140 542
140 543
140 547
140 550
140 552
140 553
140 554
140 557
140 558
140 560
140 564
140 565
140 571
140 581
140 583
140 585
140 598
140 601
140 612
140 613
140 614
140 615
140 618
140 619
140 626
140 627
140 629
140 630
140 632
140 642
140 643
140 648
140 651
140 652
140 653
140 655
140 657
140 658
140 660
140 666
140 671
140 679
140 681
140 686
140 687
140 690
140 694
140 696
140 698
140 701
140 705
140 707
140 713
140 714
140 715
140 716
140 722
140 727
140 730
140 732
140 734
140 735
140 740
140 743
140 747
140 749
140 756
140 759
140 761
140 771
140 774
140 776
140 777
140 780
140 784
140 785
140 791
140 797
140 799
140 810
140 813
140 817
140 819
140 822
140 823
140 824
140 825
140 832
140 837
140 839
140 840
140 842
140 843
140 844
140 852
140 862
140 865
140 871
140 872
140 873
140 875
140 891
140 892
140 893
140 895
140 899
140 903
140 905
140 907
140 908
140 912
140 913
140 915
140 916
140 923
140 924
140 926
140 930
140 944
140 947
140 954
140 958
140 964
140 968
140 981
140 983
140 987
140 991
140 996
140 999
141 505
141 506
141 510
141 512
141 513
141 521
141 523
141 525
141 534
141 541
141 544
141 546
141 550
141 554
141 559
141 560
141 562
141 564
141 568
141 569
141 570
141 574
141 576
141 581
141 583
141 584
141 585
141 588
141 590
141 593
141 595
141 603
141 609
141 611
141 614
141 616
141 618
141 625
141 628
141 633
141 636
141 642
141 643
141 645
141 648
141 649
141 650
141 651
141 652
141 653
141 658
141 659
141 660
141 662
141 665
141 669
141 670
141 672
141 675
141 685
141 688
141 691
141 692
141 696
141 697
141 698
141 701
141 704
141 705
141 709
141 718
141 722
141 725
141 727
141 732
141 738
141 747
141 748
141 749
141 750
141 751
141 752
141 754
141 756
141 759
141 767
141 770
141 771
141 772
141 773
141 774
141 785
141 789
141 796
141 798
141 800
141 805
141 806
141 810
141 811
141 812
141 815
141 816
141 818
141 821
141 822
141 824
141 829
141 830
141 831
141 832
141 833
141 834
141 836
141 842
141 844
141 845
141 846
141 847
141 848
141 850
141 856
141 858
141 860
141 865
141 872
141 874
141 877
141 878
141 879
141 880
141 882
141 885
141 896
141 898
141 904
141 907
141 908
141 909
141 915
141 920
141 921
141 923
141 924
141 927
141 928
141 933
141 935
141 938
141 939
141 942
141 943
141 952
141 957
141 958
141 959
141 962
141 964
141 966
141 970
141 974
141 975
141 977
141 983
141 988
141 989
141 990
141 992
141 996
141 999
142 503
142 506
142 509
142 510
142 521
142 524
142 528
142 531
142 535
142 542
142 543
142 544
142 547
142 549
142 551
142 559
142 570
142 575
142 579
142 581
142 583
142 585
142 589
142 597
142 600
142 603
142 608
142 609
142 613
142 615
142 617
142 620
142 623
142 625
142 626
142 633
142 634
142 636
142 638
142 642
142 645
142 652
142 655
142 656
142 662
142 663
142 669
142 674
142 678
142 679
142 691
142 692
142 693
142 695
142 698
142 701
142 702
142 703
142 706
142 708
142 709
142 710
142 715
142 719
142 723
142 731
142 742
142 743
142 747
142 748
142 753
142 756
142 759
142 761
142 763
142 765
142 773
142 774
142 781
142 782
142 783
142 788
142 790
142 792
142 794
142 800
142 802
142 815
142 818
142 821
142 823
142 828
142 829
142 832
142 836
142 839
142 841
142 842
142 852
142 854
142 857
142 858
142 860
142 862
142 865
142 866
142 867
142 869
142 870
142 871
142 872
142 874
142 876
142 886
142 892
142 895
142 897
142 898
142 903
142 905
142 906
142 911
142 919
142 921
142 924
142 926
142 928
142 930
142 934
142 936
142 937
142 938
142 941
142 943
142 956
142 958
142 961
142 968
142 970
142 976
142 983
142 984
142 991
142 995
142 997
143 502
143 506
143 521
143 523
143 530
143 534
143 535
143 539
143 543
143 545
143 546
143 564
143 575
143 576
143 577
143 579
143 582
143 586
143 595
143 600
143 603
143 604
143 605
143 608
143 615
143 622
143 629
143 630
143 631
143 636
143 642
143 643
143 644
143 651
143 654
143 655
143 660
143 661
143 662
143 663
143 668
143 671
143 675
143 676
143 683
143 686
143 689
143 690
143 694
143 695
143 705
143 707
143 712
143 714
143 715
143 726
143 729
143 732
143 735
143 739
143 742
143 743
143 744
143 746
143 748
143 750
143 753
143 754
143 757
143 763
143 764
143 773
143 777
143 780
143 782
143 790
143 796
143 797
143 798
143 799
143 803
143 804
143 806
143 807
143 815
143 827
143 828
143 829
143 831
143 833
143 836
143 843
143 847
143 848
143 849
143 852
143 853
143 854
143 859
143 861
143 862
143 865
143 868
143 869
143 870
143 875
143 876
143 880
143 881
143 888
143 890
143 892
143 895
143 899
143 904
143 916
143 917
143 919
143 920
143 928
143 929
143 931
143 937
143 938
143 939
143 940
143 944
143 947
143 948
143 953
143 959
143 960
143 961
143 967
143 969
143 973
143 980
143 986
143 992
143 999
143 1000
144 502
144 503
144 504
144 505
144 508
144 509
144 515
144 516
144 519
144 521
144 523
144 536
144 544
144 545
144 551
144 553
144 556
144 557
144 569
144 571
144 572
144 578
144 579
144 580
144 582
144 583
144 585
144 586
144 587
144 588
144 589
144 592
144 594
144 595
144 596
144 607
144 613
144 621
144 624
144 625
144 626
144 630
144 632
144 633
144 637
144 640
144 641
144 642
144 644
144 652
144 655
144 665
144 667
144 674
144 675
144 680
144 684
144 686
144 688
144 692
144 697
144 703
144 712
144 713
144 714
144 715
144 730
144 732
144 735
144 739
144 748
144 752
144 754
144 755
144 756
144 761
144 763
144 772
144 773
144 774
144 775
144 776
144 778
144 780
144 783
144 791
144 794
144 795
144 798
144 800
144 803
144 806
144 816
144 818
144 819
144 825
144 827
144 831
144 832
144 834
144 835
144 838
144 841
144 844
144 845
144 849
144 850
144 852
144 862
144 863
144 867
144 869
144 870
144 871
144 874
144 877
144 881
144 884
144 890
144 893
144 894
144 897
144 899
144 901
144 902
144 903
144 906
144 910
144 915
144 920
144 922
144 926
144 930
144 931
144 932
144 933
144 935
144 939
144 941
144 942
144 943
144 953
144 955
144 959
144 964
144 971
144 974
144 980
144 987
144 988
144 991
144 995
144 998
145 505
145 506
145 509
145 513
145 515
145 516
145 519
145 522
145 533
145 535
145 538
145 539
145 540
145 548
145 553
145 556
145 562
145 563
145 564
145 570
145 576
145 582
145 583
145 585
145 588
145 593
145 595
145 597
145 598
145 601
145 606
145 607
145 608
145 610
145 611
145 614
145 619
145 622
145 627
145 628
145 634
145 636
145 638
145 639
145 647
145 650
145 651
145 657
145 659
145 660
145 662
145 663
145 664
145 666
145 668
145 671
145 674
145 675
145 677
145 689
145 692
145 693
145 698
145 699
145 700
145 716
145 718
145 719
145 726
145 739
145 741
145 744
145 745
145 748
145 749
145 753
145 754
145 758
145 766
145 771
145 773
145 775
145 785
145 786
145 789
145 793
145 797
145 805
145 808
145 809
145 815
145 817
145 818
145 820
145 822
145 830
145 839
145 841
145 843
145 844
145 851
145 852
145 856
145 858
145 859
145 861
145 862
145 864
145 865
145 870
145 872
145 874
145 878
145 883
145 886
145 887
145 895
145 897
145 901
145 903
145 907
145 910
145 911
145 912
145 914
145 919
145 920
145 923
145 926
145 942
145 943
145 950
145 955
145 956
145 960
145 961
145 962
145 963
145 964
145 967
145 969
145 970
145 974
145 977
145 981
145 982
145 983
145 990
145 991
145 992
145 993
145 999
146 503
146 505
146 506
146 510
146 517
146 518
146 528
146 532
146 535
146 536
146 538
146 548
146 552
146 553
146 555
146 558
146 559
146 566
146 568
146 570
146 571
146 573
146 583
146 584
146 589
146 593
146 599
146 609
146 611
146 615
146 617
146 620
146 622
146 626
146 627
146 629
146 632
146 640
146 642
146 648
146 654
146 656
146 657
146 660
146 664
146 667
146 669
146 670
146 672
146 674
146 677
146 683
146 687
146 689
146 690
146 691
146 692
146 694
146 697
146 701
146 702
146 703
146 707
146 709
146 710
146 712
146 713
146 717
146 721
146 726
146 732
146 736
146 738
146 739
146 740
146 742
146 744
146 745
146 747
146 748
146 762
146 766
146 767
146 770
146 779
146 783
146 784
146 791
146 795
146 800
146 801
146 804
146 807
146 818
146 828
146 834
146 835
146 840
146 841
146 843
146 846
146 847
146 849
146 854
146 856
146 860
146 861
146 866
146 876
146 880
146 882
146 883
146 884
146 885
146 891
146 893
146 896
146 902
146 906
146 909
146 910
146 911
146 914
146 915
146 916
146 918
146 919
146 920
146 922
146 925
146 930
146 931
146 932
146 933
146 934
146 935
146 941
146 942
146 944
146 948
146 950
146 952
146 957
146 964
146 967
146 968
146 971
146 972
146 973
146 982
146 986
146 989
146 991
146 997
146 999
147 502
147 503
147 513
147 515
147 517
147 520
147 525
147 529
147 532
147 536
147 544
147 546
147 553
147 557
147 567
147 571
147 573
147 576
147 580
147 586
147 591
147 592
147 599
147 603
147 605
147 619
147 621
147 622
147 625
147 626
147 628
147 631
147 632
147 633
147 635
147 649
147 654
147 656
147 662
147 668
147 674
147 678
147 681
147 685
147 690
147 692
147 694
147 705
147 718
147 720
147 721
147 723
147 724
147 726
147 734
147 742
147 745
147 750
147 751
147 753
147 756
147 757
147 758
147 759
147 763
147 767
147 769
147 775
147 777
147 779
147 781
147 782
147 790
147 798
147 799
147 800
147 816
147 818
147 829
147 830
147 831
147 836
147 840
147 841
147 850
147 852
147 858
147 861
147 862
147 865
147 867
147 868
147 869
147 874
147 876
147 877
147 878
147 879
147 886
147 888
147 892
147 895
147 900
147 903
147 904
147 905
147 908
147 911
147 915
147 920
147 927
147 928
147 934
147 935
147 944
147 946
147 950
147 951
147 953
147 954
147 958
147 964
147 973
147 974
147 975
147 977
147 984
147 987
148 508
148 511
148 513
148 520
148 525
148 533
148 534
148 536
148 537
148 538
148 539
148 542
148 543
148 545
148 557
148 558
148 562
148 563
148 564
148 570
148 572
148 573
148 577
148 579
148 581
148 582
148 583
148 584
148 585
148 591
148 598
148 601
148 603
148 608
148 611
148 612
148 617
148 618
148 619
148 622
148 629
148 632
148 634
148 637
148 640
148 645
148 646
148 647
148 649
148 652
148 657
148 659
148 664
148 665
148 670
148 672
148 677
148 678
148 680
148 683
148 687
148 690
148 692
148 699
148 701
148 710
148 713
148 718
148 720
148 721
148 724
148 729
148 736
148 740
148 745
148 746
148 748
148 753
148 761
148 764
148 766
148 772
148 786
148 787
148 797
148 798
148 802
148 803
148 807
148 820
148 821
148 824
148 831
148 837
148 840
148 850
148 866
148 869
148 871
148 872
148 881
148 884
148 886
148 889
148 890
148 895
148 896
148 899
148 900
148 902
148 903
148 905
148 918
148 919
148 922
148 925
148 929
148 931
148 940
148 942
148 944
148 951
148 953
148 956
148 960
148 963
148 965
148 969
148 970
148 972
148 982
148 984
148 990
148 993
148 995
148 997
148 1000
149 501
149 506
149 508
149 512
149 514
149 516
149 528
149 529
149 532
149 535
149 536
149 537
149 538
149 542
149 543
149 546
149 547
149 549
149 563
149 566
149 571
149 577
149 581
149 582
149 583
149 586
149 590
149 598
149 600
149 602
149 606
149 609
149 610
149 614
149 615
149 616
149 621
149 624
149 626
149 629
149 630
149 635
149 647
149 650
149 651
149 652
149 654
149 656
149 657
149 662
149 663
149 664
149 672
149 673
149 679
149 680
149 684
149 686
149 687
149 692
149 699
149 702
149 704
149 709
149 717
149 723
149 732
149 737
149 742
149 748
149 753
149 756
149 759
149 760
149 762
149 767
149 769
149 770
149 772
149 784
149 788
149 789
149 790
149 792
149 793
149 795
149 796
149 797
149 803
149 805
149 806
149 811
149 812
149 813
149 815
149 818
149 820
149 822
149 827
149 831
149 832
149 836
149 837
149 840
149 845
149 848
149 852
149 859
149 868
149 871
149 873
149 879
149 883
149 888
149 890
149 899
149 901
149 903
149 905
149 907
149 911
149 912
149 917
149 922
149 925
149 926
149 932
149 935
149 942
149 943
149 945
149 947
149 948
149 967
149 971
149 976
149 978
149 979
149 981
149 982
149 984
149 985
149 987
149 992
150 502
150 503
150 504
150 505
150 506
150 508
150 517
150 524
150 529
150 532
150 538
150 545
150 554
150 564
150 565
150 566
150 567
150 577
150 580
150 585
150 592
150 596
150 598
150 601
150 604
150 606
150 608
150 609
150 611
150 613
150 616
150 620
150 628
150 632
150 638
150 641
150 642
150 649
150 657
150 666
150 669
150 670
150 675
150 676
150 679
150 683
150 685
150 686
150 687
150 689
150 692
150 697
150 705
150 707
150 713
150 714
150 715
150 719
150 720
150 731
150 733
150 734
150 737
150 738
150 740
150 744
150 746
150 749
150 752
150 754
150 756
150 759
150 762
150 763
150 764
150 770
150 776
150 777
150 778
150 781
150 789
150 790
150 793
150 794
150 799
150 800
150 801
150 803
150 806
150 808
150 815
150 824
150 829
150 834
150 839
150 841
150 853
150 857
150 858
150 860
150 861
150 863
150 865
150 868
150 871
150 872
150 875
150 885
150 886
150 892
150 894
150 901
150 910
150 914
150 919
150 920
150 923
150 929
150 930
150 935
150 938
150 940
150 941
150 945
150 946
150 949
150 951
150 957
150 959
150 961
150 962
150 968
150 972
150 976
150 977
150 980
150 986
150 991
150 998
150 999
151 509
151 510
151 519
151 526
151 527
151 532
151 533
151 535
151 538
151 539
151 546
151 549
151 559
151 562
151 570
151 575
151 579
151 580
151 581
151 584
151 585
151 587
151 589
151 598
151 599
151 604
151 606
151 610
151 611
151 614
151 620
151 622
151 623
151 624
151 626
151 627
151 628
151 629
151 633
151 634
151 637
151 638
151 639
151 641
151 642
151 645
151 647
151 649
151 651
151 653
151 660
151 669
151 670
151 673
151 675
151 677
151 678
151 685
151 686
151 688
151 694
151 696
151 697
151 698
151 712
151 715
151 735
151 736
151 743
151 747
151 748
151 756
151 759
151 764
151 765
151 766
151 768
151 770
151 772
151 774
151 777
151 786
151 787
151 791
151 792
151 796
151 797
151 799
151 802
151 804
151 805
151 808
151 809
151 812
151 814
151 817
151 822
151 823
151 824
151 830
151 832
151 834
151 835
151 838
151 841
151 844
151 846
151 847
151 849
151 857
151 861
151 862
151 866
151 870
151 871
151 874
151 875
151 879
151 880
151 882
151 885
151 887
151 892
151 900
151 902
151 904
151 905
151 906
151 914
151 917
151 918
151 920
151 927
151 931
151 932
151 933
151 936
151 958
151 960
151 961
151 966
151 967
151 975
151 977
151 978
151 980
151 982
151 986
151 987
152 503
152 509
152 514
152 515
152 520
152 521
152 522
152 526
152 527
152 532
152 536
152 540
152 543
152 546
152 548
152 549
152 554
152 557
152 559
152 570
152 576
152 583
152 584
152 590
152 593
152 594
152 595
152 598
152 601
152 603
152 606
152 607
152 610
152 616
152 619
152 623
152 626
152 627
152 628
152 629
152 630
152 635
152 636
152 637
152 640
152 649
152 651
152 652
152 655
152 658
152 661
152 670
152 672
152 673
152 678
152 684
152 690
152 691
152 693
152 694
152 696
152 700
152 703
152 707
152 714
152 720
152 721
152 729
152 730
152 731
152 732
152 734
152 737
152 740
152 741
152 745
152 749
152 758
152 761
152 764
152 765
152 780
152 783
152 785
152 786
152 787
152 789
152 793
152 797
152 801
152 802
152 803
152 805
152 809
152 813
152 819
152 820
152 823
152 824
152 825
152 827
152 829
152 839
152 841
152 842
152 848
152 850
152 856
152 865
152 867
152 882
152 886
152 889
152 897
152 901
152 903
152 904
152 905
152 906
152 907
152 913
152 916
152 917
152 923
152 924
152 927
152 928
152 933
152 943
152 946
152 947
152 950
152 951
152 953
152 955
152 956
152 959
152 960
152 961
152 964
152 970
152 975
152 980
152 989
152 990
152 994
152 996
152 997
153 502
153 510
153 511
153 515
153 517
153 522
153 528
153 529
153 530
153 531
153 540
153 545
153 546
153 548
153 550
153 552
153 553
153 556
153 559
153 563
153 566
153 567
153 570
153 572
153 573
153 580
153 581
153 592
153 598
153 600
153 601
153 603
153 607
153 608
153 609
153 610
153 612
153 613
153 614
153 617
153 619
153 628
153 630
153 632
153 633
153 640
153 642
153 650
153 651
153 652
153 656
153 659
153 660
153 664
153 670
153 671
153 678
153 686
153 687
153 688
153 689
153 691
153 693
153 695
153 697
153 702
153 706
153 707
153 710
153 717
153 718
153 721
153 726
153 733
153 736
153 737
153 738
153 739
153 741
153 744
153 747
153 751
153 759
153 761
153 762
153 763
153 772
153 773
153 774
153 783
153 785
153 787
153 790
153 794
153 800
153 806
153 807
153 810
153 817
153 818
153 821
153 822
153 826
153 828
153 831
153 833
153 836
153 838
153 839
153 841
153 846
153 850
153 851
153 853
153 857
153 862
153 863
153 871
153 875
153 877
153 878
153 882
153 886
153 888
153 889
153 892
153 894
153 899
153 905
153 907
153 910
153 913
153 914
153 915
153 916
153 920
153 923
153 924
153 929
153 932
153 938
153 941
153 948
153 950
153 951
153 960
153 964
153 966
153 968
153 970
153 971
153 973
153 974
153 978
153 980
153 989
153 991
153 992
153 994
153 995
153 996
153 998
153 999
154 501
154 509
154 511
154 513
154 514
154 517
154 522
154 535
154 536
154 540
154 541
154 545
154 546
154 549
154 552
154 563
154 570
154 574
154 579
154 584
154 586
154 589
154 593
154 594
154 595
154 597
154 598
154 600
154 603
154 606
154 607
154 608
154 610
154 612
154 613
154 614
154 618
154 620
154 623
154 625
154 627
154 638
154 646
154 651
154 653
154 656
154 661
154 662
154 667
154 669
154 670
154 673
154 676
154 681
154 684
154 690
154 693
154 698
154 699
154 706
154 707
154 708
154 710
154 713
154 715
154 717
154 726
154 727
154 728
154 731
154 738
154 741
154 744
154 745
154 748
154 750
154 753
154 754
154 756
154 760
154 763
154 772
154 780
154 781
154 782
154 783
154 786
154 787
154 796
154 798
154 799
154 800
154 806
154 818
154 819
154 827
154 829
154 835
154 836
154 837
154 844
154 845
154 850
154 852
154 857
154 864
154 865
154 869
154 870
154 872
154 874
154 881
154 885
154 886
154 891
154 898
154 900
154 901
154 902
154 904
154 905
154 907
154 911
154 912
154 915
154 918
154 919
154 920
154 926
154 927
154 931
154 934
154 936
154 939
154 940
154 941
154 945
154 950
154 952
154 954
154 956
154 959
154 961
154 970
154 973
154 975
154 977
154 980
154 981
154 983
154 984
154 985
154 987
154 992
154 997
155 503
155 504
155 515
155 519
155 523
155 528
155 534
155 545
155 553
155 555
155 556
155 559
155 560
155 566
155 581
155 586
155 589
155 597
155 601
155 604
155 605
155 606
155 607
155 608
155 610
155 612
155 613
155 625
155 628
155 629
155 630
155 635
155 636
155 638
155 639
155 644
155 654
155 658
155 661
155 662
155 663
155 666
155 668
155 680
155 681
155 684
155 688
155 692
155 693
155 703
155 704
155 709
155 714
155 718
155 719
155 723
155 725
155 729
155 731
155 732
155 733
155 736
155 737
155 738
155 741
155 742
155 743
155 745
155 758
155 766
155 768
155 770
155 777
155 780
155 781
155 782
155 786
155 787
155 788
155 792
155 793
155 794
155 802
155 810
155 816
155 817
155 834
155 835
155 841
155 843
155 845
155 847
155 848
155 849
155 850
155 851
155 853
155 854
155 859
155 862
155 865
155 869
155 870
155 876
155 887
155 889
155 890
155 891
155 893
155 895
155 899
155 902
155 909
155 912
155 913
155 915
155 917
155 919
155 921
155 926
155 928
155 933
155 935
155 939
155 947
155 949
155 950
155 956
155 958
155 962
155 968
155 970
155 971
155 973
155 974
155 984
155 989
155 994
155 996
155 997
156 501
156 502
156 503
156 506
156 508
156 511
156 513
156 516
156 523
156 526
156 529
156 532
156 535
156 540
156 550
156 551
156 552
156 556
156 558
156 562
156 564
156 565
156 566
156 568
156 569
156 570
156 571
156 574
156 575
156 576
156 585
156 588
156 590
156 593
156 595
156 596
156 598
156 600
156 603
156 604
156 605
156 606
156 609
156 616
156 619
156 621
156 624
156 628
156 629
156 631
156 638
156 644
156 650
156 655
156 672
156 677
156 686
156 687
156 689
156 692
156 694
156 698
156 700
156 702
156 709
156 710
156 712
156 715
156 717
156 722
156 723
156 725
156 726
156 728
156 736
156 741
156 743
156 744
156 748
156 749
156 750
156 752
156 759
156 760
156 765
156 768
156 772
156 774
156 776
156 778
156 779
156 780
156 781
156 782
156 786
156 787
156 788
156 790
156 793
156 797
156 799
156 800
156 804
156 806
156 811
156 812
156 817
156 822
156 829
156 830
156 838
156 846
156 849
156 851
156 856
156 857
156 859
156 860
156 862
156 870
156 879
156 882
156 883
156 884
156 886
156 888
156 889
156 892
156 895
156 896
156 898
156 904
156 913
156 916
156 921
156 925
156 926
156 929
156 932
156 934
156 942
156 944
156 947
156 948
156 949
156 957
156 958
156 962
156 963
156 964
156 966
156 969
156 971
156 972
156 973
156 974
156 975
156 982
156 985
156 993
156 999
157 503
157 505
157 508
157 509
157 514
157 515
157 516
157 518
157 522
157 532
157 534
157 535
157 536
157 542
157 543
157 546
157 547
157 561
157 563
157 565
157 566
157 569
157 583
157 587
157 588
157 592
157 599
157 602
157 603
157 604
157 605
157 608
157 610
157 619
157 620
157 621
157 622
157 628
157 632
157 635
157 639
157 641
157 647
157 648
157 649
157 652
157 653
157 654
157 655
157 657
157 661
157 666
157 669
157 682
157 686
157 687
157 688
157 692
157 695
157 698
157 699
157 703
157 705
157 706
157 707
157 711
157 712
157 713
157 714
157 716
157 721
157 722
157 723
157 730
157 732
157 735
157 737
157 738
157 740
157 743
157 748
157 750
157 752
157 756
157 757
157 759
157 760
157 765
157 768
157 774
157 777
157 779
157 782
157 784
157 789
157 792
157 795
157 797
157 798
157 799
157 801
157 803
157 804
157 811
157 813
157 817
157 821
157 825
157 826
157 829
157 834
157 836
157 837
157 838
157 839
157 846
157 847
157 851
157 852
157 853
157 856
157 859
157 860
157 861
157 864
157 866
157 871
157 872
157 873
157 874
157 875
157 878
157 879
157 881
157 884
157 887
157 889
157 892
157 898
157 905
157 907
157 918
157 919
157 920
157 922
157 923
157 926
157 929
157 938
157 949
157 951
157 953
157 958
157 966
157 970
157 972
157 975
157 983
157 994
157 1000
158 510
158 511
158 513
158 514
158 515
158 519
158 520
158 522
158 527
158 529
158 531
158 533
158 536
158 539
158 540
158 550
158 551
158 555
158 557
158 561
158 562
158 566
158 567
158 568
158 570
158 577
158 584
158 586
158 594
158 596
158 619
158 623
158 626
158 627
158 629
158 630
158 632
158 638
158 639
158 645
158 650
158 651
158 652
158 661
158 662
158 665
158 666
158 667
158 677
158 678
158 682
158 689
158 691
158 692
158 694
158 695
158 696
158 701
158 702
158 704
158 705
158 706
158 708
158 711
158 712
158 731
158 733
158 736
158 738
158 739
158 742
158 743
158 744
158 757
158 759
158 765
158 767
158 779
158 782
158 788
158 790
158 796
158 797
158 801
158 807
158 808
158 809
158 821
158 822
158 823
158 827
158 835
158 837
158 839
158 845
158 850
158 852
158 856
158 858
158 862
158 868
158 873
158 879
158 880
158 881
158 883
158 893
158 897
158 903
158 904
158 905
158 906
158 909
158 910
158 922
158 923
158 930
158 931
158 932
158 934
158 935
158 937
158 938
158 941
158 942
158 948
158 949
158 955
158 956
158 965
158 966
158 967
158 971
158 979
158 984
158 989
158 995
158 999
159 509
159 511
159 512
159 513
159 514
159 519
159 524
159 525
159 526
159 528
159 530
159 533
159 535
159 536
159 537
159 552
159 560
159 566
159 567
159 569
159 573
159 579
159 583
159 584
159 588
159 592
159 598
159 599
159 600
159 608
159 614
159 621
159 624
159 626
159 628
159 630
159 635
159 636
159 637
159 638
159 639
159 641
159 650
159 651
159 661
159 662
159 674
159 676
159 677
159 680
159 682
159 691
159 693
159 697
159 702
159 705
159 706
159 708
159 711
159 715
159 717
159 722
159 723
159 728
159 729
159 730
159 731
159 734
159 736
159 737
159 743
159 749
159 752
159 761
159 767
159 771
159 774
159 777
159 780
159 781
159 787
159 788
159 789
159 797
159 798
159 803
159 804
159 805
159 807
159 811
159 813
159 818
159 819
159 823
159 826
159 831
159 833
159 834
159 837
159 839
159 847
159 849
159 856
159 860
159 869
159 875
159 877
159 882
159 883
159 884
159 888
159 891
159 892
159 895
159 896
159 902
159 903
159 906
159 912
159 914
159 916
159 917
159 920
159 922
159 929
159 936
159 940
159 943
159 946
159 952
159 953
159 954
159 955
159 961
159 965
159 968
159 973
159 976
159 977
159 978
159 982
159 988
159 989
159 993
159 994
159 997
159 999
160 507
160 511
160 512
160 519
160 525
160 526
160 531
160 535
160 540
160 541
160 542
160 545
160 547
160 549
160 556
160 560
160 563
160 564
160 566
160 567
160 568
160 571
160 577
160 583
160 588
160 591
160 593
160 597
160 603
160 611
160 614
160 615
160 625
160 626
160 630
160 635
160 641
160 646
160 648
160 652
160 656
160 657
160 665
160 666
160 667
160 677
160 680
160 684
160 686
160 689
160 692
160 694
160 697
160 701
160 703
160 710
160 722
160 723
160 724
160 725
160 726
160 741
160 745
160 748
160 749
160 750
160 753
160 754
160 755
160 760
160 761
160 765
160 766
160 769
160 772
160 778
160 780
160 784
160 787
160 794
160 797
160 798
160 801
160 803
160 804
160 809
160 812
160 814
160 815
160 820
160 822
160 827
160 831
160 832
160 848
160 850
160 851
160 852
160 855
160 856
160 857
160 858
160 861
160 865
160 868
160 873
160 874
160 886
160 887
160 888
160 890
160 893
160 894
160 904
160 910
160 916
160 918
160 924
160 926
160 937
160 940
160 946
160 947
160 952
160 955
160 973
160 976
160 988
160 989
160 994
160 995
161 502
161 505
161 508
161 512
161 516
161 518
161 525
161 528
161 533
161 534
161 538
161 541
161 542
161 543
161 545
161 548
161 549
161 552
161 555
161 557
161 559
161 561
161 565
161 568
161 575
161 582
161 584
161 586
161 587
161 590
161 612
161 613
161 615
161 617
161 618
161 623
161 624
161 636
161 643
161 646
161 654
161 655
161 659
161 661
161 669
161 670
161 671
161 672
161 675
161 676
161 678
161 681
161 683
161 684
161 686
161 687
161 688
161 694
161 695
161 697
161 699
161 710
161 711
161 712
161 714
161 716
161 717
161 718
161 720
161 725
161 727
161 728
161 732
161 737
161 740
161 741
161 747
161 748
161 750
161 752
161 756
161 758
161 761
161 770
161 774
161 779
161 780
161 782
161 788
161 792
161 795
161 798
161 804
161 806
161 809
161 816
161 823
161 829
161 830
161 839
161 840
161 847
161 850
161 856
161 857
161 865
161 866
161 869
161 870
161 871
161 878
161 879
161 884
161 886
161 889
161 890
161 893
161 898
161 909
161 912
161 915
161 918
161 922
161 923
161 924
161 926
161 927
161 929
161 934
161 937
161 940
161 941
161 945
161 947
161 950
161 951
161 961
161 963
161 968
161 971
161 981
161 982
161 989
161 990
161 995
162 501
162 504
162 508
162 510
162 511
162 524
162 525
162 526
162 527
162 531
162 533
162 538
162 540
162 550
162 551
162 552
162 555
162 556
162 558
162 559
162 564
162 573
162 574
162 576
162 577
162 579
162 581
162 582
162 583
162 584
162 590
162 591
162 594
162 596
162 600
162 602
162 605
162 608
162 611
162 615
162 617
162 619
162 621
162 626
162 629
162 634
162 638
162 644
162 648
162 650
162 656
162 657
162 666
162 672
162 679
162 685
162 690
162 695
162 698
162 701
162 706
162 708
162 713
162 715
162 718
162 726
162 728
162 731
162 733
162 744
162 748
162 749
162 754
162 755
162 756
162 759
162 765
162 767
162 768
162 773
162 774
162 780
162 781
162 789
162 791
162 798
162 805
162 807
162 809
162 810
162 811
162 817
162 830
162 832
162 836
162 837
162 840
162 841
162 845
162 849
162 854
162 855
162 857
162 858
162 863
162 867
162 870
162 874
162 875
162 876
162 879
162 880
162 883
162 884
162 885
162 888
162 895
162 897
162 900
162 901
162 902
162 909
162 911
162 912
162 914
162 918
162 925
162 933
162 935
162 937
162 941
162 943
162 951
162 957
162 958
162 959
162 967
162 970
162 971
162 972
162 975
162 977
162 978
162 987
162 993
162 996
162 997
162 1000
163 501
163 505
163 516
163 520
163 526
163 529
163 538
163 542
163 548
163 549
163 550
163 552
163 553
163 554
163 557
163 564
163 570
163 571
163 572
163 576
163 577
163 578
163 581
163 586
163 589
163 592
163 594
163 596
163 610
163 614
163 615
163 618
163 623
163 624
163 625
163 632
163 635
163 638
163 642
163 645
163 646
163 650
163 657
163 659
163 664
163 669
163 677
163 682
163 684
163 690
163 693
163 695
163 701
163 707
163 713
163 714
163 716
163 722
163 724
163 726
163 728
163 729
163 731
163 733
163 736
163 744
163 746
163 747
163 756
163 766
163 778
163 779
163 781
163 783
163 786
163 791
163 795
163 797
163 804
163 806
163 810
163 813
163 814
163 815
163 819
163 820
163 821
163 822
163 823
163 825
163 829
163 837
163 842
163 850
163 854
163 858
163 863
163 865
163 867
163 868
163 869
163 875
163 877
163 878
163 881
163 882
163 886
163 889
163 891
163 893
163 896
163 899
163 900
163 905
163 918
163 926
163 928
163 930
163 931
163 933
163 935
163 938
163 941
163 945
163 947
163 951
163 953
163 954
163 955
163 960
163 961
163 962
163 976
163 985
163 987
163 988
163 996
163 997
163 998
163 1000
164 503
164 504
164 505
164 506
164 507
164 509
164 510
164 511
164 512
164 522
164 524
164 534
164 535
164 537
164 538
164 541
164 545
164 549
164 550
164 555
164 556
164 560
164 561
164 565
164 566
164 568
164 571
164 578
164 581
164 586
164 588
164 593
164 597
164 598
164 600
164 601
164 604
164 608
164 620
164 623
164 625
164 634
164 635
164 637
164 639
164 644
164 648
164 650
164 653
164 655
164 656
164 658
164 661
164 662
164 666
164 669
164 675
164 680
164 682
164 683
164 686
164 695
164 698
164 701
164 713
164 715
164 724
164 725
164 727
164 728
164 733
164 741
164 744
164 746
164 754
164 757
164 761
164 766
164 771
164 776
164 779
164 785
164 790
164 794
164 798
164 801
164 803
164 806
164 812
164 813
164 816
164 817
164 823
164 824
164 830
164 832
164 838
164 842
164 843
164 847
164 850
164 852
164 853
164 854
164 857
164 861
164 862
164 863
164 864
164 866
164 869
164 877
164 885
164 887
164 898
164 899
164 900
164 903
164 905
164 914
164 918
164 921
164 924
164 933
164 936
164 937
164 940
164 941
164 944
164 945
164 949
164 950
164 951
164 954
164 957
164 961
164 962
164 969
164 970
164 974
164 980
164 986
164 987
164 992
164 996
164 1000
165 504
165 510
165 511
165 513
165 514
165 518
165 520
165 524
165 525
165 526
165 529
165 531
165 534
165 536
165 539
165 540
165 545
165 546
165 549
165 554
165 556
165 559
165 561
165 562
165 563
165 566
165 569
165 570
165 571
165 573
165 576
165 579
165 581
165 583
165 584
165 589
165 602
165 605
165 611
165 612
165 624
165 628
165 630
165 631
165 635
165 637
165 639
165 640
165 642
165 647
165 648
165 649
165 653
165 654
165 657
165 658
165 665
165 675
165 676
165 679
165 683
165 685
165 687
165 691
165 696
165 700
165 707
165 711
165 713
165 716
165 717
165 719
165 723
165 728
165 729
165 731
165 733
165 734
165 735
165 744
165 745
165 746
165 751
165 769
165 770
165 771
165 774
165 775
165 776
165 777
165 784
165 786
165 788
165 789
165 790
165 796
165 797
165 798
165 805
165 807
165 810
165 816
165 820
165 824
165 831
165 832
165 833
165 836
165 838
165 839
165 843
165 848
165 849
165 857
165 859
165 861
165 863
165 866
165 868
165 871
165 873
165 876
165 880
165 882
165 884
165 895
165 901
165 902
165 906
165 908
165 909
165 911
165 917
165 922
165 923
165 928
165 930
165 931
165 937
165 944
165 945
165 948
165 949
165 950
165 951
165 953
165 954
165 955
165 961
165 963
165 964
165 965
165 967
165 970
165 975
165 979
165 981
165 983
165 986
165 987
165 988
165 992
165 994
165 995
165 996
165 997
165 998
166 504
166 506
166 508
166 509
166 510
166 512
166 515
166 518
166 521
166 528
166 530
166 531
166 536
166 537
166 545
166 554
166 555
166 556
166 567
166 575
166 585
166 588
166 589
166 592
166 595
166 597
166 598
166 600
166 602
166 603
166 608
166 609
166 625
166 626
166 636
166 641
166 646
166 648
166 650
166 652
166 658
166 659
166 660
166 663
166 675
166 681
166 683
166 693
166 694
166 704
166 709
166 714
166 715
166 716
166 721
166 722
166 730
166 736
166 745
166 750
166 752
166 761
166 764
166 767
166 768
166 770
166 771
166 774
166 775
166 777
166 779
166 781
166 784
166 786
166 789
166 793
166 795
166 797
166 806
166 807
166 809
166 811
166 813
166 814
166 815
166 824
166 829
166 834
166 842
166 844
166 847
166 849
166 852
166 854
166 858
166 865
166 867
166 870
166 872
166 873
166 875
166 877
166 878
166 883
166 885
166 887
166 889
166 892
166 893
166 894
166 895
166 900
166 909
166 910
166 912
166 913
166 915
166 927
166 928
166 929
166 935
166 936
166 940
166 941
166 943
166 948
166 951
166 953
166 955
166 957
166 959
166 961
166 963
166 968
166 975
166 980
166 981
166 986
166 989
166 991
166 995
167 504
167 508
167 510
167 512
167 516
167 519
167 523
167 529
167 532
167 534
167 539
167 540
167 541
167 542
167 544
167 549
167 551
167 552
167 555
167 557
167 560
167 561
167 563
167 565
167 567
167 569
167 571
167 572
167 579
167 585
167 590
167 593
167 594
167 599
167 603
167 604
167 607
167 609
167 610
167 613
167 621
167 630
167 631
167 636
167 637
167 643
167 648
167 658
167 659
167 661
167 663
167 670
167 671
167 672
167 673
167 678
167 680
167 681
167 687
167 692
167 698
167 699
167 702
167 705
167 709
167 712
167 718
167 725
167 727
167 728
167 730
167 731
167 736
167 737
167 738
167 739
167 742
167 744
167 746
167 747
167 748
167 750
167 756
167 759
167 761
167 764
167 767
167 768
167 769
167 771
167 772
167 775
167 778
167 781
167 783
167 785
167 789
167 793
167 799
167 801
167 815
167 817
167 819
167 820
167 822
167 823
167 824
167 825
167 827
167 829
167 830
167 831
167 833
167 836
167 842
167 850
167 853
167 858
167 864
167 870
167 876
167 880
167 883
167 884
167 885
167 888
167 891
167 893
167 897
167 904
167 906
167 909
167 910
167 916
167 917
167 919
167 922
167 924
167 930
167 932
167 933
167 936
167 938
167 940
167 944
167 949
167 954
167 955
167 957
167 959
167 960
167 961
167 963
167 965
167 966
167 971
167 973
167 974
167 977
167 981
167 983
167 984
167 987
167 988
167 989
167 997
167 999
168 502
168 505
168 506
168 511
168 520
168 526
168 530
168 539
168 540
168 545
168 546
168 549
168 564
168 568
168 569
168 572
168 574
168 577
168 580
168 582
168 584
168 590
168 592
168 598
168 603
168 608
168 610
168 611
168 612
168 615
168 618
168 622
168 625
168 627
168 629
168 633
168 636
168 640
168 642
168 645
168 649
168 651
168 653
168 654
168 660
168 663
168 664
168 679
168 680
168 683
168 684
168 685
168 687
168 689
168 691
168 699
168 701
168 705
168 707
168 711
168 713
168 719
168 725
168 727
168 729
168 730
168 731
168 734
168 735
168 737
168 747
168 751
168 755
168 756
168 757
168 760
168 763
168 770
168 773
168 779
168 785
168 786
168 790
168 792
168 794
168 797
168 799
168 802
168 806
168 821
168 823
168 825
168 827
168 831
168 834
168 840
168 842
168 846
168 848
168 849
168 851
168 860
168 861
168 863
168 866
168 870
168 878
168 879
168 880
168 884
168 895
168 899
168 902
168 907
168 909
168 914
168 915
168 919
168 921
168 928
168 930
168 935
168 937
168 940
168 941
168 947
168 948
168 954
168 955
168 958
168 961
168 965
168 966
168 967
168 968
168 970
168 972
168 977
168 980
168 981
168 984
168 988
168 994
168 999
168 1000
169 501
169 503
169 508
169 510
169 513
169 514
169 515
169 517
169 518
169 520
169 524
169 526
169 529
169 530
169 534
169 539
169 541
169 542
169 545
169 546
169 548
169 552
169 558
169 562
169 565
169 568
169 571
169 572
169 574
169 578
169 579
169 581
169 582
169 588
169 589
169 596
169 597
169 601
169 602
169 609
169 610
169 617
169 621
169 627
169 630
169 631
169 637
169 638
169 641
169 642
169 645
169 649
169 650
169 651
169 652
169 653
169 655
169 667
169 671
169 673
169 674
169 677
169 678
169 685
169 688
169 693
169 694
169 695
169 696
169 705
169 721
169 722
169 726
169 731
169 734
169 739
169 740
169 742
169 747
169 750
169 751
169 753
169 755
169 758
169 763
169 766
169 768
169 769
169 771
169 779
169 781
169 782
169 786
169 790
169 793
169 794
169 798
169 800
169 801
169 802
169 815
169 816
169 821
169 824
169 825
169 826
169 827
169 829
169 830
169 834
169 838
169 842
169 844
169 848
169 853
169 854
169 864
169 868
169 870
169 873
169 875
169 883
169 886
169 888
169 890
169 891
169 892
169 894
169 896
169 901
169 912
169 913
169 914
169 916
169 922
169 924
169 927
169 931
169 954
169 959
169 962
169 966
169 971
169 974
169 975
169 980
169 981
169 983
169 987
169 988
169 991
169 994
169 995
169 996
169 998
170 504
170 508
170 515
170 521
170 526
170 529
170 530
170 536
170 538
170 540
170 541
170 546
170 549
170 551
170 554
170 556
170 558
170 560
170 562
170 564
170 565
170 566
170 572
170 577
170 582
170 584
170 587
170 588
170 590
170 592
170 594
170 599
170 601
170 609
170 613
170 614
170 615
170 616
170 619
170 621
170 624
170 625
170 626
170 628
170 630
170 632
170 633
170 636
170 639
170 643
170 652
170 655
170 656
170 661
170 665
170 667
170 668
170 672
170 674
170 676
170 678
170 680
170 683
170 686
170 688
170 690
170 692
170 697
170 705
170 708
170 714
170 715
170 722
170 726
170 730
170 734
170 738
170 739
170 745
170 750
170 755
170 762
170 763
170 777
170 782
170 785
170 787
170 788
170 792
170 793
170 798
170 799
170 801
170 803
170 805
170 806
170 815
170 816
170 817
170 820
170 827
170 831
170 832
170 833
170 834
170 841
170 844
170 845
170 846
170 860
170 866
170 869
170 871
170 873
170 874
170 879
170 883
170 884
170 885
170 891
170 892
170 893
170 908
170 912
170 921
170 923
170 924
170 926
170 929
170 930
170 931
170 935
170 937
170 938
170 942
170 944
170 946
170 948
170 954
170 957
170 959
170 970
170 972
170 973
170 974
170 978
170 980
170 981
170 982
170 988
170 989
170 994
170 995
171 501
171 503
171 504
171 505
171 506
171 507
171 508
171 509
171 510
171 514
171 517
171 519
171 522
171 523
171 528
171 542
171 547
171 549
171 552
171 553
171 556
171 557
171 558
171 568
171 569
171 573
171 574
171 579
171 586
171 587
171 588
171 592
171 594
171 599
171 601
171 602
171 605
171 612
171 613
171 615
171 616
171 618
171 619
171 622
171 627
171 628
171 633
171 635
171 636
171 650
171 653
171 662
171 667
171 669
171 670
171 672
171 675
171 677
171 687
171 694
171 703
171 711
171 714
171 717
171 719
171 722
171 727
171 730
171 731
171 732
171 736
171 737
171 738
171 739
171 740
171 745
171 749
171 750
171 754
171 758
171 760
171 761
171 764
171 766
171 771
171 775
171 781
171 782
171 785
171 786
171 787
171 788
171 789
171 790
171 791
171 794
171 795
171 797
171 798
171 804
171 805
171 807
171 814
171 817
171 833
171 839
171 850
171 855
171 856
171 858
171 866
171 867
171 869
171 870
171 873
171 874
171 881
171 886
171 897
171 898
171 899
171 901
171 903
171 906
171 908
171 923
171 927
171 930
171 935
171 937
171 938
171 939
171 942
171 943
171 946
171 947
171 948
171 956
171 967
171 968
171 969
171 972
171 975
171 980
171 983
171 986
171 987
171 996
171 1000
172 501
172 505
172 509
172 510
172 511
172 513
172 518
172 520
172 523
172 528
172 531
172 533
172 535
172 537
172 539
172 540
172 542
172 544
172 545
172 546
172 549
172 554
172 555
172 563
172 567
172 569
172 579
172 580
172 581
172 583
172 584
172 588
172 589
172 593
172 595
172 599
172 600
172 601
172 607
172 610
172 611
172 618
172 621
172 622
172 623
172 628
172 629
172 633
172 636
172 637
172 638
172 642
172 644
172 646
172 649
172 651
172 653
172 656
172 657
172 660
172 664
172 666
172 667
172 670
172 672
172 677
172 679
172 684
172 689
172 690
172 691
172 693
172 694
172 696
172 698
172 701
172 703
172 704
172 705
172 706
172 710
172 712
172 714
172 718
172 720
172 722
172 724
172 726
172 730
172 736
172 737
172 748
172 750
172 755
172 756
172 766
172 772
172 776
172 778
172 779
172 780
172 784
172 790
172 798
172 803
172 805
172 814
172 816
172 819
172 820
172 826
172 827
172 829
172 833
172 837
172 847
172 851
172 857
172 859
172 863
172 866
172 873
172 877
172 879
172 881
172 884
172 885
172 889
172 892
172 902
172 903
172 905
172 908
172 912
172 913
172 915
172 921
172 922
172 923
172 925
172 927
172 932
172 933
172 935
172 937
172 943
172 947
172 948
172 953
172 956
172 957
172 961
172 962
172 969
172 976
172 977
172 979
172 980
172 981
172 982
172 984
172 985
172 986
172 988
172 990
172 1000
173 504
173 510
173 524
173 534
173 539
173 541
173 544
173 549
173 551
173 555
173 560
173 562
173 565
173 566
173 567
173 581
173 589
173 592
173 595
173 598
173 600
173 619
173 620
173 627
173 628
173 639
173 650
173 658
173 660
173 663
173 674
173 678
173 680
173 681
173 682
173 686
173 689
173 697
173 699
173 703
173 705
173 710
173 714
173 717
173 719
173 721
173 723
173 726
173 727
173 730
173 738
173 740
173 741
173 752
173 753
173 754
173 758
173 761
173 762
173 764
173 768
173 770
173 771
173 773
173 774
173 776
173 782
173 786
173 787
173 788
173 789
173 791
173 792
173 793
173 800
173 801
173 803
173 804
173 809
173 813
173 814
173 817
173 818
173 820
173 822
173 823
173 825
173 828
173 835
173 837
173 841
173 845
173 848
173 851
173 854
173 864
173 872
173 874
173 875
173 877
173 892
173 893
173 896
173 898
173 900
173 902
173 909
173 912
173 916
173 917
173 920
173 921
173 922
173 923
173 924
173 927
173 928
173 929
173 931
173 932
173 944
173 946
173 948
173 953
173 954
173 956
173 957
173 958
173 966
173 968
173 969
173 972
173 976
173 980
173 984
173 987
173 988
173 990
173 994
173 995
173 998
173 999
174 507
174 514
174 517
174 518
174 524
174 527
174 531
174 534
174 537
174 538
174 546
174 549
174 557
174 563
174 565
174 567
174 568
174 570
174 571
174 572
174 574
174 577
174 579
174 584
174 587
174 590
174 596
174 597
174 606
174 608
174 612
174 613
174 615
174 624
174 628
174 629
174 634
174 635
174 638
174 642
174 647
174 656
174 661
174 663
174 664
174 672
174 674
174 683
174 685
174 686
174 687
174 689
174 692
174 701
174 705
174 707
174 708
174 710
174 712
174 715
174 720
174 724
174 727
174 728
174 734
174 743
174 747
174 754
174 755
174 757
174 758
174 761
174 774
174 776
174 777
174 780
174 783
174 784
174 788
174 792
174 797
174 805
174 809
174 811
174 813
174 818
174 819
174 825
174 826
174 827
174 828
174 832
174 834
174 835
174 843
174 845
174 846
174 850
174 853
174 858
174 861
174 865
174 869
174 877
174 881
174 883
174 885
174 888
174 890
174 891
174 896
174 898
174 899
174 901
174 903
174 906
174 909
174 912
174 916
174 918
174 931
174 932
174 936
174 943
174 946
174 950
174 955
174 956
174 959
174 971
174 979
174 981
174 983
174 984
174 987
174 989
174 990
174 991
174 996
175 501
175 504
175 505
175 507
175 512
175 513
175 516
175 518
175 522
175 523
175 530
175 532
175 536
175 542
175 545
175 547
175 548
175 552
175 558
175 561
175 562
175 563
175 567
175 568
175 570
175 573
175 574
175 575
175 576
175 577
175 580
175 584
175 585
175 586
175 588
175 589
175 591
175 592
175 593
175 595
175 599
175 602
175 610
175 612
175 613
175 614
175 622
175 630
175 632
175 637
175 646
175 647
175 648
175 659
175 662
175 666
175 670
175 673
175 676
175 678
175 685
175 690
175 693
175 704
175 706
175 707
175 708
175 709
175 713
175 717
175 725
175 728
175 733
175 746
175 749
175 752
175 755
175 758
175 765
175 771
175 773
175 775
175 781
175 784
175 786
175 787
175 789
175 795
175 804
175 808
175 810
175 815
175 816
175 820
175 821
175 822
175 825
175 826
175 827
175 832
175 835
175 836
175 837
175 839
175 844
175 846
175 847
175 849
175 850
175 853
175 856
175 858
175 867
175 868
175 874
175 878
175 880
175 888
175 890
175 891
175 899
175 901
175 904
175 909
175 910
175 911
175 914
175 917
175 918
175 920
175 921
175 922
175 926
175 927
175 933
175 934
175 938
175 942
175 944
175 949
175 951
175 956
175 958
175 960
175 961
175 965
175 973
175 974
175 991
175 995
175 1000
176 506
176 520
176 523
176 532
176 534
176 535
176 537
176 539
176 540
176 542
176 549
176 551
176 566
176 569
176 571
176 572
176 574
176 576
176 578
176 579
176 582
176 585
176 586
176 592
176 595
176 602
176 603
176 611
176 612
176 613
176 615
176 618
176 619
176 633
176 635
176 642
176 646
176 656
176 658
176 660
176 661
176 669
176 671
176 672
176 673
176 674
176 682
176 688
176 691
176 694
176 696
176 697
176 699
176 705
176 721
176 724
176 726
176 729
176 733
176 736
176 738
176 740
176 741
176 742
176 744
176 747
176 753
176 759
176 767
176 770
176 775
176 784
176 794
176 798
176 815
176 819
176 820
176 822
176 831
176 834
176 841
176 845
176 847
176 849
176 852
176 853
176 854
176 856
176 859
176 860
176 861
176 864
176 866
176 869
176 874
176 875
176 876
176 880
176 882
176 889
176 891
176 894
176 899
176 900
176 902
176 905
176 907
176 909
176 910
176 913
176 914
176 924
176 925
176 928
176 929
176 930
176 935
176 937
176 939
176 943
176 947
176 953
176 960
176 965
176 976
176 979
176 986
176 987
176 990
176 991
176 995
177 501
177 502
177 504
177 505
177 508
177 509
177 512
177 514
177 520
177 522
177 523
177 526
177 528
177 533
177 534
177 535
177 538
177 541
177 543
177 545
177 554
177 563
177 568
177 569
177 570
177 573
177 574
177 582
177 589
177 590
177 598
177 601
177 602
177 604
177 605
177 610
177 614
177 616
177 622
177 625
177 626
177 631
177 642
177 645
177 646
177 647
177 649
177 651
177 657
177 659
177 662
177 665
177 673
177 674
177 677
177 678
177 679
177 682
177 685
177 688
177 693
177 697
177 701
177 703
177 720
177 723
177 725
177 732
177 734
177 737
177 749
177 751
177 754
177 758
177 759
177 761
177 764
177 767
177 768
177 770
177 775
177 777
177 780
177 792
177 795
177 796
177 797
177 799
177 806
177 810
177 811
177 812
177 813
177 818
177 824
177 827
177 828
177 830
177 831
177 834
177 836
177 837
177 842
177 843
177 853
177 854
177 856
177 858
177 860
177 863
177 864
177 867
177 869
177 872
177 875
177 878
177 879
177 882
177 883
177 886
177 887
177 891
177 896
177 901
177 902
177 903
177 907
177 908
177 911
177 912
177 918
177 920
177 930
177 937
177 941
177 945
177 946
177 947
177 950
177 953
177 954
177 956
177 960
177 964
177 972
177 985
177 988
177 989
177 991
177 994
177 995
177 997
178 503
178 506
178 514
178 515
178 518
178 519
178 520
178 521
178 523
178 526
178 534
178 536
178 537
178 538
178 540
178 541
178 545
178 548
178 553
178 554
178 558
178 566
178 570
178 571
178 577
178 580
178 587
178 588
178 589
178 592
178 597
178 605
178 608
178 610
178 616
178 619
178 622
178 624
178 626
178 627
178 628
178 631
178 632
178 636
178 642
178 644
178 646
178 647
178 648
178 649
178 651
178 653
178 656
178 657
178 659
178 662
178 664
178 666
178 668
178 674
178 678
178 684
178 688
178 694
178 695
178 700
178 702
178 710
178 719
178 721
178 724
178 727
178 729
178 739
178 740
178 741
178 742
178 744
178 749
178 750
178 755
178 756
178 759
178 760
178 773
178 775
178 776
178 779
178 783
178 784
178 786
178 787
178 794
178 796
178 800
178 809
178 813
178 819
178 821
178 823
178 825
178 826
178 830
178 837
178 838
178 840
178 843
178 847
178 852
178 854
178 855
178 857
178 858
178 859
178 861
178 862
178 864
178 867
178 869
178 878
178 881
178 883
178 891
178 892
178 893
178 894
178 902
178 903
178 906
178 908
178 913
178 915
178 919
178 923
178 926
178 930
178 932
178 933
178 936
178 937
178 938
178 940
178 944
178 948
178 949
178 952
178 956
178 957
178 958
178 963
178 964
178 969
178 970
178 971
178 972
178 973
178 974
178 979
178 984
178 988
178 989
178 990
178 992
179 504
179 510
179 513
179 521
179 523
179 524
179 526
179 528
179 530
179 532
179 533
179 535
179 536
179 538
179 539
179 542
179 544
179 549
179 552
179 555
179 557
179 561
179 563
179 569
179 572
179 578
179 585
179 591
179 596
179 598
179 603
179 608
179 609
179 610
179 612
179 614
179 618
179 620
179 623
179 625
179 631
179 640
179 642
179 654
179 658
179 659
179 660
179 668
179 670
179 677
179 680
179 681
179 694
179 695
179 701
179 703
179 705
179 710
179 723
179 727
179 732
179 733
179 734
179 735
179 742
179 750
179 753
179 755
179 759
179 760
179 761
179 763
179 768
179 775
179 776
179 777
179 781
179 782
179 787
179 788
179 791
179 794
179 798
179 803
179 807
179 815
179 820
179 822
179 824
179 825
179 827
179 828
179 829
179 831
179 832
179 834
179 842
179 851
179 852
179 861
179 864
179 865
179 870
179 873
179 887
179 891
179 899
179 900
179 901
179 902
179 903
179 910
179 911
179 912
179 914
179 915
179 916
179 918
179 920
179 922
179 924
179 925
179 927
179 929
179 930
179 931
179 936
179 937
179 939
179 941
179 945
179 946
179 949
179 958
179 967
179 971
179 978
179 981
179 983
179 994
179 995
179 999
179 1000
180 502
180 505
180 508
180 509
180 512
180 513
180 514
180 519
180 528
180 535
180 545
180 546
180 548
180 554
180 555
180 556
180 557
180 560
180 561
180 564
180 565
180 566
180 567
180 570
180 571
180 579
180 580
180 584
180 586
180 592
180 593
180 594
180 595
180 599
180 600
180 602
180 604
180 607
180 612
180 614
180 616
180 618
180 619
180 624
180 625
180 626
180 627
180 629
180 631
180 636
180 638
180 639
180 641
180 650
180 652
180 655
180 657
180 663
180 667
180 668
180 669
180 672
180 673
180 675
180 676
180 678
180 679
180 681
180 682
180 686
180 687
180 693
180 696
180 698
180 701
180 705
180 710
180 711
180 713
180 724
180 726
180 730
180 735
180 739
180 750
180 751
180 757
180 759
180 761
180 768
180 769
180 770
180 773
180 774
180 776
180 778
180 785
180 788
180 789
180 790
180 793
180 796
180 805
180 808
180 810
180 814
180 823
180 828
180 833
180 835
180 837
180 839
180 845
180 846
180 847
180 850
180 856
180 861
180 863
180 865
180 868
180 869
180 870
180 873
180 874
180 879
180 880
180 881
180 884
180 885
180 886
180 888
180 889
180 890
180 893
180 895
180 903
180 908
180 911
180 916
180 925
180 938
180 940
180 941
180 944
180 952
180 959
180 961
180 965
180 966
180 974
180 976
180 977
180 979
180 981
180 983
180 987
180 988
180 989
180 994
180 999
181 505
181 510
181 511
181 513
181 514
181 516
181 517
181 518
181 522
181 524
181 534
181 535
181 541
181 545
181 548
181 549
181 558
181 560
181 562
181 568
181 571
181 573
181 577
181 578
181 581
181 582
181 585
181 589
181 590
181 592
181 595
181 598
181 602
181 603
181 604
181 605
181 606
181 607
181 610
181 617
181 626
181 633
181 641
181 645
181 653
181 654
181 658
181 659
181 660
181 665
181 670
181 673
181 677
181 679
181 683
181 685
181 688
181 689
181 692
181 701
181 702
181 703
181 704
181 706
181 717
181 719
181 723
181 731
181 734
181 735
181 738
181 739
181 740
181 751
181 755
181 756
181 758
181 759
181 760
181 764
181 766
181 767
181 776
181 782
181 787
181 797
181 799
181 800
181 802
181 805
181 812
181 822
181 823
181 824
181 825
181 827
181 828
181 832
181 833
181 840
181 847
181 849
181 852
181 857
181 858
181 863
181 864
181 868
181 871
181 878
181 882
181 885
181 897
181 901
181 905
181 906
181 907
181 909
181 910
181 912
181 917
181 918
181 924
181 928
181 929
181 936
181 937
181 946
181 953
181 956
181 957
181 960
181 977
181 978
181 981
181 986
181 988
181 991
181 996
182 504
182 506
182 516
182 525
182 526
182 528
182 531
182 534
182 555
182 561
182 571
182 575
182 584
182 586
182 588
182 605
182 606
182 611
182 613
182 615
182 623
182 634
182 637
182 644
182 646
182 647
182 650
182 653
182 654
182 657
182 662
182 666
182 667
182 668
182 672
182 674
182 676
182 677
182 680
182 681
182 686
182 688
182 690
182 695
182 696
182 697
182 698
182 707
182 714
182 715
182 719
182 720
182 723
182 724
182 727
182 733
182 737
182 738
182 740
182 745
182 750
182 755
182 759
182 760
182 770
182 771
182 773
182 775
182 777
182 784
182 793
182 794
182 795
182 800
182 809
182 810
182 816
182 817
182 819
182 821
182 824
182 825
182 827
182 834
182 835
182 839
182 844
182 845
182 848
182 855
182 856
182 867
182 868
182 869
182 873
182 875
182 887
182 889
182 890
182 892
182 893
182 895
182 897
182 901
182 902
182 904
182 906
182 907
182 912
182 913
182 918
182 919
182 920
182 925
182 927
182 928
182 929
182 933
182 934
182 938
182 939
182 942
182 945
182 951
182 959
182 963
182 964
182 966
182 967
182 972
182 976
182 978
182 981
182 983
182 984
182 985
182 990
182 996
182 999
182 1000
183 502
183 511
183 517
183 521
183 524
183 526
183 533
183 535
183 537
183 542
183 547
183 559
183 561
183 567
183 579
183 580
183 584
183 588
183 595
183 596
183 599
183 604
183 606
183 617
183 619
183 626
183 627
183 629
183 631
183 632
183 633
183 637
183 643
183 644
183 652
183 655
183 657
183 658
183 659
183 660
183 663
183 667
183 670
183 671
183 677
183 686
183 691
183 693
183 697
183 698
183 701
183 705
183 708
183 710
183 712
183 714
183 717
183 719
183 725
183 727
183 736
183 739
183 740
183 741
183 742
183 746
183 749
183 756
183 762
183 763
183 764
183 765
183 767
183 769
183 770
183 771
183 774
183 777
183 778
183 782
183 786
183 795
183 807
183 813
183 817
183 818
183 821
183 824
183 825
183 831
183 833
183 835
183 837
183 839
183 843
183 847
183 849
183 851
183 855
183 857
183 866
183 874
183 875
183 877
183 878
183 880
183 881
183 885
183 887
183 890
183 891
183 895
183 896
183 900
183 901
183 911
183 912
183 914
183 920
183 921
183 922
183 923
183 927
183 935
183 936
183 944
183 955
183 958
183 961
183 965
183 966
183 970
183 971
183 974
183 977
183 980
183 982
183 983
183 988
183 989
183 990
183 993
183 996
184 503
184 505
184 507
184 509
184 511
184 517
184 519
184 521
184 522
184 523
184 524
184 532
184 534
184 542
184 546
184 549
184 550
184 555
184 568
184 571
184 579
184 582
184 584
184 585
184 589
184 590
184 592
184 595
184 611
184 615
184 616
184 617
184 619
184 620
184 621
184 622
184 623
184 624
184 625
184 627
184 628
184 629
184 630
184 631
184 632
184 633
184 634
184 636
184 637
184 640
184 646
184 656
184 663
184 667
184 669
184 676
184 681
184 692
184 694
184 698
184 707
184 711
184 716
184 717
184 727
184 730
184 734
184 735
184 739
184 744
184 751
184 752
184 756
184 757
184 760
184 762
184 772
184 774
184 775
184 776
184 780
184 788
184 792
184 804
184 807
184 809
184 812
184 814
184 816
184 820
184 821
184 822
184 828
184 830
184 832
184 838
184 839
184 844
184 847
184 849
184 851
184 852
184 853
184 856
184 861
184 863
184 869
184 871
184 872
184 876
184 884
184 885
184 886
184 887
184 888
184 889
184 890
184 896
184 907
184 909
184 910
184 914
184 929
184 931
184 933
184 934
184 935
184 940
184 949
184 952
184 956
184 962
184 965
184 967
184 972
184 973
184 976
184 977
184 981
184 991
184 993
184 994
184 998
185 501
185 502
185 504
185 507
185 509
185 515
185 517
185 519
185 524
185 527
185 529
185 535
185 538
185 542
185 543
185 544
185 552
185 553
185 560
185 564
185 565
185 572
185 574
185 576
185 578
185 579
185 583
185 584
185 585
185 591
185 594
185 597
185 601
185 609
185 611
185 616
185 617
185 618
185 627
185 628
185 632
185 634
185 635
185 637
185 641
185 644
185 650
185 652
185 655
185 661
185 667
185 669
185 670
185 673
185 675
185 679
185 680
185 682
185 685
185 693
185 695
185 701
185 705
185 708
185 709
185 711
185 713
185 719
185 721
185 723
185 728
185 731
185 734
185 738
185 739
185 740
185 748
185 750
185 753
185 764
185 765
185 768
185 769
185 770
185 772
185 780
185 791
185 792
185 794
185 796
185 799
185 800
185 805
185 806
185 808
185 809
185 811
185 816
185 818
185 824
185 830
185 831
185 837
185 839
185 840
185 841
185 842
185 844
185 851
185 855
185 856
185 857
185 858
185 862
185 865
185 866
185 872
185 875
185 877
185 878
185 879
185 880
185 883
185 884
185 892
185 899
185 901
185 902
185 905
185 907
185 908
185 910
185 912
185 914
185 915
185 916
185 918
185 924
185 925
185 927
185 930
185 939
185 943
185 948
185 949
185 951
185 953
185 954
185 962
185 964
185 970
185 971
185 976
185 982
185 986
185 987
185 988
185 993
186 501
186 502
186 503
186 506
186 511
186 512
186 513
186 514
186 516
186 518
186 519
186 521
186 525
186 532
186 536
186 542
186 543
186 548
186 550
186 555
186 559
186 560
186 565
186 571
186 573
186 577
186 578
186 579
186 582
186 583
186 588
186 593
186 594
186 595
186 599
186 600
186 601
186 604
186 608
186 610
186 614
186 619
186 620
186 621
186 625
186 626
186 627
186 629
186 630
186 631
186 632
186 637
186 639
186 640
186 646
186 649
186 650
186 663
186 665
186 666
186 668
186 672
186 677
186 678
186 679
186 680
186 681
186 694
186 699
186 701
186 704
186 705
186 706
186 707
186 708
186 713
186 719
186 720
186 728
186 730
186 740
186 744
186 745
186 746
186 748
186 750
186 757
186 759
186 763
186 765
186 766
186 770
186 772
186 774
186 777
186 779
186 781
186 786
186 789
186 793
186 797
186 800
186 803
186 809
186 812
186 820
186 821
186 831
186 832
186 835
186 837
186 847
186 850
186 851
186 856
186 858
186 863
186 864
186 875
186 877
186 878
186 880
186 881
186 882
186 884
186 888
186 889
186 890
186 894
186 895
186 900
186 901
186 903
186 907
186 910
186 916
186 917
186 926
186 936
186 938
186 940
186 947
186 949
186 950
186 951
186 952
186 956
186 960
186 961
186 973
186 978
186 995
187 503
187 506
187 509
187 511
187 516
187 517
187 520
187 524
187 525
187 526
187 530
187 534
187 535
187 541
187 545
187 547
187 548
187 551
187 552
187 553
187 555
187 557
187 560
187 565
187 568
187 572
187 575
187 577
187 578
187 581
187 582
187 583
187 586
187 588
187 594
187 595
187 601
187 603
187 606
187 607
187 615
187 623
187 630
187 647
187 648
187 653
187 656
187 657
187 658
187 660
187 672
187 673
187 674
187 677
187 679
187 680
187 682
187 690
187 697
187 699
187 700
187 701
187 704
187 707
187 711
187 712
187 716
187 717
187 718
187 721
187 724
187 728
187 731
187 734
187 738
187 739
187 745
187 746
187 749
187 750
187 752
187 764
187 770
187 772
187 775
187 777
187 780
187 781
187 786
187 787
187 792
187 793
187 794
187 796
187 797
187 807
187 812
187 815
187 817
187 825
187 830
187 833
187 835
187 836
187 843
187 845
187 849
187 851
187 852
187 854
187 857
187 865
187 869
187 870
187 871
187 873
187 877
187 878
187 880
187 887
187 894
187 899
187 901
187 911
187 917
187 926
187 927
187 935
187 942
187 947
187 949
187 951
187 954
187 955
187 960
187 961
187 964
187 966
187 972
187 983
187 986
187 990
187 1000
188 504
188 509
188 510
188 512
188 515
188 517
188 518
188 521
188 523
188 524
188 528
188 532
188 533
188 541
188 548
188 550
188 552
188 556
188 562
188 563
188 571
188 573
188 581
188 584
188 587
188 591
188 595
188 596
188 599
188 600
188 607
188 608
188 611
188 614
188 618
188 623
188 625
188 626
188 627
188 633
188 638
188 643
188 645
188 652
188 662
188 674
188 676
188 683
188 685
188 688
188 691
188 692
188 701
188 703
188 705
188 719
188 720
188 723
188 727
188 729
188 732
188 740
188 746
188 748
188 759
188 761
188 762
188 765
188 769
188 773
188 775
188 776
188 779
188 780
188 783
188 788
188 790
188 794
188 803
188 805
188 809
188 816
188 817
188 819
188 820
188 831
188 842
188 844
188 851
188 853
188 860
188 861
188 867
188 870
188 874
188 875
188 876
188 877
188 883
188 884
188 886
188 887
188 890
188 891
188 895
188 896
188 898
188 901
188 909
188 910
188 911
188 913
188 915
188 916
188 918
188 920
188 923
188 924
188 927
188 930
188 937
188 938
188 942
188 943
188 951
188 953
188 955
188 957
188 958
188 960
188 964
188 971
188 973
188 974
188 980
188 988
188 990
188 991
188 992
188 997
189 507
189 510
189 511
189 512
189 514
189 523
189 532
189 533
189 538
189 539
189 540
189 547
189 549
189 552
189 557
189 558
189 565
189 567
189 569
189 574
189 578
189 579
189 580
189 581
189 585
189 589
189 592
189 599
189 600
189 601
189 602
189 604
189 605
189 607
189 611
189 613
189 618
189 619
189 620
189 633
189 634
189 637
189 638
189 639
189 640
189 651
189 655
189 659
189 661
189 662
189 667
189 672
189 673
189 675
189 678
189 685
189 687
189 688
189 689
189 691
189 692
189 696
189 697
189 701
189 703
189 704
189 705
189 710
189 712
189 717
189 718
189 719
189 721
189 722
189 724
189 725
189 727
189 748
189 751
189 764
189 765
189 767
189 771
189 777
189 781
189 782
189 783
189 788
189 789
189 795
189 796
189 799
189 800
189 801
189 805
189 806
189 809
189 811
189 813
189 819
189 820
189 823
189 824
189 828
189 832
189 833
189 835
189 840
189 845
189 846
189 847
189 851
189 852
189 854
189 858
189 859
189 864
189 866
189 869
189 880
189 890
189 891
189 897
189 902
189 905
189 914
189 916
189 918
189 922
189 925
189 935
189 937
189 938
189 940
189 941
189 948
189 950
189 952
189 953
189 955
189 957
189 962
189 964
189 969
189 983
189 985
189 986
189 988
189 989
189 990
189 993
189 999
190 501
190 509
190 513
190 515
190 517
190 519
190 521
190 522
190 524
190 528
190 529
190 530
190 533
190 539
190 547
190 549
190 554
190 555
190 564
190 569
190 570
190 575
190 582
190 583
190 586
190 589
190 592
190 595
190 600
190 608
190 616
190 617
190 623
190 631
190 632
190 634
190 637
190 641
190 644
190 645
190 653
190 655
190 658
190 661
190 667
190 669
190 671
190 672
190 674
190 680
190 681
190 685
190 686
190 688
190 690
190 692
190 694
190 698
190 699
190 700
190 702
190 705
190 709
190 712
190 713
190 716
190 723
190 725
190 734
190 738
190 746
190 747
190 748
190 750
190 751
190 752
190 756
190 759
190 762
190 768
190 770
190 775
190 779
190 782
190 784
190 788
190 789
190 790
190 794
190 799
190 803
190 807
190 817
190 822
190 825
190 826
190 830
190 833
190 834
190 838
190 842
190 844
190 848
190 850
190 854
190 856
190 857
190 862
190 864
190 869
190 871
190 872
190 875
190 882
190 883
190 884
190 889
190 890
190 891
190 895
190 902
190 904
190 905
190 906
190 909
190 914
190 915
190 920
190 921
190 922
190 926
190 930
190 933
190 938
190 945
190 953
190 958
190 961
190 972
190 973
190 974
190 976
190 982
190 983
190 984
190 985
190 992
190 998
191 504
191 505
191 510
191 513
191 515
191 517
191 518
191 522
191 525
191 528
191 529
191 535
191 536
191 539
191 540
191 541
191 542
191 544
191 545
191 549
191 550
191 552
191 563
191 565
191 566
191 568
191 571
191 581
191 588
191 590
191 596
191 597
191 598
191 603
191 606
191 610
191 613
191 616
191 617
191 619
191 620
191 629
191 639
191 640
191 649
191 651
191 653
191 654
191 657
191 661
191 662
191 664
191 667
191 668
191 670
191 671
191 672
191 674
191 681
191 683
191 685
191 695
191 696
191 698
191 703
191 704
191 720
191 723
191 724
191 726
191 733
191 734
191 735
191 737
191 742
191 745
191 748
191 751
191 760
191 762
191 766
191 767
191 771
191 773
191 776
191 780
191 783
191 791
191 793
191 796
191 803
191 804
191 807
191 809
191 812
191 815
191 817
191 820
191 826
191 830
191 831
191 834
191 837
191 838
191 852
191 859
191 862
191 875
191 877
191 878
191 879
191 882
191 886
191 888
191 897
191 898
191 900
191 911
191 912
191 914
191 917
191 919
191 921
191 924
191 925
191 934
191 935
191 937
191 938
191 941
191 943
191 944
191 947
191 953
191 959
191 960
191 962
191 965
191 966
191 974
191 978
191 983
191 990
191 994
191 999
192 502
192 504
192 513
192 516
192 518
192 520
192 521
192 523
192 524
192 525
192 526
192 527
192 530
192 531
192 532
192 543
192 564
192 566
192 567
192 568
192 573
192 574
192 590
192 593
192 595
192 597
192 604
192 606
192 607
192 609
192 611
192 614
192 617
192 621
192 623
192 624
192 632
192 635
192 636
192 639
192 641
192 647
192 658
192 660
192 667
192 668
192 671
192 674
192 676
192 677
192 678
192 685
192 688
192 698
192 701
192 703
192 704
192 706
192 709
192 712
192 715
192 717
192 719
192 721
192 723
192 728
192 730
192 735
192 740
192 742
192 751
192 753
192 754
192 756
192 761
192 766
192 768
192 770
192 775
192 779
192 782
192 787
192 788
192 790
192 792
192 813
192 815
192 818
192 820
192 821
192 824
192 826
192 828
192 849
192 851
192 854
192 857
192 863
192 866
192 867
192 871
192 872
192 874
192 875
192 877
192 886
192 889
192 891
192 894
192 897
192 898
192 900
192 901
192 906
192 909
192 927
192 930
192 936
192 939
192 940
192 942
192 946
192 949
192 950
192 951
192 953
192 957
192 960
192 964
192 965
192 971
192 975
192 980
192 981
192 987
192 996
192 998
192 1000
193 502
193 507
193 514
193 515
193 517
193 518
193 519
193 521
193 523
193 532
193 539
193 542
193 547
193 555
193 557
193 561
193 562
193 564
193 568
193 573
193 574
193 576
193 580
193 582
193 586
193 587
193 594
193 601
193 603
193 606
193 607
193 608
193 609
193 616
193 617
193 620
193 627
193 630
193 643
193 645
193 647
193 649
193 653
193 657
193 660
193 663
193 670
193 671
193 673
193 675
193 678
193 680
193 683
193 686
193 691
193 692
193 696
193 697
193 698
193 699
193 702
193 705
193 707
193 709
193 712
193 715
193 717
193 721
193 723
193 725
193 726
193 732
193 735
193 736
193 739
193 745
193 746
193 752
193 753
193 755
193 758
193 761
193 763
193 764
193 771
193 779
193 783
193 785
193 791
193 792
193 793
193 796
193 797
193 798
193 811
193 812
193 814
193 815
193 818
193 829
193 830
193 831
193 837
193 840
193 842
193 849
193 852
193 858
193 860
193 862
193 865
193 866
193 867
193 870
193 871
193 873
193 874
193 879
193 883
193 885
193 890
193 898
193 911
193 913
193 915
193 916
193 920
193 925
193 929
193 930
193 933
193 936
193 937
193 943
193 944
193 948
193 950
193 972
193 978
193 980
193 982
193 983
193 987
193 992
193 999
194 501
194 502
194 506
194 509
194 519
194 521
194 525
194 528
194 530
194 532
194 533
194 537
194 538
194 547
194 551
194 558
194 559
194 562
194 564
194 569
194 570
194 571
194 573
194 576
194 578
194 579
194 581
194 583
194 584
194 593
194 594
194 595
194 600
194 602
194 604
194 605
194 609
194 611
194 616
194 618
194 620
194 624
194 627
194 628
194 629
194 631
194 637
194 646
194 649
194 650
194 652
194 655
194 656
194 657
194 660
194 662
194 664
194 673
194 675
194 678
194 679
194 680
194 684
194 687
194 697
194 710
194 711
194 714
194 719
194 720
194 726
194 727
194 735
194 736
194 742
194 744
194 745
194 751
194 755
194 757
194 761
194 762
194 763
194 769
194 770
194 771
194 773
194 774
194 786
194 789
194 790
194 791
194 792
194 793
194 796
194 802
194 804
194 805
194 808
194 811
194 812
194 813
194 815
194 824
194 828
194 831
194 835
194 841
194 842
194 845
194 851
194 855
194 858
194 862
194 868
194 869
194 876
194 878
194 883
194 884
194 885
194 886
194 890
194 893
194 895
194 899
194 900
194 906
194 907
194 909
194 914
194 916
194 918
194 925
194 926
194 927
194 931
194 932
194 936
194 937
194 939
194 942
194 943
194 948
194 950
194 953
194 956
194 957
194 958
194 960
194 962
194 968
194 970
194 975
194 980
194 981
194 987
194 997
194 1000
195 504
195 506
195 509
195 511
195 519
195 523
195 525
195 527
195 529
195 530
195 531
195 537
195 545
195 550
195 556
195 557
195 563
195 569
195 570
195 572
195 573
195 576
195 578
195 581
195 590
195 592
195 595
195 601
195 604
195 605
195 606
195 609
195 616
195 622
195 623
195 627
195 629
195 632
195 633
195 643
195 644
195 646
195 647
195 648
195 657
195 664
195 667
195 668
195 671
195 677
195 679
195 682
195 684
195 686
195 693
195 700
195 702
195 707
195 708
195 711
195 712
195 713
195 718
195 720
195 722
195 724
195 727
195 729
195 731
195 732
195 733
195 739
195 744
195 747
195 749
195 750
195 752
195 753
195 754
195 758
195 763
195 764
195 765
195 766
195 769
195 770
195 774
195 775
195 778
195 780
195 783
195 785
195 790
195 791
195 792
195 795
195 796
195 798
195 799
195 803
195 805
195 806
195 808
195 810
195 811
195 820
195 821
195 822
195 823
195 828
195 831
195 837
195 846
195 848
195 849
195 856
195 858
195 870
195 876
195 883
195 893
195 902
195 906
195 909
195 910
195 915
195 916
195 918
195 919
195 920
195 922
195 924
195 926
195 927
195 934
195 935
195 936
195 940
195 941
195 943
195 945
195 953
195 959
195 961
195 964
195 968
195 971
195 974
195 983
195 995
195 996
196 510
196 511
196 521
196 522
196 525
196 534
196 539
196 540
196 542
196 543
196 544
196 549
196 551
196 554
196 555
196 558
196 564
196 566
196 569
196 570
196 581
196 583
196 593
196 599
196 606
196 609
196 612
196 621
196 622
196 624
196 637
196 639
196 640
196 642
196 643
196 647
196 652
196 659
196 660
196 661
196 670
196 674
196 680
196 682
196 685
196 687
196 691
196 699
196 703
196 707
196 709
196 711
196 718
196 719
196 720
196 721
196 725
196 729
196 732
196 735
196 738
196 742
196 745
196 747
196 753
196 755
196 756
196 763
196 766
196 768
196 771
196 774
196 777
196 778
196 779
196 784
196 785
196 787
196 807
196 816
196 819
196 826
196 833
196 835
196 836
196 839
196 840
196 841
196 847
196 848
196 849
196 852
196 858
196 859
196 860
196 865
196 867
196 871
196 876
196 878
196 879
196 882
196 885
196 889
196 890
196 891
196 892
196 900
196 901
196 902
196 904
196 906
196 908
196 910
196 911
196 912
196 913
196 914
196 921
196 923
196 932
196 933
196 935
196 938
196 939
196 940
196 942
196 948
196 951
196 956
196 962
196 964
196 965
196 966
196 971
196 973
196 974
196 976
196 978
196 981
196 982
196 983
196 984
196 985
196 991
196 993
196 994
196 998
197 503
197 514
197 518
197 519
197 521
197 522
197 527
197 532
197 535
197 536
197 537
197 539
197 540
197 541
197 544
197 550
197 557
197 558
197 560
197 562
197 563
197 569
197 571
197 572
197 573
197 580
197 587
197 589
197 591
197 599
197 605
197 607
197 608
197 609
197 611
197 617
197 618
197 621
197 624
197 627
197 628
197 638
197 639
197 641
197 643
197 646
197 654
197 657
197 661
197 665
197 666
197 669
197 677
197 679
197 682
197 686
197 687
197 691
197 696
197 704
197 712
197 716
197 719
197 720
197 724
197 727
197 729
197 731
197 732
197 734
197 736
197 737
197 740
197 742
197 744
197 752
197 760
197 762
197 769
197 772
197 778
197 789
197 793
197 794
197 796
197 798
197 803
197 806
197 807
197 808
197 810
197 816
197 818
197 819
197 824
197 826
197 829
197 831
197 835
197 850
197 852
197 854
197 855
197 860
197 861
197 862
197 870
197 871
197 874
197 878
197 881
197 883
197 885
197 886
197 889
197 892
197 895
197 896
197 901
197 904
197 909
197 912
197 916
197 919
197 928
197 931
197 933
197 934
197 938
197 940
197 943
197 944
197 948
197 952
197 955
197 958
197 961
197 967
197 968
197 971
197 972
197 977
197 980
197 981
197 984
197 986
197 990
197 991
197 994
197 997
198 506
198 508
198 509
198 515
198 518
198 524
198 525
198 527
198 528
198 531
198 533
198 535
198 537
198 538
198 547
198 550
198 573
198 574
198 580
198 584
198 586
198 587
198 593
198 595
198 601
198 603
198 604
198 609
198 617
198 618
198 620
198 622
198 624
198 625
198 627
198 628
198 637
198 639
198 640
198 641
198 643
198 645
198 649
198 653
198 655
198 665
198 666
198 668
198 672
198 674
198 676
198 680
198 688
198 694
198 697
198 698
198 701
198 702
198 709
198 713
198 714
198 719
198 724
198 725
198 726
198 734
198 736
198 738
198 740
198 741
198 742
198 743
198 744
198 745
198 751
198 756
198 758
198 759
198 760
198 762
198 763
198 764
198 766
198 767
198 769
198 770
198 773
198 775
198 786
198 792
198 797
198 798
198 801
198 803
198 804
198 811
198 814
198 817
198 821
198 823
198 827
198 838
198 840
198 841
198 844
198 849
198 852
198 857
198 862
198 865
198 868
198 870
198 872
198 877
198 878
198 879
198 881
198 884
198 890
198 891
198 892
198 894
198 896
198 899
198 900
198 901
198 905
198 909
198 910
198 914
198 918
198 921
198 922
198 923
198 927
198 939
198 940
198 942
198 945
198 952
198 954
198 958
198 963
198 965
198 966
198 967
198 968
198 971
198 976
198 980
198 982
198 983
198 988
198 989
198 990
198 991
198 1000
199 502
199 504
199 507
199 508
199 512
199 516
199 522
199 524
199 526
199 529
199 530
199 533
199 534
199 540
199 541
199 542
199 545
199 547
199 548
199 553
199 555
199 557
199 568
199 577
199 578
199 588
199 591
199 592
199 594
199 611
199 620
199 625
199 628
199 630
199 636
199 650
199 654
199 657
199 659
199 660
199 661
199 662
199 663
199 665
199 666
199 674
199 680
199 685
199 688
199 689
199 695
199 697
199 704
199 707
199 708
199 712
199 716
199 720
199 723
199 727
199 730
199 732
199 734
199 736
199 741
199 742
199 744
199 749
199 750
199 756
199 761
199 766
199 770
199 776
199 777
199 782
199 786
199 787
199 792
199 794
199 796
199 802
199 807
199 817
199 818
199 822
199 823
199 825
199 829
199 830
199 834
199 836
199 843
199 848
199 854
199 855
199 858
199 861
199 867
199 875
199 876
199 879
199 881
199 886
199 888
199 889
199 891
199 892
199 895
199 899
199 903
199 906
199 910
199 912
199 914
199 917
199 921
199 922
199 923
199 929
199 930
199 935
199 946
199 949
199 950
199 955
199 958
199 960
199 967
199 971
199 972
199 974
199 976
199 980
199 983
199 984
199 985
199 990
199 994
199 995
199 998
200 501
200 511
200 512
200 517
200 519
200 523
200 524
200 526
200 527
200 528
200 531
200 532
200 535
200 536
200 546
200 547
200 548
200 550
200 554
200 557
200 561
200 564
200 569
200 570
200 574
200 576
200 577
200 578
200 580
200 584
200 585
200 589
200 599
200 601
200 606
200 607
200 609
200 610
200 613
200 614
200 615
200 625
200 630
200 631
200 632
200 637
200 641
200 645
200 647
200 650
200 653
200 655
200 668
200 669
200 676
200 677
200 680
200 682
200 689
200 690
200 692
200 697
200 702
200 706
200 708
200 709
200 710
200 715
200 721
200 725
200 735
200 739
200 747
200 748
200 749
200 750
200 751
200 754
200 756
200 760
200 765
200 767
200 769
200 775
200 777
200 780
200 781
200 782
200 789
200 792
200 794
200 800
200 807
200 810
200 813
200 818
200 820
200 828
200 830
200 833
200 839
200 846
200 848
200 852
200 865
200 869
200 879
200 882
200 884
200 888
200 889
200 891
200 900
200 901
200 903
200 909
200 910
200 914
200 917
200 918
200 919
200 920
200 921
200 922
200 927
200 932
200 934
200 937
200 940
200 942
200 946
200 948
200 950
200 952
200 954
200 955
200 964
200 966
200 967
200 970
200 976
200 979
200 981
200 983
200 985
200 989
201 501
201 503
201 504
201 515
201 519
201 521
201 522
201 528
201 531
201 539
201 540
201 541
201 542
201 552
201 553
201 554
201 555
201 556
201 558
201 560
201 561
201 571
201 576
201 579
201 581
201 582
201 584
201 591
201 593
201 595
201 601
201 604
201 607
201 609
201 612
201 622
201 626
201 628
201 631
201 639
201 645
201 649
201 652
201 653
201 656
201 661
201 662
201 664
201 666
201 668
201 671
201 673
201 674
201 677
201 678
201 679
201 682
201 683
201 687
201 688
201 692
201 695
201 697
201 698
201 704
201 705
201 708
201 711
201 712
201 714
201 720
201 726
201 730
201 734
201 735
201 736
201 738
201 739
201 743
201 750
201 753
201 754
201 759
201 760
201 764
201 767
201 768
201 779
201 782
201 783
201 785
201 786
201 787
201 790
201 791
201 795
201 802
201 803
201 807
201 814
201 818
201 821
201 823
201 824
201 828
201 833
201 844
201 848
201 850
201 852
201 856
201 857
201 858
201 859
201 860
201 863
201 868
201 869
201 870
201 875
201 876
201 880
201 882
201 896
201 898
201 899
201 902
201 907
201 909
201 914
201 915
201 916
201 919
201 920
201 921
201 924
201 931
201 932
201 933
201 938
201 940
201 942
201 949
201 950
201 952
201 954
201 957
201 959
201 961
201 968
201 969
201 972
201 975
201 981
201 982
201 985
201 989
201 991
201 1000
202 501
202 507
202 512
202 516
202 518
202 522
202 526
202 533
202 537
202 538
202 541
202 543
202 549
202 553
202 554
202 556
202 557
202 562
202 572
202 576
202 577
202 580
202 582
202 585
202 586
202 589
202 591
202 601
202 602
202 604
202 605
202 606
202 611
202 620
202 623
202 625
202 639
202 643
202 654
202 655
202 656
202 658
202 666
202 667
202 669
202 671
202 673
202 676
202 677
202 678
202 679
202 681
202 687
202 691
202 692
202 694
202 695
202 696
202 698
202 706
202 712
202 714
202 715
202 716
202 717
202 722
202 725
202 730
202 734
202 739
202 744
202 745
202 748
202 750
202 758
202 760
202 761
202 763
202 765
202 772
202 781
202 783
202 784
202 793
202 796
202 798
202 799
202 801
202 803
202 804
202 809
202 811
202 814
202 821
202 824
202 827
202 829
202 835
202 845
202 857
202 861
202 862
202 863
202 864
202 867
202 871
202 875
202 878
202 879
202 880
202 887
202 892
202 895
202 896
202 897
202 898
202 902
202 903
202 904
202 905
202 906
202 907
202 908
202 910
202 917
202 922
202 923
202 924
202 925
202 926
202 931
202 933
202 935
202 944
202 945
202 946
202 948
202 949
202 954
202 955
202 956
202 959
202 974
202 982
202 983
202 989
202 990
202 994
202 997
202 998
202 1000
203 504
203 505
203 507
203 509
203 511
203 517
203 532
203 534
203 535
203 536
203 538
203 539
203 543
203 549
203 556
203 559
203 560
203 562
203 567
203 568
203 572
203 574
203 594
203 595
203 597
203 599
203 600
203 602
203 607
203 608
203 616
203 619
203 620
203 622
203 627
203 628
203 630
203 633
203 636
203 638
203 640
203 658
203 662
203 665
203 668
203 674
203 680
203 687
203 692
203 699
203 702
203 703
203 704
203 709
203 710
203 711
203 714
203 715
203 719
203 727
203 728
203 740
203 748
203 750
203 751
203 752
203 757
203 764
203 766
203 767
203 770
203 774
203 779
203 780
203 789
203 792
203 795
203 798
203 801
203 806
203 807
203 812
203 815
203 816
203 820
203 824
203 826
203 827
203 828
203 829
203 841
203 844
203 845
203 847
203 853
203 856
203 858
203 859
203 864
203 865
203 875
203 879
203 880
203 881
203 883
203 886
203 887
203 889
203 890
203 892
203 893
203 895
203 897
203 901
203 913
203 916
203 917
203 919
203 920
203 923
203 924
203 929
203 934
203 935
203 939
203 943
203 946
203 948
203 951
203 958
203 960
203 961
203 962
203 963
203 970
203 977
203 981
203 989
203 990
203 991
203 998
203 999
203 1000
204 505
204 509
204 510
204 516
204 517
204 522
204 524
204 527
204 528
204 530
204 536
204 541
204 542
204 543
204 546
204 550
204 551
204 555
204 558
204 559
204 568
204 569
204 576
204 577
204 578
204 579
204 580
204 584
204 586
204 592
204 595
204 596
204 600
204 603
204 605
204 606
204 610
204 617
204 621
204 622
204 624
204 625
204 632
204 633
204 634
204 636
204 640
204 642
204 644
204 646
204 647
204 649
204 657
204 658
204 659
204 660
204 661
204 665
204 670
204 672
204 678
204 680
204 682
204 683
204 684
204 685
204 689
204 690
204 697
204 698
204 699
204 707
204 708
204 712
204 716
204 717
204 718
204 728
204 736
204 738
204 743
204 745
204 747
204 750
204 756
204 760
204 765
204 770
204 773
204 774
204 779
204 783
204 787
204 791
204 794
204 796
204 798
204 800
204 806
204 807
204 808
204 817
204 820
204 821
204 825
204 826
204 828
204 829
204 835
204 838
204 840
204 842
204 855
204 856
204 857
204 861
204 867
204 868
204 871
204 875
204 877
204 878
204 879
204 880
204 884
204 885
204 886
204 889
204 897
204 901
204 902
204 903
204 905
204 916
204 918
204 920
204 925
204 927
204 928
204 931
204 933
204 937
204 940
204 948
204 954
204 962
204 963
204 974
204 976
204 977
204 978
204 980
204 982
204 984
204 987
204 988
204 989
204 990
204 991
204 993
204 995
204 999
205 502
205 505
205 506
205 508
205 510
205 515
205 517
205 520
205 521
205 522
205 523
205 530
205 531
205 532
205 533
205 539
205 544
205 546
205 550
205 560
205 565
205 566
205 569
205 574
205 576
205 579
205 584
205 586
205 589
205 590
205 593
205 594
205 597
205 603
205 612
205 616
205 620
205 624
205 627
205 633
205 634
205 642
205 644
205 646
205 656
205 658
205 660
205 661
205 662
205 663
205 664
205 675
205 676
205 677
205 680
205 681
205 682
205 684
205 685
205 686
205 687
205 689
205 694
205 697
205 700
205 703
205 707
205 708
205 718
205 719
205 731
205 732
205 733
205 737
205 738
205 740
205 742
205 744
205 747
205 754
205 755
205 756
205 757
205 758
205 766
205 768
205 773
205 778
205 780
205 782
205 784
205 785
205 795
205 802
205 805
205 809
205 811
205 812
205 818
205 819
205 820
205 825
205 828
205 832
205 837
205 842
205 849
205 852
205 853
205 855
205 856
205 858
205 860
205 866
205 872
205 876
205 881
205 884
205 885
205 887
205 890
205 891
205 898
205 899
205 900
205 904
205 907
205 908
205 909
205 911
205 912
205 913
205 916
205 917
205 919
205 933
205 934
205 937
205 955
205 956
205 957
205 970
205 971
205 972
205 973
205 974
205 982
205 987
205 988
205 989
205 991
205 993
205 994
205 996
205 998
206 508
206 509
206 513
206 514
206 517
206 518
206 522
206 523
206 524
206 528
206 531
206 534
206 539
206 541
206 543
206 548
206 552
206 560
206 561
206 565
206 568
206 569
206 570
206 572
206 582
206 583
206 587
206 588
206 591
206 592
206 593
206 596
206 597
206 599
206 600
206 605
206 610
206 616
206 617
206 618
206 620
206 622
206 626
206 627
206 628
206 632
206 633
206 635
206 638
206 639
206 643
206 650
206 652
206 653
206 656
206 657
206 659
206 660
206 664
206 666
206 667
206 672
206 678
206 680
206 684
206 686
206 687
206 689
206 690
206 691
206 693
206 699
206 702
206 706
206 707
206 714
206 724
206 727
206 728
206 735
206 736
206 737
206 746
206 753
206 759
206 764
206 768
206 771
206 773
206 777
206 779
206 782
206 784
206 787
206 790
206 791
206 793
206 794
206 795
206 798
206 801
206 806
206 807
206 808
206 813
206 820
206 825
206 827
206 828
206 830
206 831
206 833
206 838
206 841
206 843
206 846
206 847
206 848
206 850
206 852
206 864
206 865
206 873
206 875
206 876
206 878
206 879
206 883
206 896
206 897
206 900
206 901
206 903
206 910
206 915
206 917
206 920
206 923
206 926
206 932
206 939
206 941
206 942
206 945
206 949
206 955
206 956
206 959
206 962
206 963
206 969
206 970
206 973
206 980
206 983
206 989
206 993
206 998
207 501
207 502
207 503
207 505
207 507
207 508
207 514
207 517
207 518
207 520
207 521
207 531
207 532
207 534
207 535
207 539
207 541
207 542
207 543
207 545
207 546
207 550
207 551
207 553
207 563
207 566
207 567
207 568
207 570
207 572
207 573
207 576
207 578
207 581
207 582
207 583
207 589
207 591
207 592
207 600
207 602
207 604
207 606
207 608
207 610
207 611
207 621
207 622
207 625
207 629
207 630
207 633
207 636
207 640
207 642
207 643
207 644
207 645
207 647
207 649
207 651
207 659
207 663
207 664
207 678
207 680
207 684
207 689
207 694
207 697
207 701
207 702
207 708
207 709
207 710
207 711
207 712
207 717
207 718
207 722
207 725
207 726
207 731
207 735
207 736
207 737
207 738
207 740
207 742
207 746
207 752
207 754
207 758
207 764
207 765
207 766
207 767
207 772
207 775
207 781
207 783
207 786
207 790
207 794
207 795
207 796
207 798
207 801
207 803
207 807
207 809
207 811
207 812
207 815
207 819
207 822
207 823
207 826
207 835
207 839
207 841
207 843
207 844
207 853
207 855
207 858
207 863
207 870
207 871
207 875
207 879
207 886
207 893
207 896
207 898
207 900
207 901
207 903
207 920
207 922
207 923
207 924
207 925
207 928
207 929
207 933
207 936
207 940
207 949
207 951
207 957
207 959
207 963
207 966
207 969
207 970
207 975
207 977
207 988
207 990
207 993
207 995
207 996
207 997
208 502
208 503
208 504
208 507
208 511
208 518
208 521
208 522
208 530
208 533
208 537
208 541
208 546
208 548
208 550
208 553
208 556
208 559
208 564
208 565
208 569
208 570
208 574
208 576
208 580
208 582
208 591
208 592
208 607
208 608
208 613
208 615
208 616
208 620
208 622
208 623
208 624
208 625
208 626
208 632
208 638
208 640
208 642
208 645
208 653
208 656
208 657
208 660
208 669
208 673
208 681
208 687
208 691
208 692
208 694
208 695
208 697
208 711
208 717
208 720
208 721
208 722
208 726
208 731
208 734
208 737
208 738
208 747
208 750
208 751
208 761
208 763
208 768
208 769
208 770
208 776
208 782
208 786
208 791
208 798
208 799
208 802
208 810
208 815
208 817
208 818
208 823
208 825
208 827
208 832
208 837
208 839
208 840
208 842
208 851
208 852
208 853
208 854
208 856
208 863
208 864
208 865
208 870
208 873
208 880
208 884
208 885
208 886
208 889
208 890
208 896
208 897
208 901
208 903
208 904
208 907
208 912
208 916
208 919
208 921
208 924
208 927
208 929
208 930
208 935
208 937
208 939
208 942
208 943
208 946
208 954
208 956
208 960
208 963
208 972
208 978
208 979
208 980
208 981
208 984
208 989
208 991
208 997
209 501
209 503
209 517
209 521
209 525
209 527
209 528
209 530
209 535
209 536
209 540
209 542
209 543
209 551
209 552
209 556
209 559
209 560
209 561
209 562
209 564
209 566
209 579
209 583
209 584
209 591
209 592
209 594
209 595
209 600
209 610
209 615
209 618
209 619
209 624
209 628
209 630
209 634
209 644
209 646
209 652
209 654
209 655
209 658
209 659
209 660
209 662
209 664
209 668
209 670
209 671
209 672
209 673
209 674
209 679
209 680
209 685
209 695
209 696
209 699
209 702
209 705
209 709
209 716
209 717
209 724
209 726
209 727
209 728
209 730
209 733
209 739
209 746
209 751
209 755
209 756
209 762
209 768
209 773
209 774
209 776
209 777
209 781
209 790
209 792
209 794
209 797
209 802
209 808
209 816
209 819
209 822
209 824
209 830
209 833
209 834
209 839
209 842
209 844
209 846
209 860
209 864
209 867
209 873
209 880
209 881
209 883
209 886
209 893
209 894
209 896
209 899
209 900
209 902
209 903
209 905
209 906
209 907
209 909
209 910
209 913
209 915
209 917
209 919
209 922
209 924
209 926
209 932
209 938
209 941
209 942
209 946
209 951
209 955
209 957
209 959
209 963
209 964
209 965
209 967
209 973
209 976
209 978
209 981
209 982
209 984
209 985
209 987
209 993
210 501
210 502
210 506
210 509
210 511
210 517
210 530
210 533
210 536
210 538
210 542
210 547
210 549
210 550
210 552
210 554
210 557
210 562
210 563
210 568
210 574
210 579
210 580
210 581
210 582
210 584
210 587
210 588
210 592
210 593
210 598
210 600
210 601
210 603
210 604
210 605
210 617
210 619
210 620
210 621
210 624
210 631
210 634
210 639
210 641
210 642
210 644
210 645
210 647
210 648
210 650
210 651
210 653
210 654
210 655
210 657
210 661
210 662
210 666
210 667
210 670
210 675
210 685
210 688
210 689
210 694
210 707
210 712
210 718
210 722
210 724
210 726
210 731
210 732
210 734
210 736
210 739
210 747
210 748
210 749
210 750
210 753
210 755
210 759
210 760
210 762
210 764
210 765
210 767
210 768
210 772
210 773
210 774
210 781
210 788
210 791
210 795
210 798
210 799
210 801
210 804
210 808
210 816
210 821
210 828
210 830
210 831
210 835
210 842
210 847
210 855
210 859
210 860
210 865
210 866
210 867
210 870
210 875
210 876
210 878
210 883
210 885
210 890
210 893
210 894
210 903
210 907
210 912
210 923
210 924
210 926
210 927
210 931
210 935
210 937
210 940
210 942
210 947
210 958
210 961
210 963
210 965
210 969
210 970
210 973
210 977
210 978
210 981
210 982
210 983
210 987
210 988
210 989
210 990
210 991
210 994
210 995
210 996
210 997
211 502
211 506
211 509
211 512
211 516
211 517
211 518
211 519
211 521
211 530
211 531
211 532
211 535
211 536
211 542
211 555
211 556
211 560
211 563
211 566
211 567
211 581
211 586
211 590
211 592
211 596
211 599
211 606
211 609
211 610
211 611
211 614
211 616
211 618
211 621
211 623
211 625
211 631
211 632
211 633
211 634
211 635
211 643
211 646
211 649
211 654
211 661
211 667
211 669
211 670
211 674
211 682
211 684
211 688
211 692
211 697
211 701
211 706
211 707
211 708
211 710
211 711
211 714
211 718
211 726
211 727
211 732
211 733
211 734
211 736
211 741
211 742
211 743
211 744
211 754
211 755
211 756
211 757
211 770
211 771
211 772
211 774
211 778
211 781
211 783
211 785
211 791
211 802
211 805
211 809
211 810
211 812
211 816
211 821
211 823
211 824
211 827
211 830
211 835
211 845
211 853
211 854
211 858
211 862
211 865
211 870
211 871
211 872
211 874
211 875
211 879
211 883
211 884
211 900
211 901
211 902
211 903
211 907
211 908
211 913
211 917
211 930
211 936
211 937
211 941
211 943
211 949
211 959
211 960
211 963
211 967
211 968
211 969
211 978
211 980
211 981
211 983
211 987
211 988
211 992
211 993
211 1000
212 505
212 507
212 508
212 510
212 515
212 521
212 524
212 525
212 526
212 529
212 540
212 547
212 553
212 556
212 564
212 565
212 566
212 571
212 573
212 577
212 579
212 583
212 585
212 586
212 587
212 588
212 593
212 595
212 596
212 597
212 614
212 616
212 617
212 622
212 625
212 626
212 627
212 628
212 631
212 633
212 638
212 639
212 642
212 643
212 646
212 653
212 656
212 662
212 666
212 669
212 677
212 681
212 685
212 686
212 688
212 693
212 695
212 696
212 700
212 703
212 711
212 712
212 717
212 718
212 719
212 720
212 721
212 724
212 726
212 732
212 733
212 735
212 740
212 741
212 749
212 753
212 757
212 761
212 763
212 770
212 774
212 782
212 783
212 784
212 785
212 789
212 793
212 798
212 801
212 804
212 806
212 807
212 811
212 816
212 817
212 819
212 824
212 825
212 826
212 828
212 836
212 849
212 852
212 862
212 864
212 867
212 878
212 890
212 894
212 895
212 904
212 906
212 914
212 916
212 917
212 923
212 930
212 933
212 934
212 936
212 942
212 945
212 951
212 952
212 955
212 957
212 959
212 960
212 961
212 964
212 965
212 966
212 968
212 970
212 973
212 976
212 979
212 980
212 982
212 983
212 985
212 986
212 989
212 996
212 997
212 998
213 504
213 506
213 510
213 515
213 518
213 530
213 538
213 540
213 541
213 542
213 552
213 554
213 556
213 557
213 558
213 559
213 570
213 581
213 584
213 587
213 593
213 596
213 598
213 603
213 606
213 608
213 610
213 620
213 623
213 631
213 633
213 634
213 636
213 647
213 651
213 653
213 654
213 659
213 668
213 671
213 675
213 677
213 682
213 684
213 687
213 697
213 706
213 708
213 710
213 712
213 713
213 715
213 721
213 726
213 727
213 730
213 733
213 734
213 735
213 736
213 737
213 738
213 740
213 741
213 744
213 750
213 761
213 762
213 763
213 767
213 776
213 785
213 796
213 804
213 811
213 816
213 825
213 828
213 841
213 842
213 845
213 848
213 850
213 854
213 859
213 868
213 870
213 875
213 885
213 890
213 891
213 894
213 896
213 902
213 907
213 909
213 913
213 914
213 917
213 929
213 931
213 941
213 946
213 947
213 952
213 954
213 960
213 967
213 969
213 971
213 972
213 978
213 985
213 993
213 995
213 997
213 998
214 501
214 504
214 508
214 512
214 513
214 515
214 518
214 519
214 520
214 521
214 528
214 530
214 542
214 544
214 545
214 546
214 551
214 552
214 554
214 555
214 559
214 560
214 566
214 568
214 569
214 582
214 586
214 587
214 588
214 589
214 590
214 591
214 599
214 608
214 611
214 614
214 616
214 625
214 629
214 633
214 634
214 645
214 646
214 647
214 650
214 654
214 660
214 663
214 665
214 666
214 675
214 676
214 677
214 678
214 683
214 686
214 687
214 688
214 691
214 694
214 695
214 704
214 705
214 707
214 709
214 712
214 714
214 719
214 720
214 721
214 727
214 730
214 733
214 737
214 745
214 746
214 747
214 748
214 758
214 759
214 762
214 763
214 774
214 777
214 780
214 781
214 782
214 784
214 785
214 793
214 799
214 803
214 804
214 805
214 811
214 812
214 817
214 819
214 823
214 826
214 827
214 828
214 829
214 830
214 837
214 840
214 841
214 842
214 844
214 845
214 851
214 854
214 862
214 863
214 867
214 875
214 876
214 877
214 881
214 883
214 887
214 893
214 895
214 896
214 901
214 906
214 909
214 916
214 917
214 922
214 926
214 931
214 932
214 937
214 938
214 940
214 941
214 943
214 944
214 950
214 964
214 965
214 974
214 977
214 980
214 982
214 986
214 990
214 991
214 998
214 999
215 501
215 506
215 520
215 521
215 526
215 527
215 528
215 530
215 531
215 537
215 542
215 550
215 554
215 560
215 563
215 565
215 570
215 573
215 577
215 581
215 589
215 591
215 601
215 602
215 608
215 613
215 616
215 617
215 621
215 623
215 627
215 628
215 631
215 632
215 635
215 638
215 641
215 643
215 645
215 648
215 653
215 657
215 659
215 660
215 661
215 664
215 665
215 666
215 674
215 678
215 679
215 684
215 685
215 688
215 689
215 695
215 697
215 705
215 712
215 713
215 717
215 718
215 721
215 722
215 725
215 732
215 733
215 736
215 745
215 752
215 758
215 759
215 763
215 765
215 766
215 767
215 768
215 771
215 777
215 788
215 789
215 792
215 796
215 797
215 798
215 799
215 800
215 801
215 803
215 805
215 806
215 808
215 811
215 818
215 819
215 820
215 823
215 828
215 833
215 834
215 837
215 840
215 841
215 843
215 844
215 845
215 848
215 850
215 859
215 864
215 866
215 869
215 876
215 880
215 882
215 883
215 890
215 894
215 899
215 902
215 903
215 909
215 910
215 912
215 915
215 917
215 927
215 931
215 934
215 935
215 944
215 945
215 954
215 956
215 957
215 959
215 963
215 964
215 966
215 973
215 974
215 976
215 986
215 987
215 988
215 989
215 994
216 503
216 504
216 506
216 507
216 515
216 516
216 522
216 524
216 526
216 536
216 541
216 542
216 546
216 547
216 548
216 559
216 561
216 563
216 567
216 575
216 577
216 578
216 580
216 582
216 583
216 587
216 588
216 589
216 590
216 591
216 593
216 594
216 600
216 602
216 603
216 605
216 606
216 608
216 609
216 613
216 614
216 615
216 616
216 618
216 626
216 632
216 634
216 636
216 639
216 641
216 642
216 645
216 649
216 651
216 666
216 669
216 677
216 683
216 688
216 689
216 694
216 699
216 701
216 703
216 704
216 709
216 715
216 717
216 720
216 728
216 733
216 734
216 735
216 736
216 740
216 742
216 743
216 748
216 750
216 752
216 755
216 756
216 764
216 767
216 782
216 787
216 801
216 803
216 804
216 808
216 811
216 819
216 823
216 824
216 826
216 831
216 835
216 836
216 840
216 845
216 850
216 851
216 862
216 864
216 866
216 867
216 868
216 870
216 874
216 879
216 880
216 897
216 898
216 905
216 909
216 918
216 919
216 922
216 923
216 935
216 936
216 937
216 938
216 954
216 956
216 960
216 963
216 967
216 968
216 971
216 974
216 976
216 977
216 983
216 990
216 991
216 994
216 996
217 504
217 505
217 519
217 522
217 528
217 536
217 543
217 547
217 548
217 557
217 558
217 564
217 566
217 571
217 572
217 577
217 580
217 583
217 588
217 589
217 592
217 593
217 597
217 605
217 607
217 608
217 613
217 616
217 617
217 618
217 619
217 620
217 622
217 632
217 634
217 637
217 638
217 642
217 646
217 654
217 655
217 657
217 658
217 660
217 663
217 668
217 669
217 670
217 678
217 687
217 690
217 692
217 693
217 694
217 700
217 705
217 709
217 710
217 721
217 722
217 724
217 725
217 727
217 728
217 731
217 732
217 733
217 736
217 739
217 740
217 742
217 748
217 749
217 755
217 762
217 763
217 767
217 771
217 772
217 773
217 777
217 782
217 784
217 786
217 791
217 794
217 795
217 796
217 797
217 798
217 799
217 800
217 807
217 809
217 812
217 820
217 822
217 825
217 826
217 828
217 832
217 833
217 834
217 837
217 842
217 843
217 850
217 852
217 853
217 857
217 865
217 867
217 868
217 873
217 874
217 881
217 882
217 894
217 896
217 897
217 899
217 907
217 908
217 910
217 914
217 917
217 919
217 922
217 923
217 924
217 925
217 926
217 927
217 928
217 929
217 930
217 931
217 933
217 936
217 940
217 942
217 944
217 945
217 952
217 957
217 959
217 961
217 964
217 970
217 972
217 976
217 977
217 989
217 990
217 993
217 994
217 995
217 1000
218 501
218 505
218 510
218 511
218 518
218 519
218 522
218 528
218 530
218 535
218 537
218 550
218 551
218 552
218 560
218 563
218 564
218 566
218 567
218 568
218 570
218 571
218 575
218 576
218 580
218 585
218 586
218 588
218 590
218 592
218 595
218 602
218 603
218 606
218 617
218 621
218 624
218 627
218 631
218 633
218 637
218 640
218 642
218 648
218 654
218 657
218 659
218 661
218 665
218 668
218 670
218 674
218 676
218 678
218 685
218 686
218 687
218 689
218 693
218 694
218 696
218 699
218 703
218 705
218 706
218 708
218 709
218 713
218 714
218 715
218 716
218 718
218 721
218 726
218 728
218 730
218 733
218 734
218 744
218 756
218 757
218 760
218 767
218 770
218 777
218 780
218 782
218 792
218 794
218 801
218 807
218 814
218 822
218 824
218 825
218 826
218 827
218 830
218 846
218 847
218 848
218 855
218 856
218 859
218 860
218 861
218 862
218 864
218 867
218 868
218 872
218 873
218 881
218 883
218 885
218 889
218 892
218 894
218 895
218 896
218 897
218 900
218 907
218 908
218 919
218 925
218 926
218 929
218 930
218 938
218 939
218 940
218 944
218 948
218 951
218 952
218 954
218 956
218 958
218 959
218 961
218 962
218 963
218 965
218 967
218 968
218 974
218 978
218 979
218 983
218 986
218 990
218 991
218 994
218 995
218 998
218 999
218 1000
219 501
219 502
219 511
219 512
219 514
219 515
219 521
219 526
219 537
219 539
219 540
219 541
219 542
219 544
219 546
219 547
219 554
219 557
219 560
219 562
219 564
219 567
219 581
219 585
219 589
219 594
219 597
219 598
219 599
219 601
219 605
219 606
219 607
219 609
219 610
219 617
219 622
219 623
219 626
219 639
219 641
219 644
219 650
219 653
219 654
219 661
219 663
219 668
219 682
219 683
219 687
219 688
219 689
219 695
219 698
219 704
219 707
219 708
219 710
219 713
219 719
219 726
219 729
219 736
219 740
219 746
219 747
219 748
219 749
219 753
219 762
219 769
219 770
219 777
219 786
219 793
219 795
219 798
219 799
219 800
219 801
219 805
219 815
219 817
219 819
219 820
219 828
219 829
219 832
219 835
219 840
219 847
219 849
219 850
219 852
219 855
219 856
219 857
219 863
219 865
219 871
219 877
219 879
219 881
219 883
219 887
219 890
219 893
219 897
219 901
219 902
219 906
219 907
219 909
219 914
219 915
219 920
219 926
219 928
219 932
219 934
219 936
219 946
219 947
219 950
219 951
219 952
219 953
219 955
219 956
219 957
219 960
219 966
219 967
219 970
219 977
219 978
219 980
219 984
219 986
219 989
219 994
219 995
219 996
219 997
220 502
220 503
220 505
220 508
220 510
220 513
220 516
220 521
220 522
220 523
220 526
220 530
220 532
220 534
220 537
220 539
220 562
220 572
220 573
220 575
220 577
220 582
220 590
220 593
220 596
220 602
220 604
220 612
220 613
220 616
220 619
220 621
220 623
220 629
220 639
220 640
220 641
220 644
220 652
220 654
220 655
220 656
220 658
220 662
220 677
220 690
220 693
220 710
220 712
220 720
220 721
220 725
220 728
220 732
220 733
220 734
220 736
220 741
220 743
220 747
220 748
220 749
220 750
220 753
220 754
220 760
220 761
220 763
220 764
220 768
220 770
220 776
220 783
220 787
220 794
220 795
220 798
220 800
220 801
220 803
220 809
220 815
220 816
220 823
220 824
220 825
220 826
220 831
220 840
220 841
220 843
220 848
220 849
220 850
220 851
220 857
220 858
220 860
220 866
220 867
220 870
220 871
220 872
220 875
220 878
220 880
220 881
220 882
220 884
220 885
220 887
220 889
220 890
220 895
220 900
220 903
220 904
220 906
220 907
220 909
220 911
220 912
220 914
220 915
220 917
220 927
220 936
220 937
220 945
220 946
220 949
220 950
220 951
220 956
220 959
220 960
220 969
220 977
220 981
220 986
220 991
220 992
220 999
221 503
221 505
221 507
221 511
221 512
221 518
221 519
221 526
221 528
221 530
221 531
221 534
221 535
221 538
221 539
221 540
221 542
221 543
221 546
221 548
221 550
221 560
221 573
221 574
221 583
221 586
221 589
221 601
221 602
221 613
221 619
221 623
221 624
221 627
221 629
221 630
221 632
221 651
221 653
221 657
221 660
221 662
221 664
221 671
221 676
221 679
221 680
221 681
221 684
221 689
221 691
221 693
221 695
221 697
221 703
221 705
221 708
221 714
221 719
221 722
221 723
221 728
221 734
221 737
221 738
221 740
221 744
221 750
221 757
221 761
221 763
221 766
221 767
221 770
221 771
221 774
221 778
221 779
221 783
221 785
221 786
221 793
221 795
221 796
221 805
221 808
221 810
221 811
221 812
221 814
221 822
221 829
221 832
221 834
221 835
221 836
221 838
221 839
221 840
221 842
221 843
221 845
221 849
221 850
221 854
221 857
221 867
221 874
221 884
221 897
221 899
221 901
221 902
221 903
221 905
221 907
221 917
221 921
221 923
221 925
221 929
221 936
221 938
221 939
221 940
221 942
221 943
221 946
221 947
221 949
221 953
221 955
221 959
221 966
221 967
221 968
221 969
221 973
221 974
221 979
221 980
221 982
221 990
221 998
221 1000
222 506
222 509
222 511
222 513
222 519
222 524
222 526
222 530
222 534
222 535
222 543
222 546
222 550
222 551
222 553
222 554
222 555
222 556
222 565
222 572
222 573
222 578
222 582
222 584
222 589
222 592
222 593
222 603
222 605
222 607
222 608
222 618
222 624
222 634
222 642
222 644
222 646
222 649
222 661
222 662
222 674
222 676
222 679
222 683
222 689
222 690
222 692
222 693
222 694
222 699
222 700
222 702
222 710
222 711
222 719
222 724
222 727
222 729
222 731
222 737
222 738
222 744
222 748
222 749
222 750
222 755
222 762
222 766
222 769
222 772
222 780
222 781
222 783
222 787
222 789
222 794
222 796
222 797
222 799
222 800
222 802
222 806
222 815
222 818
222 821
222 823
222 824
222 835
222 839
222 840
222 841
222 843
222 844
222 846
222 850
222 851
222 852
222 859
222 860
222 862
222 868
222 869
222 870
222 871
222 874
222 878
222 879
222 882
222 883
222 884
222 887
222 889
222 893
222 894
222 895
222 898
222 900
222 902
222 903
222 906
222 913
222 915
222 916
222 919
222 922
222 925
222 926
222 930
222 933
222 938
222 939
222 942
222 945
222 948
222 950
222 951
222 952
222 956
222 961
222 962
222 964
222 965
222 972
222 976
222 987
222 997
222 999
222 1000
223 503
223 504
223 505
223 507
223 508
223 509
223 514
223 515
223 517
223 528
223 531
223 534
223 536
223 537
223 545
223 549
223 550
223 555
223 558
223 564
223 567
223 569
223 580
223 590
223 591
223 593
223 597
223 599
223 600
223 605
223 606
223 608
223 617
223 621
223 630
223 635
223 636
223 641
223 646
223 652
223 660
223 666
223 668
223 672
223 674
223 676
223 677
223 678
223 683
223 684
223 686
223 690
223 692
223 708
223 709
223 710
223 719
223 721
223 728
223 733
223 734
223 741
223 742
223 744
223 745
223 749
223 755
223 759
223 761
223 763
223 766
223 767
223 776
223 781
223 793
223 796
223 800
223 801
223 803
223 808
223 810
223 811
223 812
223 813
223 814
223 815
223 818
223 819
223 821
223 823
223 824
223 830
223 831
223 832
223 834
223 837
223 838
223 839
223 843
223 844
223 849
223 851
223 856
223 870
223 871
223 873
223 879
223 882
223 883
223 886
223 887
223 902
223 905
223 907
223 908
223 910
223 915
223 917
223 918
223 921
223 922
223 924
223 927
223 931
223 933
223 935
223 936
223 937
223 941
223 948
223 952
223 954
223 958
223 959
223 963
223 966
223 970
223 974
223 979
223 980
223 981
223 982
223 990
223 994
223 995
223 998
224 501
224 503
224 504
224 507
224 511
224 516
224 517
224 519
224 523
224 524
224 528
224 532
224 543
224 546
224 547
224 549
224 550
224 557
224 559
224 562
224 568
224 570
224 571
224 572
224 573
224 574
224 576
224 577
224 578
224 579
224 585
224 587
224 589
224 590
224 591
224 601
224 602
224 603
224 608
224 611
224 612
224 613
224 629
224 632
224 636
224 638
224 639
224 642
224 645
224 647
224 653
224 655
224 659
224 660
224 668
224 673
224 674
224 678
224 679
224 681
224 686
224 687
224 693
224 694
224 703
224 704
224 705
224 707
224 717
224 726
224 728
224 729
224 733
224 734
224 735
224 737
224 743
224 745
224 746
224 748
224 749
224 751
224 754
224 755
224 765
224 770
224 771
224 774
224 777
224 779
224 782
224 783
224 788
224 791
224 792
224 793
224 795
224 799
224 805
224 806
224 807
224 815
224 816
224 818
224 819
224 824
224 827
224 829
224 835
224 836
224 837
224 843
224 844
224 846
224 849
224 853
224 855
224 856
224 865
224 867
224 873
224 878
224 879
224 889
224 890
224 891
224 892
224 897
224 899
224 901
224 906
224 909
224 910
224 913
224 914
224 915
224 916
224 919
224 933
224 934
224 939
224 941
224 942
224 947
224 949
224 950
224 963
224 967
224 968
224 970
224 973
224 974
224 980
224 981
224 985
224 990
224 993
224 994
224 995
225 506
225 511
225 512
225 513
225 521
225 525
225 526
225 532
225 533
225 538
225 545
225 546
225 549
225 552
225 554
225 560
225 561
225 562
225 563
225 565
225 571
225 585
225 590
225 594
225 597
225 599
225 600
225 602
225 604
225 607
225 609
225 611
225 614
225 619
225 621
225 627
225 635
225 636
225 642
225 643
225 645
225 650
225 651
225 655
225 659
225 660
225 662
225 665
225 670
225 675
225 685
225 686
225 688
225 689
225 691
225 696
225 697
225 699
225 710
225 716
225 717
225 718
225 719
225 720
225 727
225 742
225 743
225 744
225 745
225 750
225 753
225 755
225 762
225 768
225 769
225 770
225 774
225 781
225 783
225 785
225 789
225 791
225 798
225 804
225 805
225 807
225 810
225 816
225 821
225 827
225 833
225 836
225 847
225 850
225 859
225 862
225 867
225 870
225 871
225 874
225 879
225 880
225 883
225 887
225 894
225 900
225 902
225 914
225 917
225 919
225 938
225 939
225 943
225 944
225 945
225 949
225 955
225 958
225 969
225 971
225 973
225 974
225 977
225 978
225 980
225 982
225 983
225 984
225 987
225 988
225 989
225 990
225 993
225 998
226 501
226 502
226 504
226 508
226 509
226 513
226 516
226 522
226 525
226 528
226 532
226 534
226 539
226 542
226 543
226 547
226 554
226 555
226 557
226 560
226 561
226 562
226 567
226 574
226 585
226 586
226 594
226 599
226 601
226 604
226 611
226 615
226 620
226 623
226 630
226 631
226 635
226 640
226 649
226 650
226 655
226 656
226 657
226 660
226 661
226 662
226 666
226 674
226 677
226 681
226 683
226 687
226 691
226 695
226 706
226 707
226 709
226 714
226 715
226 718
226 719
226 724
226 725
226 727
226 731
226 733
226 735
226 737
226 740
226 741
226 745
226 748
226 753
226 754
226 759
226 760
226 761
226 762
226 763
226 767
226 768
226 769
226 770
226 771
226 773
226 774
226 775
226 780
226 782
226 783
226 789
226 790
226 794
226 796
226 797
226 798
226 799
226 806
226 808
226 814
226 818
226 821
226 830
226 834
226 838
226 844
226 854
226 858
226 859
226 860
226 861
226 865
226 866
226 870
226 873
226 885
226 888
226 890
226 891
226 892
226 893
226 899
226 901
226 902
226 906
226 907
226 908
226 910
226 911
226 912
226 919
226 927
226 933
226 946
226 948
226 955
226 960
226 964
226 968
226 969
226 971
226 974
226 975
226 976
226 977
226 980
226 988
226 990
226 993
226 994
226 995
226 999
227 501
227 514
227 517
227 519
227 520
227 523
227 526
227 527
227 531
227 535
227 537
227 544
227 549
227 552
227 553
227 554
227 555
227 565
227 566
227 568
227 571
227 577
227 578
227 581
227 584
227 586
227 587
227 589
227 592
227 605
227 607
227 608
227 612
227 614
227 615
227 617
227 618
227 622
227 633
227 636
227 640
227 645
227 654
227 659
227 664
227 665
227 668
227 676
227 683
227 684
227 685
227 686
227 688
227 689
227 691
227 694
227 698
227 699
227 701
227 703
227 706
227 718
227 720
227 724
227 725
227 731
227 733
227 736
227 738
227 740
227 741
227 742
227 743
227 744
227 749
227 750
227 751
227 755
227 756
227 759
227 760
227 763
227 767
227 771
227 775
227 777
227 783
227 786
227 787
227 789
227 791
227 792
227 794
227 798
227 799
227 802
227 803
227 808
227 809
227 831
227 837
227 842
227 846
227 847
227 848
227 853
227 858
227 865
227 870
227 878
227 879
227 880
227 881
227 885
227 895
227 903
227 904
227 910
227 911
227 912
227 914
227 921
227 925
227 927
227 928
227 929
227 933
227 936
227 940
227 942
227 943
227 947
227 948
227 955
227 957
227 958
227 959
227 966
227 968
227 971
227 979
227 991
227 993
227 994
227 996
227 999
228 505
228 513
228 514
228 517
228 518
228 524
228 526
228 529
228 530
228 533
228 536
228 537
228 539
228 540
228 543
228 552
228 554
228 556
228 559
228 565
228 566
228 570
228 575
228 582
228 585
228 587
228 588
228 591
228 592
228 593
228 594
228 599
228 602
228 603
228 609
228 610
228 612
228 613
228 615
228 623
228 638
228 639
228 644
228 646
228 647
228 648
228 649
228 651
228 652
228 654
228 655
228 662
228 664
228 667
228 673
228 677
228 678
228 679
228 683
228 688
228 689
228 692
228 696
228 699
228 700
228 707
228 711
228 714
228 716
228 717
228 727
228 731
228 734
228 735
228 736
228 737
228 739
228 743
228 745
228 750
228 751
228 761
228 766
228 769
228 770
228 771
228 774
228 777
228 778
228 780
228 782
228 788
228 795
228 797
228 798
228 805
228 806
228 807
228 808
228 810
228 813
228 820
228 822
228 823
228 825
228 828
228 829
228 834
228 841
228 842
228 845
228 849
228 851
228 853
228 854
228 860
228 863
228 866
228 892
228 894
228 895
228 896
228 899
228 900
228 901
228 903
228 905
228 912
228 915
228 918
228 919
228 930
228 932
228 933
228 935
228 940
228 941
228 946
228 947
228 949
228 950
228 953
228 954
228 962
228 963
228 964
228 968
228 969
228 970
228 973
228 977
228 978
228 979
228 986
228 994
229 506
229 510
229 511
229 514
229 518
229 519
229 520
229 521
229 529
229 530
229 532
229 534
229 539
229 541
229 554
229 555
229 557
229 561
229 566
229 573
229 579
229 581
229 585
229 595
229 598
229 599
229 601
229 603
229 607
229 608
229 610
229 617
229 618
229 623
229 625
229 627
229 630
229 637
229 640
229 648
229 650
229 651
229 653
229 655
229 656
229 662
229 675
229 676
229 687
229 691
229 692
229 693
229 695
229 700
229 701
229 704
229 708
229 710
229 712
229 715
229 717
229 720
229 726
229 727
229 728
229 731
229 732
229 734
229 736
229 737
229 738
229 740
229 745
229 748
229 751
229 754
229 758
229 760
229 761
229 766
229 768
229 771
229 772
229 774
229 777
229 779
229 782
229 785
229 789
229 790
229 792
229 793
229 798
229 804
229 812
229 820
229 826
229 828
229 830
229 832
229 834
229 835
229 837
229 838
229 839
229 847
229 851
229 852
229 854
229 857
229 860
229 861
229 864
229 865
229 869
229 870
229 873
229 874
229 875
229 880
229 881
229 882
229 886
229 887
229 892
229 894
229 895
229 898
229 899
229 900
229 903
229 907
229 911
229 912
229 916
229 920
229 925
229 942
229 943
229 944
229 945
229 950
229 951
229 952
229 953
229 955
229 958
229 961
229 963
229 966
229 971
229 978
229 979
229 983
229 993
230 504
230 513
230 529
230 537
230 544
230 546
230 548
230 549
230 550
230 555
230 556
230 560
230 561
230 562
230 563
230 564
230 572
230 575
230 576
230 578
230 579
230 580
230 581
230 583
230 586
230 588
230 592
230 596
230 600
230 601
230 606
230 611
230 613
230 616
230 617
230 620
230 621
230 624
230 629
230 631
230 633
230 635
230 637
230 638
230 639
230 641
230 649
230 653
230 654
230 658
230 660
230 662
230 665
230 666
230 668
230 669
230 671
230 673
230 675
230 677
230 679
230 680
230 683
230 685
230 691
230 692
230 693
230 695
230 700
230 702
230 704
230 707
230 710
230 711
230 714
230 724
230 727
230 734
230 742
230 743
230 744
230 748
230 749
230 753
230 754
230 755
230 763
230 765
230 767
230 768
230 770
230 774
230 777
230 780
230 782
230 786
230 791
230 799
230 801
230 806
230 807
230 809
230 811
230 812
230 816
230 818
230 819
230 821
230 836
230 858
230 859
230 861
230 862
230 863
230 870
230 873
230 875
230 877
230 878
230 880
230 881
230 885
230 887
230 891
230 892
230 895
230 903
230 906
230 908
230 909
230 914
230 916
230 917
230 921
230 927
230 928
230 931
230 934
230 943
230 945
230 949
230 953
230 956
230 957
230 962
230 965
230 966
230 972
230 973
230 975
230 978
230 980
230 984
230 986
230 991
230 993
230 1000
231 501
231 502
231 506
231 517
231 518
231 519
231 523
231 525
231 526
231 528
231 530
231 531
231 540
231 541
231 543
231 544
231 551
231 556
231 562
231 565
231 566
231 567
231 568
231 574
231 576
231 579
231 580
231 582
231 584
231 585
231 589
231 591
231 592
231 593
231 603
231 604
231 606
231 609
231 611
231 612
231 616
231 618
231 621
231 624
231 626
231 627
231 628
231 635
231 636
231 639
231 641
231 642
231 643
231 644
231 645
231 648
231 650
231 651
231 655
231 657
231 658
231 659
231 660
231 663
231 665
231 669
231 673
231 678
231 681
231 684
231 685
231 690
231 693
231 695
231 698
231 699
231 700
231 702
231 710
231 713
231 716
231 719
231 720
231 721
231 724
231 731
231 735
231 736
231 738
231 739
231 740
231 741
231 743
231 746
231 747
231 748
231 759
231 770
231 773
231 774
231 775
231 777
231 779
231 781
231 789
231 794
231 796
231 798
231 801
231 806
231 808
231 811
231 813
231 814
231 815
231 816
231 817
231 818
231 825
231 828
231 836
231 838
231 840
231 845
231 852
231 853
231 855
231 857
231 860
231 863
231 870
231 873
231 874
231 876
231 882
231 883
231 884
231 885
231 887
231 889
231 894
231 896
231 899
231 902
231 906
231 910
231 915
231 924
231 926
231 928
231 934
231 936
231 943
231 952
231 953
231 957
231 960
231 961
231 967
231 972
231 973
231 974
231 975
231 982
231 985
231 993
231 994
231 995
231 997
231 998
232 501
232 502
232 503
232 504
232 514
232 515
232 520
232 522
232 524
232 527
232 528
232 530
232 531
232 532
232 535
232 538
232 542
232 546
232 550
232 557
232 559
232 562
232 569
232 576
232 585
232 598
232 599
232 600
232 604
232 611
232 615
232 618
232 620
232 624
232 625
232 626
232 637
232 639
232 642
232 646
232 648
232 649
232 654
232 659
232 660
232 661
232 665
232 669
232 671
232 672
232 674
232 678
232 680
232 684
232 687
232 688
232 690
232 693
232 700
232 701
232 708
232 709
232 712
232 721
232 726
232 729
232 737
232 738
232 739
232 740
232 741
232 747
232 749
232 750
232 752
232 754
232 757
232 761
232 762
232 763
232 765
232 766
232 769
232 772
232 773
232 781
232 782
232 785
232 794
232 796
232 797
232 798
232 801
232 802
232 805
232 810
232 812
232 813
232 817
232 819
232 821
232 827
232 828
232 837
232 840
232 849
232 854
232 855
232 857
232 858
232 859
232 865
232 867
232 869
232 871
232 874
232 876
232 879
232 883
232 884
232 886
232 889
232 891
232 892
232 894
232 895
232 896
232 899
232 903
232 906
232 911
232 916
232 918
232 922
232 923
232 924
232 931
232 934
232 935
232 936
232 939
232 942
232 943
232 949
232 954
232 958
232 959
232 968
232 969
232 974
232 976
232 977
232 982
232 989
232 990
232 993
232 998
233 501
233 505
233 509
233 511
233 513
233 515
233 522
233 526
233 530
233 533
233 536
233 537
233 544
233 546
233 547
233 548
233 550
233 560
233 562
233 563
233 568
233 571
233 574
233 579
233 583
233 584
233 594
233 595
233 596
233 598
233 601
233 603
233 607
233 609
233 611
233 616
233 622
233 624
233 627
233 629
233 630
233 640
233 641
233 645
233 646
233 653
233 662
233 666
233 668
233 669
233 673
233 675
233 680
233 686
233 688
233 689
233 694
233 698
233 699
233 703
233 710
233 712
233 713
233 716
233 726
233 728
233 729
233 731
233 732
233 739
233 742
233 743
233 747
233 757
233 759
233 764
233 767
233 768
233 769
233 771
233 774
233 780
233 784
233 791
233 792
233 799
233 801
233 802
233 803
233 805
233 810
233 812
233 817
233 818
233 830
233 834
233 840
233 841
233 843
233 845
233 846
233 855
233 856
233 858
233 862
233 863
233 869
233 871
233 876
233 885
233 889
233 892
233 896
233 899
233 901
233 905
233 906
233 910
233 911
233 912
233 915
233 916
233 919
233 922
233 924
233 935
233 936
233 944
233 946
233 947
233 951
233 954
233 960
233 962
233 968
233 969
233 971
233 974
233 980
233 985
233 987
233 989
233 990
233 992
233 995
233 998
233 999
234 501
234 503
234 509
234 513
234 528
234 529
234 532
234 535
234 536
234 543
234 545
234 546
234 549
234 558
234 560
234 562
234 580
234 581
234 582
234 584
234 586
234 588
234 590
234 591
234 595
234 596
234 601
234 607
234 616
234 619
234 621
234 634
234 636
234 638
234 649
234 650
234 651
234 655
234 657
234 666
234 667
234 670
234 671
234 673
234 675
234 679
234 682
234 685
234 688
234 689
234 693
234 707
234 713
234 714
234 715
234 716
234 717
234 726
234 727
234 731
234 736
234 740
234 741
234 744
234 751
234 753
234 756
234 767
234 770
234 771
234 772
234 775
234 783
234 786
234 787
234 789
234 791
234 795
234 808
234 810
234 817
234 823
234 824
234 825
234 829
234 832
234 834
234 835
234 836
234 837
234 839
234 842
234 847
234 848
234 850
234 857
234 860
234 861
234 864
234 865
234 868
234 869
234 870
234 871
234 878
234 879
234 881
234 883
234 886
234 894
234 900
234 901
234 904
234 909
234 916
234 918
234 927
234 928
234 934
234 937
234 942
234 943
234 949
234 952
234 958
234 966
234 968
234 982
234 983
234 988
234 1000
235 501
235 509
235 512
235 513
235 516
235 517
235 521
235 525
235 528
235 530
235 531
235 541
235 543
235 548
235 549
235 553
235 554
235 555
235 562
235 569
235 570
235 573
235 574
235 575
235 577
235 578
235 579
235 580
235 586
235 588
235 589
235 591
235 593
235 598
235 599
235 605
235 606
235 611
235 612
235 614
235 615
235 619
235 620
235 621
235 627
235 630
235 631
235 632
235 633
235 635
235 637
235 640
235 642
235 643
235 645
235 649
235 650
235 651
235 657
235 661
235 662
235 667
235 669
235 676
235 681
235 685
235 692
235 693
235 694
235 696
235 698
235 699
235 704
235 707
235 708
235 709
235 713
235 714
235 728
235 732
235 735
235 738
235 742
235 745
235 748
235 750
235 751
235 752
235 755
235 758
235 761
235 762
235 763
235 770
235 774
235 775
235 776
235 778
235 779
235 787
235 788
235 789
235 791
235 792
235 794
235 798
235 799
235 805
235 808
235 814
235 818
235 819
235 820
235 821
235 826
235 829
235 830
235 832
235 838
235 840
235 844
235 854
235 855
235 858
235 859
235 860
235 863
235 864
235 865
235 866
235 869
235 870
235 871
235 873
235 877
235 885
235 886
235 888
235 891
235 898
235 903
235 904
235 918
235 920
235 925
235 930
235 931
235 937
235 938
235 940
235 944
235 945
235 947
235 949
235 950
235 952
235 956
235 960
235 961
235 962
235 963
235 964
235 965
235 967
235 971
235 973
235 975
235 976
235 981
235 983
235 984
235 986
235 991
235 996
236 502
236 503
236 505
236 509
236 510
236 512
236 514
236 517
236 519
236 520
236 529
236 531
236 536
236 543
236 545
236 546
236 551
236 554
236 556
236 557
236 560
236 564
236 565
236 567
236 572
236 573
236 574
236 586
236 594
236 599
236 600
236 601
236 602
236 605
236 606
236 616
236 624
236 625
236 627
236 629
236 632
236 634
236 635
236 637
236 639
236 647
236 651
236 653
236 655
236 660
236 662
236 663
236 668
236 674
236 675
236 676
236 680
236 681
236 683
236 688
236 689
236 692
236 696
236 702
236 708
236 710
236 713
236 719
236 725
236 727
236 733
236 736
236 737
236 740
236 743
236 744
236 745
236 751
236 752
236 754
236 756
236 758
236 763
236 764
236 765
236 767
236 777
236 781
236 783
236 786
236 788
236 790
236 794
236 798
236 802
236 804
236 805
236 807
236 809
236 812
236 813
236 816
236 817
236 820
236 821
236 830
236 832
236 838
236 839
236 843
236 844
236 847
236 848
236 853
236 857
236 858
236 865
236 867
236 872
236 879
236 887
236 891
236 895
236 897
236 902
236 904
236 906
236 911
236 913
236 916
236 917
236 922
236 927
236 932
236 933
236 939
236 943
236 949
236 956
236 958
236 963
236 966
236 972
236 975
236 979
236 981
236 984
236 989
236 995
236 996
236 998
236 999
237 501
237 502
237 503
237 504
237 510
237 511
237 514
237 516
237 517
237 519
237 521
237 522
237 523
237 525
237 526
237 531
237 535
237 536
237 543
237 544
237 546
237 549
237 551
237 555
237 557
237 560
237 561
237 563
237 566
237 568
237 570
237 580
237 581
237 584
237 585
237 586
237 591
237 594
237 596
237 604
237 613
237 618
237 626
237 632
237 638
237 639
237 640
237 641
237 642
237 643
237 653
237 655
237 656
237 661
237 664
237 668
237 673
237 676
237 677
237 682
237 683
237 688
237 689
237 690
237 696
237 700
237 701
237 707
237 710
237 716
237 717
237 718
237 719
237 722
237 724
237 726
237 728
237 732
237 739
237 744
237 746
237 747
237 749
237 752
237 754
237 756
237 759
237 765
237 767
237 768
237 770
237 777
237 783
237 784
237 786
237 787
237 788
237 796
237 799
237 806
237 808
237 815
237 819
237 821
237 822
237 823
237 832
237 838
237 843
237 845
237 847
237 850
237 858
237 859
237 860
237 871
237 875
237 876
237 881
237 883
237 898
237 902
237 907
237 908
237 909
237 924
237 928
237 929
237 935
237 938
237 942
237 946
237 950
237 954
237 955
237 956
237 957
237 958
237 959
237 962
237 966
237 970
237 972
237 974
237 979
237 982
237 983
237 984
237 989
237 991
237 999
238 501
238 503
238 504
238 506
238 510
238 515
238 521
238 523
238 525
238 528
238 534
238 538
238 539
238 544
238 547
238 550
238 551
238 552
238 562
238 563
238 566
238 567
238 568
238 569
238 572
238 578
238 579
238 581
238 582
238 588
238 598
238 602
238 603
238 610
238 613
238 615
238 619
238 623
238 630
238 640
238 642
238 644
238 645
238 650
238 651
238 654
238 661
238 668
238 670
238 675
238 676
238 678
238 679
238 682
238 683
238 685
238 689
238 690
238 691
238 695
238 696
238 701
238 704
238 707
238 708
238 710
238 714
238 716
238 719
238 727
238 736
238 743
238 757
238 761
238 771
238 774
238 780
238 782
238 784
238 787
238 789
238 790
238 791
238 797
238 798
238 802
238 807
238 808
238 812
238 820
238 825
238 828
238 829
238 841
238 845
238 849
238 861
238 863
238 864
238 865
238 871
238 872
238 874
238 875
238 877
238 879
238 887
238 889
238 892
238 896
238 898
238 903
238 905
238 906
238 907
238 908
238 910
238 911
238 912
238 915
238 920
238 921
238 924
238 926
238 929
238 933
238 937
238 938
238 945
238 947
238 958
238 962
238 968
238 970
238 980
238 981
238 982
238 983
238 984
238 986
238 989
238 996
238 997
238 998
238 999
239 501
239 502
239 503
239 511
239 512
239 514
239 515
239 517
239 525
239 526
239 529
239 536
239 540
239 542
239 543
239 545
239 546
239 553
239 555
239 564
239 565
239 568
239 577
239 578
239 579
239 581
239 583
239 591
239 600
239 610
239 612
239 616
239 619
239 620
239 621
239 623
239 624
239 631
239 633
239 634
239 635
239 636
239 637
239 638
239 643
239 645
239 646
239 649
239 652
239 653
239 664
239 665
239 669
239 671
239 676
239 680
239 684
239 685
239 686
239 687
239 688
239 689
239 696
239 700
239 702
239 706
239 707
239 708
239 710
239 713
239 714
239 715
239 718
239 719
239 720
239 725
239 728
239 739
239 742
239 743
239 748
239 755
239 758
239 759
239 761
239 767
239 772
239 776
239 779
239 785
239 802
239 803
239 807
239 809
239 819
239 821
239 822
239 825
239 826
239 828
239 830
239 831
239 834
239 839
239 844
239 849
239 852
239 853
239 854
239 858
239 859
239 862
239 863
239 865
239 870
239 882
239 883
239 884
239 886
239 890
239 905
239 908
239 910
239 914
239 917
239 922
239 929
239 933
239 936
239 937
239 940
239 941
239 942
239 943
239 944
239 949
239 952
239 953
239 954
239 968
239 973
239 974
239 976
239 978
239 979
239 980
239 982
239 984
239 992
239 995
240 502
240 503
240 504
240 511
240 514
240 515
240 522
240 523
240 526
240 528
240 535
240 539
240 542
240 543
240 544
240 546
240 551
240 552
240 556
240 567
240 570
240 581
240 585
240 586
240 587
240 588
240 593
240 596
240 600
240 601
240 602
240 603
240 607
240 614
240 616
240 623
240 626
240 629
240 637
240 639
240 641
240 650
240 656
240 658
240 659
240 661
240 664
240 668
240 670
240 672
240 677
240 678
240 679
240 682
240 684
240 685
240 689
240 690
240 694
240 699
240 703
240 706
240 711
240 713
240 715
240 716
240 717
240 719
240 723
240 724
240 726
240 732
240 737
240 739
240 740
240 743
240 745
240 747
240 749
240 750
240 753
240 754
240 756
240 768
240 773
240 778
240 779
240 781
240 782
240 784
240 789
240 790
240 793
240 797
240 798
240 801
240 802
240 806
240 809
240 813
240 814
240 824
240 831
240 834
240 841
240 843
240 852
240 854
240 855
240 867
240 871
240 872
240 874
240 881
240 883
240 884
240 885
240 888
240 890
240 891
240 899
240 900
240 902
240 903
240 905
240 906
240 908
240 918
240 920
240 921
240 933
240 934
240 938
240 942
240 944
240 945
240 947
240 950
240 952
240 953
240 955
240 956
240 961
240 962
240 963
240 964
240 966
240 968
240 971
240 972
240 974
240 984
240 987
240 991
240 994
240 997
240 998
241 502
241 505
241 506
241 507
241 508
241 509
241 512
241 526
241 529
241 531
241 532
241 535
241 536
241 540
241 545
241 552
241 560
241 563
241 566
241 567
241 574
241 582
241 583
241 584
241 590
241 593
241 595
241 596
241 597
241 602
241 603
241 605
241 607
241 608
241 610
241 615
241 617
241 624
241 627
241 632
241 633
241 634
241 640
241 642
241 647
241 648
241 651
241 655
241 656
241 658
241 662
241 663
241 664
241 666
241 669
241 674
241 675
241 678
241 681
241 683
241 687
241 693
241 695
241 696
241 697
241 701
241 707
241 715
241 717
241 720
241 721
241 722
241 724
241 725
241 736
241 748
241 753
241 754
241 764
241 766
241 773
241 777
241 778
241 781
241 786
241 787
241 789
241 795
241 797
241 798
241 805
241 807
241 808
241 811
241 816
241 821
241 826
241 830
241 831
241 839
241 848
241 856
241 857
241 858
241 859
241 865
241 866
241 867
241 869
241 872
241 873
241 874
241 875
241 876
241 886
241 887
241 888
241 890
241 893
241 896
241 903
241 904
241 912
241 913
241 916
241 924
241 926
241 932
241 943
241 944
241 946
241 950
241 952
241 955
241 957
241 962
241 966
241 967
241 969
241 970
241 972
241 974
241 976
241 979
241 985
241 986
241 988
241 990
242 502
242 504
242 505
242 508
242 510
242 511
242 514
242 516
242 518
242 519
242 521
242 530
242 533
242 534
242 535
242 537
242 542
242 546
242 560
242 565
242 573
242 578
242 579
242 581
242 587
242 590
242 594
242 595
242 600
242 607
242 622
242 623
242 631
242 632
242 633
242 638
242 643
242 646
242 651
242 652
242 655
242 659
242 660
242 662
242 667
242 669
242 670
242 681
242 692
242 694
242 699
242 701
242 714
242 715
242 717
242 724
242 725
242 740
242 742
242 750
242 753
242 754
242 757
242 765
242 768
242 769
242 776
242 780
242 781
242 782
242 784
242 787
242 790
242 793
242 797
242 802
242 807
242 811
242 813
242 815
242 820
242 830
242 832
242 838
242 848
242 849
242 855
242 858
242 865
242 874
242 875
242 876
242 879
242 880
242 883
242 884
242 886
242 890
242 892
242 902
242 905
242 916
242 920
242 925
242 926
242 929
242 930
242 933
242 935
242 938
242 941
242 943
242 944
242 948
242 949
242 951
242 954
242 956
242 960
242 963
242 964
242 969
242 975
242 976
242 983
242 986
242 989
242 992
242 999
243 502
243 504
243 506
243 510
243 514
243 517
243 518
243 520
243 522
243 524
243 525
243 529
243 534
243 536
243 540
243 543
243 544
243 546
243 548
243 549
243 550
243 553
243 555
243 558
243 563
243 566
243 567
243 577
243 578
243 580
243 590
243 592
243 596
243 597
243 600
243 602
243 603
243 605
243 606
243 609
243 611
243 615
243 617
243 620
243 630
243 635
243 636
243 645
243 649
243 652
243 654
243 655
243 656
243 659
243 664
243 667
243 670
243 674
243 675
243 677
243 679
243 680
243 681
243 683
243 686
243 689
243 690
243 693
243 699
243 700
243 704
243 715
243 725
243 726
243 729
243 734
243 740
243 741
243 743
243 744
243 748
243 750
243 752
243 753
243 754
243 757
243 760
243 761
243 763
243 767
243 772
243 779
243 780
243 782
243 791
243 794
243 799
243 802
243 804
243 805
243 807
243 813
243 815
243 817
243 821
243 826
243 829
243 831
243 834
243 835
243 838
243 848
243 851
243 852
243 854
243 857
243 861
243 869
243 872
243 873
243 874
243 875
243 878
243 883
243 885
243 893
243 895
243 896
243 899
243 905
243 908
243 913
243 914
243 920
243 921
243 922
243 928
243 930
243 934
243 935
243 938
243 940
243 942
243 944
243 945
243 947
243 950
243 951
243 954
243 955
243 957
243 958
243 960
243 970
243 971
243 976
243 980
243 986
243 987
243 990
243 997
244 504
244 506
244 510
244 512
244 516
244 518
244 519
244 520
244 523
244 529
244 530
244 532
244 538
244 539
244 552
244 553
244 558
244 566
244 570
244 579
244 581
244 583
244 588
244 589
244 594
244 595
244 599
244 600
244 601
244 602
244 604
244 605
244 607
244 608
244 614
244 615
244 617
244 619
244 621
244 622
244 625
244 628
244 634
244 635
244 637
244 640
244 645
244 650
244 652
244 657
244 659
244 664
244 665
244 666
244 673
244 684
244 685
244 693
244 695
244 700
244 702
244 707
244 711
244 713
244 719
244 721
244 725
244 728
244 733
244 734
244 735
244 739
244 740
244 742
244 746
244 747
244 748
244 749
244 750
244 754
244 758
244 768
244 769
244 770
244 775
244 777
244 779
244 780
244 781
244 783
244 784
244 785
244 788
244 790
244 792
244 796
244 799
244 803
244 804
244 814
244 816
244 818
244 819
244 825
244 826
244 828
244 836
244 840
244 847
244 848
244 853
244 859
244 860
244 863
244 869
244 870
244 871
244 872
244 876
244 877
244 878
244 880
244 887
244 892
244 895
244 896
244 897
244 899
244 900
244 902
244 904
244 908
244 911
244 916
244 921
244 922
244 931
244 944
244 946
244 947
244 950
244 958
244 959
244 962
244 970
244 979
244 982
244 986
244 988
244 989
244 993
245 503
245 510
245 514
245 518
245 521
245 522
245 523
245 525
245 526
245 527
245 530
245 534
245 535
245 537
245 538
245 545
245 548
245 549
245 550
245 552
245 555
245 558
245 559
245 560
245 561
245 562
245 563
245 564
245 565
245 569
245 570
245 576
245 580
245 585
245 587
245 595
245 596
245 602
245 607
245 609
245 616
245 618
245 626
245 628
245 630
245 631
245 637
245 638
245 639
245 641
245 646
245 651
245 657
245 667
245 674
245 675
245 676
245 680
245 682
245 685
245 687
245 689
245 691
245 694
245 696
245 699
245 706
245 712
245 722
245 723
245 726
245 727
245 729
245 732
245 738
245 740
245 742
245 744
245 745
245 750
245 751
245 755
245 769
245 773
245 774
245 776
245 779
245 780
245 781
245 786
245 787
245 789
245 794
245 802
245 803
245 805
245 806
245 813
245 815
245 820
245 823
245 824
245 828
245 840
245 842
245 844
245 845
245 847
245 848
245 850
245 852
245 855
245 857
245 860
245 864
245 867
245 876
245 879
245 882
245 883
245 884
245 885
245 889
245 890
245 893
245 895
245 898
245 901
245 911
245 916
245 918
245 923
245 925
245 928
245 929
245 930
245 934
245 938
245 941
245 953
245 961
245 966
245 967
245 969
245 971
245 972
245 974
245 977
245 978
245 980
245 981
245 988
245 992
245 994
245 1000
246 501
246 504
246 507
246 508
246 510
246 512
246 514
246 516
246 518
246 519
246 527
246 528
246 532
246 534
246 536
246 539
246 540
246 541
246 546
246 548
246 552
246 563
246 566
246 569
246 570
246 572
246 573
246 574
246 578
246 581
246 585
246 586
246 588
246 593
246 596
246 601
246 602
246 605
246 612
246 613
246 614
246 615
246 616
246 617
246 619
246 620
246 623
246 624
246 627
246 629
246 631
246 633
246 639
246 642
246 646
246 647
246 649
246 657
246 658
246 662
246 665
246 671
246 673
246 674
246 677
246 679
246 687
246 692
246 698
246 699
246 700
246 702
246 703
246 704
246 713
246 715
246 725
246 727
246 729
246 732
246 734
246 736
246 741
246 744
246 746
246 750
246 752
246 753
246 755
246 758
246 765
246 766
246 768
246 772
246 773
246 774
246 777
246 783
246 784
246 790
246 794
246 795
246 797
246 798
246 800
246 801
246 802
246 806
246 807
246 809
246 811
246 813
246 814
246 815
246 818
246 820
246 822
246 825
246 830
246 832
246 835
246 840
246 844
246 845
246 854
246 856
246 858
246 865
246 866
246 869
246 870
246 874
246 875
246 876
246 879
246 892
246 893
246 896
246 898
246 901
246 902
246 912
246 913
246 914
246 915
246 917
246 919
246 920
246 921
246 924
246 931
246 934
246 935
246 936
246 948
246 950
246 951
246 957
246 959
246 962
246 964
246 970
246 973
246 974
246 981
246 983
246 987
246 990
246 996
246 998
247 504
247 510
247 512
247 516
247 520
247 528
247 529
247 532
247 537
247 539
247 541
247 544
247 546
247 548
247 554
247 558
247 560
247 561
247 566
247 567
247 574
247 580
247 583
247 587
247 590
247 592
247 595
247 600
247 603
247 607
247 609
247 611
247 612
247 613
247 619
247 620
247 626
247 635
247 637
247 638
247 643
247 650
247 651
247 659
247 665
247 666
247 669
247 670
247 671
247 674
247 675
247 682
247 684
247 686
247 689
247 690
247 691
247 698
247 700
247 701
247 705
247 708
247 711
247 712
247 714
247 715
247 721
247 723
247 724
247 726
247 732
247 738
247 745
247 750
247 752
247 754
247 756
247 760
247 761
247 766
247 767
247 772
247 775
247 778
247 780
247 781
247 783
247 784
247 788
247 791
247 795
247 798
247 801
247 805
247 806
247 811
247 812
247 820
247 821
247 823
247 828
247 833
247 835
247 840
247 846
247 851
247 855
247 856
247 860
247 865
247 867
247 869
247 870
247 871
247 878
247 881
247 894
247 895
247 896
247 897
247 898
247 902
247 903
247 905
247 907
247 909
247 910
247 912
247 914
247 918
247 920
247 927
247 928
247 933
247 934
247 944
247 949
247 951
247 954
247 957
247 961
247 964
247 965
247 969
247 976
247 977
247 978
247 983
247 988
247 992
247 996
248 501
248 506
248 510
248 513
248 518
248 523
248 528
248 531
248 532
248 535
248 538
248 539
248 540
248 543
248 544
248 547
248 556
248 558
248 561
248 562
248 565
248 569
248 570
248 572
248 582
248 587
248 590
248 592
248 593
248 601
248 606
248 608
248 610
248 613
248 614
248 617
248 621
248 623
248 624
248 627
248 631
248 633
248 635
248 638
248 640
248 642
248 644
248 645
248 646
248 647
248 651
248 655
248 662
248 663
248 665
248 666
248 669
248 670
248 674
248 675
248 679
248 683
248 687
248 688
248 689
248 695
248 696
248 703
248 709
248 716
248 717
248 722
248 723
248 727
248 731
248 737
248 739
248 741
248 747
248 749
248 754
248 756
248 758
248 764
248 767
248 768
248 769
248 770
248 772
248 776
248 777
248 779
248 780
248 781
248 783
248 791
248 792
248 793
248 794
248 795
248 801
248 804
248 806
248 811
248 815
248 825
248 826
248 827
248 838
248 846
248 849
248 851
248 853
248 857
248 859
248 861
248 871
248 874
248 877
248 879
248 881
248 883
248 892
248 894
248 900
248 903
248 904
248 908
248 915
248 917
248 918
248 929
248 932
248 939
248 943
248 944
248 946
248 949
248 953
248 960
248 961
248 967
248 971
248 974
248 976
248 979
248 991
248 994
248 1000
249 514
249 518
249 519
249 521
249 523
249 524
249 530
249 532
249 533
249 534
249 536
249 539
249 541
249 543
249 545
249 550
249 551
249 553
249 558
249 559
249 560
249 561
249 563
249 568
249 574
249 577
249 584
249 585
249 587
249 588
249 593
249 598
249 600
249 602
249 603
249 604
249 613
249 615
249 616
249 617
249 625
249 628
249 631
249 637
249 638
249 640
249 642
249 643
249 644
249 646
249 647
249 653
249 654
249 658
249 661
249 662
249 664
249 669
249 672
249 677
249 685
249 687
249 690
249 692
249 694
249 696
249 698
249 699
249 713
249 717
249 719
249 721
249 725
249 726
249 727
249 731
249 734
249 736
249 742
249 745
249 748
249 749
249 751
249 753
249 754
249 756
249 759
249 762
249 763
249 766
249 767
249 768
249 769
249 770
249 776
249 777
249 778
249 781
249 788
249 790
249 797
249 801
249 805
249 806
249 814
249 819
249 831
249 834
249 839
249 841
249 843
249 847
249 848
249 854
249 856
249 862
249 864
249 867
249 882
249 895
249 897
249 900
249 905
249 907
249 911
249 912
249 914
249 916
249 918
249 923
249 925
249 927
249 932
249 936
249 939
249 942
249 947
249 948
249 951
249 952
249 956
249 960
249 963
249 969
249 971
249 984
249 985
249 992
249 993
249 997
249 1000
250 509
250 514
250 523
250 525
250 526
250 528
250 531
250 533
250 538
250 539
250 544
250 546
250 551
250 558
250 562
250 564
250 565
250 573
250 574
250 577
250 578
250 580
250 582
250 583
250 592
250 593
250 596
250 597
250 616
250 624
250 630
250 634
250 638
250 641
250 647
250 652
250 653
250 654
250 655
250 663
250 670
250 673
250 676
250 678
250 679
250 683
250 686
250 687
250 689
250 691
250 692
250 696
250 697
250 704
250 706
250 710
250 711
250 712
250 717
250 719
250 720
250 723
250 725
250 727
250 734
250 739
250 740
250 743
250 744
250 748
250 753
250 756
250 761
250 764
250 769
250 770
250 774
250 775
250 777
250 778
250 781
250 783
250 788
250 794
250 795
250 801
250 802
250 806
250 808
250 811
250 819
250 821
250 828
250 830
250 833
250 835
250 837
250 840
250 851
250 853
250 854
250 863
250 867
250 868
250 869
250 871
250 875
250 876
250 882
250 884
250 886
250 889
250 892
250 893
250 895
250 903
250 905
250 907
250 908
250 912
250 919
250 924
250 934
250 938
250 939
250 947
250 950
250 951
250 955
250 961
250 964
250 978
250 986
250 990
250 994
250 995
250 996
251 504
251 505
251 508
251 511
251 513
251 525
251 530
251 532
251 534
251 538
251 543
251 545
251 547
251 548
251 552
251 562
251 563
251 564
251 569
251 570
251 572
251 573
251 575
251 578
251 588
251 593
251 594
251 596
251 605
251 611
251 626
251 629
251 637
251 638
251 639
251 641
251 643
251 648
251 655
251 658
251 659
251 660
251 662
251 663
251 666
251 671
251 678
251 679
251 682
251 690
251 692
251 695
251 698
251 699
251 700
251 703
251 704
251 711
251 715
251 721
251 726
251 734
251 735
251 736
251 737
251 738
251 739
251 742
251 744
251 746
251 747
251 748
251 749
251 752
251 753
251 754
251 756
251 760
251 761
251 762
251 767
251 774
251 775
251 781
251 783
251 784
251 789
251 790
251 792
251 799
251 802
251 803
251 806
251 808
251 811
251 815
251 820
251 821
251 834
251 835
251 836
251 841
251 842
251 846
251 847
251 853
251 857
251 861
251 864
251 867
251 875
251 876
251 878
251 880
251 882
251 883
251 884
251 888
251 889
251 890
251 900
251 901
251 904
251 905
251 907
251 909
251 911
251 912
251 914
251 917
251 920
251 923
251 926
251 942
251 946
251 947
251 952
251 954
251 955
251 957
251 961
251 964
251 965
251 966
251 968
251 980
251 983
251 984
251 985
251 988
251 989
251 992
251 994
251 996
251 998
252 501
252 502
252 503
252 504
252 505
252 511
252 518
252 524
252 525
252 529
252 532
252 546
252 547
252 548
252 550
252 552
252 560
252 561
252 563
252 564
252 567
252 574
252 575
252 577
252 580
252 582
252 592
252 594
252 600
252 602
252 603
252 606
252 608
252 610
252 612
252 620
252 622
252 624
252 627
252 628
252 629
252 630
252 631
252 633
252 636
252 641
252 642
252 651
252 652
252 655
252 661
252 663
252 673
252 676
252 677
252 682
252 684
252 685
252 686
252 687
252 690
252 692
252 702
252 713
252 718
252 723
252 725
252 727
252 735
252 739
252 742
252 748
252 750
252 754
252 756
252 757
252 758
252 760
252 765
252 768
252 769
252 770
252 771
252 774
252 775
252 778
252 780
252 781
252 784
252 786
252 787
252 791
252 792
252 793
252 800
252 801
252 805
252 807
252 811
252 818
252 826
252 829
252 830
252 832
252 833
252 837
252 842
252 843
252 846
252 850
252 858
252 861
252 863
252 866
252 880
252 881
252 884
252 888
252 889
252 892
252 896
252 898
252 902
252 903
252 906
252 907
252 909
252 910
252 915
252 917
252 918
252 919
252 920
252 924
252 925
252 930
252 931
252 932
252 933
252 941
252 946
252 951
252 953
252 957
252 958
252 961
252 963
252 964
252 968
252 970
252 971
252 973
252 975
252 985
252 987
252 988
252 989
252 990
252 996
252 998
253 502
253 514
253 517
253 525
253 526
253 545
253 547
253 553
253 554
253 555
253 559
253 566
253 570
253 571
253 573
253 577
253 581
253 583
253 585
253 586
253 591
253 593
253 595
253 597
253 598
253 600
253 601
253 602
253 603
253 605
253 609
253 610
253 613
253 614
253 618
253 621
253 627
253 628
253 633
253 644
253 645
253 647
253 648
253 655
253 661
253 675
253 677
253 678
253 688
253 691
253 695
253 704
253 713
253 717
253 718
253 721
253 724
253 728
253 729
253 730
253 732
253 735
253 737
253 742
253 743
253 747
253 750
253 753
253 762
253 765
253 767
253 768
253 772
253 777
253 779
253 783
253 787
253 792
253 794
253 796
253 800
253 802
253 804
253 805
253 806
253 807
253 808
253 813
253 814
253 816
253 817
253 819
253 820
253 822
253 824
253 826
253 829
253 831
253 837
253 839
253 840
253 841
253 845
253 847
253 848
253 849
253 855
253 857
253 859
253 863
253 864
253 867
253 873
253 876
253 878
253 880
253 881
253 884
253 889
253 892
253 894
253 895
253 912
253 915
253 917
253 918
253 920
253 923
253 927
253 928
253 929
253 933
253 940
253 949
253 952
253 956
253 960
253 966
253 973
253 974
253 975
253 976
253 980
253 985
253 986
253 991
253 992
253 994
253 996
253 997
253 998
254 505
254 509
254 512
254 517
254 518
254 520
254 529
254 539
254 541
254 544
254 550
254 558
254 559
254 561
254 564
254 568
254 569
254 570
254 573
254 574
254 575
254 576
254 579
254 580
254 584
254 586
254 589
254 597
254 598
254 602
254 604
254 610
254 612
254 615
254 623
254 626
254 632
254 633
254 634
254 636
254 637
254 639
254 643
254 644
254 645
254 648
254 651
254 656
254 657
254 658
254 660
254 664
254 665
254 667
254 670
254 674
254 677
254 679
254 686
254 690
254 694
254 701
254 702
254 710
254 714
254 716
254 717
254 723
254 728
254 729
254 732
254 736
254 737
254 742
254 743
254 746
254 747
254 754
254 755
254 756
254 758
254 765
254 767
254 770
254 771
254 773
254 775
254 777
254 778
254 782
254 785
254 789
254 790
254 793
254 798
254 801
254 805
254 806
254 808
254 810
254 812
254 815
254 822
254 833
254 835
254 843
254 852
254 853
254 854
254 857
254 862
254 868
254 873
254 875
254 876
254 883
254 886
254 890
254 893
254 899
254 901
254 902
254 903
254 905
254 906
254 907
254 908
254 912
254 917
254 927
254 928
254 929
254 934
254 935
254 941
254 943
254 944
254 955
254 956
254 959
254 963
254 981
254 986
254 989
254 990
254 992
254 996
254 998
254 1000
255 503
255 505
255 506
255 511
255 513
255 514
255 521
255 526
255 527
255 532
255 533
255 537
255 538
255 539
255 546
255 547
255 555
255 556
255 560
255 562
255 563
255 564
255 566
255 569
255 570
255 575
255 577
255 580
255 581
255 583
255 586
255 590
255 592
255 594
255 595
255 597
255 604
255 606
255 618
255 624
255 630
255 636
255 639
255 643
255 644
255 648
255 652
255 656
255 661
255 665
255 666
255 667
255 680
255 683
255 686
255 687
255 689
255 693
255 698
255 699
255 702
255 706
255 713
255 720
255 724
255 727
255 729
255 731
255 732
255 733
255 735
255 739
255 740
255 752
255 753
255 754
255 759
255 765
255 766
255 770
255 772
255 774
255 776
255 780
255 791
255 792
255 793
255 797
255 798
255 800
255 812
255 813
255 816
255 821
255 823
255 825
255 827
255 828
255 831
255 839
255 841
255 842
255 845
255 846
255 850
255 855
255 856
255 860
255 864
255 876
255 880
255 883
255 885
255 887
255 893
255 894
255 900
255 901
255 902
255 904
255 905
255 906
255 907
255 910
255 911
255 912
255 916
255 917
255 918
255 921
255 923
255 924
255 927
255 928
255 929
255 930
255 934
255 938
255 939
255 949
255 951
255 961
255 965
255 966
255 967
255 971
255 975
255 978
255 982
255 988
255 989
255 991
255 993
255 997
255 998
255 1000
256 502
256 509
256 510
256 513
256 515
256 517
256 520
256 529
256 536
256 541
256 542
256 543
256 547
256 549
256 554
256 555
256 558
256 560
256 568
256 570
256 572
256 573
256 574
256 577
256 578
256 580
256 585
256 588
256 590
256 591
256 596
256 597
256 600
256 612
256 615
256 617
256 620
256 621
256 626
256 629
256 633
256 637
256 638
256 646
256 657
256 658
256 662
256 665
256 666
256 669
256 670
256 671
256 676
256 677
256 678
256 679
256 680
256 681
256 689
256 690
256 695
256 696
256 697
256 698
256 699
256 702
256 703
256 706
256 711
256 715
256 716
256 718
256 719
256 720
256 723
256 724
256 731
256 736
256 739
256 741
256 746
256 747
256 750
256 760
256 761
256 762
256 766
256 770
256 771
256 781
256 783
256 785
256 787
256 792
256 797
256 798
256 799
256 806
256 808
256 810
256 811
256 815
256 818
256 819
256 820
256 823
256 824
256 826
256 830
256 836
256 837
256 839
256 841
256 845
256 853
256 857
256 872
256 873
256 874
256 876
256 877
256 879
256 880
256 881
256 884
256 892
256 894
256 897
256 898
256 900
256 904
256 908
256 913
256 915
256 925
256 931
256 939
256 940
256 948
256 952
256 957
256 958
256 959
256 961
256 962
256 980
256 982
256 983
256 989
256 991
256 992
256 998
257 502
257 505
257 507
257 508
257 509
257 514
257 516
257 522
257 527
257 529
257 532
257 537
257 539
257 541
257 542
257 548
257 552
257 556
257 558
257 559
257 560
257 562
257 564
257 565
257 570
257 578
257 581
257 585
257 588
257 590
257 592
257 594
257 597
257 601
257 603
257 604
257 606
257 608
257 610
257 611
257 613
257 615
257 617
257 620
257 621
257 625
257 628
257 630
257 636
257 638
257 639
257 644
257 655
257 656
257 661
257 665
257 668
257 671
257 673
257 679
257 680
257 683
257 684
257 686
257 692
257 693
257 699
257 701
257 703
257 704
257 705
257 711
257 713
257 721
257 725
257 737
257 742
257 746
257 749
257 752
257 753
257 754
257 763
257 764
257 767
257 772
257 775
257 778
257 779
257 781
257 782
257 783
257 785
257 788
257 791
257 792
257 794
257 802
257 804
257 811
257 813
257 817
257 821
257 822
257 824
257 827
257 829
257 831
257 836
257 839
257 840
257 844
257 848
257 850
257 851
257 853
257 855
257 859
257 872
257 883
257 884
257 886
257 899
257 900
257 903
257 909
257 911
257 913
257 914
257 917
257 922
257 923
257 924
257 926
257 935
257 936
257 940
257 945
257 947
257 949
257 950
257 953
257 954
257 956
257 957
257 959
257 961
257 963
257 964
257 968
257 977
257 984
257 985
257 987
257 990
257 998
257 999
258 503
258 507
258 512
258 521
258 523
258 525
258 526
258 527
258 531
258 534
258 537
258 538
258 539
258 543
258 544
258 547
258 549
258 558
258 559
258 571
258 573
258 575
258 576
258 577
258 582
258 584
258 586
258 588
258 593
258 601
258 602
258 603
258 608
258 610
258 613
258 614
258 615
258 617
258 621
258 629
258 636
258 641
258 643
258 647
258 652
258 655
258 656
258 659
258 663
258 667
258 670
258 672
258 679
258 683
258 687
258 689
258 692
258 702
258 703
258 704
258 707
258 709
258 714
258 715
258 717
258 718
258 719
258 722
258 727
258 729
258 730
258 735
258 738
258 740
258 747
258 748
258 750
258 751
258 754
258 755
258 759
258 760
258 761
258 764
258 765
258 772
258 782
258 784
258 786
258 787
258 791
258 795
258 797
258 804
258 806
258 809
258 810
258 813
258 816
258 819
258 821
258 822
258 823
258 830
258 833
258 834
258 843
258 845
258 847
258 849
258 851
258 857
258 871
258 874
258 875
258 876
258 879
258 880
258 884
258 892
258 894
258 899
258 902
258 903
258 911
258 915
258 917
258 920
258 924
258 929
258 931
258 932
258 934
258 935
258 938
258 945
258 946
258 947
258 948
258 952
258 957
258 959
258 960
258 963
258 966
258 968
258 971
258 973
258 978
258 988
258 990
258 993
258 996
258 998
259 501
259 505
259 506
259 508
259 510
259 511
259 513
259 518
259 521
259 522
259 528
259 535
259 538
259 539
259 543
259 545
259 560
259 575
259 578
259 585
259 587
259 591
259 593
259 597
259 599
259 602
259 607
259 610
259 611
259 621
259 625
259 627
259 632
259 643
259 644
259 654
259 658
259 659
259 662
259 667
259 671
259 676
259 679
259 682
259 689
259 690
259 692
259 706
259 707
259 711
259 712
259 714
259 716
259 720
259 722
259 725
259 733
259 734
259 737
259 739
259 750
259 752
259 755
259 758
259 769
259 771
259 772
259 774
259 776
259 780
259 781
259 783
259 787
259 792
259 799
259 800
259 801
259 808
259 818
259 822
259 826
259 831
259 833
259 835
259 841
259 850
259 854
259 855
259 856
259 859
259 863
259 864
259 866
259 867
259 869
259 870
259 872
259 873
259 874
259 875
259 878
259 879
259 881
259 882
259 883
259 884
259 886
259 887
259 892
259 899
259 906
259 909
259 912
259 920
259 922
259 925
259 930
259 933
259 936
259 937
259 943
259 945
259 949
259 950
259 951
259 955
259 957
259 961
259 967
259 980
259 981
259 984
259 988
259 991
259 993
259 994
259 996
259 997
260 502
260 505
260 513
260 515
260 521
260 524
260 530
260 536
260 538
260 539
260 540
260 548
260 551
260 558
260 560
260 562
260 567
260 568
260 569
260 573
260 574
260 577
260 579
260 587
260 588
260 589
260 591
260 592
260 610
260 618
260 620
260 622
260 625
260 629
260 630
260 634
260 639
260 654
260 655
260 656
260 664
260 667
260 669
260 673
260 675
260 676
260 677
260 681
260 683
260 684
260 687
260 689
260 691
260 692
260 693
260 694
260 697
260 706
260 708
260 710
260 711
260 713
260 716
260 719
260 720
260 722
260 731
260 742
260 746
260 751
260 753
260 757
260 759
260 763
260 767
260 770
260 775
260 782
260 792
260 794
260 795
260 799
260 800
260 807
260 814
260 815
260 817
260 818
260 824
260 825
260 827
260 828
260 831
260 832
260 834
260 836
260 840
260 845
260 848
260 850
260 853
260 856
260 858
260 859
260 864
260 866
260 867
260 868
260 872
260 875
260 877
260 884
260 886
260 895
260 898
260 900
260 901
260 903
260 914
260 915
260 919
260 921
260 924
260 926
260 929
260 930
260 931
260 933
260 934
260 935
260 937
260 938
260 946
260 949
260 950
260 961
260 966
260 975
260 977
260 982
260 984
260 990
260 995
260 997
260 999
261 503
261 505
261 508
261 512
261 524
261 535
261 536
261 537
261 539
261 540
261 541
261 544
261 548
261 549
261 551
261 557
261 560
261 561
261 574
261 578
261 584
261 585
261 589
261 590
261 593
261 595
261 598
261 600
261 601
261 607
261 612
261 615
261 616
261 618
261 623
261 626
261 629
261 634
261 637
261 639
261 651
261 653
261 655
261 658
261 664
261 665
261 668
261 674
261 675
261 682
261 687
261 688
261 698
261 699
261 702
261 703
261 704
261 706
261 707
261 710
261 711
261 714
261 717
261 720
261 722
261 724
261 727
261 728
261 730
261 731
261 735
261 740
261 741
261 744
261 746
261 749
261 754
261 756
261 758
261 760
261 761
261 762
261 763
261 766
261 768
261 771
261 773
261 777
261 784
261 785
261 792
261 797
261 799
261 800
261 803
261 804
261 805
261 806
261 807
261 808
261 811
261 812
261 814
261 817
261 818
261 819
261 823
261 824
261 825
261 831
261 835
261 837
261 842
261 843
261 847
261 853
261 854
261 855
261 857
261 859
261 863
261 864
261 866
261 873
261 874
261 879
261 880
261 881
261 882
261 885
261 886
261 887
261 896
261 897
261 898
261 900
261 901
261 903
261 905
261 907
261 910
261 911
261 923
261 930
261 932
261 934
261 937
261 938
261 944
261 945
261 949
261 951
261 952
261 954
261 957
261 961
261 962
261 963
261 964
261 965
261 967
261 969
261 974
261 978
261 982
261 983
261 985
261 987
261 988
261 989
261 993
261 997
261 1000
262 502
262 504
262 506
262 507
262 511
262 537
262 538
262 547
262 548
262 553
262 556
262 557
262 560
262 563
262 564
262 567
262 569
262 573
262 577
262 582
262 583
262 586
262 593
262 594
262 595
262 596
262 600
262 607
262 618
262 621
262 622
262 623
262 624
262 625
262 626
262 631
262 632
262 634
262 638
262 639
262 641
262 643
262 645
262 649
262 650
262 652
262 662
262 664
262 667
262 670
262 671
262 674
262 675
262 678
262 679
262 681
262 683
262 695
262 701
262 703
262 704
262 705
262 710
262 711
262 713
262 717
262 722
262 725
262 726
262 730
262 734
262 738
262 744
262 746
262 751
262 754
262 760
262 761
262 764
262 769
262 771
262 773
262 776
262 779
262 780
262 786
262 789
262 809
262 811
262 813
262 819
262 826
262 830
262 832
262 833
262 837
262 840
262 842
262 844
262 851
262 852
262 853
262 854
262 856
262 857
262 865
262 871
262 874
262 877
262 881
262 885
262 886
262 891
262 892
262 894
262 901
262 903
262 908
262 909
262 912
262 915
262 916
262 918
262 921
262 923
262 924
262 930
262 931
262 937
262 939
262 943
262 945
262 946
262 948
262 953
262 954
262 956
262 958
262 960
262 962
262 964
262 972
262 973
262 976
262 982
262 985
262 986
262 988
263 501
263 502
263 505
263 506
263 509
263 511
263 512
263 514
263 515
263 516
263 517
263 519
263 520
263 522
263 527
263 531
263 544
263 545
263 552
263 554
263 556
263 557
263 569
263 571
263 573
263 576
263 577
263 579
263 588
263 594
263 596
263 599
263 601
263 604
263 607
263 609
263 612
263 614
263 618
263 625
263 627
263 629
263 634
263 638
263 643
263 644
263 647
263 649
263 651
263 652
263 658
263 659
263 665
263 666
263 670
263 671
263 672
263 675
263 679
263 681
263 682
263 683
263 684
263 686
263 689
263 693
263 698
263 700
263 701
263 714
263 715
263 717
263 725
263 726
263 729
263 730
263 731
263 732
263 733
263 736
263 742
263 744
263 745
263 748
263 751
263 752
263 753
263 754
263 756
263 757
263 759
263 761
263 763
263 765
263 767
263 768
263 769
263 770
263 771
263 773
263 774
263 779
263 781
263 785
263 788
263 793
263 794
263 795
263 798
263 799
263 801
263 802
263 803
263 804
263 805
263 806
263 810
263 811
263 812
263 813
263 814
263 817
263 818
263 822
263 823
263 825
263 832
263 835
263 837
263 839
263 840
263 841
263 842
263 845
263 847
263 848
263 849
263 851
263 853
263 854
263 855
263 857
263 860
263 868
263 869
263 877
263 878
263 885
263 886
263 892
263 906
263 909
263 911
263 919
263 925
263 930
263 933
263 937
263 940
263 942
263 946
263 951
263 965
263 966
263 967
263 969
263 970
263 974
263 975
263 976
263 985
263 986
263 988
263 989
263 990
263 991
263 992
263 993
263 994
264 501
264 502
264 503
264 506
264 508
264 512
264 515
264 516
264 519
264 521
264 524
264 532
264 533
264 536
264 537
264 538
264 545
264 548
264 550
264 552
264 558
264 559
264 560
264 564
264 568
264 571
264 573
264 574
264 581
264 586
264 591
264 594
264 596
264 597
264 598
264 600
264 613
264 617
264 621
264 625
264 629
264 631
264 633
264 638
264 639
264 644
264 645
264 646
264 648
264 649
264 650
264 651
264 652
264 657
264 663
264 664
264 665
264 668
264 670
264 674
264 676
264 677
264 679
264 680
264 681
264 684
264 686
264 687
264 688
264 690
264 697
264 706
264 707
264 709
264 711
264 716
264 720
264 732
264 735
264 739
264 741
264 742
264 748
264 749
264 752
264 756
264 763
264 764
264 766
264 772
264 775
264 777
264 783
264 784
264 789
264 792
264 794
264 797
264 801
264 802
264 803
264 806
264 809
264 811
264 817
264 820
264 821
264 822
264 825
264 826
264 829
264 831
264 832
264 834
264 835
264 843
264 845
264 846
264 848
264 850
264 851
264 856
264 861
264 863
264 864
264 874
264 876
264 877
264 879
264 880
264 887
264 892
264 901
264 909
264 912
264 915
264 920
264 923
264 925
264 928
264 937
264 940
264 945
264 955
264 967
264 968
264 969
264 971
264 973
264 979
264 980
264 982
264 983
264 984
264 985
264 986
264 987
264 988
264 990
265 501
265 509
265 514
265 519
265 522
265 536
265 537
265 538
265 539
265 544
265 546
265 549
265 550
265 551
265 553
265 554
265 557
265 563
265 565
265 566
265 567
265 568
265 569
265 573
265 574
265 580
265 581
265 582
265 583
265 586
265 587
265 589
265 591
265 592
265 593
265 603
265 610
265 611
265 616
265 627
265 628
265 630
265 638
265 640
265 643
265 644
265 650
265 654
265 657
265 658
265 660
265 667
265 669
265 675
265 688
265 692
265 698
265 703
265 708
265 711
265 713
265 715
265 719
265 724
265 730
265 734
265 737
265 740
265 741
265 743
265 744
265 745
265 748
265 749
265 753
265 755
265 768
265 771
265 772
265 773
265 774
265 776
265 782
265 784
265 785
265 790
265 795
265 798
265 804
265 809
265 813
265 819
265 821
265 826
265 827
265 831
265 837
265 838
265 841
265 842
265 844
265 848
265 850
265 852
265 854
265 855
265 862
265 867
265 870
265 871
265 873
265 874
265 876
265 877
265 882
265 885
265 890
265 891
265 893
265 898
265 904
265 911
265 919
265 921
265 925
265 927
265 934
265 936
265 940
265 943
265 945
265 948
265 954
265 956
265 958
265 965
265 970
265 973
265 975
265 976
265 982
265 993
265 994
265 996
266 501
266 506
266 507
266 513
266 516
266 517
266 518
266 529
266 534
266 540
266 541
266 544
266 546
266 553
266 563
266 564
266 567
266 571
266 573
266 579
266 581
266 583
266 584
266 589
266 592
266 597
266 599
266 600
266 604
266 606
266 611
266 616
266 619
266 630
266 632
266 633
266 642
266 645
266 655
266 656
266 657
266 661
266 662
266 671
266 672
266 675
266 676
266 680
266 684
266 705
266 711
266 712
266 713
266 715
266 718
266 722
266 727
266 729
266 730
266 733
266 734
266 739
266 741
266 745
266 746
266 751
266 752
266 761
266 767
266 768
266 769
266 770
266 774
266 775
266 778
266 784
266 785
266 786
266 791
266 797
266 798
266 799
266 802
266 807
266 812
266 817
266 821
266 824
266 828
266 829
266 831
266 835
266 839
266 844
266 848
266 850
266 852
266 855
266 858
266 859
266 862
266 866
266 867
266 870
266 872
266 873
266 874
266 875
266 886
266 887
266 891
266 901
266 903
266 906
266 909
266 910
266 913
266 921
266 927
266 929
266 931
266 932
266 935
266 939
266 940
266 942
266 945
266 948
266 958
266 965
266 966
266 968
266 969
266 972
266 978
266 979
266 982
266 984
266 991
266 992
266 994
266 998
266 1000
267 511
267 514
267 516
267 518
267 522
267 524
267 525
267 528
267 530
267 532
267 542
267 545
267 550
267 552
267 556
267 557
267 560
267 562
267 563
267 570
267 574
267 575
267 576
267 580
267 581
267 583
267 584
267 585
267 591
267 595
267 597
267 600
267 601
267 602
267 604
267 605
267 606
267 607
267 609
267 611
267 616
267 621
267 630
267 634
267 636
267 638
267 650
267 653
267 655
267 656
267 657
267 658
267 660
267 661
267 663
267 664
267 671
267 676
267 678
267 685
267 686
267 689
267 703
267 705
267 709
267 710
267 718
267 722
267 726
267 731
267 733
267 741
267 746
267 749
267 751
267 756
267 757
267 766
267 773
267 777
267 786
267 790
267 796
267 809
267 812
267 819
267 826
267 827
267 828
267 830
267 832
267 838
267 841
267 842
267 847
267 848
267 849
267 851
267 852
267 861
267 863
267 872
267 873
267 874
267 875
267 876
267 877
267 879
267 882
267 883
267 884
267 885
267 891
267 895
267 896
267 898
267 905
267 910
267 921
267 922
267 923
267 931
267 937
267 941
267 943
267 945
267 950
267 955
267 960
267 963
267 964
267 965
267 969
267 974
267 975
267 980
267 981
267 982
267 983
267 984
267 986
267 989
267 991
267 993
267 994
267 995
267 998
268 501
268 510
268 511
268 512
268 524
268 526
268 528
268 529
268 536
268 540
268 543
268 550
268 555
268 559
268 561
268 563
268 565
268 566
268 567
268 576
268 581
268 582
268 583
268 594
268 597
268 598
268 599
268 600
268 604
268 608
268 609
268 610
268 612
268 618
268 619
268 627
268 629
268 632
268 638
268 642
268 644
268 645
268 649
268 655
268 664
268 665
268 674
268 677
268 679
268 685
268 688
268 690
268 691
268 693
268 703
268 705
268 712
268 713
268 721
268 727
268 728
268 729
268 730
268 732
268 741
268 742
268 743
268 744
268 746
268 749
268 751
268 757
268 758
268 762
268 763
268 764
268 769
268 770
268 771
268 775
268 776
268 777
268 779
268 781
268 783
268 787
268 788
268 793
268 796
268 802
268 804
268 806
268 807
268 811
268 815
268 822
268 825
268 828
268 830
268 833
268 834
268 836
268 837
268 840
268 842
268 845
268 847
268 848
268 849
268 850
268 854
268 855
268 872
268 874
268 877
268 879
268 881
268 883
268 887
268 888
268 891
268 892
268 893
268 895
268 897
268 900
268 902
268 904
268 906
268 907
268 913
268 916
268 922
268 927
268 928
268 929
268 930
268 931
268 940
268 945
268 946
268 951
268 953
268 954
268 959
268 961
268 968
268 969
268 972
268 973
268 975
268 977
268 979
268 981
268 983
268 986
268 987
268 988
268 990
268 992
268 993
269 504
269 507
269 510
269 512
269 520
269 523
269 529
269 535
269 536
269 539
269 541
269 542
269 543
269 544
269 546
269 551
269 554
269 564
269 565
269 567
269 569
269 574
269 575
269 583
269 587
269 588
269 593
269 596
269 599
269 600
269 602
269 604
269 608
269 609
269 611
269 613
269 615
269 616
269 618
269 619
269 624
269 625
269 627
269 629
269 634
269 637
269 639
269 640
269 641
269 642
269 645
269 646
269 647
269 648
269 649
269 652
269 662
269 664
269 667
269 668
269 678
269 679
269 680
269 681
269 684
269 685
269 687
269 689
269 696
269 697
269 698
269 700
269 701
269 702
269 704
269 705
269 727
269 734
269 747
269 748
269 755
269 761
269 762
269 764
269 766
269 774
269 775
269 776
269 777
269 781
269 784
269 788
269 789
269 793
269 803
269 804
269 807
269 812
269 817
269 819
269 822
269 824
269 837
269 843
269 844
269 849
269 852
269 856
269 857
269 858
269 860
269 861
269 862
269 864
269 865
269 868
269 871
269 873
269 882
269 884
269 887
269 889
269 890
269 894
269 897
269 901
269 910
269 915
269 916
269 920
269 921
269 923
269 927
269 929
269 935
269 937
269 939
269 940
269 941
269 942
269 945
269 947
269 949
269 950
269 953
269 955
269 957
269 960
269 964
269 969
269 970
269 975
269 979
269 983
269 990
269 991
269 997
270 501
270 505
270 506
270 508
270 509
270 516
270 523
270 526
270 529
270 530
270 531
270 535
270 537
270 540
270 547
270 551
270 559
270 561
270 562
270 567
270 570
270 571
270 572
270 577
270 578
270 580
270 581
270 582
270 585
270 588
270 589
270 590
270 591
270 595
270 599
270 600
270 602
270 604
270 606
270 607
270 612
270 623
270 626
270 627
270 636
270 639
270 652
270 657
270 661
270 664
270 666
270 667
270 671
270 672
270 675
270 677
270 678
270 684
270 685
270 690
270 692
270 702
270 706
270 713
270 715
270 717
270 722
270 724
270 726
270 727
270 731
270 734
270 735
270 739
270 742
270 743
270 744
270 748
270 750
270 751
270 753
270 755
270 759
270 763
270 769
270 772
270 774
270 775
270 776
270 778
270 779
270 788
270 796
270 797
270 803
270 806
270 810
270 811
270 813
270 814
270 817
270 818
270 819
270 821
270 825
270 831
270 836
270 839
270 842
270 846
270 848
270 856
270 859
270 866
270 868
270 871
270 875
270 878
270 879
270 883
270 889
270 890
270 896
270 904
270 907
270 911
270 918
270 919
270 922
270 924
270 926
270 928
270 930
270 932
270 934
270 940
270 943
270 945
270 949
270 950
270 952
270 954
270 957
270 958
270 966
270 968
270 973
270 975
270 976
270 984
270 985
270 987
270 991
270 993
270 997
270 1000
271 502
271 503
271 507
271 508
271 510
271 512
271 516
271 519
271 533
271 536
271 538
271 540
271 541
271 545
271 546
271 548
271 551
271 554
271 556
271 557
271 564
271 565
271 568
271 569
271 570
271 572
271 574
271 575
271 581
271 582
271 587
271 588
271 592
271 598
271 601
271 610
271 613
271 615
271 618
271 620
271 625
271 632
271 635
271 636
271 639
271 642
271 645
271 646
271 648
271 650
271 665
271 674
271 675
271 677
271 679
271 680
271 682
271 687
271 691
271 692
271 699
271 705
271 706
271 713
271 714
271 720
271 721
271 722
271 725
271 727
271 731
271 732
271 736
271 737
271 744
271 745
271 747
271 749
271 750
271 752
271 753
271 756
271 759
271 767
271 768
271 771
271 775
271 783
271 786
271 792
271 793
271 794
271 796
271 798
271 801
271 802
271 805
271 810
271 813
271 814
271 816
271 835
271 846
271 853
271 855
271 857
271 860
271 866
271 867
271 868
271 869
271 876
271 879
271 883
271 884
271 886
271 888
271 891
271 893
271 894
271 895
271 897
271 898
271 900
271 902
271 903
271 904
271 909
271 910
271 919
271 920
271 921
271 934
271 936
271 937
271 938
271 949
271 950
271 952
271 958
271 959
271 965
271 970
271 973
271 974
271 978
271 980
271 983
271 985
271 986
271 997
272 502
272 505
272 506
272 507
272 508
272 510
272 523
272 532
272 533
272 535
272 541
272 542
272 553
272 555
272 572
272 573
272 575
272 576
272 580
272 583
272 586
272 587
272 588
272 595
272 598
272 599
272 600
272 604
272 609
272 611
272 614
272 617
272 619
272 621
272 624
272 625
272 626
272 630
272 632
272 633
272 635
272 640
272 643
272 644
272 645
272 647
272 650
272 652
272 653
272 656
272 658
272 661
272 662
272 664
272 665
272 666
272 670
272 679
272 680
272 682
272 684
272 687
272 689
272 690
272 699
272 700
272 701
272 705
272 707
272 713
272 717
272 718
272 721
272 727
272 730
272 740
272 746
272 747
272 748
272 751
272 752
272 753
272 759
272 766
272 770
272 778
272 779
272 780
272 782
272 784
272 785
272 790
272 792
272 795
272 797
272 800
272 806
272 808
272 810
272 811
272 812
272 823
272 825
272 826
272 829
272 844
272 848
272 850
272 852
272 855
272 858
272 864
272 865
272 871
272 876
272 880
272 883
272 884
272 889
272 895
272 897
272 899
272 906
272 914
272 915
272 920
272 924
272 930
272 931
272 936
272 945
272 947
272 948
272 951
272 953
272 954
272 956
272 960
272 974
272 978
272 979
272 982
272 984
272 986
272 987
272 988
272 994
272 996
272 997
272 999
273 501
273 502
273 503
273 508
273 509
273 510
273 511
273 513
273 515
273 518
273 524
273 527
273 528
273 533
273 534
273 535
273 543
273 544
273 550
273 556
273 557
273 563
273 564
273 566
273 569
273 570
273 572
273 574
273 580
273 581
273 582
273 588
273 594
273 598
273 604
273 606
273 607
273 614
273 616
273 618
273 629
273 632
273 634
273 635
273 636
273 639
273 641
273 651
273 657
273 660
273 662
273 663
273 665
273 666
273 671
273 674
273 678
273 679
273 681
273 689
273 690
273 693
273 696
273 697
273 700
273 702
273 707
273 708
273 709
273 713
273 714
273 715
273 716
273 718
273 719
273 723
273 726
273 729
273 734
273 735
273 736
273 741
273 742
273 751
273 754
273 760
273 763
273 766
273 767
273 768
273 776
273 779
273 781
273 782
273 783
273 788
273 790
273 802
273 803
273 804
273 810
273 814
273 817
273 818
273 819
273 822
273 824
273 833
273 837
273 842
273 843
273 846
273 848
273 860
273 861
273 867
273 868
273 870
273 872
273 874
273 875
273 876
273 877
273 879
273 882
273 883
273 885
273 887
273 888
273 892
273 893
273 895
273 897
273 913
273 918
273 923
273 926
273 927
273 931
273 932
273 936
273 937
273 942
273 945
273 946
273 947
273 949
273 954
273 955
273 962
273 963
273 964
273 965
273 971
273 979
273 980
273 981
273 982
273 985
273 989
273 993
273 996
273 999
273 1000
274 501
274 502
274 504
274 511
274 514
274 515
274 523
274 525
274 529
274 530
274 531
274 532
274 533
274 534
274 537
274 538
274 542
274 545
274 548
274 553
274 559
274 564
274 571
274 572
274 573
274 577
274 585
274 586
274 588
274 589
274 605
274 608
274 611
274 614
274 626
274 635
274 642
274 660
274 661
274 662
274 669
274 675
274 686
274 687
274 690
274 692
274 695
274 698
274 699
274 700
274 707
274 713
274 714
274 717
274 723
274 724
274 729
274 732
274 741
274 743
274 744
274 745
274 746
274 747
274 748
274 756
274 757
274 759
274 761
274 762
274 770
274 773
274 774
274 777
274 784
274 787
274 789
274 796
274 797
274 798
274 799
274 803
274 804
274 807
274 810
274 811
274 812
274 814
274 817
274 828
274 830
274 836
274 841
274 843
274 844
274 845
274 846
274 849
274 851
274 854
274 855
274 857
274 858
274 860
274 864
274 866
274 882
274 886
274 895
274 902
274 904
274 907
274 911
274 914
274 918
274 923
274 925
274 929
274 934
274 935
274 936
274 939
274 943
274 946
274 957
274 966
274 967
274 972
274 975
274 979
274 980
274 983
274 988
274 1000
275 501
275 503
275 507
275 509
275 512
275 514
275 515
275 521
275 526
275 536
275 537
275 542
275 544
275 545
275 547
275 549
275 552
275 563
275 582
275 585
275 588
275 591
275 592
275 595
275 600
275 604
275 609
275 616
275 618
275 619
275 621
275 623
275 626
275 627
275 628
275 630
275 631
275 634
275 635
275 637
275 639
275 642
275 649
275 650
275 653
275 654
275 657
275 658
275 661
275 663
275 671
275 696
275 697
275 698
275 700
275 701
275 709
275 711
275 714
275 715
275 716
275 718
275 723
275 727
275 732
275 734
275 737
275 739
275 742
275 745
275 746
275 748
275 752
275 756
275 759
275 760
275 765
275 767
275 768
275 769
275 770
275 772
275 776
275 786
275 788
275 790
275 791
275 797
275 800
275 803
275 804
275 809
275 815
275 817
275 821
275 824
275 825
275 826
275 830
275 837
275 841
275 842
275 844
275 848
275 849
275 853
275 856
275 858
275 859
275 867
275 869
275 874
275 878
275 883
275 888
275 890
275 899
275 905
275 906
275 908
275 911
275 915
275 923
275 924
275 925
275 931
275 934
275 936
275 938
275 939
275 942
275 945
275 949
275 952
275 956
275 959
275 960
275 964
275 968
275 970
275 973
275 974
275 977
275 979
275 981
275 988
275 995
275 996
275 998
276 504
276 513
276 516
276 517
276 523
276 527
276 529
276 530
276 532
276 534
276 537
276 543
276 544
276 545
276 546
276 547
276 549
276 553
276 554
276 556
276 559
276 560
276 562
276 567
276 568
276 570
276 574
276 577
276 588
276 589
276 593
276 594
276 598
276 600
276 601
276 602
276 603
276 608
276 613
276 620
276 622
276 624
276 625
276 627
276 628
276 629
276 637
276 639
276 643
276 645
276 647
276 651
276 653
276 654
276 655
276 661
276 662
276 667
276 670
276 677
276 679
276 684
276 687
276 698
276 702
276 703
276 705
276 706
276 709
276 710
276 711
276 722
276 727
276 730
276 733
276 736
276 737
276 739
276 746
276 747
276 752
276 755
276 765
276 786
276 788
276 795
276 796
276 799
276 802
276 805
276 808
276 811
276 813
276 819
276 828
276 831
276 841
276 843
276 847
276 855
276 859
276 860
276 861
276 865
276 868
276 873
276 882
276 885
276 890
276 891
276 892
276 895
276 900
276 904
276 905
276 912
276 918
276 919
276 921
276 923
276 927
276 935
276 936
276 939
276 941
276 943
276 945
276 947
276 952
276 953
276 961
276 962
276 966
276 970
276 972
276 974
276 978
276 983
276 984
276 988
276 993
276 996
277 506
277 508
277 510
277 514
277 516
277 518
277 519
277 521
277 522
277 523
277 525
277 526
277 528
277 529
277 539
277 541
277 542
277 544
277 545
277 546
277 547
277 549
277 556
277 558
277 559
277 565
277 566
277 569
277 570
277 572
277 576
277 581
277 582
277 583
277 586
277 587
277 589
277 594
277 597
277 598
277 600
277 601
277 602
277 606
277 607
277 608
277 610
277 612
277 613
277 615
277 616
277 618
277 619
277 620
277 622
277 623
277 625
277 632
277 636
277 637
277 639
277 640
277 643
277 647
277 650
277 654
277 655
277 656
277 663
277 670
277 671
277 676
277 682
277 686
277 694
277 695
277 697
277 699
277 714
277 715
277 717
277 719
277 732
277 735
277 740
277 749
277 753
277 757
277 759
277 761
277 762
277 764
277 772
277 782
277 783
277 787
277 788
277 790
277 792
277 793
277 794
277 796
277 798
277 802
277 804
277 809
277 810
277 812
277 815
277 818
277 820
277 822
277 833
277 835
277 836
277 838
277 839
277 840
277 842
277 846
277 850
277 858
277 860
277 863
277 864
277 867
277 871
277 875
277 877
277 880
277 886
277 889
277 891
277 900
277 901
277 903
277 906
277 907
277 911
277 912
277 913
277 914
277 920
277 922
277 930
277 932
277 944
277 946
277 952
277 954
277 958
277 961
277 964
277 965
277 966
277 967
277 968
277 973
277 976
277 981
277 989
277 991
277 994
277 996
277 1000
278 503
278 505
278 506
278 507
278 515
278 519
278 521
278 524
278 525
278 526
278 527
278 531
278 532
278 535
278 544
278 551
278 556
278 558
278 568
278 569
278 571
278 574
278 578
278 583
278 584
278 585
278 587
278 588
278 597
278 599
278 600
278 601
278 604
278 607
278 609
278 611
278 613
278 614
278 615
278 616
278 620
278 621
278 623
278 626
278 627
278 635
278 640
278 641
278 647
278 650
278 652
278 656
278 658
278 660
278 663
278 666
278 669
278 672
278 673
278 674
278 676
278 677
278 689
278 697
278 703
278 709
278 711
278 714
278 722
278 723
278 725
278 731
278 732
278 737
278 740
278 742
278 746
278 747
278 750
278 752
278 754
278 757
278 760
278 761
278 763
278 767
278 770
278 781
278 786
278 788
278 789
278 796
278 797
278 798
278 801
278 803
278 804
278 811
278 815
278 817
278 821
278 823
278 825
278 842
278 843
278 845
278 846
278 848
278 855
278 856
278 858
278 861
278 867
278 869
278 870
278 871
278 874
278 876
278 878
278 880
278 886
278 890
278 893
278 896
278 897
278 898
278 904
278 909
278 910
278 911
278 914
278 921
278 927
278 932
278 934
278 935
278 942
278 952
278 954
278 957
278 959
278 962
278 965
278 970
278 972
278 974
278 981
278 982
278 989
278 991
278 992
278 994
278 998
278 999
279 501
279 504
279 508
279 512
279 515
279 524
279 526
279 536
279 543
279 546
279 550
279 552
279 554
279 555
279 557
279 561
279 563
279 567
279 570
279 576
279 580
279 581
279 594
279 603
279 605
279 608
279 609
279 613
279 618
279 619
279 621
279 622
279 623
279 626
279 632
279 639
279 640
279 645
279 648
279 653
279 656
279 659
279 660
279 661
279 665
279 672
279 673
279 676
279 677
279 682
279 686
279 688
279 692
279 700
279 703
279 707
279 710
279 712
279 713
279 717
279 729
279 731
279 732
279 733
279 734
279 739
279 742
279 753
279 755
279 766
279 772
279 783
279 785
279 791
279 792
279 793
279 805
279 806
279 811
279 812
279 813
279 815
279 818
279 820
279 821
279 832
279 833
279 835
279 842
279 843
279 849
279 853
279 864
279 866
279 867
279 868
279 872
279 874
279 875
279 878
279 879
279 888
279 891
279 893
279 894
279 895
279 896
279 903
279 905
279 910
279 912
279 915
279 916
279 919
279 921
279 925
279 930
279 932
279 936
279 938
279 940
279 941
279 942
279 943
279 944
279 947
279 948
279 953
279 957
279 964
279 966
279 967
279 970
279 971
279 973
279 974
279 978
279 980
279 981
279 987
279 992
279 993
279 998
280 511
280 512
280 514
280 518
280 521
280 522
280 528
280 529
280 531
280 533
280 536
280 539
280 549
280 550
280 552
280 555
280 557
280 558
280 559
280 563
280 568
280 570
280 571
280 572
280 575
280 577
280 580
280 584
280 592
280 593
280 611
280 612
280 613
280 620
280 622
280 626
280 627
280 628
280 631
280 633
280 639
280 642
280 643
280 648
280 649
280 654
280 658
280 659
280 660
280 667
280 676
280 680
280 684
280 686
280 688
280 702
280 712
280 714
280 719
280 720
280 722
280 723
280 726
280 732
280 734
280 737
280 742
280 748
280 750
280 754
280 756
280 757
280 768
280 771
280 772
280 774
280 778
280 781
280 788
280 790
280 792
280 796
280 798
280 804
280 805
280 811
280 814
280 827
280 828
280 829
280 830
280 831
280 841
280 848
280 851
280 852
280 863
280 864
280 865
280 870
280 871
280 873
280 874
280 877
280 879
280 885
280 890
280 892
280 902
280 903
280 906
280 913
280 917
280 918
280 920
280 921
280 922
280 924
280 934
280 940
280 942
280 945
280 952
280 954
280 955
280 957
280 962
280 963
280 965
280 968
280 970
280 979
280 982
280 983
280 988
280 995
280 996
280 999
281 505
281 506
281 507
281 509
281 513
281 514
281 518
281 525
281 526
281 527
281 528
281 532
281 536
281 539
281 542
281 543
281 550
281 553
281 556
281 558
281 572
281 573
281 576
281 579
281 585
281 587
281 592
281 601
281 603
281 607
281 608
281 609
281 611
281 612
281 622
281 623
281 624
281 627
281 629
281 630
281 634
281 646
281 649
281 650
281 652
281 655
281 669
281 677
281 684
281 689
281 693
281 694
281 698
281 699
281 704
281 706
281 707
281 709
281 712
281 720
281 724
281 729
281 731
281 733
281 737
281 738
281 740
281 741
281 746
281 747
281 749
281 750
281 751
281 753
281 756
281 762
281 763
281 765
281 766
281 771
281 774
281 778
281 780
281 781
281 782
281 783
281 785
281 786
281 792
281 794
281 795
281 797
281 800
281 801
281 803
281 804
281 809
281 814
281 818
281 823
281 825
281 826
281 831
281 832
281 838
281 840
281 842
281 843
281 845
281 846
281 847
281 850
281 854
281 857
281 865
281 867
281 868
281 869
281 871
281 874
281 875
281 877
281 881
281 900
281 903
281 908
281 909
281 914
281 923
281 924
281 926
281 932
281 933
281 934
281 940
281 943
281 944
281 947
281 950
281 951
281 958
281 966
281 967
281 968
281 970
281 973
281 976
281 978
281 982
281 984
281 985
281 993
281 995
282 502
282 503
282 509
282 512
282 513
282 515
282 517
282 529
282 530
282 532
282 545
282 547
282 548
282 550
282 551
282 557
282 560
282 566
282 568
282 569
282 570
282 574
282 578
282 579
282 580
282 581
282 582
282 586
282 589
282 592
282 593
282 595
282 597
282 599
282 601
282 604
282 612
282 614
282 616
282 618
282 620
282 624
282 626
282 631
282 634
282 641
282 647
282 648
282 650
282 656
282 657
282 660
282 664
282 668
282 681
282 684
282 686
282 689
282 692
282 693
282 703
282 705
282 711
282 712
282 716
282 719
282 720
282 722
282 723
282 724
282 726
282 735
282 736
282 737
282 738
282 740
282 750
282 752
282 755
282 761
282 763
282 765
282 772
282 776
282 781
282 788
282 792
282 797
282 801
282 803
282 805
282 810
282 813
282 816
282 825
282 827
282 831
282 833
282 836
282 840
282 841
282 846
282 849
282 853
282 857
282 858
282 859
282 868
282 869
282 871
282 874
282 878
282 881
282 884
282 885
282 886
282 890
282 898
282 901
282 903
282 906
282 910
282 912
282 914
282 917
282 918
282 920
282 921
282 929
282 936
282 940
282 945
282 948
282 951
282 953
282 961
282 967
282 969
282 972
282 973
282 974
282 985
282 990
282 992
282 993
282 996
282 997
282 998
283 503
283 509
283 510
283 517
283 519
283 525
283 528
283 529
283 530
283 535
283 536
283 537
283 542
283 543
283 546
283 550
283 551
283 552
283 559
283 563
283 570
283 573
283 578
283 580
283 593
283 596
283 599
283 602
283 606
283 615
283 616
283 618
283 619
283 624
283 627
283 628
283 631
283 632
283 633
283 634
283 639
283 644
283 659
283 660
283 661
283 664
283 665
283 666
283 667
283 668
283 673
283 675
283 677
283 680
283 684
283 685
283 689
283 690
283 692
283 693
283 696
283 699
283 700
283 711
283 712
283 715
283 716
283 719
283 720
283 727
283 728
283 734
283 738
283 745
283 748
283 751
283 753
283 755
283 757
283 761
283 762
283 763
283 766
283 774
283 778
283 780
283 784
283 792
283 810
283 812
283 814
283 821
283 825
283 826
283 827
283 829
283 830
283 835
283 836
283 839
283 843
283 844
283 847
283 849
283 850
283 858
283 860
283 861
283 863
283 868
283 869
283 870
283 873
283 874
283 881
283 882
283 884
283 887
283 889
283 891
283 892
283 902
283 903
283 906
283 908
283 915
283 917
283 924
283 926
283 929
283 930
283 940
283 941
283 943
283 949
283 953
283 958
283 960
283 962
283 963
283 964
283 968
283 978
283 979
283 980
283 983
283 987
283 989
283 990
283 995
284 501
284 513
284 515
284 517
284 518
284 524
284 525
284 532
284 533
284 546
284 549
284 550
284 551
284 556
284 560
284 562
284 566
284 567
284 569
284 570
284 571
284 576
284 579
284 583
284 584
284 587
284 597
284 598
284 601
284 602
284 603
284 607
284 610
284 617
284 622
284 625
284 629
284 633
284 636
284 638
284 640
284 641
284 648
284 649
284 652
284 654
284 657
284 659
284 661
284 662
284 667
284 678
284 680
284 682
284 684
284 689
284 690
284 693
284 694
284 695
284 696
284 704
284 705
284 709
284 712
284 715
284 719
284 720
284 722
284 726
284 731
284 734
284 735
284 741
284 742
284 746
284 749
284 750
284 751
284 753
284 754
284 755
284 765
284 767
284 781
284 782
284 786
284 798
284 801
284 802
284 804
284 807
284 810
284 815
284 822
284 825
284 829
284 832
284 835
284 840
284 843
284 847
284 848
284 853
284 854
284 855
284 860
284 865
284 866
284 867
284 872
284 874
284 876
284 877
284 878
284 880
284 882
284 891
284 893
284 894
284 895
284 898
284 900
284 902
284 903
284 905
284 907
284 913
284 916
284 919
284 921
284 922
284 924
284 927
284 935
284 937
284 940
284 947
284 951
284 955
284 957
284 961
284 967
284 970
284 973
284 975
284 977
284 978
284 979
284 980
284 988
284 992
284 1000
285 505
285 506
285 508
285 509
285 511
285 514
285 518
285 523
285 528
285 531
285 532
285 543
285 544
285 551
285 554
285 557
285 559
285 574
285 584
285 585
285 587
285 588
285 592
285 599
285 604
285 608
285 609
285 612
285 615
285 616
285 621
285 630
285 635
285 639
285 641
285 646
285 647
285 652
285 654
285 662
285 665
285 666
285 669
285 675
285 686
285 687
285 689
285 691
285 693
285 694
285 695
285 699
285 701
285 702
285 706
285 714
285 716
285 720
285 722
285 723
285 724
285 725
285 726
285 730
285 731
285 732
285 735
285 739
285 740
285 741
285 744
285 750
285 758
285 759
285 760
285 762
285 775
285 777
285 785
285 790
285 792
285 794
285 803
285 809
285 811
285 814
285 819
285 822
285 828
285 829
285 831
285 838
285 845
285 846
285 853
285 854
285 856
285 861
285 874
285 883
285 889
285 894
285 896
285 899
285 909
285 913
285 914
285 917
285 918
285 919
285 922
285 924
285 928
285 929
285 932
285 936
285 943
285 944
285 946
285 950
285 967
285 970
285 972
285 976
285 990
285 994
285 995
285 996
285 997
286 502
286 507
286 508
286 513
286 514
286 516
286 520
286 526
286 532
286 533
286 540
286 542
286 543
286 545
286 546
286 547
286 553
286 558
286 560
286 561
286 562
286 566
286 571
286 585
286 591
286 595
286 599
286 612
286 613
286 614
286 618
286 619
286 620
286 622
286 626
286 635
286 636
286 639
286 642
286 645
286 651
286 652
286 654
286 655
286 657
286 663
286 664
286 669
286 670
286 671
286 681
286 683
286 686
286 690
286 694
286 696
286 697
286 705
286 709
286 711
286 715
286 716
286 718
286 719
286 722
286 723
286 724
286 727
286 729
286 734
286 737
286 740
286 744
286 751
286 755
286 756
286 761
286 762
286 764
286 765
286 772
286 774
286 778
286 790
286 791
286 801
286 803
286 807
286 820
286 821
286 824
286 830
286 832
286 839
286 840
286 841
286 842
286 843
286 845
286 846
286 854
286 859
286 865
286 866
286 869
286 870
286 875
286 876
286 877
286 888
286 892
286 905
286 906
286 910
286 914
286 917
286 932
286 934
286 938
286 941
286 948
286 951
286 953
286 955
286 960
286 963
286 964
286 970
286 971
286 972
286 974
286 975
286 976
286 977
286 978
286 980
286 983
286 986
286 989
286 991
287 503
287 508
287 513
287 523
287 529
287 530
287 531
287 532
287 538
287 540
287 543
287 547
287 553
287 555
287 559
287 563
287 566
287 569
287 572
287 576
287 577
287 585
287 586
287 590
287 595
287 598
287 616
287 620
287 623
287 627
287 628
287 630
287 631
287 632
287 637
287 638
287 642
287 643
287 645
287 647
287 651
287 652
287 663
287 667
287 670
287 673
287 674
287 676
287 678
287 679
287 685
287 694
287 696
287 699
287 703
287 714
287 717
287 721
287 723
287 725
287 726
287 728
287 729
287 730
287 733
287 734
287 740
287 746
287 750
287 757
287 765
287 766
287 772
287 774
287 776
287 779
287 780
287 782
287 791
287 792
287 800
287 803
287 810
287 814
287 817
287 820
287 826
287 828
287 829
287 831
287 833
287 842
287 844
287 846
287 853
287 854
287 857
287 860
287 864
287 865
287 873
287 875
287 880
287 890
287 894
287 899
287 902
287 904
287 909
287 912
287 914
287 929
287 931
287 934
287 939
287 940
287 942
287 946
287 947
287 948
287 952
287 955
287 956
287 957
287 958
287 963
287 964
287 966
287 969
287 970
287 977
287 981
287 984
287 986
287 992
287 994
288 506
288 509
288 512
288 515
288 518
288 520
288 522
288 523
288 526
288 527
288 528
288 537
288 538
288 540
288 541
288 542
288 544
288 545
288 546
288 547
288 550
288 551
288 554
288 563
288 569
288 570
288 573
288 577
288 580
288 581
288 583
288 584
288 588
288 589
288 591
288 592
288 593
288 596
288 597
288 604
288 613
288 634
288 640
288 645
288 650
288 656
288 661
288 662
288 663
288 667
288 670
288 678
288 681
288 683
288 687
288 688
288 691
288 694
288 697
288 698
288 703
288 705
288 706
288 707
288 713
288 716
288 724
288 728
288 732
288 736
288 738
288 741
288 742
288 743
288 744
288 745
288 750
288 751
288 752
288 759
288 760
288 764
288 772
288 775
288 779
288 781
288 786
288 787
288 788
288 791
288 794
288 799
288 800
288 802
288 803
288 804
288 806
288 813
288 814
288 815
288 819
288 821
288 822
288 829
288 834
288 835
288 836
288 839
288 840
288 843
288 844
288 848
288 849
288 850
288 857
288 861
288 863
288 867
288 868
288 872
288 874
288 881
288 883
288 884
288 887
288 894
288 895
288 896
288 899
288 900
288 901
288 904
288 908
288 910
288 916
288 921
288 922
288 928
288 929
288 930
288 931
288 935
288 941
288 943
288 944
288 951
288 953
288 957
288 962
288 963
288 964
288 965
288 969
288 971
288 980
288 983
288 984
288 986
288 987
288 991
288 993
288 998
288 1000
289 501
289 508
289 509
289 512
289 513
289 514
289 518
289 521
289 522
289 523
289 534
289 535
289 536
289 537
289 544
289 545
289 548
289 550
289 559
289 562
289 574
289 575
289 576
289 578
289 581
289 587
289 593
289 594
289 599
289 600
289 601
289 603
289 606
289 607
289 608
289 612
289 617
289 619
289 620
289 624
289 625
289 633
289 634
289 637
289 641
289 643
289 644
289 645
289 654
289 659
289 673
289 674
289 676
289 677
289 678
289 681
289 687
289 689
289 692
289 695
289 701
289 703
289 708
289 709
289 710
289 717
289 720
289 721
289 723
289 725
289 726
289 737
289 738
289 740
289 746
289 747
289 750
289 753
289 754
289 756
289 758
289 760
289 776
289 780
289 795
289 809
289 811
289 812
289 825
289 828
289 832
289 833
289 836
289 838
289 839
289 841
289 842
289 845
289 868
289 872
289 879
289 881
289 883
289 887
289 889
289 890
289 896
289 899
289 903
289 909
289 914
289 915
289 916
289 921
289 922
289 932
289 941
289 943
289 968
289 971
289 978
289 980
289 981
289 986
289 989
289 994
289 997
289 1000
290 502
290 503
290 504
290 505
290 507
290 508
290 526
290 527
290 528
290 534
290 542
290 551
290 559
290 560
290 565
290 577
290 579
290 580
290 581
290 585
290 586
290 594
290 599
290 600
290 603
290 607
290 612
290 618
290 620
290 622
290 625
290 626
290 631
290 637
290 643
290 650
290 651
290 655
290 658
290 660
290 661
290 666
290 672
290 674
290 677
290 680
290 683
290 685
290 686
290 688
290 693
290 703
290 719
290 724
290 725
290 729
290 731
290 733
290 740
290 745
290 748
290 751
290 753
290 756
290 761
290 766
290 767
290 768
290 772
290 773
290 781
290 782
290 783
290 786
290 791
290 794
290 797
290 799
290 810
290 811
290 818
290 822
290 824
290 827
290 837
290 838
290 839
290 843
290 844
290 848
290 849
290 857
290 859
290 860
290 861
290 867
290 872
290 873
290 880
290 882
290 885
290 891
290 894
290 895
290 896
290 899
290 906
290 908
290 911
290 915
290 920
290 923
290 928
290 936
290 940
290 941
290 942
290 944
290 949
290 957
290 958
290 968
290 971
290 972
290 975
290 976
290 977
290 988
290 993
291 501
291 504
291 506
291 507
291 509
291 512
291 514
291 515
291 519
291 521
291 523
291 524
291 528
291 530
291 537
291 540
291 544
291 550
291 559
291 560
291 562
291 563
291 565
291 568
291 572
291 576
291 580
291 584
291 590
291 594
291 597
291 598
291 600
291 610
291 611
291 612
291 614
291 623
291 624
291 629
291 630
291 634
291 641
291 642
291 643
291 648
291 649
291 653
291 656
291 659
291 670
291 674
291 686
291 688
291 689
291 692
291 694
291 695
291 698
291 703
291 704
291 705
291 706
291 711
291 714
291 715
291 723
291 727
291 729
291 730
291 731
291 735
291 736
291 737
291 738
291 745
291 749
291 758
291 760
291 762
291 765
291 767
291 769
291 770
291 772
291 776
291 782
291 783
291 787
291 791
291 795
291 798
291 799
291 800
291 809
291 819
291 820
291 823
291 824
291 831
291 835
291 836
291 837
291 843
291 846
291 848
291 853
291 854
291 859
291 861
291 863
291 869
291 874
291 881
291 884
291 885
291 888
291 891
291 893
291 894
291 898
291 899
291 902
291 909
291 913
291 914
291 916
291 918
291 919
291 921
291 928
291 929
291 930
291 935
291 937
291 939
291 942
291 944
291 946
291 950
291 959
291 960
291 964
291 969
291 974
291 978
291 979
291 982
291 987
291 990
291 992
291 994
292 501
292 505
292 507
292 512
292 517
292 521
292 529
292 536
292 540
292 542
292 547
292 554
292 556
292 559
292 564
292 570
292 575
292 577
292 581
292 582
292 588
292 589
292 592
292 593
292 596
292 598
292 600
292 604
292 606
292 607
292 609
292 611
292 614
292 616
292 617
292 621
292 624
292 625
292 628
292 629
292 631
292 636
292 637
292 639
292 642
292 646
292 655
292 656
292 657
292 666
292 670
292 671
292 672
292 674
292 677
292 678
292 682
292 684
292 686
292 694
292 696
292 703
292 704
292 706
292 710
292 712
292 720
292 721
292 722
292 723
292 725
292 728
292 729
292 733
292 736
292 737
292 741
292 742
292 743
292 745
292 746
292 748
292 751
292 757
292 758
292 775
292 784
292 785
292 789
292 792
292 796
292 806
292 807
292 808
292 810
292 812
292 813
292 814
292 815
292 818
292 820
292 821
292 825
292 829
292 837
292 842
292 844
292 850
292 854
292 858
292 862
292 863
292 867
292 870
292 873
292 874
292 875
292 876
292 879
292 884
292 887
292 889
292 890
292 892
292 893
292 894
292 896
292 897
292 903
292 906
292 909
292 911
292 914
292 915
292 918
292 922
292 926
292 929
292 931
292 932
292 935
292 936
292 937
292 938
292 940
292 942
292 946
292 947
292 956
292 957
292 961
292 968
292 969
292 970
292 976
292 977
292 979
292 990
292 994
292 998
292 1000
293 503
293 504
293 513
293 517
293 519
293 520
293 525
293 529
293 531
293 536
293 542
293 546
293 550
293 551
293 556
293 561
293 562
293 565
293 570
293 571
293 572
293 575
293 580
293 582
293 586
293 587
293 588
293 594
293 596
293 600
293 602
293 605
293 606
293 607
293 611
293 614
293 615
293 616
293 619
293 620
293 621
293 622
293 623
293 624
293 629
293 630
293 632
293 637
293 638
293 640
293 644
293 645
293 647
293 648
293 652
293 656
293 657
293 658
293 659
293 663
293 665
293 666
293 669
293 671
293 672
293 676
293 679
293 680
293 685
293 687
293 688
293 690
293 691
293 692
293 698
293 700
293 705
293 708
293 710
293 712
293 721
293 724
293 726
293 729
293 744
293 745
293 750
293 751
293 757
293 762
293 763
293 770
293 774
293 781
293 782
293 788
293 789
293 793
293 794
293 800
293 802
293 809
293 812
293 813
293 822
293 825
293 830
293 831
293 839
293 841
293 843
293 849
293 850
293 853
293 855
293 863
293 864
293 865
293 868
293 872
293 875
293 876
293 878
293 885
293 888
293 891
293 892
293 894
293 897
293 900
293 902
293 905
293 908
293 914
293 916
293 917
293 918
293 925
293 931
293 932
293 937
293 940
293 941
293 943
293 944
293 950
293 965
293 966
293 970
293 973
293 974
293 976
293 979
293 985
293 989
293 990
293 993
293 994
293 995
293 996
293 997
293 998
293 999
294 503
294 505
294 506
294 514
294 517
294 520
294 523
294 526
294 527
294 528
294 533
294 539
294 541
294 542
294 544
294 545
294 546
294 547
294 548
294 551
294 560
294 570
294 574
294 581
294 582
294 583
294 586
294 591
294 592
294 597
294 598
294 599
294 600
294 601
294 604
294 608
294 626
294 630
294 635
294 639
294 640
294 642
294 652
294 658
294 660
294 661
294 668
294 670
294 671
294 672
294 673
294 674
294 680
294 682
294 683
294 690
294 691
294 693
294 697
294 701
294 703
294 705
294 706
294 707
294 708
294 709
294 711
294 712
294 715
294 717
294 719
294 720
294 724
294 725
294 726
294 727
294 731
294 734
294 738
294 739
294 741
294 742
294 750
294 751
294 756
294 757
294 760
294 762
294 765
294 766
294 768
294 770
294 773
294 774
294 776
294 777
294 788
294 796
294 797
294 806
294 809
294 810
294 813
294 815
294 820
294 824
294 826
294 830
294 834
294 835
294 838
294 839
294 840
294 842
294 843
294 844
294 851
294 852
294 853
294 859
294 860
294 861
294 866
294 874
294 880
294 881
294 885
294 887
294 888
294 892
294 896
294 899
294 902
294 904
294 905
294 913
294 919
294 921
294 925
294 928
294 930
294 934
294 935
294 937
294 939
294 944
294 945
294 948
294 949
294 950
294 958
294 963
294 966
294 970
294 971
294 976
294 977
294 982
294 983
294 989
294 991
294 993
294 995
294 999
295 503
295 504
295 506
295 512
295 517
295 526
295 527
295 529
295 530
295 542
295 546
295 551
295 552
295 554
295 555
295 558
295 562
295 564
295 570
295 571
295 573
295 578
295 579
295 581
295 588
295 590
295 593
295 595
295 600
295 601
295 605
295 609
295 612
295 615
295 618
295 619
295 621
295 622
295 623
295 624
295 625
295 628
295 629
295 631
295 642
295 643
295 645
295 646
295 649
295 650
295 656
295 657
295 660
295 661
295 662
295 663
295 666
295 668
295 670
295 671
295 673
295 681
295 684
295 686
295 690
295 692
295 694
295 696
295 698
295 702
295 708
295 709
295 716
295 723
295 728
295 729
295 736
295 739
295 753
295 754
295 755
295 760
295 761
295 762
295 766
295 771
295 773
295 779
295 781
295 785
295 790
295 799
295 800
295 804
295 809
295 813
295 818
295 821
295 826
295 834
295 837
295 842
295 844
295 848
295 849
295 851
295 854
295 856
295 857
295 859
295 861
295 870
295 871
295 874
295 875
295 885
295 889
295 892
295 896
295 902
295 904
295 907
295 917
295 920
295 925
295 926
295 928
295 930
295 932
295 935
295 941
295 945
295 953
295 954
295 955
295 958
295 962
295 965
295 967
295 969
295 972
295 973
295 980
295 987
295 997
295 999
296 502
296 510
296 513
296 519
296 523
296 527
296 528
296 530
296 533
296 536
296 539
296 545
296 550
296 551
296 559
296 564
296 569
296 571
296 572
296 573
296 576
296 577
296 585
296 586
296 589
296 590
296 591
296 593
296 598
296 599
296 600
296 601
296 609
296 615
296 618
296 619
296 621
296 624
296 625
296 630
296 631
296 635
296 636
296 644
296 647
296 649
296 650
296 651
296 663
296 664
296 665
296 668
296 669
296 676
296 678
296 682
296 684
296 685
296 688
296 689
296 692
296 699
296 701
296 706
296 707
296 712
296 716
296 718
296 725
296 726
296 727
296 728
296 730
296 731
296 734
296 740
296 742
296 743
296 746
296 749
296 758
296 763
296 767
296 770
296 773
296 776
296 786
296 789
296 791
296 792
296 794
296 797
296 805
296 806
296 811
296 813
296 814
296 825
296 831
296 834
296 835
296 840
296 847
296 848
296 849
296 852
296 854
296 855
296 858
296 862
296 865
296 867
296 868
296 873
296 876
296 879
296 880
296 882
296 884
296 885
296 892
296 893
296 895
296 896
296 897
296 900
296 902
296 903
296 904
296 905
296 909
296 912
296 926
296 929
296 931
296 934
296 936
296 940
296 942
296 945
296 946
296 947
296 949
296 950
296 952
296 954
296 959
296 963
296 967
296 968
296 969
296 971
296 974
296 976
296 985
296 987
296 988
296 989
296 993
296 994
296 1000
297 501
297 504
297 506
297 508
297 513
297 514
297 521
297 531
297 532
297 533
297 534
297 536
297 541
297 545
297 549
297 551
297 553
297 554
297 557
297 563
297 566
297 572
297 575
297 576
297 577
297 578
297 581
297 582
297 584
297 586
297 588
297 590
297 591
297 598
297 602
297 615
297 616
297 620
297 623
297 626
297 632
297 635
297 636
297 638
297 642
297 648
297 654
297 655
297 658
297 661
297 662
297 663
297 665
297 667
297 670
297 676
297 677
297 681
297 684
297 686
297 691
297 699
297 700
297 701
297 703
297 705
297 706
297 707
297 712
297 716
297 717
297 718
297 720
297 724
297 726
297 727
297 730
297 731
297 732
297 734
297 735
297 748
297 749
297 753
297 755
297 758
297 760
297 762
297 765
297 768
297 772
297 778
297 784
297 786
297 794
297 798
297 808
297 816
297 817
297 819
297 826
297 831
297 834
297 844
297 845
297 850
297 851
297 854
297 855
297 856
297 858
297 859
297 863
297 866
297 867
297 870
297 872
297 873
297 876
297 880
297 881
297 882
297 885
297 886
297 888
297 892
297 896
297 898
297 899
297 902
297 904
297 907
297 910
297 911
297 912
297 913
297 914
297 915
297 918
297 919
297 920
297 923
297 924
297 929
297 930
297 938
297 939
297 940
297 952
297 958
297 963
297 973
297 982
297 983
297 984
297 988
297 995
297 997
297 999
298 501
298 502
298 509
298 517
298 520
298 521
298 523
298 524
298 526
298 528
298 529
298 531
298 543
298 544
298 545
298 546
298 547
298 553
298 562
298 564
298 565
298 568
298 570
298 576
298 579
298 580
298 589
298 591
298 593
298 595
298 598
298 599
298 602
298 603
298 604
298 609
298 610
298 611
298 613
298 614
298 618
298 619
298 622
298 627
298 632
298 638
298 639
298 641
298 645
298 652
298 655
298 657
298 661
298 665
298 672
298 673
298 677
298 679
298 680
298 682
298 683
298 684
298 690
298 691
298 694
298 699
298 700
298 701
298 702
298 703
298 707
298 709
298 712
298 713
298 714
298 715
298 717
298 727
298 728
298 730
298 736
298 737
298 739
298 744
298 751
298 752
298 760
298 766
298 767
298 771
298 778
298 779
298 781
298 782
298 783
298 793
298 795
298 797
298 798
298 803
298 804
298 807
298 808
298 811
298 813
298 820
298 821
298 822
298 823
298 827
298 828
298 831
298 835
298 837
298 839
298 845
298 846
298 848
298 851
298 854
298 856
298 861
298 862
298 863
298 867
298 868
298 871
298 878
298 889
298 890
298 892
298 893
298 894
298 896
298 897
298 899
298 900
298 904
298 909
298 910
298 911
298 912
298 913
298 914
298 915
298 920
298 924
298 928
298 933
298 943
298 945
298 951
298 953
298 961
298 963
298 970
298 972
298 973
298 986
298 999
299 503
299 512
299 513
299 514
299 517
299 521
299 522
299 523
299 528
299 534
299 541
299 546
299 549
299 551
299 555
299 558
299 561
299 566
299 568
299 570
299 573
299 579
299 586
299 590
299 591
299 594
299 601
299 602
299 604
299 608
299 611
299 612
299 617
299 618
299 621
299 622
299 628
299 636
299 637
299 638
299 642
299 643
299 644
299 646
299 649
299 650
299 656
299 659
299 662
299 664
299 666
299 669
299 677
299 679
299 682
299 694
299 695
299 696
299 699
299 703
299 705
299 712
299 714
299 716
299 721
299 727
299 729
299 730
299 731
299 733
299 734
299 735
299 738
299 744
299 753
299 758
299 760
299 764
299 771
299 772
299 774
299 776
299 783
299 784
299 785
299 786
299 792
299 793
299 796
299 797
299 798
299 808
299 812
299 816
299 817
299 819
299 828
299 831
299 836
299 840
299 845
299 848
299 855
299 856
299 857
299 860
299 862
299 865
299 866
299 869
299 870
299 878
299 880
299 885
299 887
299 889
299 894
299 895
299 898
299 899
299 902
299 910
299 911
299 922
299 930
299 936
299 940
299 942
299 947
299 949
299 954
299 958
299 962
299 969
299 971
299 972
299 980
299 986
299 997
299 1000
300 501
300 502
300 503
300 521
300 524
300 525
300 531
300 537
300 538
300 540
300 549
300 550
300 553
300 557
300 558
300 559
300 563
300 564
300 572
300 574
300 577
300 583
300 584
300 586
300 587
300 588
300 590
300 592
300 595
300 601
300 604
300 609
300 615
300 616
300 620
300 622
300 629
300 633
300 635
300 639
300 647
300 649
300 653
300 658
300 662
300 664
300 671
300 672
300 677
300 682
300 684
300 686
300 688
300 694
300 696
300 697
300 700
300 703
300 705
300 706
300 707
300 710
300 711
300 712
300 717
300 719
300 721
300 722
300 723
300 725
300 728
300 730
300 732
300 733
300 737
300 740
300 742
300 743
300 745
300 755
300 760
300 761
300 764
300 766
300 782
300 786
300 787
300 791
300 792
300 794
300 796
300 799
300 810
300 812
300 820
300 821
300 822
300 823
300 825
300 829
300 834
300 838
300 840
300 841
300 844
300 850
300 854
300 857
300 859
300 860
300 861
300 867
300 868
300 875
300 876
300 878
300 879
300 882
300 883
300 884
300 893
300 897
300 898
300 901
300 903
300 912
300 917
300 927
300 928
300 930
300 932
300 935
300 936
300 942
300 945
300 947
300 955
300 957
300 960
300 962
300 970
300 978
300 980
300 982
300 988
300 990
300 992
300 996
300 998
300 999
300 1000
301 503
301 506
301 510
301 515
301 520
301 528
301 532
301 533
301 542
301 543
301 546
301 552
301 557
301 559
301 560
301 564
301 567
301 570
301 571
301 573
301 574
301 579
301 581
301 584
301 588
301 589
301 590
301 598
301 599
301 601
301 603
301 606
301 607
301 608
301 611
301 612
301 613
301 614
301 617
301 618
301 622
301 623
301 625
301 632
301 641
301 651
301 655
301 657
301 661
301 664
301 674
301 676
301 686
301 694
301 695
301 698
301 699
301 703
301 704
301 716
301 718
301 728
301 729
301 732
301 734
301 735
301 736
301 748
301 750
301 751
301 754
301 762
301 766
301 768
301 771
301 775
301 783
301 788
301 790
301 791
301 795
301 796
301 805
301 806
301 807
301 812
301 813
301 814
301 818
301 819
301 824
301 827
301 834
301 837
301 838
301 840
301 841
301 843
301 851
301 856
301 865
301 875
301 880
301 883
301 884
301 887
301 888
301 897
301 898
301 910
301 919
301 925
301 927
301 930
301 932
301 935
301 942
301 948
301 951
301 952
301 956
301 960
301 965
301 966
301 969
301 970
301 971
301 974
301 981
301 991
301 992
301 994
301 995
302 502
302 507
302 510
302 519
302 534
302 536
302 539
302 542
302 547
302 549
302 561
302 562
302 563
302 566
302 568
302 569
302 570
302 575
302 576
302 577
302 578
302 580
302 581
302 594
302 596
302 597
302 600
302 604
302 606
302 608
302 611
302 613
302 614
302 617
302 618
302 621
302 623
302 627
302 628
302 631
302 632
302 636
302 639
302 642
302 643
302 651
302 658
302 659
302 667
302 671
302 677
302 679
302 680
302 682
302 684
302 686
302 688
302 700
302 702
302 706
302 708
302 709
302 721
302 724
302 729
302 732
302 734
302 739
302 740
302 741
302 742
302 743
302 749
302 756
302 757
302 763
302 764
302 767
302 772
302 773
302 776
302 777
302 780
302 781
302 783
302 784
302 796
302 798
302 799
302 812
302 813
302 814
302 817
302 818
302 830
302 840
302 842
302 843
302 854
302 859
302 861
302 862
302 866
302 867
302 873
302 874
302 884
302 893
302 899
302 908
302 911
302 913
302 915
302 916
302 917
302 918
302 924
302 928
302 932
302 936
302 941
302 943
302 947
302 949
302 950
302 951
302 956
302 960
302 964
302 971
302 976
302 977
302 980
302 986
302 993
302 994
302 996
302 998
302 1000
303 502
303 524
303 527
303 530
303 531
303 538
303 539
303 540
303 541
303 542
303 548
303 549
303 557
303 559
303 564
303 567
303 569
303 579
303 580
303 586
303 591
303 593
303 595
303 598
303 605
303 607
303 610
303 611
303 621
303 625
303 636
303 641
303 642
303 658
303 661
303 663
303 666
303 668
303 670
303 673
303 686
303 691
303 692
303 695
303 696
303 697
303 700
303 703
303 704
303 706
303 708
303 709
303 723
303 725
303 727
303 728
303 729
303 732
303 735
303 738
303 744
303 746
303 747
303 751
303 752
303 758
303 760
303 763
303 764
303 765
303 766
303 768
303 771
303 773
303 774
303 777
303 779
303 782
303 786
303 789
303 793
303 794
303 800
303 801
303 803
303 810
303 811
303 812
303 813
303 814
303 818
303 819
303 824
303 830
303 834
303 837
303 840
303 841
303 844
303 846
303 847
303 850
303 858
303 864
303 867
303 869
303 871
303 881
303 883
303 885
303 894
303 897
303 899
303 901
303 905
303 906
303 911
303 918
303 920
303 926
303 933
303 935
303 938
303 941
303 942
303 944
303 945
303 946
303 956
303 957
303 959
303 961
303 966
303 969
303 971
303 975
303 977
303 987
303 988
303 1000
304 501
304 503
304 504
304 506
304 512
304 514
304 515
304 516
304 519
304 521
304 525
304 527
304 528
304 529
304 538
304 539
304 540
304 549
304 558
304 559
304 561
304 564
304 567
304 568
304 578
304 580
304 581
304 584
304 587
304 588
304 594
304 599
304 601
304 604
304 605
304 607
304 617
304 618
304 619
304 623
304 625
304 626
304 629
304 630
304 631
304 635
304 639
304 643
304 644
304 645
304 648
304 651
304 653
304 654
304 655
304 656
304 658
304 675
304 680
304 682
304 684
304 689
304 693
304 698
304 700
304 701
304 702
304 704
304 705
304 709
304 713
304 718
304 720
304 732
304 736
304 737
304 740
304 745
304 746
304 748
304 750
304 752
304 758
304 760
304 762
304 765
304 772
304 781
304 782
304 786
304 791
304 793
304 796
304 800
304 802
304 809
304 810
304 812
304 816
304 817
304 819
304 824
304 830
304 832
304 836
304 842
304 844
304 847
304 848
304 849
304 850
304 856
304 858
304 859
304 870
304 877
304 880
304 885
304 887
304 892
304 899
304 901
304 907
304 908
304 909
304 911
304 912
304 913
304 918
304 921
304 924
304 931
304 933
304 938
304 941
304 951
304 954
304 957
304 960
304 962
304 964
304 970
304 972
304 974
304 981
304 983
304 987
304 990
304 994
304 998
304 1000
305 502
305 511
305 512
305 514
305 515
305 519
305 522
305 524
305 525
305 530
305 536
305 539
305 542
305 544
305 545
305 548
305 551
305 555
305 557
305 558
305 562
305 572
305 576
305 577
305 579
305 588
305 589
305 592
305 595
305 597
305 602
305 604
305 607
305 613
305 614
305 615
305 619
305 622
305 624
305 630
305 640
305 642
305 649
305 651
305 652
305 656
305 659
305 660
305 666
305 671
305 673
305 674
305 677
305 678
305 695
305 697
305 699
305 702
305 708
305 716
305 717
305 720
305 721
305 723
305 727
305 734
305 738
305 740
305 741
305 742
305 748
305 752
305 753
305 754
305 756
305 760
305 763
305 766
305 769
305 771
305 777
305 780
305 783
305 784
305 787
305 789
305 792
305 796
305 800
305 807
305 809
305 811
305 813
305 815
305 816
305 818
305 820
305 822
305 826
305 829
305 832
305 833
305 834
305 836
305 840
305 849
305 850
305 851
305 855
305 861
305 862
305 868
305 872
305 874
305 875
305 881
305 882
305 883
305 884
305 885
305 886
305 888
305 891
305 892
305 897
305 898
305 901
305 904
305 905
305 908
305 910
305 921
305 922
305 923
305 925
305 935
305 939
305 940
305 946
305 957
305 959
305 960
305 963
305 966
305 968
305 969
305 970
305 971
305 972
305 979
305 984
305 985
305 989
305 990
305 993
305 995
305 999
306 503
306 505
306 506
306 508
306 512
306 518
306 519
306 523
306 527
306 529
306 532
306 534
306 540
306 542
306 544
306 546
306 548
306 549
306 551
306 553
306 554
306 556
306 565
306 569
306 570
306 575
306 577
306 578
306 584
306 585
306 588
306 594
306 601
306 603
306 609
306 611
306 614
306 621
306 623
306 627
306 630
306 632
306 638
306 639
306 640
306 644
306 646
306 647
306 649
306 653
306 655
306 661
306 672
306 674
306 681
306 686
306 687
306 689
306 690
306 693
306 694
306 698
306 702
306 705
306 708
306 710
306 712
306 713
306 714
306 715
306 721
306 724
306 726
306 727
306 728
306 730
306 733
306 734
306 736
306 739
306 740
306 741
306 743
306 752
306 753
306 774
306 777
306 778
306 780
306 785
306 793
306 797
306 800
306 806
306 811
306 812
306 817
306 818
306 820
306 822
306 826
306 827
306 828
306 831
306 834
306 836
306 840
306 841
306 846
306 850
306 852
306 860
306 864
306 865
306 867
306 875
306 878
306 886
306 891
306 892
306 893
306 894
306 897
306 899
306 908
306 909
306 914
306 926
306 932
306 934
306 937
306 940
306 942
306 948
306 949
306 954
306 964
306 967
306 968
306 985
306 986
306 988
306 990
306 992
306 996
307 504
307 505
307 507
307 510
307 521
307 522
307 523
307 529
307 532
307 533
307 536
307 538
307 540
307 543
307 547
307 550
307 551
307 552
307 558
307 560
307 561
307 565
307 566
307 567
307 569
307 573
307 575
307 578
307 581
307 583
307 588
307 590
307 592
307 593
307 596
307 597
307 598
307 599
307 600
307 601
307 604
307 606
307 611
307 614
307 621
307 623
307 624
307 627
307 632
307 634
307 636
307 637
307 638
307 639
307 644
307 645
307 647
307 651
307 654
307 658
307 668
307 670
307 671
307 677
307 685
307 686
307 687
307 690
307 692
307 696
307 698
307 700
307 701
307 709
307 710
307 713
307 718
307 722
307 730
307 734
307 736
307 739
307 740
307 742
307 745
307 746
307 747
307 754
307 755
307 757
307 759
307 764
307 765
307 766
307 767
307 770
307 771
307 782
307 788
307 796
307 797
307 798
307 804
307 810
307 814
307 822
307 831
307 834
307 836
307 842
307 843
307 849
307 856
307 858
307 865
307 866
307 874
307 876
307 878
307 880
307 881
307 885
307 887
307 888
307 889
307 893
307 894
307 897
307 904
307 908
307 910
307 912
307 921
307 924
307 925
307 928
307 929
307 940
307 941
307 955
307 956
307 960
307 963
307 964
307 965
307 966
307 969
307 974
307 978
307 982
307 983
307 984
307 985
307 986
307 987
308 504
308 507
308 515
308 524
308 525
308 526
308 527
308 530
308 536
308 544
308 550
308 553
308 555
308 556
308 564
308 567
308 571
308 572
308 575
308 577
308 580
308 581
308 582
308 586
308 587
308 588
308 590
308 596
308 598
308 601
308 605
308 607
308 618
308 620
308 621
308 623
308 627
308 629
308 630
308 631
308 638
308 644
308 645
308 647
308 648
308 651
308 653
308 658
308 662
308 663
308 664
308 671
308 672
308 673
308 681
308 683
308 695
308 696
308 702
308 712
308 714
308 715
308 717
308 718
308 719
308 722
308 727
308 732
308 734
308 737
308 740
308 742
308 744
308 746
308 752
308 753
308 754
308 757
308 760
308 761
308 763
308 764
308 766
308 767
308 769
308 780
308 784
308 785
308 786
308 796
308 797
308 801
308 802
308 808
308 809
308 815
308 816
308 819
308 820
308 825
308 826
308 827
308 830
308 831
308 835
308 836
308 837
308 840
308 844
308 851
308 852
308 863
308 868
308 871
308 873
308 874
308 880
308 884
308 885
308 886
308 887
308 889
308 896
308 899
308 908
308 909
308 913
308 918
308 924
308 928
308 932
308 936
308 938
308 940
308 953
308 956
308 969
308 970
308 974
308 982
308 986
308 990
308 994
308 997
309 502
309 503
309 506
309 509
309 512
309 515
309 517
309 521
309 523
309 525
309 526
309 529
309 530
309 531
309 538
309 547
309 549
309 555
309 556
309 560
309 561
309 567
309 575
309 580
309 583
309 584
309 586
309 590
309 593
309 596
309 600
309 602
309 603
309 616
309 622
309 630
309 635
309 637
309 645
309 646
309 652
309 655
309 656
309 662
309 665
309 669
309 672
309 676
309 679
309 680
309 683
309 685
309 689
309 693
309 694
309 698
309 699
309 702
309 703
309 710
309 718
309 719
309 720
309 726
309 728
309 729
309 734
309 738
309 742
309 743
309 745
309 747
309 748
309 750
309 752
309 754
309 755
309 757
309 758
309 759
309 766
309 771
309 773
309 777
309 783
309 796
309 797
309 802
309 804
309 811
309 813
309 818
309 821
309 826
309 830
309 831
309 835
309 837
309 839
309 842
309 843
309 846
309 850
309 852
309 856
309 857
309 863
309 871
309 874
309 876
309 878
309 881
309 885
309 886
309 889
309 890
309 899
309 902
309 910
309 912
309 913
309 914
309 916
309 919
309 923
309 925
309 928
309 931
309 935
309 941
309 946
309 950
309 954
309 963
309 965
309 969
309 970
309 977
309 980
309 993
309 994
309 1000
310 502
310 505
310 511
310 513
310 514
310 516
310 522
310 523
310 528
310 529
310 534
310 541
310 543
310 551
310 555
310 557
310 558
310 559
310 562
310 564
310 565
310 568
310 569
310 576
310 577
310 583
310 586
310 590
310 595
310 599
310 604
310 609
310 610
310 612
310 614
310 616
310 622
310 624
310 626
310 631
310 634
310 641
310 645
310 648
310 653
310 655
310 658
310 659
310 661
310 670
310 673
310 675
310 679
310 683
310 686
310 689
310 700
310 704
310 708
310 719
310 720
310 725
310 726
310 729
310 730
310 731
310 742
310 747
310 750
310 756
310 758
310 759
310 764
310 765
310 774
310 784
310 785
310 786
310 796
310 800
310 802
310 807
310 809
310 816
310 818
310 821
310 826
310 831
310 841
310 842
310 844
310 845
310 846
310 852
310 854
310 857
310 859
310 868
310 870
310 877
310 879
310 882
310 885
310 888
310 890
310 892
310 893
310 895
310 898
310 902
310 906
310 907
310 909
310 912
310 916
310 919
310 922
310 925
310 927
310 929
310 931
310 932
310 933
310 937
310 938
310 939
310 942
310 945
310 946
310 951
310 952
310 953
310 954
310 959
310 975
310 977
310 979
310 981
310 987
310 988
310 989
310 990
310 993
310 994
310 996
310 999
311 503
311 504
311 505
311 506
311 509
311 512
311 518
311 520
311 530
311 531
311 532
311 533
311 537
311 543
311 547
311 551
311 560
311 561
311 562
311 564
311 565
311 567
311 571
311 575
311 580
311 581
311 584
311 590
311 591
311 593
311 594
311 595
311 596
311 597
311 599
311 602
311 603
311 604
311 605
311 606
311 607
311 609
311 612
311 616
311 617
311 619
311 621
311 623
311 632
311 635
311 638
311 642
311 645
311 650
311 652
311 654
311 662
311 663
311 665
311 671
311 673
311 676
311 683
311 687
311 691
311 692
311 694
311 695
311 704
311 705
311 708
311 710
311 713
311 721
311 722
311 723
311 725
311 727
311 729
311 733
311 740
311 746
311 750
311 753
311 754
311 757
311 763
311 764
311 767
311 769
311 770
311 779
311 783
311 789
311 790
311 794
311 796
311 800
311 812
311 814
311 816
311 817
311 818
311 819
311 824
311 825
311 830
311 834
311 838
311 839
311 840
311 845
311 847
311 848
311 849
311 852
311 854
311 858
311 859
311 862
311 863
311 867
311 868
311 869
311 872
311 880
311 886
311 887
311 894
311 898
311 900
311 909
311 916
311 922
311 929
311 931
311 932
311 936
311 937
311 938
311 942
311 946
311 952
311 954
311 956
311 965
311 966
311 977
311 991
312 501
312 505
312 512
312 515
312 517
312 521
312 525
312 536
312 543
312 546
312 549
312 555
312 556
312 563
312 564
312 568
312 569
312 571
312 573
312 574
312 576
312 583
312 584
312 591
312 601
312 604
312 605
312 607
312 608
312 616
312 618
312 621
312 622
312 625
312 629
312 638
312 642
312 650
312 652
312 653
312 654
312 655
312 659
312 660
312 664
312 668
312 670
312 672
312 674
312 675
312 678
312 679
312 680
312 683
312 688
312 699
312 700
312 701
312 703
312 707
312 709
312 711
312 713
312 719
312 721
312 726
312 731
312 734
312 737
312 740
312 746
312 749
312 753
312 757
312 765
312 770
312 774
312 776
312 781
312 782
312 783
312 785
312 788
312 789
312 791
312 797
312 799
312 802
312 804
312 806
312 809
312 811
312 812
312 814
312 815
312 825
312 827
312 828
312 834
312 835
312 838
312 843
312 848
312 849
312 858
312 867
312 869
312 873
312 879
312 884
312 893
312 894
312 898
312 901
312 902
312 908
312 909
312 914
312 918
312 924
312 925
312 927
312 933
312 935
312 942
312 945
312 946
312 947
312 950
312 951
312 957
312 961
312 964
312 965
312 966
312 968
312 973
312 976
312 977
312 979
312 981
312 985
312 987
312 988
312 993
312 994
312 996
312 997
312 998
312 1000
313 511
313 513
313 516
313 521
313 529
313 532
313 533
313 534
313 538
313 547
313 548
313 549
313 552
313 556
313 561
313 564
313 568
313 570
313 571
313 575
313 578
313 584
313 590
313 595
313 597
313 604
313 609
313 621
313 626
313 627
313 633
313 637
313 646
313 652
313 653
313 664
313 680
313 681
313 682
313 691
313 694
313 698
313 701
313 702
313 703
313 706
313 710
313 714
313 715
313 719
313 722
313 724
313 725
313 727
313 737
313 741
313 742
313 744
313 749
313 750
313 755
313 757
313 758
313 762
313 763
313 770
313 771
313 775
313 778
313 780
313 788
313 791
313 792
313 796
313 797
313 798
313 800
313 801
313 802
313 804
313 819
313 826
313 827
313 828
313 830
313 835
313 842
313 846
313 847
313 852
313 853
313 854
313 859
313 860
313 864
313 866
313 868
313 874
313 875
313 876
313 877
313 883
313 890
313 896
313 899
313 906
313 910
313 911
313 912
313 919
313 923
313 931
313 933
313 934
313 941
313 944
313 945
313 946
313 949
313 953
313 955
313 957
313 960
313 965
313 967
313 968
313 969
313 974
313 980
313 984
313 985
313 994
313 996
313 997
313 998
313 999
314 501
314 505
314 506
314 510
314 513
314 519
314 521
314 525
314 526
314 527
314 530
314 532
314 535
314 538
314 541
314 542
314 544
314 545
314 552
314 555
314 558
314 561
314 567
314 571
314 572
314 573
314 575
314 580
314 587
314 588
314 596
314 599
314 601
314 604
314 614
314 615
314 616
314 618
314 622
314 624
314 634
314 638
314 639
314 644
314 647
314 652
314 657
314 658
314 663
314 665
314 675
314 682
314 684
314 685
314 687
314 688
314 691
314 693
314 697
314 699
314 719
314 720
314 727
314 733
314 738
314 741
314 754
314 755
314 756
314 759
314 762
314 763
314 764
314 767
314 770
314 778
314 779
314 781
314 783
314 787
314 791
314 797
314 805
314 808
314 809
314 812
314 815
314 819
314 821
314 822
314 846
314 847
314 854
314 856
314 857
314 860
314 862
314 865
314 870
314 877
314 878
314 879
314 886
314 888
314 894
314 897
314 904
314 909
314 910
314 911
314 915
314 919
314 926
314 929
314 930
314 931
314 941
314 943
314 952
314 955
314 959
314 961
314 965
314 970
314 974
314 987
315 501
315 502
315 503
315 506
315 513
315 514
315 516
315 529
315 534
315 536
315 539
315 540
315 546
315 551
315 554
315 556
315 558
315 559
315 560
315 561
315 564
315 565
315 569
315 571
315 577
315 589
315 593
315 594
315 595
315 596
315 597
315 598
315 600
315 605
315 606
315 607
315 614
315 616
315 617
315 618
315 627
315 631
315 632
315 639
315 642
315 653
315 654
315 656
315 659
315 660
315 663
315 664
315 672
315 673
315 676
315 679
315 683
315 687
315 690
315 700
315 703
315 716
315 718
315 719
315 722
315 726
315 728
315 731
315 733
315 734
315 742
315 744
315 755
315 770
315 771
315 773
315 777
315 780
315 781
315 786
315 787
315 793
315 796
315 801
315 807
315 810
315 811
315 816
315 821
315 825
315 826
315 827
315 828
315 829
315 836
315 837
315 839
315 842
315 844
315 845
315 849
315 856
315 863
315 866
315 872
315 874
315 876
315 885
315 886
315 887
315 889
315 892
315 897
315 905
315 906
315 907
315 909
315 915
315 921
315 924
315 925
315 926
315 927
315 930
315 936
315 937
315 938
315 943
315 945
315 946
315 951
315 954
315 959
315 960
315 961
315 962
315 964
315 966
315 971
315 973
315 976
315 977
315 993
316 504
316 508
316 510
316 516
316 518
316 523
316 525
316 527
316 530
316 533
316 540
316 543
316 545
316 547
316 550
316 553
316 555
316 556
316 561
316 565
316 566
316 570
316 576
316 579
316 580
316 581
316 584
316 590
316 593
316 597
316 599
316 602
316 603
316 608
316 609
316 611
316 613
316 617
316 618
316 621
316 623
316 628
316 630
316 640
316 642
316 646
316 647
316 654
316 664
316 669
316 671
316 678
316 683
316 686
316 688
316 694
316 701
316 702
316 705
316 709
316 710
316 713
316 714
316 715
316 716
316 718
316 723
316 727
316 730
316 734
316 738
316 740
316 750
316 762
316 767
316 769
316 770
316 772
316 775
316 779
316 781
316 787
316 789
316 792
316 803
316 807
316 813
316 821
316 822
316 825
316 826
316 829
316 831
316 832
316 833
316 836
316 838
316 841
316 844
316 853
316 854
316 859
316 863
316 866
316 868
316 869
316 874
316 877
316 880
316 885
316 888
316 889
316 893
316 898
316 901
316 906
316 909
316 910
316 913
316 914
316 919
316 924
316 926
316 931
316 933
316 936
316 944
316 945
316 947
316 948
316 950
316 956
316 966
316 968
316 970
316 975
316 982
316 987
316 989
316 991
316 994
317 504
317 505
317 510
317 512
317 513
317 514
317 516
317 522
317 525
317 528
317 542
317 544
317 551
317 554
317 559
317 561
317 563
317 564
317 565
317 566
317 567
317 569
317 570
317 571
317 585
317 586
317 587
317 589
317 596
317 600
317 610
317 619
317 621
317 622
317 626
317 628
317 629
317 636
317 638
317 639
317 644
317 645
317 657
317 658
317 663
317 664
317 667
317 668
317 670
317 673
317 676
317 680
317 685
317 692
317 694
317 698
317 700
317 701
317 702
317 708
317 709
317 711
317 721
317 723
317 731
317 735
317 736
317 738
317 741
317 744
317 754
317 757
317 759
317 762
317 769
317 772
317 773
317 777
317 779
317 782
317 783
317 790
317 791
317 794
317 796
317 801
317 807
317 809
317 812
317 815
317 817
317 819
317 821
317 836
317 838
317 844
317 847
317 848
317 851
317 852
317 856
317 857
317 862
317 863
317 867
317 880
317 881
317 884
317 885
317 890
317 894
317 898
317 899
317 903
317 904
317 906
317 907
317 908
317 909
317 910
317 913
317 929
317 934
317 938
317 940
317 942
317 947
317 954
317 957
317 958
317 959
317 970
317 971
317 972
317 981
317 985
317 990
317 991
317 994
317 997
317 999
318 504
318 506
318 508
318 509
318 510
318 511
318 512
318 517
318 518
318 519
318 526
318 527
318 528
318 534
318 536
318 537
318 538
318 539
318 541
318 542
318 545
318 547
318 552
318 553
318 561
318 569
318 573
318 575
318 582
318 585
318 589
318 597
318 600
318 601
318 606
318 607
318 612
318 615
318 617
318 619
318 621
318 623
318 624
318 625
318 627
318 635
318 638
318 640
318 644
318 645
318 647
318 649
318 651
318 652
318 655
318 658
318 673
318 674
318 675
318 678
318 681
318 683
318 685
318 691
318 692
318 693
318 694
318 695
318 698
318 701
318 707
318 710
318 713
318 718
318 723
318 730
318 732
318 733
318 734
318 735
318 740
318 746
318 750
318 752
318 754
318 758
318 759
318 764
318 766
318 767
318 770
318 772
318 774
318 775
318 780
318 785
318 786
318 787
318 792
318 793
318 795
318 802
318 804
318 808
318 812
318 820
318 822
318 824
318 828
318 832
318 834
318 837
318 840
318 847
318 852
318 856
318 858
318 861
318 863
318 871
318 874
318 876
318 884
318 885
318 890
318 891
318 893
318 895
318 896
318 898
318 900
318 902
318 906
318 909
318 913
318 914
318 917
318 919
318 921
318 926
318 928
318 930
318 934
318 936
318 937
318 938
318 943
318 945
318 947
318 949
318 950
318 953
318 956
318 962
318 963
318 967
318 974
318 977
318 978
318 980
318 985
318 988
318 992
318 996
318 997
318 999
318 1000
319 502
319 510
319 515
319 517
319 520
319 521
319 522
319 524
319 541
319 544
319 546
319 556
319 560
319 562
319 565
319 567
319 569
319 570
319 574
319 579
319 586
319 587
319 590
319 591
319 592
319 594
319 600
319 601
319 617
319 624
319 629
319 635
319 637
319 639
319 640
319 642
319 643
319 647
319 648
319 651
319 652
319 659
319 662
319 663
319 669
319 674
319 678
319 685
319 687
319 694
319 700
319 701
319 710
319 711
319 722
319 724
319 725
319 726
319 728
319 729
319 732
319 733
319 735
319 736
319 738
319 739
319 741
319 742
319 743
319 745
319 749
319 756
319 758
319 759
319 762
319 763
319 765
319 769
319 773
319 775
319 785
319 794
319 795
319 800
319 814
319 817
319 819
319 824
319 825
319 832
319 835
319 840
319 842
319 845
319 848
319 860
319 862
319 863
319 869
319 875
319 882
319 884
319 886
319 893
319 894
319 900
319 901
319 909
319 913
319 914
319 916
319 918
319 925
319 933
319 937
319 940
319 942
319 946
319 949
319 950
319 951
319 953
319 955
319 961
319 966
319 970
319 981
319 983
319 987
319 988
319 991
319 992
319 994
320 503
320 504
320 515
320 518
320 525
320 527
320 528
320 532
320 533
320 536
320 539
320 549
320 556
320 558
320 561
320 566
320 569
320 572
320 575
320 577
320 580
320 583
320 586
320 587
320 590
320 595
320 601
320 603
320 606
320 607
320 610
320 615
320 616
320 623
320 628
320 631
320 632
320 633
320 643
320 647
320 653
320 655
320 663
320 667
320 676
320 681
320 683
320 685
320 686
320 702
320 705
320 717
320 725
320 726
320 727
320 736
320 737
320 740
320 742
320 746
320 748
320 750
320 751
320 753
320 754
320 756
320 758
320 759
320 763
320 764
320 772
320 773
320 776
320 777
320 780
320 788
320 789
320 790
320 794
320 795
320 798
320 803
320 806
320 807
320 808
320 810
320 812
320 815
320 816
320 818
320 819
320 822
320 828
320 833
320 836
320 837
320 840
320 841
320 843
320 845
320 857
320 864
320 865
320 870
320 875
320 878
320 879
320 883
320 904
320 909
320 913
320 914
320 920
320 928
320 934
320 939
320 942
320 944
320 947
320 955
320 962
320 965
320 970
320 971
320 977
320 979
320 987
320 994
320 995
320 1000
321 503
321 511
321 512
321 516
321 517
321 518
321 523
321 525
321 528
321 529
321 536
321 538
321 539
321 541
321 542
321 543
321 546
321 548
321 549
321 554
321 555
321 558
321 564
321 567
321 568
321 589
321 595
321 597
321 601
321 605
321 615
321 620
321 628
321 629
321 630
321 634
321 637
321 641
321 643
321 644
321 645
321 647
321 650
321 662
321 664
321 665
321 667
321 670
321 672
321 676
321 678
321 682
321 685
321 693
321 696
321 700
321 704
321 706
321 708
321 711
321 715
321 716
321 721
321 722
321 724
321 730
321 735
321 738
321 740
321 741
321 754
321 758
321 767
321 769
321 770
321 775
321 776
321 777
321 793
321 798
321 800
321 801
321 806
321 817
321 818
321 821
321 823
321 825
321 834
321 837
321 839
321 840
321 841
321 843
321 844
321 848
321 849
321 850
321 857
321 863
321 870
321 874
321 889
321 890
321 897
321 899
321 902
321 903
321 915
321 916
321 918
321 919
321 920
321 921
321 923
321 925
321 930
321 932
321 933
321 934
321 938
321 940
321 944
321 952
321 957
321 958
321 959
321 962
321 965
321 970
321 971
321 974
321 979
321 980
321 981
321 984
321 990
321 993
321 997
321 1000
322 505
322 508
322 509
322 520
322 522
322 531
322 534
322 535
322 536
322 537
322 538
322 540
322 542
322 543
322 548
322 549
322 553
322 555
322 556
322 557
322 559
322 563
322 566
322 567
322 570
322 571
322 573
322 576
322 580
322 582
322 585
322 586
322 587
322 591
322 595
322 597
322 598
322 599
322 604
322 609
322 619
322 622
322 625
322 631
322 632
322 637
322 638
322 640
322 641
322 642
322 647
322 650
322 653
322 655
322 657
322 658
322 659
322 665
322 671
322 672
322 679
322 680
322 684
322 687
322 690
322 695
322 696
322 706
322 708
322 712
322 718
322 721
322 727
322 729
322 736
322 739
322 741
322 747
322 752
322 754
322 755
322 757
322 758
322 761
322 765
322 768
322 769
322 772
322 773
322 774
322 782
322 785
322 786
322 787
322 792
322 793
322 795
322 802
322 803
322 805
322 806
322 814
322 817
322 826
322 831
322 837
322 839
322 841
322 849
322 850
322 856
322 858
322 864
322 865
322 874
322 875
322 877
322 880
322 886
322 887
322 890
322 895
322 898
322 900
322 904
322 906
322 909
322 912
322 922
322 927
322 929
322 931
322 933
322 936
322 937
322 940
322 942
322 943
322 944
322 950
322 956
322 959
322 965
322 967
322 968
322 969
322 973
322 977
322 979
322 980
322 981
322 984
322 987
322 990
322 991
322 992
322 996
322 998
323 506
323 516
323 518
323 522
323 523
323 527
323 529
323 532
323 533
323 534
323 540
323 549
323 550
323 552
323 556
323 557
323 558
323 563
323 565
323 567
323 570
323 571
323 572
323 574
323 578
323 590
323 592
323 598
323 603
323 604
323 609
323 615
323 616
323 620
323 626
323 631
323 638
323 639
323 642
323 651
323 652
323 653
323 654
323 655
323 658
323 660
323 663
323 664
323 669
323 671
323 672
323 673
323 676
323 677
323 678
323 689
323 693
323 695
323 697
323 698
323 701
323 703
323 711
323 714
323 717
323 723
323 729
323 731
323 733
323 739
323 740
323 748
323 754
323 760
323 774
323 776
323 785
323 793
323 799
323 801
323 807
323 808
323 811
323 816
323 825
323 826
323 827
323 829
323 831
323 835
323 838
323 839
323 840
323 842
323 844
323 845
323 847
323 855
323 857
323 859
323 860
323 861
323 869
323 870
323 873
323 875
323 880
323 883
323 884
323 887
323 890
323 891
323 892
323 893
323 896
323 898
323 903
323 908
323 909
323 910
323 912
323 915
323 916
323 921
323 924
323 934
323 935
323 937
323 940
323 941
323 942
323 952
323 959
323 962
323 965
323 966
323 976
323 977
323 980
323 982
323 984
323 985
323 989
323 990
323 993
323 996
323 998
324 503
324 504
324 505
324 506
324 510
324 515
324 516
324 517
324 519
324 522
324 526
324 530
324 531
324 532
324 533
324 537
324 541
324 546
324 547
324 556
324 558
324 567
324 568
324 581
324 586
324 588
324 591
324 593
324 594
324 597
324 600
324 603
324 610
324 611
324 613
324 615
324 616
324 618
324 629
324 633
324 641
324 646
324 651
324 653
324 661
324 665
324 670
324 672
324 673
324 676
324 682
324 683
324 688
324 689
324 694
324 696
324 708
324 713
324 714
324 717
324 721
324 728
324 732
324 737
324 744
324 745
324 746
324 747
324 748
324 749
324 757
324 758
324 759
324 761
324 762
324 764
324 765
324 768
324 772
324 774
324 775
324 784
324 793
324 798
324 799
324 803
324 805
324 811
324 816
324 818
324 820
324 827
324 833
324 837
324 840
324 841
324 846
324 851
324 852
324 861
324 863
324 870
324 879
324 882
324 883
324 884
324 887
324 888
324 890
324 893
324 898
324 901
324 902
324 903
324 913
324 923
324 927
324 936
324 941
324 942
324 944
324 946
324 947
324 948
324 949
324 951
324 958
324 959
324 960
324 962
324 968
324 976
324 977
324 978
324 982
324 985
324 986
324 990
324 991
324 992
324 996
324 1000
325 501
325 502
325 505
325 508
325 511
325 512
325 513
325 520
325 521
325 523
325 525
325 531
325 533
325 536
325 538
325 540
325 545
325 547
325 556
325 559
325 560
325 565
325 567
325 568
325 571
325 578
325 581
325 586
325 587
325 588
325 594
325 595
325 596
325 607
325 609
325 612
325 616
325 619
325 621
325 625
325 629
325 630
325 636
325 637
325 639
325 641
325 656
325 658
325 660
325 670
325 673
325 676
325 681
325 687
325 688
325 696
325 699
325 701
325 702
325 704
325 706
325 713
325 718
325 719
325 733
325 738
325 745
325 748
325 749
325 750
325 756
325 758
325 760
325 763
325 764
325 765
325 767
325 771
325 772
325 775
325 776
325 781
325 783
325 787
325 788
325 789
325 790
325 795
325 799
325 801
325 803
325 806
325 807
325 808
325 809
325 814
325 815
325 816
325 817
325 819
325 820
325 825
325 826
325 830
325 839
325 845
325 846
325 847
325 850
325 857
325 860
325 863
325 864
325 868
325 870
325 877
325 878
325 882
325 883
325 886
325 889
325 890
325 891
325 892
325 893
325 895
325 897
325 901
325 911
325 913
325 915
325 922
325 923
325 924
325 925
325 927
325 932
325 937
325 938
325 941
325 942
325 943
325 948
325 949
325 953
325 954
325 964
325 965
325 969
325 983
325 989
325 993
325 1000
326 501
326 502
326 503
326 505
326 508
326 509
326 512
326 524
326 528
326 532
326 533
326 534
326 535
326 545
326 561
326 562
326 567
326 569
326 574
326 577
326 584
326 594
326 596
326 600
326 605
326 606
326 609
326 614
326 618
326 620
326 626
326 627
326 628
326 633
326 635
326 638
326 642
326 644
326 645
326 647
326 654
326 657
326 658
326 661
326 662
326 672
326 678
326 679
326 681
326 686
326 687
326 690
326 700
326 701
326 702
326 707
326 709
326 714
326 715
326 716
326 717
326 719
326 722
326 724
326 727
326 728
326 735
326 736
326 739
326 740
326 742
326 743
326 748
326 749
326 751
326 753
326 754
326 760
326 765
326 766
326 769
326 772
326 773
326 774
326 781
326 785
326 789
326 796
326 797
326 798
326 799
326 802
326 811
326 814
326 817
326 819
326 823
326 826
326 829
326 833
326 834
326 835
326 836
326 843
326 844
326 847
326 848
326 849
326 852
326 853
326 855
326 860
326 863
326 866
326 868
326 870
326 874
326 875
326 878
326 886
326 889
326 892
326 893
326 897
326 898
326 903
326 905
326 906
326 910
326 915
326 916
326 924
326 925
326 928
326 936
326 939
326 940
326 949
326 951
326 952
326 953
326 955
326 958
326 964
326 971
326 972
326 976
326 977
326 982
326 984
326 989
326 990
326 993
326 994
326 997
326 998
327 502
327 504
327 507
327 511
327 512
327 513
327 515
327 516
327 517
327 522
327 524
327 526
327 528
327 530
327 531
327 532
327 535
327 538
327 541
327 543
327 544
327 545
327 546
327 549
327 550
327 552
327 553
327 554
327 555
327 559
327 562
327 568
327 571
327 574
327 576
327 583
327 589
327 590
327 595
327 597
327 598
327 599
327 602
327 606
327 607
327 613
327 614
327 618
327 619
327 620
327 621
327 625
327 631
327 633
327 636
327 640
327 644
327 646
327 654
327 655
327 659
327 660
327 663
327 665
327 667
327 675
327 678
327 679
327 680
327 690
327 692
327 695
327 697
327 698
327 700
327 705
327 706
327 708
327 713
327 714
327 715
327 717
327 722
327 724
327 725
327 726
327 727
327 730
327 731
327 732
327 735
327 737
327 738
327 739
327 740
327 741
327 742
327 744
327 748
327 749
327 750
327 755
327 756
327 759
327 765
327 766
327 768
327 769
327 776
327 777
327 784
327 788
327 789
327 799
327 805
327 806
327 808
327 811
327 812
327 813
327 814
327 815
327 821
327 825
327 829
327 830
327 833
327 834
327 838
327 842
327 846
327 848
327 853
327 867
327 868
327 870
327 872
327 873
327 875
327 878
327 879
327 881
327 884
327 891
327 895
327 898
327 899
327 905
327 906
327 909
327 910
327 912
327 913
327 916
327 917
327 919
327 923
327 930
327 932
327 933
327 935
327 936
327 939
327 940
327 945
327 948
327 950
327 960
327 962
327 966
327 967
327 971
327 973
327 984
327 985
327 986
327 990
327 991
327 992
327 993
327 995
327 997
327 999
328 504
328 505
328 507
328 508
328 509
328 512
328 516
328 517
328 521
328 526
328 528
328 531
328 533
328 534
328 535
328 539
328 541
328 542
328 544
328 545
328 547
328 548
328 551
328 552
328 553
328 561
328 566
328 574
328 575
328 577
328 578
328 590
328 591
328 592
328 605
328 607
328 609
328 612
328 613
328 614
328 616
328 617
328 618
328 620
328 623
328 626
328 627
328 628
328 632
328 635
328 636
328 642
328 643
328 644
328 649
328 657
328 658
328 659
328 661
328 663
328 668
328 672
328 679
328 680
328 681
328 682
328 685
328 690
328 694
328 698
328 699
328 704
328 705
328 706
328 709
328 711
328 712
328 715
328 719
328 722
328 724
328 725
328 726
328 734
328 735
328 737
328 738
328 739
328 740
328 751
328 752
328 757
328 763
328 774
328 783
328 793
328 798
328 799
328 802
328 805
328 807
328 810
328 814
328 815
328 816
328 817
328 818
328 819
328 820
328 821
328 824
328 825
328 827
328 833
328 834
328 835
328 841
328 844
328 855
328 859
328 862
328 865
328 866
328 868
328 870
328 871
328 874
328 875
328 878
328 880
328 882
328 883
328 888
328 897
328 902
328 903
328 905
328 906
328 907
328 909
328 912
328 914
328 917
328 918
328 920
328 921
328 923
328 929
328 933
328 934
328 935
328 936
328 939
328 940
328 945
328 946
328 947
328 949
328 954
328 959
328 964
328 966
328 968
328 978
328 979
328 981
328 983
328 993
328 994
328 996
328 997
328 998
328 999
329 501
329 504
329 506
329 507
329 508
329 509
329 510
329 511
329 514
329 516
329 519
329 523
329 525
329 527
329 530
329 532
329 535
329 536
329 541
329 542
329 553
329 554
329 555
329 558
329 560
329 565
329 567
329 569
329 572
329 581
329 584
329 585
329 587
329 590
329 591
329 592
329 596
329 599
329 601
329 603
329 604
329 606
329 608
329 610
329 618
329 625
329 626
329 627
329 628
329 629
329 630
329 634
329 637
329 649
329 660
329 670
329 671
329 673
329 678
329 683
329 684
329 685
329 688
329 689
329 691
329 695
329 697
329 700
329 707
329 708
329 711
329 713
329 714
329 716
329 718
329 719
329 724
329 731
329 734
329 735
329 739
329 740
329 742
329 749
329 750
329 752
329 754
329 757
329 761
329 764
329 765
329 767
329 768
329 775
329 777
329 782
329 784
329 787
329 788
329 792
329 794
329 799
329 803
329 812
329 820
329 842
329 843
329 844
329 850
329 851
329 855
329 856
329 857
329 860
329 861
329 862
329 863
329 864
329 867
329 868
329 869
329 873
329 885
329 891
329 893
329 897
329 899
329 900
329 904
329 905
329 908
329 910
329 911
329 913
329 914
329 917
329 922
329 926
329 928
329 930
329 933
329 934
329 936
329 941
329 942
329 949
329 952
329 956
329 961
329 966
329 967
329 968
329 971
329 972
329 975
329 978
329 993
329 995
330 501
330 502
330 504
330 508
330 509
330 510
330 512
330 514
330 516
330 519
330 523
330 524
330 529
330 531
330 541
330 544
330 546
330 548
330 552
330 553
330 554
330 561
330 568
330 571
330 576
330 578
330 580
330 583
330 584
330 589
330 594
330 595
330 599
330 601
330 606
330 607
330 610
330 611
330 613
330 622
330 624
330 626
330 628
330 629
330 632
330 633
330 638
330 642
330 643
330 648
330 650
330 653
330 654
330 658
330 662
330 666
330 668
330 670
330 672
330 674
330 675
330 678
330 679
330 683
330 686
330 687
330 688
330 690
330 692
330 694
330 700
330 704
330 705
330 706
330 708
330 710
330 711
330 713
330 721
330 727
330 737
330 738
330 745
330 746
330 750
330 756
330 757
330 759
330 762
330 768
330 773
330 774
330 778
330 780
330 782
330 784
330 785
330 789
330 795
330 798
330 799
330 801
330 803
330 822
330 828
330 832
330 834
330 835
330 837
330 840
330 841
330 842
330 845
330 847
330 849
330 850
330 853
330 859
330 864
330 866
330 869
330 871
330 873
330 877
330 878
330 881
330 883
330 885
330 887
330 888
330 893
330 900
330 903
330 912
330 914
330 915
330 919
330 921
330 924
330 925
330 928
330 930
330 936
330 940
330 941
330 947
330 950
330 952
330 953
330 956
330 957
330 958
330 959
330 967
330 970
330 975
330 976
330 978
330 982
330 985
330 988
330 996
330 998
330 999
330 1000
331 501
331 502
331 505
331 506
331 511
331 514
331 518
331 525
331 530
331 533
331 534
331 535
331 536
331 538
331 541
331 546
331 550
331 557
331 558
331 560
331 566
331 568
331 569
331 574
331 576
331 579
331 584
331 587
331 589
331 592
331 595
331 598
331 600
331 602
331 605
331 606
331 607
331 610
331 613
331 617
331 618
331 620
331 624
331 629
331 631
331 632
331 635
331 638
331 640
331 648
331 653
331 654
331 655
331 656
331 661
331 670
331 683
331 685
331 696
331 697
331 703
331 707
331 708
331 713
331 715
331 719
331 726
331 727
331 732
331 736
331 738
331 740
331 743
331 745
331 746
331 747
331 752
331 753
331 761
331 763
331 766
331 767
331 770
331 774
331 778
331 781
331 782
331 784
331 786
331 790
331 794
331 795
331 798
331 801
331 804
331 806
331 807
331 808
331 820
331 821
331 822
331 823
331 826
331 834
331 836
331 844
331 851
331 852
331 856
331 858
331 860
331 863
331 866
331 867
331 868
331 877
331 883
331 888
331 889
331 895
331 899
331 900
331 902
331 904
331 905
331 906
331 913
331 915
331 917
331 919
331 921
331 926
331 941
331 952
331 954
331 959
331 960
331 961
331 963
331 964
331 965
331 973
331 974
331 976
331 977
331 979
331 980
331 981
331 986
331 992
331 994
331 995
331 998
332 505
332 507
332 509
332 512
332 513
332 520
332 534
332 536
332 546
332 550
332 551
332 552
332 557
332 559
332 562
332 564
332 568
332 572
332 576
332 578
332 580
332 583
332 595
332 608
332 609
332 618
332 623
332 625
332 626
332 644
332 646
332 652
332 659
332 660
332 664
332 671
332 677
332 685
332 687
332 688
332 689
332 696
332 704
332 713
332 717
332 718
332 724
332 730
332 732
332 735
332 736
332 741
332 752
332 754
332 759
332 761
332 764
332 765
332 772
332 783
332 787
332 791
332 794
332 802
332 803
332 805
332 811
332 813
332 815
332 823
332 827
332 829
332 832
332 837
332 842
332 849
332 850
332 851
332 853
332 854
332 858
332 864
332 867
332 872
332 873
332 882
332 883
332 885
332 896
332 898
332 899
332 901
332 902
332 906
332 908
332 911
332 922
332 924
332 926
332 931
332 940
332 941
332 948
332 950
332 955
332 956
332 965
332 968
332 972
332 983
332 985
332 993
332 994
333 504
333 508
333 510
333 511
333 513
333 519
333 524
333 529
333 531
333 538
333 556
333 558
333 560
333 562
333 563
333 567
333 570
333 571
333 572
333 577
333 582
333 583
333 588
333 589
333 592
333 593
333 596
333 597
333 598
333 600
333 601
333 604
333 609
333 610
333 612
333 615
333 618
333 622
333 623
333 625
333 628
333 630
333 631
333 636
333 637
333 641
333 645
333 651
333 652
333 658
333 661
333 670
333 672
333 674
333 690
333 691
333 692
333 696
333 697
333 702
333 706
333 709
333 716
333 722
333 725
333 727
333 729
333 735
333 736
333 738
333 739
333 753
333 755
333 757
333 758
333 764
333 766
333 769
333 770
333 771
333 772
333 773
333 783
333 784
333 788
333 794
333 795
333 796
333 797
333 802
333 803
333 805
333 810
333 813
333 821
333 822
333 823
333 828
333 829
333 830
333 831
333 833
333 836
333 837
333 845
333 848
333 849
333 851
333 854
333 859
333 863
333 865
333 866
333 868
333 877
333 879
333 882
333 883
333 899
333 902
333 904
333 905
333 906
333 907
333 909
333 910
333 914
333 916
333 919
333 923
333 925
333 929
333 931
333 933
333 936
333 942
333 943
333 949
333 951
333 954
333 956
333 957
333 959
333 960
333 962
333 963
333 968
333 972
333 976
333 980
333 981
333 982
333 993
333 999
334 504
334 512
334 513
334 515
334 516
334 517
334 518
334 520
334 521
334 527
334 528
334 533
334 552
334 554
334 560
334 570
334 571
334 574
334 581
334 587
334 589
334 591
334 599
334 607
334 609
334 612
334 619
334 620
334 625
334 627
334 630
334 632
334 635
334 640
334 643
334 649
334 655
334 656
334 658
334 663
334 667
334 670
334 673
334 674
334 678
334 682
334 684
334 688
334 690
334 691
334 695
334 704
334 705
334 707
334 709
334 711
334 713
334 723
334 724
334 728
334 730
334 734
334 736
334 738
334 739
334 740
334 748
334 749
334 756
334 757
334 767
334 776
334 784
334 788
334 790
334 794
334 795
334 801
334 804
334 805
334 812
334 815
334 817
334 827
334 831
334 832
334 837
334 842
334 843
334 845
334 848
334 849
334 852
334 858
334 860
334 861
334 863
334 864
334 866
334 876
334 879
334 884
334 889
334 895
334 897
334 898
334 904
334 908
334 911
334 916
334 917
334 925
334 926
334 927
334 928
334 929
334 935
334 937
334 938
334 943
334 945
334 947
334 952
334 954
334 964
334 965
334 970
334 976
334 978
334 979
334 983
334 989
334 990
334 996
334 997
334 998
335 501
335 504
335 508
335 510
335 514
335 517
335 519
335 520
335 521
335 523
335 527
335 534
335 536
335 538
335 541
335 542
335 546
335 547
335 560
335 563
335 566
335 567
335 570
335 572
335 578
335 579
335 582
335 586
335 594
335 597
335 598
335 599
335 605
335 606
335 609
335 614
335 615
335 619
335 622
335 625
335 626
335 628
335 630
335 631
335 634
335 639
335 642
335 643
335 645
335 648
335 657
335 660
335 661
335 662
335 667
335 668
335 671
335 672
335 676
335 679
335 683
335 686
335 688
335 689
335 692
335 697
335 698
335 699
335 701
335 705
335 706
335 707
335 712
335 715
335 720
335 721
335 722
335 724
335 729
335 730
335 732
335 734
335 735
335 737
335 741
335 743
335 744
335 747
335 749
335 752
335 753
335 758
335 764
335 768
335 771
335 772
335 781
335 790
335 795
335 802
335 803
335 814
335 822
335 824
335 825
335 832
335 833
335 836
335 840
335 842
335 843
335 846
335 848
335 851
335 852
335 856
335 859
335 861
335 864
335 866
335 872
335 874
335 879
335 880
335 881
335 882
335 883
335 885
335 886
335 888
335 892
335 894
335 896
335 906
335 911
335 913
335 914
335 915
335 916
335 918
335 919
335 923
335 927
335 930
335 931
335 935
335 939
335 944
335 948
335 949
335 950
335 952
335 953
335 958
335 960
335 962
335 965
335 969
335 970
335 976
335 977
335 979
335 984
335 987
335 991
335 996
335 999
335 1000
336 501
336 502
336 503
336 509
336 517
336 519
336 520
336 525
336 526
336 527
336 531
336 539
336 540
336 541
336 542
336 545
336 547
336 552
336 553
336 560
336 564
336 566
336 571
336 572
336 573
336 575
336 576
336 584
336 587
336 588
336 591
336 593
336 597
336 601
336 602
336 608
336 611
336 614
336 616
336 618
336 620
336 624
336 626
336 635
336 636
336 638
336 639
336 640
336 644
336 645
336 652
336 653
336 656
336 661
336 662
336 663
336 667
336 668
336 676
336 677
336 678
336 681
336 682
336 685
336 691
336 695
336 704
336 707
336 708
336 711
336 726
336 727
336 728
336 734
336 739
336 750
336 755
336 757
336 760
336 765
336 766
336 767
336 771
336 772
336 773
336 777
336 779
336 784
336 785
336 786
336 792
336 793
336 795
336 797
336 798
336 801
336 803
336 804
336 806
336 808
336 811
336 813
336 818
336 819
336 822
336 824
336 832
336 842
336 844
336 848
336 849
336 851
336 856
336 860
336 865
336 870
336 873
336 882
336 883
336 885
336 892
336 894
336 900
336 901
336 904
336 905
336 906
336 908
336 911
336 913
336 914
336 915
336 920
336 922
336 928
336 929
336 935
336 943
336 949
336 951
336 952
336 954
336 955
336 956
336 960
336 962
336 963
336 969
336 973
336 984
336 987
336 990
336 993
336 994
336 995
336 996
336 999
337 501
337 504
337 507
337 515
337 516
337 523
337 524
337 528
337 529
337 530
337 535
337 537
337 545
337 547
337 549
337 556
337 558
337 560
337 563
337 564
337 565
337 566
337 568
337 570
337 584
337 585
337 586
337 587
337 592
337 595
337 597
337 599
337 610
337 612
337 620
337 622
337 627
337 631
337 632
337 635
337 643
337 644
337 645
337 649
337 653
337 657
337 658
337 661
337 672
337 673
337 676
337 679
337 681
337 684
337 686
337 687
337 691
337 693
337 698
337 700
337 701
337 702
337 704
337 709
337 711
337 717
337 718
337 720
337 723
337 726
337 731
337 732
337 733
337 736
337 738
337 740
337 754
337 755
337 759
337 765
337 766
337 767
337 774
337 781
337 782
337 786
337 788
337 789
337 792
337 793
337 797
337 804
337 805
337 807
337 809
337 810
337 814
337 818
337 819
337 821
337 826
337 827
337 832
337 837
337 839
337 840
337 845
337 848
337 851
337 859
337 860
337 862
337 867
337 870
337 878
337 885
337 887
337 889
337 891
337 894
337 895
337 896
337 897
337 901
337 903
337 905
337 910
337 911
337 914
337 919
337 920
337 923
337 925
337 926
337 930
337 939
337 946
337 949
337 954
337 964
337 965
337 966
337 967
337 969
337 971
337 972
337 980
337 983
337 985
337 986
337 995
337 997
337 1000
338 505
338 506
338 508
338 513
338 515
338 516
338 519
338 521
338 522
338 523
338 525
338 528
338 529
338 531
338 535
338 536
338 537
338 542
338 544
338 547
338 548
338 551
338 558
338 561
338 564
338 565
338 566
338 567
338 569
338 574
338 575
338 577
338 579
338 580
338 583
338 585
338 586
338 587
338 588
338 598
338 601
338 606
338 607
338 610
338 611
338 613
338 616
338 618
338 621
338 623
338 624
338 625
338 627
338 631
338 633
338 634
338 636
338 638
338 639
338 643
338 644
338 646
338 653
338 660
338 666
338 672
338 676
338 678
338 681
338 683
338 685
338 686
338 690
338 691
338 692
338 693
338 694
338 704
338 707
338 708
338 711
338 713
338 715
338 716
338 717
338 719
338 720
338 721
338 722
338 723
338 728
338 734
338 735
338 739
338 740
338 747
338 750
338 752
338 753
338 756
338 758
338 760
338 764
338 768
338 774
338 777
338 782
338 784
338 786
338 789
338 794
338 799
338 800
338 802
338 811
338 814
338 816
338 819
338 830
338 831
338 833
338 838
338 842
338 848
338 849
338 851
338 856
338 858
338 862
338 863
338 869
338 873
338 875
338 877
338 880
338 883
338 886
338 887
338 890
338 891
338 893
338 896
338 903
338 907
338 910
338 913
338 915
338 919
338 922
338 924
338 925
338 926
338 927
338 929
338 932
338 934
338 936
338 937
338 938
338 942
338 943
338 946
338 947
338 954
338 957
338 961
338 962
338 964
338 971
338 978
338 979
338 980
338 991
338 994
338 996
338 997
338 1000
339 501
339 502
339 503
339 504
339 505
339 507
339 511
339 517
339 521
339 526
339 527
339 536
339 538
339 539
339 542
339 544
339 547
339 549
339 554
339 561
339 562
339 564
339 567
339 578
339 582
339 595
339 611
339 613
339 615
339 618
339 619
339 621
339 625
339 627
339 629
339 631
339 632
339 637
339 641
339 652
339 657
339 659
339 660
339 667
339 668
339 669
339 674
339 684
339 692
339 694
339 695
339 699
339 700
339 703
339 705
339 706
339 710
339 727
339 735
339 736
339 739
339 746
339 748
339 756
339 761
339 763
339 764
339 765
339 768
339 770
339 771
339 779
339 789
339 790
339 791
339 792
339 794
339 796
339 799
339 805
339 807
339 808
339 815
339 817
339 820
339 825
339 828
339 830
339 832
339 835
339 836
339 842
339 850
339 851
339 852
339 853
339 857
339 858
339 865
339 873
339 882
339 887
339 888
339 890
339 891
339 893
339 896
339 899
339 900
339 904
339 906
339 910
339 911
339 912
339 913
339 917
339 919
339 921
339 925
339 927
339 928
339 930
339 931
339 944
339 945
339 955
339 958
339 961
339 962
339 963
339 964
339 975
339 982
339 983
339 987
339 989
339 990
339 996
340 501
340 507
340 516
340 521
340 526
340 532
340 536
340 538
340 540
340 541
340 542
340 546
340 548
340 557
340 558
340 560
340 563
340 565
340 570
340 571
340 574
340 581
340 582
340 587
340 590
340 591
340 592
340 594
340 595
340 596
340 599
340 602
340 609
340 615
340 622
340 623
340 627
340 638
340 639
340 640
340 643
340 650
340 652
340 654
340 656
340 661
340 663
340 666
340 670
340 673
340 679
340 680
340 681
340 683
340 684
340 687
340 689
340 698
340 699
340 705
340 708
340 711
340 713
340 719
340 720
340 736
340 740
340 741
340 743
340 745
340 750
340 751
340 754
340 756
340 757
340 760
340 764
340 766
340 770
340 773
340 776
340 779
340 785
340 787
340 788
340 790
340 796
340 800
340 808
340 813
340 817
340 826
340 828
340 832
340 833
340 834
340 836
340 838
340 840
340 843
340 845
340 848
340 850
340 852
340 855
340 868
340 870
340 877
340 883
340 885
340 888
340 890
340 893
340 894
340 896
340 897
340 898
340 909
340 910
340 918
340 919
340 923
340 926
340 928
340 934
340 941
340 942
340 945
340 946
340 948
340 949
340 950
340 957
340 958
340 959
340 963
340 968
340 970
340 975
340 978
340 983
340 985
340 987
340 991
340 993
341 501
341 504
341 508
341 509
341 519
341 525
341 528
341 534
341 540
341 543
341 550
341 551
341 552
341 553
341 555
341 559
341 564
341 565
341 572
341 577
341 578
341 584
341 589
341 594
341 598
341 600
341 602
341 607
341 611
341 616
341 618
341 622
341 624
341 625
341 632
341 636
341 642
341 647
341 649
341 658
341 663
341 664
341 668
341 674
341 680
341 687
341 690
341 692
341 698
341 699
341 700
341 701
341 706
341 707
341 713
341 717
341 718
341 727
341 730
341 737
341 742
341 744
341 751
341 754
341 755
341 763
341 766
341 768
341 769
341 771
341 772
341 773
341 777
341 782
341 785
341 787
341 790
341 793
341 797
341 806
341 810
341 811
341 812
341 816
341 818
341 824
341 826
341 835
341 836
341 844
341 845
341 846
341 854
341 855
341 859
341 860
341 861
341 870
341 872
341 884
341 892
341 894
341 898
341 899
341 901
341 902
341 903
341 905
341 906
341 910
341 914
341 921
341 922
341 923
341 924
341 926
341 931
341 932
341 935
341 938
341 940
341 947
341 952
341 956
341 968
341 970
341 976
341 977
341 985
341 991
341 993
341 994
342 501
342 502
342 507
342 508
342 509
342 511
342 517
342 522
342 524
342 526
342 528
342 530
342 531
342 532
342 533
342 539
342 546
342 547
342 553
342 556
342 559
342 565
342 566
342 574
342 575
342 577
342 579
342 585
342 589
342 593
342 601
342 605
342 610
342 613
342 614
342 615
342 616
342 618
342 622
342 623
342 629
342 632
342 633
342 638
342 640
342 641
342 644
342 646
342 647
342 648
342 650
342 654
342 655
342 656
342 658
342 660
342 662
342 668
342 673
342 682
342 684
342 688
342 690
342 697
342 699
342 703
342 705
342 709
342 710
342 712
342 713
342 714
342 717
342 719
342 721
342 726
342 729
342 733
342 736
342 737
342 743
342 745
342 750
342 757
342 758
342 760
342 762
342 763
342 766
342 768
342 769
342 770
342 773
342 779
342 781
342 783
342 788
342 791
342 792
342 798
342 799
342 803
342 805
342 808
342 818
342 821
342 826
342 829
342 831
342 834
342 836
342 843
342 849
342 850
342 852
342 854
342 859
342 864
342 865
342 870
342 873
342 879
342 881
342 885
342 894
342 898
342 899
342 907
342 912
342 915
342 916
342 920
342 921
342 922
342 927
342 931
342 933
342 940
342 941
342 945
342 947
342 950
342 956
342 957
342 959
342 960
342 964
342 971
342 972
342 974
342 975
342 982
342 983
342 985
342 987
342 990
342 994
342 996
342 997
342 1000
343 503
343 504
343 506
343 509
343 510
343 514
343 515
343 519
343 523
343 531
343 534
343 538
343 539
343 551
343 554
343 561
343 562
343 564
343 567
343 570
343 573
343 576
343 581
343 584
343 587
343 591
343 598
343 601
343 602
343 607
343 609
343 610
343 613
343 618
343 624
343 628
343 629
343 632
343 640
343 643
343 644
343 647
343 649
343 657
343 660
343 665
343 667
343 671
343 673
343 674
343 676
343 677
343 678
343 680
343 681
343 684
343 686
343 687
343 689
343 690
343 694
343 696
343 697
343 698
343 700
343 706
343 708
343 711
343 712
343 715
343 716
343 718
343 719
343 720
343 722
343 723
343 734
343 735
343 737
343 740
343 742
343 743
343 744
343 754
343 755
343 757
343 758
343 767
343 768
343 773
343 774
343 779
343 791
343 792
343 795
343 797
343 799
343 802
343 804
343 806
343 809
343 810
343 813
343 814
343 817
343 818
343 819
343 820
343 824
343 835
343 837
343 838
343 844
343 845
343 847
343 857
343 865
343 866
343 868
343 874
343 881
343 882
343 883
343 884
343 886
343 895
343 907
343 909
343 914
343 916
343 918
343 925
343 930
343 931
343 932
343 934
343 941
343 952
343 953
343 954
343 955
343 958
343 960
343 964
343 967
343 968
343 970
343 973
343 974
343 976
343 978
343 982
343 984
343 986
343 987
343 988
343 990
343 993
343 997
344 502
344 509
344 517
344 518
344 521
344 524
344 532
344 534
344 537
344 544
344 547
344 550
344 551
344 552
344 556
344 561
344 563
344 565
344 566
344 567
344 569
344 571
344 574
344 576
344 578
344 581
344 582
344 587
344 594
344 600
344 608
344 609
344 611
344 621
344 622
344 633
344 634
344 637
344 641
344 650
344 657
344 659
344 664
344 665
344 674
344 682
344 690
344 692
344 697
344 700
344 709
344 722
344 727
344 730
344 731
344 732
344 736
344 740
344 745
344 751
344 753
344 754
344 761
344 764
344 766
344 768
344 773
344 775
344 776
344 777
344 784
344 792
344 793
344 795
344 800
344 801
344 804
344 814
344 818
344 823
344 826
344 838
344 842
344 845
344 848
344 849
344 855
344 856
344 857
344 861
344 865
344 867
344 868
344 869
344 873
344 875
344 880
344 882
344 883
344 887
344 899
344 905
344 906
344 907
344 910
344 911
344 912
344 916
344 924
344 929
344 930
344 932
344 934
344 935
344 937
344 942
344 948
344 950
344 952
344 953
344 954
344 960
344 962
344 966
344 974
344 978
344 983
344 987
344 993
344 996
345 505
345 507
345 509
345 512
345 514
345 517
345 518
345 521
345 523
345 525
345 527
345 530
345 533
345 534
345 535
345 538
345 542
345 543
345 544
345 547
345 550
345 552
345 554
345 555
345 556
345 557
345 560
345 561
345 566
345 568
345 573
345 574
345 577
345 579
345 580
345 581
345 587
345 588
345 590
345 596
345 603
345 606
345 611
345 612
345 618
345 619
345 620
345 624
345 625
345 633
345 634
345 635
345 640
345 641
345 642
345 649
345 650
345 651
345 653
345 656
345 657
345 658
345 659
345 662
345 663
345 664
345 665
345 666
345 668
345 669
345 674
345 676
345 680
345 681
345 686
345 687
345 696
345 697
345 698
345 699
345 702
345 704
345 705
345 706
345 714
345 723
345 727
345 728
345 731
345 732
345 734
345 735
345 736
345 739
345 743
345 746
345 747
345 748
345 749
345 752
345 754
345 756
345 757
345 759
345 760
345 761
345 762
345 763
345 766
345 773
345 777
345 778
345 784
345 785
345 786
345 795
345 802
345 808
345 810
345 812
345 816
345 817
345 818
345 819
345 820
345 821
345 826
345 834
345 836
345 840
345 847
345 850
345 855
345 857
345 858
345 860
345 861
345 864
345 868
345 876
345 879
345 883
345 884
345 887
345 888
345 892
345 895
345 906
345 909
345 910
345 913
345 914
345 919
345 922
345 927
345 928
345 929
345 934
345 941
345 943
345 947
345 950
345 952
345 953
345 962
345 963
345 964
345 965
345 967
345 968
345 974
345 976
345 981
345 986
345 987
345 990
345 991
345 994
345 997
346 508
346 513
346 514
346 518
346 519
346 523
346 524
346 528
346 530
346 531
346 535
346 539
346 543
346 545
346 549
346 550
346 551
346 563
346 564
346 566
346 570
346 572
346 574
346 577
346 583
346 584
346 586
346 588
346 590
346 593
346 598
346 602
346 607
346 612
346 617
346 628
346 633
346 636
346 637
346 639
346 643
346 644
346 646
346 647
346 648
346 651
346 653
346 654
346 656
346 657
346 659
346 660
346 661
346 663
346 666
346 669
346 671
346 672
346 673
346 682
346 685
346 688
346 689
346 690
346 693
346 694
346 695
346 697
346 699
346 700
346 703
346 707
346 708
346 711
346 714
346 717
346 721
346 724
346 727
346 730
346 738
346 739
346 740
346 742
346 746
346 751
346 754
346 760
346 767
346 771
346 777
346 778
346 779
346 787
346 788
346 804
346 806
346 807
346 810
346 812
346 813
346 820
346 822
346 825
346 827
346 831
346 834
346 840
346 842
346 849
346 855
346 864
346 865
346 866
346 868
346 873
346 875
346 878
346 880
346 882
346 887
346 891
346 892
346 894
346 903
346 904
346 905
346 906
346 908
346 913
346 914
346 915
346 919
346 924
346 925
346 927
346 929
346 932
346 940
346 945
346 950
346 952
346 958
346 961
346 962
346 965
346 969
346 970
346 972
346 973
346 974
346 976
346 977
346 978
346 985
347 506
347 510
347 512
347 514
347 515
347 518
347 523
347 527
347 529
347 531
347 533
347 537
347 542
347 549
347 552
347 553
347 558
347 559
347 561
347 564
347 565
347 567
347 569
347 570
347 573
347 574
347 578
347 580
347 592
347 597
347 598
347 608
347 609
347 611
347 613
347 621
347 623
347 630
347 633
347 635
347 636
347 641
347 643
347 645
347 646
347 648
347 653
347 654
347 659
347 660
347 663
347 666
347 669
347 670
347 673
347 674
347 677
347 678
347 682
347 683
347 685
347 687
347 688
347 692
347 693
347 695
347 703
347 704
347 711
347 712
347 715
347 717
347 718
347 719
347 721
347 723
347 733
347 736
347 737
347 738
347 744
347 745
347 746
347 747
347 750
347 754
347 758
347 763
347 764
347 768
347 770
347 771
347 774
347 776
347 778
347 788
347 789
347 790
347 794
347 795
347 798
347 806
347 807
347 816
347 817
347 819
347 827
347 833
347 835
347 836
347 839
347 845
347 846
347 849
347 852
347 853
347 854
347 856
347 861
347 862
347 863
347 866
347 867
347 869
347 871
347 872
347 874
347 876
347 878
347 881
347 882
347 883
347 889
347 890
347 891
347 895
347 897
347 899
347 900
347 903
347 904
347 905
347 911
347 912
347 913
347 917
347 918
347 922
347 923
347 924
347 927
347 928
347 931
347 932
347 935
347 936
347 945
347 947
347 956
347 960
347 965
347 968
347 975
347 984
347 985
347 991
347 992
347 993
347 996
347 997
347 1000
348 506
348 509
348 512
348 514
348 520
348 521
348 522
348 523
348 524
348 526
348 539
348 540
348 541
348 544
348 549
348 565
348 566
348 570
348 576
348 578
348 582
348 583
348 588
348 589
348 592
348 598
348 604
348 605
348 607
348 608
348 610
348 612
348 613
348 614
348 615
348 616
348 618
348 619
348 621
348 627
348 628
348 632
348 633
348 634
348 638
348 646
348 649
348 650
348 652
348 654
348 655
348 657
348 658
348 660
348 664
348 667
348 670
348 675
348 676
348 677
348 678
348 684
348 687
348 692
348 693
348 697
348 705
348 712
348 718
348 720
348 721
348 726
348 732
348 741
348 746
348 747
348 761
348 765
348 769
348 771
348 773
348 777
348 778
348 781
348 782
348 784
348 785
348 786
348 795
348 796
348 800
348 802
348 803
348 814
348 815
348 821
348 822
348 823
348 826
348 835
348 837
348 840
348 842
348 843
348 845
348 847
348 848
348 852
348 854
348 859
348 860
348 871
348 878
348 880
348 881
348 882
348 885
348 886
348 887
348 888
348 892
348 894
348 898
348 905
348 906
348 910
348 911
348 918
348 921
348 923
348 925
348 927
348 928
348 930
348 931
348 933
348 938
348 942
348 943
348 948
348 950
348 955
348 969
348 971
348 973
348 974
348 979
348 980
348 983
348 985
348 995
348 997
348 1000
349 503
349 504
349 512
349 517
349 519
349 521
349 525
349 528
349 538
349 547
349 548
349 550
349 556
349 557
349 560
349 570
349 574
349 575
349 578
349 584
349 585
349 586
349 588
349 589
349 593
349 595
349 597
349 598
349 600
349 603
349 604
349 605
349 607
349 612
349 616
349 628
349 634
349 636
349 637
349 639
349 641
349 647
349 654
349 662
349 664
349 666
349 669
349 670
349 682
349 685
349 693
349 695
349 700
349 701
349 703
349 714
349 718
349 719
349 721
349 723
349 724
349 738
349 748
349 753
349 759
349 768
349 777
349 781
349 782
349 791
349 793
349 794
349 795
349 796
349 799
349 801
349 803
349 804
349 805
349 811
349 812
349 815
349 816
349 818
349 821
349 823
349 829
349 836
349 837
349 841
349 842
349 845
349 846
349 850
349 851
349 852
349 854
349 855
349 859
349 865
349 871
349 873
349 874
349 875
349 877
349 884
349 886
349 889
349 893
349 894
349 895
349 896
349 900
349 901
349 907
349 909
349 912
349 915
349 922
349 930
349 931
349 934
349 939
349 941
349 946
349 950
349 960
349 961
349 964
349 970
349 976
349 981
349 982
349 984
349 985
349 987
349 989
349 994
349 997
349 1000
350 501
350 502
350 505
350 507
350 513
350 514
350 534
350 545
350 551
350 553
350 555
350 563
350 565
350 568
350 570
350 574
350 576
350 580
350 582
350 583
350 584
350 587
350 589
350 593
350 604
350 607
350 609
350 611
350 612
350 616
350 618
350 621
350 623
350 627
350 629
350 630
350 634
350 635
350 638
350 639
350 642
350 644
350 647
350 648
350 649
350 650
350 651
350 656
350 669
350 675
350 677
350 680
350 683
350 686
350 691
350 694
350 698
350 699
350 705
350 707
350 709
350 710
350 719
350 722
350 728
350 729
350 730
350 739
350 742
350 743
350 746
350 747
350 750
350 755
350 762
350 763
350 765
350 767
350 772
350 773
350 787
350 792
350 793
350 795
350 796
350 799
350 812
350 813
350 816
350 818
350 820
350 822
350 825
350 832
350 833
350 839
350 841
350 847
350 852
350 854
350 855
350 857
350 858
350 860
350 865
350 867
350 868
350 869
350 870
350 873
350 874
350 876
350 884
350 887
350 888
350 889
350 894
350 906
350 907
350 909
350 912
350 915
350 916
350 917
350 918
350 921
350 922
350 924
350 930
350 931
350 935
350 939
350 943
350 949
350 951
350 952
350 959
350 968
350 972
350 975
350 986
350 988
350 989
350 991
350 992
350 993
350 994
350 1000
351 502
351 508
351 509
351 510
351 512
351 513
351 515
351 516
351 519
351 520
351 523
351 529
351 532
351 538
351 540
351 544
351 547
351 554
351 559
351 561
351 564
351 570
351 571
351 575
351 576
351 577
351 578
351 583
351 590
351 591
351 592
351 594
351 595
351 597
351 598
351 600
351 607
351 614
351 615
351 616
351 618
351 619
351 620
351 621
351 622
351 624
351 626
351 633
351 636
351 638
351 641
351 642
351 644
351 646
351 648
351 653
351 654
351 656
351 658
351 660
351 662
351 665
351 666
351 669
351 677
351 678
351 680
351 681
351 682
351 683
351 684
351 689
351 690
351 694
351 697
351 700
351 704
351 706
351 707
351 709
351 727
351 729
351 741
351 742
351 745
351 746
351 747
351 749
351 755
351 758
351 760
351 761
351 764
351 765
351 767
351 772
351 774
351 776
351 777
351 779
351 781
351 784
351 786
351 788
351 789
351 791
351 792
351 798
351 799
351 802
351 809
351 816
351 817
351 818
351 820
351 826
351 832
351 837
351 843
351 848
351 858
351 863
351 867
351 877
351 882
351 884
351 887
351 890
351 891
351 894
351 895
351 899
351 902
351 905
351 906
351 911
351 914
351 917
351 920
351 921
351 922
351 923
351 924
351 925
351 926
351 928
351 933
351 934
351 937
351 940
351 949
351 951
351 954
351 955
351 956
351 958
351 961
351 964
351 967
351 971
351 972
351 974
351 979
351 986
351 989
351 991
351 998
351 999
352 505
352 508
352 509
352 511
352 513
352 525
352 526
352 533
352 534
352 538
352 539
352 540
352 543
352 548
352 552
352 559
352 560
352 563
352 566
352 580
352 585
352 586
352 587
352 588
352 589
352 590
352 591
352 592
352 593
352 594
352 595
352 601
352 603
352 604
352 605
352 609
352 613
352 617
352 627
352 630
352 635
352 636
352 637
352 639
352 643
352 646
352 649
352 650
352 651
352 656
352 660
352 669
352 673
352 677
352 682
352 683
352 687
352 689
352 691
352 692
352 697
352 699
352 701
352 708
352 717
352 721
352 722
352 724
352 725
352 727
352 729
352 733
352 739
352 741
352 742
352 743
352 753
352 754
352 756
352 760
352 766
352 768
352 769
352 770
352 771
352 772
352 777
352 780
352 781
352 782
352 784
352 786
352 789
352 792
352 797
352 808
352 811
352 815
352 824
352 828
352 832
352 840
352 841
352 842
352 847
352 849
352 850
352 852
352 859
352 860
352 861
352 863
352 870
352 872
352 875
352 878
352 880
352 892
352 902
352 907
352 909
352 919
352 920
352 921
352 923
352 924
352 931
352 933
352 934
352 948
352 955
352 956
352 957
352 959
352 960
352 965
352 966
352 969
352 971
352 972
352 973
352 975
352 977
352 980
352 983
352 987
352 990
352 992
352 993
352 994
352 1000
353 504
353 506
353 507
353 508
353 509
353 514
353 516
353 517
353 518
353 531
353 539
353 544
353 549
353 552
353 554
353 557
353 558
353 561
353 565
353 568
353 569
353 587
353 590
353 591
353 592
353 599
353 603
353 605
353 606
353 607
353 610
353 612
353 615
353 624
353 626
353 632
353 640
353 641
353 644
353 645
353 654
353 663
353 671
353 674
353 677
353 678
353 682
353 683
353 686
353 688
353 690
353 692
353 693
353 694
353 697
353 698
353 700
353 717
353 718
353 722
353 724
353 725
353 727
353 730
353 734
353 739
353 741
353 747
353 749
353 751
353 760
353 765
353 767
353 778
353 783
353 784
353 787
353 788
353 798
353 802
353 804
353 807
353 810
353 818
353 819
353 821
353 825
353 826
353 829
353 833
353 835
353 841
353 845
353 849
353 850
353 854
353 856
353 858
353 859
353 861
353 863
353 867
353 872
353 875
353 876
353 878
353 879
353 883
353 885
353 886
353 889
353 892
353 894
353 897
353 902
353 904
353 908
353 913
353 922
353 924
353 929
353 933
353 938
353 949
353 950
353 951
353 952
353 953
353 957
353 958
353 962
353 964
353 966
353 967
353 968
353 971
353 978
353 987
353 989
353 991
353 992
353 999
353 1000
354 502
354 506
354 510
354 511
354 516
354 517
354 521
354 523
354 525
354 530
354 532
354 541
354 543
354 548
354 552
354 554
354 560
354 562
354 563
354 576
354 580
354 589
354 594
354 600
354 610
354 618
354 621
354 625
354 626
354 628
354 634
354 645
354 646
354 653
354 659
354 666
354 667
354 669
354 681
354 683
354 684
354 685
354 686
354 689
354 690
354 692
354 694
354 695
354 697
354 703
354 707
354 710
354 711
354 712
354 713
354 715
354 717
354 719
354 721
354 723
354 730
354 737
354 740
354 754
354 755
354 765
354 769
354 771
354 773
354 774
354 778
354 781
354 783
354 790
354 791
354 796
354 797
354 800
354 801
354 809
354 820
354 823
354 824
354 828
354 833
354 835
354 849
354 852
354 856
354 866
354 867
354 869
354 873
354 875
354 880
354 886
354 890
354 902
354 904
354 908
354 910
354 911
354 917
354 918
354 922
354 923
354 926
354 928
354 932
354 933
354 936
354 937
354 940
354 941
354 945
354 946
354 947
354 949
354 953
354 957
354 958
354 962
354 970
354 971
354 976
354 977
354 978
354 982
354 984
354 987
354 990
354 994
354 997
355 509
355 510
355 516
355 520
355 526
355 527
355 528
355 531
355 532
355 534
355 536
355 539
355 541
355 543
355 547
355 552
355 554
355 556
355 558
355 564
355 566
355 571
355 578
355 580
355 581
355 586
355 590
355 593
355 596
355 598
355 602
355 604
355 606
355 610
355 616
355 620
355 621
355 623
355 624
355 625
355 627
355 631
355 635
355 636
355 637
355 640
355 642
355 649
355 651
355 652
355 665
355 669
355 671
355 675
355 681
355 684
355 687
355 690
355 693
355 696
355 697
355 702
355 703
355 713
355 717
355 721
355 722
355 724
355 729
355 730
355 733
355 735
355 738
355 742
355 743
355 746
355 747
355 748
355 761
355 765
355 766
355 771
355 772
355 774
355 775
355 776
355 784
355 788
355 792
355 793
355 795
355 796
355 800
355 801
355 804
355 805
355 808
355 810
355 821
355 825
355 834
355 839
355 840
355 846
355 850
355 851
355 855
355 861
355 862
355 863
355 870
355 871
355 872
355 873
355 874
355 883
355 884
355 886
355 887
355 889
355 893
355 894
355 902
355 904
355 908
355 913
355 914
355 916
355 917
355 924
355 927
355 928
355 935
355 936
355 944
355 945
355 949
355 950
355 952
355 953
355 955
355 956
355 957
355 958
355 959
355 969
355 971
355 972
355 974
355 979
355 982
355 984
355 985
355 986
355 988
355 991
355 992
355 993
355 994
355 997
355 1000
356 501
356 507
356 509
356 512
356 515
356 517
356 528
356 530
356 538
356 544
356 545
356 550
356 554
356 555
356 558
356 560
356 561
356 566
356 567
356 574
356 578
356 582
356 585
356 589
356 599
356 602
356 603
356 609
356 614
356 618
356 621
356 622
356 624
356 625
356 631
356 633
356 646
356 648
356 652
356 655
356 656
356 662
356 669
356 670
356 673
356 674
356 678
356 680
356 683
356 686
356 689
356 693
356 700
356 701
356 704
356 708
356 710
356 711
356 716
356 721
356 722
356 726
356 727
356 730
356 732
356 736
356 738
356 744
356 748
356 767
356 769
356 771
356 772
356 773
356 781
356 782
356 785
356 798
356 802
356 803
356 804
356 807
356 808
356 810
356 813
356 820
356 821
356 822
356 823
356 824
356 826
356 827
356 828
356 834
356 840
356 843
356 844
356 847
356 851
356 852
356 854
356 856
356 857
356 858
356 860
356 864
356 867
356 868
356 874
356 875
356 879
356 881
356 887
356 890
356 895
356 897
356 903
356 909
356 914
356 915
356 916
356 917
356 921
356 930
356 931
356 936
356 938
356 939
356 940
356 941
356 946
356 951
356 952
356 953
356 959
356 963
356 969
356 972
356 976
356 980
356 982
356 987
356 988
356 991
356 996
356 998
356 1000
357 502
357 511
357 518
357 520
357 522
357 529
357 530
357 532
357 535
357 538
357 539
357 542
357 545
357 546
357 547
357 548
357 554
357 557
357 563
357 576
357 580
357 584
357 587
357 588
357 595
357 599
357 602
357 606
357 610
357 612
357 616
357 619
357 625
357 629
357 633
357 638
357 652
357 657
357 658
357 664
357 665
357 677
357 678
357 681
357 684
357 685
357 687
357 690
357 693
357 694
357 696
357 698
357 704
357 708
357 714
357 715
357 720
357 727
357 729
357 732
357 736
357 741
357 742
357 743
357 744
357 745
357 756
357 758
357 760
357 763
357 768
357 769
357 779
357 780
357 787
357 791
357 792
357 793
357 801
357 802
357 805
357 806
357 825
357 827
357 838
357 839
357 840
357 844
357 849
357 852
357 855
357 856
357 858
357 864
357 868
357 870
357 871
357 872
357 873
357 875
357 877
357 878
357 885
357 887
357 896
357 901
357 906
357 907
357 909
357 912
357 913
357 919
357 928
357 929
357 937
357 939
357 940
357 942
357 944
357 946
357 956
357 958
357 960
357 961
357 963
357 964
357 966
357 968
357 969
357 974
357 975
357 981
357 983
357 984
357 985
357 994
358 501
358 502
358 504
358 510
358 513
358 517
358 523
358 527
358 528
358 531
358 536
358 538
358 539
358 543
358 544
358 545
358 546
358 554
358 576
358 582
358 588
358 589
358 592
358 593
358 597
358 599
358 601
358 605
358 607
358 608
358 610
358 612
358 613
358 620
358 621
358 623
358 633
358 635
358 644
358 645
358 658
358 662
358 666
358 673
358 683
358 689
358 690
358 691
358 695
358 696
358 697
358 703
358 710
358 716
358 717
358 718
358 721
358 726
358 729
358 734
358 736
358 743
358 744
358 748
358 750
358 755
358 756
358 757
358 759
358 765
358 768
358 769
358 773
358 774
358 775
358 778
358 782
358 787
358 789
358 792
358 793
358 794
358 799
358 800
358 801
358 803
358 809
358 812
358 813
358 817
358 820
358 824
358 826
358 827
358 828
358 829
358 830
358 831
358 832
358 833
358 835
358 836
358 840
358 845
358 847
358 850
358 851
358 853
358 854
358 857
358 860
358 861
358 862
358 866
358 867
358 868
358 873
358 875
358 886
358 887
358 893
358 901
358 912
358 914
358 919
358 920
358 928
358 929
358 936
358 940
358 947
358 948
358 951
358 954
358 957
358 960
358 968
358 969
358 970
358 972
358 977
358 979
358 984
358 989
358 991
358 999
359 516
359 517
359 519
359 520
359 522
359 524
359 528
359 531
359 533
359 535
359 539
359 540
359 546
359 550
359 551
359 552
359 553
359 554
359 560
359 562
359 564
359 568
359 571
359 573
359 574
359 590
359 592
359 593
359 594
359 598
359 601
359 604
359 605
359 606
359 608
359 609
359 610
359 611
359 613
359 614
359 618
359 620
359 622
359 624
359 627
359 628
359 629
359 631
359 635
359 643
359 646
359 648
359 650
359 651
359 656
359 659
359 662
359 663
359 665
359 669
359 680
359 683
359 691
359 694
359 695
359 705
359 710
359 712
359 716
359 717
359 718
359 719
359 721
359 722
359 724
359 725
359 728
359 729
359 730
359 731
359 739
359 740
359 745
359 748
359 751
359 753
359 754
359 757
359 758
359 759
359 761
359 763
359 766
359 768
359 769
359 771
359 773
359 785
359 787
359 790
359 791
359 792
359 794
359 800
359 801
359 807
359 808
359 811
359 812
359 814
359 818
359 819
359 825
359 827
359 828
359 832
359 834
359 835
359 837
359 843
359 844
359 850
359 851
359 854
359 860
359 862
359 868
359 870
359 871
359 872
359 874
359 880
359 884
359 886
359 888
359 889
359 890
359 891
359 892
359 894
359 901
359 908
359 920
359 924
359 927
359 932
359 935
359 940
359 943
359 944
359 945
359 950
359 960
359 965
359 967
359 972
359 975
359 977
359 982
359 983
359 984
359 988
359 989
359 998
359 999
360 501
360 502
360 509
360 512
360 518
360 519
360 521
360 524
360 525
360 527
360 534
360 537
360 540
360 541
360 542
360 544
360 556
360 557
360 563
360 564
360 565
360 567
360 569
360 572
360 574
360 580
360 584
360 585
360 587
360 592
360 596
360 601
360 603
360 607
360 612
360 618
360 620
360 622
360 625
360 628
360 629
360 632
360 636
360 642
360 645
360 656
360 665
360 666
360 668
360 676
360 677
360 687
360 695
360 698
360 699
360 703
360 716
360 720
360 724
360 729
360 735
360 746
360 747
360 748
360 750
360 751
360 753
360 754
360 760
360 761
360 765
360 769
360 771
360 772
360 774
360 777
360 779
360 782
360 784
360 787
360 788
360 799
360 801
360 805
360 807
360 810
360 813
360 815
360 819
360 826
360 827
360 828
360 830
360 834
360 845
360 849
360 853
360 858
360 859
360 860
360 862
360 870
360 872
360 873
360 878
360 883
360 886
360 892
360 895
360 896
360 902
360 906
360 910
360 918
360 919
360 921
360 922
360 925
360 929
360 933
360 935
360 937
360 938
360 949
360 956
360 957
360 959
360 961
360 964
360 965
360 966
360 977
360 979
360 980
360 981
360 984
360 986
360 992
360 995
360 996
361 501
361 503
361 505
361 509
361 517
361 519
361 526
361 531
361 533
361 538
361 539
361 543
361 545
361 548
361 557
361 565
361 567
361 573
361 575
361 578
361 580
361 582
361 584
361 589
361 593
361 597
361 599
361 601
361 605
361 608
361 611
361 613
361 614
361 619
361 624
361 625
361 629
361 630
361 636
361 638
361 640
361 641
361 645
361 654
361 670
361 676
361 679
361 685
361 690
361 697
361 701
361 702
361 707
361 708
361 716
361 717
361 719
361 722
361 724
361 725
361 727
361 728
361 731
361 735
361 740
361 743
361 744
361 745
361 746
361 748
361 751
361 752
361 754
361 757
361 759
361 760
361 761
361 763
361 769
361 775
361 779
361 781
361 783
361 784
361 787
361 788
361 791
361 794
361 796
361 802
361 812
361 815
361 818
361 820
361 821
361 822
361 824
361 827
361 831
361 832
361 836
361 839
361 843
361 849
361 852
361 860
361 866
361 871
361 874
361 876
361 878
361 879
361 881
361 883
361 888
361 893
361 894
361 897
361 911
361 912
361 915
361 916
361 918
361 926
361 927
361 928
361 929
361 935
361 940
361 941
361 942
361 947
361 948
361 952
361 954
361 958
361 959
361 967
361 968
361 970
361 971
361 975
361 978
361 980
361 985
361 988
361 995
361 997
361 998
361 999
362 503
362 509
362 511
362 513
362 514
362 516
362 520
362 522
362 523
362 527
362 528
362 530
362 535
362 537
362 544
362 546
362 547
362 550
362 552
362 553
362 562
362 565
362 567
362 571
362 572
362 574
362 583
362 585
362 587
362 598
362 601
362 602
362 605
362 612
362 619
362 622
362 628
362 629
362 631
362 634
362 635
362 637
362 638
362 639
362 640
362 642
362 645
362 646
362 656
362 660
362 661
362 662
362 665
362 667
362 668
362 670
362 672
362 679
362 686
362 690
362 691
362 700
362 701
362 703
362 705
362 706
362 714
362 718
362 720
362 721
362 722
362 727
362 735
362 737
362 741
362 748
362 760
362 762
362 763
362 769
362 770
362 772
362 773
362 778
362 781
362 782
362 784
362 785
362 786
362 787
362 794
362 795
362 801
362 804
362 807
362 808
362 825
362 827
362 828
362 831
362 833
362 843
362 844
362 845
362 846
362 852
362 858
362 859
362 862
362 868
362 872
362 873
362 874
362 876
362 877
362 880
362 881
362 882
362 884
362 885
362 886
362 887
362 889
362 890
362 891
362 893
362 895
362 898
362 901
362 908
362 910
362 912
362 915
362 917
362 919
362 922
362 930
362 932
362 936
362 945
362 949
362 958
362 960
362 965
362 968
362 974
362 977
362 978
362 981
362 986
362 988
362 993
362 999
363 501
363 508
363 509
363 511
363 515
363 516
363 522
363 525
363 536
363 537
363 542
363 555
363 561
363 566
363 570
363 575
363 578
363 581
363 589
363 593
363 594
363 595
363 597
363 599
363 602
363 607
363 609
363 610
363 614
363 616
363 618
363 625
363 627
363 629
363 632
363 635
363 637
363 638
363 640
363 644
363 648
363 658
363 669
363 675
363 680
363 682
363 688
363 689
363 694
363 695
363 698
363 699
363 700
363 720
363 721
363 723
363 727
363 730
363 736
363 739
363 741
363 742
363 744
363 749
363 751
363 754
363 755
363 760
363 761
363 764
363 769
363 779
363 780
363 787
363 789
363 790
363 791
363 795
363 799
363 808
363 812
363 814
363 817
363 832
363 834
363 836
363 840
363 844
363 850
363 855
363 857
363 858
363 862
363 865
363 868
363 870
363 877
363 883
363 885
363 888
363 889
363 894
363 895
363 897
363 899
363 901
363 902
363 905
363 907
363 911
363 913
363 915
363 916
363 925
363 926
363 930
363 931
363 932
363 935
363 937
363 941
363 942
363 944
363 947
363 960
363 961
363 963
363 964
363 968
363 970
363 972
363 979
363 983
363 984
363 987
363 989
363 996
363 1000
364 503
364 504
364 506
364 512
364 516
364 522
364 525
364 527
364 528
364 531
364 532
364 533
364 536
364 553
364 556
364 559
364 560
364 564
364 565
364 567
364 569
364 572
364 584
364 585
364 590
364 599
364 600
364 604
364 606
364 608
364 609
364 614
364 615
364 618
364 620
364 624
364 625
364 627
364 630
364 636
364 638
364 643
364 647
364 652
364 662
364 672
364 673
364 677
364 687
364 693
364 695
364 704
364 716
364 719
364 720
364 722
364 723
364 728
364 730
364 737
364 738
364 742
364 745
364 757
364 760
364 763
364 764
364 768
364 771
364 774
364 779
364 786
364 791
364 796
364 798
364 802
364 803
364 804
364 805
364 811
364 814
364 815
364 821
364 823
364 824
364 827
364 829
364 831
364 836
364 840
364 841
364 845
364 850
364 856
364 861
364 864
364 866
364 868
364 875
364 878
364 880
364 881
364 882
364 884
364 887
364 893
364 900
364 903
364 904
364 905
364 906
364 907
364 915
364 917
364 918
364 919
364 924
364 927
364 929
364 930
364 932
364 935
364 936
364 941
364 943
364 946
364 948
364 952
364 953
364 963
364 964
364 967
364 968
364 979
364 983
364 984
364 991
364 1000
365 513
365 515
365 520
365 522
365 525
365 526
365 530
365 535
365 539
365 541
365 542
365 544
365 545
365 546
365 547
365 548
365 551
365 552
365 554
365 562
365 565
365 566
365 568
365 570
365 577
365 580
365 583
365 584
365 586
365 587
365 608
365 609
365 612
365 613
365 615
365 616
365 623
365 624
365 626
365 631
365 634
365 641
365 646
365 647
365 652
365 658
365 664
365 666
365 667
365 668
365 670
365 674
365 678
365 680
365 682
365 685
365 687
365 692
365 697
365 699
365 700
365 704
365 705
365 706
365 707
365 709
365 713
365 718
365 723
365 725
365 726
365 731
365 733
365 737
365 749
365 751
365 752
365 753
365 754
365 758
365 759
365 764
365 765
365 767
365 769
365 772
365 775
365 779
365 782
365 785
365 790
365 791
365 793
365 794
365 797
365 800
365 805
365 807
365 809
365 810
365 811
365 812
365 818
365 819
365 820
365 836
365 837
365 843
365 845
365 846
365 852
365 854
365 859
365 863
365 866
365 867
365 871
365 874
365 877
365 880
365 881
365 898
365 899
365 904
365 907
365 910
365 911
365 912
365 913
365 916
365 920
365 921
365 922
365 923
365 928
365 929
365 931
365 932
365 936
365 948
365 951
365 952
365 956
365 958
365 959
365 960
365 963
365 969
365 978
365 984
365 986
365 989
365 991
365 995
365 996
365 999
365 1000
366 502
366 503
366 516
366 519
366 523
366 524
366 528
366 529
366 530
366 538
366 546
366 547
366 554
366 557
366 559
366 566
366 567
366 570
366 571
366 572
366 573
366 575
366 576
366 577
366 597
366 598
366 603
366 606
366 607
366 609
366 611
366 614
366 615
366 620
366 622
366 623
366 624
366 627
366 632
366 633
366 635
366 641
366 648
366 650
366 651
366 655
366 659
366 663
366 664
366 669
366 670
366 672
366 680
366 683
366 684
366 687
366 688
366 691
366 695
366 698
366 699
366 704
366 713
366 715
366 720
366 722
366 723
366 725
366 727
366 737
366 740
366 743
366 747
366 751
366 752
366 755
366 757
366 759
366 766
366 767
366 769
366 772
366 776
366 778
366 782
366 790
366 791
366 792
366 793
366 797
366 799
366 801
366 805
366 811
366 812
366 816
366 817
366 818
366 820
366 825
366 826
366 827
366 835
366 838
366 840
366 845
366 848
366 851
366 856
366 858
366 862
366 867
366 872
366 877
366 878
366 883
366 884
366 886
366 887
366 889
366 890
366 893
366 894
366 896
366 897
366 904
366 906
366 907
366 909
366 913
366 922
366 923
366 924
366 931
366 932
366 934
366 936
366 940
366 944
366 946
366 950
366 951
366 955
366 960
366 962
366 963
366 965
366 968
366 969
366 971
366 973
366 975
366 977
366 978
366 982
366 986
366 991
366 993
366 994
366 997
366 998
366 1000
367 504
367 517
367 522
367 526
367 529
367 533
367 534
367 536
367 537
367 538
367 539
367 541
367 542
367 548
367 550
367 551
367 555
367 560
367 562
367 563
367 573
367 574
367 579
367 580
367 587
367 588
367 589
367 590
367 591
367 595
367 598
367 600
367 601
367 609
367 611
367 612
367 613
367 615
367 616
367 618
367 619
367 626
367 627
367 629
367 631
367 634
367 635
367 638
367 641
367 642
367 648
367 651
367 653
367 656
367 657
367 659
367 665
367 668
367 671
367 672
367 673
367 679
367 682
367 689
367 691
367 693
367 697
367 702
367 705
367 709
367 710
367 712
367 716
367 717
367 718
367 720
367 724
367 725
367 727
367 730
367 731
367 744
367 747
367 751
367 756
367 757
367 759
367 761
367 763
367 768
367 771
367 778
367 781
367 783
367 786
367 787
367 790
367 794
367 795
367 800
367 802
367 808
367 814
367 819
367 823
367 831
367 832
367 844
367 849
367 850
367 852
367 856
367 864
367 866
367 867
367 871
367 874
367 879
367 882
367 887
367 890
367 900
367 902
367 903
367 913
367 921
367 922
367 928
367 930
367 932
367 934
367 936
367 940
367 942
367 945
367 951
367 952
367 957
367 959
367 960
367 966
367 967
367 972
367 981
367 986
367 988
367 992
367 993
367 996
368 502
368 503
368 510
368 511
368 512
368 515
368 516
368 517
368 518
368 519
368 523
368 524
368 526
368 527
368 528
368 531
368 537
368 543
368 544
368 549
368 550
368 552
368 563
368 564
368 566
368 578
368 582
368 584
368 588
368 591
368 596
368 605
368 606
368 613
368 614
368 618
368 619
368 620
368 621
368 623
368 626
368 627
368 628
368 632
368 636
368 639
368 641
368 642
368 644
368 645
368 651
368 653
368 664
368 670
368 686
368 687
368 691
368 695
368 700
368 714
368 719
368 722
368 723
368 728
368 743
368 745
368 746
368 747
368 750
368 751
368 754
368 756
368 765
368 767
368 768
368 774
368 787
368 790
368 791
368 794
368 799
368 800
368 802
368 804
368 805
368 814
368 816
368 819
368 820
368 821
368 822
368 838
368 839
368 845
368 854
368 861
368 874
368 878
368 880
368 881
368 885
368 886
368 894
368 902
368 915
368 917
368 923
368 926
368 929
368 930
368 932
368 935
368 938
368 940
368 942
368 944
368 946
368 947
368 953
368 954
368 966
368 967
368 972
368 973
368 976
368 978
368 979
368 995
368 997
368 998
369 501
369 503
369 506
369 507
369 516
369 517
369 519
369 527
369 529
369 531
369 535
369 537
369 538
369 541
369 542
369 547
369 553
369 554
369 555
369 561
369 563
369 568
369 570
369 571
369 574
369 577
369 578
369 582
369 584
369 588
369 592
369 594
369 595
369 597
369 599
369 602
369 606
369 609
369 611
369 612
369 615
369 617
369 622
369 629
369 630
369 633
369 638
369 639
369 640
369 645
369 649
369 660
369 663
369 671
369 674
369 685
369 686
369 690
369 691
369 692
369 701
369 703
369 704
369 707
369 708
369 716
369 728
369 731
369 737
369 738
369 740
369 750
369 756
369 758
369 760
369 761
369 768
369 785
369 787
369 789
369 791
369 792
369 793
369 795
369 803
369 807
369 809
369 813
369 814
369 815
369 820
369 826
369 828
369 833
369 835
369 836
369 843
369 844
369 847
369 850
369 853
369 855
369 857
369 859
369 860
369 861
369 862
369 864
369 866
369 867
369 872
369 873
369 877
369 881
369 883
369 886
369 888
369 891
369 899
369 902
369 904
369 911
369 913
369 918
369 924
369 932
369 940
369 941
369 950
369 953
369 956
369 957
369 958
369 960
369 961
369 964
369 967
369 968
369 973
369 976
369 982
369 983
369 984
369 987
369 988
369 991
369 992
370 502
370 503
370 507
370 509
370 510
370 511
370 519
370 520
370 522
370 523
370 525
370 527
370 528
370 529
370 536
370 537
370 539
370 542
370 547
370 548
370 550
370 551
370 553
370 554
370 555
370 560
370 563
370 569
370 570
370 573
370 574
370 575
370 577
370 578
370 582
370 586
370 587
370 588
370 589
370 590
370 599
370 602
370 607
370 610
370 616
370 617
370 618
370 620
370 621
370 631
370 632
370 633
370 644
370 647
370 650
370 652
370 653
370 654
370 655
370 658
370 659
370 660
370 668
370 672
370 674
370 675
370 676
370 684
370 695
370 696
370 699
370 700
370 701
370 702
370 710
370 712
370 718
370 720
370 723
370 725
370 727
370 735
370 738
370 740
370 741
370 742
370 743
370 744
370 746
370 747
370 753
370 759
370 763
370 768
370 769
370 775
370 776
370 782
370 783
370 787
370 788
370 789
370 791
370 793
370 794
370 797
370 798
370 801
370 802
370 808
370 813
370 818
370 824
370 827
370 830
370 831
370 833
370 836
370 839
370 842
370 846
370 849
370 851
370 855
370 857
370 860
370 871
370 872
370 874
370 878
370 879
370 882
370 887
370 888
370 889
370 894
370 896
370 900
370 901
370 904
370 905
370 906
370 908
370 912
370 913
370 924
370 926
370 929
370 935
370 939
370 941
370 942
370 943
370 944
370 945
370 946
370 948
370 949
370 953
370 957
370 966
370 968
370 979
370 980
370 981
370 982
370 983
370 988
370 996
370 997
370 999
370 1000
371 503
371 506
371 510
371 513
371 516
371 520
371 524
371 533
371 535
371 536
371 539
371 540
371 542
371 547
371 553
371 556
371 557
371 564
371 568
371 570
371 571
371 573
371 574
371 578
371 580
371 582
371 583
371 584
371 586
371 587
371 598
371 599
371 600
371 602
371 603
371 607
371 609
371 612
371 613
371 621
371 633
371 636
371 643
371 644
371 647
371 649
371 660
371 664
371 665
371 667
371 670
371 674
371 679
371 682
371 691
371 696
371 699
371 701
371 702
371 703
371 707
371 710
371 713
371 715
371 724
371 728
371 733
371 734
371 740
371 744
371 747
371 751
371 754
371 755
371 756
371 759
371 760
371 765
371 768
371 770
371 771
371 779
371 781
371 785
371 788
371 791
371 794
371 798
371 799
371 800
371 813
371 814
371 815
371 817
371 818
371 822
371 830
371 831
371 835
371 841
371 843
371 845
371 846
371 852
371 858
371 862
371 865
371 866
371 867
371 871
371 875
371 876
371 877
371 886
371 892
371 897
371 898
371 903
371 904
371 905
371 906
371 908
371 910
371 916
371 918
371 920
371 921
371 922
371 923
371 929
371 931
371 933
371 939
371 943
371 946
371 951
371 952
371 956
371 965
371 966
371 968
371 969
371 970
371 975
371 982
371 983
371 984
371 986
371 989
371 996
371 998
371 999
372 503
372 505
372 509
372 512
372 517
372 521
372 537
372 538
372 542
372 546
372 547
372 548
372 550
372 551
372 553
372 554
372 557
372 563
372 579
372 586
372 590
372 598
372 601
372 607
372 610
372 611
372 613
372 615
372 618
372 620
372 623
372 624
372 635
372 637
372 641
372 647
372 649
372 650
372 651
372 652
372 653
372 654
372 655
372 664
372 666
372 670
372 671
372 672
372 674
372 676
372 678
372 683
372 687
372 692
372 697
372 699
372 700
372 701
372 704
372 705
372 713
372 715
372 720
372 721
372 725
372 726
372 727
372 732
372 735
372 736
372 740
372 741
372 742
372 746
372 749
372 752
372 756
372 758
372 759
372 770
372 771
372 774
372 776
372 777
372 778
372 792
372 793
372 798
372 799
372 810
372 813
372 814
372 818
372 820
372 821
372 825
372 829
372 832
372 833
372 838
372 839
372 840
372 843
372 845
372 846
372 850
372 855
372 858
372 865
372 867
372 868
372 874
372 876
372 877
372 879
372 881
372 882
372 887
372 888
372 889
372 890
372 891
372 893
372 895
372 900
372 905
372 906
372 913
372 915
372 928
372 929
372 930
372 934
372 939
372 943
372 944
372 945
372 947
372 951
372 953
372 956
372 961
372 962
372 963
372 964
372 965
372 966
372 970
372 974
372 977
372 981
372 986
372 987
372 989
372 993
372 999
373 502
373 503
373 505
373 508
373 516
373 518
373 522
373 528
373 533
373 536
373 537
373 538
373 543
373 545
373 549
373 556
373 558
373 564
373 567
373 569
373 573
373 582
373 583
373 586
373 588
373 590
373 601
373 604
373 605
373 607
373 610
373 612
373 616
373 619
373 625
373 628
373 631
373 632
373 634
373 636
373 637
373 638
373 647
373 648
373 658
373 660
373 661
373 668
373 671
373 672
373 675
373 676
373 678
373 681
373 682
373 683
373 688
373 698
373 700
373 701
373 705
373 706
373 707
373 709
373 711
373 713
373 717
373 727
373 734
373 737
373 741
373 742
373 745
373 746
373 748
373 749
373 753
373 761
373 768
373 773
373 774
373 778
373 780
373 781
373 783
373 786
373 789
373 795
373 797
373 798
373 801
373 804
373 806
373 814
373 816
373 821
373 825
373 831
373 836
373 839
373 843
373 845
373 848
373 851
373 852
373 855
373 858
373 859
373 860
373 869
373 874
373 881
373 882
373 886
373 888
373 889
373 890
373 891
373 894
373 903
373 905
373 907
373 908
373 912
373 913
373 917
373 918
373 923
373 925
373 931
373 936
373 937
373 940
373 942
373 945
373 951
373 952
373 957
373 958
373 961
373 963
373 965
373 967
373 968
373 970
373 984
373 989
373 990
373 992
373 995
373 997
373 999
374 501
374 504
374 508
374 511
374 515
374 517
374 521
374 522
374 524
374 535
374 549
374 556
374 557
374 559
374 565
374 567
374 574
374 578
374 580
374 583
374 588
374 591
374 596
374 597
374 600
374 606
374 607
374 608
374 613
374 614
374 615
374 616
374 617
374 621
374 624
374 626
374 632
374 639
374 640
374 642
374 652
374 656
374 659
374 662
374 666
374 668
374 670
374 673
374 678
374 680
374 681
374 682
374 684
374 687
374 690
374 692
374 695
374 697
374 700
374 702
374 707
374 713
374 714
374 715
374 717
374 718
374 724
374 728
374 729
374 732
374 733
374 754
374 755
374 757
374 760
374 765
374 766
374 770
374 780
374 782
374 784
374 786
374 792
374 796
374 798
374 800
374 801
374 802
374 806
374 809
374 810
374 811
374 812
374 816
374 818
374 821
374 822
374 823
374 827
374 831
374 843
374 844
374 845
374 846
374 849
374 853
374 855
374 861
374 862
374 863
374 864
374 866
374 876
374 884
374 887
374 888
374 891
374 893
374 904
374 915
374 923
374 926
374 932
374 938
374 940
374 947
374 950
374 951
374 954
374 962
374 964
374 971
374 975
374 976
374 977
374 978
374 981
374 983
374 985
374 987
374 988
374 990
374 993
374 994
374 995
374 997
374 1000
375 501
375 508
375 510
375 512
375 513
375 514
375 516
375 523
375 528
375 532
375 533
375 535
375 536
375 538
375 542
375 543
375 546
375 547
375 548
375 549
375 550
375 552
375 554
375 557
375 561
375 563
375 572
375 576
375 577
375 589
375 590
375 591
375 596
375 597
375 599
375 601
375 608
375 613
375 614
375 616
375 621
375 622
375 627
375 632
375 639
375 641
375 647
375 656
375 658
375 659
375 662
375 665
375 669
375 671
375 675
375 682
375 687
375 694
375 695
375 698
375 701
375 702
375 704
375 706
375 707
375 708
375 709
375 710
375 711
375 712
375 714
375 715
375 723
375 724
375 725
375 728
375 732
375 743
375 746
375 748
375 751
375 757
375 764
375 765
375 772
375 775
375 779
375 788
375 793
375 795
375 797
375 805
375 808
375 810
375 812
375 815
375 818
375 820
375 823
375 825
375 827
375 828
375 832
375 833
375 834
375 842
375 847
375 850
375 852
375 853
375 855
375 856
375 860
375 868
375 869
375 872
375 875
375 877
375 879
375 883
375 884
375 891
375 893
375 894
375 895
375 898
375 904
375 905
375 906
375 909
375 910
375 913
375 914
375 917
375 924
375 926
375 927
375 928
375 932
375 934
375 938
375 941
375 942
375 946
375 953
375 956
375 964
375 966
375 967
375 968
375 969
375 980
375 982
375 983
375 984
375 990
375 998
376 506
376 507
376 509
376 512
376 513
376 516
376 521
376 522
376 523
376 527
376 528
376 536
376 537
376 538
376 539
376 549
376 550
376 560
376 562
376 568
376 573
376 577
376 578
376 581
376 584
376 589
376 590
376 592
376 604
376 611
376 615
376 616
376 617
376 619
376 621
376 624
376 625
376 626
376 629
376 632
376 634
376 635
376 636
376 638
376 641
376 648
376 657
376 659
376 660
376 665
376 670
376 673
376 674
376 675
376 676
376 679
376 681
376 683
376 685
376 686
376 694
376 695
376 696
376 697
376 698
376 699
376 700
376 703
376 706
376 711
376 712
376 715
376 719
376 724
376 726
376 730
376 733
376 737
376 739
376 742
376 746
376 753
376 756
376 762
376 764
376 766
376 767
376 768
376 771
376 773
376 774
376 788
376 789
376 793
376 795
376 796
376 806
376 810
376 813
376 817
376 818
376 821
376 824
376 827
376 835
376 846
376 850
376 851
376 854
376 855
376 856
376 859
376 863
376 865
376 866
376 868
376 869
376 871
376 874
376 876
376 878
376 879
376 881
376 888
376 889
376 891
376 892
376 893
376 901
376 906
376 918
376 919
376 928
376 933
376 937
376 940
376 942
376 943
376 944
376 948
376 950
376 958
376 962
376 964
376 965
376 966
376 968
376 969
376 970
376 973
376 979
376 981
376 984
376 988
376 994
376 996
376 998
377 505
377 507
377 510
377 512
377 516
377 532
377 534
377 535
377 537
377 540
377 547
377 548
377 553
377 554
377 556
377 566
377 567
377 573
377 574
377 576
377 585
377 591
377 592
377 595
377 597
377 607
377 610
377 611
377 613
377 614
377 620
377 622
377 634
377 637
377 640
377 642
377 644
377 649
377 650
377 656
377 658
377 666
377 667
377 669
377 675
377 676
377 679
377 681
377 682
377 683
377 686
377 687
377 688
377 690
377 691
377 692
377 694
377 697
377 698
377 699
377 706
377 709
377 715
377 717
377 719
377 721
377 728
377 733
377 740
377 741
377 747
377 750
377 751
377 756
377 757
377 759
377 765
377 767
377 771
377 773
377 774
377 776
377 781
377 782
377 783
377 787
377 795
377 797
377 799
377 804
377 806
377 808
377 809
377 816
377 818
377 820
377 821
377 822
377 827
377 829
377 830
377 832
377 834
377 835
377 836
377 841
377 844
377 851
377 854
377 859
377 860
377 862
377 863
377 865
377 872
377 874
377 881
377 888
377 889
377 891
377 893
377 900
377 902
377 903
377 907
377 912
377 913
377 914
377 916
377 920
377 923
377 927
377 928
377 930
377 932
377 933
377 934
377 939
377 940
377 943
377 944
377 947
377 949
377 955
377 957
377 959
377 966
377 973
377 982
377 983
377 988
377 993
377 996
378 503
378 504
378 508
378 512
378 516
378 517
378 520
378 526
378 530
378 534
378 537
378 542
378 544
378 548
378 551
378 556
378 558
378 560
378 562
378 579
378 583
378 587
378 590
378 591
378 592
378 594
378 597
378 598
378 603
378 604
378 611
378 613
378 619
378 623
378 625
378 626
378 627
378 629
378 632
378 636
378 638
378 639
378 640
378 644
378 645
378 647
378 650
378 653
378 655
378 656
378 660
378 661
378 667
378 670
378 677
378 678
378 680
378 685
378 686
378 688
378 689
378 696
378 697
378 707
378 711
378 713
378 717
378 718
378 720
378 723
378 725
378 729
378 730
378 737
378 739
378 742
378 747
378 749
378 750
378 752
378 753
378 758
378 761
378 762
378 763
378 766
378 778
378 779
378 786
378 788
378 789
378 794
378 799
378 803
378 810
378 812
378 822
378 826
378 827
378 828
378 836
378 837
378 843
378 848
378 849
378 852
378 857
378 858
378 864
378 881
378 883
378 891
378 899
378 901
378 902
378 903
378 912
378 913
378 916
378 919
378 929
378 933
378 937
378 938
378 939
378 949
378 950
378 954
378 955
378 958
378 966
378 967
378 968
378 975
378 976
378 977
378 985
378 988
378 992
378 996
379 508
379 510
379 517
379 522
379 528
379 530
379 533
379 534
379 537
379 538
379 542
379 544
379 546
379 548
379 556
379 561
379 563
379 573
379 577
379 582
379 583
379 585
379 590
379 593
379 595
379 597
379 598
379 607
379 608
379 615
379 619
379 621
379 624
379 628
379 631
379 632
379 633
379 637
379 642
379 643
379 644
379 645
379 647
379 649
379 650
379 658
379 659
379 661
379 667
379 669
379 670
379 676
379 677
379 678
379 687
379 688
379 691
379 694
379 695
379 698
379 701
379 705
379 707
379 712
379 713
379 714
379 716
379 717
379 718
379 719
379 720
379 723
379 724
379 726
379 728
379 731
379 732
379 736
379 738
379 740
379 741
379 745
379 751
379 755
379 756
379 759
379 761
379 762
379 765
379 770
379 771
379 772
379 775
379 778
379 779
379 780
379 784
379 792
379 793
379 800
379 801
379 802
379 805
379 807
379 811
379 814
379 815
379 817
379 822
379 824
379 826
379 828
379 832
379 834
379 838
379 841
379 842
379 843
379 844
379 848
379 849
379 850
379 854
379 855
379 856
379 858
379 862
379 868
379 869
379 871
379 872
379 875
379 879
379 881
379 886
379 889
379 892
379 893
379 896
379 899
379 900
379 905
379 906
379 911
379 915
379 917
379 919
379 922
379 924
379 925
379 940
379 943
379 944
379 948
379 949
379 955
379 960
379 962
379 968
379 978
379 979
379 984
379 986
379 989
379 993
379 994
379 1000
380 502
380 507
380 508
380 510
380 514
380 524
380 526
380 527
380 528
380 532
380 533
380 535
380 536
380 541
380 542
380 543
380 553
380 555
380 563
380 565
380 568
380 569
380 572
380 573
380 579
380 588
380 594
380 596
380 598
380 599
380 601
380 603
380 608
380 618
380 619
380 620
380 622
380 627
380 628
380 634
380 649
380 650
380 651
380 652
380 654
380 656
380 658
380 659
380 662
380 664
380 667
380 669
380 670
380 680
380 681
380 682
380 687
380 689
380 700
380 709
380 711
380 713
380 720
380 721
380 724
380 727
380 729
380 730
380 731
380 733
380 736
380 737
380 738
380 752
380 754
380 756
380 769
380 770
380 771
380 778
380 782
380 783
380 785
380 786
380 788
380 792
380 796
380 803
380 810
380 813
380 814
380 816
380 821
380 822
380 827
380 829
380 831
380 835
380 836
380 840
380 842
380 843
380 849
380 850
380 855
380 867
380 872
380 877
380 878
380 883
380 886
380 897
380 902
380 904
380 909
380 910
380 915
380 916
380 924
380 933
380 939
380 940
380 946
380 947
380 960
380 962
380 969
380 970
380 974
380 975
380 978
380 996
380 1000
381 502
381 505
381 512
381 516
381 517
381 523
381 524
381 527
381 528
381 554
381 555
381 559
381 560
381 563
381 566
381 569
381 571
381 576
381 577
381 579
381 580
381 588
381 591
381 595
381 600
381 601
381 604
381 607
381 611
381 617
381 619
381 623
381 624
381 633
381 637
381 640
381 646
381 651
381 655
381 661
381 663
381 665
381 666
381 668
381 671
381 672
381 674
381 677
381 678
381 679
381 681
381 682
381 686
381 690
381 693
381 696
381 700
381 703
381 704
381 710
381 712
381 714
381 715
381 717
381 718
381 720
381 721
381 730
381 732
381 733
381 735
381 739
381 745
381 749
381 751
381 764
381 766
381 772
381 773
381 775
381 776
381 779
381 781
381 783
381 796
381 798
381 801
381 803
381 805
381 808
381 811
381 814
381 817
381 818
381 820
381 823
381 824
381 826
381 827
381 829
381 831
381 835
381 838
381 846
381 847
381 848
381 850
381 859
381 861
381 863
381 864
381 865
381 869
381 870
381 877
381 880
381 887
381 890
381 894
381 901
381 903
381 904
381 905
381 910
381 911
381 912
381 916
381 918
381 922
381 927
381 929
381 935
381 942
381 943
381 944
381 949
381 952
381 954
381 956
381 960
381 963
381 965
381 967
381 968
381 969
381 970
381 971
381 972
381 977
381 988
381 990
381 991
381 996
381 997
381 998
381 1000
382 503
382 506
382 507
382 509
382 510
382 514
382 524
382 526
382 528
382 529
382 531
382 536
382 546
382 552
382 559
382 561
382 562
382 565
382 570
382 575
382 577
382 583
382 598
382 599
382 601
382 613
382 616
382 618
382 620
382 622
382 624
382 626
382 629
382 632
382 642
382 644
382 647
382 650
382 653
382 658
382 661
382 663
382 664
382 667
382 672
382 674
382 675
382 676
382 678
382 689
382 691
382 692
382 693
382 694
382 705
382 713
382 714
382 715
382 717
382 718
382 720
382 723
382 735
382 739
382 746
382 748
382 749
382 753
382 755
382 759
382 764
382 767
382 768
382 769
382 772
382 775
382 776
382 781
382 787
382 788
382 789
382 790
382 791
382 793
382 794
382 795
382 798
382 802
382 806
382 811
382 817
382 823
382 825
382 826
382 830
382 831
382 839
382 845
382 846
382 850
382 852
382 854
382 857
382 862
382 867
382 868
382 869
382 873
382 874
382 877
382 882
382 891
382 894
382 896
382 898
382 900
382 904
382 911
382 914
382 915
382 916
382 917
382 918
382 933
382 935
382 943
382 944
382 948
382 958
382 959
382 963
382 966
382 969
382 975
382 984
382 992
382 997
382 998
382 1000
383 502
383 503
383 504
383 505
383 508
383 511
383 513
383 514
383 519
383 522
383 524
383 528
383 531
383 534
383 537
383 539
383 541
383 551
383 552
383 563
383 565
383 573
383 576
383 579
383 582
383 583
383 584
383 586
383 590
383 592
383 596
383 598
383 602
383 603
383 609
383 610
383 612
383 614
383 621
383 624
383 625
383 626
383 632
383 633
383 638
383 639
383 645
383 653
383 654
383 656
383 657
383 658
383 660
383 661
383 665
383 681
383 684
383 689
383 693
383 694
383 697
383 703
383 704
383 705
383 717
383 720
383 724
383 733
383 742
383 747
383 751
383 756
383 760
383 761
383 765
383 770
383 774
383 779
383 781
383 784
383 786
383 791
383 792
383 794
383 803
383 804
383 806
383 807
383 810
383 811
383 813
383 814
383 815
383 821
383 826
383 833
383 837
383 839
383 847
383 848
383 849
383 858
383 859
383 862
383 864
383 867
383 868
383 871
383 872
383 873
383 874
383 878
383 880
383 884
383 885
383 888
383 889
383 891
383 892
383 897
383 899
383 906
383 917
383 919
383 922
383 924
383 928
383 934
383 935
383 936
383 938
383 939
383 940
383 942
383 943
383 945
383 955
383 965
383 966
383 967
383 968
383 971
383 973
383 976
383 987
383 992
383 995
384 503
384 506
384 512
384 514
384 520
384 524
384 525
384 528
384 532
384 535
384 536
384 542
384 543
384 544
384 545
384 552
384 555
384 558
384 559
384 560
384 562
384 573
384 578
384 584
384 586
384 588
384 589
384 590
384 591
384 606
384 612
384 615
384 626
384 633
384 642
384 643
384 648
384 655
384 656
384 661
384 662
384 670
384 673
384 679
384 680
384 683
384 687
384 688
384 694
384 699
384 708
384 709
384 732
384 734
384 735
384 736
384 737
384 739
384 743
384 748
384 756
384 757
384 758
384 762
384 763
384 764
384 777
384 778
384 782
384 786
384 787
384 792
384 796
384 799
384 805
384 807
384 808
384 810
384 814
384 816
384 818
384 819
384 821
384 823
384 826
384 827
384 828
384 829
384 834
384 836
384 837
384 838
384 839
384 840
384 848
384 851
384 854
384 857
384 859
384 860
384 867
384 868
384 869
384 872
384 873
384 876
384 878
384 879
384 882
384 885
384 888
384 890
384 892
384 894
384 897
384 898
384 900
384 906
384 911
384 917
384 920
384 921
384 922
384 928
384 946
384 949
384 953
384 956
384 959
384 963
384 969
384 972
384 977
384 978
384 983
384 988
384 989
384 993
385 503
385 505
385 507
385 508
385 509
385 513
385 514
385 519
385 521
385 528
385 535
385 536
385 543
385 548
385 554
385 556
385 558
385 566
385 567
385 570
385 575
385 577
385 578
385 591
385 594
385 595
385 601
385 602
385 606
385 607
385 612
385 614
385 616
385 618
385 620
385 622
385 626
385 631
385 633
385 636
385 638
385 642
385 651
385 662
385 665
385 671
385 673
385 674
385 676
385 677
385 682
385 683
385 685
385 686
385 687
385 688
385 693
385 700
385 701
385 703
385 704
385 705
385 707
385 711
385 715
385 716
385 722
385 723
385 726
385 728
385 731
385 739
385 741
385 744
385 745
385 746
385 749
385 753
385 755
385 757
385 762
385 764
385 765
385 767
385 771
385 772
385 775
385 783
385 784
385 792
385 794
385 797
385 799
385 800
385 802
385 804
385 807
385 808
385 809
385 810
385 812
385 816
385 817
385 822
385 828
385 829
385 832
385 833
385 837
385 842
385 843
385 847
385 849
385 859
385 860
385 863
385 871
385 877
385 881
385 886
385 890
385 891
385 895
385 896
385 897
385 898
385 905
385 906
385 907
385 908
385 910
385 912
385 913
385 916
385 917
385 921
385 922
385 925
385 929
385 932
385 939
385 941
385 948
385 952
385 957
385 961
385 963
385 964
385 966
385 967
385 970
385 973
385 975
385 978
385 979
385 985
385 987
385 990
385 991
385 994
385 995
385 999
386 503
386 506
386 512
386 520
386 530
386 531
386 535
386 537
386 543
386 549
386 550
386 553
386 555
386 556
386 559
386 561
386 569
386 571
386 572
386 577
386 580
386 585
386 589
386 595
386 596
386 601
386 606
386 610
386 611
386 614
386 619
386 622
386 625
386 629
386 636
386 639
386 643
386 644
386 647
386 648
386 660
386 663
386 664
386 667
386 668
386 669
386 673
386 674
386 677
386 678
386 679
386 680
386 682
386 684
386 688
386 698
386 701
386 704
386 709
386 711
386 713
386 715
386 723
386 729
386 730
386 732
386 734
386 742
386 743
386 748
386 752
386 755
386 756
386 757
386 758
386 760
386 774
386 775
386 783
386 785
386 788
386 790
386 791
386 794
386 796
386 798
386 800
386 801
386 802
386 803
386 806
386 808
386 810
386 812
386 813
386 816
386 817
386 829
386 835
386 836
386 845
386 855
386 856
386 863
386 873
386 879
386 882
386 894
386 897
386 901
386 903
386 904
386 905
386 906
386 907
386 909
386 913
386 927
386 938
386 941
386 942
386 946
386 954
386 956
386 959
386 961
386 962
386 968
386 971
386 977
386 979
386 981
386 984
386 986
386 994
386 995
386 996
386 997
386 1000
387 504
387 505
387 506
387 511
387 514
387 519
387 521
387 522
387 527
387 529
387 532
387 534
387 535
387 539
387 541
387 545
387 551
387 554
387 555
387 556
387 559
387 560
387 570
387 572
387 573
387 574
387 577
387 582
387 584
387 586
387 589
387 596
387 601
387 604
387 606
387 607
387 608
387 612
387 629
387 636
387 638
387 641
387 646
387 652
387 655
387 656
387 658
387 661
387 665
387 669
387 673
387 674
387 678
387 679
387 681
387 684
387 685
387 688
387 689
387 693
387 694
387 696
387 700
387 706
387 709
387 710
387 711
387 712
387 714
387 715
387 717
387 724
387 728
387 732
387 736
387 738
387 745
387 746
387 753
387 756
387 758
387 764
387 768
387 771
387 773
387 775
387 781
387 783
387 788
387 792
387 796
387 800
387 803
387 809
387 812
387 813
387 821
387 823
387 824
387 825
387 829
387 831
387 832
387 835
387 837
387 842
387 843
387 846
387 848
387 849
387 850
387 852
387 854
387 855
387 857
387 859
387 864
387 865
387 869
387 874
387 875
387 876
387 877
387 878
387 879
387 880
387 882
387 883
387 884
387 889
387 895
387 896
387 897
387 903
387 906
387 909
387 912
387 914
387 915
387 917
387 919
387 924
387 928
387 930
387 933
387 934
387 939
387 940
387 941
387 945
387 949
387 951
387 952
387 956
387 957
387 958
387 962
387 963
387 965
387 966
387 967
387 969
387 973
387 978
387 979
387 983
387 984
387 985
387 986
387 988
387 989
387 993
388 506
388 511
388 516
388 525
388 527
388 531
388 537
388 540
388 542
388 546
388 549
388 553
388 554
388 555
388 556
388 557
388 559
388 563
388 566
388 570
388 573
388 574
388 581
388 582
388 584
388 588
388 589
388 593
388 594
388 598
388 604
388 612
388 613
388 615
388 616
388 619
388 620
388 621
388 622
388 628
388 629
388 631
388 634
388 637
388 641
388 644
388 645
388 647
388 648
388 658
388 662
388 663
388 668
388 680
388 681
388 686
388 689
388 694
388 697
388 702
388 705
388 706
388 709
388 710
388 713
388 727
388 730
388 731
388 736
388 738
388 744
388 746
388 747
388 753
388 754
388 758
388 761
388 763
388 764
388 766
388 768
388 769
388 772
388 777
388 781
388 782
388 786
388 787
388 791
388 795
388 796
388 798
388 802
388 804
388 809
388 810
388 812
388 814
388 816
388 828
388 831
388 833
388 838
388 839
388 841
388 843
388 846
388 847
388 849
388 851
388 855
388 856
388 860
388 861
388 863
388 868
388 883
388 887
388 890
388 893
388 896
388 899
388 901
388 906
388 907
388 910
388 912
388 925
388 926
388 928
388 932
388 933
388 934
388 936
388 937
388 942
388 945
388 949
388 950
388 954
388 955
388 960
388 965
388 967
388 974
388 980
388 982
388 988
388 990
388 994
388 995
388 996
388 998
388 999
389 502
389 504
389 507
389 508
389 510
389 512
389 513
389 514
389 515
389 518
389 519
389 520
389 521
389 522
389 523
389 524
389 531
389 534
389 538
389 539
389 540
389 544
389 553
389 559
389 566
389 568
389 569
389 570
389 571
389 577
389 578
389 582
389 585
389 588
389 595
389 597
389 603
389 604
389 606
389 615
389 624
389 626
389 628
389 633
389 634
389 647
389 648
389 651
389 658
389 668
389 670
389 677
389 681
389 683
389 686
389 687
389 688
389 694
389 695
389 697
389 699
389 702
389 703
389 709
389 719
389 722
389 725
389 726
389 727
389 728
389 729
389 731
389 732
389 742
389 743
389 744
389 757
389 758
389 764
389 769
389 770
389 775
389 777
389 778
389 784
389 786
389 793
389 795
389 796
389 804
389 808
389 809
389 810
389 811
389 813
389 815
389 816
389 817
389 818
389 827
389 831
389 834
389 838
389 839
389 842
389 844
389 851
389 853
389 856
389 857
389 859
389 861
389 865
389 868
389 875
389 882
389 885
389 893
389 895
389 897
389 902
389 905
389 906
389 908
389 909
389 910
389 916
389 919
389 921
389 922
389 923
389 924
389 925
389 926
389 929
389 934
389 935
389 941
389 943
389 950
389 962
389 965
389 966
389 978
389 985
389 987
389 989
389 991
389 992
389 995
389 996
389 997
389 998
390 506
390 507
390 510
390 514
390 517
390 524
390 526
390 534
390 535
390 536
390 541
390 542
390 546
390 549
390 551
390 553
390 554
390 559
390 564
390 566
390 567
390 571
390 572
390 573
390 574
390 579
390 586
390 588
390 591
390 595
390 598
390 599
390 608
390 610
390 613
390 623
390 630
390 634
390 636
390 638
390 641
390 642
390 643
390 646
390 647
390 661
390 663
390 664
390 666
390 672
390 676
390 681
390 682
390 683
390 686
390 687
390 688
390 690
390 691
390 693
390 694
390 699
390 702
390 708
390 715
390 718
390 727
390 728
390 735
390 738
390 740
390 742
390 744
390 748
390 751
390 756
390 759
390 764
390 765
390 767
390 770
390 771
390 775
390 790
390 791
390 792
390 795
390 796
390 802
390 805
390 808
390 809
390 812
390 813
390 814
390 818
390 820
390 821
390 826
390 827
390 828
390 831
390 832
390 833
390 836
390 842
390 846
390 847
390 848
390 851
390 854
390 857
390 860
390 864
390 866
390 870
390 871
390 874
390 876
390 884
390 887
390 888
390 894
390 900
390 903
390 907
390 910
390 911
390 914
390 920
390 924
390 926
390 930
390 935
390 939
390 942
390 947
390 951
390 953
390 957
390 963
390 964
390 965
390 967
390 970
390 973
390 977
390 985
390 995
390 996
390 997
391 502
391 503
391 505
391 506
391 509
391 511
391 513
391 519
391 522
391 527
391 529
391 534
391 536
391 539
391 540
391 541
391 542
391 543
391 544
391 550
391 553
391 554
391 555
391 558
391 560
391 561
391 562
391 563
391 567
391 571
391 577
391 579
391 581
391 583
391 597
391 599
391 603
391 610
391 611
391 614
391 615
391 616
391 617
391 618
391 624
391 625
391 626
391 627
391 635
391 640
391 646
391 648
391 649
391 651
391 653
391 655
391 656
391 657
391 660
391 661
391 663
391 665
391 666
391 673
391 674
391 681
391 684
391 688
391 693
391 694
391 706
391 713
391 715
391 716
391 720
391 723
391 734
391 735
391 749
391 751
391 752
391 756
391 758
391 765
391 766
391 772
391 777
391 779
391 781
391 785
391 789
391 792
391 793
391 796
391 798
391 799
391 800
391 805
391 809
391 811
391 818
391 819
391 820
391 824
391 826
391 830
391 835
391 840
391 842
391 843
391 844
391 845
391 846
391 847
391 848
391 859
391 880
391 882
391 884
391 890
391 901
391 903
391 906
391 911
391 914
391 915
391 916
391 917
391 920
391 928
391 930
391 931
391 935
391 937
391 938
391 940
391 943
391 946
391 950
391 951
391 959
391 963
391 971
391 973
391 975
391 978
391 979
391 980
391 990
391 991
391 992
391 993
392 503
392 504
392 507
392 513
392 517
392 519
392 520
392 523
392 528
392 529
392 534
392 538
392 544
392 545
392 547
392 548
392 549
392 550
392 555
392 559
392 563
392 564
392 565
392 566
392 570
392 571
392 572
392 573
392 576
392 577
392 581
392 583
392 586
392 587
392 588
392 594
392 596
392 597
392 601
392 603
392 605
392 607
392 616
392 619
392 624
392 625
392 628
392 629
392 632
392 633
392 634
392 635
392 637
392 641
392 643
392 644
392 646
392 648
392 649
392 655
392 657
392 662
392 663
392 668
392 672
392 674
392 675
392 676
392 686
392 688
392 689
392 694
392 702
392 708
392 709
392 711
392 721
392 723
392 724
392 728
392 731
392 735
392 742
392 745
392 750
392 753
392 754
392 759
392 760
392 765
392 770
392 772
392 773
392 776
392 785
392 789
392 790
392 795
392 799
392 802
392 805
392 806
392 819
392 820
392 823
392 826
392 828
392 831
392 833
392 834
392 842
392 850
392 854
392 856
392 861
392 862
392 863
392 867
392 869
392 871
392 873
392 874
392 876
392 879
392 880
392 884
392 890
392 894
392 897
392 902
392 906
392 907
392 908
392 909
392 913
392 914
392 916
392 917
392 921
392 924
392 926
392 931
392 932
392 935
392 937
392 939
392 942
392 946
392 947
392 950
392 951
392 953
392 964
392 971
392 973
392 975
392 976
392 981
392 984
392 990
392 995
392 997
392 1000
393 503
393 505
393 508
393 510
393 514
393 518
393 520
393 525
393 526
393 529
393 533
393 540
393 549
393 551
393 554
393 559
393 562
393 563
393 565
393 566
393 569
393 570
393 571
393 573
393 574
393 575
393 576
393 583
393 585
393 587
393 589
393 593
393 596
393 597
393 603
393 605
393 611
393 612
393 614
393 616
393 621
393 622
393 626
393 627
393 628
393 629
393 635
393 641
393 643
393 644
393 647
393 649
393 655
393 656
393 658
393 660
393 667
393 670
393 672
393 673
393 675
393 676
393 677
393 680
393 682
393 686
393 688
393 689
393 703
393 708
393 711
393 712
393 717
393 718
393 719
393 731
393 734
393 741
393 743
393 744
393 748
393 750
393 751
393 770
393 771
393 772
393 778
393 781
393 783
393 785
393 793
393 797
393 801
393 816
393 817
393 825
393 830
393 842
393 843
393 845
393 847
393 851
393 854
393 855
393 861
393 864
393 865
393 866
393 868
393 869
393 872
393 873
393 876
393 886
393 891
393 894
393 896
393 899
393 900
393 903
393 904
393 905
393 907
393 908
393 909
393 910
393 912
393 914
393 915
393 919
393 924
393 928
393 931
393 932
393 933
393 934
393 937
393 939
393 942
393 944
393 945
393 948
393 949
393 951
393 952
393 954
393 955
393 956
393 962
393 964
393 965
393 978
393 984
393 986
393 991
393 993
393 997
393 998
394 503
394 505
394 506
394 514
394 519
394 521
394 523
394 527
394 529
394 533
394 536
394 539
394 540
394 541
394 542
394 545
394 547
394 549
394 554
394 557
394 559
394 563
394 566
394 571
394 578
394 582
394 585
394 589
394 590
394 592
394 601
394 606
394 609
394 611
394 612
394 615
394 616
394 617
394 623
394 630
394 632
394 634
394 637
394 640
394 641
394 644
394 648
394 651
394 660
394 663
394 667
394 669
394 670
394 671
394 677
394 686
394 687
394 693
394 695
394 696
394 699
394 709
394 714
394 715
394 717
394 718
394 720
394 728
394 736
394 742
394 745
394 747
394 748
394 750
394 751
394 754
394 757
394 758
394 759
394 761
394 762
394 763
394 764
394 765
394 767
394 769
394 770
394 774
394 775
394 778
394 787
394 788
394 789
394 795
394 799
394 800
394 802
394 809
394 821
394 826
394 831
394 833
394 837
394 845
394 848
394 852
394 857
394 858
394 863
394 866
394 868
394 870
394 875
394 880
394 883
394 886
394 889
394 890
394 895
394 901
394 903
394 904
394 905
394 907
394 913
394 916
394 921
394 927
394 928
394 931
394 933
394 937
394 938
394 944
394 946
394 947
394 948
394 949
394 954
394 964
394 966
394 967
394 968
394 969
394 971
394 972
394 973
394 981
394 982
394 986
394 987
394 990
394 993
394 994
394 995
395 502
395 504
395 512
395 520
395 521
395 528
395 529
395 536
395 537
395 545
395 546
395 547
395 549
395 554
395 567
395 571
395 573
395 576
395 581
395 584
395 585
395 587
395 591
395 595
395 596
395 600
395 601
395 604
395 605
395 608
395 619
395 620
395 627
395 631
395 632
395 633
395 635
395 641
395 644
395 664
395 669
395 672
395 676
395 679
395 680
395 683
395 686
395 688
395 704
395 708
395 714
395 716
395 718
395 720
395 728
395 730
395 732
395 733
395 735
395 737
395 738
395 741
395 747
395 751
395 752
395 756
395 760
395 762
395 763
395 764
395 767
395 768
395 771
395 787
395 796
395 799
395 803
395 807
395 809
395 810
395 817
395 820
395 821
395 822
395 826
395 829
395 830
395 831
395 840
395 847
395 849
395 855
395 860
395 861
395 865
395 867
395 868
395 870
395 871
395 874
395 876
395 879
395 892
395 903
395 904
395 907
395 908
395 909
395 913
395 916
395 917
395 919
395 930
395 934
395 937
395 943
395 945
395 946
395 947
395 948
395 951
395 952
395 954
395 963
395 966
395 972
395 975
395 980
395 987
395 990
395 991
395 998
395 1000
396 504
396 506
396 507
396 508
396 509
396 513
396 515
396 522
396 523
396 538
396 541
396 542
396 546
396 548
396 549
396 550
396 551
396 554
396 557
396 559
396 560
396 565
396 566
396 567
396 569
396 570
396 574
396 575
396 576
396 580
396 581
396 584
396 596
396 597
396 598
396 599
396 606
396 607
396 609
396 611
396 617
396 623
396 627
396 630
396 632
396 636
396 641
396 642
396 643
396 644
396 646
396 647
396 654
396 656
396 658
396 668
396 669
396 671
396 672
396 675
396 676
396 680
396 681
396 683
396 685
396 686
396 687
396 690
396 709
396 710
396 712
396 714
396 716
396 719
396 723
396 725
396 729
396 731
396 737
396 739
396 743
396 753
396 762
396 763
396 767
396 770
396 775
396 777
396 782
396 784
396 786
396 790
396 798
396 806
396 808
396 809
396 820
396 821
396 823
396 834
396 837
396 839
396 840
396 841
396 842
396 845
396 846
396 848
396 853
396 860
396 864
396 865
396 868
396 883
396 888
396 889
396 899
396 901
396 909
396 918
396 921
396 926
396 930
396 934
396 947
396 950
396 953
396 954
396 955
396 959
396 961
396 969
396 973
396 975
396 978
396 983
396 986
396 992
396 993
396 994
396 995
396 998
396 999
397 501
397 502
397 504
397 510
397 513
397 515
397 517
397 518
397 519
397 521
397 524
397 525
397 539
397 546
397 556
397 557
397 558
397 561
397 568
397 570
397 577
397 581
397 587
397 591
397 592
397 596
397 603
397 607
397 610
397 611
397 615
397 616
397 619
397 626
397 632
397 634
397 638
397 639
397 641
397 643
397 648
397 653
397 663
397 666
397 667
397 670
397 671
397 673
397 675
397 676
397 679
397 680
397 683
397 685
397 687
397 688
397 695
397 698
397 701
397 704
397 705
397 706
397 708
397 710
397 713
397 719
397 723
397 734
397 735
397 736
397 738
397 743
397 744
397 745
397 746
397 749
397 753
397 759
397 763
397 774
397 776
397 777
397 779
397 781
397 783
397 797
397 804
397 806
397 816
397 822
397 826
397 828
397 834
397 838
397 840
397 842
397 843
397 846
397 847
397 849
397 850
397 851
397 853
397 855
397 863
397 872
397 873
397 877
397 879
397 880
397 890
397 891
397 892
397 893
397 901
397 902
397 903
397 909
397 914
397 915
397 918
397 919
397 921
397 923
397 928
397 930
397 933
397 934
397 936
397 944
397 946
397 950
397 952
397 953
397 955
397 960
397 962
397 963
397 966
397 973
397 975
397 987
397 988
397 994
398 501
398 502
398 504
398 506
398 508
398 512
398 514
398 515
398 517
398 525
398 527
398 528
398 532
398 538
398 540
398 547
398 552
398 554
398 558
398 559
398 561
398 562
398 563
398 565
398 566
398 572
398 576
398 579
398 580
398 583
398 585
398 586
398 587
398 597
398 599
398 602
398 604
398 611
398 615
398 616
398 631
398 640
398 645
398 652
398 663
398 664
398 668
398 671
398 675
398 676
398 680
398 686
398 693
398 695
398 697
398 701
398 706
398 707
398 708
398 721
398 727
398 728
398 732
398 735
398 738
398 741
398 746
398 749
398 753
398 756
398 758
398 764
398 765
398 767
398 768
398 771
398 784
398 788
398 797
398 798
398 807
398 810
398 811
398 812
398 814
398 815
398 816
398 819
398 821
398 827
398 831
398 832
398 833
398 835
398 838
398 840
398 846
398 853
398 854
398 857
398 858
398 864
398 867
398 868
398 872
398 873
398 879
398 880
398 881
398 884
398 887
398 888
398 893
398 896
398 897
398 902
398 908
398 909
398 916
398 917
398 920
398 925
398 927
398 929
398 932
398 933
398 936
398 937
398 938
398 939
398 940
398 942
398 946
398 948
398 950
398 954
398 962
398 963
398 964
398 965
398 966
398 968
398 970
398 976
398 977
398 979
398 980
398 985
398 987
398 989
398 996
398 998
399 503
399 504
399 510
399 513
399 515
399 517
399 519
399 520
399 522
399 526
399 528
399 532
399 534
399 537
399 538
399 539
399 543
399 546
399 550
399 555
399 557
399 563
399 566
399 569
399 570
399 573
399 576
399 578
399 584
399 590
399 592
399 596
399 600
399 609
399 610
399 614
399 615
399 618
399 619
399 631
399 633
399 641
399 642
399 644
399 646
399 647
399 649
399 650
399 657
399 659
399 660
399 664
399 667
399 672
399 675
399 677
399 679
399 687
399 692
399 696
399 703
399 711
399 717
399 718
399 721
399 722
399 730
399 731
399 732
399 736
399 737
399 738
399 745
399 753
399 756
399 759
399 761
399 763
399 766
399 769
399 771
399 772
399 775
399 777
399 778
399 781
399 783
399 791
399 794
399 797
399 798
399 800
399 808
399 810
399 812
399 821
399 826
399 829
399 832
399 836
399 837
399 840
399 841
399 842
399 853
399 855
399 861
399 862
399 863
399 865
399 867
399 868
399 873
399 878
399 881
399 885
399 892
399 897
399 899
399 900
399 902
399 910
399 915
399 921
399 923
399 929
399 930
399 933
399 938
399 941
399 944
399 945
399 952
399 956
399 960
399 961
399 963
399 964
399 970
399 972
399 979
399 983
399 987
399 988
399 989
399 992
399 993
399 999
400 501
400 503
400 505
400 507
400 508
400 510
400 521
400 522
400 523
400 527
400 528
400 529
400 531
400 538
400 541
400 548
400 549
400 550
400 552
400 554
400 557
400 558
400 566
400 569
400 572
400 573
400 574
400 575
400 578
400 579
400 585
400 589
400 591
400 594
400 596
400 598
400 600
400 601
400 603
400 604
400 605
400 615
400 621
400 627
400 638
400 644
400 645
400 646
400 648
400 650
400 651
400 654
400 655
400 657
400 658
400 662
400 663
400 664
400 667
400 671
400 680
400 683
400 686
400 687
400 692
400 694
400 695
400 698
400 702
400 703
400 706
400 720
400 724
400 726
400 728
400 731
400 750
400 754
400 759
400 760
400 762
400 763
400 765
400 766
400 768
400 778
400 786
400 788
400 791
400 793
400 794
400 796
400 801
400 804
400 811
400 812
400 813
400 815
400 819
400 820
400 832
400 834
400 835
400 839
400 841
400 844
400 847
400 851
400 858
400 863
400 865
400 870
400 871
400 873
400 879
400 883
400 889
400 890
400 896
400 897
400 898
400 903
400 908
400 914
400 915
400 918
400 920
400 932
400 935
400 942
400 943
400 945
400 946
400 953
400 959
400 960
400 962
400 964
400 966
400 968
400 974
400 980
400 981
400 982
400 984
400 988
400 991
400 992
400 993
400 998
400 999
401 501
401 502
401 504
401 510
401 513
401 515
401 516
401 521
401 524
401 527
401 528
401 531
401 532
401 533
401 536
401 537
401 539
401 540
401 543
401 546
401 547
401 549
401 550
401 551
401 559
401 560
401 567
401 568
401 571
401 577
401 578
401 582
401 583
401 591
401 592
401 606
401 608
401 609
401 614
401 616
401 619
401 623
401 630
401 633
401 641
401 642
401 643
401 644
401 646
401 652
401 654
401 656
401 659
401 661
401 676
401 677
401 681
401 686
401 692
401 694
401 700
401 705
401 706
401 708
401 711
401 716
401 719
401 720
401 721
401 722
401 725
401 727
401 732
401 735
401 737
401 741
401 749
401 750
401 759
401 760
401 768
401 770
401 776
401 780
401 782
401 785
401 788
401 789
401 796
401 799
401 802
401 813
401 819
401 823
401 826
401 827
401 828
401 832
401 834
401 835
401 845
401 847
401 849
401 852
401 853
401 861
401 862
401 863
401 864
401 867
401 869
401 870
401 871
401 872
401 880
401 881
401 894
401 899
401 916
401 917
401 920
401 925
401 926
401 933
401 944
401 948
401 950
401 953
401 955
401 958
401 960
401 962
401 965
401 969
401 971
401 975
401 983
401 984
401 985
401 986
401 987
401 990
401 995
402 502
402 506
402 510
402 515
402 520
402 521
402 525
402 526
402 530
402 535
402 537
402 540
402 541
402 543
402 545
402 549
402 551
402 553
402 554
402 555
402 558
402 565
402 569
402 571
402 575
402 576
402 582
402 595
402 597
402 605
402 607
402 609
402 612
402 613
402 617
402 621
402 622
402 625
402 631
402 633
402 635
402 640
402 642
402 646
402 647
402 656
402 667
402 669
402 671
402 678
402 680
402 681
402 690
402 694
402 696
402 697
402 706
402 708
402 709
402 711
402 713
402 714
402 715
402 717
402 719
402 721
402 722
402 724
402 729
402 736
402 737
402 739
402 744
402 750
402 751
402 752
402 759
402 760
402 763
402 771
402 780
402 782
402 785
402 787
402 790
402 791
402 793
402 796
402 810
402 813
402 817
402 820
402 822
402 825
402 832
402 834
402 841
402 843
402 845
402 855
402 856
402 858
402 861
402 863
402 870
402 871
402 876
402 878
402 881
402 885
402 886
402 887
402 896
402 899
402 900
402 901
402 902
402 903
402 910
402 911
402 913
402 915
402 919
402 921
402 926
402 928
402 930
402 934
402 936
402 939
402 945
402 947
402 953
402 954
402 955
402 957
402 960
402 962
402 976
402 977
402 978
402 979
402 983
402 988
402 993
402 996
402 997
402 998
403 505
403 513
403 516
403 517
403 518
403 519
403 522
403 523
403 528
403 529
403 530
403 532
403 534
403 535
403 538
403 542
403 562
403 566
403 569
403 572
403 580
403 581
403 584
403 587
403 588
403 589
403 591
403 592
403 593
403 596
403 603
403 605
403 609
403 611
403 614
403 615
403 617
403 618
403 619
403 620
403 628
403 633
403 638
403 639
403 641
403 642
403 648
403 650
403 652
403 654
403 657
403 661
403 662
403 664
403 668
403 671
403 672
403 680
403 686
403 696
403 698
403 700
403 701
403 707
403 711
403 713
403 723
403 726
403 727
403 734
403 737
403 738
403 743
403 746
403 747
403 748
403 754
403 755
403 759
403 764
403 765
403 767
403 769
403 773
403 774
403 779
403 784
403 785
403 786
403 789
403 795
403 798
403 802
403 803
403 807
403 811
403 814
403 818
403 819
403 830
403 832
403 837
403 845
403 846
403 847
403 855
403 856
403 878
403 879
403 882
403 884
403 889
403 891
403 894
403 896
403 898
403 899
403 901
403 903
403 907
403 910
403 911
403 917
403 920
403 927
403 932
403 934
403 942
403 945
403 948
403 950
403 952
403 954
403 963
403 969
403 972
403 978
403 980
403 986
403 988
403 992
403 993
403 995
404 501
404 504
404 505
404 509
404 511
404 514
404 525
404 529
404 533
404 537
404 539
404 540
404 545
404 556
404 566
404 569
404 570
404 571
404 572
404 574
404 579
404 580
404 581
404 582
404 583
404 588
404 592
404 594
404 601
404 605
404 609
404 611
404 628
404 636
404 637
404 638
404 642
404 644
404 651
404 654
404 658
404 659
404 663
404 668
404 670
404 671
404 672
404 673
404 677
404 682
404 683
404 687
404 690
404 692
404 695
404 698
404 699
404 706
404 711
404 714
404 715
404 716
404 717
404 719
404 729
404 731
404 734
404 737
404 740
404 748
404 750
404 752
404 755
404 759
404 763
404 765
404 766
404 767
404 775
404 776
404 780
404 785
404 788
404 790
404 791
404 797
404 799
404 800
404 801
404 802
404 803
404 805
404 812
404 813
404 820
404 821
404 828
404 835
404 840
404 841
404 844
404 848
404 849
404 854
404 855
404 860
404 861
404 864
404 865
404 866
404 868
404 872
404 875
404 877
404 878
404 885
404 888
404 893
404 894
404 912
404 914
404 915
404 917
404 919
404 922
404 923
404 925
404 932
404 934
404 937
404 938
404 942
404 943
404 944
404 947
404 949
404 952
404 955
404 957
404 958
404 961
404 962
404 970
404 971
404 972
404 973
404 979
404 986
404 987
404 988
404 991
404 993
405 502
405 511
405 512
405 516
405 517
405 518
405 522
405 524
405 527
405 528
405 531
405 535
405 537
405 544
405 547
405 549
405 551
405 554
405 555
405 558
405 560
405 561
405 570
405 573
405 576
405 579
405 585
405 586
405 590
405 594
405 595
405 602
405 607
405 614
405 615
405 616
405 619
405 620
405 624
405 629
405 633
405 637
405 640
405 645
405 658
405 663
405 664
405 666
405 672
405 680
405 685
405 687
405 689
405 695
405 697
405 699
405 701
405 704
405 705
405 706
405 707
405 708
405 710
405 713
405 717
405 718
405 720
405 724
405 727
405 731
405 737
405 740
405 747
405 748
405 753
405 754
405 763
405 773
405 778
405 783
405 784
405 787
405 788
405 790
405 794
405 796
405 801
405 802
405 813
405 815
405 816
405 818
405 825
405 838
405 841
405 843
405 847
405 848
405 849
405 851
405 852
405 855
405 856
405 859
405 861
405 863
405 868
405 871
405 877
405 878
405 887
405 890
405 898
405 900
405 901
405 902
405 907
405 910
405 921
405 928
405 934
405 935
405 936
405 938
405 941
405 942
405 956
405 959
405 960
405 966
405 967
405 973
405 978
405 982
405 983
405 991
405 992
405 993
405 998
405 999
406 507
406 508
406 509
406 513
406 517
406 518
406 519
406 520
406 523
406 533
406 534
406 536
406 537
406 542
406 549
406 559
406 563
406 565
406 566
406 567
406 568
406 569
406 571
406 575
406 583
406 584
406 592
406 600
406 603
406 608
406 609
406 610
406 611
406 617
406 618
406 620
406 622
406 624
406 626
406 631
406 633
406 634
406 635
406 641
406 642
406 643
406 644
406 646
406 648
406 650
406 656
406 666
406 672
406 674
406 684
406 686
406 695
406 698
406 703
406 706
406 709
406 710
406 712
406 713
406 714
406 715
406 717
406 719
406 721
406 722
406 724
406 732
406 738
406 739
406 742
406 744
406 747
406 750
406 754
406 755
406 756
406 758
406 761
406 764
406 771
406 773
406 776
406 778
406 785
406 789
406 791
406 794
406 798
406 799
406 803
406 811
406 818
406 826
406 829
406 834
406 835
406 843
406 845
406 848
406 850
406 853
406 855
406 856
406 857
406 859
406 861
406 867
406 870
406 872
406 873
406 874
406 875
406 878
406 882
406 883
406 884
406 889
406 892
406 894
406 900
406 902
406 907
406 910
406 911
406 912
406 915
406 917
406 919
406 924
406 927
406 929
406 934
406 937
406 938
406 942
406 943
406 947
406 953
406 962
406 966
406 967
406 971
406 974
406 975
406 976
406 978
406 981
406 988
406 989
406 1000
407 504
407 507
407 509
407 512
407 518
407 521
407 523
407 524
407 527
407 528
407 535
407 538
407 540
407 546
407 547
407 548
407 553
407 579
407 583
407 586
407 592
407 597
407 600
407 605
407 607
407 608
407 614
407 626
407 627
407 629
407 630
407 632
407 634
407 640
407 644
407 645
407 653
407 656
407 657
407 660
407 661
407 662
407 667
407 668
407 671
407 673
407 677
407 679
407 680
407 681
407 683
407 686
407 698
407 699
407 700
407 704
407 705
407 712
407 714
407 715
407 716
407 721
407 726
407 728
407 731
407 732
407 736
407 740
407 745
407 748
407 750
407 759
407 764
407 766
407 776
407 779
407 782
407 785
407 788
407 790
407 796
407 797
407 799
407 802
407 804
407 806
407 808
407 812
407 826
407 829
407 838
407 841
407 842
407 843
407 845
407 847
407 848
407 856
407 857
407 859
407 868
407 875
407 876
407 885
407 886
407 889
407 893
407 895
407 897
407 901
407 903
407 906
407 907
407 913
407 914
407 915
407 927
407 930
407 935
407 936
407 939
407 948
407 951
407 952
407 953
407 959
407 963
407 966
407 968
407 970
407 972
407 976
407 978
407 980
407 987
407 991
407 992
407 997
407 999
408 504
408 510
408 517
408 524
408 527
408 536
408 549
408 551
408 553
408 569
408 570
408 571
408 572
408 576
408 577
408 578
408 583
408 585
408 586
408 588
408 591
408 593
408 597
408 600
408 607
408 608
408 610
408 611
408 613
408 616
408 623
408 625
408 629
408 632
408 641
408 644
408 646
408 648
408 651
408 654
408 663
408 666
408 680
408 681
408 682
408 687
408 694
408 696
408 706
408 707
408 710
408 715
408 721
408 726
408 729
408 733
408 745
408 752
408 753
408 759
408 761
408 762
408 763
408 764
408 774
408 778
408 782
408 790
408 793
408 798
408 801
408 802
408 804
408 805
408 809
408 812
408 814
408 815
408 824
408 825
408 828
408 832
408 835
408 837
408 841
408 852
408 855
408 857
408 858
408 861
408 864
408 867
408 872
408 876
408 878
408 885
408 887
408 888
408 889
408 890
408 893
408 895
408 897
408 898
408 901
408 904
408 905
408 906
408 909
408 914
408 920
408 923
408 925
408 933
408 934
408 938
408 939
408 943
408 945
408 946
408 954
408 957
408 958
408 961
408 963
408 965
408 969
408 971
408 975
408 978
408 984
408 992
409 502
409 503
409 505
409 513
409 515
409 517
409 523
409 528
409 529
409 534
409 535
409 536
409 537
409 545
409 547
409 557
409 560
409 570
409 571
409 572
409 576
409 580
409 584
409 586
409 591
409 594
409 608
409 610
409 613
409 618
409 622
409 624
409 626
409 629
409 630
409 647
409 655
409 660
409 670
409 685
409 687
409 690
409 700
409 701
409 705
409 707
409 708
409 711
409 713
409 723
409 729
409 731
409 732
409 733
409 734
409 737
409 738
409 744
409 745
409 750
409 751
409 752
409 754
409 766
409 768
409 769
409 774
409 786
409 787
409 797
409 805
409 806
409 811
409 815
409 820
409 822
409 824
409 829
409 830
409 836
409 837
409 838
409 844
409 846
409 849
409 851
409 855
409 867
409 868
409 872
409 879
409 881
409 882
409 885
409 888
409 892
409 894
409 900
409 904
409 905
409 910
409 912
409 915
409 916
409 926
409 933
409 934
409 939
409 940
409 944
409 945
409 948
409 954
409 956
409 961
409 963
409 970
409 971
409 973
409 977
409 978
409 979
409 984
409 995
409 996
409 999
410 502
410 504
410 505
410 506
410 513
410 518
410 520
410 528
410 529
410 530
410 532
410 533
410 538
410 541
410 544
410 545
410 548
410 549
410 550
410 553
410 555
410 556
410 564
410 569
410 571
410 572
410 574
410 576
410 584
410 587
410 589
410 592
410 593
410 599
410 601
410 606
410 607
410 617
410 618
410 621
410 625
410 627
410 630
410 631
410 633
410 635
410 636
410 639
410 640
410 643
410 648
410 651
410 656
410 658
410 660
410 662
410 663
410 666
410 672
410 679
410 686
410 688
410 689
410 692
410 693
410 695
410 697
410 702
410 706
410 711
410 712
410 713
410 714
410 718
410 721
410 727
410 729
410 730
410 736
410 738
410 741
410 742
410 745
410 746
410 748
410 749
410 751
410 755
410 756
410 759
410 764
410 765
410 766
410 767
410 769
410 774
410 783
410 786
410 788
410 793
410 794
410 800
410 804
410 805
410 806
410 807
410 809
410 816
410 817
410 819
410 821
410 822
410 828
410 830
410 836
410 837
410 842
410 847
410 849
410 850
410 861
410 864
410 865
410 867
410 873
410 874
410 877
410 879
410 881
410 882
410 884
410 886
410 888
410 890
410 898
410 900
410 904
410 911
410 918
410 919
410 925
410 926
410 927
410 930
410 933
410 935
410 936
410 941
410 945
410 946
410 947
410 949
410 950
410 953
410 960
410 970
410 972
410 975
410 976
410 978
410 979
410 985
410 992
410 997
410 1000
411 501
411 502
411 504
411 506
411 512
411 514
411 517
411 518
411 522
411 524
411 527
411 528
411 529
411 532
411 537
411 551
411 556
411 557
411 568
411 572
411 575
411 578
411 583
411 584
411 586
411 590
411 591
411 595
411 596
411 603
411 604
411 606
411 608
411 618
411 623
411 624
411 629
411 630
411 632
411 633
411 634
411 637
411 639
411 644
411 645
411 647
411 649
411 650
411 651
411 652
411 660
411 662
411 664
411 668
411 670
411 671
411 675
411 676
411 680
411 682
411 683
411 684
411 690
411 693
411 699
411 702
411 705
411 709
411 716
411 723
411 725
411 726
411 727
411 729
411 732
411 734
411 737
411 740
411 742
411 743
411 748
411 758
411 761
411 763
411 766
411 770
411 776
411 778
411 779
411 780
411 784
411 786
411 788
411 789
411 792
411 793
411 799
411 800
411 808
411 809
411 810
411 812
411 820
411 821
411 825
411 828
411 829
411 831
411 836
411 837
411 838
411 840
411 842
411 844
411 846
411 847
411 848
411 853
411 855
411 856
411 859
411 862
411 863
411 868
411 871
411 875
411 877
411 878
411 881
411 883
411 885
411 886
411 887
411 890
411 895
411 896
411 900
411 901
411 902
411 907
411 909
411 917
411 924
411 925
411 936
411 938
411 942
411 943
411 944
411 952
411 954
411 959
411 963
411 966
411 968
411 972
411 973
411 976
411 977
411 982
411 983
411 987
411 988
411 990
411 993
411 995
411 998
412 504
412 512
412 513
412 519
412 524
412 527
412 529
412 532
412 535
412 543
412 551
412 555
412 556
412 564
412 565
412 566
412 568
412 573
412 576
412 580
412 589
412 590
412 594
412 597
412 598
412 599
412 600
412 604
412 605
412 611
412 613
412 617
412 618
412 621
412 629
412 630
412 635
412 636
412 639
412 645
412 648
412 655
412 662
412 667
412 670
412 673
412 677
412 678
412 680
412 681
412 687
412 691
412 694
412 698
412 701
412 702
412 704
412 712
412 714
412 717
412 731
412 732
412 739
412 742
412 743
412 752
412 760
412 767
412 769
412 771
412 777
412 780
412 787
412 790
412 792
412 795
412 797
412 811
412 814
412 818
412 819
412 822
412 823
412 826
412 828
412 833
412 835
412 841
412 846
412 848
412 850
412 854
412 855
412 860
412 861
412 862
412 869
412 871
412 872
412 874
412 890
412 896
412 897
412 899
412 902
412 904
412 907
412 909
412 911
412 913
412 916
412 921
412 929
412 937
412 945
412 949
412 950
412 957
412 963
412 964
412 970
412 971
412 976
412 977
412 982
412 983
412 984
412 987
412 994
413 501
413 502
413 505
413 513
413 514
413 515
413 519
413 521
413 529
413 534
413 536
413 539
413 543
413 552
413 555
413 562
413 564
413 568
413 571
413 572
413 573
413 575
413 580
413 584
413 588
413 591
413 594
413 598
413 600
413 605
413 608
413 610
413 613
413 616
413 626
413 627
413 633
413 634
413 637
413 644
413 645
413 647
413 650
413 652
413 656
413 657
413 658
413 661
413 664
413 665
413 668
413 669
413 670
413 675
413 677
413 678
413 680
413 682
413 691
413 693
413 694
413 704
413 716
413 717
413 719
413 724
413 731
413 738
413 740
413 743
413 749
413 756
413 757
413 759
413 762
413 763
413 767
413 779
413 780
413 784
413 789
413 794
413 798
413 799
413 802
413 807
413 812
413 813
413 819
413 821
413 823
413 829
413 832
413 837
413 840
413 841
413 855
413 857
413 865
413 876
413 877
413 880
413 881
413 883
413 884
413 887
413 889
413 891
413 892
413 895
413 897
413 898
413 901
413 904
413 909
413 914
413 916
413 918
413 921
413 925
413 932
413 934
413 939
413 944
413 946
413 948
413 950
413 952
413 954
413 956
413 957
413 958
413 959
413 962
413 964
413 966
413 968
413 972
413 982
413 987
413 988
413 992
413 994
413 995
413 998
413 999
414 502
414 504
414 506
414 515
414 517
414 518
414 524
414 525
414 527
414 529
414 531
414 534
414 538
414 539
414 543
414 547
414 550
414 554
414 557
414 559
414 567
414 569
414 572
414 575
414 576
414 577
414 589
414 595
414 604
414 605
414 612
414 614
414 616
414 625
414 628
414 630
414 632
414 633
414 636
414 640
414 642
414 649
414 650
414 653
414 654
414 658
414 662
414 664
414 668
414 672
414 676
414 677
414 678
414 679
414 680
414 682
414 683
414 684
414 686
414 687
414 695
414 698
414 702
414 704
414 707
414 708
414 709
414 710
414 713
414 717
414 727
414 729
414 732
414 733
414 735
414 743
414 744
414 746
414 749
414 755
414 756
414 762
414 763
414 766
414 768
414 773
414 777
414 778
414 780
414 787
414 798
414 808
414 815
414 817
414 818
414 821
414 823
414 827
414 831
414 841
414 842
414 843
414 848
414 849
414 855
414 856
414 859
414 862
414 867
414 870
414 873
414 874
414 875
414 881
414 885
414 887
414 892
414 896
414 902
414 903
414 904
414 905
414 906
414 910
414 913
414 914
414 917
414 921
414 922
414 925
414 932
414 933
414 942
414 947
414 949
414 954
414 962
414 970
414 980
414 983
414 984
414 989
414 990
414 993
414 996
414 997
414 998
415 501
415 507
415 511
415 514
415 515
415 516
415 518
415 522
415 525
415 527
415 532
415 535
415 540
415 542
415 546
415 548
415 551
415 554
415 555
415 560
415 567
415 569
415 572
415 578
415 580
415 589
415 590
415 593
415 594
415 596
415 604
415 605
415 608
415 610
415 612
415 616
415 618
415 633
415 636
415 637
415 643
415 644
415 646
415 649
415 650
415 651
415 657
415 664
415 665
415 666
415 668
415 669
415 677
415 684
415 686
415 687
415 690
415 692
415 694
415 697
415 703
415 704
415 707
415 726
415 727
415 729
415 734
415 735
415 737
415 741
415 745
415 747
415 750
415 757
415 758
415 767
415 773
415 774
415 784
415 786
415 788
415 789
415 790
415 793
415 798
415 799
415 804
415 806
415 815
415 817
415 818
415 822
415 829
415 831
415 838
415 839
415 840
415 842
415 844
415 847
415 849
415 853
415 862
415 864
415 865
415 868
415 870
415 876
415 887
415 888
415 893
415 896
415 905
415 906
415 907
415 908
415 911
415 913
415 914
415 920
415 921
415 923
415 930
415 931
415 934
415 937
415 940
415 941
415 944
415 947
415 948
415 950
415 951
415 952
415 955
415 958
415 959
415 960
415 968
415 969
415 974
415 982
415 984
415 986
415 987
415 988
415 989
415 992
415 997
416 504
416 512
416 518
416 519
416 522
416 526
416 528
416 531
416 541
416 544
416 546
416 550
416 552
416 556
416 557
416 562
416 567
416 568
416 569
416 570
416 571
416 577
416 579
416 580
416 581
416 586
416 587
416 593
416 596
416 604
416 606
416 610
416 615
416 616
416 617
416 619
416 621
416 625
416 626
416 627
416 630
416 632
416 634
416 644
416 648
416 655
416 656
416 659
416 661
416 667
416 678
416 681
416 682
416 683
416 689
416 692
416 694
416 695
416 696
416 698
416 704
416 707
416 708
416 709
416 710
416 714
416 715
416 725
416 726
416 733
416 737
416 739
416 744
416 746
416 749
416 750
416 755
416 760
416 764
416 765
416 772
416 782
416 787
416 791
416 792
416 795
416 796
416 801
416 802
416 803
416 805
416 806
416 807
416 809
416 810
416 816
416 818
416 826
416 833
416 838
416 841
416 843
416 846
416 852
416 854
416 856
416 858
416 864
416 865
416 866
416 867
416 870
416 871
416 872
416 873
416 878
416 882
416 886
416 890
416 892
416 894
416 896
416 907
416 911
416 912
416 914
416 921
416 922
416 923
416 924
416 929
416 946
416 948
416 957
416 959
416 966
416 967
416 968
416 972
416 973
416 974
416 976
416 978
416 983
416 988
416 989
416 990
416 994
416 995
416 998
417 501
417 502
417 504
417 505
417 508
417 510
417 512
417 517
417 522
417 524
417 525
417 527
417 528
417 529
417 532
417 534
417 536
417 538
417 541
417 542
417 544
417 547
417 551
417 552
417 554
417 563
417 565
417 574
417 576
417 582
417 583
417 591
417 595
417 600
417 607
417 612
417 624
417 626
417 629
417 630
417 632
417 634
417 635
417 641
417 644
417 645
417 649
417 653
417 661
417 671
417 676
417 679
417 681
417 687
417 698
417 710
417 711
417 713
417 720
417 727
417 736
417 740
417 746
417 748
417 751
417 755
417 756
417 758
417 765
417 770
417 778
417 780
417 786
417 787
417 789
417 795
417 796
417 797
417 799
417 806
417 810
417 811
417 820
417 825
417 829
417 841
417 842
417 847
417 848
417 849
417 850
417 851
417 861
417 871
417 872
417 875
417 882
417 886
417 894
417 897
417 900
417 903
417 904
417 906
417 907
417 913
417 915
417 919
417 924
417 931
417 940
417 942
417 943
417 945
417 947
417 949
417 950
417 955
417 956
417 959
417 961
417 977
417 982
417 990
417 997
418 504
418 508
418 510
418 513
418 514
418 520
418 526
418 528
418 532
418 533
418 537
418 545
418 548
418 550
418 555
418 556
418 559
418 562
418 565
418 567
418 568
418 570
418 571
418 576
418 581
418 584
418 585
418 587
418 588
418 591
418 593
418 600
418 601
418 604
418 605
418 607
418 613
418 614
418 618
418 622
418 623
418 625
418 634
418 640
418 645
418 646
418 647
418 653
418 654
418 658
418 660
418 662
418 666
418 673
418 677
418 678
418 679
418 682
418 686
418 689
418 690
418 694
418 695
418 696
418 700
418 702
418 704
418 712
418 723
418 731
418 735
418 738
418 739
418 755
418 767
418 769
418 776
418 778
418 785
418 786
418 790
418 796
418 802
418 807
418 809
418 819
418 831
418 833
418 835
418 838
418 839
418 841
418 843
418 845
418 846
418 848
418 850
418 851
418 853
418 858
418 860
418 863
418 864
418 873
418 875
418 884
418 886
418 887
418 888
418 889
418 895
418 900
418 903
418 907
418 909
418 913
418 924
418 926
418 930
418 934
418 935
418 947
418 951
418 952
418 953
418 954
418 955
418 960
418 961
418 962
418 967
418 968
418 969
418 972
418 980
418 982
418 983
418 985
418 986
418 989
418 995
418 996
419 504
419 505
419 506
419 507
419 509
419 511
419 512
419 513
419 520
419 521
419 523
419 524
419 526
419 527
419 529
419 550
419 554
419 555
419 557
419 558
419 559
419 562
419 566
419 569
419 576
419 578
419 579
419 581
419 582
419 590
419 595
419 596
419 600
419 601
419 608
419 611
419 615
419 623
419 632
419 633
419 634
419 641
419 642
419 643
419 644
419 650
419 652
419 653
419 656
419 657
419 664
419 668
419 671
419 674
419 684
419 685
419 687
419 696
419 700
419 702
419 707
419 710
419 717
419 719
419 722
419 732
419 733
419 738
419 739
419 746
419 750
419 753
419 754
419 762
419 763
419 765
419 766
419 767
419 768
419 770
419 772
419 773
419 778
419 780
419 781
419 784
419 787
419 789
419 794
419 798
419 799
419 800
419 806
419 807
419 815
419 817
419 818
419 821
419 825
419 832
419 834
419 837
419 850
419 851
419 852
419 853
419 855
419 860
419 862
419 865
419 873
419 880
419 881
419 883
419 884
419 886
419 893
419 895
419 896
419 898
419 902
419 907
419 908
419 911
419 913
419 918
419 919
419 922
419 923
419 927
419 931
419 933
419 936
419 939
419 941
419 949
419 950
419 956
419 960
419 963
419 964
419 967
419 968
419 969
419 971
419 972
419 974
419 979
419 981
419 983
419 984
419 992
419 995
419 997
419 1000
420 501
420 503
420 504
420 513
420 517
420 519
420 520
420 523
420 524
420 532
420 533
420 538
420 541
420 543
420 555
420 556
420 563
420 567
420 568
420 575
420 576
420 585
420 586
420 587
420 593
420 597
420 600
420 604
420 605
420 607
420 609
420 613
420 619
420 629
420 633
420 635
420 644
420 647
420 648
420 650
420 653
420 667
420 671
420 673
420 678
420 679
420 681
420 684
420 688
420 692
420 697
420 698
420 703
420 704
420 705
420 708
420 710
420 714
420 718
420 719
420 721
420 722
420 726
420 737
420 738
420 740
420 744
420 752
420 758
420 759
420 764
420 766
420 767
420 769
420 772
420 778
420 783
420 785
420 788
420 797
420 799
420 802
420 804
420 808
420 811
420 812
420 814
420 818
420 819
420 821
420 825
420 829
420 833
420 836
420 837
420 845
420 847
420 849
420 853
420 857
420 859
420 868
420 870
420 871
420 876
420 879
420 881
420 887
420 889
420 891
420 892
420 894
420 899
420 901
420 905
420 908
420 911
420 919
420 922
420 924
420 928
420 929
420 932
420 939
420 941
420 943
420 944
420 946
420 947
420 956
420 965
420 973
420 977
420 981
420 985
420 996
420 997
420 999
421 504
421 505
421 510
421 517
421 519
421 522
421 523
421 524
421 525
421 545
421 551
421 555
421 558
421 560
421 565
421 573
421 574
421 575
421 580
421 582
421 584
421 589
421 593
421 594
421 597
421 601
421 616
421 617
421 621
421 632
421 633
421 636
421 641
421 642
421 645
421 647
421 653
421 654
421 660
421 663
421 664
421 665
421 668
421 671
421 674
421 675
421 677
421 678
421 680
421 686
421 687
421 688
421 689
421 692
421 694
421 697
421 705
421 708
421 709
421 716
421 718
421 719
421 722
421 724
421 725
421 728
421 729
421 742
421 744
421 753
421 757
421 759
421 761
421 763
421 770
421 774
421 781
421 782
421 785
421 786
421 788
421 791
421 793
421 794
421 795
421 798
421 800
421 808
421 811
421 812
421 813
421 818
421 820
421 821
421 822
421 824
421 825
421 830
421 831
421 837
421 841
421 845
421 850
421 853
421 855
421 858
421 862
421 868
421 876
421 877
421 878
421 880
421 886
421 887
421 889
421 890
421 891
421 892
421 893
421 894
421 896
421 898
421 906
421 908
421 911
421 920
421 921
421 927
421 931
421 933
421 934
421 938
421 943
421 946
421 947
421 948
421 952
421 954
421 961
421 967
421 972
421 974
421 975
421 979
421 980
421 982
421 983
421 984
421 986
421 987
421 989
421 990
421 991
421 994
422 503
422 510
422 512
422 519
422 521
422 525
422 531
422 532
422 533
422 535
422 538
422 539
422 549
422 552
422 553
422 554
422 555
422 557
422 559
422 561
422 563
422 564
422 565
422 573
422 576
422 579
422 584
422 589
422 595
422 599
422 600
422 602
422 603
422 604
422 606
422 607
422 612
422 613
422 616
422 619
422 620
422 621
422 627
422 631
422 643
422 664
422 667
422 679
422 680
422 685
422 687
422 689
422 692
422 701
422 704
422 709
422 710
422 713
422 716
422 720
422 721
422 722
422 724
422 725
422 727
422 729
422 738
422 739
422 740
422 744
422 748
422 749
422 751
422 758
422 767
422 773
422 778
422 779
422 780
422 784
422 785
422 789
422 790
422 794
422 800
422 801
422 811
422 813
422 814
422 816
422 817
422 825
422 826
422 827
422 841
422 846
422 847
422 848
422 850
422 851
422 852
422 853
422 854
422 855
422 858
422 862
422 867
422 873
422 874
422 875
422 878
422 882
422 885
422 888
422 891
422 892
422 896
422 901
422 909
422 911
422 913
422 927
422 936
422 939
422 940
422 942
422 944
422 953
422 956
422 959
422 961
422 962
422 976
422 977
422 978
422 979
422 985
422 991
422 994
422 995
422 999
422 1000
423 502
423 504
423 505
423 508
423 509
423 512
423 513
423 516
423 522
423 527
423 532
423 534
423 539
423 542
423 545
423 548
423 549
423 564
423 565
423 570
423 571
423 572
423 573
423 577
423 578
423 579
423 582
423 584
423 587
423 592
423 600
423 603
423 608
423 610
423 611
423 619
423 621
423 627
423 628
423 630
423 636
423 637
423 644
423 648
423 651
423 659
423 661
423 669
423 676
423 678
423 683
423 694
423 700
423 702
423 703
423 706
423 707
423 710
423 722
423 726
423 727
423 731
423 733
423 739
423 741
423 742
423 748
423 750
423 751
423 752
423 756
423 759
423 764
423 772
423 773
423 775
423 784
423 785
423 787
423 789
423 790
423 799
423 801
423 805
423 808
423 815
423 816
423 820
423 821
423 822
423 823
423 825
423 831
423 838
423 839
423 842
423 843
423 848
423 851
423 853
423 854
423 855
423 857
423 863
423 864
423 865
423 866
423 868
423 872
423 880
423 883
423 884
423 889
423 890
423 893
423 894
423 901
423 902
423 904
423 905
423 906
423 916
423 920
423 923
423 926
423 928
423 929
423 930
423 932
423 938
423 940
423 941
423 942
423 944
423 945
423 955
423 957
423 960
423 961
423 966
423 967
423 970
423 973
423 976
423 978
423 981
423 982
423 983
423 987
423 991
423 995
423 998
424 502
424 506
424 508
424 515
424 521
424 535
424 537
424 538
424 541
424 542
424 551
424 552
424 553
424 557
424 558
424 560
424 565
424 566
424 567
424 572
424 573
424 575
424 577
424 578
424 581
424 584
424 588
424 591
424 593
424 599
424 600
424 603
424 604
424 605
424 607
424 610
424 619
424 627
424 628
424 629
424 630
424 632
424 633
424 638
424 640
424 642
424 647
424 648
424 654
424 655
424 661
424 667
424 672
424 673
424 679
424 680
424 681
424 682
424 684
424 685
424 689
424 695
424 704
424 708
424 709
424 711
424 715
424 717
424 719
424 720
424 723
424 728
424 730
424 731
424 737
424 739
424 741
424 744
424 745
424 749
424 755
424 756
424 758
424 759
424 760
424 764
424 766
424 768
424 773
424 779
424 782
424 783
424 788
424 790
424 791
424 792
424 794
424 798
424 799
424 803
424 804
424 809
424 815
424 817
424 821
424 824
424 825
424 845
424 847
424 850
424 854
424 857
424 879
424 880
424 882
424 887
424 888
424 889
424 895
424 900
424 907
424 908
424 909
424 911
424 912
424 914
424 916
424 917
424 919
424 920
424 921
424 922
424 924
424 929
424 931
424 933
424 937
424 938
424 941
424 946
424 952
424 955
424 956
424 959
424 960
424 961
424 963
424 964
424 974
424 975
424 977
424 979
424 981
424 982
424 986
424 987
424 989
424 990
424 992
424 997
424 998
425 505
425 512
425 515
425 516
425 521
425 525
425 527
425 532
425 533
425 534
425 537
425 540
425 543
425 546
425 550
425 551
425 555
425 557
425 560
425 561
425 564
425 570
425 576
425 580
425 582
425 583
425 585
425 589
425 594
425 595
425 598
425 599
425 600
425 602
425 606
425 607
425 609
425 611
425 615
425 625
425 627
425 630
425 632
425 636
425 638
425 639
425 642
425 645
425 654
425 659
425 663
425 664
425 682
425 687
425 689
425 690
425 694
425 695
425 698
425 699
425 705
425 709
425 710
425 711
425 715
425 718
425 719
425 727
425 728
425 732
425 733
425 734
425 736
425 737
425 739
425 742
425 744
425 746
425 747
425 748
425 751
425 756
425 762
425 765
425 775
425 782
425 783
425 786
425 791
425 796
425 797
425 801
425 802
425 803
425 810
425 811
425 812
425 814
425 818
425 821
425 823
425 824
425 828
425 834
425 835
425 836
425 841
425 844
425 850
425 852
425 855
425 856
425 858
425 859
425 861
425 865
425 873
425 880
425 881
425 889
425 895
425 896
425 898
425 900
425 902
425 908
425 912
425 913
425 922
425 924
425 926
425 927
425 929
425 933
425 937
425 948
425 954
425 956
425 957
425 980
425 981
425 983
425 984
425 987
425 988
425 993
425 995
425 999
425 1000
426 501
426 505
426 508
426 513
426 514
426 516
426 517
426 518
426 520
426 524
426 526
426 531
426 535
426 536
426 537
426 540
426 544
426 545
426 548
426 549
426 553
426 555
426 557
426 562
426 563
426 564
426 569
426 571
426 572
426 575
426 576
426 577
426 586
426 588
426 591
426 592
426 594
426 598
426 600
426 605
426 615
426 616
426 618
426 621
426 622
426 626
426 632
426 641
426 648
426 650
426 654
426 656
426 663
426 666
426 673
426 675
426 678
426 683
426 687
426 688
426 690
426 694
426 695
426 700
426 702
426 708
426 709
426 711
426 721
426 722
426 724
426 739
426 741
426 742
426 744
426 745
426 747
426 749
426 751
426 755
426 758
426 760
426 763
426 765
426 769
426 774
426 780
426 783
426 791
426 794
426 797
426 799
426 805
426 807
426 808
426 823
426 826
426 827
426 835
426 838
426 845
426 847
426 848
426 851
426 856
426 857
426 860
426 862
426 872
426 874
426 876
426 881
426 884
426 886
426 887
426 888
426 901
426 904
426 919
426 920
426 921
426 924
426 925
426 930
426 934
426 938
426 948
426 957
426 961
426 962
426 966
426 968
426 969
426 978
426 981
426 984
426 985
426 988
426 991
426 992
426 993
426 994
427 502
427 503
427 508
427 509
427 513
427 517
427 522
427 524
427 526
427 528
427 530
427 531
427 533
427 537
427 557
427 558
427 565
427 570
427 575
427 582
427 592
427 593
427 598
427 599
427 601
427 606
427 608
427 610
427 614
427 615
427 619
427 623
427 626
427 630
427 631
427 636
427 639
427 640
427 641
427 645
427 646
427 649
427 652
427 653
427 655
427 656
427 657
427 658
427 661
427 664
427 668
427 674
427 680
427 682
427 684
427 688
427 694
427 695
427 705
427 707
427 716
427 720
427 723
427 725
427 728
427 734
427 736
427 743
427 754
427 764
427 765
427 769
427 770
427 772
427 779
427 782
427 784
427 785
427 791
427 792
427 795
427 797
427 801
427 802
427 805
427 807
427 811
427 815
427 818
427 820
427 825
427 831
427 832
427 834
427 837
427 839
427 848
427 850
427 853
427 855
427 859
427 860
427 862
427 864
427 874
427 875
427 876
427 881
427 885
427 888
427 889
427 892
427 905
427 906
427 911
427 917
427 919
427 920
427 921
427 923
427 926
427 930
427 931
427 934
427 936
427 941
427 942
427 948
427 955
427 956
427 957
427 958
427 959
427 960
427 961
427 963
427 964
427 965
427 970
427 971
427 978
427 980
427 981
427 987
427 990
427 995
427 998
427 1000
428 502
428 504
428 512
428 515
428 518
428 522
428 529
428 537
428 540
428 544
428 545
428 546
428 548
428 558
428 559
428 560
428 563
428 569
428 573
428 580
428 584
428 592
428 596
428 598
428 599
428 603
428 605
428 606
428 618
428 619
428 621
428 624
428 629
428 630
428 636
428 641
428 642
428 643
428 647
428 649
428 651
428 652
428 656
428 662
428 663
428 666
428 668
428 679
428 683
428 686
428 687
428 690
428 691
428 692
428 695
428 703
428 705
428 712
428 713
428 715
428 716
428 718
428 721
428 723
428 726
428 735
428 737
428 744
428 746
428 747
428 748
428 754
428 755
428 756
428 760
428 765
428 768
428 773
428 774
428 776
428 778
428 783
428 785
428 786
428 794
428 795
428 797
428 801
428 805
428 806
428 808
428 811
428 812
428 814
428 816
428 819
428 823
428 827
428 831
428 832
428 835
428 836
428 837
428 838
428 843
428 844
428 847
428 849
428 861
428 862
428 875
428 878
428 879
428 881
428 882
428 884
428 886
428 895
428 896
428 900
428 904
428 907
428 913
428 916
428 917
428 918
428 922
428 926
428 927
428 929
428 933
428 937
428 939
428 940
428 943
428 947
428 948
428 951
428 953
428 954
428 956
428 963
428 969
428 973
428 976
428 979
428 983
428 985
428 986
428 989
428 994
428 995
428 998
428 1000
429 504
429 505
429 507
429 508
429 512
429 514
429 521
429 522
429 523
429 525
429 526
429 528
429 534
429 538
429 539
429 543
429 544
429 546
429 550
429 551
429 557
429 560
429 568
429 573
429 576
429 586
429 589
429 592
429 603
429 612
429 615
429 621
429 623
429 625
429 629
429 630
429 631
429 633
429 638
429 640
429 647
429 649
429 650
429 653
429 654
429 657
429 658
429 659
429 660
429 662
429 663
429 664
429 666
429 668
429 672
429 673
429 675
429 676
429 677
429 678
429 688
429 696
429 703
429 705
429 711
429 712
429 717
429 719
429 730
429 731
429 739
429 742
429 744
429 745
429 748
429 752
429 753
429 755
429 757
429 760
429 764
429 765
429 773
429 776
429 778
429 779
429 780
429 782
429 783
429 786
429 787
429 789
429 793
429 795
429 796
429 798
429 810
429 811
429 813
429 816
429 818
429 822
429 827
429 831
429 837
429 839
429 842
429 844
429 846
429 850
429 853
429 854
429 857
429 862
429 865
429 870
429 871
429 877
429 878
429 879
429 881
429 882
429 888
429 889
429 890
429 892
429 895
429 899
429 902
429 904
429 905
429 906
429 908
429 911
429 926
429 928
429 932
429 936
429 940
429 944
429 951
429 959
429 960
429 969
429 988
429 989
429 993
430 507
430 508
430 512
430 513
430 516
430 517
430 524
430 530
430 536
430 545
430 555
430 565
430 567
430 569
430 574
430 577
430 579
430 592
430 593
430 595
430 596
430 598
430 601
430 602
430 603
430 604
430 605
430 607
430 608
430 611
430 612
430 616
430 619
430 623
430 627
430 630
430 631
430 635
430 640
430 643
430 645
430 650
430 653
430 656
430 664
430 670
430 673
430 675
430 684
430 686
430 689
430 691
430 695
430 702
430 704
430 705
430 709
430 714
430 715
430 719
430 723
430 724
430 726
430 727
430 731
430 738
430 740
430 741
430 743
430 744
430 745
430 747
430 752
430 759
430 761
430 767
430 777
430 783
430 785
430 789
430 790
430 794
430 795
430 801
430 804
430 805
430 808
430 812
430 816
430 820
430 822
430 823
430 824
430 825
430 826
430 829
430 841
430 843
430 844
430 846
430 848
430 853
430 855
430 856
430 857
430 858
430 863
430 867
430 869
430 870
430 871
430 872
430 880
430 881
430 885
430 886
430 888
430 890
430 891
430 892
430 893
430 894
430 897
430 900
430 909
430 911
430 912
430 915
430 917
430 927
430 928
430 930
430 940
430 942
430 944
430 947
430 953
430 957
430 966
430 967
430 970
430 973
430 975
430 976
430 977
430 982
430 983
430 986
430 989
430 990
430 993
430 995
430 999
430 1000
431 502
431 503
431 504
431 516
431 521
431 525
431 526
431 528
431 530
431 537
431 540
431 543
431 550
431 551
431 555
431 557
431 558
431 560
431 562
431 565
431 566
431 573
431 575
431 576
431 580
431 584
431 586
431 588
431 594
431 598
431 600
431 601
431 602
431 604
431 605
431 609
431 614
431 616
431 624
431 628
431 629
431 632
431 634
431 643
431 644
431 646
431 647
431 648
431 649
431 651
431 652
431 653
431 661
431 666
431 667
431 668
431 669
431 670
431 671
431 672
431 676
431 677
431 682
431 683
431 685
431 689
431 690
431 694
431 699
431 700
431 701
431 702
431 705
431 706
431 708
431 712
431 713
431 737
431 738
431 750
431 753
431 754
431 761
431 763
431 764
431 765
431 767
431 774
431 776
431 777
431 781
431 783
431 785
431 788
431 797
431 803
431 829
431 830
431 832
431 834
431 840
431 841
431 846
431 847
431 853
431 856
431 859
431 867
431 868
431 870
431 872
431 878
431 879
431 881
431 883
431 889
431 891
431 892
431 903
431 907
431 908
431 909
431 913
431 916
431 919
431 921
431 925
431 926
431 934
431 935
431 937
431 938
431 940
431 945
431 946
431 950
431 963
431 964
431 977
431 979
431 981
431 982
431 983
431 992
431 995
431 997
432 502
432 506
432 507
432 512
432 515
432 516
432 522
432 525
432 527
432 530
432 531
432 533
432 535
432 536
432 538
432 544
432 547
432 550
432 554
432 557
432 564
432 565
432 567
432 571
432 575
432 577
432 578
432 580
432 585
432 587
432 588
432 592
432 593
432 594
432 596
432 597
432 601
432 605
432 611
432 612
432 616
432 617
432 618
432 622
432 623
432 624
432 625
432 627
432 633
432 634
432 635
432 637
432 638
432 644
432 645
432 646
432 647
432 650
432 653
432 658
432 666
432 671
432 672
432 674
432 681
432 683
432 689
432 692
432 696
432 697
432 700
432 701
432 703
432 710
432 711
432 714
432 715
432 718
432 719
432 723
432 725
432 727
432 732
432 734
432 735
432 736
432 738
432 742
432 743
432 750
432 753
432 757
432 758
432 759
432 760
432 761
432 763
432 766
432 770
432 771
432 773
432 774
432 775
432 781
432 782
432 783
432 786
432 790
432 791
432 795
432 798
432 806
432 808
432 809
432 812
432 815
432 819
432 820
432 821
432 831
432 834
432 838
432 840
432 841
432 842
432 843
432 846
432 852
432 853
432 855
432 862
432 863
432 865
432 866
432 867
432 869
432 870
432 871
432 876
432 877
432 881
432 884
432 887
432 892
432 894
432 895
432 898
432 900
432 905
432 909
432 912
432 916
432 917
432 918
432 920
432 921
432 923
432 925
432 926
432 927
432 935
432 940
432 942
432 943
432 946
432 948
432 949
432 953
432 957
432 958
432 959
432 963
432 964
432 968
432 969
432 970
432 971
432 973
432 979
432 982
432 985
432 991
432 992
432 996
433 503
433 504
433 508
433 514
433 521
433 522
433 544
433 549
433 554
433 556
433 557
433 569
433 570
433 574
433 578
433 580
433 583
433 585
433 590
433 593
433 594
433 596
433 597
433 598
433 604
433 607
433 619
433 622
433 623
433 636
433 639
433 648
433 649
433 650
433 656
433 659
433 660
433 662
433 663
433 666
433 667
433 671
433 673
433 674
433 676
433 679
433 681
433 688
433 692
433 694
433 699
433 707
433 708
433 710
433 719
433 721
433 722
433 732
433 734
433 737
433 743
433 747
433 753
433 754
433 756
433 759
433 761
433 762
433 767
433 772
433 774
433 775
433 776
433 779
433 781
433 782
433 787
433 789
433 790
433 798
433 814
433 817
433 818
433 824
433 832
433 834
433 842
433 843
433 847
433 848
433 850
433 851
433 852
433 855
433 856
433 861
433 862
433 864
433 865
433 872
433 876
433 879
433 883
433 884
433 887
433 888
433 892
433 894
433 895
433 896
433 900
433 904
433 907
433 915
433 921
433 922
433 926
433 934
433 937
433 941
433 942
433 943
433 953
433 956
433 957
433 958
433 972
433 975
433 979
433 981
433 984
433 986
433 987
433 989
433 990
433 991
433 992
433 993
433 994
433 996
433 998
434 504
434 508
434 515
434 516
434 517
434 519
434 528
434 532
434 533
434 542
434 543
434 549
434 550
434 551
434 553
434 558
434 559
434 560
434 562
434 564
434 568
434 569
434 574
434 580
434 581
434 586
434 588
434 590
434 594
434 596
434 597
434 598
434 604
434 610
434 613
434 614
434 622
434 623
434 624
434 627
434 633
434 634
434 635
434 636
434 637
434 638
434 642
434 647
434 653
434 658
434 661
434 670
434 672
434 673
434 676
434 678
434 681
434 683
434 687
434 701
434 704
434 708
434 709
434 713
434 720
434 724
434 734
434 744
434 745
434 746
434 749
434 756
434 757
434 758
434 764
434 765
434 770
434 771
434 772
434 774
434 775
434 777
434 778
434 781
434 785
434 786
434 792
434 797
434 798
434 799
434 801
434 804
434 808
434 813
434 819
434 820
434 828
434 829
434 831
434 838
434 843
434 846
434 848
434 853
434 854
434 855
434 856
434 865
434 869
434 874
434 875
434 878
434 882
434 885
434 887
434 888
434 891
434 893
434 898
434 904
434 906
434 911
434 918
434 922
434 925
434 937
434 941
434 942
434 943
434 944
434 946
434 947
434 950
434 953
434 955
434 958
434 966
434 976
434 978
434 980
434 982
434 988
434 989
434 999
435 501
435 507
435 508
435 509
435 512
435 515
435 523
435 527
435 531
435 533
435 534
435 537
435 540
435 543
435 547
435 549
435 550
435 552
435 553
435 554
435 557
435 565
435 570
435 574
435 576
435 578
435 586
435 588
435 589
435 590
435 592
435 595
435 597
435 598
435 600
435 603
435 604
435 608
435 614
435 617
435 621
435 623
435 628
435 632
435 634
435 638
435 649
435 654
435 672
435 674
435 675
435 683
435 687
435 688
435 691
435 692
435 694
435 695
435 697
435 710
435 711
435 715
435 727
435 729
435 731
435 735
435 737
435 742
435 750
435 762
435 764
435 767
435 768
435 769
435 770
435 773
435 778
435 789
435 790
435 792
435 794
435 795
435 802
435 804
435 813
435 817
435 818
435 819
435 820
435 825
435 833
435 841
435 845
435 847
435 861
435 862
435 864
435 869
435 870
435 871
435 872
435 873
435 878
435 887
435 890
435 891
435 892
435 893
435 895
435 898
435 901
435 902
435 904
435 913
435 916
435 919
435 921
435 922
435 923
435 927
435 928
435 929
435 933
435 934
435 940
435 942
435 950
435 954
435 955
435 959
435 968
435 969
435 970
435 972
435 980
435 982
435 991
435 993
435 998
435 1000
436 501
436 503
436 506
436 509
436 510
436 511
436 519
436 526
436 527
436 528
436 530
436 533
436 536
436 541
436 542
436 553
436 554
436 559
436 561
436 565
436 567
436 573
436 575
436 577
436 578
436 581
436 584
436 585
436 586
436 587
436 589
436 592
436 594
436 597
436 598
436 599
436 606
436 610
436 612
436 615
436 617
436 621
436 628
436 633
436 637
436 638
436 640
436 642
436 649
436 650
436 654
436 660
436 669
436 670
436 681
436 682
436 683
436 688
436 690
436 693
436 703
436 704
436 705
436 714
436 719
436 722
436 723
436 725
436 726
436 729
436 731
436 732
436 741
436 749
436 750
436 760
436 762
436 763
436 765
436 766
436 771
436 773
436 778
436 781
436 782
436 790
436 795
436 796
436 808
436 810
436 811
436 813
436 825
436 826
436 829
436 831
436 832
436 834
436 837
436 846
436 848
436 850
436 851
436 852
436 855
436 862
436 866
436 867
436 869
436 870
436 871
436 876
436 878
436 879
436 880
436 884
436 885
436 888
436 889
436 891
436 893
436 894
436 899
436 902
436 907
436 911
436 917
436 918
436 921
436 930
436 931
436 934
436 937
436 939
436 940
436 944
436 949
436 954
436 957
436 958
436 961
436 964
436 968
436 975
436 978
436 980
436 984
436 988
436 990
436 991
436 993
436 996
436 997
436 998
437 505
437 509
437 516
437 517
437 521
437 526
437 527
437 528
437 530
437 534
437 536
437 538
437 539
437 542
437 547
437 550
437 552
437 554
437 557
437 559
437 561
437 566
437 567
437 572
437 575
437 576
437 581
437 586
437 593
437 594
437 596
437 606
437 607
437 612
437 613
437 614
437 626
437 629
437 633
437 635
437 645
437 646
437 654
437 660
437 663
437 669
437 679
437 681
437 682
437 683
437 684
437 686
437 688
437 694
437 697
437 702
437 704
437 705
437 709
437 710
437 713
437 722
437 726
437 727
437 729
437 733
437 739
437 740
437 754
437 757
437 764
437 769
437 772
437 775
437 784
437 785
437 789
437 793
437 798
437 801
437 807
437 809
437 811
437 813
437 817
437 818
437 820
437 821
437 822
437 826
437 828
437 831
437 832
437 835
437 838
437 846
437 848
437 849
437 850
437 852
437 854
437 861
437 864
437 865
437 872
437 875
437 879
437 881
437 886
437 887
437 896
437 905
437 907
437 910
437 912
437 914
437 917
437 918
437 920
437 921
437 926
437 927
437 932
437 933
437 935
437 937
437 942
437 943
437 945
437 948
437 949
437 958
437 959
437 961
437 963
437 966
437 973
437 974
437 976
437 977
437 978
437 981
437 982
437 992
437 996
437 999
438 503
438 504
438 506
438 512
438 513
438 514
438 523
438 524
438 531
438 534
438 536
438 539
438 541
438 543
438 544
438 550
438 551
438 554
438 557
438 563
438 564
438 578
438 579
438 581
438 584
438 585
438 586
438 588
438 591
438 594
438 598
438 599
438 610
438 616
438 620
438 625
438 626
438 630
438 641
438 645
438 648
438 649
438 653
438 654
438 659
438 661
438 662
438 666
438 668
438 672
438 673
438 674
438 677
438 679
438 681
438 682
438 686
438 693
438 696
438 698
438 700
438 703
438 707
438 709
438 716
438 717
438 722
438 730
438 731
438 735
438 736
438 738
438 739
438 751
438 754
438 755
438 757
438 760
438 762
438 764
438 766
438 769
438 770
438 771
438 782
438 783
438 784
438 785
438 786
438 791
438 798
438 799
438 800
438 802
438 807
438 813
438 814
438 816
438 817
438 819
438 821
438 831
438 834
438 840
438 842
438 843
438 845
438 846
438 848
438 849
438 852
438 855
438 857
438 858
438 870
438 871
438 875
438 876
438 877
438 878
438 881
438 885
438 886
438 888
438 890
438 891
438 892
438 896
438 897
438 900
438 903
438 906
438 908
438 910
438 919
438 923
438 924
438 925
438 930
438 932
438 935
438 938
438 940
438 945
438 946
438 948
438 949
438 958
438 959
438 960
438 961
438 966
438 969
438 970
438 974
438 977
438 983
438 989
438 993
438 995
438 997
438 1000
439 505
439 515
439 516
439 517
439 518
439 522
439 523
439 526
439 528
439 530
439 531
439 534
439 536
439 541
439 544
439 545
439 547
439 551
439 553
439 554
439 556
439 561
439 565
439 566
439 569
439 577
439 583
439 585
439 588
439 591
439 599
439 600
439 602
439 606
439 607
439 608
439 610
439 615
439 618
439 619
439 623
439 626
439 630
439 633
439 634
439 636
439 637
439 639
439 641
439 645
439 647
439 648
439 649
439 650
439 653
439 664
439 666
439 667
439 668
439 673
439 676
439 677
439 686
439 687
439 688
439 697
439 705
439 706
439 709
439 716
439 719
439 721
439 724
439 725
439 729
439 732
439 733
439 736
439 737
439 744
439 749
439 752
439 753
439 761
439 763
439 769
439 774
439 776
439 778
439 779
439 782
439 783
439 789
439 790
439 793
439 795
439 799
439 801
439 803
439 804
439 812
439 815
439 820
439 821
439 822
439 823
439 824
439 835
439 838
439 840
439 842
439 843
439 844
439 845
439 846
439 851
439 853
439 856
439 857
439 862
439 863
439 869
439 876
439 877
439 881
439 882
439 885
439 892
439 893
439 902
439 904
439 907
439 911
439 916
439 917
439 918
439 920
439 924
439 926
439 934
439 937
439 938
439 944
439 945
439 949
439 952
439 953
439 955
439 956
439 961
439 970
439 976
439 978
439 981
439 985
439 992
439 999
439 1000
440 503
440 505
440 509
440 513
440 514
440 515
440 516
440 522
440 530
440 532
440 540
440 545
440 549
440 554
440 557
440 563
440 566
440 567
440 571
440 575
440 577
440 578
440 586
440 587
440 589
440 590
440 592
440 593
440 598
440 601
440 603
440 610
440 611
440 618
440 624
440 627
440 639
440 640
440 651
440 653
440 656
440 657
440 661
440 668
440 671
440 673
440 677
440 679
440 682
440 683
440 686
440 688
440 689
440 691
440 692
440 693
440 694
440 696
440 697
440 698
440 709
440 711
440 712
440 716
440 718
440 726
440 728
440 731
440 732
440 736
440 739
440 740
440 746
440 752
440 754
440 760
440 761
440 767
440 768
440 774
440 777
440 784
440 786
440 789
440 792
440 793
440 794
440 796
440 800
440 801
440 807
440 808
440 809
440 810
440 811
440 816
440 820
440 821
440 825
440 829
440 834
440 836
440 837
440 840
440 841
440 843
440 844
440 845
440 846
440 855
440 857
440 865
440 866
440 869
440 871
440 874
440 877
440 888
440 891
440 895
440 896
440 898
440 899
440 902
440 904
440 906
440 907
440 912
440 914
440 916
440 917
440 918
440 921
440 922
440 925
440 927
440 932
440 933
440 937
440 939
440 941
440 943
440 945
440 948
440 953
440 954
440 955
440 956
440 958
440 962
440 965
440 970
440 971
440 979
440 981
440 983
440 990
440 991
440 993
440 998
440 999
440 1000
441 504
441 505
441 506
441 511
441 514
441 517
441 518
441 521
441 522
441 526
441 527
441 530
441 532
441 536
441 538
441 546
441 548
441 553
441 555
441 559
441 560
441 562
441 563
441 566
441 570
441 576
441 577
441 581
441 583
441 584
441 587
441 590
441 591
441 596
441 601
441 605
441 607
441 609
441 612
441 613
441 614
441 619
441 622
441 624
441 625
441 627
441 632
441 634
441 636
441 637
441 638
441 639
441 641
441 647
441 648
441 652
441 659
441 662
441 664
441 665
441 670
441 675
441 678
441 679
441 681
441 682
441 688
441 690
441 697
441 701
441 702
441 704
441 707
441 708
441 709
441 711
441 714
441 717
441 725
441 729
441 730
441 731
441 732
441 734
441 738
441 740
441 744
441 746
441 747
441 750
441 751
441 757
441 762
441 768
441 772
441 773
441 775
441 776
441 777
441 778
441 782
441 786
441 794
441 795
441 796
441 806
441 809
441 813
441 817
441 818
441 822
441 825
441 827
441 830
441 831
441 835
441 840
441 841
441 845
441 850
441 853
441 864
441 871
441 872
441 876
441 881
441 883
441 890
441 893
441 894
441 895
441 896
441 900
441 901
441 913
441 916
441 917
441 925
441 929
441 933
441 940
441 941
441 942
441 943
441 944
441 946
441 948
441 949
441 952
441 953
441 955
441 956
441 957
441 963
441 968
441 969
441 979
441 981
441 985
441 989
441 994
442 502
442 508
442 517
442 518
442 531
442 536
442 537
442 540
442 542
442 545
442 548
442 551
442 552
442 554
442 557
442 559
442 562
442 568
442 570
442 572
442 574
442 583
442 585
442 586
442 589
442 590
442 593
442 594
442 595
442 597
442 599
442 600
442 603
442 606
442 607
442 608
442 613
442 614
442 618
442 619
442 622
442 623
442 629
442 631
442 635
442 637
442 638
442 643
442 645
442 646
442 647
442 648
442 662
442 666
442 671
442 681
442 686
442 688
442 689
442 693
442 695
442 697
442 699
442 700
442 703
442 705
442 706
442 707
442 709
442 717
442 722
442 723
442 731
442 732
442 733
442 736
442 740
442 743
442 745
442 747
442 748
442 749
442 751
442 753
442 757
442 759
442 762
442 767
442 770
442 771
442 772
442 773
442 775
442 779
442 785
442 787
442 788
442 792
442 795
442 797
442 801
442 804
442 805
442 809
442 811
442 812
442 815
442 817
442 818
442 822
442 828
442 837
442 839
442 841
442 848
442 856
442 864
442 870
442 871
442 878
442 881
442 883
442 884
442 887
442 893
442 897
442 901
442 905
442 906
442 909
442 913
442 921
442 928
442 932
442 937
442 942
442 943
442 947
442 950
442 954
442 957
442 960
442 962
442 963
442 965
442 967
442 968
442 971
442 972
442 977
442 981
442 985
442 989
442 990
442 993
442 994
442 996
442 998
442 999
443 502
443 506
443 507
443 508
443 511
443 523
443 525
443 526
443 528
443 532
443 533
443 534
443 537
443 538
443 540
443 544
443 549
443 552
443 553
443 564
443 565
443 567
443 569
443 577
443 581
443 585
443 594
443 597
443 598
443 600
443 604
443 606
443 610
443 614
443 616
443 617
443 618
443 620
443 623
443 625
443 626
443 629
443 631
443 635
443 636
443 640
443 645
443 647
443 648
443 649
443 650
443 654
443 657
443 658
443 660
443 661
443 662
443 667
443 668
443 669
443 670
443 671
443 674
443 678
443 680
443 681
443 682
443 684
443 686
443 693
443 694
443 697
443 700
443 702
443 704
443 706
443 707
443 711
443 715
443 716
443 717
443 721
443 726
443 728
443 729
443 731
443 732
443 734
443 740
443 742
443 746
443 747
443 748
443 752
443 759
443 764
443 767
443 770
443 774
443 776
443 782
443 783
443 784
443 787
443 790
443 795
443 798
443 804
443 808
443 809
443 810
443 811
443 813
443 815
443 824
443 830
443 831
443 833
443 836
443 840
443 841
443 844
443 847
443 849
443 850
443 851
443 853
443 859
443 864
443 865
443 869
443 880
443 883
443 892
443 893
443 902
443 908
443 912
443 913
443 916
443 925
443 928
443 931
443 932
443 935
443 941
443 942
443 943
443 945
443 948
443 949
443 956
443 959
443 960
443 963
443 965
443 966
443 967
443 969
443 975
443 976
443 977
443 983
443 996
443 998
444 506
444 507
444 508
444 510
444 512
444 514
444 519
444 521
444 522
444 529
444 533
444 536
444 538
444 547
444 550
444 553
444 554
444 555
444 561
444 564
444 567
444 570
444 574
444 582
444 587
444 588
444 593
444 598
444 605
444 611
444 613
444 617
444 618
444 619
444 623
444 631
444 645
444 646
444 647
444 649
444 650
444 651
444 653
444 659
444 660
444 662
444 666
444 672
444 675
444 677
444 679
444 683
444 686
444 687
444 688
444 692
444 701
444 702
444 703
444 707
444 711
444 713
444 714
444 726
444 728
444 731
444 734
444 739
444 744
444 747
444 750
444 753
444 754
444 756
444 757
444 758
444 759
444 760
444 761
444 763
444 765
444 767
444 768
444 769
444 770
444 775
444 778
444 791
444 793
444 797
444 800
444 803
444 804
444 807
444 810
444 812
444 814
444 817
444 819
444 820
444 821
444 823
444 826
444 832
444 837
444 838
444 839
444 843
444 846
444 847
444 849
444 850
444 853
444 855
444 857
444 859
444 860
444 865
444 868
444 876
444 877
444 878
444 884
444 896
444 900
444 902
444 903
444 904
444 906
444 912
444 916
444 920
444 929
444 934
444 937
444 939
444 941
444 945
444 947
444 952
444 953
444 955
444 957
444 960
444 961
444 968
444 969
444 973
444 976
444 978
444 979
444 982
444 985
444 987
444 990
444 996
444 1000
445 501
445 502
445 503
445 505
445 509
445 515
445 516
445 520
445 521
445 523
445 524
445 526
445 530
445 531
445 532
445 534
445 537
445 538
445 540
445 542
445 543
445 544
445 549
445 551
445 556
445 557
445 560
445 565
445 566
445 570
445 577
445 583
445 588
445 591
445 593
445 595
445 596
445 597
445 598
445 601
445 602
445 603
445 604
445 609
445 610
445 614
445 623
445 628
445 631
445 634
445 637
445 646
445 652
445 657
445 667
445 668
445 674
445 684
445 687
445 691
445 694
445 696
445 697
445 702
445 703
445 707
445 708
445 711
445 724
445 726
445 727
445 728
445 729
445 733
445 734
445 739
445 741
445 747
445 748
445 750
445 752
445 756
445 765
445 767
445 773
445 778
445 781
445 783
445 784
445 788
445 789
445 790
445 794
445 796
445 798
445 801
445 805
445 809
445 813
445 814
445 819
445 820
445 822
445 829
445 832
445 843
445 844
445 850
445 851
445 859
445 864
445 868
445 873
445 878
445 879
445 884
445 888
445 894
445 895
445 896
445 897
445 899
445 905
445 910
445 911
445 912
445 913
445 916
445 917
445 920
445 923
445 927
445 932
445 933
445 934
445 949
445 952
445 961
445 965
445 970
445 971
445 972
445 974
445 975
445 977
445 978
445 981
445 983
445 984
445 987
445 996
445 997
446 501
446 502
446 506
446 513
446 515
446 516
446 528
446 530
446 535
446 536
446 538
446 539
446 540
446 541
446 542
446 544
446 545
446 551
446 558
446 563
446 564
446 566
446 571
446 572
446 573
446 575
446 576
446 579
446 583
446 584
446 587
446 591
446 592
446 594
446 597
446 599
446 600
446 602
446 604
446 605
446 607
446 610
446 612
446 615
446 618
446 625
446 629
446 632
446 641
446 643
446 648
446 653
446 654
446 655
446 657
446 659
446 662
446 663
446 665
446 666
446 674
446 675
446 678
446 681
446 683
446 685
446 686
446 696
446 698
446 701
446 702
446 705
446 709
446 713
446 718
446 719
446 725
446 727
446 728
446 731
446 738
446 740
446 743
446 744
446 746
446 754
446 755
446 758
446 762
446 766
446 773
446 776
446 777
446 778
446 782
446 792
446 793
446 795
446 797
446 799
446 800
446 805
446 811
446 815
446 819
446 820
446 823
446 826
446 827
446 829
446 831
446 834
446 835
446 844
446 846
446 847
446 849
446 850
446 851
446 853
446 863
446 866
446 869
446 876
446 877
446 880
446 884
446 888
446 892
446 894
446 897
446 899
446 907
446 915
446 921
446 924
446 926
446 930
446 931
446 932
446 934
446 935
446 937
446 941
446 943
446 945
446 946
446 951
446 952
446 957
446 958
446 959
446 961
446 964
446 969
446 970
446 972
446 975
446 979
446 980
446 981
446 982
446 984
446 994
447 502
447 506
447 521
447 523
447 525
447 528
447 533
447 538
447 540
447 542
447 543
447 548
447 551
447 552
447 557
447 561
447 565
447 567
447 570
447 571
447 572
447 574
447 575
447 576
447 580
447 584
447 585
447 587
447 592
447 602
447 606
447 611
447 614
447 615
447 616
447 620
447 622
447 624
447 638
447 640
447 644
447 645
447 653
447 654
447 655
447 656
447 660
447 661
447 665
447 666
447 667
447 672
447 675
447 680
447 683
447 687
447 690
447 698
447 699
447 702
447 703
447 706
447 708
447 709
447 715
447 721
447 724
447 727
447 731
447 740
447 747
447 753
447 754
447 755
447 756
447 758
447 766
447 769
447 774
447 775
447 776
447 781
447 783
447 785
447 787
447 788
447 790
447 794
447 795
447 799
447 805
447 813
447 815
447 821
447 829
447 832
447 838
447 839
447 849
447 856
447 859
447 864
447 870
447 874
447 876
447 877
447 880
447 885
447 886
447 888
447 892
447 893
447 894
447 896
447 901
447 902
447 911
447 912
447 917
447 918
447 923
447 926
447 928
447 930
447 932
447 933
447 945
447 946
447 947
447 948
447 950
447 951
447 952
447 953
447 954
447 958
447 965
447 968
447 969
447 970
447 974
447 976
447 984
447 987
447 995
448 501
448 505
448 510
448 513
448 515
448 521
448 524
448 527
448 533
448 536
448 538
448 545
448 547
448 548
448 553
448 557
448 563
448 573
448 576
448 580
448 588
448 590
448 592
448 601
448 603
448 607
448 609
448 610
448 613
448 614
448 619
448 623
448 625
448 627
448 628
448 629
448 630
448 632
448 633
448 636
448 640
448 642
448 646
448 647
448 652
448 660
448 661
448 664
448 667
448 668
448 670
448 673
448 674
448 675
448 678
448 679
448 681
448 687
448 692
448 696
448 699
448 703
448 713
448 716
448 740
448 743
448 757
448 761
448 762
448 766
448 771
448 772
448 773
448 778
448 779
448 781
448 783
448 788
448 791
448 796
448 798
448 799
448 802
448 806
448 810
448 816
448 818
448 819
448 822
448 826
448 830
448 832
448 837
448 840
448 841
448 844
448 845
448 847
448 853
448 858
448 860
448 861
448 862
448 863
448 866
448 868
448 873
448 874
448 880
448 887
448 889
448 890
448 893
448 896
448 898
448 904
448 909
448 912
448 913
448 914
448 922
448 923
448 926
448 929
448 934
448 945
448 946
448 952
448 956
448 960
448 962
448 964
448 973
448 982
448 985
448 989
448 993
448 999
448 1000
449 505
449 508
449 518
449 520
449 521
449 524
449 528
449 531
449 532
449 535
449 536
449 539
449 541
449 545
449 548
449 559
449 564
449 568
449 575
449 576
449 589
449 592
449 593
449 598
449 599
449 601
449 602
449 603
449 607
449 609
449 615
449 617
449 623
449 625
449 627
449 631
449 634
449 635
449 649
449 653
449 654
449 656
449 662
449 663
449 664
449 666
449 668
449 675
449 678
449 682
449 685
449 686
449 695
449 696
449 697
449 707
449 711
449 712
449 713
449 714
449 715
449 718
449 719
449 722
449 727
449 728
449 734
449 735
449 736
449 742
449 743
449 745
449 748
449 754
449 756
449 758
449 759
449 768
449 769
449 772
449 774
449 779
449 780
449 783
449 787
449 790
449 793
449 794
449 796
449 801
449 807
449 820
449 821
449 827
449 831
449 833
449 840
449 842
449 844
449 850
449 853
449 856
449 858
449 859
449 860
449 862
449 864
449 866
449 875
449 878
449 880
449 896
449 897
449 901
449 902
449 905
449 914
449 917
449 918
449 920
449 922
449 933
449 937
449 938
449 940
449 941
449 943
449 945
449 948
449 956
449 962
449 963
449 966
449 967
449 969
449 971
449 973
449 976
449 979
449 985
449 989
449 995
449 996
450 503
450 505
450 511
450 512
450 517
450 518
450 519
450 531
450 533
450 534
450 536
450 541
450 549
450 550
450 554
450 557
450 560
450 561
450 564
450 567
450 570
450 571
450 573
450 578
450 580
450 583
450 585
450 586
450 593
450 595
450 601
450 602
450 605
450 608
450 617
450 622
450 624
450 639
450 644
450 647
450 649
450 652
450 654
450 655
450 662
450 668
450 669
450 670
450 676
450 679
450 681
450 684
450 685
450 689
450 690
450 693
450 694
450 697
450 700
450 702
450 705
450 706
450 707
450 711
450 715
450 717
450 722
450 726
450 730
450 731
450 739
450 742
450 745
450 747
450 750
450 753
450 754
450 756
450 757
450 765
450 768
450 770
450 772
450 775
450 777
450 778
450 779
450 782
450 787
450 788
450 795
450 796
450 800
450 802
450 803
450 809
450 811
450 813
450 814
450 815
450 817
450 821
450 824
450 825
450 829
450 832
450 838
450 840
450 841
450 844
450 849
450 851
450 853
450 854
450 861
450 868
450 870
450 871
450 875
450 877
450 879
450 882
450 891
450 892
450 894
450 895
450 897
450 902
450 903
450 904
450 910
450 915
450 918
450 919
450 922
450 924
450 932
450 938
450 943
450 944
450 946
450 947
450 949
450 952
450 955
450 960
450 967
450 969
450 970
450 978
450 981
450 985
450 986
450 987
450 989
450 991
450 995
450 997
451 503
451 506
451 511
451 517
451 521
451 524
451 525
451 534
451 535
451 540
451 542
451 549
451 554
451 564
451 565
451 568
451 575
451 576
451 577
451 579
451 583
451 584
451 585
451 586
451 589
451 592
451 597
451 598
451 600
451 607
451 615
451 622
451 624
451 626
451 633
451 637
451 643
451 644
451 647
451 653
451 659
451 671
451 676
451 678
451 680
451 681
451 685
451 690
451 692
451 698
451 699
451 700
451 701
451 703
451 704
451 705
451 707
451 710
451 716
451 723
451 726
451 727
451 728
451 733
451 734
451 735
451 738
451 741
451 747
451 748
451 751
451 753
451 754
451 756
451 757
451 758
451 762
451 763
451 767
451 768
451 773
451 775
451 780
451 788
451 793
451 794
451 796
451 803
451 806
451 808
451 809
451 813
451 814
451 821
451 825
451 840
451 846
451 847
451 849
451 850
451 853
451 863
451 864
451 868
451 871
451 877
451 879
451 881
451 885
451 887
451 889
451 892
451 897
451 898
451 899
451 902
451 903
451 904
451 907
451 908
451 910
451 913
451 916
451 917
451 918
451 923
451 924
451 925
451 930
451 936
451 937
451 939
451 944
451 950
451 956
451 958
451 959
451 962
451 963
451 970
451 971
451 978
451 980
451 982
451 986
451 987
451 996
451 1000
452 503
452 507
452 508
452 511
452 521
452 522
452 532
452 542
452 544
452 547
452 548
452 549
452 552
452 557
452 563
452 564
452 565
452 572
452 574
452 577
452 579
452 580
452 581
452 584
452 590
452 593
452 594
452 603
452 605
452 609
452 617
452 618
452 624
452 628
452 633
452 635
452 639
452 642
452 645
452 647
452 649
452 654
452 657
452 659
452 661
452 664
452 680
452 686
452 688
452 691
452 698
452 701
452 702
452 703
452 704
452 705
452 706
452 711
452 717
452 718
452 719
452 720
452 721
452 724
452 732
452 733
452 736
452 738
452 740
452 743
452 744
452 748
452 749
452 751
452 754
452 760
452 761
452 768
452 769
452 770
452 771
452 774
452 778
452 791
452 801
452 803
452 805
452 807
452 810
452 814
452 815
452 821
452 824
452 841
452 846
452 850
452 854
452 856
452 857
452 861
452 867
452 870
452 871
452 876
452 877
452 884
452 891
452 897
452 908
452 913
452 914
452 916
452 917
452 919
452 925
452 928
452 934
452 937
452 939
452 940
452 947
452 953
452 954
452 957
452 960
452 966
452 970
452 977
452 986
452 987
452 990
452 995
452 997
453 501
453 502
453 503
453 506
453 509
453 521
453 526
453 527
453 528
453 532
453 536
453 538
453 550
453 553
453 556
453 557
453 562
453 567
453 569
453 570
453 572
453 577
453 578
453 580
453 581
453 584
453 585
453 592
453 595
453 596
453 603
453 604
453 608
453 609
453 614
453 620
453 625
453 627
453 629
453 631
453 633
453 638
453 641
453 642
453 645
453 653
453 661
453 663
453 667
453 669
453 674
453 675
453 680
453 687
453 689
453 690
453 691
453 693
453 694
453 696
453 697
453 708
453 714
453 724
453 725
453 726
453 729
453 730
453 733
453 734
453 739
453 741
453 742
453 744
453 748
453 750
453 752
453 754
453 756
453 761
453 762
453 763
453 764
453 765
453 766
453 767
453 770
453 772
453 773
453 776
453 779
453 781
453 782
453 784
453 790
453 792
453 799
453 800
453 803
453 805
453 809
453 812
453 816
453 817
453 818
453 821
453 826
453 832
453 835
453 840
453 843
453 847
453 850
453 851
453 852
453 854
453 866
453 873
453 874
453 875
453 881
453 884
453 885
453 886
453 889
453 891
453 893
453 895
453 899
453 903
453 905
453 908
453 912
453 915
453 925
453 926
453 928
453 931
453 933
453 934
453 935
453 936
453 938
453 941
453 945
453 946
453 952
453 955
453 956
453 958
453 959
453 960
453 963
453 964
453 970
453 974
453 983
453 984
453 1000
454 503
454 507
454 516
454 521
454 524
454 527
454 528
454 530
454 533
454 534
454 540
454 542
454 543
454 545
454 548
454 549
454 550
454 555
454 557
454 560
454 562
454 565
454 569
454 570
454 573
454 581
454 582
454 584
454 586
454 588
454 591
454 592
454 604
454 608
454 610
454 619
454 622
454 623
454 630
454 633
454 634
454 635
454 636
454 637
454 638
454 643
454 651
454 657
454 659
454 660
454 661
454 664
454 665
454 667
454 670
454 672
454 676
454 680
454 687
454 689
454 691
454 692
454 695
454 699
454 700
454 703
454 704
454 709
454 711
454 714
454 716
454 718
454 723
454 724
454 725
454 729
454 732
454 733
454 735
454 737
454 740
454 754
454 758
454 760
454 761
454 763
454 766
454 770
454 771
454 772
454 773
454 776
454 777
454 781
454 785
454 791
454 794
454 796
454 797
454 798
454 802
454 810
454 813
454 815
454 817
454 819
454 822
454 823
454 825
454 827
454 830
454 831
454 832
454 835
454 837
454 841
454 846
454 848
454 851
454 856
454 861
454 865
454 870
454 871
454 881
454 883
454 884
454 885
454 889
454 892
454 894
454 896
454 900
454 908
454 917
454 921
454 923
454 925
454 927
454 928
454 941
454 948
454 949
454 950
454 953
454 954
454 966
454 968
454 969
454 971
454 976
454 980
454 985
454 991
454 993
454 995
454 997
454 1000
455 504
455 506
455 508
455 512
455 517
455 523
455 527
455 532
455 533
455 534
455 537
455 538
455 539
455 540
455 541
455 542
455 543
455 544
455 545
455 547
455 549
455 551
455 554
455 563
455 565
455 574
455 577
455 584
455 589
455 590
455 593
455 594
455 598
455 599
455 603
455 604
455 606
455 607
455 609
455 618
455 622
455 624
455 625
455 627
455 631
455 637
455 639
455 640
455 643
455 644
455 647
455 651
455 653
455 657
455 659
455 660
455 661
455 663
455 664
455 670
455 672
455 675
455 677
455 678
455 679
455 680
455 689
455 690
455 694
455 698
455 700
455 703
455 704
455 706
455 708
455 710
455 714
455 716
455 717
455 720
455 723
455 726
455 731
455 733
455 737
455 741
455 742
455 746
455 747
455 750
455 753
455 759
455 760
455 764
455 766
455 769
455 770
455 771
455 773
455 775
455 783
455 786
455 788
455 789
455 790
455 797
455 799
455 801
455 805
455 810
455 818
455 820
455 822
455 824
455 831
455 840
455 842
455 844
455 846
455 847
455 849
455 851
455 853
455 854
455 856
455 859
455 860
455 862
455 864
455 866
455 873
455 877
455 879
455 889
455 891
455 899
455 910
455 914
455 916
455 918
455 928
455 931
455 938
455 940
455 943
455 947
455 948
455 949
455 950
455 955
455 957
455 958
455 968
455 972
455 973
455 974
455 975
455 981
455 987
455 993
455 994
455 995
456 506
456 507
456 509
456 516
456 519
456 520
456 521
456 522
456 525
456 526
456 527
456 532
456 537
456 545
456 547
456 557
456 561
456 573
456 574
456 575
456 577
456 584
456 591
456 593
456 594
456 596
456 597
456 605
456 610
456 611
456 618
456 621
456 624
456 631
456 633
456 634
456 637
456 640
456 643
456 648
456 659
456 661
456 663
456 664
456 665
456 669
456 672
456 676
456 680
456 681
456 685
456 686
456 688
456 689
456 690
456 691
456 693
456 698
456 699
456 704
456 706
456 711
456 714
456 715
456 716
456 717
456 720
456 721
456 726
456 728
456 729
456 732
456 736
456 743
456 745
456 747
456 753
456 765
456 767
456 769
456 772
456 776
456 786
456 788
456 789
456 798
456 799
456 804
456 809
456 811
456 814
456 815
456 816
456 826
456 832
456 833
456 835
456 836
456 840
456 841
456 842
456 845
456 846
456 848
456 852
456 854
456 860
456 861
456 862
456 863
456 866
456 868
456 870
456 873
456 875
456 877
456 879
456 882
456 883
456 891
456 894
456 899
456 901
456 902
456 905
456 910
456 911
456 913
456 916
456 922
456 923
456 928
456 933
456 939
456 941
456 954
456 955
456 957
456 961
456 970
456 975
456 978
456 980
456 982
456 984
456 985
456 987
456 993
456 1000
457 503
457 504
457 505
457 510
457 515
457 516
457 518
457 521
457 522
457 525
457 526
457 530
457 533
457 539
457 542
457 543
457 544
457 554
457 557
457 559
457 563
457 570
457 576
457 581
457 582
457 590
457 591
457 596
457 600
457 604
457 607
457 614
457 619
457 623
457 630
457 635
457 637
457 638
457 640
457 646
457 651
457 653
457 654
457 655
457 663
457 665
457 668
457 672
457 678
457 679
457 680
457 686
457 691
457 693
457 696
457 700
457 701
457 702
457 704
457 706
457 710
457 715
457 717
457 723
457 731
457 732
457 737
457 738
457 740
457 742
457 744
457 759
457 760
457 763
457 764
457 765
457 767
457 768
457 769
457 770
457 781
457 782
457 786
457 790
457 791
457 796
457 800
457 801
457 804
457 805
457 807
457 808
457 811
457 814
457 816
457 817
457 833
457 836
457 837
457 839
457 840
457 841
457 849
457 850
457 852
457 863
457 866
457 868
457 869
457 870
457 872
457 873
457 876
457 880
457 882
457 886
457 889
457 892
457 894
457 899
457 900
457 905
457 906
457 911
457 916
457 917
457 918
457 920
457 921
457 923
457 925
457 929
457 935
457 936
457 942
457 943
457 946
457 951
457 953
457 955
457 960
457 963
457 964
457 965
457 966
457 970
457 977
457 980
457 986
457 988
457 996
457 998
457 999
458 503
458 509
458 510
458 511
458 520
458 521
458 523
458 524
458 526
458 527
458 531
458 543
458 545
458 548
458 551
458 554
458 555
458 556
458 558
458 559
458 567
458 569
458 575
458 581
458 582
458 583
458 586
458 588
458 595
458 597
458 599
458 602
458 604
458 609
458 610
458 612
458 614
458 620
458 625
458 631
458 632
458 633
458 636
458 638
458 642
458 643
458 644
458 645
458 659
458 668
458 670
458 672
458 678
458 684
458 685
458 688
458 689
458 690
458 693
458 699
458 702
458 707
458 709
458 717
458 721
458 727
458 733
458 734
458 736
458 738
458 741
458 745
458 748
458 753
458 755
458 756
458 759
458 765
458 766
458 768
458 769
458 770
458 779
458 798
458 799
458 803
458 804
458 805
458 807
458 811
458 814
458 819
458 828
458 831
458 834
458 836
458 837
458 838
458 844
458 846
458 856
458 867
458 870
458 873
458 876
458 878
458 880
458 890
458 895
458 902
458 904
458 905
458 906
458 907
458 909
458 912
458 913
458 915
458 917
458 918
458 919
458 921
458 922
458 923
458 924
458 929
458 934
458 939
458 941
458 943
458 947
458 951
458 956
458 959
458 965
458 968
458 969
458 970
458 972
458 974
458 975
458 977
458 982
458 983
458 984
458 986
458 989
458 996
458 998
459 503
459 505
459 512
459 519
459 521
459 522
459 530
459 534
459 536
459 539
459 546
459 548
459 555
459 556
459 557
459 560
459 562
459 564
459 566
459 569
459 573
459 574
459 587
459 588
459 592
459 601
459 603
459 604
459 607
459 612
459 613
459 617
459 618
459 622
459 623
459 626
459 628
459 633
459 634
459 635
459 636
459 638
459 646
459 654
459 655
459 656
459 659
459 661
459 663
459 664
459 671
459 672
459 680
459 684
459 686
459 688
459 689
459 690
459 698
459 712
459 716
459 717
459 723
459 724
459 727
459 728
459 729
459 730
459 732
459 736
459 742
459 746
459 747
459 752
459 753
459 754
459 755
459 763
459 764
459 770
459 771
459 776
459 780
459 784
459 794
459 800
459 803
459 804
459 816
459 819
459 820
459 826
459 828
459 835
459 836
459 841
459 842
459 848
459 850
459 865
459 868
459 871
459 872
459 876
459 883
459 884
459 887
459 892
459 897
459 898
459 903
459 907
459 910
459 911
459 913
459 914
459 915
459 916
459 921
459 925
459 927
459 928
459 930
459 932
459 933
459 937
459 939
459 943
459 952
459 957
459 964
459 965
459 967
459 970
459 974
459 980
459 984
459 987
459 988
459 992
459 995
460 504
460 508
460 509
460 510
460 515
460 516
460 522
460 525
460 526
460 529
460 539
460 543
460 544
460 547
460 549
460 552
460 553
460 560
460 563
460 565
460 568
460 570
460 573
460 574
460 575
460 578
460 584
460 588
460 590
460 592
460 594
460 595
460 599
460 607
460 609
460 611
460 612
460 613
460 614
460 615
460 617
460 618
460 622
460 632
460 633
460 649
460 653
460 659
460 660
460 661
460 662
460 663
460 668
460 669
460 675
460 678
460 683
460 684
460 691
460 694
460 696
460 698
460 708
460 715
460 719
460 722
460 723
460 725
460 727
460 734
460 736
460 737
460 744
460 746
460 750
460 754
460 756
460 759
460 761
460 770
460 774
460 780
460 782
460 786
460 788
460 790
460 797
460 799
460 801
460 803
460 806
460 807
460 808
460 811
460 812
460 814
460 815
460 817
460 819
460 820
460 822
460 823
460 825
460 836
460 837
460 838
460 839
460 842
460 843
460 844
460 849
460 857
460 859
460 862
460 869
460 870
460 878
460 882
460 883
460 884
460 885
460 894
460 897
460 898
460 900
460 902
460 909
460 910
460 911
460 913
460 914
460 916
460 924
460 928
460 938
460 939
460 940
460 941
460 944
460 946
460 948
460 953
460 955
460 956
460 959
460 960
460 964
460 966
460 967
460 977
460 981
460 984
460 985
460 986
460 987
460 988
460 992
460 994
460 995
460 996
460 998
460 999
460 1000
461 501
461 503
461 508
461 509
461 510
461 513
461 515
461 522
461 538
461 539
461 543
461 552
461 554
461 558
461 559
461 562
461 568
461 572
461 573
461 576
461 578
461 579
461 580
461 587
461 589
461 590
461 597
461 598
461 607
461 611
461 614
461 621
461 630
461 631
461 635
461 636
461 637
461 638
461 645
461 656
461 657
461 659
461 666
461 671
461 675
461 676
461 682
461 686
461 687
461 691
461 697
461 699
461 701
461 705
461 709
461 717
461 718
461 720
461 726
461 734
461 735
461 739
461 740
461 741
461 743
461 744
461 747
461 748
461 750
461 755
461 756
461 758
461 760
461 761
461 764
461 774
461 775
461 776
461 777
461 778
461 780
461 781
461 785
461 786
461 790
461 791
461 793
461 794
461 795
461 798
461 799
461 800
461 801
461 803
461 805
461 806
461 807
461 808
461 815
461 824
461 835
461 838
461 842
461 843
461 851
461 852
461 853
461 855
461 856
461 859
461 862
461 863
461 864
461 865
461 867
461 871
461 877
461 878
461 881
461 885
461 893
461 894
461 906
461 912
461 915
461 923
461 924
461 926
461 933
461 938
461 939
461 943
461 952
461 954
461 956
461 960
461 961
461 962
461 966
461 968
461 973
461 978
461 980
461 981
461 983
461 993
462 504
462 506
462 509
462 511
462 519
462 525
462 528
462 529
462 533
462 539
462 547
462 548
462 557
462 561
462 563
462 568
462 569
462 572
462 574
462 576
462 586
462 589
462 590
462 591
462 593
462 599
462 601
462 605
462 606
462 614
462 617
462 618
462 619
462 631
462 634
462 642
462 644
462 645
462 648
462 649
462 650
462 651
462 658
462 663
462 664
462 667
462 671
462 675
462 676
462 679
462 681
462 693
462 697
462 701
462 702
462 704
462 705
462 706
462 708
462 710
462 711
462 712
462 730
462 735
462 737
462 738
462 742
462 743
462 750
462 753
462 757
462 764
462 765
462 767
462 769
462 771
462 775
462 779
462 782
462 786
462 787
462 788
462 789
462 792
462 794
462 797
462 798
462 799
462 807
462 810
462 811
462 812
462 813
462 814
462 819
462 822
462 826
462 834
462 839
462 842
462 844
462 849
462 850
462 851
462 853
462 856
462 865
462 867
462 874
462 876
462 879
462 881
462 882
462 883
462 891
462 897
462 903
462 905
462 909
462 913
462 915
462 919
462 932
462 938
462 939
462 940
462 941
462 946
462 947
462 948
462 950
462 951
462 954
462 958
462 959
462 960
462 962
462 964
462 967
462 969
462 976
462 979
462 980
462 986
462 988
462 990
462 994
462 996
463 501
463 505
463 507
463 511
463 512
463 518
463 519
463 522
463 526
463 528
463 533
463 539
463 541
463 549
463 550
463 558
463 560
463 561
463 562
463 566
463 578
463 579
463 584
463 591
463 592
463 595
463 596
463 598
463 599
463 600
463 603
463 604
463 606
463 611
463 619
463 635
463 636
463 637
463 639
463 641
463 643
463 644
463 654
463 659
463 663
463 666
463 670
463 672
463 678
463 684
463 687
463 690
463 692
463 696
463 706
463 712
463 719
463 724
463 730
463 731
463 738
463 740
463 743
463 745
463 747
463 748
463 760
463 761
463 767
463 768
463 769
463 772
463 777
463 781
463 783
463 788
463 793
463 798
463 804
463 805
463 807
463 808
463 810
463 811
463 814
463 815
463 817
463 824
463 825
463 826
463 834
463 837
463 845
463 847
463 849
463 850
463 853
463 854
463 855
463 857
463 863
463 864
463 866
463 867
463 872
463 875
463 878
463 880
463 881
463 886
463 887
463 888
463 889
463 896
463 899
463 900
463 903
463 917
463 918
463 921
463 922
463 924
463 929
463 931
463 936
463 940
463 941
463 942
463 944
463 949
463 956
463 961
463 962
463 965
463 967
463 970
463 972
463 980
463 986
463 990
463 992
463 994
463 1000
464 503
464 505
464 506
464 508
464 509
464 515
464 516
464 518
464 519
464 521
464 522
464 523
464 524
464 529
464 531
464 535
464 538
464 541
464 547
464 549
464 550
464 551
464 554
464 557
464 558
464 559
464 562
464 563
464 564
464 571
464 572
464 573
464 576
464 577
464 580
464 581
464 582
464 587
464 589
464 591
464 596
464 606
464 608
464 613
464 614
464 618
464 620
464 623
464 628
464 629
464 630
464 638
464 639
464 644
464 648
464 651
464 655
464 657
464 658
464 661
464 663
464 664
464 667
464 668
464 677
464 681
464 682
464 683
464 686
464 690
464 692
464 700
464 702
464 704
464 705
464 707
464 708
464 710
464 711
464 718
464 719
464 720
464 722
464 723
464 731
464 737
464 741
464 744
464 746
464 750
464 751
464 754
464 755
464 758
464 762
464 766
464 767
464 768
464 773
464 777
464 784
464 793
464 796
464 806
464 810
464 813
464 818
464 822
464 826
464 827
464 829
464 831
464 832
464 839
464 842
464 844
464 847
464 848
464 857
464 861
464 863
464 867
464 870
464 872
464 880
464 884
464 887
464 888
464 889
464 891
464 896
464 903
464 909
464 911
464 912
464 916
464 917
464 925
464 927
464 930
464 931
464 934
464 937
464 950
464 956
464 958
464 959
464 960
464 961
464 963
464 964
464 969
464 970
464 975
464 985
464 998
464 1000
465 501
465 503
465 505
465 509
465 514
465 516
465 520
465 522
465 524
465 530
465 535
465 536
465 537
465 538
465 540
465 542
465 543
465 544
465 546
465 550
465 553
465 556
465 559
465 568
465 571
465 578
465 583
465 586
465 608
465 609
465 611
465 612
465 617
465 620
465 624
465 625
465 626
465 629
465 630
465 642
465 645
465 648
465 650
465 651
465 658
465 662
465 664
465 665
465 666
465 668
465 673
465 674
465 675
465 676
465 678
465 679
465 683
465 684
465 687
465 688
465 694
465 704
465 705
465 706
465 716
465 719
465 721
465 722
465 725
465 727
465 728
465 730
465 734
465 739
465 748
465 749
465 759
465 765
465 767
465 771
465 775
465 779
465 781
465 785
465 791
465 792
465 793
465 797
465 802
465 803
465 806
465 816
465 819
465 823
465 831
465 837
465 843
465 849
465 851
465 852
465 861
465 867
465 874
465 876
465 880
465 886
465 888
465 893
465 897
465 908
465 909
465 910
465 913
465 915
465 916
465 917
465 920
465 922
465 923
465 925
465 929
465 931
465 933
465 938
465 944
465 945
465 947
465 948
465 950
465 953
465 956
465 962
465 964
465 965
465 967
465 979
465 980
465 981
465 995
465 998
465 1000
466 516
466 522
466 524
466 525
466 526
466 529
466 531
466 533
466 534
466 540
466 548
466 550
466 554
466 555
466 561
466 566
466 568
466 579
466 580
466 584
466 585
466 587
466 591
466 592
466 595
466 596
466 601
466 610
466 613
466 615
466 618
466 626
466 627
466 630
466 643
466 644
466 647
466 648
466 651
466 655
466 657
466 664
466 672
466 680
466 682
466 683
466 684
466 685
466 686
466 690
466 696
466 701
466 707
466 709
466 711
466 712
466 714
466 719
466 721
466 734
466 735
466 738
466 741
466 742
466 743
466 746
466 748
466 751
466 753
466 755
466 758
466 767
466 771
466 773
466 775
466 778
466 780
466 782
466 784
466 795
466 796
466 800
466 801
466 803
466 804
466 808
466 814
466 823
466 829
466 831
466 841
466 844
466 846
466 847
466 852
466 860
466 863
466 864
466 866
466 867
466 869
466 870
466 872
466 878
466 884
466 885
466 886
466 887
466 888
466 889
466 892
466 898
466 902
466 904
466 911
466 912
466 916
466 917
466 919
466 921
466 923
466 924
466 927
466 932
466 936
466 937
466 938
466 942
466 944
466 947
466 951
466 952
466 953
466 954
466 956
466 962
466 963
466 965
466 972
466 974
466 978
466 982
466 983
466 987
466 989
466 990
466 992
466 994
466 996
466 998
467 501
467 504
467 511
467 531
467 534
467 539
467 545
467 549
467 550
467 556
467 564
467 567
467 569
467 573
467 577
467 578
467 580
467 588
467 589
467 595
467 605
467 607
467 608
467 620
467 622
467 623
467 624
467 625
467 626
467 628
467 631
467 632
467 633
467 634
467 636
467 639
467 641
467 644
467 649
467 652
467 656
467 657
467 663
467 666
467 667
467 669
467 671
467 673
467 674
467 676
467 677
467 680
467 681
467 683
467 688
467 690
467 695
467 700
467 702
467 704
467 707
467 709
467 711
467 715
467 718
467 720
467 722
467 725
467 731
467 734
467 736
467 739
467 741
467 757
467 760
467 761
467 762
467 763
467 764
467 766
467 770
467 771
467 777
467 780
467 781
467 785
467 786
467 796
467 798
467 799
467 803
467 807
467 812
467 814
467 821
467 822
467 824
467 832
467 837
467 838
467 840
467 843
467 853
467 858
467 859
467 861
467 865
467 867
467 870
467 871
467 873
467 877
467 884
467 893
467 895
467 900
467 901
467 911
467 912
467 914
467 919
467 924
467 927
467 931
467 936
467 938
467 939
467 948
467 949
467 951
467 952
467 954
467 963
467 967
467 968
467 970
467 971
467 974
467 979
467 986
467 988
467 991
467 993
467 994
467 997
468 503
468 504
468 505
468 511
468 517
468 522
468 524
468 532
468 534
468 541
468 550
468 558
468 559
468 561
468 562
468 563
468 564
468 567
468 568
468 570
468 571
468 575
468 577
468 585
468 590
468 594
468 595
468 596
468 602
468 607
468 608
468 615
468 618
468 625
468 631
468 633
468 634
468 638
468 645
468 646
468 647
468 648
468 649
468 650
468 652
468 655
468 656
468 657
468 661
468 666
468 668
468 676
468 677
468 679
468 680
468 681
468 696
468 700
468 704
468 717
468 725
468 730
468 732
468 737
468 738
468 741
468 744
468 749
468 750
468 754
468 757
468 765
468 766
468 767
468 768
468 773
468 775
468 778
468 779
468 780
468 781
468 790
468 791
468 802
468 810
468 812
468 820
468 827
468 831
468 837
468 838
468 842
468 858
468 864
468 870
468 873
468 875
468 878
468 879
468 881
468 895
468 898
468 903
468 904
468 905
468 908
468 912
468 915
468 917
468 919
468 921
468 927
468 930
468 934
468 936
468 937
468 939
468 943
468 944
468 949
468 954
468 958
468 960
468 961
468 970
468 975
468 977
468 982
468 983
468 984
468 985
468 986
468 988
468 989
468 990
468 991
468 993
468 998
468 1000
469 518
469 520
469 524
469 526
469 528
469 530
469 533
469 535
469 540
469 542
469 548
469 552
469 555
469 559
469 563
469 565
469 569
469 573
469 578
469 586
469 588
469 589
469 597
469 605
469 612
469 615
469 625
469 626
469 630
469 632
469 635
469 639
469 640
469 643
469 647
469 649
469 650
469 652
469 655
469 656
469 657
469 666
469 667
469 672
469 674
469 675
469 677
469 678
469 681
469 683
469 684
469 686
469 690
469 698
469 702
469 707
469 708
469 711
469 713
469 714
469 715
469 723
469 726
469 728
469 729
469 733
469 737
469 739
469 740
469 745
469 752
469 754
469 756
469 757
469 759
469 761
469 766
469 769
469 770
469 777
469 778
469 779
469 781
469 783
469 784
469 786
469 787
469 789
469 794
469 800
469 801
469 803
469 811
469 812
469 816
469 817
469 818
469 820
469 821
469 825
469 830
469 837
469 838
469 855
469 858
469 860
469 861
469 863
469 866
469 872
469 875
469 879
469 884
469 885
469 887
469 888
469 893
469 894
469 896
469 897
469 900
469 901
469 904
469 905
469 909
469 912
469 917
469 919
469 931
469 934
469 939
469 946
469 947
469 954
469 956
469 965
469 967
469 969
469 971
469 976
469 983
469 984
469 985
469 986
469 990
469 992
469 993
469 996
469 998
469 999
470 501
470 503
470 508
470 510
470 512
470 513
470 515
470 523
470 524
470 526
470 529
470 531
470 533
470 539
470 540
470 541
470 542
470 546
470 547
470 558
470 559
470 561
470 566
470 569
470 570
470 571
470 572
470 573
470 576
470 580
470 581
470 583
470 585
470 586
470 587
470 588
470 590
470 592
470 593
470 594
470 596
470 600
470 612
470 615
470 617
470 621
470 624
470 625
470 627
470 632
470 633
470 634
470 643
470 645
470 647
470 651
470 653
470 657
470 658
470 666
470 669
470 671
470 672
470 676
470 685
470 694
470 698
470 699
470 700
470 701
470 704
470 710
470 713
470 716
470 719
470 724
470 725
470 727
470 728
470 736
470 739
470 740
470 748
470 750
470 753
470 756
470 757
470 762
470 765
470 766
470 767
470 768
470 769
470 770
470 774
470 779
470 780
470 786
470 788
470 790
470 791
470 792
470 796
470 802
470 804
470 811
470 812
470 819
470 824
470 830
470 831
470 834
470 837
470 843
470 845
470 848
470 855
470 860
470 863
470 870
470 881
470 883
470 884
470 885
470 889
470 895
470 897
470 901
470 905
470 911
470 917
470 922
470 929
470 930
470 931
470 934
470 946
470 948
470 952
470 955
470 956
470 957
470 960
470 961
470 962
470 963
470 965
470 974
470 984
470 994
470 996
470 997
470 998
470 999
471 502
471 509
471 519
471 520
471 522
471 523
471 525
471 529
471 532
471 533
471 537
471 541
471 545
471 551
471 557
471 562
471 565
471 566
471 567
471 574
471 578
471 591
471 596
471 598
471 600
471 602
471 604
471 608
471 609
471 610
471 611
471 617
471 624
471 627
471 631
471 633
471 634
471 635
471 636
471 645
471 650
471 651
471 653
471 655
471 657
471 663
471 666
471 668
471 671
471 672
471 674
471 681
471 683
471 684
471 685
471 689
471 692
471 697
471 699
471 701
471 703
471 704
471 710
471 712
471 717
471 719
471 724
471 728
471 730
471 732
471 733
471 735
471 739
471 741
471 745
471 752
471 754
471 756
471 762
471 763
471 765
471 768
471 771
471 775
471 781
471 795
471 800
471 801
471 802
471 806
471 807
471 809
471 810
471 813
471 814
471 815
471 820
471 823
471 831
471 833
471 834
471 839
471 843
471 844
471 848
471 849
471 851
471 853
471 855
471 856
471 861
471 863
471 871
471 874
471 875
471 876
471 879
471 887
471 888
471 890
471 895
471 897
471 899
471 900
471 906
471 907
471 909
471 913
471 917
471 918
471 919
471 922
471 924
471 925
471 926
471 928
471 933
471 936
471 939
471 940
471 944
471 949
471 951
471 952
471 957
471 961
471 962
471 966
471 969
471 971
471 974
471 976
471 981
471 982
471 985
471 992
471 993
471 995
471 996
472 502
472 503
472 505
472 507
472 508
472 509
472 510
472 514
472 525
472 528
472 530
472 534
472 536
472 541
472 543
472 550
472 552
472 553
472 561
472 563
472 565
472 568
472 570
472 577
472 580
472 582
472 584
472 585
472 593
472 596
472 598
472 607
472 608
472 609
472 613
472 616
472 622
472 623
472 625
472 629
472 632
472 633
472 636
472 638
472 640
472 645
472 649
472 650
472 651
472 652
472 654
472 664
472 665
472 666
472 682
472 683
472 685
472 688
472 692
472 695
472 697
472 702
472 707
472 711
472 712
472 729
472 731
472 734
472 735
472 737
472 739
472 740
472 748
472 751
472 756
472 759
472 763
472 764
472 775
472 777
472 783
472 791
472 792
472 797
472 806
472 807
472 808
472 810
472 811
472 816
472 818
472 819
472 827
472 830
472 833
472 840
472 841
472 844
472 846
472 849
472 853
472 857
472 860
472 862
472 869
472 870
472 871
472 872
472 882
472 887
472 890
472 900
472 909
472 910
472 912
472 913
472 914
472 915
472 916
472 920
472 921
472 925
472 927
472 930
472 932
472 933
472 935
472 936
472 940
472 946
472 948
472 951
472 955
472 965
472 967
472 970
472 979
472 980
472 986
472 987
472 991
472 992
472 993
472 999
473 501
473 521
473 523
473 524
473 528
473 532
473 534
473 535
473 537
473 542
473 545
473 547
473 552
473 554
473 556
473 561
473 565
473 566
473 568
473 575
473 577
473 582
473 589
473 596
473 598
473 599
473 601
473 602
473 603
473 604
473 605
473 609
473 611
473 617
473 618
473 623
473 625
473 626
473 628
473 632
473 641
473 643
473 648
473 649
473 655
473 657
473 663
473 665
473 667
473 669
473 673
473 676
473 677
473 678
473 680
473 687
473 688
473 700
473 706
473 714
473 717
473 722
473 728
473 730
473 735
473 739
473 740
473 743
473 744
473 745
473 746
473 748
473 749
473 752
473 757
473 760
473 761
473 763
473 766
473 767
473 769
473 771
473 772
473 773
473 778
473 779
473 787
473 793
473 797
473 798
473 800
473 801
473 806
473 809
473 810
473 821
473 822
473 826
473 828
473 830
473 834
473 842
473 843
473 845
473 848
473 849
473 851
473 854
473 856
473 857
473 861
473 864
473 867
473 871
473 875
473 880
473 882
473 889
473 890
473 896
473 898
473 902
473 905
473 911
473 918
473 921
473 923
473 929
473 932
473 934
473 938
473 939
473 940
473 941
473 942
473 948
473 953
473 956
473 959
473 961
473 963
473 966
473 968
473 972
473 981
473 982
473 985
473 988
473 996
473 997
473 998
474 505
474 508
474 509
474 511
474 512
474 513
474 514
474 515
474 516
474 518
474 525
474 535
474 539
474 540
474 541
474 545
474 548
474 549
474 550
474 553
474 554
474 563
474 566
474 568
474 571
474 581
474 586
474 589
474 590
474 591
474 598
474 601
474 605
474 612
474 615
474 618
474 620
474 622
474 623
474 628
474 629
474 632
474 636
474 638
474 640
474 648
474 654
474 655
474 659
474 663
474 664
474 682
474 683
474 686
474 688
474 689
474 690
474 691
474 695
474 702
474 706
474 708
474 709
474 713
474 720
474 722
474 724
474 725
474 730
474 731
474 737
474 738
474 741
474 742
474 743
474 744
474 749
474 750
474 762
474 764
474 766
474 770
474 772
474 773
474 778
474 783
474 786
474 792
474 793
474 797
474 800
474 802
474 804
474 811
474 812
474 815
474 816
474 821
474 825
474 835
474 842
474 845
474 849
474 850
474 855
474 856
474 857
474 861
474 862
474 863
474 868
474 870
474 873
474 874
474 875
474 878
474 882
474 885
474 894
474 900
474 901
474 902
474 903
474 907
474 912
474 917
474 919
474 923
474 924
474 928
474 936
474 937
474 942
474 947
474 956
474 959
474 962
474 965
474 966
474 970
474 972
474 973
474 975
474 979
474 981
474 983
474 987
474 988
475 510
475 512
475 518
475 527
475 529
475 535
475 537
475 538
475 541
475 542
475 544
475 546
475 549
475 551
475 552
475 556
475 558
475 559
475 563
475 564
475 566
475 574
475 577
475 582
475 583
475 584
475 585
475 589
475 590
475 591
475 594
475 595
475 596
475 600
475 602
475 605
475 608
475 609
475 610
475 614
475 619
475 620
475 622
475 623
475 626
475 628
475 629
475 632
475 634
475 637
475 638
475 639
475 640
475 644
475 645
475 647
475 648
475 649
475 654
475 655
475 659
475 660
475 662
475 663
475 664
475 666
475 667
475 670
475 671
475 672
475 676
475 677
475 681
475 689
475 692
475 693
475 699
475 703
475 707
475 711
475 712
475 714
475 715
475 716
475 718
475 721
475 724
475 726
475 728
475 731
475 732
475 734
475 741
475 749
475 750
475 756
475 763
475 767
475 770
475 774
475 777
475 782
475 783
475 785
475 791
475 792
475 795
475 797
475 798
475 800
475 801
475 803
475 804
475 808
475 820
475 822
475 823
475 825
475 829
475 830
475 834
475 837
475 839
475 841
475 842
475 848
475 853
475 857
475 866
475 869
475 871
475 872
475 878
475 881
475 886
475 887
475 903
475 904
475 908
475 912
475 913
475 914
475 915
475 916
475 918
475 920
475 922
475 928
475 931
475 934
475 937
475 941
475 942
475 943
475 948
475 952
475 955
475 956
475 959
475 967
475 976
475 978
475 979
475 980
475 981
475 989
475 991
475 996
475 998
475 999
476 506
476 508
476 510
476 516
476 519
476 520
476 523
476 524
476 530
476 531
476 541
476 547
476 553
476 556
476 560
476 568
476 570
476 573
476 574
476 575
476 585
476 587
476 596
476 597
476 599
476 601
476 608
476 613
476 614
476 615
476 617
476 621
476 622
476 630
476 635
476 639
476 643
476 644
476 645
476 648
476 650
476 659
476 664
476 668
476 673
476 679
476 680
476 682
476 686
476 687
476 689
476 690
476 693
476 695
476 696
476 697
476 702
476 703
476 704
476 705
476 706
476 710
476 711
476 712
476 713
476 724
476 725
476 726
476 727
476 728
476 732
476 733
476 734
476 740
476 742
476 743
476 747
476 748
476 750
476 755
476 756
476 757
476 758
476 764
476 766
476 767
476 768
476 770
476 771
476 778
476 779
476 782
476 783
476 784
476 788
476 789
476 795
476 800
476 802
476 803
476 805
476 807
476 808
476 809
476 810
476 811
476 813
476 815
476 822
476 826
476 830
476 832
476 835
476 836
476 840
476 846
476 848
476 855
476 856
476 862
476 865
476 866
476 868
476 869
476 870
476 871
476 878
476 881
476 882
476 883
476 888
476 894
476 895
476 896
476 898
476 901
476 902
476 905
476 906
476 907
476 909
476 910
476 912
476 914
476 915
476 916
476 917
476 918
476 919
476 920
476 921
476 922
476 923
476 927
476 930
476 932
476 934
476 938
476 939
476 941
476 942
476 944
476 945
476 948
476 950
476 954
476 955
476 956
476 958
476 959
476 960
476 966
476 972
476 979
476 984
476 988
476 990
476 992
476 995
476 997
477 506
477 508
477 511
477 512
477 518
477 520
477 521
477 522
477 531
477 533
477 537
477 543
477 544
477 550
477 551
477 552
477 562
477 564
477 569
477 570
477 577
477 585
477 587
477 591
477 592
477 595
477 599
477 600
477 609
477 610
477 611
477 621
477 623
477 624
477 625
477 629
477 632
477 633
477 635
477 636
477 639
477 641
477 642
477 647
477 652
477 656
477 660
477 661
477 662
477 667
477 670
477 672
477 673
477 674
477 676
477 685
477 691
477 692
477 693
477 702
477 706
477 707
477 712
477 714
477 718
477 723
477 725
477 732
477 734
477 736
477 738
477 742
477 747
477 748
477 749
477 758
477 763
477 764
477 766
477 768
477 772
477 775
477 776
477 780
477 785
477 786
477 789
477 792
477 793
477 794
477 795
477 799
477 804
477 806
477 808
477 810
477 812
477 814
477 818
477 819
477 823
477 826
477 827
477 829
477 834
477 837
477 839
477 847
477 848
477 851
477 854
477 860
477 862
477 864
477 869
477 873
477 874
477 875
477 876
477 883
477 884
477 887
477 889
477 894
477 896
477 899
477 900
477 901
477 903
477 907
477 911
477 912
477 914
477 919
477 920
477 928
477 930
477 938
477 939
477 940
477 949
477 952
477 954
477 958
477 959
477 961
477 963
477 964
477 972
477 980
477 981
477 988
477 992
477 993
477 995
477 998
477 999
477 1000
478 501
478 505
478 508
478 512
478 517
478 518
478 520
478 521
478 525
478 527
478 530
478 531
478 532
478 534
478 535
478 537
478 538
478 541
478 542
478 543
478 549
478 550
478 551
478 553
478 556
478 562
478 566
478 570
478 571
478 573
478 574
478 575
478 579
478 587
478 600
478 605
478 612
478 618
478 621
478 622
478 624
478 626
478 627
478 631
478 640
478 641
478 651
478 653
478 654
478 666
478 675
478 680
478 682
478 685
478 691
478 692
478 693
478 695
478 697
478 699
478 700
478 704
478 706
478 708
478 713
478 714
478 715
478 716
478 718
478 720
478 722
478 739
478 744
478 746
478 747
478 753
478 754
478 756
478 759
478 760
478 763
478 777
478 778
478 782
478 785
478 790
478 794
478 817
478 819
478 825
478 829
478 838
478 840
478 843
478 850
478 851
478 857
478 863
478 865
478 869
478 877
478 883
478 884
478 885
478 886
478 891
478 892
478 898
478 899
478 909
478 910
478 913
478 914
478 916
478 920
478 935
478 938
478 939
478 943
478 952
478 954
478 964
478 965
478 967
478 971
478 973
478 976
478 979
478 991
478 992
478 995
478 996
478 997
478 998
479 503
479 505
479 507
479 508
479 512
479 513
479 515
479 516
479 520
479 522
479 524
479 526
479 530
479 533
479 535
479 537
479 538
479 545
479 546
479 548
479 550
479 554
479 558
479 563
479 570
479 573
479 574
479 575
479 577
479 584
479 585
479 586
479 587
479 588
479 589
479 596
479 598
479 599
479 602
479 603
479 605
479 606
479 609
479 610
479 615
479 618
479 622
479 627
479 628
479 632
479 633
479 645
479 648
479 650
479 651
479 656
479 659
479 661
479 662
479 667
479 672
479 673
479 676
479 677
479 680
479 682
479 686
479 687
479 689
479 694
479 695
479 696
479 697
479 698
479 699
479 700
479 706
479 707
479 713
479 714
479 721
479 722
479 723
479 724
479 726
479 728
479 729
479 736
479 739
479 745
479 747
479 751
479 760
479 761
479 762
479 763
479 768
479 773
479 779
479 783
479 790
479 792
479 797
479 802
479 804
479 808
479 812
479 814
479 816
479 817
479 827
479 831
479 832
479 833
479 841
479 845
479 853
479 859
479 864
479 865
479 868
479 871
479 874
479 876
479 877
479 878
479 880
479 881
479 882
479 884
479 885
479 889
479 893
479 895
479 896
479 899
479 906
479 909
479 914
479 916
479 921
479 922
479 924
479 927
479 929
479 934
479 935
479 936
479 939
479 944
479 951
479 952
479 953
479 954
479 955
479 962
479 966
479 967
479 973
479 981
479 984
479 990
479 991
479 995
479 1000
480 502
480 503
480 512
480 513
480 514
480 517
480 522
480 530
480 531
480 533
480 534
480 537
480 544
480 558
480 561
480 562
480 565
480 568
480 571
480 572
480 573
480 575
480 576
480 580
480 586
480 591
480 593
480 594
480 600
480 606
480 609
480 613
480 614
480 617
480 620
480 625
480 627
480 640
480 641
480 643
480 644
480 646
480 649
480 652
480 653
480 657
480 658
480 666
480 671
480 672
480 673
480 675
480 681
480 685
480 687
480 688
480 693
480 696
480 697
480 702
480 703
480 704
480 710
480 711
480 722
480 723
480 729
480 730
480 731
480 733
480 735
480 737
480 743
480 746
480 749
480 754
480 758
480 765
480 766
480 768
480 769
480 777
480 778
480 785
480 792
480 799
480 806
480 811
480 813
480 819
480 820
480 824
480 825
480 827
480 828
480 832
480 833
480 836
480 840
480 844
480 847
480 849
480 850
480 851
480 853
480 864
480 867
480 882
480 885
480 889
480 890
480 891
480 892
480 894
480 902
480 904
480 912
480 916
480 921
480 924
480 925
480 928
480 934
480 937
480 944
480 948
480 960
480 968
480 975
480 978
480 987
480 989
480 994
480 1000
481 502
481 504
481 505
481 511
481 518
481 519
481 520
481 522
481 524
481 530
481 540
481 547
481 549
481 558
481 560
481 562
481 565
481 566
481 571
481 578
481 583
481 590
481 591
481 594
481 595
481 599
481 609
481 611
481 615
481 616
481 617
481 618
481 621
481 623
481 626
481 627
481 628
481 629
481 638
481 639
481 642
481 644
481 646
481 649
481 650
481 653
481 654
481 656
481 657
481 658
481 663
481 668
481 673
481 677
481 681
481 685
481 689
481 692
481 693
481 694
481 697
481 707
481 711
481 719
481 725
481 729
481 733
481 738
481 739
481 753
481 756
481 759
481 760
481 763
481 768
481 771
481 773
481 783
481 784
481 786
481 788
481 789
481 790
481 791
481 798
481 802
481 806
481 812
481 815
481 817
481 822
481 825
481 826
481 831
481 833
481 837
481 838
481 843
481 844
481 846
481 848
481 849
481 857
481 859
481 860
481 865
481 868
481 871
481 873
481 880
481 883
481 885
481 892
481 896
481 898
481 900
481 902
481 903
481 904
481 907
481 908
481 909
481 910
481 913
481 917
481 918
481 922
481 924
481 931
481 932
481 934
481 935
481 936
481 939
481 943
481 947
481 948
481 952
481 954
481 957
481 960
481 962
481 963
481 976
481 979
481 981
481 982
481 986
481 988
481 993
481 999
481 1000
482 501
482 503
482 509
482 511
482 514
482 517
482 521
482 522
482 527
482 528
482 529
482 530
482 534
482 535
482 542
482 543
482 544
482 546
482 548
482 550
482 552
482 554
482 558
482 561
482 563
482 564
482 565
482 572
482 573
482 574
482 575
482 577
482 586
482 595
482 597
482 604
482 605
482 606
482 610
482 611
482 613
482 614
482 616
482 626
482 628
482 630
482 634
482 636
482 637
482 641
482 643
482 647
482 650
482 652
482 659
482 660
482 662
482 664
482 667
482 678
482 680
482 684
482 717
482 727
482 728
482 729
482 732
482 734
482 737
482 738
482 740
482 745
482 749
482 751
482 757
482 758
482 759
482 760
482 766
482 769
482 773
482 775
482 778
482 788
482 794
482 800
482 801
482 805
482 819
482 823
482 826
482 827
482 830
482 831
482 832
482 835
482 836
482 837
482 839
482 841
482 844
482 850
482 854
482 858
482 864
482 870
482 874
482 876
482 877
482 879
482 888
482 890
482 892
482 896
482 900
482 903
482 908
482 909
482 911
482 912
482 913
482 914
482 924
482 926
482 927
482 933
482 935
482 936
482 940
482 943
482 944
482 947
482 951
482 952
482 956
482 958
482 959
482 960
482 962
482 964
482 965
482 977
482 982
482 984
482 985
482 993
482 995
482 999
483 503
483 504
483 506
483 507
483 513
483 515
483 517
483 518
483 522
483 529
483 530
483 532
483 533
483 540
483 541
483 542
483 543
483 544
483 546
483 547
483 550
483 552
483 562
483 563
483 564
483 569
483 573
483 575
483 576
483 580
483 584
483 590
483 592
483 593
483 600
483 601
483 602
483 607
483 609
483 615
483 620
483 624
483 626
483 631
483 634
483 637
483 644
483 648
483 649
483 650
483 652
483 653
483 654
483 659
483 662
483 670
483 676
483 678
483 679
483 680
483 685
483 686
483 689
483 691
483 692
483 694
483 696
483 698
483 699
483 701
483 705
483 713
483 717
483 718
483 719
483 733
483 738
483 740
483 743
483 746
483 748
483 750
483 752
483 757
483 759
483 764
483 765
483 775
483 777
483 780
483 785
483 786
483 792
483 796
483 797
483 810
483 811
483 812
483 814
483 816
483 817
483 833
483 834
483 846
483 847
483 848
483 850
483 851
483 854
483 855
483 856
483 864
483 866
483 869
483 874
483 880
483 881
483 882
483 883
483 891
483 892
483 896
483 899
483 904
483 910
483 911
483 913
483 914
483 915
483 916
483 920
483 922
483 924
483 925
483 928
483 929
483 935
483 940
483 942
483 946
483 947
483 952
483 954
483 955
483 958
483 960
483 962
483 969
483 971
483 973
483 974
483 978
483 980
483 985
483 986
483 988
483 990
483 992
483 993
483 994
483 995
483 997
483 999
484 509
484 511
484 513
484 516
484 517
484 519
484 522
484 525
484 526
484 528
484 531
484 537
484 541
484 545
484 547
484 548
484 549
484 551
484 558
484 559
484 560
484 564
484 567
484 568
484 570
484 574
484 576
484 580
484 581
484 584
484 585
484 589
484 593
484 594
484 596
484 598
484 601
484 604
484 606
484 614
484 623
484 624
484 625
484 631
484 636
484 643
484 652
484 655
484 657
484 658
484 661
484 664
484 666
484 669
484 675
484 678
484 679
484 683
484 684
484 687
484 693
484 694
484 701
484 708
484 709
484 711
484 713
484 717
484 722
484 726
484 727
484 729
484 730
484 735
484 750
484 759
484 760
484 762
484 763
484 767
484 768
484 769
484 780
484 781
484 784
484 786
484 799
484 801
484 805
484 808
484 810
484 813
484 816
484 822
484 824
484 825
484 832
484 836
484 846
484 847
484 850
484 851
484 853
484 854
484 855
484 856
484 859
484 860
484 864
484 865
484 866
484 868
484 871
484 873
484 882
484 884
484 885
484 893
484 896
484 898
484 899
484 902
484 909
484 915
484 919
484 927
484 931
484 933
484 938
484 940
484 941
484 945
484 964
484 966
484 968
484 973
484 975
484 976
484 981
484 984
484 986
484 989
484 996
484 997
484 998
485 510
485 514
485 518
485 522
485 526
485 530
485 533
485 541
485 543
485 545
485 547
485 554
485 557
485 558
485 559
485 563
485 565
485 567
485 570
485 571
485 574
485 578
485 586
485 590
485 591
485 594
485 597
485 599
485 600
485 609
485 616
485 618
485 626
485 628
485 629
485 634
485 638
485 645
485 646
485 648
485 654
485 655
485 659
485 661
485 662
485 663
485 668
485 674
485 675
485 679
485 681
485 687
485 696
485 700
485 701
485 705
485 706
485 707
485 709
485 715
485 718
485 720
485 728
485 729
485 730
485 732
485 735
485 740
485 741
485 743
485 744
485 746
485 755
485 756
485 761
485 764
485 774
485 777
485 782
485 783
485 785
485 786
485 789
485 791
485 792
485 794
485 796
485 798
485 803
485 804
485 805
485 811
485 812
485 815
485 819
485 821
485 825
485 830
485 838
485 844
485 846
485 847
485 848
485 853
485 857
485 858
485 860
485 866
485 871
485 872
485 873
485 875
485 879
485 880
485 887
485 891
485 892
485 895
485 896
485 899
485 905
485 912
485 914
485 915
485 919
485 921
485 923
485 932
485 934
485 935
485 940
485 945
485 948
485 952
485 953
485 958
485 959
485 970
485 973
485 975
485 979
485 983
485 985
485 988
485 990
485 991
485 998
485 1000
486 504
486 507
486 508
486 515
486 517
486 525
486 528
486 530
486 532
486 533
486 535
486 538
486 541
486 545
486 551
486 555
486 560
486 562
486 566
486 568
486 569
486 572
486 573
486 580
486 581
486 582
486 583
486 584
486 586
486 587
486 593
486 595
486 599
486 603
486 606
486 607
486 616
486 617
486 621
486 623
486 624
486 625
486 637
486 638
486 643
486 644
486 652
486 656
486 659
486 661
486 662
486 666
486 669
486 671
486 672
486 678
486 680
486 682
486 685
486 687
486 691
486 692
486 693
486 704
486 706
486 709
486 711
486 714
486 721
486 725
486 726
486 733
486 737
486 742
486 743
486 744
486 745
486 746
486 747
486 748
486 758
486 760
486 763
486 766
486 770
486 774
486 776
486 781
486 784
486 789
486 790
486 792
486 793
486 794
486 796
486 797
486 800
486 801
486 803
486 804
486 808
486 813
486 815
486 832
486 843
486 852
486 855
486 859
486 869
486 870
486 871
486 874
486 882
486 883
486 884
486 885
486 904
486 907
486 908
486 909
486 910
486 915
486 922
486 924
486 932
486 933
486 939
486 942
486 945
486 946
486 951
486 953
486 954
486 959
486 962
486 963
486 973
486 974
486 986
486 991
486 992
486 996
486 997
487 501
487 502
487 505
487 508
487 510
487 516
487 518
487 520
487 524
487 525
487 526
487 532
487 534
487 535
487 536
487 541
487 544
487 547
487 552
487 555
487 558
487 564
487 566
487 569
487 570
487 573
487 577
487 585
487 586
487 587
487 588
487 597
487 598
487 600
487 611
487 612
487 620
487 621
487 623
487 627
487 630
487 635
487 637
487 646
487 648
487 650
487 651
487 655
487 656
487 658
487 659
487 665
487 667
487 668
487 669
487 673
487 676
487 678
487 679
487 680
487 681
487 682
487 683
487 689
487 690
487 692
487 694
487 696
487 699
487 700
487 707
487 711
487 721
487 722
487 724
487 726
487 728
487 730
487 731
487 735
487 739
487 741
487 749
487 750
487 752
487 755
487 759
487 761
487 762
487 766
487 770
487 781
487 787
487 790
487 792
487 795
487 801
487 808
487 809
487 811
487 817
487 818
487 819
487 820
487 827
487 835
487 843
487 844
487 848
487 849
487 855
487 858
487 860
487 865
487 867
487 869
487 871
487 872
487 874
487 875
487 877
487 878
487 882
487 886
487 889
487 891
487 892
487 895
487 899
487 902
487 906
487 912
487 916
487 924
487 925
487 926
487 929
487 930
487 931
487 932
487 938
487 940
487 942
487 945
487 948
487 957
487 958
487 960
487 967
487 968
487 970
487 975
487 977
487 978
487 979
487 980
487 981
487 984
487 988
487 994
487 996
487 997
487 998
488 501
488 505
488 507
488 509
488 512
488 514
488 516
488 520
488 521
488 524
488 533
488 537
488 538
488 540
488 541
488 542
488 545
488 546
488 547
488 548
488 550
488 558
488 563
488 591
488 592
488 594
488 599
488 601
488 603
488 611
488 612
488 616
488 621
488 622
488 624
488 625
488 627
488 633
488 634
488 635
488 638
488 644
488 646
488 647
488 653
488 654
488 657
488 659
488 662
488 663
488 666
488 667
488 673
488 674
488 675
488 678
488 679
488 682
488 687
488 700
488 706
488 707
488 708
488 712
488 715
488 727
488 730
488 733
488 736
488 740
488 742
488 744
488 745
488 747
488 748
488 750
488 758
488 760
488 761
488 763
488 768
488 771
488 773
488 774
488 776
488 780
488 781
488 782
488 783
488 786
488 787
488 791
488 793
488 799
488 801
488 803
488 811
488 812
488 818
488 820
488 822
488 823
488 824
488 825
488 826
488 829
488 833
488 837
488 838
488 839
488 840
488 842
488 848
488 852
488 853
488 857
488 859
488 861
488 862
488 863
488 866
488 869
488 871
488 872
488 878
488 884
488 886
488 888
488 898
488 900
488 901
488 903
488 904
488 905
488 908
488 909
488 912
488 914
488 917
488 918
488 921
488 925
488 927
488 931
488 937
488 944
488 948
488 952
488 953
488 957
488 961
488 965
488 969
488 970
488 971
488 972
488 978
488 979
488 980
488 984
488 986
488 989
488 991
488 993
488 994
488 995
488 997
488 999
489 502
489 504
489 508
489 509
489 516
489 517
489 518
489 519
489 527
489 532
489 533
489 541
489 542
489 543
489 545
489 549
489 552
489 556
489 558
489 565
489 568
489 569
489 585
489 587
489 590
489 602
489 607
489 611
489 614
489 615
489 629
489 634
489 635
489 637
489 639
489 641
489 643
489 644
489 645
489 646
489 647
489 648
489 652
489 654
489 658
489 662
489 663
489 668
489 670
489 677
489 681
489 688
489 690
489 694
489 696
489 697
489 698
489 701
489 703
489 705
489 706
489 707
489 713
489 715
489 716
489 721
489 731
489 741
489 744
489 748
489 751
489 752
489 754
489 756
489 761
489 765
489 769
489 772
489 777
489 778
489 780
489 782
489 785
489 786
489 788
489 790
489 791
489 793
489 802
489 806
489 807
489 813
489 814
489 817
489 818
489 821
489 824
489 826
489 828
489 829
489 831
489 835
489 842
489 847
489 852
489 854
489 859
489 866
489 874
489 876
489 882
489 885
489 894
489 897
489 899
489 907
489 908
489 909
489 916
489 922
489 924
489 925
489 927
489 928
489 932
489 933
489 934
489 938
489 947
489 952
489 957
489 962
489 966
489 967
489 968
489 969
489 970
489 971
489 973
489 974
489 975
489 978
489 979
489 982
489 984
489 986
489 994
489 997
490 505
490 508
490 509
490 513
490 519
490 522
490 526
490 529
490 533
490 540
490 542
490 543
490 549
490 555
490 562
490 565
490 567
490 568
490 575
490 579
490 581
490 582
490 584
490 593
490 597
490 599
490 601
490 609
490 613
490 619
490 621
490 622
490 624
490 629
490 631
490 633
490 640
490 643
490 648
490 653
490 655
490 658
490 663
490 664
490 671
490 678
490 679
490 680
490 686
490 689
490 691
490 693
490 694
490 695
490 696
490 698
490 700
490 705
490 708
490 712
490 714
490 718
490 721
490 722
490 723
490 725
490 726
490 729
490 730
490 732
490 733
490 734
490 737
490 738
490 739
490 742
490 744
490 747
490 756
490 757
490 761
490 762
490 767
490 771
490 776
490 777
490 779
490 781
490 783
490 786
490 788
490 790
490 795
490 796
490 801
490 802
490 806
490 812
490 814
490 818
490 819
490 823
490 824
490 826
490 835
490 840
490 841
490 844
490 845
490 847
490 852
490 854
490 855
490 856
490 858
490 859
490 862
490 863
490 866
490 867
490 874
490 878
490 879
490 882
490 893
490 898
490 904
490 905
490 909
490 918
490 919
490 923
490 924
490 928
490 931
490 932
490 934
490 937
490 938
490 939
490 940
490 941
490 942
490 947
490 948
490 950
490 952
490 959
490 964
490 967
490 968
490 972
490 974
490 978
490 982
490 990
490 992
490 1000
491 503
491 508
491 510
491 516
491 517
491 518
491 519
491 528
491 530
491 532
491 533
491 534
491 536
491 539
491 540
491 542
491 543
491 549
491 558
491 564
491 568
491 572
491 575
491 576
491 577
491 579
491 582
491 584
491 589
491 590
491 596
491 597
491 598
491 603
491 606
491 612
491 617
491 622
491 623
491 624
491 625
491 634
491 637
491 644
491 645
491 649
491 650
491 651
491 652
491 653
491 663
491 666
491 670
491 673
491 674
491 680
491 682
491 683
491 691
491 693
491 696
491 697
491 699
491 704
491 707
491 708
491 709
491 710
491 713
491 716
491 717
491 721
491 728
491 738
491 745
491 750
491 751
491 754
491 759
491 762
491 765
491 767
491 769
491 772
491 773
491 775
491 783
491 785
491 789
491 793
491 794
491 795
491 797
491 799
491 800
491 803
491 806
491 808
491 809
491 815
491 817
491 819
491 821
491 822
491 829
491 830
491 832
491 833
491 834
491 835
491 836
491 840
491 842
491 847
491 849
491 851
491 857
491 861
491 862
491 867
491 871
491 875
491 876
491 879
491 887
491 888
491 890
491 891
491 893
491 897
491 902
491 903
491 904
491 913
491 914
491 916
491 917
491 918
491 919
491 929
491 931
491 932
491 936
491 943
491 945
491 948
491 952
491 954
491 955
491 962
491 969
491 977
491 980
491 989
491 990
491 996
491 998
492 506
492 508
492 515
492 516
492 524
492 528
492 531
492 532
492 533
492 542
492 544
492 547
492 552
492 554
492 556
492 558
492 568
492 571
492 575
492 577
492 580
492 582
492 586
492 588
492 591
492 593
492 595
492 598
492 602
492 608
492 609
492 610
492 613
492 615
492 617
492 619
492 621
492 626
492 634
492 651
492 656
492 657
492 658
492 659
492 668
492 670
492 680
492 689
492 690
492 691
492 692
492 694
492 695
492 697
492 705
492 706
492 712
492 718
492 722
492 723
492 724
492 725
492 727
492 731
492 733
492 734
492 742
492 746
492 749
492 752
492 755
492 756
492 760
492 764
492 767
492 769
492 770
492 774
492 776
492 781
492 782
492 783
492 785
492 786
492 790
492 792
492 797
492 805
492 808
492 809
492 812
492 814
492 818
492 822
492 830
492 832
492 835
492 836
492 843
492 845
492 847
492 852
492 854
492 857
492 861
492 862
492 866
492 867
492 879
492 898
492 901
492 904
492 905
492 908
492 911
492 917
492 920
492 927
492 931
492 933
492 937
492 945
492 950
492 951
492 956
492 960
492 962
492 965
492 967
492 971
492 972
492 974
492 975
492 979
492 981
492 983
492 984
492 988
492 990
492 991
492 992
492 993
492 995
492 998
492 999
493 504
493 516
493 519
493 523
493 527
493 530
493 534
493 539
493 541
493 549
493 556
493 559
493 563
493 567
493 568
493 573
493 575
493 578
493 579
493 583
493 587
493 590
493 592
493 593
493 595
493 602
493 612
493 616
493 619
493 623
493 624
493 625
493 626
493 628
493 637
493 639
493 640
493 654
493 657
493 662
493 663
493 673
493 674
493 680
493 685
493 686
493 687
493 689
493 691
493 695
493 698
493 702
493 706
493 712
493 714
493 717
493 719
493 722
493 724
493 735
493 739
493 742
493 743
493 744
493 747
493 748
493 752
493 754
493 758
493 759
493 763
493 764
493 772
493 775
493 776
493 778
493 781
493 782
493 786
493 788
493 789
493 792
493 794
493 796
493 797
493 800
493 803
493 804
493 806
493 807
493 809
493 810
493 811
493 812
493 813
493 815
493 816
493 817
493 819
493 823
493 827
493 832
493 834
493 837
493 838
493 839
493 840
493 847
493 861
493 862
493 868
493 871
493 872
493 874
493 876
493 880
493 886
493 887
493 889
493 890
493 891
493 893
493 897
493 902
493 904
493 909
493 911
493 912
493 919
493 928
493 932
493 934
493 942
493 943
493 945
493 952
493 954
493 968
493 969
493 971
493 972
493 974
493 977
493 988
493 994
493 995
493 997
494 504
494 508
494 509
494 513
494 517
494 518
494 519
494 525
494 530
494 537
494 549
494 551
494 553
494 557
494 563
494 567
494 570
494 571
494 575
494 581
494 583
494 585
494 588
494 589
494 590
494 596
494 597
494 601
494 609
494 610
494 620
494 628
494 629
494 632
494 639
494 644
494 650
494 652
494 655
494 658
494 659
494 663
494 668
494 671
494 673
494 676
494 680
494 683
494 684
494 687
494 689
494 690
494 700
494 702
494 716
494 717
494 728
494 737
494 740
494 741
494 745
494 749
494 761
494 766
494 770
494 771
494 775
494 789
494 794
494 795
494 796
494 800
494 815
494 816
494 818
494 819
494 825
494 826
494 830
494 837
494 842
494 844
494 846
494 847
494 850
494 852
494 855
494 856
494 858
494 862
494 863
494 867
494 869
494 871
494 878
494 879
494 882
494 883
494 887
494 898
494 899
494 900
494 905
494 906
494 909
494 914
494 924
494 931
494 934
494 938
494 939
494 942
494 944
494 945
494 947
494 948
494 950
494 951
494 959
494 965
494 966
494 969
494 976
494 978
494 980
494 983
494 984
494 988
494 990
494 996
494 999
495 509
495 514
495 517
495 519
495 520
495 521
495 532
495 536
495 537
495 538
495 539
495 542
495 545
495 554
495 561
495 565
495 566
495 569
495 570
495 576
495 577
495 579
495 581
495 584
495 586
495 591
495 593
495 594
495 597
495 603
495 605
495 606
495 616
495 623
495 628
495 633
495 634
495 641
495 642
495 643
495 644
495 647
495 650
495 652
495 653
495 656
495 663
495 665
495 666
495 670
495 673
495 674
495 687
495 690
495 694
495 700
495 707
495 710
495 713
495 714
495 721
495 724
495 726
495 731
495 734
495 736
495 738
495 742
495 743
495 748
495 750
495 755
495 756
495 758
495 762
495 765
495 768
495 769
495 779
495 780
495 781
495 786
495 789
495 793
495 799
495 801
495 802
495 805
495 809
495 811
495 824
495 832
495 833
495 834
495 837
495 842
495 845
495 846
495 851
495 852
495 860
495 870
495 871
495 873
495 879
495 884
495 887
495 889
495 890
495 896
495 897
495 899
495 901
495 903
495 906
495 907
495 910
495 912
495 913
495 918
495 921
495 924
495 926
495 930
495 936
495 938
495 942
495 943
495 948
495 949
495 951
495 955
495 956
495 957
495 971
495 972
495 976
495 981
495 984
495 989
495 993
495 995
495 1000
496 505
496 506
496 509
496 514
496 517
496 518
496 519
496 529
496 533
496 544
496 555
496 569
496 573
496 576
496 583
496 584
496 585
496 598
496 601
496 605
496 622
496 630
496 631
496 634
496 635
496 637
496 640
496 641
496 651
496 656
496 663
496 664
496 666
496 668
496 672
496 673
496 678
496 684
496 686
496 696
496 698
496 701
496 705
496 712
496 715
496 716
496 718
496 719
496 729
496 732
496 736
496 738
496 739
496 740
496 741
496 742
496 744
496 746
496 747
496 754
496 760
496 764
496 766
496 769
496 770
496 774
496 775
496 777
496 779
496 781
496 787
496 789
496 793
496 796
496 797
496 799
496 800
496 802
496 810
496 811
496 818
496 819
496 822
496 825
496 827
496 834
496 836
496 837
496 839
496 841
496 843
496 844
496 846
496 849
496 851
496 852
496 854
496 856
496 858
496 859
496 861
496 870
496 875
496 877
496 889
496 891
496 892
496 893
496 895
496 896
496 898
496 900
496 902
496 903
496 905
496 906
496 907
496 912
496 913
496 921
496 923
496 924
496 926
496 934
496 935
496 936
496 944
496 945
496 946
496 950
496 951
496 958
496 962
496 965
496 971
496 972
496 974
496 981
496 982
496 984
496 990
496 991
496 997
496 998
497 511
497 512
497 513
497 514
497 515
497 517
497 520
497 521
497 522
497 525
497 526
497 536
497 540
497 543
497 550
497 552
497 553
497 555
497 561
497 565
497 566
497 568
497 569
497 573
497 578
497 579
497 582
497 583
497 586
497 588
497 591
497 593
497 594
497 601
497 602
497 603
497 608
497 612
497 613
497 620
497 625
497 627
497 629
497 633
497 636
497 637
497 641
497 646
497 647
497 649
497 652
497 653
497 655
497 657
497 658
497 661
497 672
497 677
497 679
497 681
497 683
497 689
497 690
497 697
497 705
497 708
497 713
497 720
497 722
497 723
497 725
497 727
497 728
497 734
497 742
497 743
497 745
497 750
497 758
497 762
497 765
497 769
497 770
497 785
497 786
497 787
497 791
497 793
497 804
497 806
497 811
497 812
497 813
497 819
497 820
497 824
497 825
497 829
497 832
497 836
497 847
497 853
497 854
497 855
497 857
497 859
497 865
497 874
497 877
497 882
497 884
497 888
497 891
497 892
497 894
497 897
497 900
497 903
497 907
497 909
497 913
497 923
497 928
497 933
497 937
497 942
497 943
497 944
497 952
497 953
497 954
497 965
497 966
497 968
497 972
497 974
497 979
497 980
497 989
497 990
497 992
497 1000
498 506
498 509
498 510
498 513
498 518
498 522
498 523
498 524
498 525
498 533
498 534
498 535
498 536
498 537
498 538
498 545
498 548
498 551
498 558
498 559
498 564
498 566
498 567
498 568
498 570
498 573
498 579
498 585
498 586
498 587
498 591
498 594
498 595
498 600
498 611
498 613
498 617
498 619
498 621
498 624
498 632
498 637
498 639
498 643
498 647
498 658
498 661
498 663
498 665
498 669
498 676
498 679
498 680
498 681
498 690
498 691
498 697
498 699
498 701
498 703
498 707
498 709
498 711
498 714
498 715
498 720
498 721
498 729
498 730
498 734
498 737
498 738
498 743
498 746
498 748
498 749
498 750
498 751
498 754
498 756
498 760
498 763
498 767
498 769
498 770
498 775
498 777
498 782
498 786
498 789
498 790
498 805
498 808
498 811
498 813
498 814
498 817
498 818
498 822
498 824
498 825
498 826
498 828
498 830
498 833
498 835
498 837
498 843
498 845
498 846
498 848
498 853
498 855
498 857
498 864
498 866
498 870
498 884
498 888
498 892
498 896
498 900
498 903
498 905
498 906
498 907
498 909
498 919
498 921
498 925
498 935
498 938
498 946
498 947
498 950
498 956
498 962
498 963
498 965
498 966
498 971
498 973
498 976
498 982
498 983
498 984
498 985
498 986
498 990
498 997
499 502
499 504
499 505
499 509
499 518
499 519
499 526
499 527
499 534
499 539
499 540
499 544
499 547
499 549
499 550
499 552
499 554
499 559
499 562
499 566
499 568
499 569
499 570
499 571
499 578
499 581
499 582
499 585
499 591
499 599
499 602
499 603
499 605
499 609
499 620
499 628
499 631
499 632
499 634
499 635
499 640
499 651
499 658
499 661
499 663
499 668
499 672
499 673
499 678
499 680
499 682
499 686
499 687
499 688
499 691
499 693
499 695
499 700
499 703
499 706
499 708
499 710
499 715
499 718
499 719
499 723
499 724
499 726
499 733
499 736
499 739
499 742
499 759
499 760
499 761
499 764
499 765
499 766
499 770
499 771
499 773
499 774
499 776
499 779
499 781
499 783
499 785
499 789
499 790
499 806
499 808
499 811
499 816
499 826
499 827
499 830
499 833
499 836
499 839
499 840
499 841
499 843
499 846
499 847
499 852
499 858
499 863
499 868
499 870
499 873
499 878
499 881
499 882
499 883
499 885
499 890
499 891
499 895
499 897
499 899
499 901
499 902
499 906
499 912
499 914
499 917
499 922
499 925
499 927
499 928
499 933
499 940
499 941
499 942
499 946
499 948
499 951
499 954
499 955
499 959
499 960
499 967
499 973
499 977
499 982
499 987
499 995
499 998
500 501
500 502
500 506
500 513
500 514
500 517
500 520
500 521
500 523
500 528
500 529
500 533
500 535
500 537
500 540
500 541
500 542
500 549
500 550
500 551
500 553
500 554
500 558
500 559
500 560
500 563
500 566
500 567
500 568
500 573
500 575
500 577
500 578
500 579
500 581
500 594
500 596
500 602
500 603
500 606
500 607
500 615
500 617
500 626
500 628
500 630
500 637
500 641
500 647
500 654
500 658
500 663
500 671
500 672
500 673
500 679
500 684
500 685
500 691
500 694
500 697
500 699
500 701
500 702
500 704
500 706
500 709
500 715
500 716
500 720
500 724
500 726
500 733
500 736
500 738
500 739
500 742
500 747
500 750
500 751
500 754
500 758
500 759
500 760
500 763
500 768
500 774
500 777
500 788
500 792
500 793
500 800
500 808
500 809
500 813
500 814
500 818
500 819
500 823
500 825
500 827
500 832
500 836
500 846
500 848
500 849
500 851
500 852
500 856
500 857
500 863
500 865
500 870
500 878
500 881
500 882
500 883
500 885
500 886
500 887
500 891
500 896
500 898
500 900
500 901
500 905
500 906
500 909
500 911
500 912
500 913
500 917
500 918
500 921
500 923
500 927
500 932
500 933
500 935
500 938
500 943
500 952
500 958
500 962
500 964
500 971
500 974
500 978
500 981
500 984
500 987
500 988
500 989
500 993
500 994
500 1000
