400 400 30
1 411
1 413
1 442
1 452
1 455
1 484
1 488
1 494
1 500
1 514
1 525
1 528
1 529
1 532
1 541
1 552
1 560
1 562
1 567
1 572
1 581
1 586
1 587
1 599
1 607
1 614
1 617
1 653
1 681
1 687
1 707
1 725
1 727
1 742
1 748
1 750
1 786
2 409
2 423
2 434
2 436
2 439
2 440
2 446
2 451
2 478
2 481
2 484
2 485
2 513
2 517
2 528
2 534
2 544
2 554
2 570
2 579
2 601
2 602
2 612
2 629
2 652
2 657
2 659
2 666
2 676
2 700
2 715
2 723
2 724
2 732
2 748
2 750
2 758
2 775
2 784
2 794
3 407
3 413
3 427
3 430
3 454
3 462
3 465
3 485
3 512
3 517
3 524
3 528
3 531
3 533
3 536
3 542
3 556
3 564
3 567
3 576
3 588
3 599
3 611
3 629
3 660
3 661
3 662
3 665
3 668
3 682
3 685
3 691
3 695
3 699
3 705
3 724
3 732
3 734
3 738
3 763
3 768
3 777
3 791
4 406
4 425
4 428
4 430
4 433
4 434
4 441
4 503
4 508
4 521
4 539
4 549
4 551
4 554
4 577
4 589
4 595
4 605
4 609
4 611
4 614
4 641
4 661
4 674
4 718
4 728
4 737
4 754
4 765
4 786
4 787
4 795
4 797
5 412
5 417
5 438
5 439
5 448
5 450
5 461
5 480
5 481
5 483
5 491
5 496
5 527
5 529
5 531
5 569
5 597
5 629
5 637
5 652
5 669
5 689
5 714
5 735
5 739
5 756
5 769
5 770
5 774
5 788
6 406
6 420
6 441
6 450
6 459
6 460
6 472
6 479
6 505
6 512
6 515
6 522
6 527
6 536
6 554
6 559
6 561
6 570
6 573
6 578
6 579
6 585
6 588
6 608
6 609
6 610
6 614
6 624
6 640
6 642
6 643
6 648
6 649
6 654
6 657
6 659
6 669
6 685
6 700
6 714
6 734
6 771
6 775
6 780
6 798
7 441
7 444
7 449
7 450
7 452
7 466
7 473
7 474
7 479
7 491
7 515
7 533
7 536
7 569
7 571
7 576
7 578
7 592
7 597
7 601
7 613
7 623
7 634
7 637
7 640
7 643
7 650
7 653
7 663
7 664
7 665
7 668
7 674
7 712
7 737
7 772
7 782
7 788
7 790
7 792
7 794
8 434
8 437
8 439
8 451
8 454
8 460
8 462
8 473
8 492
8 505
8 513
8 517
8 523
8 530
8 533
8 543
8 549
8 554
8 556
8 565
8 575
8 579
8 595
8 606
8 613
8 615
8 636
8 637
8 662
8 666
8 683
8 694
8 701
8 702
8 725
8 732
8 734
8 744
8 766
8 782
8 784
8 786
9 406
9 419
9 433
9 441
9 449
9 464
9 470
9 472
9 474
9 479
9 509
9 517
9 519
9 532
9 537
9 544
9 545
9 553
9 572
9 587
9 630
9 659
9 665
9 666
9 667
9 701
9 704
9 712
9 714
9 733
9 748
9 751
9 765
9 769
9 780
9 782
9 794
9 796
9 798
10 403
10 431
10 440
10 469
10 489
10 520
10 524
10 530
10 542
10 549
10 560
10 584
10 597
10 663
10 682
10 690
10 723
10 731
10 735
10 738
10 748
10 755
10 757
10 772
10 797
11 411
11 427
11 430
11 447
11 449
11 456
11 466
11 468
11 479
11 482
11 484
11 536
11 542
11 544
11 545
11 551
11 567
11 569
11 585
11 592
11 601
11 603
11 611
11 654
11 656
11 680
11 691
11 707
11 714
11 719
11 722
11 727
11 728
11 740
11 750
11 754
11 780
11 781
11 798
11 800
12 412
12 420
12 424
12 445
12 468
12 480
12 498
12 499
12 506
12 507
12 522
12 538
12 545
12 570
12 581
12 588
12 590
12 596
12 598
12 600
12 617
12 624
12 630
12 638
12 644
12 651
12 655
12 669
12 686
12 695
12 705
12 711
12 743
12 769
12 773
12 791
13 407
13 413
13 430
13 432
13 435
13 442
13 444
13 447
13 458
13 460
13 463
13 470
13 478
13 482
13 490
13 504
13 518
13 519
13 520
13 529
13 554
13 564
13 566
13 584
13 591
13 603
13 617
13 628
13 633
13 641
13 655
13 662
13 671
13 676
13 694
13 697
13 706
13 722
13 723
13 752
13 772
13 794
14 403
14 414
14 431
14 445
14 456
14 457
14 459
14 461
14 464
14 523
14 524
14 530
14 550
14 561
14 562
14 573
14 603
14 619
14 624
14 640
14 646
14 683
14 687
14 706
14 727
14 755
14 760
14 764
14 773
14 774
14 776
14 777
14 783
14 795
15 408
15 412
15 415
15 419
15 438
15 451
15 466
15 473
15 476
15 480
15 496
15 503
15 553
15 569
15 573
15 582
15 584
15 589
15 599
15 600
15 632
15 664
15 680
15 709
15 730
15 735
15 748
15 751
15 752
15 785
15 793
15 798
16 422
16 434
16 462
16 469
16 470
16 486
16 497
16 502
16 503
16 509
16 511
16 519
16 542
16 548
16 552
16 557
16 576
16 584
16 588
16 590
16 593
16 596
16 618
16 635
16 638
16 645
16 659
16 663
16 670
16 674
16 687
16 694
16 699
16 701
16 702
16 708
16 712
16 713
16 716
16 735
16 775
16 778
16 784
16 792
17 402
17 404
17 411
17 412
17 413
17 429
17 434
17 463
17 470
17 471
17 499
17 509
17 521
17 527
17 531
17 541
17 544
17 555
17 559
17 569
17 581
17 585
17 603
17 604
17 653
17 657
17 693
17 698
17 704
17 707
17 713
17 720
17 733
17 734
17 739
17 757
17 764
17 769
17 786
17 790
17 800
18 405
18 424
18 435
18 447
18 450
18 451
18 464
18 471
18 491
18 495
18 498
18 507
18 510
18 539
18 545
18 546
18 557
18 581
18 588
18 592
18 609
18 612
18 631
18 636
18 639
18 642
18 670
18 674
18 676
18 694
18 697
18 723
18 725
18 735
18 738
18 768
18 770
18 780
18 795
19 402
19 408
19 413
19 414
19 415
19 421
19 429
19 447
19 454
19 460
19 461
19 481
19 494
19 503
19 504
19 510
19 530
19 552
19 569
19 578
19 629
19 651
19 652
19 676
19 678
19 688
19 692
19 697
19 723
19 734
19 748
19 749
19 751
19 774
19 776
19 778
19 793
20 407
20 409
20 413
20 428
20 441
20 447
20 515
20 516
20 527
20 538
20 568
20 572
20 599
20 601
20 614
20 622
20 627
20 628
20 634
20 641
20 645
20 652
20 656
20 664
20 667
20 670
20 681
20 688
20 689
20 744
20 775
20 780
20 789
21 401
21 402
21 455
21 459
21 488
21 491
21 525
21 555
21 617
21 628
21 633
21 645
21 650
21 654
21 659
21 660
21 670
21 671
21 680
21 683
21 707
21 726
21 766
21 774
21 775
22 403
22 418
22 420
22 421
22 428
22 434
22 437
22 443
22 466
22 470
22 474
22 488
22 493
22 503
22 526
22 546
22 562
22 592
22 597
22 598
22 610
22 630
22 647
22 662
22 668
22 685
22 695
22 708
22 737
22 738
22 740
22 786
22 791
22 792
22 800
23 415
23 440
23 454
23 457
23 463
23 473
23 479
23 516
23 521
23 529
23 531
23 533
23 543
23 563
23 570
23 599
23 608
23 618
23 624
23 633
23 634
23 637
23 640
23 652
23 659
23 674
23 699
23 715
23 719
23 721
23 728
23 745
23 752
23 760
23 777
23 778
23 784
23 790
23 791
23 800
24 413
24 421
24 441
24 448
24 456
24 459
24 460
24 477
24 480
24 484
24 495
24 504
24 506
24 510
24 513
24 522
24 524
24 551
24 553
24 562
24 563
24 571
24 572
24 593
24 599
24 600
24 605
24 616
24 629
24 631
24 632
24 638
24 657
24 659
24 676
24 686
24 691
24 695
24 703
24 711
24 717
24 719
24 748
24 762
24 765
24 786
25 404
25 412
25 420
25 425
25 427
25 430
25 441
25 445
25 450
25 453
25 476
25 488
25 490
25 494
25 516
25 517
25 525
25 544
25 553
25 580
25 590
25 598
25 601
25 622
25 627
25 628
25 663
25 677
25 700
25 702
25 740
25 754
25 757
25 792
26 418
26 426
26 439
26 441
26 443
26 456
26 464
26 475
26 476
26 477
26 483
26 485
26 515
26 537
26 540
26 560
26 565
26 567
26 569
26 575
26 585
26 587
26 604
26 611
26 616
26 623
26 627
26 635
26 643
26 648
26 655
26 658
26 703
26 714
26 722
26 724
26 727
26 739
26 752
26 764
26 779
26 781
27 407
27 415
27 420
27 422
27 424
27 430
27 435
27 445
27 450
27 461
27 483
27 486
27 490
27 506
27 514
27 519
27 521
27 527
27 530
27 553
27 564
27 570
27 574
27 584
27 594
27 597
27 599
27 608
27 616
27 630
27 633
27 653
27 661
27 666
27 669
27 671
27 695
27 722
27 736
27 741
27 748
27 755
27 771
27 779
27 788
28 413
28 422
28 433
28 439
28 443
28 457
28 467
28 468
28 469
28 480
28 483
28 492
28 509
28 515
28 519
28 520
28 532
28 562
28 563
28 567
28 570
28 578
28 586
28 620
28 621
28 630
28 633
28 634
28 637
28 665
28 670
28 671
28 673
28 684
28 694
28 696
28 699
28 710
28 719
28 723
28 729
28 731
28 740
28 747
28 763
28 773
28 775
28 778
28 787
28 790
28 793
28 796
28 797
28 800
29 401
29 414
29 415
29 420
29 432
29 438
29 446
29 464
29 469
29 479
29 481
29 486
29 503
29 512
29 514
29 524
29 536
29 563
29 607
29 623
29 625
29 646
29 660
29 661
29 665
29 688
29 693
29 718
29 722
29 727
29 732
29 733
29 736
29 749
30 414
30 417
30 436
30 444
30 457
30 458
30 459
30 474
30 476
30 519
30 528
30 539
30 541
30 543
30 544
30 545
30 549
30 551
30 554
30 555
30 598
30 603
30 607
30 621
30 626
30 636
30 643
30 657
30 659
30 664
30 668
30 669
30 681
30 688
30 709
30 722
30 727
30 737
30 751
30 763
30 768
30 787
30 796
31 418
31 427
31 431
31 437
31 438
31 445
31 449
31 450
31 462
31 482
31 495
31 511
31 515
31 526
31 531
31 538
31 539
31 546
31 552
31 609
31 621
31 630
31 632
31 633
31 638
31 651
31 659
31 663
31 664
31 669
31 676
31 680
31 688
31 707
31 709
31 726
31 736
31 744
31 749
31 780
31 786
31 789
31 791
32 422
32 424
32 427
32 436
32 437
32 449
32 484
32 487
32 503
32 510
32 512
32 515
32 536
32 542
32 549
32 551
32 572
32 574
32 576
32 580
32 582
32 588
32 605
32 610
32 641
32 649
32 652
32 664
32 669
32 683
32 690
32 698
32 721
32 723
32 730
32 750
32 751
32 753
32 766
32 768
32 769
32 793
33 415
33 419
33 424
33 425
33 437
33 448
33 449
33 469
33 478
33 498
33 501
33 523
33 525
33 529
33 534
33 536
33 546
33 547
33 551
33 557
33 600
33 602
33 603
33 625
33 629
33 634
33 637
33 647
33 654
33 660
33 667
33 683
33 697
33 708
33 717
33 735
33 737
33 742
33 772
33 789
33 792
33 793
33 797
34 411
34 424
34 430
34 446
34 450
34 451
34 452
34 467
34 489
34 504
34 541
34 548
34 556
34 559
34 572
34 584
34 597
34 600
34 605
34 608
34 622
34 630
34 637
34 649
34 654
34 656
34 658
34 663
34 697
34 711
34 736
34 739
34 748
34 779
34 780
34 797
35 403
35 431
35 432
35 435
35 445
35 468
35 478
35 480
35 487
35 492
35 510
35 513
35 532
35 533
35 534
35 553
35 555
35 556
35 560
35 563
35 568
35 586
35 599
35 609
35 610
35 622
35 633
35 641
35 643
35 660
35 661
35 679
35 683
35 705
35 714
35 725
35 726
35 728
35 730
35 732
35 737
35 739
35 740
35 743
35 763
35 764
35 765
35 773
35 793
36 401
36 403
36 411
36 417
36 425
36 428
36 484
36 513
36 528
36 533
36 538
36 539
36 543
36 564
36 569
36 575
36 597
36 598
36 605
36 631
36 634
36 658
36 660
36 674
36 720
36 725
36 732
36 758
36 773
36 787
37 405
37 412
37 414
37 421
37 450
37 455
37 463
37 465
37 467
37 473
37 475
37 519
37 521
37 558
37 562
37 584
37 597
37 606
37 615
37 616
37 622
37 626
37 637
37 644
37 671
37 673
37 709
37 711
37 714
37 715
37 730
37 746
37 749
37 781
37 799
38 402
38 417
38 418
38 424
38 437
38 440
38 459
38 461
38 472
38 474
38 480
38 490
38 493
38 526
38 528
38 529
38 555
38 577
38 580
38 581
38 593
38 594
38 596
38 602
38 618
38 650
38 674
38 682
38 691
38 698
38 712
38 716
38 739
38 753
38 757
38 758
38 761
38 783
38 793
38 794
38 795
38 800
39 409
39 410
39 418
39 420
39 424
39 433
39 442
39 450
39 469
39 478
39 486
39 487
39 491
39 506
39 507
39 514
39 517
39 519
39 520
39 536
39 541
39 558
39 575
39 596
39 634
39 648
39 656
39 665
39 666
39 680
39 697
39 698
39 701
39 704
39 714
39 716
39 732
39 736
39 748
39 755
39 759
39 770
39 772
39 774
39 780
39 786
39 793
39 795
40 401
40 415
40 432
40 445
40 455
40 472
40 477
40 493
40 507
40 525
40 526
40 544
40 556
40 570
40 571
40 585
40 601
40 621
40 675
40 684
40 689
40 698
40 710
40 716
40 719
40 721
40 726
40 753
40 767
40 768
40 794
41 424
41 425
41 428
41 434
41 441
41 471
41 474
41 516
41 532
41 534
41 551
41 555
41 557
41 559
41 563
41 601
41 607
41 620
41 622
41 631
41 639
41 647
41 650
41 651
41 684
41 697
41 706
41 723
41 726
41 730
41 732
41 736
41 755
41 763
41 791
42 404
42 420
42 421
42 425
42 436
42 448
42 449
42 467
42 483
42 485
42 493
42 498
42 506
42 509
42 514
42 518
42 519
42 534
42 562
42 563
42 568
42 571
42 601
42 604
42 609
42 625
42 633
42 638
42 648
42 657
42 658
42 666
42 687
42 688
42 691
42 693
42 697
42 705
42 715
42 729
42 734
42 745
42 750
42 764
42 768
42 779
42 787
42 797
42 798
43 406
43 409
43 423
43 442
43 486
43 506
43 548
43 549
43 551
43 556
43 573
43 580
43 581
43 585
43 591
43 601
43 602
43 614
43 636
43 637
43 650
43 679
43 681
43 713
43 733
43 754
43 773
43 786
43 797
43 799
44 419
44 434
44 440
44 442
44 448
44 452
44 462
44 465
44 469
44 516
44 520
44 521
44 523
44 557
44 560
44 569
44 586
44 594
44 600
44 604
44 607
44 608
44 626
44 637
44 638
44 639
44 648
44 649
44 653
44 655
44 657
44 660
44 661
44 669
44 677
44 687
44 696
44 706
44 710
44 713
44 737
44 763
44 764
44 771
44 773
44 775
44 785
44 793
45 401
45 408
45 439
45 449
45 451
45 452
45 456
45 462
45 471
45 475
45 481
45 489
45 494
45 497
45 516
45 524
45 526
45 533
45 535
45 542
45 592
45 611
45 629
45 633
45 652
45 659
45 671
45 685
45 706
45 712
45 718
45 720
45 727
45 752
45 769
45 776
45 785
45 790
45 793
45 795
46 410
46 488
46 491
46 493
46 496
46 501
46 503
46 513
46 514
46 517
46 519
46 532
46 539
46 541
46 542
46 560
46 575
46 604
46 607
46 648
46 661
46 664
46 669
46 695
46 708
46 724
46 742
46 758
46 766
46 785
46 792
46 795
47 406
47 407
47 417
47 420
47 426
47 442
47 466
47 473
47 486
47 489
47 497
47 500
47 502
47 505
47 509
47 510
47 522
47 525
47 545
47 565
47 567
47 571
47 589
47 594
47 626
47 633
47 637
47 646
47 664
47 674
47 681
47 687
47 692
47 696
47 706
47 725
47 730
47 738
47 746
47 751
47 753
47 765
47 767
47 769
47 795
47 798
48 405
48 406
48 408
48 427
48 439
48 440
48 445
48 451
48 472
48 485
48 487
48 499
48 504
48 531
48 538
48 539
48 541
48 542
48 545
48 547
48 554
48 557
48 563
48 595
48 607
48 609
48 621
48 629
48 630
48 638
48 646
48 655
48 699
48 702
48 703
48 708
48 717
48 718
48 725
48 729
48 737
48 740
48 746
48 755
48 761
48 762
48 776
48 783
48 784
48 786
48 787
48 788
48 789
48 794
48 795
48 800
49 404
49 413
49 415
49 422
49 423
49 428
49 432
49 437
49 440
49 446
49 451
49 462
49 465
49 474
49 475
49 507
49 516
49 519
49 531
49 537
49 548
49 549
49 556
49 560
49 585
49 601
49 607
49 612
49 623
49 637
49 642
49 660
49 664
49 678
49 681
49 687
49 690
49 692
49 694
49 706
49 710
49 712
49 727
49 741
49 746
49 754
49 761
49 768
49 773
50 401
50 409
50 412
50 413
50 415
50 417
50 425
50 448
50 455
50 469
50 498
50 519
50 530
50 538
50 557
50 561
50 568
50 582
50 605
50 609
50 610
50 616
50 619
50 625
50 635
50 636
50 646
50 673
50 676
50 681
50 694
50 698
50 701
50 708
50 732
50 733
50 735
50 745
50 753
50 755
50 767
50 779
50 788
50 794
51 407
51 423
51 437
51 460
51 469
51 471
51 483
51 486
51 487
51 490
51 542
51 543
51 545
51 559
51 562
51 563
51 567
51 578
51 611
51 620
51 644
51 648
51 678
51 692
51 700
51 727
51 746
51 750
51 763
51 766
51 777
52 406
52 411
52 413
52 420
52 430
52 442
52 446
52 460
52 466
52 469
52 480
52 483
52 484
52 493
52 537
52 552
52 558
52 571
52 586
52 612
52 621
52 637
52 656
52 690
52 701
52 706
52 721
52 724
52 748
52 760
52 761
52 775
52 781
52 799
53 411
53 417
53 418
53 444
53 453
53 455
53 457
53 459
53 474
53 543
53 548
53 554
53 556
53 557
53 559
53 560
53 568
53 570
53 593
53 597
53 605
53 613
53 619
53 633
53 643
53 648
53 657
53 670
53 678
53 690
53 695
53 700
53 702
53 708
53 720
53 721
53 726
53 760
53 763
53 798
54 406
54 407
54 433
54 443
54 460
54 462
54 467
54 493
54 494
54 518
54 541
54 547
54 553
54 559
54 585
54 592
54 631
54 641
54 644
54 701
54 714
54 721
54 748
54 761
54 790
54 791
55 407
55 421
55 429
55 448
55 451
55 455
55 456
55 458
55 480
55 488
55 489
55 498
55 511
55 520
55 522
55 536
55 542
55 548
55 553
55 554
55 576
55 577
55 590
55 592
55 613
55 622
55 624
55 633
55 642
55 645
55 664
55 670
55 676
55 680
55 685
55 701
55 703
55 705
55 711
55 738
55 743
55 746
55 753
55 754
55 777
56 404
56 416
56 442
56 449
56 461
56 486
56 492
56 495
56 520
56 524
56 532
56 539
56 546
56 551
56 561
56 565
56 566
56 599
56 601
56 606
56 610
56 612
56 614
56 616
56 625
56 637
56 650
56 651
56 659
56 664
56 677
56 682
56 690
56 697
56 713
56 727
56 738
56 747
56 748
56 755
56 759
56 762
56 764
56 774
56 779
56 790
57 417
57 420
57 426
57 428
57 438
57 442
57 448
57 451
57 457
57 462
57 471
57 473
57 478
57 497
57 519
57 530
57 532
57 546
57 550
57 558
57 560
57 563
57 575
57 577
57 588
57 592
57 596
57 616
57 672
57 673
57 680
57 681
57 695
57 699
57 700
57 703
57 713
57 717
57 730
57 733
57 747
57 753
57 757
57 762
57 766
57 799
58 407
58 409
58 417
58 424
58 433
58 451
58 464
58 470
58 542
58 568
58 569
58 580
58 595
58 610
58 635
58 636
58 653
58 668
58 669
58 673
58 675
58 713
58 715
58 716
58 720
58 723
58 727
58 739
58 743
58 746
58 748
58 749
58 766
58 773
58 782
58 792
59 413
59 456
59 463
59 474
59 476
59 477
59 479
59 500
59 508
59 511
59 512
59 538
59 543
59 551
59 610
59 622
59 623
59 636
59 643
59 647
59 652
59 673
59 690
59 694
59 703
59 704
59 719
59 730
59 746
59 750
59 757
59 764
59 787
59 799
60 411
60 413
60 443
60 457
60 466
60 476
60 477
60 490
60 491
60 502
60 505
60 518
60 528
60 544
60 573
60 591
60 595
60 607
60 626
60 630
60 631
60 634
60 636
60 637
60 643
60 649
60 650
60 669
60 670
60 682
60 685
60 688
60 697
60 705
60 724
60 741
60 744
60 748
60 750
60 768
60 769
60 770
60 772
60 773
60 775
60 793
61 417
61 427
61 431
61 435
61 439
61 445
61 446
61 448
61 456
61 462
61 471
61 476
61 483
61 484
61 503
61 513
61 526
61 528
61 539
61 553
61 566
61 570
61 578
61 586
61 595
61 603
61 615
61 618
61 620
61 644
61 649
61 657
61 662
61 671
61 676
61 680
61 691
61 716
61 736
61 738
61 739
61 752
61 786
61 794
61 795
62 403
62 424
62 425
62 448
62 453
62 454
62 491
62 508
62 517
62 554
62 555
62 560
62 566
62 570
62 589
62 605
62 621
62 625
62 637
62 638
62 645
62 652
62 655
62 669
62 678
62 680
62 685
62 689
62 696
62 703
62 710
62 712
62 717
62 727
62 733
62 735
62 749
62 761
62 766
62 771
62 775
62 794
62 799
63 415
63 416
63 420
63 421
63 437
63 446
63 457
63 460
63 474
63 475
63 492
63 495
63 502
63 504
63 509
63 530
63 538
63 543
63 546
63 548
63 549
63 570
63 585
63 614
63 638
63 639
63 648
63 652
63 653
63 687
63 691
63 705
63 706
63 715
63 717
63 751
63 762
63 766
63 775
63 776
63 781
64 401
64 419
64 424
64 439
64 442
64 498
64 506
64 507
64 524
64 535
64 539
64 552
64 578
64 592
64 598
64 633
64 648
64 657
64 670
64 671
64 678
64 683
64 687
64 703
64 704
64 712
64 732
64 743
64 759
64 766
64 771
64 776
64 785
64 787
64 794
64 797
64 799
65 425
65 446
65 448
65 450
65 458
65 462
65 469
65 480
65 483
65 492
65 502
65 526
65 537
65 553
65 557
65 558
65 574
65 599
65 604
65 610
65 622
65 641
65 645
65 653
65 669
65 672
65 679
65 702
65 722
65 723
65 725
65 737
65 747
65 761
65 766
65 769
65 780
65 796
66 413
66 431
66 432
66 458
66 473
66 479
66 484
66 486
66 488
66 495
66 496
66 503
66 511
66 539
66 559
66 570
66 578
66 599
66 602
66 604
66 608
66 625
66 627
66 632
66 639
66 658
66 660
66 675
66 682
66 695
66 714
66 718
66 726
66 729
66 741
66 751
66 761
66 764
66 769
66 773
66 774
66 786
66 788
66 789
67 441
67 460
67 464
67 473
67 479
67 484
67 490
67 495
67 506
67 509
67 519
67 521
67 532
67 537
67 544
67 551
67 562
67 564
67 587
67 589
67 600
67 605
67 606
67 622
67 649
67 665
67 669
67 687
67 690
67 698
67 703
67 710
67 728
67 741
67 745
67 786
68 413
68 441
68 449
68 458
68 460
68 464
68 465
68 466
68 471
68 495
68 502
68 503
68 545
68 585
68 594
68 618
68 628
68 653
68 662
68 696
68 715
68 725
68 730
68 735
68 736
68 746
68 748
68 775
68 777
68 792
68 797
69 405
69 411
69 413
69 417
69 418
69 446
69 449
69 460
69 463
69 479
69 488
69 493
69 501
69 509
69 511
69 514
69 525
69 536
69 547
69 552
69 555
69 568
69 579
69 583
69 595
69 597
69 624
69 636
69 642
69 646
69 663
69 664
69 665
69 685
69 686
69 694
69 713
69 715
69 726
69 730
69 738
69 743
69 756
69 763
69 771
69 777
69 780
69 782
69 787
70 425
70 437
70 442
70 445
70 454
70 458
70 471
70 473
70 474
70 480
70 499
70 507
70 536
70 542
70 552
70 555
70 556
70 559
70 571
70 578
70 585
70 616
70 618
70 634
70 635
70 664
70 681
70 703
70 752
70 787
70 788
70 789
70 790
70 797
70 798
71 412
71 416
71 432
71 436
71 474
71 479
71 495
71 511
71 518
71 525
71 527
71 537
71 543
71 551
71 569
71 578
71 588
71 597
71 609
71 612
71 622
71 633
71 635
71 641
71 684
71 711
71 715
71 717
71 754
71 755
71 760
71 761
71 762
71 780
71 783
71 792
71 794
71 796
71 800
72 412
72 424
72 434
72 446
72 460
72 466
72 492
72 495
72 496
72 514
72 515
72 533
72 549
72 564
72 565
72 570
72 599
72 619
72 620
72 622
72 626
72 627
72 656
72 667
72 715
72 716
72 728
72 733
72 741
72 742
72 753
72 755
72 767
72 768
72 777
72 795
72 796
73 419
73 422
73 436
73 437
73 441
73 446
73 448
73 457
73 458
73 459
73 480
73 485
73 490
73 499
73 503
73 518
73 538
73 539
73 549
73 556
73 559
73 566
73 567
73 571
73 582
73 589
73 590
73 592
73 608
73 610
73 615
73 629
73 635
73 638
73 642
73 650
73 661
73 667
73 677
73 684
73 688
73 720
73 751
73 767
73 768
73 776
73 778
73 779
73 783
73 788
73 798
74 402
74 407
74 419
74 420
74 424
74 425
74 434
74 452
74 455
74 465
74 468
74 485
74 494
74 501
74 528
74 546
74 564
74 565
74 567
74 573
74 582
74 585
74 586
74 596
74 605
74 606
74 617
74 643
74 644
74 663
74 665
74 669
74 679
74 684
74 698
74 714
74 718
74 731
74 741
74 742
74 753
74 754
74 758
74 764
74 768
74 785
75 405
75 407
75 411
75 412
75 417
75 420
75 421
75 450
75 460
75 462
75 474
75 485
75 490
75 494
75 499
75 502
75 519
75 526
75 554
75 561
75 594
75 609
75 641
75 672
75 676
75 678
75 686
75 689
75 696
75 699
75 704
75 710
75 712
75 731
75 740
75 745
75 747
75 751
75 765
75 767
75 783
75 788
75 797
76 421
76 437
76 454
76 460
76 464
76 465
76 479
76 488
76 503
76 506
76 519
76 545
76 552
76 571
76 575
76 581
76 591
76 594
76 596
76 609
76 631
76 641
76 647
76 652
76 681
76 708
76 720
76 731
76 735
76 756
76 761
76 762
76 770
76 776
76 780
76 788
76 795
76 800
77 418
77 422
77 423
77 434
77 437
77 440
77 446
77 450
77 493
77 504
77 505
77 511
77 525
77 527
77 529
77 541
77 545
77 546
77 558
77 561
77 579
77 587
77 604
77 618
77 620
77 638
77 697
77 700
77 746
77 763
77 784
77 785
78 407
78 415
78 418
78 419
78 421
78 441
78 443
78 449
78 456
78 458
78 465
78 467
78 486
78 508
78 514
78 541
78 545
78 550
78 568
78 569
78 571
78 577
78 578
78 588
78 598
78 606
78 612
78 616
78 620
78 630
78 648
78 653
78 674
78 676
78 690
78 691
78 693
78 704
78 711
78 713
78 722
78 727
78 740
78 747
78 751
78 758
78 764
79 403
79 409
79 416
79 418
79 425
79 439
79 454
79 466
79 469
79 483
79 487
79 522
79 536
79 541
79 544
79 546
79 556
79 558
79 561
79 565
79 577
79 578
79 584
79 590
79 598
79 649
79 652
79 679
79 690
79 692
79 694
79 710
79 712
79 715
79 723
79 739
79 745
79 747
79 754
79 767
79 771
79 787
79 793
79 796
79 798
80 406
80 436
80 443
80 448
80 476
80 478
80 483
80 485
80 488
80 490
80 510
80 520
80 524
80 548
80 553
80 560
80 570
80 584
80 591
80 592
80 603
80 612
80 628
80 638
80 655
80 662
80 670
80 717
80 720
80 731
80 750
80 773
80 788
80 794
81 403
81 413
81 423
81 433
81 434
81 439
81 446
81 454
81 476
81 488
81 492
81 527
81 530
81 533
81 540
81 542
81 553
81 563
81 580
81 582
81 614
81 616
81 638
81 643
81 644
81 645
81 646
81 647
81 649
81 656
81 657
81 668
81 685
81 693
81 698
81 699
81 720
81 722
81 726
81 730
81 732
81 738
81 761
81 783
81 799
82 432
82 437
82 439
82 443
82 445
82 453
82 454
82 488
82 490
82 536
82 550
82 558
82 559
82 563
82 567
82 599
82 600
82 610
82 611
82 612
82 618
82 643
82 650
82 653
82 655
82 661
82 669
82 674
82 678
82 709
82 731
82 745
82 759
82 763
82 764
82 769
82 784
82 790
83 436
83 438
83 441
83 443
83 444
83 456
83 457
83 462
83 469
83 481
83 503
83 507
83 528
83 538
83 543
83 547
83 561
83 582
83 601
83 609
83 622
83 628
83 630
83 638
83 639
83 653
83 660
83 671
83 672
83 710
83 721
83 727
83 729
83 739
83 767
83 771
83 773
84 401
84 416
84 418
84 424
84 434
84 440
84 442
84 444
84 467
84 476
84 485
84 495
84 505
84 508
84 509
84 518
84 527
84 529
84 539
84 548
84 549
84 550
84 557
84 558
84 566
84 570
84 580
84 582
84 604
84 612
84 633
84 643
84 660
84 661
84 666
84 686
84 687
84 688
84 694
84 700
84 701
84 704
84 725
84 728
84 730
84 740
84 747
84 753
84 769
84 775
85 412
85 426
85 430
85 437
85 441
85 446
85 450
85 459
85 462
85 466
85 469
85 476
85 500
85 502
85 511
85 520
85 522
85 525
85 533
85 547
85 570
85 600
85 615
85 616
85 621
85 623
85 631
85 635
85 639
85 644
85 651
85 704
85 707
85 709
85 718
85 722
85 742
85 779
85 780
85 781
85 790
85 796
86 403
86 411
86 420
86 428
86 433
86 444
86 473
86 476
86 486
86 500
86 507
86 537
86 554
86 557
86 558
86 561
86 566
86 574
86 575
86 578
86 579
86 582
86 589
86 593
86 606
86 634
86 639
86 657
86 668
86 674
86 677
86 681
86 682
86 693
86 703
86 737
86 743
86 759
86 771
86 800
87 402
87 410
87 413
87 417
87 423
87 428
87 429
87 436
87 458
87 474
87 484
87 497
87 505
87 517
87 518
87 522
87 525
87 534
87 543
87 548
87 566
87 573
87 574
87 576
87 577
87 579
87 604
87 628
87 654
87 660
87 664
87 666
87 681
87 695
87 706
87 747
87 757
87 758
87 768
87 770
87 791
87 797
88 402
88 421
88 434
88 442
88 458
88 462
88 471
88 474
88 477
88 488
88 509
88 532
88 535
88 540
88 542
88 545
88 550
88 563
88 567
88 588
88 598
88 605
88 610
88 618
88 646
88 656
88 662
88 680
88 714
88 726
88 734
88 739
88 762
88 779
88 789
89 404
89 407
89 413
89 415
89 416
89 418
89 437
89 449
89 457
89 475
89 478
89 480
89 485
89 486
89 492
89 494
89 512
89 544
89 547
89 565
89 591
89 592
89 598
89 603
89 607
89 610
89 619
89 623
89 630
89 645
89 669
89 670
89 677
89 719
89 725
89 735
89 739
89 767
89 800
90 402
90 416
90 421
90 428
90 446
90 460
90 462
90 481
90 494
90 497
90 499
90 506
90 512
90 550
90 553
90 558
90 559
90 567
90 569
90 616
90 620
90 623
90 626
90 630
90 644
90 656
90 675
90 677
90 698
90 704
90 707
90 713
90 732
90 737
90 751
90 752
90 756
90 799
91 407
91 423
91 427
91 437
91 442
91 443
91 445
91 462
91 480
91 517
91 536
91 538
91 542
91 545
91 553
91 558
91 565
91 569
91 574
91 603
91 611
91 630
91 645
91 649
91 698
91 708
91 717
91 732
91 760
91 763
91 768
92 404
92 410
92 411
92 429
92 433
92 464
92 476
92 483
92 488
92 494
92 523
92 551
92 553
92 566
92 571
92 597
92 598
92 600
92 615
92 618
92 635
92 639
92 644
92 660
92 679
92 692
92 701
92 713
92 731
92 785
92 797
93 402
93 404
93 418
93 429
93 433
93 452
93 453
93 468
93 473
93 493
93 494
93 517
93 518
93 528
93 530
93 536
93 548
93 567
93 576
93 577
93 585
93 587
93 592
93 604
93 616
93 650
93 654
93 660
93 693
93 736
93 758
93 766
93 773
93 777
93 789
93 791
94 401
94 406
94 422
94 429
94 434
94 439
94 447
94 455
94 456
94 466
94 482
94 485
94 489
94 492
94 505
94 509
94 510
94 524
94 530
94 534
94 544
94 546
94 551
94 562
94 580
94 587
94 594
94 597
94 602
94 604
94 615
94 640
94 641
94 642
94 645
94 648
94 654
94 657
94 663
94 698
94 703
94 711
94 718
94 730
94 742
94 743
94 759
94 765
94 767
94 768
94 773
94 790
95 401
95 410
95 415
95 419
95 434
95 435
95 437
95 439
95 441
95 450
95 475
95 481
95 482
95 499
95 502
95 536
95 540
95 548
95 556
95 557
95 584
95 594
95 600
95 610
95 632
95 668
95 676
95 678
95 690
95 720
95 743
95 754
95 759
95 792
96 410
96 415
96 419
96 430
96 453
96 460
96 466
96 483
96 503
96 504
96 519
96 526
96 535
96 539
96 548
96 552
96 568
96 582
96 592
96 593
96 611
96 613
96 622
96 639
96 640
96 696
96 698
96 722
96 735
96 736
96 753
96 754
96 757
96 764
96 769
96 773
96 776
96 780
96 785
96 791
96 795
97 426
97 431
97 437
97 450
97 453
97 456
97 459
97 460
97 462
97 467
97 483
97 503
97 515
97 516
97 522
97 548
97 550
97 561
97 568
97 583
97 589
97 592
97 597
97 599
97 601
97 618
97 625
97 626
97 629
97 645
97 679
97 680
97 681
97 690
97 692
97 697
97 712
97 723
97 732
97 738
97 756
97 759
97 785
97 787
98 415
98 417
98 427
98 430
98 453
98 464
98 476
98 481
98 487
98 494
98 499
98 509
98 526
98 529
98 530
98 534
98 542
98 556
98 583
98 595
98 631
98 644
98 647
98 658
98 659
98 692
98 722
98 727
98 744
98 749
98 754
98 757
98 759
98 773
98 778
98 785
99 407
99 417
99 419
99 457
99 462
99 470
99 473
99 485
99 492
99 499
99 510
99 511
99 518
99 529
99 549
99 565
99 579
99 584
99 616
99 629
99 636
99 639
99 643
99 679
99 694
99 699
99 718
99 719
99 742
99 751
99 758
99 791
99 800
100 432
100 457
100 460
100 464
100 466
100 484
100 487
100 491
100 495
100 523
100 531
100 537
100 562
100 573
100 578
100 581
100 583
100 589
100 599
100 602
100 620
100 634
100 670
100 672
100 679
100 680
100 685
100 691
100 704
100 716
100 718
100 730
100 734
100 737
100 740
100 761
100 764
100 773
100 796
100 797
101 411
101 413
101 417
101 419
101 424
101 426
101 435
101 445
101 460
101 470
101 498
101 500
101 511
101 518
101 564
101 583
101 596
101 606
101 624
101 627
101 635
101 655
101 664
101 667
101 669
101 670
101 674
101 682
101 684
101 688
101 690
101 702
101 729
101 734
101 749
101 750
101 780
101 783
101 793
102 411
102 412
102 418
102 423
102 425
102 426
102 439
102 444
102 445
102 446
102 447
102 453
102 461
102 465
102 477
102 491
102 507
102 509
102 519
102 549
102 556
102 567
102 573
102 575
102 576
102 586
102 596
102 599
102 606
102 629
102 633
102 638
102 639
102 643
102 670
102 676
102 683
102 686
102 717
102 728
102 758
102 766
102 772
102 796
102 799
103 417
103 418
103 420
103 427
103 445
103 449
103 460
103 464
103 476
103 478
103 489
103 491
103 500
103 505
103 509
103 534
103 536
103 546
103 558
103 572
103 582
103 586
103 600
103 610
103 622
103 638
103 644
103 645
103 674
103 681
103 683
103 687
103 689
103 700
103 729
103 746
103 748
103 752
103 756
103 765
103 779
103 794
103 797
104 409
104 411
104 420
104 430
104 431
104 457
104 498
104 519
104 527
104 538
104 566
104 573
104 583
104 587
104 594
104 598
104 616
104 618
104 628
104 631
104 647
104 659
104 664
104 670
104 683
104 721
104 747
104 767
104 779
104 781
104 792
104 799
105 409
105 436
105 451
105 481
105 499
105 502
105 512
105 514
105 521
105 523
105 524
105 536
105 537
105 544
105 560
105 564
105 567
105 582
105 583
105 612
105 614
105 620
105 642
105 671
105 678
105 696
105 715
105 719
105 736
105 740
105 751
105 758
105 759
105 769
105 785
105 787
105 795
106 408
106 424
106 440
106 446
106 448
106 463
106 469
106 478
106 483
106 488
106 500
106 501
106 505
106 519
106 520
106 527
106 531
106 537
106 563
106 565
106 573
106 582
106 605
106 609
106 625
106 630
106 638
106 651
106 672
106 676
106 677
106 684
106 693
106 702
106 709
106 723
106 734
106 742
106 749
106 767
106 779
106 783
107 404
107 411
107 415
107 443
107 446
107 455
107 471
107 477
107 495
107 497
107 499
107 502
107 505
107 517
107 520
107 528
107 538
107 547
107 549
107 551
107 554
107 557
107 609
107 615
107 626
107 639
107 640
107 664
107 672
107 678
107 716
107 725
107 751
107 752
107 754
107 772
107 779
108 404
108 429
108 430
108 447
108 453
108 468
108 484
108 485
108 491
108 493
108 503
108 505
108 507
108 516
108 518
108 519
108 521
108 522
108 545
108 547
108 553
108 574
108 583
108 586
108 590
108 601
108 607
108 608
108 609
108 611
108 623
108 658
108 667
108 673
108 701
108 705
108 720
108 761
108 773
108 786
108 789
108 796
108 799
109 402
109 407
109 415
109 432
109 441
109 459
109 482
109 487
109 489
109 497
109 508
109 514
109 516
109 522
109 531
109 539
109 547
109 555
109 567
109 571
109 581
109 586
109 587
109 603
109 616
109 622
109 637
109 641
109 654
109 663
109 667
109 674
109 675
109 709
109 720
109 722
109 727
109 738
109 741
109 755
109 757
109 758
109 764
109 767
109 768
109 779
109 786
109 787
110 405
110 435
110 438
110 472
110 474
110 489
110 514
110 516
110 525
110 531
110 534
110 535
110 541
110 542
110 545
110 577
110 604
110 606
110 612
110 621
110 653
110 668
110 680
110 722
110 727
110 739
110 749
110 755
110 761
110 772
110 781
111 404
111 411
111 417
111 418
111 446
111 468
111 477
111 482
111 496
111 500
111 509
111 516
111 532
111 536
111 539
111 540
111 547
111 552
111 565
111 577
111 580
111 597
111 607
111 667
111 680
111 686
111 688
111 694
111 705
111 706
111 716
111 727
111 730
111 758
111 760
111 761
111 762
111 764
111 767
111 800
112 409
112 410
112 411
112 431
112 438
112 443
112 449
112 450
112 452
112 467
112 472
112 516
112 545
112 549
112 551
112 552
112 567
112 594
112 596
112 608
112 611
112 620
112 623
112 626
112 629
112 634
112 638
112 639
112 643
112 644
112 662
112 690
112 691
112 693
112 698
112 710
112 715
112 718
112 727
112 730
112 740
112 749
112 750
112 765
112 772
112 773
112 781
112 783
112 788
113 440
113 444
113 448
113 449
113 454
113 459
113 474
113 478
113 479
113 504
113 516
113 517
113 529
113 537
113 570
113 574
113 577
113 580
113 593
113 595
113 611
113 626
113 627
113 628
113 651
113 654
113 659
113 662
113 670
113 686
113 702
113 714
113 719
113 720
113 723
113 729
113 736
113 752
113 757
113 771
113 782
113 790
114 407
114 430
114 445
114 455
114 462
114 466
114 470
114 494
114 502
114 503
114 515
114 523
114 524
114 543
114 559
114 568
114 569
114 595
114 598
114 608
114 625
114 633
114 663
114 671
114 674
114 701
114 708
114 717
114 718
114 726
114 734
114 753
114 761
114 765
114 772
114 773
114 774
115 431
115 443
115 450
115 451
115 461
115 482
115 488
115 495
115 512
115 533
115 547
115 551
115 554
115 555
115 562
115 577
115 596
115 605
115 607
115 608
115 623
115 626
115 634
115 637
115 638
115 643
115 656
115 661
115 673
115 682
115 683
115 694
115 709
115 713
115 714
115 723
115 728
115 729
115 730
115 777
115 781
115 795
115 797
116 431
116 437
116 438
116 440
116 455
116 467
116 476
116 489
116 490
116 497
116 509
116 518
116 523
116 550
116 572
116 574
116 598
116 600
116 621
116 622
116 628
116 629
116 650
116 655
116 673
116 708
116 715
116 731
116 740
116 744
116 751
116 768
116 784
116 799
117 409
117 415
117 454
117 469
117 482
117 492
117 495
117 501
117 507
117 517
117 518
117 520
117 529
117 531
117 579
117 613
117 615
117 617
117 627
117 634
117 637
117 654
117 664
117 676
117 692
117 698
117 705
117 729
117 758
117 760
117 769
117 776
117 792
117 800
118 413
118 427
118 436
118 448
118 451
118 455
118 467
118 490
118 495
118 500
118 505
118 515
118 521
118 523
118 524
118 526
118 541
118 542
118 549
118 563
118 564
118 589
118 614
118 617
118 632
118 658
118 659
118 674
118 675
118 684
118 697
118 701
118 711
118 718
118 719
118 729
118 738
118 744
118 758
118 789
118 792
118 797
119 402
119 404
119 405
119 417
119 432
119 436
119 445
119 450
119 469
119 473
119 486
119 489
119 491
119 497
119 499
119 509
119 539
119 544
119 556
119 564
119 590
119 596
119 602
119 604
119 619
119 620
119 627
119 628
119 636
119 653
119 660
119 662
119 674
119 675
119 688
119 689
119 709
119 719
119 725
119 733
119 737
119 743
119 744
119 745
119 763
119 774
119 777
119 778
119 782
119 785
119 799
120 432
120 434
120 436
120 437
120 439
120 443
120 451
120 458
120 461
120 466
120 479
120 487
120 503
120 527
120 535
120 547
120 554
120 577
120 579
120 582
120 605
120 626
120 666
120 669
120 686
120 689
120 692
120 693
120 701
120 702
120 726
120 731
120 733
120 750
120 751
120 758
120 761
120 762
120 782
120 791
120 795
120 796
121 426
121 440
121 446
121 465
121 468
121 485
121 502
121 503
121 508
121 515
121 520
121 535
121 542
121 547
121 549
121 561
121 569
121 592
121 604
121 607
121 613
121 615
121 616
121 617
121 630
121 636
121 642
121 644
121 646
121 654
121 658
121 671
121 675
121 678
121 687
121 691
121 714
121 723
121 727
121 730
121 742
121 750
121 755
121 758
121 762
121 770
121 779
121 789
121 793
121 795
122 409
122 414
122 418
122 422
122 444
122 446
122 455
122 456
122 472
122 474
122 480
122 499
122 501
122 506
122 533
122 537
122 563
122 574
122 592
122 595
122 599
122 607
122 613
122 628
122 629
122 632
122 638
122 645
122 650
122 654
122 663
122 680
122 696
122 707
122 711
122 744
122 745
122 753
122 758
122 783
122 786
122 789
122 790
122 797
123 402
123 408
123 449
123 460
123 488
123 499
123 503
123 504
123 514
123 515
123 527
123 528
123 536
123 539
123 543
123 554
123 570
123 577
123 604
123 605
123 637
123 649
123 681
123 683
123 695
123 720
123 731
123 733
123 748
123 751
123 758
123 761
123 767
123 772
123 776
123 788
124 445
124 456
124 458
124 479
124 494
124 500
124 503
124 510
124 527
124 533
124 538
124 555
124 559
124 576
124 596
124 620
124 627
124 634
124 652
124 658
124 661
124 662
124 668
124 672
124 673
124 679
124 680
124 685
124 689
124 695
124 705
124 716
124 732
124 739
124 740
124 746
124 757
124 765
124 791
125 411
125 416
125 425
125 439
125 450
125 454
125 465
125 479
125 485
125 488
125 491
125 492
125 496
125 522
125 545
125 551
125 557
125 558
125 567
125 570
125 585
125 592
125 597
125 613
125 642
125 648
125 670
125 676
125 678
125 682
125 690
125 701
125 732
125 749
125 756
125 759
125 787
125 797
126 410
126 421
126 438
126 442
126 444
126 452
126 455
126 456
126 466
126 467
126 491
126 506
126 517
126 520
126 528
126 571
126 573
126 576
126 578
126 587
126 588
126 601
126 604
126 615
126 618
126 621
126 634
126 635
126 639
126 642
126 645
126 646
126 651
126 667
126 705
126 719
126 723
126 727
126 733
126 742
126 755
126 757
126 766
126 771
126 779
127 407
127 415
127 419
127 436
127 437
127 448
127 458
127 463
127 465
127 467
127 478
127 482
127 510
127 518
127 532
127 542
127 546
127 558
127 570
127 574
127 589
127 590
127 615
127 621
127 649
127 657
127 662
127 709
127 719
127 722
127 724
127 736
127 745
127 768
127 786
128 406
128 409
128 442
128 443
128 451
128 462
128 466
128 469
128 471
128 478
128 501
128 502
128 542
128 545
128 566
128 570
128 576
128 579
128 585
128 594
128 595
128 606
128 628
128 630
128 631
128 639
128 658
128 676
128 700
128 705
128 726
128 728
128 753
128 776
128 784
128 787
128 790
128 798
129 410
129 413
129 423
129 435
129 437
129 451
129 466
129 469
129 470
129 474
129 478
129 503
129 533
129 545
129 558
129 562
129 573
129 581
129 601
129 617
129 619
129 624
129 650
129 662
129 670
129 675
129 686
129 699
129 706
129 739
129 744
129 747
129 761
129 762
129 764
129 773
129 777
129 779
129 797
130 405
130 414
130 415
130 420
130 432
130 443
130 449
130 456
130 462
130 472
130 480
130 492
130 494
130 495
130 518
130 524
130 529
130 537
130 569
130 577
130 578
130 596
130 608
130 614
130 615
130 616
130 620
130 645
130 647
130 648
130 651
130 652
130 654
130 657
130 658
130 668
130 692
130 697
130 721
130 722
130 749
130 760
130 767
130 770
130 780
130 785
130 790
130 794
131 412
131 425
131 431
131 432
131 435
131 443
131 455
131 460
131 464
131 474
131 479
131 491
131 493
131 506
131 526
131 535
131 548
131 555
131 557
131 558
131 567
131 582
131 617
131 623
131 626
131 635
131 639
131 644
131 659
131 677
131 678
131 688
131 694
131 716
131 724
131 762
131 765
131 767
131 781
131 786
131 787
132 406
132 408
132 418
132 440
132 461
132 483
132 495
132 508
132 519
132 524
132 528
132 537
132 539
132 546
132 569
132 574
132 579
132 590
132 609
132 613
132 614
132 619
132 625
132 633
132 634
132 643
132 646
132 651
132 657
132 661
132 669
132 670
132 676
132 677
132 681
132 689
132 690
132 694
132 699
132 738
132 747
132 755
132 770
132 788
133 409
133 413
133 417
133 439
133 441
133 451
133 464
133 488
133 496
133 513
133 517
133 519
133 520
133 522
133 525
133 527
133 564
133 570
133 587
133 591
133 594
133 602
133 604
133 632
133 655
133 668
133 673
133 714
133 720
133 723
133 732
133 733
133 734
133 750
133 754
133 764
133 767
133 769
133 776
133 778
133 782
133 783
133 793
134 413
134 417
134 419
134 422
134 430
134 432
134 434
134 439
134 446
134 449
134 454
134 474
134 476
134 487
134 499
134 506
134 522
134 528
134 535
134 542
134 545
134 550
134 556
134 570
134 575
134 593
134 604
134 613
134 615
134 617
134 619
134 636
134 641
134 648
134 671
134 676
134 677
134 678
134 679
134 698
134 728
134 733
134 768
134 778
134 783
134 789
135 411
135 416
135 430
135 435
135 446
135 448
135 455
135 460
135 487
135 497
135 498
135 504
135 517
135 523
135 562
135 563
135 567
135 572
135 592
135 603
135 622
135 640
135 649
135 683
135 685
135 690
135 694
135 711
135 729
135 731
135 742
135 773
135 783
135 789
135 796
136 410
136 419
136 425
136 437
136 443
136 449
136 450
136 454
136 457
136 479
136 490
136 495
136 499
136 525
136 530
136 534
136 539
136 547
136 548
136 568
136 580
136 581
136 584
136 593
136 598
136 601
136 609
136 619
136 628
136 637
136 641
136 646
136 651
136 674
136 681
136 683
136 697
136 711
136 732
136 735
136 737
136 778
136 794
136 795
137 401
137 404
137 413
137 417
137 430
137 433
137 435
137 439
137 458
137 460
137 461
137 462
137 470
137 504
137 513
137 520
137 522
137 528
137 536
137 537
137 538
137 541
137 557
137 559
137 567
137 568
137 571
137 582
137 599
137 606
137 617
137 623
137 646
137 660
137 662
137 674
137 684
137 691
137 692
137 717
137 729
137 737
137 748
137 765
137 777
137 788
137 798
138 401
138 405
138 409
138 410
138 426
138 431
138 452
138 459
138 460
138 488
138 495
138 510
138 521
138 531
138 533
138 545
138 548
138 570
138 586
138 595
138 597
138 616
138 631
138 632
138 642
138 649
138 653
138 667
138 669
138 678
138 679
138 681
138 682
138 703
138 721
138 745
138 760
138 776
138 779
138 781
138 789
138 796
139 414
139 425
139 431
139 432
139 446
139 449
139 463
139 468
139 477
139 484
139 487
139 498
139 501
139 505
139 525
139 531
139 558
139 593
139 613
139 638
139 673
139 676
139 694
139 747
139 768
140 401
140 404
140 409
140 425
140 447
140 452
140 453
140 458
140 462
140 463
140 464
140 476
140 481
140 482
140 485
140 492
140 496
140 499
140 500
140 524
140 527
140 539
140 547
140 549
140 558
140 563
140 570
140 574
140 579
140 582
140 590
140 596
140 599
140 601
140 602
140 606
140 617
140 630
140 632
140 635
140 655
140 671
140 674
140 679
140 685
140 691
140 720
140 738
140 743
140 745
140 753
140 765
140 782
140 787
140 792
140 794
140 799
141 419
141 428
141 434
141 440
141 464
141 467
141 481
141 490
141 505
141 509
141 515
141 533
141 534
141 537
141 540
141 541
141 554
141 560
141 576
141 582
141 599
141 604
141 611
141 618
141 621
141 626
141 640
141 650
141 673
141 686
141 689
141 699
141 700
141 716
141 731
141 748
141 759
141 761
141 771
141 775
141 779
141 785
142 420
142 426
142 433
142 449
142 464
142 469
142 482
142 483
142 491
142 494
142 509
142 518
142 534
142 557
142 561
142 567
142 569
142 585
142 594
142 611
142 614
142 631
142 643
142 657
142 665
142 673
142 684
142 698
142 701
142 724
142 732
142 734
142 741
142 750
142 765
142 773
142 779
142 785
143 401
143 405
143 412
143 438
143 445
143 447
143 471
143 478
143 508
143 510
143 533
143 536
143 539
143 567
143 568
143 572
143 581
143 602
143 604
143 609
143 628
143 636
143 641
143 667
143 682
143 695
143 704
143 710
143 711
143 712
143 722
143 735
143 745
143 800
144 410
144 413
144 423
144 441
144 455
144 466
144 476
144 480
144 487
144 495
144 501
144 509
144 517
144 537
144 556
144 565
144 576
144 593
144 605
144 620
144 629
144 633
144 643
144 654
144 660
144 685
144 688
144 698
144 725
144 732
144 744
144 775
144 790
144 793
144 794
144 795
145 403
145 418
145 420
145 421
145 433
145 447
145 451
145 459
145 471
145 486
145 487
145 498
145 505
145 529
145 530
145 537
145 547
145 549
145 556
145 592
145 595
145 617
145 618
145 619
145 621
145 626
145 635
145 636
145 644
145 656
145 657
145 663
145 679
145 708
145 711
145 714
145 717
145 725
145 755
145 776
146 414
146 420
146 438
146 445
146 481
146 489
146 500
146 502
146 508
146 509
146 510
146 512
146 516
146 517
146 526
146 537
146 557
146 560
146 574
146 578
146 588
146 591
146 596
146 597
146 598
146 606
146 624
146 634
146 648
146 655
146 661
146 687
146 695
146 698
146 710
146 713
146 741
146 743
146 764
146 798
147 401
147 406
147 417
147 421
147 429
147 433
147 441
147 447
147 473
147 476
147 490
147 492
147 521
147 524
147 532
147 535
147 547
147 560
147 570
147 578
147 597
147 616
147 622
147 636
147 637
147 640
147 641
147 643
147 662
147 677
147 679
147 682
147 689
147 703
147 705
147 711
147 712
147 738
147 740
147 753
147 757
147 760
147 761
147 764
147 779
147 782
147 786
148 415
148 418
148 425
148 444
148 456
148 460
148 465
148 474
148 485
148 497
148 498
148 509
148 518
148 530
148 540
148 557
148 577
148 591
148 615
148 644
148 656
148 662
148 672
148 689
148 725
148 742
148 748
148 749
148 762
148 764
148 767
148 792
149 402
149 413
149 415
149 429
149 444
149 459
149 474
149 476
149 487
149 508
149 511
149 512
149 522
149 524
149 541
149 543
149 552
149 555
149 562
149 568
149 581
149 586
149 595
149 596
149 601
149 618
149 627
149 629
149 635
149 636
149 643
149 655
149 704
149 709
149 720
149 721
149 724
149 728
149 731
149 744
149 761
149 792
149 795
150 407
150 410
150 424
150 431
150 440
150 442
150 453
150 464
150 469
150 474
150 479
150 514
150 523
150 526
150 531
150 546
150 550
150 560
150 563
150 567
150 571
150 577
150 611
150 618
150 625
150 628
150 653
150 661
150 688
150 689
150 694
150 742
150 745
150 753
150 775
150 794
151 404
151 420
151 425
151 430
151 440
151 446
151 449
151 451
151 475
151 492
151 504
151 520
151 523
151 531
151 532
151 545
151 549
151 562
151 577
151 583
151 584
151 586
151 595
151 603
151 624
151 630
151 657
151 665
151 674
151 677
151 680
151 699
151 734
151 770
151 774
151 777
151 779
151 796
152 433
152 452
152 470
152 476
152 478
152 487
152 492
152 493
152 526
152 545
152 555
152 562
152 575
152 585
152 589
152 606
152 609
152 618
152 632
152 640
152 643
152 647
152 653
152 658
152 663
152 689
152 697
152 707
152 720
152 726
152 730
152 738
152 739
152 745
152 772
152 776
152 789
152 793
152 797
153 407
153 420
153 423
153 437
153 442
153 444
153 462
153 468
153 472
153 477
153 485
153 488
153 496
153 550
153 560
153 564
153 578
153 580
153 582
153 585
153 603
153 609
153 616
153 621
153 635
153 641
153 642
153 649
153 657
153 663
153 674
153 685
153 711
153 724
153 777
153 786
153 793
154 405
154 417
154 419
154 426
154 449
154 451
154 454
154 456
154 464
154 467
154 485
154 489
154 497
154 500
154 508
154 509
154 512
154 520
154 522
154 533
154 548
154 550
154 553
154 559
154 585
154 590
154 596
154 609
154 622
154 637
154 654
154 664
154 683
154 685
154 690
154 693
154 702
154 704
154 710
154 720
154 737
154 741
154 744
154 762
154 769
154 781
154 784
154 787
155 421
155 422
155 428
155 436
155 449
155 459
155 463
155 464
155 489
155 498
155 526
155 532
155 533
155 548
155 553
155 556
155 560
155 572
155 576
155 581
155 585
155 611
155 618
155 620
155 622
155 624
155 628
155 646
155 648
155 661
155 680
155 688
155 719
155 742
155 744
155 750
155 751
155 752
155 787
155 791
156 412
156 416
156 423
156 447
156 475
156 491
156 492
156 494
156 531
156 532
156 535
156 542
156 555
156 561
156 601
156 608
156 627
156 643
156 648
156 658
156 666
156 674
156 677
156 678
156 682
156 705
156 757
156 758
156 763
156 766
156 769
156 773
156 779
156 785
156 796
157 417
157 419
157 435
157 440
157 451
157 454
157 475
157 514
157 518
157 547
157 555
157 556
157 558
157 562
157 570
157 571
157 574
157 578
157 596
157 597
157 616
157 632
157 648
157 658
157 673
157 685
157 691
157 694
157 712
157 714
157 718
157 732
157 747
157 777
157 783
157 785
158 432
158 439
158 444
158 448
158 450
158 499
158 530
158 532
158 534
158 536
158 557
158 559
158 563
158 574
158 603
158 627
158 632
158 634
158 642
158 644
158 648
158 653
158 662
158 669
158 670
158 673
158 675
158 677
158 692
158 696
158 707
158 739
158 742
158 755
158 756
158 765
158 771
158 779
158 782
158 783
158 789
158 795
159 408
159 448
159 456
159 460
159 463
159 464
159 471
159 473
159 486
159 507
159 510
159 517
159 519
159 528
159 531
159 555
159 571
159 581
159 594
159 596
159 623
159 624
159 625
159 629
159 645
159 648
159 671
159 685
159 699
159 713
159 719
159 751
159 759
159 774
160 401
160 418
160 426
160 435
160 439
160 449
160 491
160 496
160 506
160 508
160 513
160 516
160 551
160 555
160 568
160 577
160 581
160 590
160 600
160 601
160 614
160 625
160 626
160 639
160 640
160 642
160 650
160 664
160 669
160 670
160 677
160 681
160 689
160 706
160 711
160 713
160 717
160 720
160 735
160 738
160 748
160 758
160 768
160 773
160 785
160 789
160 791
161 401
161 422
161 429
161 446
161 451
161 453
161 458
161 462
161 464
161 474
161 482
161 492
161 504
161 520
161 539
161 542
161 546
161 547
161 550
161 568
161 575
161 616
161 623
161 631
161 650
161 663
161 683
161 689
161 696
161 701
161 722
161 725
161 732
161 738
161 739
161 745
161 759
161 789
161 796
162 406
162 414
162 425
162 431
162 470
162 484
162 495
162 497
162 523
162 529
162 532
162 544
162 547
162 566
162 584
162 591
162 599
162 622
162 628
162 633
162 641
162 646
162 656
162 670
162 673
162 685
162 689
162 701
162 704
162 714
162 743
162 766
162 773
162 777
162 781
162 795
163 401
163 415
163 428
163 431
163 452
163 454
163 468
163 486
163 491
163 498
163 500
163 515
163 556
163 578
163 583
163 587
163 589
163 590
163 591
163 605
163 608
163 612
163 618
163 626
163 632
163 642
163 647
163 679
163 700
163 711
163 745
163 750
163 751
163 754
163 755
163 756
163 772
163 779
163 788
164 403
164 411
164 415
164 421
164 425
164 436
164 450
164 457
164 467
164 510
164 512
164 515
164 529
164 537
164 540
164 567
164 585
164 605
164 649
164 655
164 659
164 668
164 687
164 692
164 708
164 734
164 741
164 748
164 771
165 412
165 413
165 433
165 435
165 437
165 438
165 439
165 461
165 465
165 489
165 496
165 499
165 511
165 520
165 526
165 534
165 548
165 604
165 611
165 658
165 665
165 668
165 684
165 692
165 701
165 710
165 728
165 740
165 742
165 750
165 772
165 775
165 794
166 403
166 404
166 407
166 414
166 417
166 426
166 427
166 435
166 436
166 442
166 468
166 486
166 492
166 502
166 510
166 550
166 567
166 577
166 582
166 589
166 593
166 609
166 614
166 623
166 626
166 635
166 641
166 645
166 648
166 649
166 651
166 670
166 673
166 739
166 747
166 769
166 771
166 785
166 786
167 427
167 442
167 447
167 452
167 460
167 468
167 472
167 486
167 496
167 510
167 520
167 522
167 527
167 530
167 597
167 615
167 620
167 623
167 625
167 651
167 659
167 669
167 673
167 679
167 681
167 686
167 691
167 692
167 701
167 703
167 715
167 720
167 760
167 762
167 771
167 776
167 796
168 424
168 444
168 455
168 459
168 461
168 464
168 478
168 486
168 499
168 516
168 538
168 548
168 552
168 555
168 566
168 577
168 588
168 594
168 596
168 603
168 605
168 612
168 622
168 633
168 640
168 654
168 661
168 686
168 693
168 706
168 730
168 731
168 735
168 747
168 764
168 775
169 408
169 417
169 438
169 459
169 464
169 480
169 481
169 486
169 490
169 494
169 496
169 508
169 511
169 525
169 540
169 549
169 560
169 590
169 594
169 595
169 603
169 612
169 628
169 633
169 637
169 638
169 671
169 677
169 700
169 701
169 719
169 740
169 745
169 746
169 756
169 760
169 766
169 774
169 789
169 791
170 407
170 411
170 417
170 448
170 450
170 459
170 478
170 483
170 503
170 505
170 511
170 513
170 519
170 521
170 534
170 549
170 552
170 589
170 593
170 595
170 599
170 606
170 625
170 637
170 638
170 641
170 644
170 650
170 659
170 660
170 682
170 687
170 688
170 691
170 703
170 716
170 726
170 727
170 736
170 744
170 758
170 764
170 773
170 775
170 783
170 784
170 800
171 401
171 407
171 422
171 439
171 462
171 467
171 478
171 485
171 494
171 503
171 517
171 521
171 522
171 528
171 548
171 565
171 579
171 587
171 588
171 592
171 595
171 597
171 602
171 606
171 635
171 641
171 642
171 656
171 684
171 685
171 696
171 708
171 713
171 717
171 737
171 755
171 766
171 776
171 791
172 408
172 410
172 416
172 418
172 424
172 426
172 435
172 439
172 482
172 505
172 520
172 522
172 536
172 557
172 558
172 559
172 560
172 567
172 568
172 599
172 600
172 608
172 611
172 657
172 666
172 675
172 681
172 688
172 693
172 709
172 733
172 737
172 740
172 748
172 759
172 776
172 785
172 791
172 794
172 798
173 407
173 413
173 484
173 504
173 524
173 527
173 553
173 559
173 562
173 574
173 576
173 577
173 580
173 585
173 598
173 611
173 618
173 630
173 636
173 640
173 649
173 698
173 701
173 708
173 712
173 721
173 745
173 755
173 761
173 763
173 786
173 791
173 792
174 439
174 442
174 445
174 447
174 452
174 457
174 461
174 477
174 488
174 493
174 496
174 497
174 498
174 506
174 523
174 529
174 542
174 549
174 557
174 572
174 618
174 624
174 653
174 674
174 688
174 689
174 692
174 693
174 710
174 712
174 713
174 764
174 782
174 788
175 401
175 416
175 419
175 427
175 446
175 449
175 481
175 504
175 523
175 535
175 538
175 541
175 546
175 547
175 556
175 564
175 568
175 577
175 584
175 587
175 610
175 611
175 623
175 625
175 635
175 649
175 662
175 682
175 683
175 685
175 688
175 692
175 695
175 705
175 706
175 718
175 722
175 741
175 773
175 776
176 413
176 423
176 447
176 449
176 458
176 459
176 469
176 475
176 476
176 479
176 483
176 489
176 490
176 503
176 509
176 512
176 523
176 531
176 534
176 537
176 542
176 562
176 564
176 568
176 569
176 590
176 593
176 596
176 613
176 621
176 622
176 644
176 651
176 656
176 657
176 676
176 681
176 685
176 687
176 698
176 699
176 704
176 708
176 709
176 724
176 740
176 748
176 756
176 758
176 759
176 766
176 769
176 797
177 417
177 419
177 441
177 479
177 482
177 486
177 495
177 497
177 499
177 515
177 517
177 519
177 520
177 532
177 542
177 547
177 548
177 554
177 571
177 577
177 578
177 590
177 593
177 602
177 607
177 629
177 650
177 651
177 676
177 697
177 711
177 715
177 718
177 724
177 732
177 737
177 765
177 769
177 784
177 786
177 789
178 407
178 409
178 436
178 444
178 449
178 462
178 463
178 468
178 470
178 481
178 519
178 522
178 523
178 525
178 527
178 531
178 562
178 568
178 594
178 606
178 613
178 618
178 622
178 666
178 669
178 682
178 689
178 715
178 716
178 731
178 745
178 758
178 761
178 765
178 776
178 779
178 787
179 413
179 416
179 433
179 439
179 445
179 452
179 458
179 465
179 475
179 476
179 481
179 507
179 516
179 533
179 547
179 555
179 559
179 563
179 576
179 583
179 584
179 601
179 614
179 625
179 626
179 647
179 650
179 652
179 680
179 684
179 701
179 709
179 716
179 742
179 745
179 767
179 799
179 800
180 408
180 412
180 426
180 439
180 442
180 457
180 477
180 493
180 501
180 503
180 508
180 513
180 514
180 518
180 524
180 531
180 540
180 541
180 558
180 575
180 583
180 590
180 610
180 619
180 624
180 635
180 654
180 686
180 687
180 703
180 715
180 723
180 732
180 735
180 766
180 768
180 779
180 783
180 790
180 798
181 425
181 432
181 447
181 467
181 468
181 473
181 477
181 481
181 490
181 491
181 497
181 498
181 504
181 512
181 513
181 526
181 542
181 544
181 548
181 572
181 577
181 579
181 611
181 616
181 621
181 623
181 631
181 645
181 685
181 688
181 692
181 696
181 697
181 715
181 728
181 745
181 758
181 768
181 787
182 402
182 413
182 418
182 433
182 436
182 448
182 458
182 462
182 463
182 484
182 486
182 519
182 526
182 535
182 566
182 568
182 572
182 573
182 588
182 599
182 612
182 618
182 623
182 651
182 655
182 694
182 698
182 716
182 742
182 748
182 751
182 765
182 780
182 781
182 787
182 800
183 401
183 404
183 406
183 429
183 435
183 437
183 441
183 447
183 460
183 467
183 481
183 491
183 494
183 510
183 526
183 540
183 556
183 563
183 570
183 581
183 595
183 608
183 613
183 640
183 648
183 654
183 668
183 677
183 685
183 691
183 692
183 701
183 707
183 739
183 747
183 762
183 794
183 796
184 443
184 459
184 470
184 471
184 482
184 485
184 490
184 509
184 536
184 540
184 558
184 569
184 574
184 577
184 581
184 582
184 599
184 605
184 617
184 618
184 619
184 629
184 633
184 637
184 673
184 675
184 682
184 684
184 685
184 693
184 703
184 708
184 716
184 735
184 748
184 775
184 782
184 785
184 794
185 405
185 422
185 425
185 443
185 460
185 462
185 466
185 470
185 486
185 523
185 534
185 541
185 548
185 556
185 570
185 573
185 574
185 580
185 584
185 585
185 598
185 608
185 617
185 643
185 648
185 660
185 663
185 679
185 718
185 724
185 755
185 764
185 779
185 796
186 403
186 404
186 423
186 432
186 437
186 448
186 484
186 501
186 515
186 531
186 533
186 544
186 552
186 554
186 557
186 563
186 569
186 582
186 595
186 600
186 602
186 608
186 624
186 641
186 656
186 669
186 693
186 700
186 702
186 704
186 709
186 719
186 723
186 731
186 732
186 739
186 748
186 750
186 762
186 778
186 787
186 791
187 405
187 409
187 423
187 440
187 445
187 470
187 473
187 490
187 507
187 509
187 513
187 527
187 535
187 537
187 541
187 551
187 566
187 570
187 579
187 580
187 585
187 588
187 591
187 604
187 607
187 621
187 636
187 660
187 678
187 684
187 690
187 697
187 708
187 712
187 720
187 729
187 731
187 742
187 745
187 746
187 751
187 799
188 402
188 407
188 410
188 415
188 435
188 445
188 467
188 472
188 478
188 484
188 486
188 493
188 514
188 522
188 569
188 574
188 575
188 579
188 586
188 590
188 602
188 608
188 609
188 638
188 645
188 697
188 698
188 717
188 725
188 740
188 743
188 757
188 762
188 765
188 771
188 772
188 784
188 788
189 402
189 411
189 415
189 419
189 426
189 436
189 454
189 462
189 463
189 470
189 476
189 481
189 482
189 484
189 513
189 514
189 523
189 549
189 551
189 553
189 563
189 569
189 575
189 576
189 595
189 599
189 610
189 615
189 623
189 630
189 633
189 638
189 652
189 656
189 657
189 701
189 707
189 712
189 713
189 719
189 728
189 732
189 740
189 749
189 755
189 758
189 767
189 782
189 783
189 790
190 412
190 414
190 415
190 420
190 424
190 433
190 434
190 460
190 465
190 474
190 476
190 477
190 483
190 484
190 485
190 493
190 508
190 515
190 524
190 531
190 537
190 542
190 543
190 585
190 592
190 596
190 603
190 605
190 607
190 617
190 620
190 657
190 708
190 723
190 731
190 735
190 757
190 759
190 779
190 800
191 405
191 424
191 452
191 453
191 457
191 462
191 468
191 475
191 477
191 480
191 497
191 500
191 510
191 518
191 526
191 530
191 556
191 563
191 573
191 576
191 597
191 610
191 613
191 618
191 621
191 638
191 665
191 671
191 679
191 697
191 723
191 737
191 753
191 756
191 757
191 767
191 772
191 777
191 778
191 783
191 789
192 406
192 416
192 419
192 422
192 433
192 452
192 462
192 471
192 472
192 500
192 502
192 516
192 526
192 536
192 537
192 561
192 562
192 588
192 597
192 615
192 617
192 625
192 631
192 647
192 656
192 673
192 688
192 723
192 731
192 749
192 761
192 768
192 770
192 773
192 779
192 796
193 423
193 424
193 425
193 439
193 444
193 452
193 454
193 463
193 477
193 478
193 481
193 492
193 522
193 528
193 541
193 560
193 564
193 582
193 594
193 597
193 611
193 617
193 618
193 646
193 654
193 661
193 662
193 667
193 670
193 672
193 681
193 691
193 700
193 703
193 732
193 735
193 742
193 743
193 788
194 406
194 407
194 427
194 434
194 437
194 439
194 441
194 462
194 473
194 475
194 476
194 526
194 529
194 535
194 543
194 558
194 575
194 576
194 585
194 593
194 616
194 619
194 633
194 641
194 646
194 649
194 662
194 663
194 666
194 688
194 693
194 694
194 705
194 771
194 774
195 401
195 405
195 424
195 429
195 431
195 433
195 442
195 455
195 461
195 463
195 473
195 482
195 491
195 500
195 510
195 525
195 539
195 555
195 575
195 584
195 590
195 592
195 598
195 607
195 616
195 626
195 629
195 631
195 656
195 669
195 680
195 719
195 724
195 739
195 742
195 770
195 799
196 418
196 423
196 424
196 430
196 456
196 469
196 493
196 496
196 503
196 508
196 538
196 550
196 566
196 570
196 581
196 586
196 610
196 613
196 641
196 650
196 654
196 657
196 665
196 676
196 684
196 687
196 708
196 714
196 728
196 739
197 407
197 417
197 428
197 433
197 439
197 447
197 466
197 493
197 498
197 518
197 543
197 547
197 562
197 566
197 567
197 575
197 582
197 593
197 596
197 626
197 636
197 644
197 652
197 661
197 663
197 678
197 681
197 687
197 732
197 735
197 741
197 750
197 777
197 778
197 787
198 417
198 424
198 427
198 428
198 430
198 434
198 444
198 457
198 458
198 485
198 513
198 520
198 522
198 553
198 572
198 584
198 586
198 603
198 618
198 623
198 631
198 639
198 650
198 672
198 673
198 674
198 676
198 678
198 694
198 703
198 704
198 711
198 714
198 716
198 754
198 773
198 784
198 791
198 796
199 405
199 419
199 420
199 434
199 444
199 462
199 478
199 491
199 506
199 507
199 510
199 516
199 526
199 528
199 530
199 539
199 542
199 552
199 576
199 583
199 584
199 597
199 598
199 605
199 625
199 641
199 645
199 668
199 676
199 677
199 711
199 714
199 716
199 717
199 737
199 750
199 761
199 773
199 786
199 796
199 799
200 401
200 402
200 414
200 435
200 439
200 442
200 450
200 455
200 457
200 461
200 468
200 471
200 473
200 475
200 476
200 494
200 497
200 505
200 518
200 543
200 558
200 563
200 568
200 578
200 584
200 587
200 591
200 596
200 598
200 602
200 603
200 612
200 627
200 628
200 631
200 646
200 656
200 666
200 687
200 699
200 719
200 721
200 737
200 745
200 752
200 758
200 762
200 774
200 784
200 787
200 798
201 421
201 429
201 432
201 436
201 439
201 465
201 488
201 508
201 512
201 519
201 534
201 544
201 556
201 578
201 579
201 584
201 585
201 592
201 597
201 598
201 604
201 620
201 627
201 629
201 643
201 644
201 646
201 658
201 671
201 674
201 680
201 718
201 739
201 744
201 752
201 753
201 756
201 786
201 792
201 797
201 798
201 800
202 405
202 406
202 407
202 437
202 449
202 463
202 468
202 482
202 493
202 506
202 507
202 509
202 517
202 519
202 521
202 533
202 543
202 559
202 580
202 604
202 626
202 630
202 636
202 637
202 652
202 660
202 662
202 666
202 677
202 678
202 688
202 696
202 721
202 752
202 766
202 777
202 788
203 425
203 430
203 453
203 478
203 489
203 492
203 496
203 499
203 543
203 558
203 575
203 586
203 592
203 602
203 637
203 638
203 639
203 646
203 652
203 670
203 675
203 678
203 679
203 683
203 698
203 705
203 712
203 714
203 724
203 728
203 734
203 747
203 756
203 769
203 772
203 774
203 784
204 407
204 420
204 423
204 441
204 442
204 448
204 459
204 466
204 468
204 482
204 487
204 511
204 526
204 532
204 538
204 540
204 542
204 548
204 562
204 565
204 566
204 578
204 592
204 602
204 613
204 617
204 625
204 633
204 643
204 673
204 685
204 689
204 696
204 717
204 726
204 734
204 739
204 751
204 760
204 764
204 786
204 800
205 402
205 407
205 413
205 422
205 455
205 462
205 472
205 504
205 524
205 538
205 555
205 570
205 577
205 578
205 586
205 591
205 593
205 608
205 625
205 667
205 697
205 739
205 741
205 742
205 747
205 752
205 755
205 765
205 768
205 769
205 796
205 798
206 404
206 429
206 451
206 465
206 470
206 505
206 522
206 539
206 544
206 551
206 582
206 595
206 597
206 619
206 620
206 621
206 624
206 641
206 642
206 663
206 665
206 702
206 706
206 713
206 718
206 726
206 739
206 743
206 746
206 773
206 779
206 780
206 799
207 417
207 425
207 448
207 470
207 473
207 474
207 518
207 530
207 552
207 597
207 607
207 615
207 622
207 626
207 631
207 640
207 644
207 646
207 666
207 667
207 679
207 687
207 706
207 707
207 742
207 743
207 780
207 786
207 793
207 797
208 403
208 419
208 422
208 432
208 434
208 437
208 460
208 472
208 484
208 512
208 518
208 525
208 530
208 533
208 557
208 585
208 605
208 611
208 658
208 659
208 666
208 669
208 671
208 685
208 692
208 700
208 764
208 767
208 800
209 409
209 410
209 443
209 444
209 454
209 475
209 476
209 479
209 492
209 516
209 529
209 536
209 548
209 549
209 551
209 552
209 585
209 590
209 594
209 608
209 610
209 646
209 650
209 652
209 662
209 669
209 685
209 692
209 710
209 722
209 723
209 737
209 749
209 753
209 758
209 768
209 774
209 791
209 799
209 800
210 404
210 414
210 415
210 420
210 422
210 423
210 426
210 429
210 437
210 442
210 448
210 453
210 456
210 464
210 466
210 478
210 481
210 492
210 494
210 501
210 507
210 539
210 545
210 552
210 554
210 565
210 590
210 594
210 618
210 621
210 625
210 634
210 653
210 656
210 670
210 674
210 677
210 679
210 681
210 696
210 699
210 713
210 714
210 723
210 754
210 763
210 765
210 769
210 782
210 786
210 794
210 800
211 407
211 410
211 418
211 420
211 437
211 442
211 447
211 462
211 465
211 499
211 501
211 504
211 525
211 539
211 541
211 545
211 569
211 593
211 599
211 620
211 636
211 641
211 651
211 661
211 674
211 680
211 681
211 683
211 700
211 726
211 738
211 768
211 774
211 781
211 793
212 418
212 419
212 430
212 431
212 433
212 453
212 458
212 462
212 471
212 496
212 512
212 515
212 532
212 554
212 562
212 582
212 593
212 603
212 632
212 637
212 640
212 651
212 664
212 666
212 671
212 672
212 685
212 688
212 690
212 694
212 708
212 730
212 742
212 753
212 760
212 773
213 403
213 405
213 414
213 452
213 461
213 465
213 467
213 468
213 479
213 490
213 504
213 509
213 513
213 523
213 530
213 540
213 545
213 546
213 561
213 606
213 608
213 642
213 650
213 659
213 672
213 673
213 674
213 685
213 693
213 696
213 704
213 708
213 718
213 724
213 727
213 736
213 744
213 754
213 756
213 759
213 771
213 775
213 796
214 404
214 425
214 431
214 435
214 447
214 456
214 458
214 492
214 493
214 499
214 510
214 517
214 543
214 556
214 558
214 568
214 592
214 593
214 595
214 601
214 603
214 606
214 615
214 617
214 624
214 629
214 637
214 639
214 659
214 669
214 673
214 683
214 692
214 747
214 769
214 773
214 777
214 784
214 786
214 788
214 789
214 794
214 796
215 418
215 420
215 425
215 450
215 451
215 453
215 454
215 461
215 467
215 477
215 487
215 493
215 494
215 520
215 534
215 549
215 550
215 555
215 563
215 564
215 565
215 586
215 590
215 602
215 627
215 632
215 644
215 648
215 653
215 660
215 662
215 669
215 678
215 692
215 697
215 704
215 707
215 711
215 715
215 716
215 765
215 781
215 794
216 419
216 436
216 453
216 454
216 475
216 503
216 518
216 521
216 529
216 537
216 540
216 552
216 581
216 610
216 611
216 614
216 619
216 627
216 640
216 646
216 660
216 683
216 684
216 717
216 726
216 744
216 760
216 761
216 765
216 789
216 791
216 796
217 413
217 415
217 417
217 420
217 421
217 432
217 436
217 459
217 504
217 510
217 516
217 527
217 532
217 537
217 549
217 551
217 555
217 557
217 564
217 574
217 581
217 582
217 587
217 597
217 609
217 610
217 623
217 640
217 681
217 687
217 740
217 742
217 753
217 763
217 771
217 775
217 779
217 785
217 794
217 796
218 403
218 413
218 414
218 417
218 426
218 428
218 436
218 441
218 442
218 455
218 456
218 463
218 478
218 485
218 496
218 497
218 504
218 507
218 542
218 568
218 573
218 574
218 581
218 586
218 596
218 602
218 607
218 624
218 641
218 650
218 651
218 652
218 655
218 664
218 673
218 674
218 678
218 698
218 721
218 731
218 766
218 792
219 404
219 456
219 465
219 470
219 478
219 484
219 521
219 524
219 536
219 537
219 538
219 547
219 548
219 552
219 555
219 558
219 568
219 642
219 657
219 664
219 680
219 685
219 687
219 691
219 724
219 742
219 756
219 762
219 772
219 776
219 788
219 795
220 411
220 419
220 425
220 427
220 452
220 463
220 466
220 470
220 471
220 486
220 501
220 508
220 519
220 532
220 546
220 550
220 558
220 559
220 566
220 572
220 577
220 578
220 624
220 629
220 643
220 655
220 658
220 689
220 711
220 717
220 749
220 755
220 757
220 785
220 796
220 800
221 404
221 405
221 417
221 419
221 420
221 422
221 425
221 438
221 447
221 449
221 457
221 462
221 477
221 478
221 480
221 483
221 490
221 511
221 520
221 522
221 532
221 533
221 546
221 557
221 560
221 571
221 572
221 580
221 581
221 593
221 601
221 603
221 614
221 618
221 622
221 626
221 635
221 636
221 638
221 644
221 650
221 651
221 655
221 658
221 670
221 673
221 677
221 678
221 688
221 699
221 700
221 702
221 706
221 728
221 729
221 741
221 744
221 749
221 755
221 756
221 759
221 763
221 773
221 781
221 785
222 412
222 421
222 435
222 437
222 438
222 445
222 458
222 460
222 463
222 517
222 519
222 521
222 529
222 553
222 565
222 582
222 583
222 596
222 622
222 656
222 657
222 660
222 670
222 679
222 687
222 707
222 711
222 720
222 737
222 746
222 756
222 764
222 780
222 788
223 407
223 408
223 414
223 425
223 438
223 473
223 475
223 485
223 500
223 503
223 514
223 541
223 574
223 585
223 588
223 614
223 620
223 625
223 646
223 653
223 662
223 677
223 678
223 694
223 695
223 708
223 715
223 718
223 742
223 743
223 763
223 781
223 784
223 794
224 408
224 414
224 417
224 425
224 430
224 434
224 437
224 443
224 447
224 448
224 453
224 457
224 461
224 471
224 487
224 493
224 505
224 534
224 546
224 570
224 583
224 602
224 613
224 636
224 658
224 677
224 683
224 693
224 699
224 714
224 720
224 729
224 748
224 758
224 762
225 424
225 426
225 441
225 477
225 479
225 489
225 505
225 521
225 544
225 546
225 547
225 549
225 552
225 576
225 580
225 597
225 609
225 625
225 626
225 632
225 651
225 670
225 679
225 688
225 697
225 700
225 703
225 733
225 737
225 741
225 745
225 750
225 757
225 769
225 773
225 781
225 785
225 789
225 790
225 798
226 405
226 434
226 435
226 444
226 446
226 450
226 459
226 464
226 468
226 470
226 474
226 479
226 494
226 519
226 520
226 542
226 561
226 584
226 585
226 586
226 602
226 611
226 613
226 629
226 641
226 644
226 650
226 661
226 662
226 670
226 673
226 677
226 694
226 698
226 701
226 703
226 737
226 746
226 750
226 764
226 769
226 779
226 798
226 799
227 403
227 412
227 419
227 431
227 440
227 445
227 454
227 457
227 483
227 495
227 501
227 513
227 521
227 524
227 526
227 527
227 531
227 534
227 558
227 580
227 595
227 604
227 615
227 636
227 643
227 654
227 655
227 695
227 696
227 701
227 707
227 709
227 713
227 738
227 749
227 753
227 759
227 771
227 778
227 784
228 402
228 411
228 435
228 438
228 475
228 480
228 482
228 485
228 496
228 515
228 516
228 517
228 528
228 529
228 530
228 536
228 545
228 571
228 580
228 581
228 626
228 628
228 638
228 654
228 658
228 662
228 667
228 672
228 682
228 689
228 690
228 720
228 723
228 751
228 758
228 769
228 775
228 781
228 799
228 800
229 402
229 404
229 420
229 440
229 452
229 465
229 466
229 467
229 480
229 487
229 491
229 520
229 528
229 535
229 546
229 557
229 558
229 569
229 642
229 651
229 665
229 674
229 676
229 677
229 678
229 691
229 703
229 731
229 748
229 752
229 753
229 754
229 755
229 759
229 760
229 761
229 762
229 770
229 782
229 798
229 800
230 415
230 427
230 431
230 437
230 451
230 459
230 493
230 512
230 544
230 553
230 554
230 555
230 570
230 595
230 596
230 606
230 632
230 633
230 638
230 640
230 654
230 665
230 679
230 684
230 687
230 695
230 697
230 725
230 729
230 742
230 743
230 759
230 762
230 769
230 774
230 780
231 402
231 417
231 426
231 429
231 436
231 438
231 460
231 462
231 482
231 485
231 498
231 509
231 540
231 546
231 550
231 568
231 573
231 577
231 607
231 609
231 620
231 656
231 667
231 689
231 710
231 722
231 728
231 737
231 739
231 744
231 754
232 426
232 459
232 460
232 468
232 469
232 480
232 491
232 493
232 499
232 501
232 507
232 520
232 523
232 531
232 534
232 538
232 554
232 555
232 562
232 580
232 582
232 608
232 613
232 619
232 649
232 657
232 661
232 672
232 687
232 693
232 699
232 708
232 710
232 726
232 729
232 741
232 747
232 749
232 756
232 757
232 768
232 773
232 777
232 778
232 782
232 787
233 404
233 438
233 445
233 450
233 467
233 488
233 489
233 504
233 526
233 540
233 552
233 560
233 567
233 583
233 592
233 602
233 616
233 618
233 620
233 629
233 630
233 646
233 652
233 686
233 698
233 708
233 709
233 715
233 724
233 741
233 757
233 758
233 767
233 772
233 782
233 797
234 412
234 413
234 415
234 431
234 434
234 447
234 450
234 474
234 502
234 530
234 535
234 540
234 545
234 552
234 569
234 574
234 578
234 588
234 603
234 612
234 614
234 617
234 621
234 634
234 647
234 657
234 658
234 678
234 679
234 683
234 719
234 742
234 745
234 772
234 774
234 779
234 785
234 787
234 790
235 401
235 402
235 415
235 417
235 448
235 483
235 488
235 505
235 510
235 518
235 532
235 538
235 543
235 547
235 551
235 574
235 589
235 590
235 607
235 614
235 617
235 628
235 632
235 659
235 663
235 669
235 677
235 702
235 723
235 724
235 761
235 770
235 775
235 792
236 415
236 432
236 444
236 447
236 452
236 453
236 462
236 463
236 464
236 465
236 470
236 473
236 487
236 493
236 494
236 497
236 500
236 506
236 522
236 523
236 526
236 529
236 537
236 544
236 546
236 559
236 574
236 588
236 610
236 617
236 629
236 633
236 636
236 643
236 658
236 669
236 692
236 707
236 713
236 725
236 728
236 754
236 780
236 785
236 786
236 788
236 792
237 406
237 410
237 425
237 442
237 465
237 466
237 475
237 482
237 499
237 516
237 521
237 528
237 548
237 553
237 558
237 573
237 580
237 590
237 602
237 608
237 623
237 626
237 633
237 647
237 655
237 659
237 662
237 678
237 683
237 685
237 691
237 694
237 696
237 697
237 704
237 705
237 711
237 718
237 723
237 743
237 752
237 763
237 767
237 792
237 796
238 428
238 434
238 437
238 438
238 457
238 467
238 475
238 477
238 491
238 496
238 497
238 500
238 504
238 509
238 510
238 522
238 541
238 544
238 546
238 560
238 567
238 583
238 587
238 598
238 609
238 617
238 624
238 626
238 629
238 635
238 638
238 653
238 657
238 664
238 672
238 686
238 714
238 720
238 737
238 748
238 766
238 782
238 791
239 410
239 426
239 445
239 452
239 457
239 458
239 461
239 467
239 469
239 478
239 480
239 496
239 500
239 503
239 521
239 535
239 539
239 540
239 557
239 566
239 571
239 580
239 595
239 604
239 610
239 614
239 620
239 646
239 648
239 656
239 667
239 688
239 696
239 709
239 745
239 753
239 757
239 762
239 785
239 789
240 411
240 431
240 433
240 442
240 459
240 466
240 493
240 532
240 533
240 534
240 551
240 552
240 553
240 559
240 570
240 583
240 590
240 597
240 600
240 616
240 625
240 630
240 631
240 636
240 645
240 650
240 659
240 663
240 667
240 668
240 686
240 700
240 711
240 724
240 731
240 746
240 758
240 759
240 761
240 764
241 406
241 410
241 412
241 416
241 441
241 453
241 470
241 474
241 475
241 481
241 484
241 493
241 498
241 509
241 510
241 529
241 567
241 579
241 583
241 592
241 598
241 603
241 606
241 614
241 664
241 669
241 695
241 696
241 727
241 740
241 747
241 779
241 782
241 784
241 786
241 789
242 413
242 443
242 476
242 481
242 483
242 525
242 530
242 548
242 552
242 553
242 560
242 573
242 587
242 591
242 592
242 595
242 598
242 600
242 602
242 603
242 606
242 614
242 631
242 638
242 665
242 668
242 684
242 692
242 694
242 695
242 697
242 702
242 711
242 715
242 717
242 720
242 739
242 758
242 781
242 791
242 794
243 402
243 413
243 425
243 427
243 428
243 437
243 438
243 439
243 445
243 450
243 451
243 455
243 460
243 475
243 503
243 508
243 515
243 521
243 523
243 558
243 568
243 576
243 578
243 579
243 595
243 602
243 614
243 628
243 640
243 650
243 654
243 666
243 670
243 674
243 689
243 691
243 699
243 703
243 717
243 740
243 751
243 767
243 777
243 788
243 792
243 794
243 797
244 410
244 412
244 448
244 450
244 476
244 481
244 486
244 495
244 514
244 527
244 545
244 584
244 607
244 621
244 627
244 634
244 653
244 666
244 670
244 688
244 696
244 700
244 705
244 706
244 711
244 715
244 736
244 748
244 749
244 770
244 781
244 782
244 791
244 795
245 410
245 415
245 429
245 438
245 445
245 449
245 484
245 493
245 509
245 524
245 535
245 539
245 544
245 561
245 566
245 571
245 587
245 593
245 610
245 630
245 639
245 641
245 644
245 651
245 660
245 665
245 673
245 686
245 691
245 693
245 698
245 722
245 742
245 771
245 773
245 775
245 779
245 790
245 793
246 401
246 406
246 409
246 437
246 438
246 450
246 472
246 477
246 480
246 482
246 488
246 497
246 527
246 529
246 541
246 613
246 642
246 648
246 655
246 657
246 695
246 725
246 738
246 746
246 766
246 768
246 770
246 784
247 402
247 435
247 459
247 462
247 471
247 472
247 475
247 495
247 534
247 535
247 543
247 570
247 571
247 577
247 600
247 607
247 609
247 617
247 628
247 653
247 659
247 669
247 698
247 701
247 723
247 739
247 759
247 774
247 791
248 407
248 413
248 417
248 423
248 431
248 433
248 437
248 448
248 450
248 456
248 466
248 469
248 474
248 482
248 494
248 498
248 514
248 515
248 523
248 528
248 548
248 596
248 601
248 604
248 619
248 620
248 647
248 669
248 673
248 696
248 717
248 724
248 739
248 743
248 748
248 749
248 752
248 769
248 783
248 788
249 413
249 427
249 455
249 456
249 466
249 486
249 487
249 506
249 526
249 528
249 530
249 537
249 543
249 545
249 546
249 573
249 587
249 591
249 598
249 606
249 623
249 629
249 641
249 647
249 648
249 671
249 677
249 698
249 708
249 719
249 722
249 726
249 732
249 739
249 753
249 756
249 780
249 789
249 796
250 408
250 417
250 431
250 456
250 468
250 474
250 481
250 483
250 501
250 538
250 539
250 540
250 566
250 581
250 596
250 613
250 615
250 661
250 662
250 666
250 679
250 682
250 684
250 698
250 707
250 754
250 757
250 782
250 787
251 417
251 420
251 430
251 454
251 480
251 488
251 489
251 492
251 495
251 502
251 503
251 554
251 580
251 596
251 611
251 627
251 645
251 646
251 651
251 666
251 670
251 672
251 675
251 684
251 686
251 688
251 697
251 699
251 712
251 718
251 738
251 739
251 741
251 751
251 755
251 756
251 761
251 763
251 786
252 435
252 443
252 469
252 488
252 492
252 495
252 511
252 530
252 531
252 545
252 547
252 557
252 575
252 589
252 617
252 624
252 632
252 633
252 635
252 653
252 665
252 688
252 692
252 693
252 702
252 708
252 731
252 736
252 742
252 760
252 761
252 762
252 766
252 771
252 780
253 405
253 408
253 420
253 445
253 448
253 456
253 465
253 467
253 473
253 478
253 495
253 496
253 513
253 516
253 526
253 562
253 565
253 571
253 573
253 578
253 583
253 602
253 624
253 625
253 626
253 627
253 660
253 663
253 688
253 692
253 693
253 694
253 699
253 700
253 706
253 723
253 733
253 737
253 742
253 746
253 761
253 779
253 780
254 402
254 408
254 414
254 421
254 439
254 459
254 471
254 474
254 485
254 487
254 514
254 515
254 527
254 537
254 550
254 564
254 572
254 574
254 590
254 611
254 616
254 617
254 656
254 659
254 660
254 668
254 674
254 705
254 721
254 733
254 740
254 744
254 772
254 775
255 411
255 412
255 426
255 443
255 477
255 482
255 509
255 514
255 520
255 534
255 557
255 561
255 574
255 582
255 587
255 593
255 617
255 629
255 650
255 651
255 664
255 673
255 683
255 712
255 718
255 732
255 752
255 758
255 761
255 762
255 763
255 770
255 777
255 794
255 799
256 405
256 406
256 424
256 426
256 428
256 440
256 448
256 479
256 498
256 500
256 502
256 510
256 519
256 522
256 548
256 552
256 566
256 586
256 588
256 601
256 602
256 614
256 623
256 646
256 651
256 670
256 679
256 687
256 691
256 718
256 751
256 753
256 763
256 770
256 780
256 781
256 786
256 791
257 406
257 410
257 418
257 429
257 430
257 435
257 436
257 456
257 488
257 505
257 506
257 521
257 533
257 534
257 538
257 542
257 546
257 555
257 566
257 567
257 568
257 573
257 584
257 586
257 588
257 598
257 602
257 610
257 616
257 621
257 653
257 654
257 657
257 661
257 663
257 676
257 685
257 687
257 699
257 700
257 701
257 726
257 744
257 762
257 769
257 771
257 787
258 404
258 409
258 412
258 421
258 438
258 444
258 451
258 465
258 496
258 498
258 502
258 505
258 515
258 519
258 521
258 526
258 527
258 529
258 535
258 541
258 554
258 564
258 575
258 584
258 588
258 589
258 608
258 619
258 639
258 640
258 650
258 652
258 654
258 657
258 660
258 664
258 672
258 684
258 692
258 717
258 725
258 736
258 753
258 778
258 785
258 789
258 793
258 796
258 800
259 402
259 407
259 420
259 452
259 463
259 468
259 482
259 523
259 531
259 532
259 550
259 590
259 620
259 632
259 633
259 665
259 669
259 673
259 681
259 685
259 707
259 727
259 729
259 733
259 746
259 777
259 782
259 800
260 404
260 433
260 440
260 452
260 466
260 468
260 471
260 473
260 475
260 488
260 505
260 510
260 517
260 524
260 535
260 542
260 551
260 557
260 568
260 575
260 580
260 611
260 613
260 621
260 622
260 625
260 627
260 638
260 647
260 659
260 675
260 700
260 702
260 708
260 709
260 710
260 717
260 739
260 742
260 786
260 797
260 799
261 421
261 425
261 427
261 433
261 434
261 436
261 442
261 444
261 445
261 449
261 451
261 496
261 499
261 506
261 515
261 518
261 519
261 535
261 590
261 593
261 602
261 610
261 631
261 652
261 655
261 662
261 696
261 699
261 711
261 723
261 753
261 768
261 775
261 776
262 413
262 417
262 427
262 437
262 439
262 444
262 445
262 446
262 448
262 463
262 478
262 479
262 500
262 507
262 515
262 518
262 521
262 539
262 566
262 570
262 575
262 594
262 599
262 631
262 632
262 642
262 650
262 672
262 679
262 711
262 715
262 742
262 743
262 749
262 761
262 777
262 781
262 784
262 791
263 402
263 408
263 411
263 421
263 431
263 436
263 440
263 441
263 460
263 476
263 479
263 480
263 484
263 485
263 512
263 520
263 523
263 543
263 566
263 590
263 597
263 616
263 624
263 625
263 632
263 647
263 674
263 677
263 705
263 717
263 733
263 746
263 747
263 754
263 768
263 770
263 779
263 780
263 782
263 786
264 414
264 421
264 425
264 430
264 433
264 438
264 466
264 479
264 488
264 500
264 521
264 539
264 551
264 552
264 555
264 563
264 576
264 595
264 601
264 604
264 615
264 619
264 634
264 640
264 657
264 660
264 675
264 679
264 681
264 685
264 687
264 727
264 751
264 753
264 764
264 767
264 777
264 787
264 792
264 798
265 404
265 444
265 445
265 520
265 530
265 535
265 543
265 550
265 551
265 556
265 557
265 561
265 563
265 571
265 575
265 576
265 587
265 623
265 624
265 628
265 638
265 643
265 653
265 658
265 670
265 678
265 681
265 692
265 702
265 704
265 715
265 725
265 735
265 757
265 759
265 777
265 789
265 791
265 797
265 798
265 799
266 417
266 421
266 425
266 440
266 461
266 463
266 484
266 496
266 498
266 508
266 509
266 528
266 531
266 543
266 548
266 553
266 574
266 584
266 591
266 604
266 607
266 610
266 635
266 656
266 657
266 659
266 662
266 667
266 674
266 683
266 687
266 688
266 694
266 708
266 709
266 720
266 746
266 749
266 751
266 758
266 779
266 787
266 790
266 796
267 457
267 474
267 484
267 485
267 491
267 510
267 513
267 514
267 515
267 519
267 535
267 553
267 561
267 563
267 565
267 587
267 591
267 595
267 610
267 627
267 635
267 638
267 639
267 641
267 648
267 655
267 657
267 674
267 690
267 695
267 698
267 717
267 731
267 732
267 737
267 745
267 753
267 760
268 412
268 416
268 418
268 424
268 429
268 433
268 439
268 450
268 455
268 467
268 469
268 479
268 488
268 497
268 502
268 516
268 526
268 530
268 537
268 544
268 573
268 583
268 593
268 600
268 604
268 614
268 619
268 628
268 637
268 659
268 660
268 665
268 674
268 683
268 701
268 715
268 716
268 721
268 734
268 740
268 741
268 747
268 764
268 769
268 777
268 785
268 790
269 401
269 431
269 434
269 448
269 462
269 470
269 481
269 484
269 494
269 503
269 504
269 515
269 520
269 523
269 527
269 529
269 538
269 542
269 554
269 563
269 576
269 615
269 647
269 655
269 657
269 666
269 689
269 696
269 710
269 724
269 725
269 731
269 732
269 739
269 740
269 747
269 752
269 756
269 761
269 773
269 781
269 785
269 793
269 796
269 798
270 407
270 419
270 425
270 455
270 483
270 487
270 505
270 512
270 513
270 548
270 550
270 556
270 565
270 571
270 604
270 621
270 642
270 650
270 657
270 677
270 682
270 687
270 690
270 691
270 695
270 699
270 722
270 724
270 731
270 733
270 739
270 741
270 742
270 743
270 746
270 751
270 777
270 799
270 800
271 406
271 417
271 424
271 445
271 459
271 461
271 465
271 468
271 471
271 497
271 501
271 509
271 512
271 516
271 532
271 534
271 558
271 562
271 584
271 593
271 595
271 598
271 609
271 612
271 615
271 621
271 632
271 637
271 653
271 654
271 673
271 679
271 698
271 715
271 724
271 725
271 726
271 733
271 749
271 759
271 771
271 782
271 786
271 796
272 414
272 435
272 437
272 492
272 497
272 499
272 520
272 532
272 534
272 554
272 566
272 571
272 575
272 580
272 593
272 596
272 598
272 603
272 607
272 616
272 623
272 624
272 638
272 641
272 657
272 659
272 665
272 671
272 678
272 689
272 704
272 709
272 712
272 723
272 729
272 731
272 733
272 737
272 739
272 750
272 780
272 791
272 800
273 422
273 436
273 442
273 447
273 449
273 464
273 490
273 512
273 520
273 554
273 568
273 582
273 600
273 604
273 612
273 615
273 623
273 626
273 662
273 668
273 684
273 686
273 711
273 714
273 718
273 722
273 724
273 751
273 752
273 759
273 764
273 769
273 782
273 793
273 794
274 410
274 416
274 423
274 440
274 443
274 447
274 454
274 456
274 459
274 469
274 476
274 508
274 513
274 516
274 545
274 555
274 561
274 569
274 571
274 580
274 586
274 588
274 595
274 603
274 618
274 625
274 643
274 646
274 651
274 654
274 657
274 660
274 690
274 707
274 712
274 736
274 738
274 769
274 774
275 406
275 428
275 476
275 488
275 498
275 499
275 504
275 505
275 513
275 522
275 536
275 566
275 599
275 608
275 611
275 614
275 628
275 630
275 639
275 645
275 654
275 661
275 662
275 663
275 664
275 667
275 682
275 702
275 733
275 736
275 748
275 755
275 761
275 767
275 780
276 410
276 415
276 429
276 434
276 443
276 476
276 485
276 489
276 497
276 498
276 509
276 520
276 539
276 543
276 544
276 561
276 566
276 584
276 598
276 614
276 621
276 640
276 655
276 686
276 687
276 699
276 709
276 722
276 725
276 733
276 735
276 740
276 748
276 753
276 773
276 776
276 787
277 402
277 417
277 418
277 426
277 429
277 436
277 453
277 456
277 457
277 483
277 485
277 488
277 503
277 510
277 512
277 518
277 526
277 564
277 606
277 614
277 634
277 635
277 639
277 643
277 646
277 647
277 655
277 657
277 664
277 667
277 677
277 681
277 697
277 703
277 706
277 711
277 715
277 720
277 736
277 738
277 744
277 745
277 755
277 767
277 773
277 776
277 778
278 407
278 410
278 412
278 413
278 429
278 440
278 443
278 449
278 474
278 475
278 481
278 495
278 499
278 511
278 513
278 515
278 517
278 526
278 527
278 544
278 562
278 600
278 604
278 613
278 616
278 631
278 638
278 679
278 682
278 716
278 729
278 731
278 737
278 757
278 765
278 793
278 796
278 799
279 410
279 433
279 439
279 441
279 447
279 448
279 453
279 454
279 457
279 464
279 504
279 510
279 521
279 579
279 585
279 586
279 587
279 597
279 601
279 607
279 615
279 635
279 650
279 660
279 669
279 670
279 672
279 679
279 686
279 698
279 717
279 719
279 734
279 753
279 761
279 763
279 782
279 786
280 425
280 426
280 434
280 440
280 483
280 493
280 498
280 517
280 528
280 536
280 539
280 553
280 570
280 600
280 603
280 604
280 611
280 628
280 635
280 645
280 657
280 664
280 667
280 674
280 697
280 704
280 708
280 715
280 719
280 727
280 730
280 749
280 752
280 764
280 768
280 777
280 791
280 794
280 795
280 799
281 406
281 418
281 440
281 453
281 476
281 516
281 523
281 527
281 528
281 530
281 552
281 556
281 573
281 578
281 581
281 583
281 586
281 616
281 630
281 634
281 644
281 645
281 648
281 666
281 674
281 676
281 689
281 708
281 710
281 716
281 719
281 737
281 741
281 744
281 751
281 753
281 758
281 760
281 762
281 790
281 794
281 795
282 443
282 447
282 472
282 480
282 505
282 527
282 531
282 535
282 556
282 564
282 569
282 576
282 577
282 580
282 604
282 613
282 624
282 627
282 640
282 642
282 643
282 662
282 664
282 670
282 674
282 675
282 713
282 717
282 726
282 751
282 772
282 780
282 790
282 795
283 411
283 414
283 424
283 429
283 434
283 465
283 481
283 482
283 483
283 486
283 506
283 514
283 516
283 538
283 541
283 573
283 599
283 610
283 644
283 648
283 660
283 673
283 677
283 703
283 711
283 714
283 722
283 726
283 731
283 734
283 744
283 763
283 765
283 773
283 775
283 781
283 787
284 409
284 420
284 426
284 453
284 455
284 463
284 470
284 500
284 506
284 557
284 564
284 568
284 589
284 600
284 627
284 628
284 632
284 636
284 647
284 660
284 661
284 663
284 665
284 678
284 687
284 691
284 694
284 698
284 709
284 710
284 718
284 719
284 725
284 726
284 748
284 779
284 791
285 402
285 424
285 436
285 437
285 439
285 450
285 451
285 457
285 480
285 484
285 497
285 515
285 538
285 543
285 562
285 563
285 568
285 575
285 582
285 592
285 593
285 595
285 606
285 611
285 616
285 623
285 626
285 633
285 636
285 639
285 650
285 652
285 677
285 687
285 696
285 710
285 763
285 775
285 783
285 787
285 788
286 425
286 455
286 459
286 471
286 472
286 478
286 490
286 495
286 513
286 519
286 520
286 531
286 537
286 553
286 563
286 564
286 571
286 585
286 612
286 617
286 637
286 647
286 661
286 672
286 673
286 675
286 687
286 692
286 693
286 695
286 698
286 717
286 720
286 730
286 786
286 788
286 789
286 798
287 401
287 422
287 461
287 473
287 481
287 493
287 498
287 504
287 521
287 529
287 541
287 545
287 558
287 574
287 579
287 583
287 596
287 603
287 605
287 608
287 618
287 620
287 643
287 654
287 658
287 671
287 676
287 678
287 684
287 686
287 695
287 703
287 704
287 713
287 727
287 729
287 732
287 736
287 769
287 784
287 786
287 795
287 798
288 421
288 438
288 441
288 462
288 465
288 466
288 470
288 471
288 481
288 486
288 490
288 494
288 497
288 499
288 504
288 517
288 519
288 523
288 535
288 545
288 552
288 557
288 558
288 575
288 595
288 608
288 616
288 627
288 641
288 671
288 680
288 692
288 698
288 704
288 705
288 713
288 727
288 728
288 733
288 748
288 749
288 764
289 401
289 411
289 431
289 432
289 478
289 533
289 568
289 570
289 574
289 576
289 590
289 603
289 614
289 618
289 624
289 629
289 655
289 663
289 666
289 669
289 672
289 676
289 697
289 708
289 728
289 748
289 765
289 769
289 783
289 796
290 424
290 433
290 451
290 456
290 458
290 470
290 473
290 478
290 487
290 492
290 523
290 534
290 546
290 563
290 574
290 580
290 583
290 588
290 616
290 623
290 661
290 682
290 685
290 689
290 692
290 704
290 709
290 710
290 713
290 715
290 716
290 717
290 723
290 758
290 761
290 768
290 783
290 788
290 798
291 441
291 444
291 445
291 460
291 467
291 489
291 490
291 494
291 502
291 506
291 508
291 510
291 515
291 539
291 544
291 592
291 593
291 600
291 601
291 613
291 615
291 626
291 634
291 640
291 643
291 644
291 661
291 662
291 669
291 699
291 701
291 706
291 708
291 709
291 711
291 735
291 746
291 747
291 755
291 760
291 765
291 767
291 769
291 788
291 795
291 797
292 402
292 441
292 453
292 466
292 474
292 485
292 504
292 506
292 512
292 517
292 523
292 525
292 526
292 544
292 554
292 566
292 578
292 583
292 602
292 603
292 607
292 625
292 637
292 646
292 656
292 663
292 673
292 692
292 708
292 718
292 720
292 725
292 743
293 405
293 408
293 410
293 411
293 438
293 439
293 446
293 448
293 459
293 462
293 463
293 475
293 479
293 516
293 527
293 529
293 543
293 551
293 572
293 578
293 604
293 605
293 613
293 637
293 645
293 647
293 651
293 668
293 669
293 673
293 679
293 683
293 707
293 710
293 723
293 733
293 741
293 750
293 752
293 758
293 777
293 784
293 787
293 800
294 427
294 431
294 437
294 438
294 459
294 473
294 493
294 494
294 496
294 502
294 526
294 536
294 539
294 550
294 551
294 571
294 575
294 585
294 590
294 592
294 596
294 612
294 636
294 646
294 666
294 668
294 674
294 677
294 688
294 692
294 693
294 704
294 719
294 720
294 737
294 743
294 751
294 782
294 787
294 792
295 413
295 417
295 422
295 423
295 438
295 461
295 464
295 468
295 470
295 487
295 491
295 512
295 530
295 531
295 535
295 547
295 552
295 559
295 565
295 574
295 584
295 594
295 595
295 609
295 615
295 617
295 622
295 628
295 635
295 637
295 645
295 647
295 648
295 654
295 655
295 698
295 729
295 749
295 759
295 761
295 763
295 767
295 792
295 795
295 799
296 406
296 419
296 431
296 455
296 456
296 462
296 481
296 482
296 504
296 505
296 508
296 531
296 561
296 585
296 599
296 611
296 618
296 621
296 631
296 639
296 648
296 680
296 687
296 709
296 721
296 748
296 755
296 758
296 759
296 760
296 765
296 768
296 771
297 403
297 411
297 414
297 425
297 427
297 433
297 446
297 450
297 459
297 462
297 481
297 484
297 485
297 497
297 499
297 508
297 509
297 512
297 516
297 533
297 551
297 559
297 567
297 573
297 579
297 623
297 640
297 646
297 654
297 670
297 671
297 674
297 676
297 680
297 689
297 692
297 694
297 695
297 697
297 705
297 709
297 773
297 784
298 411
298 415
298 427
298 437
298 462
298 466
298 468
298 472
298 481
298 506
298 507
298 513
298 514
298 527
298 535
298 540
298 544
298 554
298 556
298 568
298 577
298 579
298 601
298 617
298 622
298 643
298 645
298 650
298 652
298 653
298 655
298 656
298 660
298 714
298 729
298 730
298 753
298 761
298 766
298 771
298 773
298 776
298 777
298 792
299 402
299 406
299 422
299 439
299 454
299 477
299 484
299 514
299 529
299 553
299 560
299 593
299 600
299 603
299 626
299 645
299 654
299 672
299 675
299 697
299 718
299 719
299 725
299 726
299 730
299 731
299 733
299 738
299 745
299 754
299 783
300 419
300 423
300 430
300 436
300 460
300 461
300 466
300 482
300 499
300 506
300 528
300 537
300 552
300 555
300 565
300 572
300 575
300 577
300 581
300 593
300 602
300 604
300 611
300 625
300 632
300 666
300 687
300 696
300 701
300 710
300 718
300 741
300 751
300 761
300 765
300 769
300 772
300 775
301 416
301 427
301 449
301 457
301 467
301 494
301 502
301 513
301 514
301 521
301 522
301 533
301 535
301 543
301 548
301 556
301 562
301 580
301 595
301 597
301 610
301 619
301 622
301 636
301 659
301 670
301 673
301 680
301 692
301 693
301 715
301 720
301 740
301 765
301 773
301 780
301 781
301 783
301 786
302 416
302 420
302 422
302 425
302 436
302 449
302 451
302 467
302 483
302 484
302 487
302 490
302 493
302 497
302 516
302 526
302 527
302 535
302 538
302 539
302 547
302 557
302 570
302 573
302 575
302 579
302 583
302 587
302 599
302 601
302 602
302 605
302 609
302 625
302 628
302 635
302 636
302 645
302 654
302 660
302 675
302 677
302 679
302 682
302 687
302 688
302 689
302 693
302 709
302 716
302 727
302 743
302 748
302 758
302 761
302 783
302 789
302 798
303 403
303 407
303 409
303 421
303 425
303 427
303 430
303 476
303 492
303 502
303 504
303 543
303 548
303 549
303 559
303 562
303 574
303 596
303 602
303 646
303 651
303 687
303 708
303 718
303 721
303 723
303 724
303 748
303 777
303 798
303 800
304 401
304 448
304 461
304 468
304 474
304 510
304 514
304 517
304 523
304 525
304 530
304 533
304 549
304 550
304 559
304 561
304 564
304 565
304 576
304 587
304 595
304 604
304 613
304 645
304 649
304 665
304 666
304 673
304 679
304 686
304 692
304 694
304 696
304 714
304 727
304 737
304 744
304 749
304 752
304 754
304 756
304 774
304 784
304 789
304 795
305 415
305 419
305 420
305 432
305 442
305 456
305 460
305 472
305 482
305 485
305 492
305 496
305 510
305 513
305 519
305 520
305 523
305 526
305 529
305 532
305 541
305 560
305 575
305 583
305 586
305 605
305 608
305 613
305 615
305 619
305 623
305 630
305 635
305 639
305 643
305 645
305 657
305 661
305 665
305 674
305 677
305 681
305 697
305 701
305 708
305 710
305 742
305 744
305 745
305 767
305 785
306 410
306 411
306 430
306 435
306 439
306 487
306 496
306 505
306 508
306 510
306 517
306 520
306 537
306 550
306 562
306 568
306 600
306 603
306 605
306 629
306 649
306 651
306 664
306 697
306 701
306 724
306 727
306 733
306 744
306 756
306 775
306 780
306 788
307 411
307 413
307 432
307 437
307 453
307 456
307 462
307 485
307 500
307 528
307 531
307 567
307 588
307 605
307 607
307 610
307 618
307 620
307 631
307 637
307 641
307 690
307 694
307 721
307 722
307 724
307 757
307 759
307 771
307 772
307 774
307 782
307 799
308 404
308 405
308 406
308 425
308 434
308 448
308 450
308 471
308 481
308 490
308 508
308 509
308 510
308 513
308 521
308 522
308 535
308 558
308 563
308 575
308 579
308 580
308 583
308 601
308 603
308 605
308 611
308 616
308 620
308 649
308 667
308 679
308 691
308 695
308 701
308 738
308 761
308 789
308 790
308 791
308 795
309 432
309 436
309 452
309 496
309 518
309 525
309 549
309 552
309 570
309 573
309 596
309 610
309 626
309 630
309 639
309 650
309 657
309 693
309 694
309 700
309 715
309 722
309 737
309 752
309 775
309 793
310 423
310 427
310 431
310 440
310 453
310 461
310 462
310 482
310 485
310 494
310 501
310 507
310 518
310 536
310 538
310 541
310 543
310 558
310 560
310 598
310 605
310 612
310 627
310 629
310 637
310 639
310 657
310 659
310 685
310 704
310 707
310 718
310 738
310 766
310 770
310 777
310 784
310 785
310 797
311 427
311 496
311 501
311 505
311 509
311 515
311 544
311 549
311 551
311 553
311 559
311 570
311 580
311 631
311 632
311 639
311 643
311 646
311 682
311 690
311 691
311 692
311 710
311 713
311 724
311 730
311 731
311 738
311 768
311 769
311 786
312 413
312 434
312 444
312 451
312 456
312 474
312 490
312 491
312 502
312 507
312 508
312 509
312 510
312 527
312 529
312 543
312 556
312 577
312 578
312 597
312 626
312 633
312 644
312 651
312 671
312 678
312 686
312 707
312 711
312 712
312 721
312 726
312 727
312 731
312 745
312 749
312 779
312 797
312 800
313 401
313 415
313 426
313 432
313 442
313 444
313 445
313 452
313 459
313 463
313 471
313 477
313 485
313 496
313 514
313 518
313 544
313 551
313 555
313 560
313 568
313 569
313 574
313 584
313 590
313 619
313 629
313 639
313 650
313 657
313 669
313 670
313 671
313 690
313 704
313 732
313 735
313 737
313 742
313 743
313 746
313 747
313 769
313 777
313 791
314 403
314 428
314 430
314 435
314 441
314 450
314 486
314 487
314 499
314 501
314 505
314 519
314 528
314 561
314 572
314 575
314 597
314 599
314 604
314 605
314 614
314 615
314 632
314 650
314 657
314 659
314 674
314 683
314 685
314 692
314 693
314 713
314 715
314 727
314 728
314 729
314 739
314 753
314 779
314 780
315 405
315 407
315 411
315 423
315 452
315 506
315 508
315 511
315 519
315 525
315 527
315 531
315 552
315 560
315 564
315 615
315 632
315 638
315 656
315 667
315 690
315 697
315 700
315 701
315 725
315 748
315 762
315 764
315 779
315 787
315 791
316 414
316 418
316 421
316 440
316 445
316 449
316 456
316 498
316 523
316 532
316 534
316 574
316 618
316 652
316 658
316 660
316 676
316 682
316 688
316 690
316 695
316 706
316 719
316 735
316 777
316 795
316 798
317 409
317 416
317 422
317 426
317 433
317 437
317 444
317 446
317 454
317 482
317 515
317 527
317 528
317 531
317 547
317 549
317 552
317 557
317 571
317 572
317 588
317 592
317 593
317 611
317 623
317 641
317 668
317 675
317 678
317 699
317 702
317 722
317 730
317 776
317 788
317 794
318 407
318 408
318 417
318 429
318 462
318 465
318 478
318 502
318 525
318 546
318 567
318 580
318 595
318 605
318 607
318 623
318 630
318 652
318 659
318 661
318 663
318 664
318 680
318 688
318 692
318 705
318 708
318 724
318 736
318 744
318 772
318 789
318 790
319 405
319 412
319 420
319 425
319 429
319 435
319 447
319 457
319 458
319 464
319 484
319 495
319 509
319 513
319 520
319 537
319 539
319 556
319 578
319 587
319 589
319 602
319 603
319 605
319 609
319 620
319 638
319 639
319 648
319 653
319 659
319 664
319 667
319 671
319 679
319 689
319 706
319 720
319 726
319 728
319 731
319 748
319 754
319 773
319 775
319 788
320 401
320 406
320 408
320 427
320 438
320 464
320 470
320 472
320 474
320 482
320 498
320 502
320 529
320 535
320 569
320 578
320 579
320 583
320 595
320 611
320 623
320 637
320 639
320 657
320 680
320 681
320 686
320 689
320 694
320 701
320 708
320 716
320 731
320 736
320 738
320 747
320 751
320 755
320 760
320 763
320 772
320 776
320 782
320 796
321 414
321 420
321 421
321 437
321 440
321 445
321 459
321 461
321 466
321 468
321 476
321 479
321 482
321 506
321 514
321 528
321 531
321 536
321 542
321 557
321 559
321 571
321 582
321 591
321 601
321 608
321 609
321 618
321 630
321 657
321 658
321 671
321 709
321 715
321 733
321 752
321 755
321 756
321 762
321 764
321 766
321 781
321 797
322 407
322 429
322 430
322 431
322 434
322 436
322 447
322 450
322 457
322 471
322 472
322 490
322 496
322 499
322 500
322 504
322 512
322 522
322 531
322 544
322 559
322 560
322 579
322 583
322 590
322 603
322 617
322 630
322 636
322 643
322 650
322 651
322 667
322 702
322 709
322 710
322 716
322 739
322 748
322 755
322 785
323 412
323 415
323 417
323 429
323 452
323 459
323 466
323 476
323 507
323 511
323 521
323 528
323 533
323 549
323 551
323 558
323 571
323 576
323 577
323 581
323 582
323 590
323 592
323 599
323 600
323 607
323 643
323 647
323 655
323 666
323 690
323 693
323 697
323 715
323 720
323 732
323 741
323 745
323 752
323 760
323 766
323 778
323 788
323 799
324 409
324 414
324 416
324 431
324 434
324 440
324 443
324 449
324 458
324 460
324 462
324 470
324 491
324 500
324 506
324 516
324 519
324 534
324 535
324 538
324 547
324 557
324 568
324 580
324 604
324 611
324 613
324 636
324 669
324 676
324 686
324 690
324 705
324 708
324 713
324 724
324 737
324 738
324 741
324 746
324 764
324 772
324 780
324 781
324 789
325 411
325 432
325 458
325 467
325 468
325 471
325 484
325 498
325 508
325 533
325 546
325 555
325 577
325 593
325 612
325 614
325 615
325 621
325 626
325 628
325 634
325 636
325 658
325 679
325 680
325 685
325 689
325 698
325 699
325 714
325 726
325 744
325 752
325 760
325 761
325 774
325 785
325 794
326 402
326 411
326 416
326 417
326 429
326 431
326 434
326 435
326 440
326 442
326 445
326 459
326 472
326 491
326 493
326 496
326 508
326 512
326 516
326 517
326 518
326 548
326 549
326 555
326 585
326 592
326 602
326 610
326 611
326 654
326 658
326 660
326 668
326 673
326 686
326 707
326 708
326 714
326 716
326 717
326 728
326 746
326 748
326 751
326 777
327 413
327 415
327 420
327 430
327 432
327 447
327 452
327 455
327 457
327 472
327 476
327 478
327 493
327 498
327 506
327 510
327 522
327 524
327 525
327 527
327 534
327 545
327 548
327 553
327 555
327 558
327 559
327 569
327 578
327 586
327 591
327 592
327 600
327 606
327 629
327 633
327 652
327 660
327 675
327 680
327 687
327 693
327 701
327 715
327 723
327 736
327 738
327 749
327 750
327 754
327 755
327 771
327 777
327 793
327 798
328 407
328 443
328 455
328 464
328 466
328 499
328 501
328 507
328 554
328 558
328 561
328 564
328 579
328 585
328 597
328 613
328 617
328 619
328 620
328 632
328 634
328 639
328 640
328 642
328 686
328 693
328 697
328 704
328 708
328 728
328 729
328 737
328 748
328 749
328 750
328 759
328 763
328 767
328 782
328 788
329 413
329 414
329 415
329 423
329 445
329 522
329 536
329 542
329 543
329 548
329 575
329 578
329 584
329 626
329 640
329 646
329 648
329 654
329 655
329 670
329 687
329 689
329 723
329 729
329 732
329 735
329 737
329 738
329 739
329 751
329 754
329 770
329 776
329 783
329 795
330 401
330 406
330 410
330 413
330 414
330 456
330 481
330 484
330 491
330 493
330 495
330 516
330 522
330 529
330 548
330 567
330 574
330 608
330 616
330 629
330 632
330 634
330 637
330 648
330 650
330 651
330 660
330 665
330 678
330 680
330 695
330 706
330 713
330 714
330 715
330 716
330 722
330 728
330 732
330 736
330 751
330 763
330 768
330 773
330 781
331 421
331 424
331 433
331 442
331 453
331 468
331 471
331 482
331 484
331 488
331 496
331 501
331 518
331 534
331 541
331 578
331 595
331 609
331 617
331 633
331 637
331 642
331 644
331 645
331 656
331 673
331 680
331 682
331 701
331 725
331 727
331 733
331 748
331 750
331 752
331 754
331 763
331 766
331 770
331 773
331 780
331 784
331 796
332 405
332 411
332 414
332 415
332 441
332 472
332 480
332 504
332 516
332 520
332 530
332 535
332 540
332 557
332 564
332 576
332 578
332 584
332 602
332 606
332 615
332 640
332 641
332 651
332 652
332 655
332 663
332 670
332 688
332 702
332 709
332 722
332 742
332 746
332 752
332 762
332 766
332 780
332 786
333 413
333 433
333 437
333 451
333 468
333 475
333 514
333 523
333 527
333 530
333 531
333 547
333 575
333 584
333 585
333 589
333 607
333 618
333 626
333 627
333 630
333 641
333 659
333 666
333 670
333 671
333 678
333 681
333 686
333 687
333 688
333 693
333 702
333 711
333 715
333 718
333 719
333 723
333 725
333 727
333 730
333 733
333 763
333 771
333 789
334 405
334 410
334 432
334 436
334 437
334 444
334 449
334 489
334 497
334 529
334 534
334 538
334 551
334 552
334 560
334 565
334 578
334 599
334 610
334 620
334 627
334 635
334 655
334 660
334 685
334 690
334 694
334 700
334 710
334 712
334 721
334 750
334 769
334 771
334 773
334 777
334 784
334 793
335 429
335 441
335 443
335 450
335 451
335 469
335 475
335 476
335 482
335 494
335 521
335 525
335 531
335 533
335 534
335 547
335 549
335 556
335 568
335 573
335 574
335 586
335 589
335 600
335 611
335 641
335 644
335 652
335 660
335 681
335 686
335 696
335 704
335 708
335 716
335 766
335 768
335 774
335 800
336 405
336 441
336 461
336 489
336 491
336 510
336 513
336 515
336 516
336 523
336 535
336 547
336 580
336 602
336 603
336 623
336 627
336 628
336 641
336 650
336 656
336 661
336 680
336 696
336 699
336 708
336 714
336 717
336 724
336 751
336 760
336 762
336 779
336 781
336 787
336 793
336 795
337 401
337 422
337 426
337 430
337 453
337 455
337 456
337 457
337 465
337 494
337 495
337 503
337 521
337 523
337 529
337 532
337 540
337 549
337 561
337 563
337 580
337 582
337 594
337 607
337 624
337 653
337 665
337 684
337 688
337 739
337 743
337 756
337 785
337 789
337 795
338 403
338 420
338 428
338 436
338 437
338 447
338 476
338 498
338 520
338 526
338 530
338 531
338 539
338 553
338 554
338 560
338 570
338 571
338 574
338 578
338 584
338 603
338 613
338 618
338 619
338 621
338 627
338 631
338 634
338 637
338 642
338 682
338 690
338 691
338 697
338 700
338 701
338 730
338 739
338 742
338 753
338 755
338 763
338 766
338 777
338 793
338 798
339 412
339 419
339 436
339 442
339 462
339 463
339 469
339 482
339 484
339 493
339 507
339 516
339 520
339 526
339 538
339 539
339 567
339 569
339 570
339 574
339 576
339 588
339 591
339 605
339 608
339 612
339 619
339 625
339 632
339 659
339 672
339 678
339 697
339 711
339 713
339 716
339 720
339 733
339 745
339 756
339 760
339 761
339 776
339 781
339 782
339 786
339 787
339 794
340 410
340 417
340 440
340 467
340 468
340 474
340 482
340 512
340 519
340 549
340 551
340 581
340 582
340 592
340 598
340 628
340 631
340 644
340 655
340 659
340 677
340 689
340 694
340 700
340 712
340 728
340 729
340 731
340 767
340 781
340 787
340 793
340 795
340 799
341 412
341 419
341 426
341 432
341 433
341 442
341 443
341 448
341 461
341 462
341 470
341 476
341 478
341 480
341 481
341 491
341 503
341 509
341 510
341 516
341 519
341 520
341 523
341 524
341 527
341 528
341 563
341 571
341 576
341 591
341 600
341 601
341 608
341 609
341 610
341 611
341 621
341 645
341 659
341 666
341 671
341 688
341 693
341 695
341 707
341 708
341 712
341 715
341 730
341 739
341 754
341 757
341 758
341 760
341 762
341 780
341 787
342 422
342 446
342 457
342 461
342 496
342 515
342 516
342 519
342 527
342 532
342 542
342 546
342 555
342 576
342 580
342 588
342 591
342 594
342 595
342 605
342 610
342 612
342 613
342 620
342 629
342 660
342 665
342 679
342 680
342 684
342 707
342 721
342 752
342 753
342 774
342 787
342 789
342 793
342 798
342 799
343 403
343 411
343 419
343 423
343 445
343 446
343 448
343 450
343 453
343 461
343 462
343 465
343 471
343 486
343 489
343 492
343 494
343 507
343 511
343 531
343 565
343 591
343 592
343 598
343 625
343 627
343 645
343 647
343 649
343 662
343 687
343 702
343 708
343 719
343 720
343 726
343 751
343 776
343 780
344 402
344 410
344 436
344 438
344 446
344 471
344 472
344 473
344 476
344 484
344 485
344 498
344 508
344 511
344 518
344 534
344 551
344 556
344 571
344 584
344 597
344 624
344 627
344 628
344 646
344 647
344 667
344 668
344 669
344 678
344 691
344 709
344 717
344 725
344 748
344 750
344 757
344 760
344 762
344 768
344 787
344 791
344 793
344 796
345 405
345 425
345 429
345 435
345 436
345 437
345 438
345 458
345 462
345 463
345 464
345 465
345 484
345 490
345 525
345 536
345 539
345 546
345 582
345 586
345 594
345 616
345 626
345 627
345 641
345 648
345 656
345 663
345 681
345 683
345 692
345 694
345 696
345 697
345 702
345 703
345 712
345 713
345 720
345 734
345 735
345 743
345 748
345 749
345 753
345 761
345 765
345 774
345 776
345 787
345 788
345 791
345 793
345 795
346 413
346 430
346 460
346 462
346 471
346 475
346 477
346 481
346 508
346 512
346 526
346 548
346 552
346 558
346 559
346 566
346 575
346 583
346 587
346 616
346 620
346 623
346 638
346 639
346 641
346 666
346 670
346 679
346 703
346 710
346 718
346 721
346 728
346 731
346 746
346 787
346 796
346 798
347 403
347 406
347 441
347 460
347 470
347 472
347 476
347 482
347 483
347 490
347 500
347 515
347 529
347 536
347 542
347 548
347 582
347 593
347 598
347 645
347 655
347 662
347 664
347 665
347 667
347 678
347 679
347 697
347 701
347 708
347 709
347 757
347 768
347 779
347 788
347 789
347 794
347 798
348 401
348 410
348 420
348 426
348 427
348 432
348 450
348 451
348 463
348 486
348 490
348 497
348 514
348 524
348 526
348 527
348 539
348 566
348 570
348 594
348 600
348 615
348 638
348 645
348 646
348 652
348 653
348 667
348 668
348 670
348 675
348 681
348 698
348 699
348 717
348 719
348 727
348 741
348 751
348 758
348 760
348 784
348 796
349 401
349 402
349 436
349 446
349 447
349 451
349 463
349 472
349 475
349 476
349 488
349 496
349 499
349 507
349 523
349 527
349 529
349 532
349 534
349 556
349 558
349 574
349 575
349 577
349 580
349 586
349 587
349 595
349 638
349 643
349 674
349 680
349 696
349 698
349 706
349 710
349 713
349 716
349 745
349 758
349 765
349 772
349 790
349 796
349 799
350 404
350 411
350 414
350 425
350 438
350 440
350 466
350 467
350 468
350 496
350 507
350 517
350 519
350 532
350 534
350 535
350 536
350 550
350 582
350 596
350 599
350 612
350 623
350 627
350 649
350 650
350 652
350 661
350 671
350 682
350 689
350 708
350 724
350 745
350 765
350 774
350 798
351 425
351 447
351 449
351 457
351 461
351 469
351 487
351 488
351 491
351 502
351 503
351 531
351 538
351 545
351 551
351 554
351 555
351 573
351 585
351 586
351 598
351 599
351 622
351 657
351 658
351 663
351 683
351 711
351 716
351 730
351 739
351 743
351 751
351 753
351 755
351 759
351 766
351 769
351 770
351 771
351 784
351 793
352 402
352 408
352 413
352 420
352 438
352 447
352 465
352 477
352 482
352 494
352 496
352 506
352 507
352 534
352 566
352 582
352 584
352 598
352 608
352 624
352 625
352 629
352 633
352 663
352 664
352 676
352 707
352 708
352 731
352 752
352 753
352 763
352 784
352 786
353 407
353 414
353 454
353 465
353 485
353 488
353 498
353 506
353 509
353 512
353 539
353 540
353 543
353 568
353 573
353 586
353 593
353 616
353 621
353 632
353 638
353 640
353 646
353 653
353 659
353 679
353 684
353 708
353 710
353 720
353 724
353 729
353 747
353 770
353 779
353 790
354 418
354 425
354 428
354 450
354 457
354 478
354 487
354 498
354 513
354 524
354 529
354 570
354 575
354 578
354 613
354 615
354 632
354 643
354 651
354 656
354 671
354 677
354 684
354 685
354 687
354 690
354 704
354 707
354 709
354 714
354 730
354 735
354 739
354 744
354 753
354 755
354 761
354 762
354 777
354 784
354 787
354 795
354 797
354 800
355 402
355 418
355 419
355 440
355 461
355 474
355 476
355 490
355 492
355 504
355 523
355 535
355 539
355 540
355 541
355 549
355 552
355 556
355 584
355 591
355 597
355 599
355 600
355 602
355 604
355 643
355 650
355 652
355 670
355 677
355 698
355 701
355 713
355 720
355 724
355 726
355 731
355 757
355 782
355 784
356 404
356 406
356 409
356 423
356 425
356 427
356 429
356 450
356 468
356 472
356 473
356 497
356 500
356 501
356 512
356 517
356 536
356 543
356 555
356 566
356 571
356 577
356 591
356 593
356 597
356 605
356 617
356 619
356 625
356 646
356 647
356 650
356 655
356 665
356 676
356 683
356 746
356 749
356 763
356 766
356 788
357 424
357 425
357 429
357 431
357 449
357 451
357 467
357 472
357 475
357 488
357 503
357 518
357 520
357 521
357 526
357 540
357 549
357 552
357 560
357 569
357 575
357 594
357 600
357 614
357 616
357 620
357 633
357 636
357 638
357 639
357 659
357 665
357 689
357 707
357 714
357 730
357 735
357 739
357 755
357 756
357 764
357 778
357 785
358 419
358 428
358 439
358 452
358 454
358 481
358 489
358 494
358 501
358 504
358 512
358 554
358 571
358 589
358 597
358 611
358 648
358 649
358 650
358 657
358 667
358 684
358 691
358 718
358 719
358 751
358 767
358 770
358 783
358 787
358 788
358 790
359 410
359 433
359 474
359 486
359 489
359 499
359 503
359 515
359 518
359 538
359 555
359 579
359 583
359 609
359 620
359 628
359 631
359 642
359 670
359 686
359 687
359 695
359 705
359 715
359 717
359 724
359 753
359 754
359 763
359 767
359 770
359 777
359 781
359 795
360 401
360 422
360 429
360 456
360 458
360 480
360 489
360 517
360 521
360 531
360 546
360 549
360 552
360 566
360 586
360 591
360 598
360 635
360 641
360 648
360 655
360 697
360 719
360 727
360 743
360 748
360 749
360 751
360 757
360 768
360 774
360 795
360 796
360 798
361 440
361 444
361 476
361 486
361 487
361 517
361 519
361 522
361 546
361 581
361 594
361 607
361 610
361 634
361 647
361 650
361 667
361 674
361 682
361 694
361 721
361 735
361 752
361 762
361 764
361 770
361 773
361 776
361 777
361 794
362 413
362 423
362 444
362 491
362 492
362 495
362 500
362 522
362 526
362 528
362 534
362 544
362 558
362 569
362 572
362 576
362 578
362 587
362 591
362 609
362 610
362 624
362 632
362 637
362 673
362 679
362 684
362 704
362 705
362 741
362 748
362 750
362 755
362 763
362 772
362 774
362 776
362 780
362 795
362 796
362 799
363 402
363 403
363 438
363 439
363 448
363 456
363 460
363 487
363 489
363 501
363 508
363 510
363 515
363 517
363 520
363 522
363 534
363 561
363 570
363 583
363 590
363 592
363 603
363 619
363 633
363 637
363 639
363 663
363 672
363 673
363 676
363 679
363 695
363 705
363 710
363 717
363 721
363 726
363 727
363 731
363 745
363 754
363 763
363 777
363 780
363 784
364 401
364 409
364 423
364 424
364 434
364 438
364 441
364 466
364 472
364 474
364 488
364 496
364 498
364 523
364 525
364 526
364 551
364 555
364 579
364 580
364 637
364 646
364 654
364 683
364 686
364 688
364 692
364 711
364 726
364 730
364 733
364 738
364 748
364 768
364 782
365 417
365 422
365 423
365 433
365 456
365 461
365 462
365 469
365 472
365 475
365 477
365 485
365 511
365 513
365 514
365 523
365 529
365 534
365 542
365 566
365 588
365 591
365 594
365 598
365 638
365 658
365 663
365 672
365 691
365 695
365 710
365 716
365 717
365 725
365 726
365 764
365 770
365 773
365 798
365 800
366 409
366 413
366 436
366 443
366 450
366 451
366 459
366 460
366 512
366 515
366 528
366 536
366 569
366 576
366 581
366 583
366 617
366 622
366 630
366 633
366 635
366 644
366 691
366 701
366 704
366 705
366 709
366 723
366 724
366 730
366 735
366 760
366 770
367 404
367 417
367 421
367 422
367 437
367 439
367 452
367 474
367 526
367 528
367 549
367 578
367 588
367 595
367 607
367 626
367 636
367 640
367 644
367 645
367 652
367 666
367 677
367 689
367 695
367 724
367 731
367 735
367 751
367 755
367 774
367 782
367 785
367 786
367 796
367 799
368 429
368 472
368 488
368 501
368 508
368 539
368 550
368 553
368 558
368 576
368 592
368 601
368 617
368 631
368 633
368 642
368 655
368 656
368 666
368 667
368 684
368 690
368 702
368 707
368 710
368 711
368 721
368 722
368 733
368 743
368 751
368 752
368 758
368 764
368 771
369 410
369 414
369 423
369 434
369 465
369 477
369 492
369 532
369 534
369 553
369 558
369 560
369 564
369 591
369 602
369 608
369 612
369 621
369 628
369 637
369 638
369 647
369 649
369 659
369 660
369 664
369 665
369 667
369 672
369 674
369 682
369 683
369 687
369 696
369 697
369 704
369 707
369 716
369 717
369 745
369 749
369 759
369 761
369 774
369 783
369 795
369 797
370 416
370 435
370 437
370 438
370 451
370 460
370 463
370 472
370 477
370 508
370 523
370 524
370 525
370 526
370 530
370 535
370 555
370 572
370 586
370 590
370 595
370 597
370 599
370 611
370 632
370 636
370 637
370 640
370 656
370 676
370 682
370 699
370 726
370 744
370 746
370 762
370 770
370 772
370 780
371 406
371 407
371 410
371 411
371 438
371 465
371 467
371 473
371 482
371 483
371 489
371 501
371 502
371 503
371 513
371 521
371 527
371 534
371 535
371 541
371 549
371 580
371 584
371 585
371 599
371 605
371 606
371 612
371 617
371 619
371 635
371 657
371 663
371 666
371 671
371 676
371 692
371 693
371 699
371 714
371 737
371 744
371 759
371 760
371 769
371 779
371 793
371 795
372 411
372 424
372 428
372 433
372 446
372 459
372 464
372 466
372 471
372 472
372 479
372 503
372 540
372 547
372 548
372 568
372 594
372 608
372 622
372 635
372 636
372 645
372 647
372 656
372 677
372 681
372 688
372 691
372 695
372 699
372 721
372 723
372 728
372 753
372 758
372 769
372 784
372 785
373 408
373 413
373 417
373 422
373 436
373 468
373 469
373 485
373 506
373 513
373 518
373 553
373 554
373 555
373 559
373 567
373 575
373 590
373 608
373 613
373 627
373 630
373 631
373 644
373 646
373 650
373 672
373 683
373 715
373 741
373 747
373 757
373 760
373 767
373 782
373 783
373 792
373 796
374 403
374 406
374 409
374 412
374 413
374 434
374 439
374 444
374 473
374 505
374 540
374 543
374 546
374 548
374 550
374 570
374 587
374 599
374 600
374 603
374 608
374 609
374 615
374 618
374 633
374 652
374 661
374 695
374 727
374 738
374 748
374 754
374 756
374 796
374 798
375 402
375 447
375 460
375 485
375 489
375 496
375 505
375 533
375 538
375 549
375 560
375 568
375 570
375 577
375 583
375 599
375 613
375 616
375 624
375 631
375 634
375 635
375 645
375 649
375 670
375 694
375 697
375 701
375 704
375 717
375 732
375 735
375 740
375 751
376 402
376 405
376 408
376 427
376 438
376 446
376 457
376 474
376 478
376 510
376 519
376 520
376 529
376 534
376 535
376 549
376 550
376 566
376 571
376 583
376 590
376 592
376 597
376 598
376 600
376 605
376 616
376 632
376 637
376 640
376 647
376 651
376 654
376 665
376 666
376 681
376 684
376 685
376 688
376 690
376 694
376 715
376 720
376 741
376 744
376 778
376 780
376 781
376 783
376 788
377 410
377 418
377 425
377 426
377 428
377 431
377 434
377 436
377 450
377 453
377 454
377 458
377 460
377 461
377 464
377 469
377 520
377 540
377 546
377 548
377 551
377 553
377 558
377 569
377 574
377 577
377 589
377 595
377 597
377 598
377 615
377 622
377 624
377 633
377 667
377 668
377 675
377 676
377 680
377 682
377 697
377 702
377 709
377 716
377 726
377 753
377 754
377 757
377 763
377 767
377 783
377 790
378 403
378 413
378 414
378 420
378 421
378 433
378 436
378 444
378 457
378 459
378 460
378 488
378 492
378 495
378 506
378 509
378 524
378 528
378 540
378 545
378 562
378 565
378 568
378 571
378 573
378 576
378 582
378 586
378 602
378 618
378 622
378 628
378 631
378 632
378 636
378 676
378 680
378 682
378 726
378 727
378 731
378 732
378 737
378 744
378 746
378 772
378 782
378 790
378 794
379 407
379 408
379 414
379 430
379 431
379 442
379 447
379 448
379 455
379 499
379 506
379 515
379 517
379 525
379 532
379 557
379 562
379 576
379 590
379 594
379 598
379 601
379 624
379 631
379 639
379 646
379 650
379 658
379 664
379 666
379 667
379 669
379 677
379 691
379 705
379 711
379 714
379 729
379 733
379 735
379 767
379 774
379 779
379 785
379 788
379 789
380 407
380 414
380 432
380 439
380 475
380 481
380 494
380 501
380 506
380 511
380 512
380 521
380 523
380 536
380 577
380 581
380 589
380 602
380 604
380 607
380 651
380 662
380 679
380 684
380 685
380 696
380 698
380 705
380 706
380 709
380 713
380 722
380 729
380 738
380 743
380 765
380 775
380 779
380 789
381 420
381 443
381 445
381 453
381 462
381 477
381 501
381 503
381 526
381 541
381 544
381 555
381 589
381 590
381 591
381 599
381 602
381 613
381 630
381 634
381 635
381 660
381 675
381 693
381 707
381 713
381 739
381 741
381 744
381 749
381 756
381 763
381 764
381 776
381 784
381 795
381 798
382 406
382 414
382 424
382 426
382 443
382 445
382 452
382 457
382 479
382 482
382 487
382 524
382 562
382 566
382 575
382 583
382 598
382 611
382 626
382 632
382 637
382 640
382 643
382 644
382 668
382 678
382 687
382 699
382 725
382 730
382 731
382 745
382 764
382 768
382 770
382 771
382 777
383 404
383 424
383 439
383 441
383 445
383 458
383 461
383 463
383 474
383 488
383 511
383 517
383 518
383 522
383 525
383 528
383 544
383 546
383 549
383 559
383 563
383 577
383 592
383 600
383 608
383 614
383 619
383 620
383 625
383 634
383 636
383 646
383 662
383 676
383 682
383 690
383 698
383 705
383 707
383 713
383 720
383 734
383 736
383 739
383 747
383 754
383 757
384 403
384 409
384 410
384 411
384 430
384 443
384 447
384 459
384 461
384 473
384 475
384 479
384 496
384 499
384 503
384 504
384 518
384 520
384 544
384 549
384 575
384 579
384 589
384 597
384 601
384 616
384 619
384 672
384 674
384 679
384 683
384 703
384 705
384 710
384 725
384 732
384 748
384 777
384 780
384 781
384 787
384 793
385 418
385 421
385 430
385 435
385 446
385 459
385 521
385 528
385 529
385 558
385 564
385 581
385 582
385 588
385 601
385 608
385 612
385 613
385 632
385 648
385 662
385 702
385 714
385 730
385 734
385 755
385 765
385 769
386 401
386 403
386 422
386 430
386 437
386 443
386 445
386 446
386 449
386 459
386 512
386 524
386 545
386 562
386 582
386 587
386 599
386 605
386 614
386 616
386 640
386 643
386 658
386 673
386 680
386 687
386 688
386 701
386 704
386 723
386 730
386 751
386 754
386 765
386 769
386 794
386 795
387 410
387 415
387 430
387 438
387 447
387 458
387 471
387 472
387 473
387 474
387 484
387 488
387 497
387 505
387 520
387 558
387 563
387 564
387 566
387 573
387 574
387 583
387 610
387 612
387 614
387 615
387 620
387 621
387 622
387 628
387 634
387 654
387 671
387 688
387 692
387 694
387 702
387 703
387 716
387 720
387 730
387 769
387 779
388 411
388 412
388 420
388 432
388 435
388 456
388 460
388 522
388 530
388 544
388 564
388 572
388 587
388 595
388 603
388 608
388 618
388 628
388 643
388 657
388 663
388 665
388 666
388 668
388 671
388 672
388 677
388 681
388 683
388 695
388 697
388 701
388 706
388 708
388 712
388 720
388 724
388 736
388 745
388 759
388 767
388 798
389 401
389 439
389 459
389 460
389 466
389 472
389 479
389 486
389 488
389 523
389 534
389 537
389 539
389 552
389 578
389 584
389 589
389 592
389 596
389 625
389 632
389 646
389 649
389 658
389 660
389 670
389 678
389 683
389 684
389 687
389 693
389 701
389 724
389 732
389 742
389 743
389 750
389 751
389 753
389 757
389 761
389 762
389 768
389 780
390 405
390 412
390 419
390 437
390 455
390 460
390 464
390 492
390 508
390 511
390 512
390 530
390 550
390 561
390 564
390 574
390 590
390 591
390 595
390 613
390 629
390 657
390 680
390 681
390 695
390 718
390 720
390 747
390 748
390 765
390 782
390 784
390 793
390 799
391 401
391 419
391 436
391 451
391 452
391 456
391 459
391 481
391 488
391 490
391 494
391 499
391 504
391 533
391 541
391 544
391 549
391 553
391 556
391 558
391 562
391 581
391 608
391 641
391 664
391 672
391 674
391 678
391 682
391 701
391 704
391 718
391 724
391 729
391 735
391 736
391 769
391 777
391 782
391 783
391 791
391 798
391 800
392 407
392 409
392 427
392 428
392 438
392 441
392 442
392 446
392 449
392 461
392 464
392 473
392 484
392 507
392 508
392 534
392 538
392 545
392 547
392 568
392 571
392 572
392 600
392 602
392 609
392 613
392 617
392 619
392 621
392 624
392 634
392 657
392 673
392 718
392 723
392 733
392 745
392 757
392 760
392 763
392 765
392 778
392 784
392 788
392 800
393 412
393 418
393 421
393 438
393 445
393 455
393 478
393 481
393 482
393 492
393 499
393 505
393 514
393 518
393 533
393 537
393 588
393 591
393 610
393 624
393 630
393 652
393 657
393 672
393 676
393 708
393 722
393 734
393 737
393 742
393 771
393 782
393 785
394 418
394 441
394 450
394 466
394 479
394 487
394 492
394 494
394 495
394 497
394 523
394 536
394 541
394 546
394 557
394 579
394 588
394 595
394 608
394 610
394 611
394 617
394 650
394 652
394 657
394 670
394 684
394 688
394 714
394 715
394 728
394 731
394 734
394 735
394 751
394 776
394 784
394 785
394 796
395 406
395 407
395 410
395 420
395 451
395 453
395 465
395 473
395 484
395 491
395 515
395 516
395 518
395 532
395 537
395 544
395 548
395 553
395 575
395 624
395 625
395 641
395 650
395 652
395 694
395 702
395 716
395 728
395 747
395 755
395 757
395 763
395 773
395 786
395 790
395 794
395 796
396 405
396 421
396 422
396 429
396 430
396 431
396 440
396 449
396 462
396 484
396 490
396 496
396 497
396 504
396 508
396 511
396 542
396 547
396 549
396 566
396 598
396 627
396 633
396 637
396 649
396 662
396 667
396 676
396 688
396 705
396 710
396 732
396 745
396 757
396 759
396 777
396 780
396 787
397 414
397 415
397 418
397 424
397 452
397 462
397 463
397 475
397 477
397 484
397 489
397 502
397 504
397 505
397 508
397 509
397 517
397 518
397 523
397 538
397 543
397 550
397 554
397 566
397 591
397 599
397 608
397 627
397 641
397 646
397 652
397 655
397 680
397 681
397 688
397 690
397 701
397 711
397 712
397 714
397 721
397 722
397 744
397 747
397 773
397 775
397 779
397 784
397 796
398 425
398 435
398 446
398 447
398 466
398 471
398 476
398 492
398 494
398 510
398 513
398 516
398 540
398 558
398 561
398 572
398 574
398 582
398 607
398 610
398 631
398 635
398 643
398 680
398 684
398 745
398 775
398 777
398 786
398 797
398 799
399 401
399 405
399 408
399 410
399 413
399 430
399 433
399 442
399 447
399 461
399 487
399 491
399 494
399 500
399 501
399 506
399 507
399 513
399 524
399 530
399 532
399 546
399 555
399 563
399 570
399 597
399 616
399 635
399 643
399 658
399 660
399 677
399 741
399 748
399 749
399 769
399 773
399 775
399 778
399 779
399 789
399 792
400 416
400 436
400 458
400 459
400 462
400 471
400 483
400 493
400 501
400 515
400 526
400 530
400 553
400 581
400 583
400 605
400 626
400 636
400 650
400 654
400 666
400 686
400 695
400 713
400 714
400 718
400 721
400 737
400 745
400 752
400 762
400 778
400 783
400 785
400 788
400 789
400 798
