400 400 20
1 414
1 415
1 417
1 419
1 427
1 432
1 453
1 479
1 482
1 487
1 493
1 506
1 516
1 532
1 542
1 544
1 545
1 554
1 556
1 560
1 565
1 578
1 598
1 603
1 605
1 614
1 616
1 619
1 643
1 644
1 671
1 673
1 674
1 684
1 698
1 703
1 710
1 711
1 727
1 740
1 744
1 777
1 780
1 787
1 789
1 797
1 800
2 401
2 410
2 423
2 424
2 444
2 457
2 478
2 479
2 488
2 491
2 507
2 509
2 521
2 529
2 539
2 540
2 544
2 551
2 571
2 577
2 578
2 587
2 608
2 627
2 628
2 629
2 634
2 636
2 644
2 645
2 659
2 660
2 666
2 668
2 670
2 678
2 683
2 694
2 696
2 703
2 705
2 706
2 707
2 720
2 746
2 753
2 767
2 783
2 792
2 795
3 405
3 417
3 421
3 424
3 434
3 436
3 442
3 456
3 485
3 496
3 514
3 519
3 524
3 525
3 528
3 529
3 540
3 549
3 567
3 570
3 574
3 599
3 604
3 614
3 624
3 635
3 637
3 646
3 661
3 662
3 664
3 670
3 675
3 687
3 698
3 699
3 705
3 707
3 712
3 719
3 723
3 732
3 733
3 744
3 746
3 751
3 760
3 767
3 768
3 780
3 784
3 789
4 416
4 421
4 436
4 442
4 450
4 460
4 468
4 480
4 492
4 493
4 506
4 516
4 523
4 554
4 560
4 581
4 583
4 584
4 585
4 589
4 591
4 595
4 600
4 601
4 652
4 653
4 657
4 658
4 661
4 665
4 690
4 701
4 703
4 707
4 715
4 751
4 758
4 770
4 771
4 791
4 793
5 402
5 410
5 434
5 440
5 443
5 452
5 464
5 469
5 487
5 497
5 530
5 535
5 543
5 546
5 547
5 554
5 566
5 567
5 574
5 579
5 619
5 634
5 643
5 655
5 660
5 662
5 666
5 676
5 689
5 702
5 713
5 717
5 733
5 768
5 770
5 783
5 784
5 793
5 796
6 403
6 405
6 426
6 435
6 444
6 445
6 458
6 464
6 486
6 488
6 493
6 517
6 524
6 540
6 564
6 568
6 599
6 609
6 616
6 639
6 645
6 654
6 656
6 664
6 674
6 676
6 677
6 685
6 686
6 692
6 699
6 704
6 722
6 726
6 739
6 746
6 747
6 767
6 768
6 781
6 795
6 798
7 406
7 420
7 439
7 471
7 477
7 481
7 490
7 491
7 497
7 504
7 512
7 533
7 544
7 564
7 568
7 589
7 634
7 638
7 657
7 666
7 684
7 691
7 694
7 697
7 715
7 717
7 725
7 735
7 743
7 753
7 765
7 775
7 781
7 795
7 796
8 406
8 409
8 419
8 425
8 427
8 438
8 445
8 449
8 462
8 465
8 473
8 480
8 498
8 507
8 529
8 554
8 563
8 569
8 570
8 575
8 579
8 596
8 597
8 617
8 619
8 627
8 630
8 634
8 641
8 660
8 665
8 677
8 693
8 696
8 708
8 717
8 737
8 746
8 748
8 751
8 753
8 758
8 765
8 773
8 786
8 789
8 790
9 406
9 412
9 420
9 434
9 436
9 440
9 478
9 481
9 487
9 509
9 515
9 527
9 554
9 555
9 570
9 571
9 577
9 581
9 620
9 637
9 652
9 654
9 674
9 683
9 687
9 696
9 740
9 752
9 767
9 772
9 773
9 775
9 776
9 788
9 796
10 406
10 409
10 418
10 444
10 456
10 461
10 462
10 472
10 473
10 476
10 493
10 495
10 498
10 514
10 530
10 536
10 544
10 546
10 552
10 562
10 566
10 568
10 579
10 581
10 589
10 592
10 593
10 619
10 620
10 624
10 627
10 629
10 634
10 660
10 662
10 680
10 687
10 737
10 742
10 743
10 769
10 772
10 774
10 780
10 790
11 404
11 437
11 445
11 449
11 466
11 467
11 471
11 482
11 498
11 499
11 514
11 521
11 525
11 540
11 543
11 555
11 556
11 559
11 581
11 597
11 600
11 612
11 613
11 616
11 619
11 633
11 634
11 647
11 655
11 657
11 658
11 664
11 677
11 681
11 692
11 724
11 727
11 729
11 732
11 742
11 752
11 760
11 771
11 776
11 785
11 788
11 799
12 414
12 416
12 426
12 427
12 447
12 459
12 465
12 471
12 472
12 485
12 502
12 504
12 506
12 525
12 528
12 544
12 548
12 562
12 583
12 589
12 594
12 609
12 643
12 665
12 668
12 683
12 706
12 714
12 727
12 730
12 740
12 756
12 767
12 768
12 793
12 795
13 408
13 409
13 420
13 435
13 440
13 460
13 464
13 474
13 478
13 481
13 491
13 494
13 504
13 512
13 519
13 535
13 538
13 542
13 546
13 567
13 569
13 570
13 581
13 584
13 585
13 604
13 612
13 621
13 624
13 630
13 634
13 637
13 639
13 673
13 676
13 677
13 685
13 689
13 701
13 712
13 733
13 740
13 751
13 759
13 768
13 781
14 404
14 409
14 412
14 422
14 469
14 471
14 483
14 496
14 503
14 506
14 513
14 517
14 520
14 547
14 551
14 562
14 575
14 585
14 588
14 596
14 608
14 609
14 614
14 615
14 620
14 628
14 636
14 646
14 649
14 653
14 654
14 659
14 661
14 711
14 729
14 773
14 774
14 791
15 425
15 436
15 443
15 451
15 457
15 467
15 470
15 478
15 500
15 503
15 516
15 534
15 545
15 548
15 580
15 604
15 608
15 623
15 636
15 638
15 640
15 661
15 670
15 674
15 684
15 692
15 715
15 718
15 748
15 753
15 767
15 785
15 788
15 795
15 798
15 799
15 800
16 417
16 418
16 421
16 426
16 439
16 441
16 447
16 453
16 468
16 472
16 474
16 478
16 482
16 483
16 493
16 499
16 515
16 519
16 522
16 523
16 538
16 545
16 547
16 558
16 560
16 568
16 582
16 590
16 597
16 598
16 607
16 626
16 637
16 655
16 657
16 681
16 687
16 693
16 709
16 723
16 726
16 729
16 738
16 742
16 754
16 791
16 792
17 418
17 423
17 447
17 474
17 476
17 482
17 495
17 511
17 524
17 543
17 555
17 574
17 579
17 585
17 587
17 611
17 618
17 621
17 626
17 629
17 631
17 638
17 651
17 657
17 665
17 670
17 680
17 689
17 727
17 728
17 743
17 753
17 754
17 755
17 759
17 761
17 762
17 770
17 777
17 779
17 782
17 788
17 799
18 406
18 412
18 429
18 433
18 439
18 459
18 499
18 513
18 535
18 538
18 541
18 548
18 549
18 576
18 603
18 612
18 618
18 625
18 633
18 636
18 640
18 646
18 657
18 665
18 671
18 677
18 689
18 691
18 692
18 697
18 700
18 724
18 728
18 730
18 749
18 765
18 770
18 771
18 772
18 774
18 778
18 780
18 788
19 404
19 426
19 469
19 474
19 483
19 507
19 513
19 517
19 526
19 535
19 537
19 539
19 545
19 548
19 574
19 578
19 580
19 587
19 588
19 590
19 593
19 600
19 606
19 607
19 610
19 625
19 629
19 657
19 683
19 684
19 711
19 725
19 737
19 745
19 775
19 783
19 797
20 403
20 405
20 407
20 438
20 450
20 461
20 476
20 478
20 508
20 509
20 519
20 522
20 529
20 538
20 564
20 581
20 583
20 588
20 593
20 598
20 601
20 607
20 613
20 618
20 623
20 627
20 644
20 654
20 673
20 688
20 702
20 708
20 726
20 740
20 743
20 745
20 755
20 770
20 773
20 781
21 405
21 409
21 414
21 418
21 433
21 434
21 456
21 462
21 469
21 474
21 475
21 483
21 495
21 503
21 514
21 531
21 552
21 553
21 555
21 560
21 588
21 591
21 605
21 646
21 648
21 661
21 667
21 669
21 674
21 683
21 689
21 703
21 711
21 722
21 731
21 741
21 744
21 753
21 757
21 758
21 764
21 766
21 779
21 780
21 785
21 788
22 402
22 403
22 407
22 424
22 432
22 448
22 450
22 484
22 495
22 516
22 518
22 535
22 549
22 550
22 572
22 593
22 637
22 659
22 664
22 678
22 695
22 703
22 708
22 723
22 724
22 728
22 744
22 745
22 750
22 752
22 761
22 765
22 771
22 773
23 405
23 425
23 457
23 458
23 486
23 491
23 498
23 499
23 501
23 533
23 547
23 556
23 571
23 573
23 577
23 579
23 588
23 590
23 592
23 598
23 599
23 603
23 610
23 614
23 615
23 616
23 619
23 636
23 645
23 663
23 674
23 694
23 704
23 708
23 717
23 726
23 730
23 737
23 757
23 760
23 768
23 786
23 788
23 795
23 796
24 403
24 415
24 419
24 425
24 431
24 435
24 450
24 467
24 486
24 491
24 497
24 520
24 544
24 562
24 568
24 577
24 579
24 583
24 600
24 604
24 605
24 609
24 631
24 636
24 655
24 688
24 696
24 704
24 717
24 742
24 744
24 748
24 762
24 770
24 776
24 783
25 423
25 425
25 427
25 429
25 453
25 454
25 465
25 466
25 469
25 482
25 514
25 527
25 531
25 535
25 561
25 568
25 572
25 586
25 624
25 626
25 629
25 631
25 639
25 648
25 651
25 653
25 665
25 693
25 694
25 705
25 717
25 720
25 734
25 748
25 755
25 772
25 787
25 798
25 800
26 404
26 426
26 428
26 429
26 434
26 439
26 440
26 461
26 464
26 473
26 474
26 479
26 488
26 494
26 497
26 507
26 529
26 534
26 536
26 556
26 572
26 576
26 581
26 607
26 608
26 610
26 614
26 622
26 629
26 647
26 649
26 667
26 671
26 689
26 697
26 698
26 707
26 717
26 719
26 721
26 744
26 755
26 770
26 788
27 401
27 406
27 415
27 418
27 421
27 424
27 431
27 435
27 438
27 440
27 443
27 450
27 457
27 473
27 482
27 489
27 493
27 514
27 529
27 543
27 550
27 556
27 559
27 601
27 615
27 625
27 629
27 634
27 638
27 644
27 650
27 651
27 661
27 674
27 686
27 695
27 714
27 720
27 726
27 733
27 743
27 753
27 774
27 780
27 799
28 401
28 405
28 421
28 431
28 434
28 460
28 464
28 478
28 491
28 522
28 523
28 527
28 555
28 577
28 599
28 605
28 606
28 611
28 641
28 644
28 645
28 656
28 657
28 675
28 677
28 681
28 687
28 691
28 708
28 713
28 746
28 757
28 782
28 784
28 787
28 790
28 796
28 797
29 402
29 409
29 424
29 430
29 437
29 448
29 456
29 504
29 511
29 513
29 514
29 516
29 522
29 538
29 552
29 556
29 561
29 564
29 589
29 626
29 639
29 643
29 655
29 666
29 667
29 675
29 688
29 689
29 700
29 702
29 709
29 711
29 712
29 721
29 736
29 755
29 760
29 763
29 779
29 788
29 799
29 800
30 407
30 426
30 452
30 453
30 475
30 480
30 486
30 498
30 500
30 515
30 540
30 566
30 572
30 577
30 585
30 587
30 593
30 601
30 609
30 615
30 635
30 637
30 661
30 662
30 663
30 668
30 673
30 674
30 684
30 694
30 696
30 702
30 703
30 706
30 736
30 739
30 754
30 774
30 775
30 783
30 786
31 414
31 438
31 444
31 448
31 459
31 463
31 473
31 484
31 488
31 495
31 505
31 509
31 513
31 516
31 525
31 533
31 545
31 552
31 572
31 577
31 612
31 615
31 651
31 658
31 674
31 677
31 695
31 700
31 707
31 713
31 728
31 742
31 750
31 751
31 753
31 755
31 757
31 765
31 767
31 769
31 772
32 419
32 431
32 449
32 451
32 457
32 480
32 492
32 496
32 501
32 505
32 509
32 510
32 514
32 520
32 523
32 528
32 531
32 540
32 543
32 544
32 547
32 550
32 552
32 554
32 557
32 558
32 559
32 560
32 574
32 602
32 612
32 635
32 636
32 654
32 661
32 669
32 672
32 690
32 694
32 699
32 701
32 708
32 718
32 728
32 736
32 765
32 772
32 789
32 790
32 791
32 795
33 430
33 439
33 440
33 447
33 450
33 456
33 474
33 477
33 483
33 484
33 490
33 491
33 503
33 506
33 507
33 509
33 519
33 521
33 531
33 535
33 536
33 556
33 564
33 584
33 590
33 597
33 609
33 612
33 613
33 616
33 635
33 637
33 643
33 645
33 652
33 653
33 666
33 681
33 685
33 686
33 699
33 722
33 727
33 734
33 746
33 748
33 749
33 758
34 446
34 451
34 467
34 474
34 514
34 528
34 529
34 540
34 549
34 570
34 572
34 585
34 598
34 628
34 635
34 646
34 648
34 655
34 665
34 668
34 672
34 700
34 704
34 706
34 721
34 723
34 728
34 738
34 746
34 751
34 759
34 760
34 763
34 776
34 794
34 799
35 414
35 420
35 435
35 453
35 462
35 464
35 469
35 471
35 486
35 507
35 509
35 517
35 518
35 521
35 539
35 591
35 614
35 619
35 626
35 642
35 645
35 656
35 686
35 690
35 693
35 696
35 697
35 702
35 718
35 720
35 729
35 740
35 750
35 773
35 775
35 785
35 789
36 434
36 437
36 438
36 499
36 509
36 520
36 525
36 531
36 532
36 546
36 560
36 575
36 576
36 580
36 582
36 583
36 593
36 600
36 602
36 627
36 631
36 634
36 635
36 637
36 640
36 646
36 655
36 670
36 674
36 677
36 684
36 685
36 688
36 717
36 720
36 742
36 751
36 765
36 767
36 774
36 780
36 799
37 416
37 428
37 436
37 439
37 454
37 461
37 479
37 480
37 488
37 490
37 498
37 501
37 514
37 520
37 531
37 543
37 551
37 557
37 571
37 578
37 582
37 595
37 603
37 608
37 609
37 616
37 648
37 650
37 665
37 667
37 669
37 670
37 685
37 686
37 691
37 705
37 739
37 753
37 780
37 783
37 796
38 409
38 416
38 420
38 431
38 435
38 446
38 477
38 482
38 484
38 504
38 510
38 520
38 530
38 540
38 549
38 556
38 566
38 580
38 587
38 591
38 611
38 613
38 617
38 624
38 635
38 642
38 646
38 652
38 657
38 668
38 673
38 682
38 686
38 692
38 693
38 700
38 705
38 710
38 711
38 734
38 740
38 757
38 766
38 780
39 406
39 410
39 412
39 434
39 454
39 474
39 477
39 480
39 482
39 487
39 499
39 500
39 509
39 518
39 523
39 528
39 558
39 565
39 568
39 569
39 574
39 577
39 591
39 595
39 602
39 613
39 614
39 622
39 624
39 635
39 638
39 641
39 643
39 662
39 665
39 670
39 697
39 714
39 724
39 728
39 738
39 748
39 754
39 773
39 781
39 789
40 403
40 413
40 422
40 456
40 458
40 459
40 462
40 472
40 473
40 488
40 492
40 520
40 544
40 547
40 557
40 559
40 592
40 604
40 621
40 630
40 642
40 648
40 666
40 668
40 674
40 678
40 680
40 708
40 731
40 733
40 746
40 748
40 779
41 409
41 421
41 423
41 424
41 427
41 477
41 478
41 480
41 491
41 510
41 514
41 533
41 555
41 586
41 605
41 610
41 616
41 627
41 668
41 685
41 693
41 723
41 757
41 758
41 760
41 765
41 768
41 772
41 773
41 787
42 448
42 450
42 459
42 461
42 473
42 493
42 501
42 505
42 510
42 530
42 543
42 553
42 578
42 605
42 618
42 628
42 629
42 636
42 639
42 641
42 642
42 740
42 748
42 772
42 774
42 791
42 792
42 793
42 798
43 401
43 403
43 404
43 418
43 436
43 441
43 445
43 460
43 461
43 475
43 484
43 488
43 508
43 531
43 541
43 553
43 554
43 603
43 608
43 611
43 615
43 630
43 631
43 665
43 671
43 675
43 684
43 691
43 697
43 705
43 718
43 735
43 757
43 759
43 761
43 767
43 790
43 793
44 413
44 416
44 445
44 456
44 458
44 464
44 473
44 476
44 478
44 487
44 493
44 504
44 522
44 525
44 527
44 541
44 568
44 571
44 583
44 600
44 615
44 617
44 620
44 639
44 644
44 647
44 648
44 665
44 667
44 668
44 679
44 687
44 704
44 714
44 717
44 726
44 731
44 738
44 740
44 745
44 749
44 770
45 433
45 445
45 459
45 469
45 471
45 485
45 489
45 499
45 504
45 521
45 533
45 554
45 557
45 571
45 573
45 583
45 585
45 604
45 613
45 615
45 638
45 652
45 661
45 679
45 701
45 726
45 730
45 734
45 735
45 742
45 771
45 776
45 778
45 782
45 783
45 787
45 797
46 410
46 420
46 422
46 437
46 442
46 445
46 456
46 462
46 468
46 469
46 471
46 480
46 481
46 482
46 483
46 496
46 497
46 508
46 510
46 511
46 516
46 546
46 568
46 570
46 573
46 576
46 581
46 596
46 603
46 621
46 632
46 644
46 650
46 658
46 677
46 679
46 682
46 689
46 692
46 702
46 707
46 713
46 717
46 726
46 734
46 736
46 749
46 751
46 754
46 776
46 783
46 790
47 403
47 411
47 427
47 433
47 452
47 453
47 467
47 469
47 475
47 477
47 484
47 498
47 527
47 528
47 548
47 567
47 568
47 574
47 578
47 583
47 592
47 594
47 600
47 604
47 605
47 611
47 619
47 622
47 632
47 643
47 672
47 679
47 709
47 718
47 720
47 733
47 734
47 736
47 752
47 754
47 779
47 780
48 402
48 421
48 434
48 448
48 453
48 462
48 471
48 472
48 476
48 495
48 511
48 520
48 525
48 527
48 533
48 541
48 553
48 559
48 562
48 563
48 568
48 588
48 594
48 626
48 634
48 654
48 665
48 670
48 673
48 674
48 676
48 690
48 691
48 698
48 700
48 701
48 710
48 722
48 730
48 731
48 733
48 750
48 758
48 770
48 775
48 783
48 784
48 798
48 800
49 404
49 412
49 420
49 442
49 455
49 462
49 469
49 482
49 499
49 507
49 512
49 516
49 523
49 527
49 558
49 574
49 583
49 585
49 587
49 588
49 593
49 596
49 598
49 611
49 617
49 622
49 642
49 644
49 645
49 711
49 713
49 714
49 719
49 740
49 742
49 745
49 750
49 768
49 783
49 784
49 785
49 794
49 798
50 407
50 413
50 418
50 440
50 450
50 465
50 474
50 486
50 493
50 511
50 517
50 528
50 570
50 573
50 603
50 617
50 630
50 645
50 648
50 650
50 662
50 670
50 676
50 689
50 692
50 694
50 697
50 698
50 701
50 704
50 715
50 716
50 717
50 722
50 725
50 732
50 735
50 745
50 764
50 768
50 771
50 774
50 790
50 798
50 799
50 800
51 408
51 439
51 443
51 448
51 449
51 463
51 471
51 472
51 482
51 489
51 492
51 501
51 516
51 546
51 562
51 569
51 611
51 613
51 616
51 621
51 638
51 639
51 649
51 662
51 663
51 664
51 677
51 702
51 727
51 735
51 748
51 751
51 752
51 757
51 765
51 768
51 779
51 792
52 410
52 430
52 438
52 446
52 459
52 463
52 465
52 477
52 484
52 487
52 490
52 502
52 503
52 516
52 525
52 548
52 567
52 571
52 574
52 575
52 586
52 604
52 608
52 610
52 615
52 623
52 625
52 629
52 631
52 644
52 645
52 659
52 660
52 665
52 672
52 679
52 695
52 696
52 701
52 702
52 725
52 741
52 746
52 760
52 761
52 771
52 777
52 779
52 790
53 402
53 407
53 452
53 458
53 475
53 485
53 495
53 500
53 501
53 503
53 518
53 541
53 546
53 554
53 559
53 566
53 573
53 581
53 589
53 606
53 610
53 618
53 627
53 631
53 635
53 648
53 656
53 660
53 687
53 693
53 723
53 733
53 734
53 743
53 752
53 770
53 776
53 794
54 402
54 422
54 424
54 431
54 436
54 450
54 456
54 507
54 512
54 514
54 519
54 525
54 529
54 534
54 545
54 565
54 566
54 570
54 571
54 573
54 601
54 608
54 634
54 641
54 659
54 674
54 684
54 688
54 712
54 724
54 727
54 732
54 756
54 760
54 765
54 768
54 777
55 405
55 423
55 426
55 437
55 440
55 452
55 456
55 457
55 472
55 479
55 498
55 500
55 520
55 521
55 534
55 538
55 539
55 543
55 551
55 557
55 569
55 573
55 586
55 591
55 608
55 610
55 617
55 618
55 635
55 638
55 643
55 656
55 666
55 677
55 680
55 681
55 700
55 722
55 729
55 735
55 769
55 788
55 800
56 405
56 411
56 421
56 427
56 437
56 439
56 441
56 448
56 453
56 461
56 478
56 491
56 508
56 512
56 513
56 514
56 515
56 523
56 526
56 527
56 531
56 583
56 593
56 610
56 623
56 624
56 629
56 634
56 638
56 654
56 667
56 673
56 674
56 677
56 682
56 688
56 693
56 697
56 705
56 738
56 746
56 748
56 751
56 761
56 769
56 786
57 413
57 418
57 443
57 465
57 493
57 497
57 508
57 509
57 527
57 534
57 546
57 550
57 573
57 581
57 591
57 607
57 612
57 619
57 636
57 642
57 646
57 651
57 663
57 681
57 682
57 701
57 707
57 710
57 725
57 734
57 738
57 743
57 750
57 755
57 758
57 771
57 789
57 790
58 410
58 411
58 426
58 436
58 437
58 451
58 456
58 473
58 492
58 501
58 504
58 522
58 528
58 539
58 546
58 549
58 564
58 568
58 578
58 591
58 626
58 636
58 643
58 665
58 676
58 683
58 690
58 693
58 702
58 714
58 733
58 738
58 748
58 759
58 780
58 796
59 407
59 411
59 438
59 454
59 457
59 462
59 464
59 473
59 479
59 484
59 502
59 507
59 509
59 517
59 529
59 567
59 571
59 594
59 598
59 603
59 612
59 617
59 619
59 629
59 630
59 631
59 642
59 644
59 646
59 650
59 654
59 666
59 682
59 686
59 695
59 698
59 702
59 706
59 717
59 724
59 738
59 744
59 757
59 787
59 790
60 401
60 410
60 411
60 431
60 434
60 435
60 438
60 442
60 448
60 451
60 460
60 463
60 474
60 475
60 476
60 484
60 485
60 502
60 508
60 517
60 528
60 531
60 533
60 537
60 543
60 557
60 560
60 580
60 591
60 599
60 635
60 639
60 642
60 648
60 649
60 651
60 660
60 664
60 667
60 669
60 671
60 685
60 687
60 698
60 699
60 705
60 709
60 712
60 743
60 744
60 753
60 759
60 763
60 765
60 782
61 426
61 433
61 434
61 437
61 448
61 451
61 453
61 473
61 475
61 476
61 520
61 532
61 536
61 544
61 554
61 575
61 576
61 603
61 619
61 629
61 638
61 680
61 703
61 705
61 725
61 748
61 761
61 762
61 780
61 784
61 792
61 793
61 796
61 798
62 409
62 422
62 439
62 447
62 461
62 463
62 472
62 474
62 480
62 493
62 494
62 502
62 528
62 544
62 555
62 566
62 606
62 645
62 650
62 663
62 686
62 707
62 710
62 715
62 717
62 718
62 732
62 740
62 745
62 749
62 751
62 755
62 757
62 764
62 775
62 777
62 778
62 783
62 799
63 414
63 434
63 439
63 440
63 448
63 449
63 453
63 459
63 468
63 471
63 480
63 482
63 485
63 501
63 504
63 510
63 516
63 518
63 537
63 539
63 548
63 555
63 581
63 583
63 585
63 592
63 594
63 598
63 601
63 603
63 605
63 606
63 623
63 628
63 632
63 635
63 641
63 668
63 670
63 682
63 693
63 702
63 704
63 709
63 717
63 771
63 774
63 786
64 427
64 441
64 451
64 463
64 477
64 483
64 484
64 490
64 510
64 517
64 529
64 542
64 545
64 549
64 550
64 572
64 579
64 584
64 598
64 632
64 641
64 656
64 657
64 661
64 668
64 681
64 706
64 707
64 725
64 727
64 737
64 743
64 763
64 771
64 772
64 775
64 777
64 800
65 417
65 428
65 436
65 448
65 450
65 451
65 456
65 488
65 507
65 512
65 513
65 528
65 534
65 560
65 580
65 583
65 596
65 605
65 606
65 611
65 614
65 627
65 640
65 648
65 684
65 689
65 699
65 706
65 717
65 728
65 732
65 744
65 753
65 756
65 759
65 763
65 765
65 790
66 424
66 427
66 453
66 460
66 468
66 475
66 482
66 493
66 523
66 565
66 566
66 576
66 582
66 583
66 584
66 590
66 593
66 610
66 620
66 632
66 636
66 639
66 652
66 674
66 697
66 706
66 719
66 738
66 741
66 752
66 776
66 781
67 414
67 421
67 437
67 443
67 446
67 447
67 452
67 458
67 459
67 460
67 477
67 492
67 499
67 519
67 536
67 538
67 545
67 554
67 562
67 591
67 609
67 616
67 622
67 628
67 649
67 657
67 659
67 667
67 677
67 694
67 701
67 722
67 730
67 742
67 746
67 758
68 405
68 407
68 435
68 438
68 441
68 442
68 454
68 475
68 494
68 501
68 511
68 514
68 521
68 536
68 556
68 559
68 561
68 579
68 582
68 584
68 589
68 595
68 600
68 603
68 624
68 638
68 652
68 661
68 663
68 669
68 676
68 696
68 702
68 711
68 716
68 724
68 733
68 737
68 748
68 756
68 761
68 778
68 785
68 794
68 797
69 401
69 419
69 428
69 443
69 465
69 471
69 496
69 506
69 510
69 511
69 517
69 522
69 526
69 529
69 533
69 541
69 548
69 551
69 557
69 558
69 575
69 605
69 656
69 665
69 666
69 668
69 669
69 678
69 682
69 683
69 688
69 690
69 698
69 707
69 710
69 755
69 756
69 761
69 764
69 777
69 781
69 792
69 797
70 417
70 418
70 427
70 434
70 447
70 452
70 459
70 460
70 463
70 474
70 476
70 488
70 496
70 516
70 526
70 537
70 542
70 548
70 581
70 595
70 619
70 626
70 627
70 631
70 636
70 640
70 649
70 655
70 660
70 691
70 698
70 726
70 728
70 731
70 743
70 772
70 785
71 410
71 414
71 418
71 426
71 428
71 446
71 454
71 472
71 478
71 496
71 501
71 513
71 519
71 530
71 531
71 534
71 552
71 553
71 555
71 558
71 564
71 566
71 588
71 606
71 608
71 621
71 627
71 643
71 644
71 661
71 667
71 675
71 688
71 690
71 702
71 721
71 725
71 736
71 741
71 746
71 748
71 761
71 765
71 767
71 770
71 783
72 410
72 417
72 420
72 421
72 425
72 439
72 442
72 448
72 455
72 462
72 464
72 467
72 478
72 483
72 492
72 531
72 547
72 549
72 557
72 560
72 563
72 576
72 584
72 594
72 633
72 641
72 645
72 646
72 647
72 649
72 653
72 661
72 685
72 698
72 701
72 709
72 717
72 732
72 750
72 754
72 773
72 777
72 780
72 787
72 791
72 796
73 403
73 413
73 435
73 448
73 450
73 472
73 474
73 507
73 518
73 532
73 570
73 576
73 587
73 588
73 592
73 608
73 625
73 633
73 704
73 710
73 712
73 719
73 722
73 743
73 766
73 778
73 782
73 796
73 800
74 402
74 415
74 417
74 434
74 463
74 484
74 509
74 511
74 515
74 521
74 522
74 532
74 543
74 572
74 575
74 578
74 579
74 580
74 582
74 595
74 602
74 611
74 612
74 618
74 625
74 639
74 666
74 670
74 676
74 682
74 691
74 692
74 725
74 758
74 766
74 792
74 794
74 799
74 800
75 402
75 417
75 427
75 435
75 458
75 495
75 498
75 515
75 518
75 530
75 568
75 570
75 586
75 593
75 599
75 605
75 611
75 612
75 616
75 628
75 629
75 631
75 649
75 657
75 675
75 681
75 688
75 694
75 699
75 740
75 751
75 755
75 759
75 763
75 770
75 791
76 425
76 432
76 443
76 449
76 454
76 486
76 503
76 520
76 548
76 555
76 566
76 597
76 609
76 612
76 616
76 644
76 686
76 721
76 725
76 727
76 741
76 743
76 791
76 795
77 409
77 414
77 418
77 420
77 426
77 430
77 431
77 438
77 457
77 471
77 475
77 476
77 489
77 495
77 521
77 522
77 524
77 546
77 549
77 566
77 575
77 582
77 590
77 601
77 605
77 617
77 634
77 635
77 641
77 702
77 713
77 714
77 733
77 743
77 759
77 778
77 779
77 781
77 792
77 795
77 798
77 800
78 409
78 413
78 433
78 435
78 455
78 457
78 465
78 468
78 484
78 491
78 495
78 514
78 521
78 549
78 566
78 647
78 654
78 691
78 695
78 699
78 727
78 743
78 755
78 784
79 416
79 462
79 469
79 474
79 493
79 531
79 543
79 547
79 561
79 584
79 587
79 606
79 633
79 644
79 651
79 658
79 669
79 681
79 707
79 711
79 717
79 719
79 724
79 738
79 742
79 750
79 755
79 758
79 775
79 786
79 788
79 791
80 406
80 407
80 412
80 423
80 436
80 439
80 444
80 456
80 457
80 470
80 471
80 516
80 520
80 530
80 541
80 552
80 553
80 569
80 582
80 584
80 586
80 614
80 631
80 639
80 647
80 650
80 651
80 658
80 662
80 678
80 694
80 708
80 740
80 743
80 749
80 762
80 777
80 792
80 797
80 798
81 404
81 406
81 419
81 440
81 448
81 451
81 475
81 488
81 493
81 502
81 509
81 528
81 540
81 551
81 567
81 573
81 582
81 589
81 595
81 598
81 602
81 609
81 616
81 626
81 639
81 649
81 653
81 664
81 670
81 675
81 679
81 694
81 704
81 708
81 709
81 718
81 719
81 729
81 758
81 785
81 797
82 421
82 452
82 465
82 466
82 512
82 514
82 528
82 532
82 539
82 546
82 570
82 587
82 593
82 601
82 607
82 608
82 619
82 625
82 643
82 649
82 652
82 659
82 666
82 667
82 672
82 679
82 684
82 690
82 715
82 736
82 739
82 752
82 761
82 764
82 768
82 786
82 790
82 794
83 430
83 440
83 445
83 456
83 465
83 466
83 475
83 477
83 480
83 485
83 489
83 491
83 493
83 498
83 500
83 508
83 523
83 550
83 565
83 570
83 573
83 578
83 579
83 597
83 598
83 605
83 608
83 611
83 622
83 624
83 627
83 630
83 631
83 647
83 669
83 678
83 681
83 688
83 691
83 695
83 696
83 715
83 727
83 736
83 737
83 778
83 783
83 799
84 411
84 418
84 424
84 442
84 443
84 447
84 453
84 456
84 465
84 467
84 492
84 513
84 520
84 522
84 527
84 548
84 558
84 573
84 575
84 581
84 582
84 589
84 592
84 593
84 619
84 640
84 645
84 664
84 668
84 678
84 679
84 684
84 692
84 699
84 705
84 708
84 709
84 714
84 741
84 756
84 758
84 759
84 768
85 406
85 414
85 419
85 424
85 430
85 435
85 458
85 469
85 475
85 496
85 502
85 504
85 510
85 519
85 522
85 523
85 527
85 573
85 576
85 586
85 597
85 601
85 617
85 619
85 626
85 644
85 646
85 653
85 655
85 656
85 661
85 670
85 677
85 683
85 690
85 717
85 721
85 752
85 755
85 790
85 794
85 799
85 800
86 408
86 418
86 430
86 432
86 433
86 455
86 457
86 458
86 471
86 496
86 522
86 528
86 534
86 551
86 587
86 592
86 613
86 614
86 655
86 656
86 678
86 686
86 689
86 706
86 722
86 733
86 735
86 740
86 741
86 758
86 760
86 770
86 776
86 777
86 784
86 790
87 405
87 419
87 431
87 450
87 451
87 456
87 467
87 503
87 507
87 527
87 536
87 545
87 550
87 553
87 562
87 563
87 569
87 570
87 572
87 580
87 603
87 624
87 642
87 643
87 645
87 646
87 652
87 664
87 674
87 677
87 711
87 713
87 718
87 729
87 738
87 759
87 768
87 785
87 789
87 799
88 403
88 407
88 414
88 437
88 441
88 456
88 458
88 463
88 505
88 514
88 518
88 522
88 548
88 552
88 557
88 563
88 573
88 602
88 607
88 617
88 634
88 635
88 648
88 661
88 666
88 670
88 694
88 698
88 712
88 714
88 723
88 727
88 730
88 740
88 744
88 758
88 777
88 782
88 790
88 791
88 794
89 418
89 419
89 423
89 425
89 433
89 436
89 439
89 446
89 471
89 479
89 482
89 491
89 495
89 502
89 516
89 519
89 522
89 531
89 548
89 558
89 567
89 569
89 585
89 590
89 602
89 603
89 607
89 608
89 609
89 614
89 616
89 622
89 623
89 639
89 644
89 655
89 658
89 673
89 682
89 685
89 701
89 707
89 720
89 726
89 753
89 757
89 775
89 788
89 790
89 798
90 406
90 428
90 433
90 438
90 458
90 466
90 480
90 491
90 492
90 498
90 504
90 526
90 553
90 562
90 577
90 580
90 614
90 621
90 629
90 632
90 633
90 647
90 665
90 681
90 701
90 703
90 713
90 741
90 745
90 746
90 757
90 773
90 784
90 790
90 797
91 407
91 417
91 423
91 441
91 448
91 497
91 510
91 516
91 518
91 521
91 543
91 551
91 574
91 596
91 601
91 604
91 611
91 612
91 623
91 630
91 638
91 640
91 642
91 643
91 649
91 661
91 669
91 672
91 679
91 693
91 716
91 721
91 733
91 742
91 745
91 752
91 753
91 773
91 781
92 401
92 412
92 434
92 436
92 440
92 441
92 442
92 451
92 452
92 460
92 468
92 496
92 505
92 509
92 515
92 516
92 526
92 528
92 551
92 561
92 562
92 563
92 592
92 597
92 601
92 607
92 624
92 633
92 634
92 651
92 675
92 689
92 698
92 704
92 722
92 731
92 737
92 738
92 755
92 764
92 787
93 402
93 408
93 413
93 414
93 420
93 435
93 452
93 489
93 503
93 508
93 511
93 515
93 524
93 535
93 543
93 552
93 564
93 582
93 590
93 599
93 600
93 615
93 628
93 635
93 651
93 675
93 684
93 686
93 711
93 714
93 717
93 727
93 756
93 764
93 768
93 781
93 784
93 796
94 405
94 412
94 431
94 441
94 442
94 444
94 448
94 449
94 450
94 456
94 459
94 460
94 488
94 496
94 522
94 527
94 534
94 583
94 604
94 606
94 627
94 630
94 651
94 670
94 674
94 678
94 681
94 705
94 724
94 731
94 736
94 751
94 754
94 755
94 765
94 771
94 780
94 785
94 786
94 788
94 790
95 415
95 425
95 438
95 442
95 449
95 464
95 465
95 478
95 489
95 509
95 529
95 531
95 534
95 545
95 548
95 550
95 551
95 554
95 578
95 593
95 604
95 619
95 627
95 632
95 633
95 635
95 649
95 658
95 665
95 676
95 677
95 689
95 691
95 692
95 696
95 707
95 708
95 713
95 717
95 720
95 725
95 727
95 730
95 732
95 744
95 749
95 754
95 756
95 758
95 762
95 769
95 780
95 782
95 783
95 789
96 424
96 446
96 458
96 459
96 466
96 497
96 503
96 504
96 505
96 507
96 515
96 527
96 534
96 535
96 544
96 547
96 555
96 563
96 575
96 579
96 601
96 606
96 623
96 636
96 639
96 642
96 681
96 684
96 689
96 702
96 707
96 729
96 731
96 762
96 779
96 786
97 414
97 421
97 435
97 440
97 445
97 448
97 467
97 469
97 471
97 512
97 529
97 561
97 565
97 577
97 592
97 596
97 597
97 601
97 603
97 606
97 619
97 632
97 647
97 693
97 696
97 697
97 700
97 716
97 727
97 763
97 765
97 771
97 774
97 778
97 782
97 791
97 793
97 794
98 405
98 406
98 427
98 444
98 455
98 457
98 472
98 475
98 494
98 510
98 537
98 541
98 542
98 547
98 563
98 583
98 592
98 607
98 610
98 617
98 622
98 647
98 653
98 678
98 681
98 686
98 696
98 697
98 731
98 759
98 771
98 774
98 787
98 791
98 800
99 434
99 443
99 445
99 449
99 459
99 483
99 487
99 517
99 531
99 541
99 543
99 551
99 574
99 594
99 608
99 619
99 625
99 632
99 655
99 659
99 690
99 729
99 735
99 738
99 753
99 755
99 764
99 772
99 785
99 797
100 404
100 418
100 427
100 444
100 456
100 459
100 464
100 471
100 476
100 479
100 501
100 510
100 512
100 523
100 526
100 533
100 572
100 578
100 585
100 589
100 592
100 600
100 602
100 634
100 649
100 667
100 698
100 721
100 730
100 738
100 749
100 783
100 791
101 404
101 406
101 449
101 451
101 454
101 464
101 472
101 485
101 533
101 536
101 537
101 540
101 543
101 561
101 576
101 577
101 623
101 631
101 632
101 633
101 634
101 639
101 649
101 660
101 665
101 669
101 676
101 689
101 691
101 693
101 699
101 752
101 759
101 780
101 786
101 791
101 800
102 418
102 424
102 449
102 453
102 463
102 467
102 483
102 500
102 508
102 527
102 532
102 533
102 537
102 547
102 566
102 576
102 579
102 584
102 595
102 601
102 602
102 605
102 614
102 616
102 623
102 624
102 651
102 652
102 664
102 666
102 674
102 679
102 695
102 699
102 705
102 715
102 736
102 739
102 760
102 761
102 763
102 765
102 785
102 788
103 401
103 403
103 428
103 455
103 474
103 475
103 494
103 505
103 511
103 514
103 517
103 525
103 537
103 540
103 550
103 561
103 568
103 578
103 586
103 595
103 610
103 614
103 618
103 639
103 664
103 698
103 701
103 721
103 724
103 739
103 740
103 745
103 766
103 774
103 775
103 777
103 781
103 794
104 405
104 406
104 420
104 423
104 426
104 431
104 438
104 440
104 445
104 491
104 497
104 513
104 516
104 523
104 533
104 544
104 549
104 566
104 581
104 585
104 607
104 628
104 644
104 649
104 656
104 663
104 668
104 669
104 676
104 691
104 709
104 721
104 724
104 748
104 751
104 755
104 763
104 766
104 769
104 773
104 774
104 785
104 794
104 795
105 401
105 402
105 416
105 421
105 423
105 431
105 433
105 439
105 443
105 465
105 477
105 482
105 484
105 510
105 532
105 535
105 537
105 542
105 548
105 552
105 557
105 570
105 572
105 574
105 577
105 580
105 584
105 591
105 599
105 604
105 605
105 613
105 616
105 630
105 646
105 651
105 652
105 657
105 660
105 677
105 685
105 697
105 715
105 735
105 745
105 753
105 754
105 762
105 764
105 783
106 414
106 415
106 416
106 419
106 465
106 491
106 501
106 509
106 537
106 540
106 551
106 566
106 575
106 583
106 586
106 592
106 596
106 618
106 625
106 629
106 641
106 645
106 654
106 655
106 664
106 672
106 673
106 674
106 681
106 695
106 732
106 738
106 743
106 749
106 761
106 768
106 776
106 779
106 781
106 793
107 419
107 428
107 429
107 440
107 461
107 486
107 509
107 512
107 519
107 532
107 533
107 536
107 539
107 565
107 583
107 584
107 586
107 587
107 588
107 592
107 598
107 600
107 602
107 603
107 606
107 607
107 615
107 619
107 630
107 631
107 637
107 674
107 680
107 684
107 686
107 689
107 690
107 696
107 711
107 721
107 734
107 738
107 744
107 763
107 778
107 784
107 788
107 793
107 798
107 799
108 410
108 413
108 445
108 447
108 516
108 544
108 553
108 554
108 555
108 573
108 578
108 586
108 591
108 598
108 609
108 611
108 635
108 641
108 646
108 653
108 658
108 670
108 681
108 692
108 701
108 710
108 717
108 718
108 743
108 759
108 763
108 776
108 784
108 791
108 796
108 799
109 418
109 421
109 430
109 432
109 437
109 438
109 452
109 467
109 472
109 473
109 482
109 484
109 499
109 501
109 528
109 562
109 574
109 579
109 594
109 595
109 618
109 624
109 631
109 632
109 634
109 638
109 645
109 662
109 706
109 708
109 711
109 718
109 726
109 738
109 743
109 769
109 770
109 771
109 783
109 800
110 406
110 417
110 418
110 423
110 426
110 466
110 468
110 483
110 488
110 491
110 522
110 538
110 542
110 556
110 562
110 564
110 571
110 573
110 574
110 585
110 595
110 596
110 624
110 635
110 650
110 656
110 660
110 662
110 670
110 684
110 685
110 705
110 715
110 720
110 721
110 756
110 757
110 762
110 767
110 771
111 402
111 415
111 418
111 424
111 433
111 435
111 443
111 452
111 459
111 462
111 467
111 483
111 496
111 519
111 523
111 538
111 585
111 589
111 598
111 599
111 606
111 607
111 608
111 614
111 638
111 661
111 707
111 709
111 710
111 719
111 738
111 740
111 763
111 775
111 782
111 787
111 790
112 405
112 413
112 416
112 417
112 435
112 478
112 484
112 496
112 501
112 520
112 523
112 527
112 543
112 548
112 564
112 585
112 590
112 597
112 603
112 606
112 610
112 617
112 622
112 623
112 627
112 646
112 656
112 665
112 674
112 678
112 686
112 689
112 694
112 700
112 785
112 790
113 419
113 428
113 431
113 435
113 442
113 444
113 454
113 460
113 463
113 484
113 495
113 508
113 512
113 516
113 545
113 553
113 554
113 570
113 573
113 577
113 584
113 593
113 608
113 626
113 633
113 634
113 654
113 660
113 669
113 679
113 686
113 689
113 694
113 696
113 700
113 704
113 718
113 724
113 743
113 750
113 762
113 768
113 769
113 770
113 773
113 782
113 783
113 785
114 405
114 406
114 412
114 416
114 430
114 450
114 473
114 474
114 476
114 481
114 489
114 502
114 504
114 509
114 511
114 541
114 555
114 561
114 564
114 601
114 609
114 618
114 623
114 631
114 638
114 642
114 660
114 665
114 670
114 674
114 685
114 698
114 706
114 717
114 743
114 752
114 758
114 768
114 773
114 779
114 780
114 785
114 799
115 402
115 403
115 424
115 428
115 441
115 461
115 482
115 495
115 499
115 502
115 525
115 530
115 546
115 560
115 572
115 576
115 591
115 618
115 630
115 631
115 632
115 646
115 652
115 656
115 682
115 695
115 699
115 704
115 720
115 726
115 728
115 729
115 735
115 755
115 764
115 765
115 778
115 787
115 789
115 794
116 403
116 427
116 431
116 470
116 480
116 485
116 488
116 496
116 501
116 531
116 545
116 556
116 569
116 570
116 571
116 576
116 577
116 582
116 590
116 603
116 614
116 615
116 620
116 677
116 685
116 697
116 699
116 700
116 742
116 748
116 753
116 756
116 772
116 789
116 790
116 794
117 413
117 439
117 452
117 465
117 466
117 478
117 489
117 507
117 525
117 535
117 551
117 557
117 567
117 568
117 570
117 580
117 582
117 583
117 598
117 686
117 709
117 744
117 748
117 752
117 789
117 796
118 418
118 429
118 433
118 437
118 439
118 449
118 452
118 455
118 457
118 463
118 464
118 472
118 475
118 489
118 497
118 508
118 512
118 519
118 569
118 583
118 597
118 613
118 635
118 640
118 661
118 674
118 701
118 710
118 735
118 760
118 780
118 781
118 784
118 790
118 791
119 405
119 418
119 429
119 448
119 456
119 460
119 466
119 489
119 491
119 492
119 512
119 514
119 532
119 539
119 544
119 551
119 553
119 560
119 597
119 623
119 624
119 625
119 642
119 648
119 663
119 665
119 698
119 700
119 707
119 710
119 713
119 718
119 725
119 729
119 731
119 734
119 736
119 772
119 778
119 790
119 794
119 798
120 405
120 417
120 418
120 422
120 437
120 447
120 453
120 463
120 467
120 470
120 475
120 494
120 503
120 512
120 532
120 555
120 570
120 572
120 576
120 598
120 603
120 611
120 616
120 622
120 641
120 653
120 676
120 692
120 700
120 729
120 743
120 744
120 755
120 768
120 770
120 772
120 787
120 794
121 407
121 409
121 436
121 457
121 463
121 470
121 477
121 485
121 512
121 517
121 523
121 524
121 528
121 541
121 555
121 561
121 577
121 578
121 579
121 601
121 604
121 642
121 646
121 657
121 659
121 664
121 676
121 691
121 702
121 703
121 722
121 723
121 749
121 752
121 775
121 783
121 789
122 407
122 408
122 445
122 446
122 447
122 452
122 462
122 491
122 500
122 510
122 514
122 523
122 537
122 560
122 567
122 599
122 602
122 610
122 611
122 617
122 625
122 634
122 637
122 644
122 655
122 657
122 662
122 669
122 672
122 679
122 695
122 706
122 708
122 719
122 734
122 747
122 751
122 754
122 758
122 760
122 765
122 768
122 771
122 772
122 784
122 795
123 405
123 412
123 418
123 444
123 454
123 469
123 472
123 473
123 480
123 481
123 483
123 487
123 494
123 508
123 510
123 528
123 530
123 539
123 545
123 550
123 555
123 579
123 601
123 621
123 636
123 651
123 652
123 653
123 666
123 678
123 684
123 705
123 714
123 727
123 731
123 732
123 736
123 746
123 756
123 759
123 760
123 767
123 770
123 772
123 778
124 403
124 416
124 418
124 421
124 422
124 429
124 430
124 434
124 437
124 439
124 441
124 447
124 463
124 465
124 483
124 490
124 491
124 496
124 501
124 523
124 525
124 545
124 546
124 548
124 554
124 585
124 591
124 597
124 607
124 609
124 616
124 630
124 642
124 643
124 650
124 655
124 659
124 663
124 673
124 685
124 691
124 695
124 697
124 710
124 721
124 744
124 764
124 767
124 778
124 779
124 800
125 426
125 427
125 442
125 472
125 475
125 476
125 477
125 484
125 495
125 500
125 506
125 511
125 517
125 530
125 554
125 559
125 566
125 580
125 582
125 585
125 605
125 607
125 612
125 615
125 622
125 625
125 628
125 630
125 632
125 638
125 651
125 653
125 655
125 657
125 658
125 665
125 673
125 675
125 676
125 683
125 686
125 694
125 698
125 704
125 708
125 712
125 716
125 736
125 754
125 756
125 759
125 767
125 790
126 412
126 413
126 417
126 425
126 426
126 431
126 457
126 461
126 485
126 495
126 496
126 513
126 522
126 536
126 543
126 546
126 548
126 550
126 558
126 567
126 574
126 578
126 580
126 583
126 587
126 610
126 612
126 615
126 619
126 624
126 625
126 630
126 636
126 638
126 641
126 656
126 676
126 680
126 684
126 685
126 699
126 708
126 724
126 732
126 745
126 754
126 798
127 409
127 417
127 431
127 437
127 441
127 442
127 451
127 454
127 455
127 476
127 481
127 493
127 502
127 520
127 533
127 541
127 565
127 579
127 590
127 595
127 608
127 614
127 618
127 623
127 624
127 629
127 630
127 643
127 647
127 653
127 666
127 676
127 682
127 700
127 714
127 719
127 746
127 760
127 782
128 412
128 421
128 423
128 426
128 436
128 437
128 440
128 456
128 476
128 478
128 498
128 499
128 514
128 517
128 521
128 525
128 550
128 565
128 569
128 587
128 589
128 592
128 609
128 614
128 625
128 666
128 670
128 675
128 680
128 690
128 707
128 712
128 730
128 732
128 734
128 736
128 738
128 745
128 751
128 752
128 773
129 406
129 423
129 445
129 454
129 458
129 477
129 480
129 486
129 487
129 488
129 494
129 512
129 519
129 527
129 528
129 529
129 533
129 570
129 575
129 583
129 590
129 596
129 600
129 617
129 625
129 630
129 641
129 647
129 651
129 659
129 662
129 665
129 681
129 695
129 697
129 703
129 715
129 736
129 738
129 739
129 742
129 743
129 745
129 757
129 759
129 761
129 768
129 771
129 779
129 788
130 410
130 422
130 428
130 433
130 492
130 497
130 499
130 503
130 506
130 521
130 523
130 527
130 530
130 536
130 562
130 577
130 580
130 587
130 594
130 605
130 609
130 614
130 616
130 630
130 631
130 638
130 663
130 671
130 695
130 721
130 747
130 751
130 758
130 761
130 781
130 787
131 403
131 418
131 423
131 429
131 442
131 452
131 470
131 507
131 534
131 539
131 546
131 549
131 550
131 554
131 555
131 572
131 580
131 583
131 588
131 598
131 605
131 616
131 622
131 646
131 655
131 658
131 662
131 674
131 685
131 692
131 701
131 709
131 714
131 758
131 762
131 768
132 407
132 449
132 467
132 472
132 484
132 491
132 493
132 512
132 519
132 523
132 525
132 530
132 543
132 571
132 574
132 588
132 595
132 615
132 616
132 627
132 659
132 675
132 684
132 687
132 731
132 732
132 735
132 736
132 756
132 759
132 766
132 771
132 776
132 779
132 783
132 789
132 796
132 800
133 409
133 410
133 413
133 429
133 435
133 449
133 461
133 465
133 467
133 480
133 487
133 490
133 496
133 547
133 548
133 558
133 567
133 570
133 578
133 584
133 624
133 627
133 638
133 639
133 648
133 655
133 658
133 660
133 663
133 674
133 684
133 696
133 708
133 762
133 763
133 775
134 412
134 416
134 418
134 425
134 450
134 476
134 482
134 491
134 506
134 547
134 553
134 563
134 567
134 583
134 595
134 599
134 602
134 620
134 623
134 655
134 656
134 668
134 673
134 691
134 696
134 698
134 708
134 723
134 725
134 738
134 753
134 773
134 776
134 784
135 411
135 428
135 429
135 433
135 435
135 459
135 481
135 489
135 497
135 504
135 526
135 533
135 534
135 537
135 559
135 566
135 567
135 581
135 593
135 594
135 597
135 598
135 599
135 624
135 626
135 637
135 648
135 655
135 669
135 678
135 688
135 706
135 713
135 715
135 732
135 738
135 778
135 781
135 785
135 800
136 441
136 443
136 444
136 471
136 482
136 490
136 500
136 504
136 521
136 525
136 531
136 534
136 551
136 574
136 576
136 591
136 592
136 600
136 627
136 634
136 638
136 659
136 665
136 679
136 683
136 698
136 700
136 708
136 710
136 717
136 718
136 723
136 733
136 744
136 763
136 768
136 780
136 784
136 793
136 798
137 414
137 424
137 443
137 468
137 484
137 485
137 494
137 501
137 519
137 533
137 548
137 577
137 601
137 623
137 627
137 629
137 632
137 633
137 642
137 646
137 652
137 653
137 655
137 656
137 665
137 673
137 676
137 679
137 697
137 700
137 706
137 711
137 725
137 733
137 735
137 740
137 745
137 749
137 751
137 753
137 754
137 770
137 778
137 784
137 789
137 799
137 800
138 401
138 410
138 425
138 428
138 440
138 464
138 478
138 507
138 519
138 524
138 541
138 550
138 572
138 573
138 581
138 593
138 610
138 612
138 625
138 628
138 656
138 663
138 671
138 688
138 694
138 699
138 701
138 702
138 728
138 729
138 730
138 738
138 742
138 752
138 753
138 772
138 774
138 788
138 799
139 408
139 409
139 430
139 432
139 452
139 453
139 464
139 474
139 498
139 503
139 509
139 522
139 526
139 527
139 542
139 552
139 555
139 560
139 564
139 571
139 575
139 579
139 583
139 584
139 592
139 615
139 616
139 637
139 638
139 644
139 647
139 662
139 663
139 676
139 677
139 680
139 730
139 743
139 764
139 790
140 412
140 429
140 464
140 473
140 479
140 487
140 493
140 495
140 509
140 526
140 534
140 536
140 568
140 574
140 587
140 591
140 604
140 609
140 631
140 642
140 653
140 665
140 678
140 685
140 698
140 728
140 732
140 762
140 781
140 782
140 783
140 784
140 790
140 795
140 797
141 411
141 415
141 418
141 425
141 431
141 449
141 467
141 478
141 501
141 504
141 506
141 529
141 536
141 569
141 575
141 579
141 589
141 602
141 614
141 633
141 635
141 648
141 652
141 656
141 659
141 661
141 669
141 714
141 732
141 733
141 738
141 742
141 745
141 753
141 771
142 415
142 420
142 460
142 482
142 490
142 531
142 533
142 541
142 548
142 559
142 577
142 580
142 583
142 584
142 585
142 589
142 591
142 592
142 602
142 636
142 637
142 668
142 677
142 682
142 684
142 702
142 705
142 720
142 723
142 752
142 754
142 765
142 769
142 776
142 780
143 402
143 406
143 415
143 423
143 432
143 442
143 449
143 453
143 457
143 461
143 466
143 469
143 471
143 472
143 481
143 495
143 498
143 505
143 508
143 511
143 517
143 519
143 550
143 563
143 573
143 574
143 582
143 597
143 628
143 631
143 644
143 707
143 718
143 719
143 721
143 722
143 730
143 743
143 749
143 763
143 785
144 416
144 419
144 425
144 429
144 433
144 441
144 447
144 455
144 463
144 466
144 485
144 501
144 516
144 517
144 519
144 522
144 530
144 539
144 566
144 576
144 595
144 606
144 610
144 614
144 619
144 620
144 629
144 635
144 646
144 654
144 666
144 673
144 687
144 700
144 750
144 769
144 774
144 776
144 779
144 782
144 786
144 800
145 409
145 412
145 460
145 468
145 471
145 479
145 480
145 481
145 499
145 501
145 508
145 514
145 520
145 525
145 528
145 533
145 544
145 553
145 559
145 563
145 577
145 583
145 589
145 593
145 604
145 616
145 623
145 642
145 653
145 657
145 667
145 694
145 705
145 706
145 709
145 718
145 754
145 760
145 769
145 799
146 408
146 414
146 423
146 457
146 459
146 460
146 464
146 471
146 474
146 488
146 491
146 506
146 508
146 529
146 530
146 535
146 577
146 579
146 587
146 599
146 613
146 614
146 627
146 647
146 648
146 651
146 652
146 661
146 662
146 675
146 684
146 694
146 695
146 747
146 755
146 761
146 781
146 782
146 792
147 407
147 435
147 441
147 454
147 456
147 461
147 472
147 473
147 477
147 478
147 480
147 481
147 484
147 486
147 506
147 513
147 519
147 527
147 529
147 535
147 541
147 548
147 553
147 558
147 594
147 607
147 610
147 614
147 620
147 628
147 650
147 665
147 671
147 707
147 710
147 718
147 719
147 721
147 728
147 733
147 739
147 755
147 776
148 405
148 406
148 409
148 411
148 412
148 450
148 451
148 463
148 491
148 493
148 498
148 500
148 502
148 510
148 514
148 521
148 535
148 539
148 541
148 547
148 549
148 552
148 558
148 559
148 568
148 569
148 604
148 606
148 618
148 632
148 633
148 637
148 656
148 664
148 675
148 678
148 714
148 729
148 735
148 743
148 747
148 765
148 771
148 784
149 466
149 478
149 480
149 485
149 491
149 493
149 494
149 507
149 509
149 511
149 513
149 527
149 544
149 595
149 602
149 609
149 617
149 649
149 652
149 659
149 662
149 670
149 689
149 695
149 717
149 721
149 727
149 731
149 734
149 735
149 747
149 759
149 765
150 418
150 434
150 445
150 450
150 485
150 487
150 506
150 515
150 521
150 527
150 535
150 537
150 549
150 559
150 561
150 571
150 573
150 604
150 635
150 641
150 650
150 655
150 658
150 659
150 679
150 684
150 686
150 691
150 699
150 717
150 734
150 758
150 765
150 791
150 795
151 416
151 417
151 423
151 426
151 427
151 440
151 443
151 449
151 457
151 480
151 481
151 488
151 501
151 506
151 507
151 520
151 530
151 540
151 546
151 556
151 557
151 561
151 569
151 584
151 591
151 592
151 599
151 602
151 610
151 666
151 670
151 671
151 685
151 723
151 726
151 759
151 795
152 403
152 417
152 428
152 450
152 470
152 492
152 494
152 502
152 511
152 515
152 521
152 527
152 535
152 549
152 551
152 579
152 586
152 587
152 589
152 616
152 622
152 630
152 658
152 660
152 677
152 689
152 700
152 714
152 750
152 761
152 766
152 773
153 445
153 454
153 470
153 475
153 478
153 479
153 497
153 512
153 513
153 517
153 518
153 524
153 539
153 553
153 566
153 567
153 581
153 584
153 589
153 599
153 603
153 607
153 612
153 614
153 622
153 625
153 629
153 641
153 663
153 664
153 669
153 693
153 701
153 717
153 722
153 741
153 747
153 760
153 798
154 406
154 412
154 416
154 430
154 447
154 460
154 472
154 482
154 500
154 501
154 507
154 515
154 530
154 536
154 540
154 544
154 546
154 566
154 569
154 596
154 600
154 610
154 612
154 616
154 617
154 618
154 619
154 633
154 645
154 649
154 668
154 670
154 672
154 674
154 683
154 709
154 710
154 716
154 721
154 722
154 743
154 747
154 750
154 762
154 769
154 775
154 779
154 781
154 783
154 784
154 796
155 404
155 420
155 421
155 424
155 446
155 459
155 465
155 475
155 480
155 492
155 498
155 500
155 525
155 533
155 545
155 547
155 564
155 567
155 592
155 596
155 606
155 610
155 642
155 654
155 673
155 688
155 691
155 694
155 698
155 709
155 723
155 731
155 743
155 749
155 756
155 763
155 788
155 789
155 800
156 407
156 418
156 422
156 430
156 434
156 438
156 472
156 493
156 505
156 509
156 510
156 518
156 539
156 551
156 564
156 573
156 580
156 600
156 602
156 613
156 625
156 637
156 645
156 648
156 656
156 718
156 730
156 732
156 739
156 749
156 786
156 788
157 403
157 407
157 409
157 429
157 430
157 455
157 456
157 495
157 509
157 515
157 532
157 537
157 542
157 549
157 551
157 564
157 588
157 589
157 593
157 600
157 610
157 613
157 620
157 624
157 632
157 639
157 640
157 659
157 671
157 711
157 713
157 721
157 725
157 729
157 742
157 748
157 763
157 787
157 794
158 405
158 412
158 423
158 425
158 439
158 440
158 441
158 446
158 453
158 461
158 473
158 479
158 508
158 570
158 586
158 594
158 603
158 605
158 606
158 613
158 626
158 628
158 641
158 659
158 675
158 683
158 695
158 696
158 703
158 721
158 732
158 748
158 754
158 770
158 773
158 774
158 777
158 784
158 789
158 792
159 403
159 404
159 408
159 418
159 425
159 428
159 451
159 453
159 459
159 466
159 484
159 487
159 504
159 522
159 525
159 527
159 537
159 557
159 572
159 589
159 608
159 612
159 616
159 624
159 633
159 634
159 641
159 650
159 663
159 682
159 720
159 729
159 767
159 771
159 772
159 774
159 776
159 791
159 793
160 401
160 409
160 421
160 431
160 435
160 442
160 446
160 463
160 490
160 492
160 503
160 507
160 517
160 518
160 519
160 524
160 531
160 532
160 536
160 541
160 560
160 563
160 564
160 575
160 596
160 599
160 600
160 602
160 603
160 612
160 613
160 645
160 660
160 663
160 666
160 669
160 677
160 691
160 707
160 731
160 743
160 751
160 756
160 779
160 784
160 793
160 797
161 409
161 426
161 430
161 432
161 439
161 446
161 451
161 479
161 481
161 493
161 509
161 518
161 524
161 527
161 536
161 541
161 547
161 548
161 550
161 561
161 569
161 582
161 594
161 595
161 612
161 617
161 631
161 642
161 650
161 662
161 663
161 667
161 669
161 689
161 715
161 726
161 736
161 739
161 744
161 745
161 759
161 760
161 763
161 781
161 782
162 402
162 418
162 428
162 429
162 465
162 481
162 482
162 486
162 491
162 494
162 523
162 531
162 536
162 537
162 538
162 540
162 555
162 571
162 572
162 600
162 614
162 622
162 651
162 668
162 670
162 696
162 702
162 710
162 727
162 733
162 741
162 749
162 760
162 767
162 774
162 776
162 780
162 792
162 797
163 437
163 439
163 442
163 454
163 486
163 487
163 495
163 506
163 531
163 537
163 572
163 623
163 625
163 628
163 630
163 642
163 645
163 646
163 680
163 681
163 685
163 691
163 694
163 702
163 704
163 712
163 720
163 729
163 747
163 758
163 769
163 781
163 783
163 794
163 797
164 403
164 418
164 423
164 430
164 437
164 489
164 505
164 513
164 524
164 533
164 551
164 567
164 576
164 594
164 608
164 613
164 616
164 618
164 642
164 650
164 685
164 693
164 697
164 698
164 703
164 707
164 713
164 735
164 774
164 777
165 404
165 412
165 414
165 422
165 445
165 446
165 448
165 453
165 454
165 455
165 461
165 472
165 478
165 481
165 540
165 544
165 552
165 568
165 571
165 573
165 605
165 606
165 610
165 613
165 620
165 623
165 650
165 651
165 655
165 667
165 668
165 675
165 677
165 694
165 718
165 726
165 767
165 772
165 782
165 784
165 791
165 793
165 796
166 405
166 419
166 420
166 445
166 468
166 472
166 483
166 489
166 500
166 509
166 510
166 521
166 535
166 549
166 563
166 570
166 572
166 576
166 577
166 597
166 599
166 605
166 613
166 631
166 635
166 637
166 672
166 695
166 701
166 703
166 708
166 715
166 718
166 724
166 730
166 737
166 740
166 745
166 749
166 750
166 761
166 765
166 766
166 774
167 404
167 409
167 419
167 422
167 437
167 458
167 459
167 469
167 507
167 518
167 523
167 524
167 535
167 541
167 547
167 551
167 553
167 560
167 562
167 582
167 587
167 588
167 590
167 592
167 593
167 612
167 630
167 655
167 657
167 659
167 660
167 667
167 679
167 692
167 699
167 706
167 726
167 729
167 733
167 736
167 738
167 752
167 764
167 776
167 793
168 414
168 423
168 439
168 457
168 485
168 488
168 494
168 498
168 524
168 530
168 532
168 544
168 550
168 565
168 567
168 569
168 589
168 602
168 627
168 637
168 651
168 665
168 669
168 676
168 704
168 705
168 733
168 739
168 766
168 777
168 788
169 404
169 413
169 414
169 432
169 442
169 447
169 449
169 456
169 469
169 479
169 484
169 504
169 536
169 541
169 554
169 560
169 562
169 570
169 576
169 585
169 591
169 610
169 618
169 637
169 664
169 676
169 677
169 686
169 687
169 697
169 712
169 723
169 725
169 728
169 729
169 730
169 767
169 777
169 778
169 789
170 401
170 410
170 413
170 427
170 430
170 441
170 455
170 456
170 481
170 495
170 500
170 533
170 551
170 558
170 582
170 585
170 603
170 605
170 610
170 639
170 666
170 681
170 689
170 696
170 705
170 717
170 724
170 726
170 727
170 728
170 753
170 769
170 776
170 786
170 800
171 401
171 419
171 431
171 443
171 449
171 455
171 486
171 496
171 505
171 506
171 524
171 527
171 552
171 569
171 577
171 581
171 603
171 626
171 633
171 646
171 656
171 660
171 670
171 681
171 692
171 746
171 761
171 762
171 767
171 778
171 779
171 785
171 790
171 797
172 401
172 407
172 422
172 424
172 430
172 431
172 437
172 442
172 452
172 453
172 461
172 475
172 479
172 497
172 498
172 514
172 522
172 533
172 547
172 548
172 556
172 575
172 582
172 585
172 621
172 631
172 637
172 644
172 645
172 663
172 686
172 690
172 703
172 707
172 710
172 714
172 728
172 734
172 736
172 741
172 746
172 748
172 751
172 757
172 789
173 402
173 414
173 421
173 433
173 442
173 445
173 451
173 485
173 488
173 493
173 496
173 497
173 512
173 522
173 528
173 539
173 549
173 575
173 587
173 589
173 623
173 628
173 659
173 660
173 669
173 677
173 687
173 693
173 700
173 710
173 711
173 717
173 719
173 720
173 739
173 743
173 745
173 753
173 760
173 764
173 769
173 772
173 778
173 785
173 788
173 793
173 795
174 407
174 417
174 425
174 432
174 438
174 441
174 460
174 470
174 481
174 484
174 489
174 496
174 497
174 502
174 504
174 518
174 535
174 543
174 552
174 574
174 582
174 584
174 594
174 598
174 607
174 626
174 630
174 646
174 649
174 658
174 661
174 695
174 733
174 750
174 754
174 770
174 796
175 409
175 413
175 419
175 422
175 428
175 429
175 446
175 450
175 486
175 489
175 506
175 515
175 516
175 517
175 519
175 522
175 529
175 539
175 541
175 544
175 546
175 560
175 564
175 567
175 568
175 570
175 581
175 591
175 615
175 619
175 621
175 637
175 641
175 648
175 657
175 666
175 680
175 684
175 691
175 709
175 712
175 715
175 717
175 721
175 728
175 734
175 772
175 774
175 788
175 795
176 427
176 456
176 460
176 483
176 485
176 488
176 494
176 499
176 519
176 522
176 537
176 541
176 542
176 554
176 572
176 588
176 591
176 606
176 610
176 626
176 632
176 635
176 660
176 705
176 711
176 737
176 768
176 771
176 790
177 406
177 446
177 447
177 459
177 461
177 462
177 464
177 472
177 478
177 484
177 500
177 504
177 519
177 521
177 545
177 550
177 563
177 593
177 595
177 610
177 623
177 651
177 701
177 713
177 714
177 722
177 740
177 742
177 743
177 748
177 761
177 768
177 787
177 792
178 406
178 413
178 417
178 420
178 429
178 442
178 449
178 455
178 469
178 478
178 481
178 503
178 512
178 514
178 528
178 539
178 560
178 571
178 577
178 601
178 605
178 608
178 648
178 663
178 680
178 683
178 685
178 688
178 690
178 712
178 718
178 724
178 732
178 738
178 743
178 746
178 778
179 406
179 434
179 443
179 444
179 453
179 460
179 467
179 469
179 470
179 482
179 506
179 513
179 518
179 522
179 526
179 539
179 549
179 560
179 578
179 579
179 591
179 598
179 608
179 610
179 651
179 652
179 654
179 656
179 661
179 664
179 694
179 702
179 714
179 715
179 757
179 762
179 777
179 778
179 780
179 791
179 793
180 411
180 414
180 416
180 423
180 435
180 437
180 443
180 447
180 466
180 471
180 508
180 520
180 524
180 535
180 537
180 540
180 563
180 573
180 604
180 605
180 606
180 627
180 631
180 637
180 667
180 673
180 684
180 700
180 706
180 713
180 718
180 720
180 737
180 738
180 741
180 750
180 751
180 764
180 765
180 780
180 787
180 798
181 407
181 410
181 424
181 433
181 442
181 453
181 458
181 461
181 470
181 495
181 502
181 511
181 513
181 536
181 550
181 556
181 564
181 566
181 572
181 580
181 586
181 591
181 595
181 602
181 611
181 614
181 616
181 619
181 645
181 647
181 661
181 668
181 678
181 690
181 710
181 716
181 717
181 723
181 732
181 737
181 749
181 753
181 763
181 767
181 768
181 783
181 784
181 792
181 793
181 799
182 401
182 402
182 403
182 404
182 414
182 433
182 439
182 473
182 477
182 499
182 503
182 510
182 515
182 543
182 553
182 557
182 573
182 577
182 579
182 597
182 602
182 613
182 645
182 670
182 687
182 688
182 707
182 715
182 724
182 743
182 762
182 774
182 777
182 785
182 791
183 405
183 412
183 425
183 436
183 448
183 465
183 477
183 494
183 500
183 507
183 509
183 526
183 531
183 536
183 544
183 549
183 560
183 565
183 572
183 579
183 584
183 596
183 616
183 622
183 627
183 645
183 650
183 674
183 706
183 711
183 714
183 717
183 736
183 739
183 756
183 757
183 760
183 765
183 768
183 769
183 771
183 779
184 401
184 417
184 460
184 462
184 473
184 482
184 489
184 490
184 503
184 509
184 526
184 563
184 578
184 584
184 587
184 596
184 605
184 609
184 613
184 631
184 639
184 641
184 649
184 659
184 664
184 672
184 714
184 716
184 722
184 723
184 725
184 732
184 746
184 770
184 774
184 778
184 780
184 790
184 793
185 403
185 416
185 424
185 425
185 437
185 442
185 474
185 516
185 519
185 531
185 559
185 568
185 578
185 594
185 597
185 601
185 604
185 607
185 625
185 627
185 630
185 643
185 650
185 652
185 664
185 673
185 684
185 695
185 702
185 703
185 709
185 710
185 713
185 715
185 723
185 734
185 762
185 764
185 799
185 800
186 414
186 416
186 419
186 426
186 441
186 445
186 448
186 450
186 456
186 470
186 474
186 477
186 478
186 479
186 483
186 505
186 507
186 512
186 513
186 517
186 519
186 535
186 559
186 577
186 583
186 585
186 601
186 607
186 616
186 617
186 619
186 653
186 655
186 671
186 677
186 686
186 688
186 700
186 701
186 713
186 718
186 729
186 732
186 734
186 741
186 746
186 764
186 767
186 789
186 790
186 792
186 796
187 415
187 431
187 445
187 476
187 480
187 487
187 501
187 516
187 519
187 522
187 527
187 531
187 541
187 553
187 558
187 560
187 567
187 583
187 585
187 610
187 613
187 614
187 651
187 655
187 670
187 671
187 673
187 676
187 687
187 705
187 729
187 731
187 734
187 753
187 761
187 763
187 791
188 414
188 426
188 427
188 429
188 457
188 522
188 523
188 546
188 561
188 562
188 571
188 592
188 606
188 632
188 637
188 644
188 663
188 680
188 683
188 691
188 699
188 700
188 703
188 708
188 712
188 716
188 724
188 726
188 738
188 744
188 751
188 754
188 769
188 774
188 792
189 413
189 416
189 439
189 442
189 474
189 483
189 489
189 496
189 508
189 513
189 515
189 547
189 558
189 570
189 573
189 593
189 595
189 597
189 611
189 614
189 629
189 630
189 640
189 648
189 652
189 657
189 663
189 666
189 673
189 689
189 713
189 715
189 716
189 735
189 751
189 772
189 778
189 795
189 797
189 800
190 404
190 412
190 417
190 431
190 436
190 440
190 443
190 446
190 462
190 464
190 467
190 472
190 481
190 483
190 491
190 499
190 514
190 516
190 517
190 530
190 546
190 549
190 574
190 581
190 602
190 614
190 624
190 691
190 715
190 716
190 728
190 729
190 733
190 753
190 779
190 787
190 788
190 797
190 798
191 403
191 413
191 420
191 425
191 428
191 430
191 434
191 437
191 444
191 448
191 454
191 456
191 478
191 482
191 485
191 517
191 520
191 526
191 539
191 542
191 557
191 561
191 574
191 577
191 580
191 591
191 595
191 610
191 618
191 636
191 637
191 642
191 645
191 648
191 649
191 652
191 657
191 661
191 672
191 680
191 693
191 713
191 721
191 724
191 729
191 733
191 742
191 759
191 770
191 773
191 775
191 793
192 447
192 448
192 449
192 456
192 474
192 475
192 479
192 493
192 516
192 517
192 534
192 554
192 569
192 571
192 576
192 596
192 604
192 620
192 624
192 672
192 678
192 681
192 686
192 700
192 701
192 716
192 731
192 741
192 746
192 765
192 774
192 779
192 784
193 425
193 430
193 439
193 445
193 486
193 500
193 506
193 510
193 512
193 514
193 517
193 527
193 556
193 571
193 572
193 574
193 575
193 579
193 584
193 586
193 588
193 602
193 605
193 636
193 652
193 654
193 663
193 677
193 682
193 692
193 702
193 708
193 710
193 731
193 733
193 758
193 770
193 772
193 782
194 403
194 437
194 454
194 456
194 469
194 470
194 476
194 487
194 498
194 535
194 541
194 546
194 547
194 551
194 554
194 558
194 571
194 587
194 589
194 606
194 631
194 648
194 652
194 674
194 681
194 688
194 690
194 696
194 703
194 711
194 714
194 722
194 744
194 751
194 776
194 781
194 796
194 797
194 800
195 401
195 420
195 423
195 431
195 435
195 440
195 443
195 447
195 459
195 461
195 465
195 468
195 505
195 507
195 509
195 559
195 561
195 564
195 572
195 574
195 592
195 606
195 611
195 629
195 631
195 634
195 640
195 641
195 658
195 663
195 682
195 697
195 701
195 709
195 710
195 729
195 758
195 764
195 779
195 783
195 784
195 785
195 787
196 402
196 407
196 422
196 434
196 435
196 440
196 452
196 473
196 478
196 485
196 500
196 505
196 516
196 520
196 536
196 537
196 539
196 545
196 560
196 567
196 570
196 575
196 580
196 583
196 584
196 595
196 607
196 626
196 633
196 641
196 644
196 668
196 691
196 705
196 714
196 718
196 721
196 748
196 750
196 754
196 782
196 789
196 792
197 435
197 446
197 455
197 468
197 469
197 477
197 482
197 485
197 488
197 490
197 491
197 495
197 501
197 521
197 531
197 533
197 551
197 555
197 562
197 568
197 580
197 583
197 587
197 588
197 597
197 616
197 625
197 626
197 646
197 649
197 655
197 661
197 671
197 693
197 722
197 747
197 748
197 753
197 758
197 761
197 765
197 768
197 784
197 786
198 405
198 406
198 424
198 431
198 442
198 443
198 453
198 467
198 488
198 513
198 522
198 525
198 531
198 535
198 538
198 550
198 555
198 567
198 611
198 622
198 626
198 646
198 648
198 649
198 651
198 661
198 671
198 672
198 703
198 704
198 705
198 745
198 749
198 753
198 757
198 764
198 800
199 407
199 408
199 429
199 434
199 441
199 447
199 453
199 455
199 457
199 460
199 464
199 466
199 471
199 486
199 488
199 490
199 512
199 522
199 535
199 537
199 539
199 544
199 557
199 567
199 574
199 575
199 583
199 587
199 590
199 598
199 600
199 617
199 619
199 624
199 632
199 657
199 668
199 685
199 687
199 694
199 697
199 725
199 729
199 767
199 773
200 438
200 441
200 445
200 454
200 462
200 478
200 501
200 516
200 522
200 523
200 533
200 549
200 561
200 562
200 563
200 565
200 576
200 587
200 602
200 612
200 625
200 637
200 647
200 651
200 661
200 673
200 682
200 692
200 707
200 711
200 714
200 740
200 750
200 760
200 767
200 793
201 407
201 414
201 418
201 423
201 437
201 440
201 442
201 449
201 450
201 451
201 460
201 463
201 478
201 501
201 505
201 523
201 561
201 562
201 578
201 586
201 604
201 609
201 617
201 619
201 639
201 642
201 644
201 655
201 659
201 700
201 701
201 702
201 707
201 715
201 718
201 722
201 737
201 739
201 752
201 756
201 760
201 766
201 792
201 796
201 800
202 431
202 434
202 450
202 475
202 484
202 514
202 517
202 520
202 530
202 538
202 544
202 561
202 565
202 568
202 576
202 588
202 598
202 609
202 625
202 639
202 640
202 641
202 642
202 648
202 655
202 665
202 687
202 691
202 704
202 711
202 714
202 729
202 732
202 738
202 754
202 762
202 793
203 407
203 429
203 443
203 451
203 455
203 462
203 475
203 489
203 500
203 543
203 559
203 590
203 599
203 602
203 608
203 610
203 641
203 674
203 708
203 710
203 711
203 723
203 728
203 734
203 740
203 763
203 764
203 774
203 777
204 414
204 416
204 427
204 429
204 433
204 438
204 463
204 472
204 475
204 478
204 482
204 494
204 508
204 517
204 520
204 524
204 531
204 537
204 540
204 546
204 565
204 570
204 576
204 581
204 590
204 597
204 598
204 604
204 620
204 621
204 630
204 634
204 635
204 654
204 662
204 673
204 679
204 684
204 691
204 703
204 722
204 737
204 757
204 767
204 776
204 794
205 403
205 440
205 446
205 450
205 481
205 490
205 494
205 496
205 523
205 537
205 603
205 615
205 625
205 632
205 641
205 659
205 665
205 667
205 673
205 674
205 678
205 685
205 692
205 701
205 704
205 716
205 726
205 729
205 731
205 754
205 763
205 778
206 408
206 422
206 425
206 429
206 437
206 439
206 442
206 445
206 478
206 499
206 515
206 519
206 523
206 530
206 555
206 556
206 607
206 611
206 628
206 639
206 640
206 642
206 644
206 650
206 652
206 656
206 660
206 675
206 676
206 693
206 700
206 714
206 715
206 728
206 742
206 754
206 762
206 774
206 790
206 792
206 793
206 795
207 402
207 432
207 435
207 459
207 461
207 462
207 464
207 475
207 481
207 482
207 494
207 499
207 509
207 524
207 525
207 548
207 550
207 561
207 564
207 579
207 583
207 588
207 595
207 598
207 602
207 611
207 615
207 625
207 634
207 654
207 658
207 674
207 684
207 685
207 724
207 733
207 734
207 741
207 760
207 766
207 779
207 785
208 403
208 417
208 431
208 432
208 453
208 473
208 488
208 502
208 507
208 522
208 532
208 579
208 606
208 608
208 611
208 621
208 625
208 632
208 634
208 652
208 660
208 668
208 671
208 681
208 685
208 690
208 691
208 693
208 706
208 708
208 723
208 737
208 742
208 752
208 758
208 767
208 778
208 787
208 788
208 795
209 414
209 418
209 425
209 427
209 438
209 442
209 445
209 462
209 464
209 490
209 508
209 525
209 531
209 538
209 550
209 561
209 575
209 576
209 591
209 593
209 602
209 604
209 610
209 612
209 618
209 628
209 633
209 635
209 637
209 650
209 654
209 660
209 667
209 671
209 681
209 712
209 715
209 720
209 722
209 727
209 739
209 766
209 778
209 788
209 792
210 412
210 433
210 442
210 449
210 462
210 466
210 469
210 486
210 496
210 500
210 504
210 515
210 521
210 536
210 563
210 570
210 590
210 594
210 596
210 604
210 616
210 622
210 642
210 653
210 670
210 675
210 678
210 684
210 692
210 697
210 709
210 714
210 725
210 728
210 739
210 768
210 770
210 778
210 784
210 788
210 792
211 401
211 405
211 415
211 417
211 422
211 433
211 439
211 457
211 460
211 471
211 478
211 481
211 482
211 492
211 506
211 511
211 519
211 521
211 541
211 548
211 556
211 562
211 577
211 580
211 581
211 584
211 587
211 597
211 646
211 650
211 663
211 683
211 691
211 696
211 713
211 715
211 720
211 725
211 726
211 727
211 733
211 735
211 739
211 740
211 747
211 764
211 775
211 780
211 782
211 784
211 786
212 407
212 415
212 433
212 439
212 443
212 456
212 462
212 471
212 474
212 479
212 481
212 489
212 496
212 503
212 522
212 531
212 541
212 551
212 561
212 564
212 582
212 593
212 609
212 612
212 615
212 617
212 622
212 626
212 630
212 637
212 652
212 665
212 675
212 685
212 699
212 708
212 714
212 721
212 728
212 751
212 764
212 775
212 798
213 416
213 424
213 427
213 429
213 435
213 436
213 438
213 440
213 447
213 471
213 472
213 479
213 480
213 489
213 511
213 517
213 554
213 556
213 560
213 570
213 577
213 593
213 604
213 605
213 616
213 642
213 660
213 662
213 700
213 722
213 723
213 730
213 755
213 758
213 783
213 786
213 792
213 799
214 402
214 407
214 427
214 437
214 441
214 462
214 487
214 490
214 518
214 524
214 531
214 535
214 537
214 541
214 555
214 561
214 578
214 596
214 598
214 618
214 634
214 637
214 654
214 660
214 687
214 690
214 693
214 698
214 710
214 739
214 750
214 764
214 775
214 800
215 421
215 428
215 450
215 456
215 494
215 504
215 527
215 533
215 541
215 560
215 565
215 575
215 584
215 585
215 587
215 595
215 602
215 611
215 636
215 670
215 677
215 688
215 696
215 710
215 713
215 724
215 750
215 757
215 772
215 776
215 780
215 785
215 794
216 401
216 407
216 415
216 420
216 459
216 464
216 472
216 480
216 482
216 486
216 487
216 491
216 494
216 495
216 516
216 517
216 536
216 541
216 543
216 562
216 575
216 579
216 589
216 590
216 601
216 613
216 614
216 617
216 631
216 635
216 638
216 645
216 651
216 681
216 717
216 724
216 725
216 731
216 737
216 739
216 751
216 763
216 766
217 408
217 410
217 437
217 441
217 482
217 485
217 487
217 495
217 503
217 507
217 510
217 527
217 535
217 542
217 565
217 579
217 581
217 582
217 592
217 595
217 596
217 599
217 600
217 603
217 609
217 611
217 612
217 613
217 658
217 672
217 673
217 683
217 708
217 711
217 712
217 725
217 726
217 729
217 736
217 740
217 746
217 747
217 762
217 767
217 768
217 781
217 792
218 415
218 424
218 429
218 455
218 469
218 483
218 515
218 516
218 538
218 558
218 566
218 579
218 600
218 609
218 627
218 631
218 633
218 652
218 664
218 671
218 684
218 687
218 705
218 733
218 735
218 767
218 798
219 404
219 409
219 427
219 468
219 500
219 503
219 527
219 530
219 536
219 539
219 567
219 569
219 575
219 577
219 581
219 583
219 590
219 596
219 598
219 602
219 640
219 650
219 656
219 665
219 671
219 697
219 710
219 723
219 725
219 728
219 737
219 739
219 741
219 742
219 745
219 764
219 766
219 777
220 408
220 419
220 435
220 436
220 453
220 483
220 484
220 496
220 513
220 515
220 523
220 535
220 542
220 543
220 563
220 578
220 586
220 588
220 591
220 593
220 595
220 600
220 606
220 626
220 640
220 650
220 656
220 657
220 658
220 683
220 684
220 686
220 692
220 729
220 739
220 740
220 742
220 747
220 750
220 763
220 765
220 786
220 796
220 799
221 412
221 413
221 421
221 451
221 452
221 455
221 483
221 489
221 493
221 501
221 502
221 503
221 511
221 523
221 524
221 547
221 548
221 554
221 564
221 577
221 580
221 582
221 599
221 638
221 641
221 648
221 649
221 666
221 691
221 702
221 729
221 739
221 743
221 756
221 784
222 417
222 425
222 429
222 448
222 463
222 478
222 494
222 495
222 499
222 506
222 521
222 523
222 529
222 532
222 566
222 583
222 590
222 597
222 600
222 609
222 624
222 629
222 654
222 658
222 674
222 677
222 678
222 726
222 760
222 762
222 780
222 781
222 799
223 410
223 420
223 424
223 434
223 437
223 438
223 440
223 443
223 444
223 450
223 452
223 454
223 456
223 458
223 468
223 473
223 482
223 484
223 485
223 486
223 494
223 496
223 499
223 503
223 513
223 515
223 527
223 547
223 551
223 553
223 558
223 569
223 580
223 586
223 588
223 589
223 590
223 592
223 594
223 603
223 617
223 628
223 651
223 685
223 687
223 691
223 692
223 702
223 718
223 725
223 731
223 733
223 738
223 755
223 757
223 758
223 771
223 774
223 789
223 793
223 794
224 406
224 415
224 416
224 417
224 429
224 433
224 434
224 436
224 443
224 482
224 490
224 503
224 504
224 513
224 527
224 528
224 536
224 538
224 566
224 580
224 599
224 616
224 629
224 648
224 670
224 686
224 709
224 733
224 743
224 749
224 759
224 777
225 406
225 411
225 431
225 460
225 461
225 466
225 476
225 477
225 480
225 498
225 502
225 504
225 505
225 509
225 510
225 515
225 517
225 525
225 532
225 535
225 548
225 550
225 565
225 578
225 580
225 588
225 600
225 606
225 609
225 615
225 626
225 632
225 641
225 655
225 659
225 669
225 671
225 677
225 683
225 687
225 689
225 694
225 714
225 720
225 731
225 736
225 742
225 760
225 773
225 780
225 794
225 797
226 404
226 409
226 413
226 417
226 421
226 429
226 438
226 467
226 470
226 498
226 502
226 505
226 510
226 516
226 539
226 553
226 564
226 573
226 583
226 584
226 591
226 599
226 614
226 620
226 626
226 636
226 652
226 659
226 673
226 683
226 723
226 762
226 785
226 795
226 797
226 798
227 402
227 411
227 435
227 444
227 446
227 464
227 476
227 478
227 480
227 489
227 491
227 516
227 518
227 522
227 542
227 576
227 578
227 584
227 595
227 598
227 604
227 605
227 613
227 659
227 672
227 693
227 696
227 702
227 703
227 728
227 736
227 737
227 749
227 751
227 753
227 759
227 776
227 783
227 789
228 406
228 418
228 423
228 432
228 433
228 466
228 470
228 471
228 475
228 476
228 488
228 496
228 499
228 511
228 518
228 523
228 556
228 570
228 575
228 580
228 595
228 603
228 636
228 642
228 671
228 673
228 675
228 728
228 737
228 754
228 767
228 786
229 402
229 408
229 415
229 417
229 424
229 436
229 447
229 448
229 451
229 454
229 456
229 457
229 458
229 460
229 461
229 462
229 498
229 499
229 515
229 524
229 544
229 545
229 579
229 607
229 620
229 631
229 639
229 646
229 661
229 669
229 680
229 692
229 696
229 697
229 704
229 711
229 714
229 725
229 731
229 732
229 738
229 753
229 757
229 765
229 766
229 775
229 799
230 415
230 416
230 439
230 444
230 480
230 487
230 490
230 498
230 507
230 518
230 529
230 534
230 549
230 551
230 577
230 595
230 601
230 602
230 616
230 633
230 654
230 681
230 690
230 694
230 696
230 704
230 712
230 726
230 729
230 751
230 787
230 797
230 800
231 401
231 432
231 454
231 478
231 482
231 491
231 494
231 495
231 499
231 504
231 507
231 511
231 538
231 542
231 549
231 557
231 568
231 580
231 606
231 609
231 618
231 619
231 623
231 633
231 637
231 638
231 649
231 654
231 672
231 690
231 710
231 715
231 725
231 731
231 745
231 752
231 768
231 786
231 793
232 401
232 429
232 448
232 453
232 455
232 469
232 472
232 474
232 475
232 478
232 483
232 484
232 486
232 490
232 503
232 512
232 525
232 527
232 536
232 545
232 548
232 562
232 570
232 608
232 677
232 678
232 681
232 684
232 692
232 703
232 731
232 760
232 780
232 782
232 784
232 786
232 787
233 433
233 434
233 464
233 483
233 485
233 494
233 497
233 508
233 529
233 534
233 541
233 565
233 566
233 578
233 582
233 588
233 608
233 609
233 624
233 626
233 630
233 658
233 659
233 667
233 669
233 682
233 695
233 715
233 716
233 722
233 726
233 729
233 757
233 774
233 778
233 784
233 791
234 412
234 413
234 419
234 423
234 429
234 431
234 465
234 475
234 485
234 488
234 489
234 491
234 492
234 495
234 504
234 517
234 528
234 531
234 551
234 563
234 566
234 573
234 575
234 613
234 643
234 647
234 679
234 712
234 730
234 732
234 733
234 739
234 744
234 755
234 768
234 791
235 409
235 419
235 421
235 428
235 430
235 453
235 472
235 490
235 506
235 537
235 552
235 553
235 555
235 557
235 567
235 611
235 627
235 630
235 642
235 659
235 664
235 681
235 683
235 700
235 703
235 708
235 715
235 724
235 739
235 742
235 746
235 747
235 765
235 776
235 788
236 423
236 427
236 430
236 433
236 435
236 441
236 443
236 445
236 446
236 447
236 466
236 484
236 499
236 518
236 526
236 530
236 549
236 552
236 569
236 593
236 595
236 601
236 602
236 605
236 607
236 617
236 625
236 632
236 637
236 640
236 707
236 715
236 718
236 729
236 738
236 754
236 756
236 764
236 766
236 769
236 770
236 773
236 781
236 782
236 784
236 793
237 404
237 405
237 412
237 426
237 433
237 435
237 450
237 457
237 462
237 467
237 471
237 477
237 485
237 487
237 489
237 490
237 494
237 503
237 518
237 523
237 533
237 534
237 546
237 549
237 555
237 560
237 574
237 600
237 617
237 622
237 623
237 624
237 633
237 652
237 653
237 665
237 674
237 676
237 678
237 695
237 698
237 718
237 724
237 730
237 731
237 732
237 750
237 753
237 757
237 776
237 781
237 783
237 794
238 405
238 406
238 407
238 435
238 447
238 454
238 458
238 467
238 469
238 470
238 478
238 490
238 527
238 543
238 559
238 562
238 574
238 575
238 594
238 605
238 612
238 616
238 629
238 644
238 651
238 654
238 661
238 670
238 674
238 685
238 701
238 738
238 742
238 750
238 762
238 770
238 783
238 796
239 402
239 406
239 437
239 442
239 448
239 455
239 477
239 480
239 482
239 486
239 521
239 522
239 533
239 557
239 559
239 562
239 613
239 623
239 629
239 644
239 646
239 649
239 688
239 697
239 703
239 706
239 724
239 728
239 735
239 737
239 753
239 774
239 781
240 404
240 408
240 418
240 443
240 444
240 447
240 448
240 458
240 464
240 465
240 487
240 514
240 516
240 560
240 561
240 566
240 589
240 591
240 601
240 633
240 655
240 657
240 659
240 662
240 665
240 668
240 682
240 695
240 710
240 725
240 726
240 749
240 760
240 768
240 769
240 772
240 776
240 796
241 410
241 414
241 417
241 420
241 423
241 425
241 450
241 451
241 455
241 470
241 476
241 478
241 497
241 503
241 531
241 539
241 559
241 563
241 569
241 585
241 592
241 607
241 621
241 632
241 641
241 648
241 675
241 716
241 719
241 726
241 729
241 730
241 738
241 749
241 763
241 769
241 796
242 413
242 423
242 431
242 433
242 436
242 444
242 459
242 461
242 462
242 466
242 467
242 496
242 499
242 512
242 513
242 523
242 530
242 531
242 545
242 551
242 579
242 582
242 600
242 602
242 618
242 633
242 638
242 643
242 658
242 676
242 689
242 701
242 714
242 729
242 732
242 735
242 752
242 763
242 784
242 785
242 792
242 796
243 402
243 404
243 410
243 421
243 426
243 440
243 448
243 454
243 456
243 458
243 459
243 471
243 474
243 493
243 494
243 505
243 521
243 528
243 530
243 535
243 539
243 545
243 549
243 578
243 593
243 603
243 614
243 615
243 632
243 646
243 648
243 678
243 716
243 757
243 760
243 762
243 763
243 787
243 795
243 796
243 798
244 411
244 413
244 418
244 424
244 431
244 433
244 442
244 451
244 456
244 469
244 490
244 497
244 501
244 502
244 523
244 527
244 531
244 536
244 539
244 553
244 554
244 560
244 564
244 569
244 591
244 596
244 610
244 625
244 641
244 645
244 661
244 663
244 667
244 669
244 688
244 698
244 703
244 713
244 716
244 721
244 735
244 755
244 759
244 761
244 774
244 793
244 795
244 797
245 405
245 414
245 422
245 427
245 438
245 450
245 489
245 494
245 501
245 507
245 515
245 518
245 519
245 522
245 532
245 539
245 541
245 546
245 559
245 561
245 576
245 579
245 597
245 616
245 621
245 622
245 624
245 627
245 628
245 635
245 642
245 643
245 676
245 690
245 692
245 693
245 704
245 706
245 708
245 715
245 732
245 781
245 789
245 790
245 792
246 409
246 411
246 423
246 427
246 433
246 437
246 457
246 474
246 485
246 494
246 503
246 505
246 516
246 521
246 547
246 568
246 577
246 593
246 598
246 599
246 602
246 609
246 629
246 639
246 655
246 657
246 666
246 674
246 684
246 686
246 698
246 707
246 714
246 723
246 727
246 750
246 757
246 758
246 781
246 793
246 795
247 401
247 407
247 416
247 434
247 447
247 459
247 471
247 476
247 478
247 484
247 487
247 490
247 492
247 494
247 554
247 565
247 574
247 622
247 641
247 643
247 653
247 654
247 659
247 660
247 679
247 711
247 716
247 735
247 756
247 767
247 772
247 773
247 781
247 785
247 789
248 431
248 446
248 451
248 463
248 468
248 516
248 531
248 566
248 568
248 573
248 581
248 583
248 587
248 623
248 640
248 647
248 653
248 656
248 663
248 669
248 679
248 680
248 681
248 682
248 688
248 730
248 756
248 770
248 782
248 786
249 405
249 437
249 441
249 457
249 458
249 467
249 483
249 496
249 502
249 512
249 525
249 547
249 550
249 552
249 554
249 568
249 611
249 625
249 627
249 640
249 643
249 660
249 662
249 674
249 687
249 693
249 704
249 711
249 723
249 752
249 755
249 756
249 790
249 794
249 796
250 413
250 433
250 436
250 450
250 453
250 458
250 488
250 497
250 506
250 514
250 520
250 522
250 523
250 565
250 566
250 567
250 569
250 572
250 578
250 593
250 600
250 603
250 617
250 640
250 642
250 651
250 673
250 676
250 682
250 708
250 725
250 730
250 731
250 734
250 737
250 743
250 747
250 765
250 767
250 771
250 787
251 403
251 409
251 410
251 422
251 431
251 446
251 455
251 457
251 458
251 465
251 470
251 509
251 515
251 516
251 544
251 546
251 559
251 560
251 588
251 593
251 598
251 601
251 609
251 611
251 615
251 623
251 639
251 681
251 698
251 701
251 708
251 710
251 714
251 715
251 734
251 745
251 754
251 761
251 771
251 777
251 785
251 794
252 404
252 427
252 445
252 467
252 481
252 491
252 499
252 506
252 515
252 520
252 526
252 533
252 544
252 556
252 569
252 575
252 583
252 605
252 606
252 618
252 620
252 635
252 645
252 660
252 685
252 686
252 690
252 700
252 708
252 717
252 719
252 720
252 721
252 723
252 730
252 733
252 736
252 737
252 743
252 754
252 772
252 781
252 785
252 793
252 797
253 407
253 409
253 411
253 421
253 437
253 445
253 455
253 471
253 482
253 495
253 511
253 520
253 524
253 531
253 535
253 538
253 549
253 559
253 578
253 597
253 611
253 616
253 634
253 657
253 678
253 682
253 712
253 713
253 725
253 730
253 741
253 753
253 759
253 765
253 781
253 792
254 414
254 415
254 450
254 459
254 478
254 480
254 509
254 529
254 532
254 559
254 567
254 585
254 600
254 612
254 629
254 637
254 664
254 672
254 687
254 693
254 700
254 708
254 710
254 717
254 721
254 727
254 738
254 748
254 758
254 759
254 767
254 773
254 777
254 794
255 403
255 408
255 421
255 430
255 432
255 442
255 445
255 449
255 461
255 462
255 464
255 466
255 469
255 476
255 490
255 493
255 499
255 501
255 512
255 513
255 519
255 520
255 526
255 530
255 550
255 570
255 602
255 614
255 619
255 622
255 642
255 652
255 654
255 670
255 671
255 681
255 707
255 733
255 735
255 760
255 764
255 773
255 784
255 788
255 796
255 798
256 414
256 426
256 429
256 432
256 436
256 438
256 462
256 466
256 473
256 489
256 496
256 497
256 498
256 512
256 517
256 529
256 531
256 541
256 543
256 549
256 553
256 555
256 562
256 575
256 578
256 582
256 589
256 599
256 604
256 621
256 652
256 655
256 688
256 735
256 751
256 765
256 774
256 782
256 785
256 798
256 799
256 800
257 437
257 443
257 455
257 461
257 474
257 482
257 486
257 487
257 493
257 501
257 528
257 531
257 544
257 549
257 550
257 552
257 554
257 557
257 570
257 583
257 598
257 603
257 611
257 626
257 648
257 652
257 660
257 669
257 684
257 695
257 710
257 718
257 723
257 724
257 725
257 727
257 736
257 739
257 749
257 777
257 787
257 789
257 792
257 798
258 405
258 412
258 415
258 428
258 434
258 448
258 458
258 495
258 511
258 524
258 535
258 545
258 546
258 563
258 568
258 598
258 605
258 613
258 618
258 623
258 631
258 635
258 669
258 671
258 679
258 696
258 711
258 714
258 746
258 774
258 778
258 783
258 798
259 421
259 425
259 426
259 428
259 440
259 442
259 445
259 448
259 454
259 461
259 464
259 465
259 481
259 499
259 500
259 505
259 515
259 519
259 523
259 535
259 547
259 554
259 561
259 569
259 571
259 576
259 604
259 610
259 611
259 620
259 621
259 630
259 631
259 655
259 662
259 675
259 684
259 701
259 708
259 714
259 726
259 741
259 764
259 792
260 401
260 405
260 421
260 426
260 442
260 445
260 447
260 451
260 463
260 466
260 468
260 469
260 471
260 495
260 504
260 505
260 514
260 523
260 532
260 537
260 554
260 556
260 566
260 567
260 576
260 599
260 605
260 610
260 640
260 647
260 664
260 671
260 677
260 684
260 685
260 689
260 693
260 696
260 703
260 715
260 731
260 738
260 755
260 756
260 761
260 763
260 765
260 777
261 401
261 411
261 421
261 429
261 442
261 455
261 464
261 472
261 480
261 488
261 495
261 533
261 538
261 549
261 559
261 574
261 597
261 614
261 615
261 619
261 632
261 647
261 656
261 659
261 661
261 669
261 679
261 686
261 693
261 713
261 725
261 728
261 731
261 738
261 744
261 756
261 786
262 402
262 404
262 405
262 418
262 437
262 447
262 449
262 458
262 477
262 479
262 481
262 493
262 494
262 508
262 512
262 528
262 534
262 549
262 553
262 559
262 573
262 576
262 585
262 597
262 602
262 609
262 638
262 651
262 660
262 661
262 674
262 675
262 677
262 682
262 697
262 738
262 747
262 759
262 766
262 770
262 780
262 793
263 401
263 402
263 424
263 446
263 447
263 450
263 471
263 483
263 492
263 499
263 513
263 532
263 545
263 559
263 563
263 569
263 580
263 581
263 596
263 597
263 599
263 601
263 624
263 629
263 644
263 651
263 664
263 669
263 679
263 681
263 695
263 698
263 710
263 711
263 716
263 724
263 749
263 757
263 777
263 788
263 794
263 797
264 403
264 405
264 411
264 426
264 430
264 468
264 469
264 479
264 490
264 517
264 519
264 526
264 537
264 542
264 556
264 561
264 570
264 576
264 579
264 653
264 655
264 660
264 666
264 670
264 685
264 689
264 693
264 708
264 709
264 724
264 732
264 736
264 738
264 740
264 760
264 771
264 778
264 783
265 408
265 423
265 456
265 463
265 475
265 481
265 484
265 499
265 501
265 505
265 509
265 510
265 517
265 527
265 538
265 546
265 547
265 549
265 578
265 581
265 585
265 592
265 607
265 615
265 630
265 638
265 651
265 655
265 659
265 665
265 667
265 680
265 683
265 693
265 695
265 703
265 704
265 710
265 717
265 724
265 733
265 736
265 743
265 749
265 765
265 772
265 775
265 781
265 788
265 791
266 405
266 445
266 454
266 482
266 492
266 499
266 506
266 549
266 553
266 555
266 556
266 566
266 583
266 591
266 594
266 600
266 608
266 618
266 620
266 623
266 628
266 631
266 634
266 642
266 643
266 649
266 652
266 654
266 661
266 669
266 674
266 691
266 727
266 731
266 740
266 751
266 763
266 790
266 791
267 420
267 422
267 430
267 432
267 434
267 435
267 436
267 449
267 452
267 463
267 478
267 488
267 495
267 499
267 504
267 517
267 526
267 537
267 543
267 550
267 560
267 569
267 573
267 575
267 585
267 586
267 588
267 599
267 601
267 611
267 615
267 616
267 624
267 642
267 653
267 672
267 680
267 686
267 690
267 692
267 695
267 703
267 705
267 722
267 729
267 744
267 756
267 759
267 760
267 772
267 785
267 787
267 789
267 792
267 793
267 798
268 408
268 410
268 419
268 430
268 439
268 444
268 445
268 459
268 467
268 469
268 476
268 484
268 490
268 506
268 517
268 543
268 553
268 557
268 573
268 582
268 588
268 611
268 622
268 625
268 641
268 652
268 661
268 664
268 683
268 692
268 701
268 717
268 721
268 736
268 737
268 739
268 743
268 791
268 799
269 404
269 405
269 408
269 409
269 436
269 448
269 450
269 456
269 457
269 467
269 477
269 482
269 487
269 494
269 508
269 510
269 514
269 515
269 517
269 525
269 536
269 546
269 553
269 567
269 585
269 591
269 593
269 595
269 601
269 604
269 605
269 610
269 628
269 642
269 644
269 648
269 659
269 662
269 672
269 674
269 680
269 765
269 767
269 781
269 789
269 793
269 799
270 402
270 404
270 422
270 441
270 452
270 460
270 463
270 465
270 466
270 468
270 478
270 481
270 485
270 492
270 507
270 509
270 516
270 521
270 522
270 524
270 535
270 537
270 540
270 559
270 560
270 573
270 576
270 588
270 592
270 602
270 604
270 606
270 611
270 617
270 619
270 621
270 623
270 625
270 637
270 660
270 664
270 668
270 686
270 687
270 709
270 718
270 720
270 722
270 726
270 731
270 732
270 736
270 739
270 750
270 755
270 777
270 780
271 431
271 443
271 455
271 463
271 471
271 492
271 500
271 505
271 512
271 541
271 544
271 557
271 558
271 569
271 577
271 579
271 580
271 583
271 598
271 610
271 625
271 638
271 643
271 651
271 654
271 666
271 680
271 686
271 718
271 731
271 740
271 746
271 765
271 766
271 781
271 782
271 785
271 786
272 416
272 418
272 420
272 435
272 436
272 439
272 441
272 461
272 465
272 479
272 490
272 502
272 510
272 549
272 552
272 577
272 578
272 598
272 599
272 603
272 609
272 614
272 624
272 638
272 652
272 664
272 665
272 669
272 674
272 676
272 681
272 685
272 695
272 703
272 708
272 716
272 722
272 725
272 742
272 769
272 780
272 782
272 796
273 403
273 409
273 422
273 439
273 452
273 456
273 461
273 465
273 472
273 473
273 479
273 486
273 492
273 496
273 498
273 503
273 505
273 516
273 528
273 531
273 546
273 547
273 551
273 554
273 573
273 584
273 590
273 597
273 611
273 619
273 620
273 626
273 633
273 634
273 667
273 673
273 674
273 697
273 702
273 714
273 715
273 716
273 717
273 739
273 740
273 751
273 758
273 762
273 764
273 768
273 773
273 777
273 789
274 405
274 415
274 425
274 435
274 446
274 454
274 464
274 480
274 485
274 493
274 500
274 521
274 532
274 546
274 564
274 582
274 590
274 591
274 595
274 600
274 612
274 615
274 655
274 662
274 665
274 666
274 674
274 676
274 681
274 699
274 700
274 712
274 728
274 730
274 739
274 742
274 761
274 772
274 776
274 780
274 786
274 788
275 410
275 420
275 424
275 440
275 466
275 469
275 482
275 486
275 494
275 505
275 523
275 527
275 528
275 531
275 535
275 542
275 545
275 550
275 559
275 560
275 571
275 612
275 640
275 650
275 662
275 668
275 679
275 712
275 714
275 720
275 736
275 748
275 750
275 769
275 774
275 775
276 409
276 424
276 426
276 438
276 446
276 466
276 470
276 478
276 489
276 511
276 526
276 527
276 529
276 554
276 556
276 559
276 563
276 582
276 602
276 625
276 633
276 657
276 668
276 682
276 687
276 688
276 693
276 696
276 702
276 730
276 743
276 764
276 765
276 774
276 787
276 793
276 794
277 410
277 425
277 445
277 448
277 454
277 467
277 472
277 479
277 480
277 487
277 492
277 508
277 512
277 513
277 517
277 530
277 538
277 551
277 557
277 567
277 568
277 572
277 587
277 593
277 609
277 623
277 628
277 651
277 654
277 668
277 674
277 679
277 699
277 701
277 711
277 744
277 749
277 756
277 758
277 770
277 783
277 787
277 791
278 413
278 415
278 417
278 452
278 456
278 461
278 468
278 474
278 500
278 503
278 526
278 532
278 540
278 548
278 555
278 556
278 576
278 579
278 583
278 584
278 586
278 596
278 619
278 625
278 628
278 633
278 640
278 641
278 642
278 663
278 667
278 672
278 684
278 707
278 708
278 709
278 732
278 734
278 745
278 772
278 776
278 799
279 419
279 421
279 434
279 437
279 443
279 460
279 462
279 497
279 501
279 515
279 538
279 541
279 543
279 546
279 563
279 579
279 580
279 586
279 594
279 595
279 623
279 632
279 638
279 639
279 658
279 677
279 679
279 692
279 699
279 711
279 721
279 724
279 729
279 741
279 750
279 752
279 775
279 778
279 786
280 413
280 448
280 456
280 458
280 460
280 461
280 462
280 464
280 483
280 485
280 490
280 520
280 521
280 525
280 528
280 540
280 552
280 559
280 563
280 573
280 601
280 609
280 616
280 623
280 652
280 655
280 668
280 670
280 679
280 687
280 695
280 703
280 707
280 718
280 735
280 744
280 779
280 780
280 785
280 795
281 413
281 414
281 419
281 425
281 433
281 434
281 442
281 462
281 477
281 478
281 491
281 507
281 509
281 511
281 512
281 513
281 517
281 523
281 527
281 533
281 543
281 546
281 568
281 569
281 570
281 589
281 600
281 603
281 609
281 614
281 616
281 627
281 664
281 675
281 684
281 707
281 712
281 719
281 728
281 730
281 734
281 738
281 742
281 765
281 773
281 790
281 797
281 798
282 407
282 409
282 419
282 439
282 446
282 448
282 449
282 458
282 460
282 461
282 467
282 481
282 483
282 489
282 490
282 495
282 502
282 508
282 510
282 511
282 596
282 599
282 625
282 630
282 644
282 654
282 674
282 678
282 720
282 728
282 729
282 752
282 760
282 768
282 782
282 789
282 799
283 413
283 415
283 425
283 435
283 437
283 454
283 456
283 457
283 459
283 467
283 482
283 484
283 485
283 496
283 537
283 543
283 544
283 545
283 548
283 556
283 560
283 563
283 565
283 585
283 589
283 590
283 592
283 616
283 626
283 628
283 633
283 648
283 683
283 686
283 689
283 721
283 741
283 745
283 749
283 750
283 754
283 769
283 770
283 778
283 797
284 404
284 405
284 409
284 411
284 413
284 455
284 456
284 459
284 463
284 466
284 481
284 491
284 499
284 502
284 503
284 516
284 528
284 534
284 537
284 542
284 553
284 564
284 591
284 621
284 622
284 637
284 644
284 666
284 673
284 676
284 685
284 687
284 696
284 702
284 703
284 708
284 714
284 718
284 720
284 728
284 730
284 750
284 766
284 771
284 772
284 776
284 787
285 403
285 424
285 434
285 435
285 451
285 461
285 462
285 465
285 472
285 485
285 567
285 574
285 590
285 600
285 610
285 619
285 629
285 631
285 642
285 650
285 660
285 676
285 687
285 703
285 712
285 715
285 721
285 722
285 727
285 728
285 731
285 745
285 756
285 765
285 787
286 409
286 415
286 417
286 420
286 432
286 448
286 449
286 475
286 476
286 491
286 492
286 505
286 517
286 534
286 541
286 544
286 568
286 584
286 586
286 609
286 617
286 620
286 636
286 642
286 644
286 646
286 648
286 651
286 670
286 675
286 677
286 694
286 697
286 706
286 707
286 712
286 729
286 739
286 741
286 747
286 749
286 764
286 767
286 775
286 785
287 409
287 411
287 416
287 418
287 425
287 450
287 465
287 467
287 474
287 484
287 491
287 493
287 505
287 519
287 520
287 539
287 543
287 554
287 560
287 565
287 568
287 601
287 613
287 616
287 619
287 635
287 644
287 653
287 679
287 686
287 743
287 745
287 752
287 760
288 401
288 415
288 425
288 445
288 453
288 459
288 469
288 470
288 476
288 480
288 485
288 496
288 503
288 521
288 524
288 568
288 574
288 583
288 606
288 614
288 624
288 626
288 628
288 634
288 645
288 667
288 669
288 677
288 683
288 699
288 712
288 725
288 727
288 730
288 741
288 754
288 759
288 761
288 764
288 779
288 783
288 787
289 401
289 403
289 410
289 416
289 422
289 437
289 461
289 464
289 468
289 470
289 486
289 490
289 491
289 521
289 538
289 544
289 546
289 553
289 559
289 563
289 568
289 609
289 612
289 620
289 640
289 646
289 651
289 653
289 655
289 667
289 686
289 687
289 688
289 692
289 699
289 716
289 718
289 720
289 726
289 748
289 759
289 764
289 778
289 784
289 796
290 409
290 427
290 428
290 433
290 443
290 444
290 451
290 456
290 467
290 489
290 526
290 536
290 540
290 553
290 574
290 584
290 597
290 603
290 622
290 628
290 630
290 635
290 666
290 667
290 679
290 683
290 686
290 688
290 702
290 706
290 710
290 720
290 721
290 747
290 769
290 778
290 780
290 781
290 797
290 799
290 800
291 404
291 427
291 444
291 454
291 466
291 480
291 488
291 498
291 514
291 521
291 556
291 560
291 562
291 563
291 564
291 567
291 571
291 573
291 588
291 589
291 612
291 658
291 672
291 693
291 698
291 700
291 704
291 708
291 712
291 716
291 725
291 728
291 736
291 739
291 748
291 761
291 762
292 412
292 416
292 431
292 435
292 448
292 454
292 459
292 461
292 473
292 482
292 499
292 501
292 507
292 509
292 512
292 517
292 524
292 536
292 537
292 555
292 556
292 562
292 566
292 570
292 579
292 601
292 604
292 620
292 623
292 654
292 658
292 659
292 663
292 665
292 666
292 674
292 681
292 687
292 695
292 696
292 725
292 727
292 737
292 739
292 754
292 760
292 765
292 786
293 425
293 449
293 460
293 464
293 466
293 473
293 478
293 496
293 498
293 500
293 504
293 510
293 515
293 519
293 524
293 527
293 547
293 551
293 557
293 569
293 576
293 585
293 587
293 593
293 602
293 604
293 613
293 622
293 631
293 640
293 649
293 656
293 668
293 672
293 691
293 692
293 719
293 743
293 747
293 764
293 775
293 787
293 789
294 401
294 411
294 416
294 417
294 429
294 445
294 448
294 462
294 488
294 489
294 491
294 494
294 508
294 515
294 527
294 561
294 572
294 577
294 586
294 592
294 593
294 596
294 600
294 621
294 633
294 635
294 639
294 644
294 647
294 667
294 669
294 691
294 701
294 704
294 711
294 719
294 731
294 732
294 736
294 739
294 742
294 749
294 754
294 766
294 779
294 780
294 783
294 794
295 418
295 422
295 423
295 438
295 443
295 445
295 450
295 459
295 470
295 482
295 506
295 546
295 548
295 552
295 568
295 571
295 587
295 605
295 610
295 620
295 621
295 654
295 669
295 670
295 679
295 698
295 703
295 713
295 730
295 733
295 734
295 748
295 776
295 790
295 791
295 794
296 416
296 429
296 432
296 438
296 465
296 475
296 477
296 484
296 492
296 493
296 496
296 504
296 510
296 521
296 524
296 531
296 546
296 555
296 560
296 567
296 582
296 589
296 601
296 608
296 625
296 628
296 636
296 643
296 645
296 647
296 689
296 699
296 738
296 761
296 781
296 795
297 402
297 415
297 417
297 428
297 431
297 434
297 439
297 449
297 457
297 463
297 465
297 466
297 477
297 479
297 501
297 503
297 515
297 519
297 520
297 532
297 541
297 553
297 562
297 566
297 568
297 569
297 577
297 578
297 583
297 590
297 591
297 605
297 627
297 643
297 651
297 673
297 682
297 686
297 708
297 720
297 721
297 735
297 748
297 749
297 752
297 755
297 756
297 759
297 777
297 789
298 413
298 415
298 416
298 420
298 427
298 431
298 439
298 441
298 454
298 469
298 473
298 490
298 493
298 533
298 535
298 536
298 576
298 590
298 596
298 597
298 599
298 609
298 614
298 620
298 623
298 635
298 636
298 656
298 661
298 663
298 696
298 702
298 703
298 706
298 713
298 730
298 737
298 742
298 762
298 775
298 797
298 798
299 402
299 408
299 434
299 444
299 453
299 457
299 466
299 469
299 476
299 500
299 501
299 506
299 513
299 522
299 525
299 535
299 557
299 566
299 567
299 572
299 582
299 590
299 595
299 598
299 600
299 605
299 637
299 645
299 650
299 679
299 691
299 703
299 717
299 718
299 720
299 728
299 736
299 738
299 745
299 757
299 764
299 774
299 790
299 799
300 431
300 441
300 442
300 463
300 475
300 495
300 520
300 531
300 540
300 551
300 552
300 554
300 570
300 574
300 590
300 594
300 598
300 613
300 621
300 633
300 635
300 636
300 647
300 666
300 677
300 686
300 712
300 737
300 766
300 790
300 797
301 424
301 441
301 450
301 462
301 498
301 512
301 519
301 539
301 552
301 557
301 567
301 581
301 588
301 593
301 595
301 613
301 637
301 659
301 660
301 663
301 666
301 691
301 701
301 719
301 722
301 725
301 734
301 745
301 753
301 767
301 768
301 770
301 782
301 793
301 794
302 403
302 419
302 428
302 436
302 440
302 445
302 450
302 467
302 475
302 477
302 479
302 509
302 515
302 516
302 518
302 540
302 544
302 550
302 560
302 570
302 574
302 591
302 611
302 613
302 619
302 622
302 624
302 640
302 656
302 686
302 692
302 704
302 744
302 751
302 765
302 768
302 798
302 800
303 408
303 413
303 424
303 430
303 441
303 484
303 496
303 528
303 539
303 548
303 560
303 568
303 583
303 607
303 611
303 616
303 619
303 620
303 634
303 638
303 649
303 652
303 653
303 659
303 660
303 669
303 700
303 703
303 717
303 722
303 729
303 732
303 734
303 744
303 751
303 762
303 787
303 795
304 402
304 405
304 408
304 413
304 421
304 430
304 433
304 434
304 438
304 448
304 449
304 453
304 463
304 481
304 496
304 501
304 510
304 522
304 536
304 540
304 542
304 545
304 549
304 553
304 558
304 580
304 587
304 602
304 607
304 614
304 615
304 620
304 632
304 644
304 646
304 665
304 669
304 701
304 722
304 724
304 737
304 742
304 744
304 745
304 746
304 748
304 754
304 763
304 771
304 774
304 786
304 787
304 791
304 798
305 401
305 406
305 422
305 425
305 445
305 457
305 462
305 469
305 476
305 506
305 508
305 521
305 528
305 531
305 537
305 552
305 555
305 586
305 599
305 607
305 608
305 612
305 644
305 653
305 660
305 661
305 664
305 675
305 678
305 686
305 688
305 689
305 703
305 711
305 720
305 742
305 777
305 791
306 404
306 405
306 406
306 416
306 423
306 430
306 445
306 447
306 452
306 470
306 503
306 519
306 520
306 528
306 529
306 538
306 559
306 579
306 596
306 617
306 618
306 623
306 625
306 632
306 637
306 641
306 649
306 658
306 667
306 677
306 680
306 691
306 692
306 710
306 712
306 720
306 734
306 742
306 746
306 756
306 763
306 767
306 777
306 780
306 783
307 403
307 407
307 412
307 425
307 450
307 462
307 466
307 480
307 485
307 507
307 519
307 521
307 526
307 530
307 539
307 547
307 550
307 565
307 573
307 581
307 600
307 605
307 617
307 618
307 625
307 630
307 634
307 646
307 648
307 659
307 666
307 671
307 681
307 684
307 694
307 718
307 722
307 726
307 730
307 733
307 738
307 757
307 759
307 780
307 783
307 798
308 416
308 417
308 428
308 435
308 452
308 457
308 459
308 473
308 477
308 487
308 494
308 499
308 505
308 533
308 535
308 554
308 576
308 587
308 594
308 595
308 598
308 601
308 650
308 658
308 669
308 682
308 691
308 713
308 757
308 791
309 411
309 417
309 418
309 432
309 444
309 453
309 459
309 467
309 471
309 476
309 477
309 489
309 504
309 511
309 512
309 516
309 525
309 535
309 554
309 565
309 566
309 570
309 585
309 618
309 619
309 627
309 642
309 647
309 655
309 662
309 666
309 716
309 723
309 759
309 762
309 766
309 776
309 782
309 783
309 798
310 407
310 432
310 452
310 454
310 468
310 485
310 510
310 512
310 521
310 537
310 543
310 553
310 556
310 570
310 589
310 593
310 601
310 625
310 636
310 672
310 690
310 705
310 718
310 727
310 728
310 742
310 761
310 770
310 786
311 402
311 413
311 418
311 420
311 423
311 426
311 427
311 447
311 449
311 454
311 457
311 461
311 486
311 491
311 504
311 523
311 525
311 530
311 553
311 554
311 559
311 564
311 572
311 578
311 580
311 581
311 582
311 601
311 606
311 610
311 612
311 613
311 620
311 636
311 638
311 656
311 661
311 668
311 682
311 690
311 693
311 694
311 698
311 699
311 704
311 705
311 730
311 746
311 755
311 756
311 770
311 773
311 789
311 795
311 797
311 798
312 406
312 412
312 415
312 425
312 426
312 451
312 462
312 470
312 482
312 486
312 495
312 497
312 504
312 512
312 522
312 529
312 539
312 544
312 554
312 566
312 592
312 611
312 616
312 625
312 639
312 647
312 652
312 654
312 657
312 662
312 669
312 684
312 696
312 709
312 728
312 733
312 739
312 742
312 744
312 769
312 773
313 426
313 430
313 432
313 441
313 449
313 460
313 478
313 501
313 529
313 530
313 544
313 548
313 557
313 561
313 570
313 573
313 621
313 631
313 651
313 667
313 674
313 688
313 715
313 723
313 746
313 753
313 784
313 793
313 798
314 403
314 415
314 417
314 435
314 463
314 487
314 509
314 525
314 540
314 549
314 557
314 579
314 590
314 600
314 602
314 606
314 609
314 617
314 618
314 620
314 621
314 633
314 637
314 642
314 655
314 660
314 668
314 694
314 706
314 711
314 716
314 739
314 746
314 759
314 771
314 778
314 781
314 789
314 797
315 418
315 435
315 437
315 440
315 447
315 464
315 465
315 479
315 484
315 526
315 540
315 547
315 558
315 568
315 570
315 578
315 579
315 580
315 586
315 598
315 614
315 617
315 644
315 651
315 657
315 658
315 667
315 668
315 680
315 681
315 686
315 689
315 702
315 738
315 739
315 743
315 761
315 777
315 781
315 784
315 799
316 402
316 405
316 407
316 409
316 421
316 447
316 460
316 466
316 488
316 496
316 504
316 507
316 508
316 522
316 547
316 549
316 555
316 558
316 559
316 583
316 587
316 590
316 609
316 635
316 658
316 665
316 678
316 688
316 690
316 704
316 722
316 727
316 749
316 774
316 799
317 414
317 420
317 436
317 448
317 454
317 458
317 504
317 511
317 514
317 527
317 576
317 580
317 587
317 589
317 601
317 604
317 612
317 638
317 642
317 643
317 647
317 649
317 650
317 678
317 696
317 698
317 699
317 703
317 707
317 731
317 732
317 737
317 740
317 766
317 769
317 775
317 780
317 786
317 787
317 790
317 793
318 404
318 407
318 412
318 415
318 416
318 417
318 421
318 427
318 430
318 435
318 439
318 446
318 482
318 488
318 528
318 538
318 562
318 566
318 580
318 613
318 621
318 656
318 680
318 683
318 705
318 710
318 716
318 732
318 735
318 744
318 748
318 760
318 775
318 776
318 789
319 413
319 428
319 441
319 444
319 451
319 462
319 467
319 472
319 479
319 480
319 541
319 550
319 560
319 565
319 570
319 574
319 576
319 578
319 586
319 589
319 595
319 605
319 608
319 614
319 617
319 622
319 639
319 641
319 672
319 680
319 681
319 690
319 693
319 705
319 725
319 737
319 741
319 743
319 755
319 763
319 775
319 781
319 783
319 790
319 799
320 412
320 413
320 414
320 420
320 421
320 427
320 432
320 468
320 472
320 484
320 528
320 543
320 545
320 551
320 559
320 571
320 581
320 588
320 601
320 613
320 635
320 638
320 646
320 649
320 656
320 664
320 676
320 683
320 684
320 697
320 699
320 706
320 717
320 727
320 734
320 743
320 754
320 756
320 771
320 780
320 788
320 789
321 412
321 507
321 534
321 543
321 555
321 558
321 563
321 566
321 585
321 601
321 617
321 667
321 684
321 685
321 698
321 720
321 738
321 770
321 787
322 406
322 409
322 425
322 428
322 443
322 456
322 460
322 478
322 480
322 486
322 489
322 494
322 497
322 498
322 519
322 524
322 532
322 534
322 549
322 551
322 558
322 560
322 563
322 570
322 590
322 601
322 618
322 621
322 635
322 639
322 647
322 656
322 663
322 673
322 683
322 705
322 712
322 713
322 717
322 728
322 747
322 750
322 765
322 790
323 401
323 403
323 406
323 443
323 450
323 452
323 459
323 471
323 475
323 495
323 499
323 510
323 518
323 521
323 536
323 552
323 556
323 569
323 575
323 580
323 586
323 589
323 590
323 597
323 600
323 620
323 635
323 637
323 644
323 646
323 648
323 651
323 658
323 665
323 670
323 704
323 721
323 735
323 747
323 756
323 761
323 771
323 772
323 774
323 775
323 778
323 781
323 783
323 795
324 403
324 408
324 413
324 426
324 433
324 434
324 440
324 460
324 480
324 499
324 506
324 518
324 527
324 547
324 553
324 559
324 563
324 586
324 600
324 606
324 612
324 614
324 622
324 627
324 633
324 649
324 655
324 658
324 660
324 663
324 692
324 702
324 718
324 726
324 744
324 745
324 746
324 750
324 753
324 758
324 779
324 781
325 405
325 406
325 411
325 414
325 415
325 449
325 450
325 472
325 488
325 494
325 509
325 535
325 544
325 565
325 657
325 661
325 675
325 693
325 702
325 708
325 716
325 721
325 723
325 731
325 738
325 747
325 755
325 758
325 760
325 774
325 784
325 797
326 401
326 406
326 420
326 424
326 430
326 432
326 440
326 447
326 458
326 460
326 462
326 468
326 477
326 486
326 496
326 502
326 534
326 535
326 541
326 542
326 552
326 562
326 570
326 580
326 588
326 592
326 596
326 616
326 618
326 620
326 627
326 629
326 637
326 641
326 651
326 667
326 669
326 708
326 711
326 726
326 734
326 749
326 753
326 766
326 767
326 776
326 778
326 782
326 797
327 411
327 418
327 428
327 431
327 438
327 453
327 459
327 470
327 483
327 488
327 507
327 513
327 517
327 537
327 557
327 561
327 568
327 582
327 588
327 600
327 612
327 618
327 654
327 665
327 667
327 672
327 690
327 706
327 727
327 739
327 745
327 754
327 761
327 763
327 764
327 775
327 777
328 406
328 409
328 413
328 414
328 450
328 468
328 475
328 483
328 490
328 503
328 511
328 513
328 535
328 568
328 574
328 579
328 582
328 585
328 593
328 596
328 602
328 631
328 633
328 642
328 667
328 686
328 717
328 730
328 732
328 739
328 753
328 757
328 765
328 798
329 412
329 450
329 468
329 469
329 476
329 491
329 493
329 517
329 523
329 547
329 548
329 550
329 563
329 573
329 577
329 606
329 612
329 614
329 630
329 653
329 654
329 684
329 696
329 706
329 718
329 730
329 737
329 749
329 754
329 762
329 769
329 782
329 784
329 789
329 795
330 411
330 413
330 418
330 423
330 433
330 444
330 450
330 458
330 495
330 505
330 510
330 521
330 529
330 531
330 540
330 557
330 564
330 571
330 580
330 585
330 591
330 599
330 606
330 607
330 622
330 636
330 650
330 662
330 667
330 671
330 675
330 677
330 710
330 736
330 739
330 752
330 767
330 780
330 783
330 799
331 403
331 427
331 439
331 441
331 467
331 475
331 481
331 502
331 507
331 508
331 510
331 518
331 519
331 528
331 532
331 542
331 552
331 579
331 580
331 612
331 627
331 634
331 655
331 658
331 673
331 677
331 681
331 688
331 700
331 703
331 705
331 710
331 713
331 726
331 747
331 760
331 762
331 771
331 776
331 793
332 404
332 407
332 417
332 429
332 436
332 440
332 455
332 458
332 468
332 470
332 473
332 475
332 496
332 502
332 503
332 512
332 522
332 526
332 535
332 536
332 538
332 541
332 546
332 565
332 566
332 569
332 570
332 575
332 576
332 625
332 632
332 636
332 637
332 642
332 643
332 657
332 675
332 688
332 693
332 696
332 703
332 704
332 716
332 722
332 726
332 745
332 749
332 765
332 773
332 788
332 796
333 415
333 421
333 426
333 440
333 447
333 452
333 493
333 506
333 534
333 577
333 579
333 596
333 597
333 599
333 604
333 610
333 611
333 620
333 649
333 685
333 697
333 698
333 700
333 706
333 711
333 717
333 733
333 749
333 752
333 760
333 770
333 772
333 773
333 777
333 781
333 790
333 792
334 409
334 421
334 457
334 467
334 471
334 477
334 495
334 499
334 500
334 517
334 520
334 531
334 532
334 537
334 546
334 547
334 553
334 555
334 590
334 598
334 608
334 619
334 631
334 634
334 654
334 668
334 682
334 687
334 691
334 714
334 715
334 727
334 750
334 756
334 758
334 763
334 791
334 794
335 411
335 416
335 422
335 444
335 457
335 477
335 485
335 503
335 530
335 531
335 548
335 563
335 565
335 575
335 577
335 589
335 609
335 643
335 645
335 650
335 661
335 664
335 703
335 756
335 768
335 792
336 425
336 442
336 454
336 482
336 497
336 508
336 527
336 536
336 544
336 553
336 580
336 591
336 594
336 620
336 649
336 672
336 683
336 688
336 700
336 728
336 729
336 736
336 763
336 777
336 785
336 787
336 788
337 409
337 418
337 425
337 431
337 442
337 445
337 452
337 453
337 456
337 469
337 485
337 506
337 517
337 530
337 533
337 538
337 544
337 550
337 558
337 559
337 563
337 567
337 570
337 574
337 592
337 596
337 600
337 609
337 615
337 621
337 626
337 644
337 653
337 657
337 673
337 677
337 688
337 702
337 706
337 711
337 716
337 720
337 733
337 747
337 772
337 787
337 795
338 414
338 416
338 420
338 446
338 473
338 483
338 519
338 521
338 532
338 566
338 577
338 597
338 599
338 605
338 608
338 610
338 611
338 632
338 636
338 637
338 638
338 660
338 665
338 693
338 702
338 711
338 733
338 736
338 751
338 757
338 762
338 764
338 767
338 773
338 774
338 778
338 780
338 782
338 784
338 788
338 796
338 799
339 404
339 407
339 408
339 411
339 414
339 420
339 425
339 430
339 431
339 449
339 451
339 467
339 470
339 471
339 472
339 477
339 480
339 487
339 496
339 498
339 503
339 508
339 509
339 542
339 543
339 554
339 558
339 598
339 599
339 612
339 618
339 620
339 628
339 655
339 658
339 661
339 666
339 667
339 670
339 677
339 691
339 709
339 711
339 722
339 731
339 733
339 735
339 738
339 741
339 752
339 756
339 767
339 772
339 781
339 791
340 401
340 410
340 426
340 434
340 447
340 473
340 480
340 481
340 485
340 492
340 494
340 507
340 531
340 543
340 549
340 550
340 552
340 564
340 584
340 602
340 614
340 621
340 632
340 647
340 661
340 667
340 670
340 697
340 712
340 719
340 726
340 746
340 762
340 775
340 780
340 782
340 793
340 794
340 795
341 416
341 443
341 445
341 447
341 472
341 490
341 498
341 506
341 515
341 519
341 523
341 528
341 530
341 534
341 536
341 557
341 568
341 588
341 595
341 602
341 610
341 617
341 618
341 620
341 637
341 641
341 649
341 656
341 678
341 690
341 700
341 709
341 712
341 718
341 728
341 741
341 746
341 760
341 761
341 766
341 770
341 771
341 774
341 781
341 789
342 415
342 422
342 433
342 438
342 445
342 449
342 451
342 493
342 513
342 517
342 528
342 582
342 590
342 595
342 614
342 627
342 633
342 635
342 636
342 638
342 639
342 662
342 663
342 673
342 681
342 687
342 693
342 694
342 697
342 703
342 708
342 713
342 728
342 737
342 752
342 760
342 784
342 786
342 793
343 412
343 415
343 417
343 435
343 451
343 461
343 462
343 465
343 475
343 492
343 495
343 537
343 544
343 570
343 582
343 585
343 586
343 590
343 593
343 599
343 618
343 661
343 665
343 666
343 667
343 691
343 697
343 705
343 715
343 721
343 731
343 736
343 737
343 742
343 750
343 800
344 405
344 413
344 425
344 439
344 452
344 456
344 487
344 505
344 538
344 539
344 542
344 548
344 554
344 555
344 557
344 563
344 565
344 581
344 582
344 583
344 607
344 618
344 621
344 623
344 640
344 641
344 653
344 661
344 678
344 684
344 690
344 698
344 702
344 711
344 713
344 718
344 728
344 730
344 751
344 754
344 792
344 798
345 402
345 427
345 432
345 437
345 447
345 451
345 457
345 458
345 473
345 476
345 495
345 501
345 511
345 521
345 524
345 539
345 545
345 580
345 582
345 585
345 590
345 591
345 592
345 603
345 619
345 635
345 650
345 683
345 684
345 686
345 687
345 701
345 703
345 711
345 715
345 733
345 746
345 747
345 751
345 752
345 753
345 758
345 760
345 762
345 769
345 770
345 774
345 782
345 787
346 402
346 405
346 407
346 415
346 461
346 464
346 467
346 494
346 498
346 501
346 506
346 508
346 509
346 515
346 536
346 540
346 558
346 561
346 574
346 578
346 582
346 608
346 609
346 610
346 650
346 658
346 662
346 687
346 690
346 697
346 703
346 710
346 711
346 713
346 714
346 715
346 732
346 756
346 768
346 774
346 776
346 785
346 797
347 401
347 406
347 418
347 420
347 442
347 450
347 469
347 493
347 495
347 498
347 520
347 541
347 549
347 570
347 599
347 610
347 611
347 613
347 658
347 691
347 727
347 734
347 742
347 754
347 760
347 767
347 776
347 785
347 790
347 793
347 794
347 798
348 416
348 426
348 450
348 475
348 496
348 506
348 510
348 529
348 532
348 533
348 543
348 549
348 551
348 552
348 598
348 603
348 643
348 644
348 654
348 655
348 657
348 660
348 682
348 692
348 703
348 718
348 740
348 743
348 745
348 747
348 748
348 762
348 765
348 782
348 785
348 786
349 404
349 427
349 439
349 440
349 460
349 472
349 479
349 483
349 487
349 508
349 509
349 513
349 517
349 555
349 592
349 596
349 605
349 610
349 616
349 640
349 666
349 678
349 698
349 704
349 717
349 723
349 736
349 746
349 748
349 761
349 767
349 777
349 788
349 797
350 403
350 419
350 424
350 426
350 442
350 443
350 505
350 506
350 520
350 522
350 536
350 542
350 555
350 558
350 564
350 570
350 574
350 576
350 592
350 606
350 609
350 623
350 627
350 636
350 645
350 661
350 663
350 683
350 690
350 692
350 695
350 707
350 709
350 719
350 734
350 747
350 753
350 754
350 759
350 763
350 769
350 770
350 775
350 777
350 795
351 426
351 428
351 445
351 454
351 465
351 482
351 485
351 515
351 530
351 533
351 536
351 561
351 577
351 605
351 609
351 617
351 618
351 669
351 672
351 674
351 701
351 708
351 719
351 737
351 744
351 755
351 763
351 777
351 786
352 413
352 414
352 422
352 437
352 438
352 448
352 451
352 470
352 489
352 493
352 496
352 497
352 503
352 517
352 525
352 527
352 536
352 545
352 552
352 554
352 569
352 586
352 588
352 590
352 597
352 611
352 650
352 655
352 659
352 672
352 681
352 686
352 700
352 712
352 715
352 734
352 749
352 775
352 780
352 782
352 783
353 401
353 407
353 414
353 415
353 417
353 422
353 445
353 450
353 462
353 463
353 466
353 472
353 475
353 485
353 507
353 523
353 534
353 536
353 544
353 567
353 579
353 582
353 585
353 586
353 587
353 597
353 604
353 622
353 636
353 658
353 697
353 700
353 703
353 721
353 756
353 758
353 771
353 789
354 401
354 419
354 422
354 425
354 441
354 445
354 465
354 485
354 490
354 500
354 501
354 503
354 525
354 579
354 589
354 604
354 606
354 614
354 617
354 619
354 630
354 649
354 655
354 669
354 670
354 678
354 686
354 689
354 696
354 699
354 702
354 722
354 725
354 728
354 733
354 736
354 743
354 779
354 798
355 420
355 424
355 431
355 441
355 443
355 448
355 462
355 486
355 487
355 488
355 489
355 496
355 497
355 502
355 507
355 513
355 538
355 540
355 550
355 552
355 561
355 564
355 573
355 576
355 577
355 583
355 584
355 589
355 590
355 596
355 601
355 603
355 614
355 620
355 651
355 655
355 661
355 663
355 677
355 680
355 685
355 686
355 690
355 715
355 723
355 741
355 744
355 748
355 765
356 402
356 405
356 410
356 423
356 428
356 431
356 441
356 467
356 479
356 507
356 511
356 514
356 558
356 563
356 564
356 567
356 569
356 571
356 573
356 595
356 602
356 604
356 608
356 644
356 655
356 666
356 676
356 688
356 695
356 699
356 716
356 722
356 734
356 742
356 756
356 772
356 774
356 779
356 783
356 797
357 409
357 410
357 425
357 426
357 431
357 439
357 442
357 447
357 452
357 474
357 492
357 506
357 518
357 520
357 524
357 537
357 556
357 561
357 571
357 575
357 582
357 605
357 608
357 609
357 621
357 643
357 662
357 669
357 672
357 696
357 701
357 704
357 712
357 713
357 735
357 739
357 740
357 748
357 753
357 756
357 760
357 768
357 771
357 774
357 776
357 778
357 794
357 800
358 436
358 443
358 448
358 450
358 478
358 484
358 490
358 492
358 497
358 502
358 510
358 514
358 520
358 537
358 543
358 546
358 550
358 551
358 580
358 584
358 593
358 598
358 612
358 619
358 621
358 642
358 662
358 684
358 702
358 707
358 715
358 720
358 731
358 738
358 760
358 765
358 776
358 778
358 793
358 798
359 409
359 411
359 421
359 432
359 442
359 444
359 446
359 453
359 463
359 471
359 485
359 493
359 499
359 508
359 540
359 549
359 553
359 558
359 562
359 563
359 570
359 587
359 598
359 606
359 612
359 624
359 626
359 628
359 636
359 650
359 663
359 678
359 692
359 693
359 698
359 702
359 706
359 713
359 728
359 752
359 766
359 767
359 774
359 777
359 785
360 422
360 437
360 440
360 451
360 456
360 466
360 480
360 482
360 483
360 485
360 532
360 536
360 544
360 545
360 565
360 566
360 569
360 586
360 587
360 611
360 613
360 618
360 625
360 630
360 636
360 639
360 645
360 647
360 653
360 656
360 675
360 678
360 680
360 698
360 710
360 716
360 722
360 732
360 748
360 755
360 757
360 761
360 785
360 787
361 403
361 407
361 444
361 468
361 470
361 471
361 490
361 492
361 501
361 502
361 507
361 515
361 534
361 536
361 541
361 553
361 560
361 564
361 571
361 575
361 576
361 592
361 609
361 612
361 614
361 619
361 631
361 638
361 642
361 644
361 646
361 652
361 653
361 654
361 659
361 662
361 675
361 682
361 696
361 700
361 713
361 722
361 731
361 750
361 754
361 776
361 791
361 794
361 798
361 800
362 403
362 409
362 410
362 418
362 425
362 431
362 444
362 455
362 470
362 471
362 482
362 488
362 500
362 508
362 513
362 538
362 540
362 542
362 544
362 545
362 557
362 563
362 573
362 580
362 581
362 582
362 586
362 592
362 596
362 597
362 598
362 609
362 615
362 624
362 628
362 632
362 663
362 668
362 683
362 689
362 717
362 742
362 800
363 420
363 440
363 454
363 456
363 464
363 469
363 480
363 493
363 514
363 518
363 527
363 533
363 543
363 549
363 552
363 561
363 564
363 591
363 600
363 608
363 616
363 620
363 622
363 638
363 648
363 657
363 659
363 684
363 706
363 711
363 714
363 731
363 732
363 741
363 743
363 746
363 751
363 759
363 769
363 784
364 401
364 403
364 408
364 411
364 414
364 473
364 488
364 494
364 498
364 526
364 531
364 533
364 543
364 562
364 571
364 592
364 595
364 597
364 601
364 605
364 614
364 625
364 637
364 645
364 652
364 655
364 660
364 664
364 666
364 685
364 691
364 718
364 727
364 734
364 753
364 759
364 771
364 779
364 791
364 798
365 440
365 448
365 452
365 453
365 465
365 487
365 502
365 504
365 546
365 547
365 551
365 560
365 584
365 606
365 623
365 634
365 660
365 683
365 692
365 702
365 704
365 712
365 720
365 727
365 735
365 738
365 750
365 769
365 773
365 776
365 787
366 402
366 405
366 437
366 448
366 450
366 495
366 498
366 531
366 539
366 540
366 547
366 569
366 576
366 580
366 606
366 607
366 616
366 624
366 631
366 632
366 658
366 681
366 685
366 714
366 717
366 721
366 744
366 766
366 780
366 788
366 792
366 798
367 402
367 422
367 447
367 458
367 472
367 473
367 481
367 490
367 493
367 500
367 514
367 520
367 526
367 530
367 558
367 561
367 585
367 589
367 596
367 605
367 628
367 637
367 656
367 674
367 689
367 699
367 718
367 720
367 722
367 723
367 724
367 728
367 739
367 757
367 766
367 783
367 796
368 403
368 421
368 423
368 427
368 433
368 434
368 446
368 447
368 448
368 464
368 479
368 482
368 488
368 516
368 522
368 525
368 533
368 537
368 557
368 560
368 562
368 566
368 582
368 589
368 591
368 601
368 610
368 617
368 643
368 653
368 696
368 703
368 704
368 745
368 747
368 797
369 402
369 412
369 431
369 439
369 440
369 467
369 469
369 471
369 472
369 480
369 485
369 491
369 496
369 513
369 518
369 525
369 531
369 550
369 559
369 568
369 572
369 580
369 587
369 595
369 617
369 627
369 628
369 629
369 650
369 660
369 668
369 669
369 676
369 688
369 709
369 712
369 722
369 725
369 734
369 750
369 757
369 765
369 766
369 781
369 782
369 795
370 406
370 437
370 451
370 477
370 479
370 487
370 489
370 493
370 500
370 514
370 522
370 525
370 531
370 536
370 539
370 540
370 551
370 555
370 558
370 602
370 603
370 608
370 637
370 655
370 659
370 685
370 687
370 694
370 695
370 699
370 700
370 709
370 724
370 739
370 752
370 758
370 762
370 763
370 768
370 785
371 403
371 434
371 440
371 474
371 484
371 487
371 490
371 492
371 507
371 511
371 515
371 522
371 529
371 541
371 554
371 562
371 565
371 568
371 581
371 592
371 601
371 633
371 662
371 664
371 668
371 685
371 686
371 690
371 694
371 698
371 703
371 712
371 713
371 725
371 734
371 739
371 740
371 745
371 757
371 760
371 763
371 767
371 770
371 772
371 775
372 415
372 418
372 427
372 432
372 445
372 477
372 500
372 542
372 550
372 589
372 607
372 610
372 612
372 631
372 641
372 647
372 650
372 663
372 669
372 675
372 680
372 698
372 726
372 727
372 730
372 731
372 743
372 762
372 788
372 790
373 403
373 431
373 441
373 456
373 463
373 465
373 474
373 493
373 494
373 502
373 506
373 516
373 517
373 524
373 535
373 546
373 552
373 558
373 562
373 568
373 575
373 581
373 588
373 593
373 618
373 637
373 641
373 642
373 726
373 729
373 734
373 744
373 748
373 765
373 775
373 776
373 779
373 791
373 792
373 795
374 402
374 404
374 414
374 416
374 444
374 445
374 453
374 458
374 467
374 475
374 477
374 481
374 493
374 499
374 501
374 504
374 509
374 551
374 553
374 561
374 571
374 574
374 580
374 585
374 591
374 600
374 603
374 619
374 640
374 645
374 664
374 670
374 689
374 717
374 766
374 775
375 413
375 432
375 448
375 528
375 548
375 560
375 569
375 573
375 574
375 587
375 599
375 624
375 649
375 653
375 664
375 668
375 719
375 721
375 725
375 763
375 765
375 775
375 779
375 781
376 409
376 410
376 440
376 441
376 448
376 458
376 461
376 464
376 466
376 467
376 472
376 508
376 514
376 517
376 522
376 525
376 540
376 544
376 549
376 577
376 583
376 585
376 586
376 612
376 620
376 644
376 658
376 668
376 678
376 679
376 686
376 689
376 708
376 711
376 723
376 734
376 754
376 778
376 793
376 797
376 799
377 405
377 410
377 442
377 453
377 456
377 457
377 463
377 469
377 477
377 482
377 499
377 512
377 536
377 539
377 548
377 549
377 552
377 556
377 558
377 562
377 564
377 575
377 583
377 600
377 603
377 604
377 610
377 612
377 620
377 629
377 630
377 637
377 646
377 665
377 685
377 687
377 691
377 694
377 705
377 718
377 730
377 745
377 751
377 757
377 766
377 781
377 788
377 791
377 793
377 798
378 427
378 436
378 443
378 449
378 454
378 470
378 473
378 518
378 534
378 538
378 539
378 568
378 569
378 577
378 585
378 591
378 607
378 642
378 647
378 662
378 694
378 696
378 707
378 719
378 720
378 721
378 731
378 741
378 747
378 749
378 750
378 753
378 762
378 769
378 774
378 777
378 780
378 799
379 434
379 444
379 449
379 450
379 466
379 483
379 494
379 522
379 527
379 533
379 541
379 548
379 582
379 584
379 594
379 604
379 607
379 634
379 660
379 670
379 681
379 706
379 709
379 718
379 731
379 734
379 740
379 744
379 745
379 756
379 760
380 403
380 408
380 410
380 411
380 418
380 419
380 423
380 433
380 436
380 459
380 462
380 475
380 494
380 501
380 502
380 522
380 528
380 541
380 554
380 571
380 576
380 577
380 585
380 588
380 595
380 601
380 605
380 608
380 612
380 613
380 618
380 622
380 624
380 631
380 633
380 640
380 657
380 662
380 663
380 672
380 695
380 732
380 748
380 766
380 787
380 792
381 405
381 406
381 418
381 419
381 426
381 433
381 435
381 441
381 452
381 468
381 477
381 486
381 495
381 496
381 523
381 545
381 547
381 565
381 570
381 574
381 589
381 603
381 611
381 612
381 615
381 623
381 626
381 633
381 650
381 664
381 693
381 701
381 731
381 732
381 754
381 776
382 402
382 435
382 436
382 444
382 446
382 478
382 487
382 501
382 504
382 509
382 516
382 536
382 554
382 563
382 570
382 587
382 595
382 601
382 611
382 637
382 646
382 649
382 653
382 662
382 663
382 670
382 710
382 717
382 731
382 734
382 756
382 757
382 762
382 781
382 790
382 796
383 405
383 414
383 447
383 451
383 455
383 462
383 463
383 467
383 473
383 507
383 554
383 555
383 560
383 566
383 570
383 573
383 583
383 585
383 627
383 645
383 650
383 651
383 653
383 654
383 659
383 676
383 705
383 706
383 714
383 725
383 726
383 752
383 754
383 758
383 768
383 780
384 413
384 418
384 420
384 423
384 436
384 437
384 463
384 472
384 473
384 481
384 483
384 493
384 498
384 503
384 511
384 536
384 544
384 575
384 586
384 599
384 626
384 636
384 641
384 649
384 651
384 656
384 658
384 667
384 679
384 684
384 737
384 738
384 751
384 773
384 775
384 785
385 419
385 436
385 438
385 444
385 457
385 472
385 489
385 491
385 517
385 519
385 530
385 534
385 554
385 566
385 574
385 576
385 581
385 590
385 610
385 624
385 670
385 683
385 685
385 704
385 718
385 745
385 750
385 762
385 774
385 799
386 406
386 411
386 414
386 423
386 428
386 434
386 442
386 445
386 457
386 461
386 466
386 481
386 534
386 564
386 573
386 574
386 590
386 631
386 634
386 667
386 674
386 684
386 737
386 742
386 749
386 752
386 753
386 757
386 768
386 771
386 786
386 795
386 798
387 402
387 468
387 479
387 486
387 507
387 510
387 511
387 520
387 525
387 532
387 535
387 555
387 560
387 564
387 567
387 569
387 589
387 597
387 601
387 607
387 620
387 624
387 639
387 646
387 666
387 684
387 700
387 706
387 708
387 711
387 726
387 727
387 735
387 751
387 753
387 758
387 760
387 765
387 775
387 786
387 793
387 796
388 415
388 418
388 447
388 457
388 487
388 490
388 497
388 503
388 511
388 513
388 522
388 538
388 568
388 614
388 625
388 628
388 629
388 657
388 697
388 706
388 713
388 735
388 773
388 786
388 799
389 410
389 420
389 422
389 431
389 445
389 450
389 453
389 455
389 467
389 487
389 488
389 489
389 492
389 510
389 531
389 533
389 552
389 577
389 601
389 628
389 637
389 645
389 649
389 656
389 668
389 708
389 731
389 744
389 758
389 760
389 773
389 789
390 413
390 416
390 419
390 420
390 429
390 430
390 434
390 445
390 447
390 449
390 458
390 480
390 482
390 490
390 498
390 503
390 531
390 536
390 553
390 554
390 559
390 570
390 573
390 593
390 622
390 629
390 630
390 642
390 645
390 665
390 669
390 685
390 695
390 696
390 697
390 702
390 704
390 714
390 715
390 723
390 738
390 741
390 762
390 767
390 771
390 778
390 780
390 791
390 795
391 414
391 422
391 427
391 447
391 451
391 452
391 467
391 470
391 471
391 472
391 475
391 501
391 502
391 506
391 508
391 518
391 524
391 533
391 541
391 548
391 553
391 559
391 577
391 579
391 583
391 589
391 601
391 603
391 607
391 620
391 639
391 662
391 664
391 704
391 709
391 726
391 732
391 737
391 738
391 744
391 750
391 753
391 763
391 764
391 767
391 778
392 406
392 409
392 415
392 438
392 451
392 453
392 456
392 466
392 467
392 470
392 486
392 495
392 549
392 569
392 584
392 606
392 609
392 622
392 637
392 649
392 652
392 662
392 667
392 668
392 678
392 693
392 699
392 717
392 718
392 735
392 737
392 750
392 763
392 772
392 774
392 778
392 786
392 793
393 419
393 431
393 439
393 440
393 450
393 459
393 471
393 477
393 488
393 492
393 497
393 516
393 523
393 524
393 527
393 540
393 544
393 548
393 549
393 554
393 557
393 572
393 615
393 619
393 620
393 631
393 636
393 641
393 643
393 688
393 692
393 696
393 702
393 710
393 711
393 724
393 725
393 726
393 734
393 741
393 743
393 768
393 775
393 777
393 787
394 404
394 406
394 415
394 424
394 469
394 471
394 476
394 482
394 484
394 495
394 512
394 528
394 552
394 569
394 574
394 575
394 584
394 599
394 606
394 625
394 626
394 633
394 650
394 663
394 670
394 691
394 699
394 717
394 748
394 767
394 778
394 787
394 790
394 794
394 796
394 800
395 421
395 441
395 456
395 459
395 474
395 489
395 496
395 512
395 521
395 527
395 529
395 534
395 540
395 553
395 554
395 555
395 562
395 575
395 579
395 585
395 596
395 608
395 617
395 622
395 643
395 653
395 661
395 663
395 671
395 681
395 683
395 685
395 691
395 697
395 706
395 707
395 708
395 714
395 728
395 737
395 752
395 757
395 767
395 774
395 792
395 796
396 408
396 420
396 426
396 427
396 436
396 439
396 450
396 452
396 454
396 471
396 482
396 487
396 491
396 555
396 557
396 574
396 575
396 579
396 612
396 616
396 629
396 631
396 639
396 669
396 679
396 680
396 688
396 693
396 696
396 730
396 781
396 782
397 406
397 414
397 416
397 423
397 429
397 430
397 440
397 447
397 458
397 493
397 515
397 517
397 527
397 572
397 578
397 587
397 588
397 601
397 603
397 631
397 634
397 649
397 675
397 683
397 686
397 697
397 704
397 712
397 717
397 718
397 719
397 738
397 741
397 751
397 755
397 756
397 769
397 789
397 795
398 408
398 416
398 428
398 429
398 432
398 441
398 442
398 446
398 475
398 490
398 494
398 501
398 510
398 511
398 513
398 525
398 534
398 538
398 554
398 559
398 575
398 580
398 585
398 597
398 603
398 622
398 641
398 644
398 657
398 668
398 673
398 681
398 688
398 693
398 704
398 706
398 719
398 721
398 767
398 777
398 781
398 796
398 797
399 403
399 410
399 415
399 441
399 460
399 465
399 473
399 503
399 519
399 521
399 525
399 530
399 534
399 556
399 565
399 573
399 585
399 589
399 593
399 595
399 600
399 605
399 612
399 615
399 621
399 646
399 647
399 650
399 661
399 669
399 676
399 690
399 708
399 711
399 721
399 732
399 746
399 748
399 771
399 788
399 790
399 792
399 795
400 406
400 412
400 417
400 431
400 435
400 440
400 463
400 466
400 488
400 507
400 510
400 537
400 542
400 546
400 552
400 557
400 561
400 572
400 585
400 587
400 592
400 637
400 660
400 666
400 678
400 679
400 686
400 692
400 697
400 714
400 716
400 720
400 747
400 756
400 780
400 785
400 787
400 789
400 799
