400 400 20
1 403
1 404
1 406
1 408
1 409
1 411
1 412
1 414
1 415
1 416
1 418
1 419
1 421
1 424
1 425
1 426
1 428
1 429
1 430
1 431
1 432
1 436
1 437
1 439
1 442
1 444
1 445
1 450
1 452
1 455
1 458
1 466
1 467
1 468
1 469
1 473
1 475
1 477
1 482
1 483
1 485
1 488
1 490
1 493
1 497
1 498
1 499
1 500
1 504
1 505
1 506
1 510
1 516
1 520
1 524
1 526
1 529
1 531
1 532
1 533
1 536
1 538
1 539
1 540
1 542
1 543
1 546
1 548
1 551
1 553
1 556
1 558
1 559
1 561
1 562
1 563
1 564
1 565
1 567
1 568
1 569
1 570
1 572
1 575
1 577
1 580
1 584
1 587
1 589
1 590
1 592
1 595
1 597
1 599
1 601
1 602
1 604
1 607
1 608
1 610
1 611
1 612
1 615
1 617
1 618
1 621
1 623
1 627
1 629
1 630
1 632
1 636
1 637
1 640
1 644
1 646
1 647
1 649
1 651
1 652
1 654
1 655
1 657
1 658
1 664
1 665
1 666
1 667
1 669
1 672
1 675
1 676
1 679
1 680
1 681
1 682
1 683
1 684
1 686
1 689
1 694
1 698
1 702
1 703
1 706
1 708
1 712
1 714
1 716
1 717
1 720
1 722
1 724
1 728
1 729
1 730
1 732
1 733
1 739
1 740
1 741
1 745
1 746
1 747
1 756
1 759
1 760
1 761
1 763
1 764
1 765
1 767
1 768
1 769
1 770
1 771
1 774
1 775
1 776
1 777
1 778
1 779
1 782
1 783
1 786
1 787
1 788
1 789
1 795
1 796
2 402
2 403
2 404
2 407
2 409
2 410
2 415
2 416
2 417
2 418
2 420
2 423
2 424
2 428
2 429
2 430
2 431
2 434
2 435
2 436
2 437
2 439
2 442
2 446
2 447
2 449
2 451
2 452
2 453
2 456
2 457
2 458
2 462
2 463
2 464
2 465
2 466
2 467
2 470
2 473
2 476
2 477
2 479
2 480
2 481
2 482
2 483
2 484
2 485
2 486
2 490
2 491
2 494
2 499
2 501
2 504
2 505
2 506
2 507
2 508
2 509
2 511
2 513
2 515
2 516
2 517
2 519
2 520
2 521
2 522
2 523
2 524
2 527
2 528
2 530
2 531
2 532
2 534
2 535
2 536
2 537
2 539
2 540
2 541
2 544
2 545
2 546
2 549
2 550
2 553
2 554
2 556
2 557
2 561
2 562
2 565
2 566
2 567
2 570
2 572
2 573
2 575
2 578
2 579
2 582
2 586
2 587
2 589
2 590
2 591
2 595
2 596
2 598
2 599
2 604
2 605
2 609
2 613
2 614
2 617
2 618
2 619
2 621
2 624
2 625
2 627
2 633
2 634
2 635
2 638
2 641
2 642
2 643
2 649
2 651
2 653
2 654
2 655
2 659
2 661
2 662
2 664
2 668
2 669
2 671
2 674
2 675
2 677
2 684
2 685
2 686
2 689
2 690
2 693
2 695
2 700
2 701
2 702
2 703
2 704
2 705
2 706
2 707
2 708
2 711
2 716
2 717
2 720
2 721
2 723
2 724
2 730
2 732
2 736
2 739
2 740
2 742
2 748
2 750
2 751
2 752
2 755
2 758
2 760
2 761
2 762
2 763
2 765
2 768
2 770
2 772
2 776
2 777
2 778
2 782
2 785
2 786
2 787
2 788
2 791
2 793
2 794
2 795
2 797
2 798
2 800
3 401
3 404
3 405
3 411
3 412
3 413
3 414
3 420
3 423
3 424
3 428
3 429
3 435
3 438
3 442
3 443
3 446
3 448
3 450
3 453
3 455
3 457
3 459
3 460
3 465
3 466
3 468
3 470
3 476
3 477
3 480
3 482
3 483
3 485
3 486
3 490
3 492
3 493
3 494
3 496
3 497
3 498
3 499
3 502
3 504
3 505
3 508
3 510
3 511
3 515
3 522
3 523
3 525
3 527
3 528
3 532
3 533
3 539
3 541
3 542
3 543
3 547
3 549
3 550
3 555
3 560
3 561
3 562
3 564
3 566
3 567
3 570
3 571
3 578
3 580
3 581
3 582
3 585
3 586
3 587
3 588
3 594
3 596
3 598
3 603
3 606
3 607
3 608
3 609
3 610
3 612
3 613
3 614
3 615
3 618
3 619
3 620
3 621
3 622
3 624
3 628
3 630
3 631
3 632
3 633
3 635
3 636
3 641
3 642
3 648
3 650
3 653
3 655
3 656
3 657
3 658
3 660
3 663
3 665
3 666
3 668
3 670
3 672
3 674
3 675
3 676
3 678
3 680
3 682
3 683
3 684
3 686
3 687
3 690
3 691
3 700
3 701
3 704
3 706
3 709
3 710
3 711
3 712
3 714
3 715
3 716
3 717
3 719
3 722
3 727
3 728
3 731
3 732
3 733
3 734
3 736
3 737
3 742
3 745
3 747
3 752
3 753
3 755
3 757
3 758
3 759
3 760
3 761
3 762
3 763
3 765
3 767
3 768
3 769
3 772
3 776
3 779
3 780
3 781
3 782
3 784
3 786
3 788
3 789
3 790
3 792
3 793
3 795
3 796
3 797
3 798
3 800
4 405
4 406
4 407
4 408
4 409
4 410
4 411
4 413
4 414
4 415
4 418
4 419
4 420
4 422
4 423
4 425
4 426
4 427
4 428
4 432
4 433
4 437
4 438
4 439
4 445
4 449
4 450
4 453
4 454
4 455
4 456
4 462
4 463
4 464
4 467
4 468
4 471
4 473
4 474
4 476
4 477
4 478
4 479
4 480
4 481
4 484
4 487
4 490
4 492
4 495
4 496
4 502
4 505
4 507
4 508
4 509
4 510
4 511
4 513
4 518
4 520
4 521
4 522
4 524
4 526
4 528
4 529
4 531
4 534
4 537
4 538
4 541
4 542
4 544
4 545
4 546
4 548
4 549
4 550
4 551
4 553
4 556
4 558
4 559
4 562
4 563
4 565
4 566
4 569
4 570
4 572
4 573
4 576
4 577
4 579
4 580
4 582
4 583
4 584
4 587
4 590
4 593
4 597
4 598
4 604
4 606
4 608
4 609
4 610
4 611
4 613
4 614
4 615
4 616
4 618
4 622
4 624
4 625
4 628
4 631
4 632
4 634
4 636
4 637
4 638
4 639
4 640
4 641
4 643
4 645
4 646
4 647
4 650
4 655
4 656
4 658
4 659
4 665
4 669
4 670
4 671
4 673
4 676
4 677
4 678
4 679
4 680
4 685
4 686
4 687
4 688
4 691
4 692
4 694
4 695
4 697
4 704
4 706
4 707
4 711
4 713
4 717
4 718
4 719
4 720
4 721
4 723
4 725
4 726
4 732
4 739
4 740
4 741
4 742
4 743
4 745
4 746
4 747
4 749
4 750
4 752
4 753
4 754
4 757
4 763
4 764
4 766
4 770
4 772
4 773
4 774
4 778
4 781
4 784
4 785
4 786
4 787
4 788
4 790
4 791
4 792
4 793
4 794
4 795
4 796
4 797
4 800
5 403
5 404
5 405
5 406
5 408
5 413
5 414
5 415
5 416
5 417
5 419
5 421
5 422
5 423
5 426
5 431
5 432
5 433
5 434
5 436
5 438
5 440
5 441
5 448
5 450
5 451
5 454
5 455
5 456
5 459
5 461
5 464
5 469
5 470
5 477
5 478
5 482
5 483
5 487
5 489
5 491
5 494
5 496
5 497
5 502
5 503
5 508
5 513
5 514
5 515
5 516
5 517
5 521
5 524
5 530
5 533
5 535
5 536
5 537
5 538
5 539
5 541
5 543
5 546
5 547
5 548
5 549
5 550
5 552
5 553
5 554
5 556
5 557
5 559
5 560
5 561
5 562
5 563
5 570
5 573
5 575
5 580
5 581
5 584
5 592
5 595
5 599
5 600
5 601
5 602
5 604
5 606
5 607
5 609
5 610
5 611
5 612
5 613
5 616
5 617
5 619
5 620
5 621
5 622
5 626
5 628
5 629
5 630
5 631
5 632
5 633
5 636
5 639
5 644
5 649
5 650
5 651
5 652
5 653
5 655
5 656
5 659
5 666
5 668
5 669
5 670
5 671
5 673
5 674
5 675
5 677
5 679
5 681
5 682
5 683
5 685
5 686
5 688
5 689
5 694
5 697
5 700
5 701
5 702
5 704
5 706
5 709
5 710
5 713
5 717
5 718
5 719
5 720
5 721
5 722
5 723
5 726
5 727
5 728
5 730
5 731
5 735
5 739
5 742
5 744
5 750
5 753
5 754
5 756
5 757
5 759
5 760
5 763
5 766
5 767
5 768
5 769
5 771
5 773
5 776
5 779
5 780
5 781
5 783
5 784
5 785
5 787
5 789
5 790
5 792
5 793
5 794
5 796
5 798
5 800
6 401
6 404
6 405
6 406
6 411
6 412
6 413
6 414
6 416
6 417
6 418
6 424
6 426
6 427
6 430
6 432
6 433
6 439
6 440
6 441
6 443
6 444
6 447
6 452
6 453
6 455
6 458
6 460
6 461
6 464
6 466
6 469
6 470
6 471
6 472
6 473
6 474
6 477
6 478
6 484
6 485
6 486
6 487
6 492
6 495
6 496
6 497
6 498
6 499
6 500
6 503
6 504
6 505
6 507
6 508
6 510
6 512
6 514
6 518
6 519
6 520
6 522
6 523
6 525
6 526
6 528
6 529
6 530
6 531
6 532
6 538
6 539
6 541
6 544
6 547
6 551
6 558
6 565
6 567
6 568
6 572
6 573
6 574
6 576
6 579
6 580
6 582
6 583
6 585
6 586
6 588
6 590
6 591
6 593
6 594
6 595
6 597
6 602
6 603
6 606
6 607
6 608
6 609
6 610
6 611
6 613
6 615
6 617
6 618
6 619
6 620
6 621
6 623
6 624
6 626
6 630
6 635
6 636
6 637
6 638
6 639
6 641
6 642
6 646
6 648
6 649
6 650
6 653
6 658
6 659
6 660
6 661
6 666
6 669
6 670
6 674
6 677
6 679
6 680
6 682
6 683
6 687
6 689
6 690
6 691
6 693
6 694
6 697
6 699
6 704
6 707
6 708
6 709
6 710
6 711
6 712
6 714
6 715
6 717
6 719
6 720
6 721
6 722
6 723
6 724
6 728
6 730
6 731
6 733
6 736
6 738
6 739
6 740
6 741
6 742
6 743
6 751
6 753
6 756
6 757
6 762
6 764
6 765
6 766
6 768
6 769
6 770
6 771
6 773
6 777
6 779
6 782
6 783
6 785
6 786
6 787
6 789
6 791
6 793
6 794
6 797
6 798
7 401
7 403
7 406
7 408
7 411
7 414
7 415
7 423
7 424
7 425
7 429
7 432
7 433
7 434
7 440
7 441
7 442
7 444
7 445
7 447
7 448
7 451
7 454
7 457
7 464
7 474
7 476
7 477
7 479
7 481
7 487
7 490
7 491
7 492
7 494
7 496
7 498
7 499
7 500
7 501
7 504
7 506
7 507
7 509
7 511
7 512
7 514
7 520
7 521
7 522
7 523
7 525
7 527
7 531
7 532
7 538
7 540
7 543
7 544
7 546
7 547
7 549
7 550
7 551
7 553
7 554
7 560
7 561
7 562
7 564
7 565
7 566
7 569
7 570
7 572
7 573
7 574
7 577
7 581
7 582
7 583
7 584
7 588
7 589
7 592
7 595
7 597
7 598
7 600
7 601
7 603
7 604
7 607
7 608
7 614
7 615
7 618
7 619
7 621
7 622
7 623
7 625
7 628
7 630
7 632
7 634
7 635
7 636
7 637
7 639
7 642
7 647
7 649
7 650
7 652
7 656
7 658
7 659
7 661
7 662
7 664
7 665
7 666
7 668
7 673
7 675
7 676
7 678
7 680
7 683
7 686
7 688
7 689
7 690
7 692
7 693
7 694
7 695
7 696
7 697
7 705
7 706
7 707
7 708
7 709
7 710
7 716
7 717
7 719
7 720
7 721
7 726
7 727
7 735
7 737
7 740
7 746
7 749
7 751
7 752
7 753
7 754
7 755
7 758
7 760
7 761
7 762
7 763
7 764
7 766
7 769
7 771
7 774
7 778
7 780
7 781
7 783
7 784
7 787
7 789
7 791
7 792
7 793
7 794
7 795
7 796
7 797
7 800
8 402
8 403
8 406
8 407
8 409
8 410
8 413
8 415
8 417
8 419
8 421
8 422
8 423
8 426
8 427
8 428
8 430
8 432
8 434
8 438
8 439
8 441
8 444
8 447
8 450
8 451
8 452
8 455
8 457
8 459
8 460
8 461
8 463
8 465
8 466
8 467
8 468
8 469
8 470
8 471
8 472
8 473
8 474
8 476
8 477
8 478
8 479
8 480
8 481
8 482
8 484
8 488
8 489
8 491
8 493
8 496
8 502
8 503
8 507
8 508
8 510
8 512
8 514
8 516
8 517
8 519
8 520
8 521
8 523
8 524
8 525
8 530
8 532
8 534
8 535
8 536
8 537
8 538
8 539
8 540
8 541
8 542
8 547
8 551
8 552
8 553
8 554
8 558
8 562
8 563
8 564
8 566
8 567
8 569
8 570
8 571
8 572
8 575
8 578
8 580
8 582
8 583
8 584
8 587
8 589
8 590
8 594
8 596
8 598
8 600
8 601
8 603
8 604
8 605
8 609
8 611
8 614
8 622
8 623
8 625
8 626
8 630
8 632
8 634
8 635
8 636
8 638
8 639
8 640
8 643
8 644
8 646
8 647
8 648
8 649
8 650
8 652
8 654
8 655
8 658
8 660
8 661
8 662
8 663
8 666
8 668
8 669
8 672
8 673
8 677
8 681
8 682
8 685
8 687
8 688
8 690
8 696
8 698
8 700
8 704
8 705
8 708
8 709
8 710
8 711
8 713
8 716
8 717
8 718
8 722
8 724
8 726
8 728
8 729
8 731
8 733
8 734
8 736
8 737
8 738
8 740
8 742
8 744
8 747
8 749
8 750
8 752
8 753
8 754
8 757
8 758
8 759
8 762
8 763
8 764
8 768
8 773
8 774
8 775
8 778
8 780
8 781
8 785
8 787
8 788
8 790
8 795
8 796
8 797
8 798
8 799
9 402
9 403
9 404
9 406
9 407
9 408
9 411
9 414
9 420
9 421
9 423
9 424
9 426
9 430
9 434
9 435
9 436
9 437
9 438
9 439
9 440
9 441
9 442
9 443
9 444
9 445
9 446
9 447
9 448
9 449
9 451
9 453
9 455
9 456
9 457
9 458
9 461
9 467
9 468
9 469
9 470
9 472
9 474
9 475
9 479
9 481
9 482
9 485
9 488
9 497
9 498
9 499
9 503
9 504
9 506
9 508
9 509
9 511
9 515
9 516
9 517
9 519
9 521
9 522
9 523
9 524
9 526
9 528
9 529
9 531
9 533
9 534
9 535
9 537
9 540
9 543
9 544
9 546
9 548
9 549
9 550
9 552
9 553
9 554
9 557
9 558
9 559
9 564
9 565
9 566
9 567
9 568
9 569
9 570
9 572
9 573
9 575
9 577
9 578
9 584
9 585
9 587
9 590
9 591
9 593
9 595
9 596
9 598
9 599
9 602
9 603
9 605
9 606
9 609
9 611
9 614
9 615
9 618
9 619
9 620
9 621
9 622
9 624
9 626
9 630
9 633
9 636
9 637
9 639
9 642
9 645
9 646
9 647
9 651
9 652
9 653
9 656
9 659
9 661
9 663
9 664
9 666
9 671
9 673
9 674
9 678
9 682
9 684
9 685
9 694
9 695
9 696
9 697
9 698
9 702
9 704
9 707
9 708
9 710
9 711
9 712
9 713
9 715
9 717
9 720
9 723
9 724
9 725
9 726
9 727
9 728
9 729
9 730
9 731
9 732
9 735
9 736
9 739
9 740
9 742
9 743
9 749
9 750
9 756
9 757
9 758
9 761
9 762
9 764
9 766
9 768
9 769
9 771
9 775
9 777
9 779
9 780
9 783
9 786
9 787
9 788
9 789
9 790
9 792
9 796
9 797
9 798
9 800
10 401
10 402
10 403
10 404
10 409
10 410
10 411
10 413
10 414
10 417
10 420
10 422
10 424
10 428
10 432
10 433
10 434
10 435
10 436
10 437
10 438
10 439
10 440
10 441
10 444
10 445
10 446
10 450
10 452
10 453
10 456
10 458
10 459
10 462
10 463
10 464
10 465
10 467
10 472
10 473
10 475
10 477
10 478
10 479
10 481
10 482
10 483
10 486
10 487
10 488
10 491
10 492
10 494
10 496
10 497
10 499
10 500
10 502
10 504
10 505
10 508
10 510
10 511
10 512
10 519
10 521
10 522
10 524
10 529
10 531
10 532
10 536
10 539
10 540
10 541
10 542
10 543
10 544
10 550
10 553
10 559
10 561
10 563
10 564
10 565
10 567
10 569
10 570
10 571
10 572
10 574
10 581
10 587
10 588
10 592
10 593
10 595
10 596
10 597
10 599
10 601
10 602
10 605
10 606
10 609
10 610
10 611
10 612
10 614
10 616
10 617
10 620
10 623
10 625
10 627
10 630
10 633
10 634
10 637
10 638
10 640
10 646
10 652
10 655
10 658
10 659
10 660
10 661
10 663
10 664
10 665
10 666
10 667
10 668
10 669
10 670
10 671
10 673
10 674
10 677
10 679
10 681
10 686
10 689
10 690
10 693
10 696
10 699
10 701
10 702
10 703
10 704
10 705
10 706
10 707
10 710
10 711
10 712
10 718
10 719
10 720
10 721
10 728
10 731
10 732
10 733
10 734
10 743
10 745
10 746
10 747
10 748
10 749
10 751
10 752
10 753
10 756
10 760
10 761
10 763
10 764
10 765
10 769
10 773
10 774
10 775
10 777
10 778
10 779
10 780
10 781
10 782
10 784
10 787
10 789
10 790
10 791
10 792
10 797
10 798
10 800
11 401
11 403
11 405
11 406
11 407
11 410
11 413
11 415
11 416
11 417
11 418
11 420
11 421
11 422
11 424
11 427
11 428
11 432
11 433
11 434
11 435
11 437
11 438
11 440
11 441
11 445
11 447
11 448
11 451
11 452
11 453
11 456
11 457
11 459
11 460
11 462
11 463
11 464
11 469
11 470
11 471
11 472
11 473
11 474
11 476
11 481
11 483
11 485
11 487
11 489
11 491
11 492
11 499
11 500
11 502
11 506
11 508
11 510
11 513
11 514
11 516
11 517
11 518
11 522
11 525
11 529
11 531
11 534
11 536
11 537
11 538
11 539
11 543
11 548
11 551
11 556
11 558
11 559
11 561
11 562
11 563
11 565
11 566
11 567
11 568
11 570
11 571
11 573
11 578
11 582
11 583
11 588
11 589
11 593
11 594
11 596
11 600
11 602
11 603
11 604
11 606
11 607
11 610
11 611
11 614
11 615
11 616
11 618
11 619
11 623
11 626
11 630
11 631
11 633
11 634
11 636
11 637
11 638
11 643
11 646
11 648
11 650
11 654
11 655
11 656
11 657
11 659
11 660
11 662
11 666
11 668
11 669
11 670
11 671
11 672
11 673
11 674
11 675
11 677
11 680
11 682
11 683
11 685
11 686
11 687
11 694
11 695
11 699
11 701
11 702
11 703
11 705
11 706
11 714
11 717
11 719
11 720
11 721
11 724
11 726
11 731
11 734
11 735
11 736
11 737
11 738
11 743
11 744
11 745
11 747
11 749
11 750
11 754
11 755
11 756
11 758
11 759
11 760
11 765
11 768
11 769
11 771
11 774
11 775
11 776
11 782
11 784
11 785
11 787
11 792
11 794
12 401
12 405
12 407
12 408
12 411
12 413
12 414
12 415
12 416
12 417
12 419
12 421
12 422
12 427
12 429
12 430
12 431
12 432
12 434
12 437
12 438
12 441
12 443
12 446
12 449
12 459
12 463
12 465
12 468
12 469
12 472
12 473
12 475
12 477
12 478
12 482
12 483
12 484
12 489
12 490
12 491
12 492
12 495
12 499
12 501
12 502
12 503
12 504
12 507
12 508
12 509
12 510
12 515
12 516
12 518
12 519
12 523
12 524
12 526
12 527
12 528
12 530
12 531
12 532
12 533
12 537
12 540
12 541
12 545
12 546
12 549
12 550
12 551
12 552
12 553
12 557
12 562
12 564
12 565
12 566
12 567
12 568
12 569
12 572
12 573
12 575
12 577
12 579
12 580
12 581
12 583
12 584
12 586
12 590
12 592
12 593
12 594
12 595
12 600
12 601
12 602
12 603
12 604
12 605
12 607
12 608
12 614
12 617
12 618
12 621
12 623
12 624
12 625
12 626
12 627
12 632
12 635
12 639
12 641
12 643
12 646
12 647
12 649
12 650
12 658
12 662
12 663
12 668
12 669
12 674
12 675
12 676
12 678
12 680
12 684
12 686
12 690
12 692
12 696
12 697
12 698
12 699
12 704
12 706
12 707
12 709
12 712
12 715
12 716
12 717
12 720
12 724
12 725
12 726
12 729
12 732
12 734
12 737
12 746
12 748
12 749
12 754
12 757
12 758
12 759
12 762
12 766
12 767
12 768
12 769
12 770
12 775
12 777
12 778
12 781
12 782
12 783
12 785
12 788
12 790
12 792
12 793
12 795
12 799
12 800
13 401
13 402
13 403
13 404
13 405
13 407
13 409
13 411
13 416
13 417
13 421
13 424
13 426
13 427
13 430
13 431
13 433
13 434
13 438
13 440
13 441
13 442
13 444
13 445
13 448
13 451
13 452
13 454
13 457
13 460
13 462
13 465
13 466
13 467
13 468
13 474
13 475
13 477
13 484
13 486
13 487
13 488
13 491
13 493
13 494
13 495
13 500
13 501
13 504
13 506
13 507
13 509
13 510
13 511
13 512
13 513
13 514
13 516
13 519
13 520
13 523
13 524
13 528
13 538
13 540
13 541
13 542
13 546
13 548
13 549
13 553
13 554
13 555
13 558
13 562
13 564
13 565
13 566
13 567
13 568
13 569
13 570
13 573
13 577
13 578
13 579
13 580
13 581
13 584
13 586
13 590
13 591
13 592
13 598
13 600
13 603
13 604
13 605
13 608
13 609
13 617
13 618
13 620
13 622
13 624
13 626
13 627
13 628
13 629
13 631
13 632
13 633
13 635
13 637
13 638
13 639
13 641
13 642
13 643
13 645
13 646
13 648
13 653
13 654
13 661
13 663
13 664
13 669
13 675
13 680
13 681
13 683
13 685
13 687
13 689
13 691
13 692
13 693
13 694
13 695
13 696
13 697
13 698
13 700
13 701
13 704
13 706
13 708
13 711
13 712
13 714
13 716
13 718
13 719
13 720
13 723
13 725
13 726
13 727
13 728
13 730
13 732
13 734
13 735
13 736
13 737
13 743
13 745
13 746
13 747
13 752
13 753
13 754
13 757
13 758
13 759
13 761
13 762
13 763
13 767
13 768
13 769
13 771
13 774
13 776
13 778
13 779
13 780
13 782
13 785
13 786
13 787
13 791
13 792
13 793
13 794
13 795
13 798
14 404
14 405
14 408
14 411
14 413
14 414
14 416
14 417
14 422
14 424
14 425
14 427
14 429
14 431
14 433
14 435
14 437
14 438
14 440
14 441
14 443
14 444
14 447
14 448
14 450
14 451
14 453
14 454
14 455
14 456
14 457
14 458
14 459
14 460
14 462
14 463
14 469
14 470
14 472
14 473
14 474
14 477
14 478
14 480
14 481
14 482
14 483
14 486
14 489
14 493
14 495
14 500
14 501
14 503
14 505
14 507
14 509
14 510
14 514
14 516
14 517
14 520
14 522
14 523
14 525
14 528
14 529
14 530
14 532
14 535
14 536
14 537
14 539
14 542
14 544
14 545
14 554
14 555
14 557
14 558
14 560
14 561
14 565
14 568
14 570
14 572
14 579
14 580
14 583
14 587
14 590
14 591
14 593
14 594
14 596
14 597
14 598
14 599
14 603
14 605
14 607
14 609
14 610
14 612
14 613
14 616
14 621
14 622
14 624
14 625
14 626
14 627
14 628
14 629
14 631
14 636
14 638
14 639
14 641
14 643
14 646
14 650
14 652
14 653
14 654
14 655
14 656
14 658
14 659
14 662
14 663
14 666
14 667
14 671
14 672
14 673
14 675
14 678
14 680
14 682
14 684
14 686
14 687
14 689
14 691
14 693
14 695
14 696
14 698
14 699
14 700
14 702
14 703
14 706
14 707
14 708
14 711
14 712
14 713
14 715
14 718
14 719
14 720
14 721
14 722
14 723
14 725
14 727
14 731
14 732
14 733
14 734
14 737
14 738
14 740
14 742
14 744
14 745
14 747
14 750
14 753
14 755
14 756
14 758
14 759
14 760
14 761
14 765
14 767
14 768
14 769
14 770
14 773
14 779
14 786
14 788
14 789
14 790
14 792
14 797
14 799
14 800
15 403
15 404
15 405
15 408
15 409
15 410
15 413
15 414
15 419
15 420
15 421
15 422
15 423
15 424
15 425
15 429
15 430
15 432
15 433
15 434
15 435
15 436
15 439
15 442
15 444
15 446
15 447
15 448
15 449
15 453
15 454
15 455
15 457
15 462
15 463
15 464
15 466
15 468
15 473
15 475
15 479
15 480
15 481
15 485
15 488
15 489
15 490
15 492
15 493
15 495
15 496
15 499
15 500
15 502
15 503
15 507
15 509
15 510
15 512
15 516
15 517
15 518
15 521
15 522
15 523
15 527
15 531
15 532
15 534
15 536
15 539
15 541
15 542
15 543
15 544
15 547
15 548
15 550
15 552
15 558
15 560
15 563
15 564
15 566
15 567
15 571
15 572
15 577
15 579
15 580
15 581
15 583
15 585
15 586
15 587
15 588
15 590
15 592
15 593
15 594
15 595
15 596
15 597
15 598
15 599
15 600
15 601
15 602
15 604
15 607
15 610
15 613
15 616
15 618
15 619
15 622
15 623
15 624
15 627
15 629
15 630
15 631
15 632
15 635
15 636
15 640
15 643
15 644
15 646
15 647
15 649
15 650
15 652
15 657
15 659
15 660
15 661
15 662
15 664
15 666
15 671
15 672
15 674
15 675
15 676
15 677
15 678
15 680
15 681
15 683
15 684
15 685
15 689
15 690
15 691
15 693
15 694
15 696
15 697
15 698
15 699
15 701
15 702
15 705
15 708
15 709
15 710
15 712
15 714
15 717
15 718
15 719
15 720
15 721
15 723
15 726
15 728
15 730
15 732
15 733
15 739
15 743
15 746
15 747
15 749
15 750
15 751
15 754
15 761
15 765
15 769
15 770
15 771
15 773
15 774
15 775
15 783
15 784
15 786
15 789
15 790
15 793
15 795
15 798
15 799
15 800
16 402
16 406
16 410
16 411
16 414
16 416
16 418
16 419
16 421
16 422
16 427
16 430
16 431
16 432
16 434
16 441
16 442
16 444
16 447
16 450
16 451
16 454
16 455
16 456
16 465
16 466
16 473
16 475
16 477
16 480
16 485
16 487
16 488
16 489
16 491
16 492
16 493
16 496
16 497
16 498
16 499
16 503
16 504
16 507
16 508
16 509
16 510
16 513
16 514
16 516
16 518
16 523
16 524
16 526
16 527
16 529
16 530
16 531
16 532
16 534
16 536
16 537
16 538
16 540
16 543
16 545
16 548
16 551
16 552
16 561
16 562
16 563
16 564
16 565
16 566
16 567
16 568
16 571
16 573
16 574
16 578
16 581
16 584
16 585
16 586
16 587
16 588
16 591
16 592
16 593
16 595
16 602
16 605
16 606
16 608
16 609
16 610
16 611
16 612
16 613
16 616
16 618
16 619
16 620
16 622
16 624
16 625
16 628
16 631
16 632
16 636
16 637
16 640
16 642
16 645
16 647
16 648
16 649
16 650
16 651
16 652
16 653
16 655
16 659
16 661
16 663
16 665
16 667
16 670
16 672
16 675
16 684
16 685
16 688
16 690
16 694
16 696
16 697
16 699
16 701
16 702
16 703
16 704
16 705
16 706
16 707
16 708
16 709
16 714
16 717
16 718
16 719
16 720
16 721
16 722
16 724
16 726
16 732
16 733
16 734
16 738
16 743
16 744
16 746
16 747
16 749
16 752
16 753
16 755
16 757
16 758
16 761
16 763
16 766
16 768
16 769
16 770
16 773
16 774
16 775
16 777
16 779
16 782
16 785
16 788
16 791
16 792
16 795
16 797
16 798
16 799
16 800
17 401
17 402
17 403
17 405
17 406
17 408
17 413
17 414
17 417
17 418
17 419
17 420
17 421
17 422
17 427
17 428
17 429
17 430
17 432
17 433
17 434
17 438
17 439
17 441
17 444
17 445
17 450
17 451
17 452
17 453
17 454
17 457
17 458
17 460
17 462
17 463
17 464
17 466
17 468
17 470
17 471
17 472
17 474
17 476
17 478
17 481
17 483
17 485
17 486
17 487
17 488
17 489
17 490
17 494
17 495
17 496
17 499
17 501
17 506
17 511
17 512
17 513
17 517
17 518
17 524
17 528
17 532
17 534
17 536
17 537
17 538
17 539
17 540
17 541
17 542
17 543
17 546
17 547
17 549
17 550
17 551
17 556
17 561
17 562
17 566
17 568
17 569
17 570
17 578
17 582
17 583
17 585
17 588
17 589
17 590
17 591
17 592
17 593
17 594
17 598
17 601
17 603
17 605
17 606
17 611
17 612
17 615
17 616
17 618
17 620
17 624
17 625
17 626
17 627
17 629
17 631
17 632
17 633
17 636
17 638
17 639
17 640
17 641
17 642
17 643
17 646
17 652
17 660
17 665
17 666
17 669
17 671
17 672
17 674
17 678
17 683
17 685
17 688
17 689
17 691
17 693
17 695
17 696
17 698
17 700
17 701
17 702
17 703
17 706
17 707
17 708
17 710
17 711
17 714
17 717
17 718
17 722
17 725
17 727
17 728
17 730
17 731
17 732
17 733
17 735
17 736
17 737
17 738
17 741
17 743
17 744
17 750
17 751
17 752
17 753
17 754
17 756
17 758
17 761
17 762
17 764
17 767
17 769
17 770
17 775
17 777
17 778
17 780
17 783
17 784
17 785
17 786
17 789
17 795
17 798
17 799
17 800
18 401
18 402
18 403
18 404
18 405
18 406
18 407
18 408
18 410
18 411
18 413
18 414
18 416
18 417
18 418
18 419
18 421
18 422
18 424
18 426
18 427
18 428
18 429
18 430
18 432
18 436
18 437
18 438
18 441
18 443
18 446
18 449
18 450
18 452
18 453
18 454
18 456
18 460
18 461
18 464
18 472
18 473
18 482
18 484
18 485
18 486
18 487
18 488
18 490
18 491
18 495
18 497
18 501
18 502
18 503
18 505
18 507
18 508
18 510
18 514
18 516
18 517
18 518
18 519
18 521
18 523
18 534
18 535
18 541
18 542
18 543
18 546
18 547
18 549
18 550
18 551
18 552
18 555
18 556
18 558
18 560
18 561
18 563
18 564
18 565
18 569
18 570
18 571
18 572
18 574
18 575
18 578
18 582
18 584
18 587
18 588
18 590
18 593
18 598
18 599
18 603
18 605
18 608
18 609
18 611
18 612
18 614
18 616
18 620
18 622
18 623
18 624
18 627
18 631
18 632
18 633
18 636
18 637
18 638
18 642
18 643
18 648
18 649
18 650
18 651
18 653
18 654
18 656
18 664
18 666
18 668
18 669
18 672
18 674
18 675
18 676
18 678
18 680
18 681
18 682
18 683
18 684
18 686
18 688
18 689
18 690
18 691
18 697
18 698
18 700
18 702
18 703
18 704
18 707
18 710
18 711
18 721
18 722
18 723
18 724
18 725
18 727
18 728
18 731
18 733
18 734
18 736
18 737
18 738
18 742
18 743
18 744
18 747
18 748
18 749
18 751
18 756
18 759
18 760
18 762
18 764
18 765
18 769
18 770
18 771
18 772
18 773
18 774
18 776
18 777
18 779
18 781
18 782
18 783
18 786
18 787
18 788
18 792
18 794
18 795
18 798
18 799
18 800
19 404
19 408
19 409
19 411
19 415
19 416
19 417
19 418
19 422
19 424
19 426
19 430
19 432
19 435
19 436
19 437
19 441
19 442
19 443
19 444
19 445
19 447
19 450
19 453
19 455
19 458
19 459
19 460
19 464
19 465
19 466
19 468
19 469
19 470
19 474
19 476
19 479
19 480
19 481
19 483
19 484
19 485
19 487
19 488
19 489
19 491
19 492
19 493
19 494
19 496
19 498
19 500
19 501
19 503
19 505
19 506
19 514
19 516
19 519
19 522
19 523
19 524
19 525
19 526
19 527
19 528
19 529
19 530
19 532
19 534
19 537
19 539
19 541
19 543
19 544
19 547
19 548
19 550
19 552
19 555
19 556
19 558
19 559
19 560
19 562
19 564
19 570
19 576
19 577
19 579
19 584
19 585
19 586
19 588
19 591
19 594
19 596
19 597
19 598
19 599
19 600
19 601
19 605
19 609
19 610
19 611
19 613
19 617
19 618
19 620
19 621
19 622
19 623
19 624
19 625
19 627
19 629
19 630
19 631
19 633
19 635
19 640
19 645
19 647
19 648
19 649
19 650
19 651
19 658
19 659
19 660
19 661
19 662
19 664
19 668
19 669
19 671
19 672
19 673
19 676
19 678
19 679
19 683
19 684
19 685
19 689
19 691
19 693
19 694
19 695
19 697
19 703
19 704
19 705
19 711
19 716
19 717
19 718
19 720
19 721
19 722
19 725
19 726
19 727
19 728
19 731
19 736
19 738
19 743
19 744
19 745
19 746
19 751
19 754
19 755
19 756
19 757
19 758
19 762
19 764
19 767
19 768
19 770
19 775
19 776
19 780
19 781
19 782
19 783
19 784
19 786
19 787
19 788
19 790
19 791
19 793
19 795
19 798
19 799
20 401
20 403
20 404
20 405
20 406
20 408
20 409
20 411
20 413
20 414
20 417
20 418
20 419
20 420
20 421
20 427
20 428
20 429
20 433
20 435
20 439
20 442
20 445
20 446
20 452
20 453
20 455
20 457
20 458
20 459
20 460
20 462
20 463
20 467
20 469
20 471
20 473
20 475
20 478
20 483
20 484
20 487
20 489
20 490
20 491
20 493
20 494
20 497
20 498
20 499
20 503
20 504
20 505
20 512
20 515
20 516
20 517
20 518
20 520
20 524
20 526
20 527
20 528
20 530
20 532
20 533
20 535
20 538
20 541
20 543
20 544
20 545
20 546
20 548
20 551
20 552
20 557
20 560
20 562
20 564
20 566
20 568
20 570
20 572
20 573
20 574
20 575
20 578
20 580
20 581
20 582
20 585
20 586
20 590
20 591
20 593
20 602
20 603
20 604
20 606
20 607
20 608
20 612
20 617
20 618
20 620
20 627
20 629
20 631
20 633
20 634
20 637
20 639
20 640
20 641
20 647
20 648
20 649
20 650
20 658
20 659
20 660
20 661
20 665
20 667
20 669
20 677
20 678
20 682
20 683
20 685
20 687
20 691
20 692
20 694
20 702
20 703
20 706
20 707
20 708
20 709
20 710
20 713
20 714
20 715
20 717
20 718
20 719
20 720
20 721
20 722
20 723
20 725
20 728
20 733
20 735
20 737
20 739
20 740
20 741
20 745
20 748
20 749
20 750
20 752
20 753
20 756
20 757
20 758
20 760
20 761
20 766
20 769
20 772
20 773
20 774
20 775
20 777
20 782
20 783
20 785
20 786
20 787
20 793
20 795
20 796
20 797
20 798
21 401
21 405
21 407
21 409
21 410
21 415
21 416
21 417
21 419
21 422
21 427
21 428
21 430
21 431
21 437
21 441
21 442
21 443
21 444
21 448
21 451
21 452
21 454
21 455
21 458
21 461
21 463
21 466
21 467
21 468
21 469
21 471
21 472
21 475
21 476
21 478
21 482
21 483
21 485
21 486
21 487
21 488
21 490
21 491
21 496
21 499
21 501
21 502
21 504
21 506
21 508
21 511
21 513
21 514
21 515
21 517
21 519
21 521
21 523
21 524
21 525
21 526
21 527
21 529
21 530
21 532
21 534
21 535
21 536
21 537
21 538
21 540
21 541
21 542
21 546
21 548
21 549
21 550
21 553
21 554
21 555
21 556
21 557
21 558
21 561
21 563
21 565
21 567
21 568
21 575
21 577
21 578
21 580
21 583
21 588
21 590
21 591
21 593
21 596
21 598
21 603
21 604
21 606
21 610
21 612
21 615
21 616
21 620
21 621
21 623
21 626
21 627
21 631
21 632
21 633
21 637
21 638
21 639
21 640
21 641
21 642
21 644
21 646
21 648
21 652
21 654
21 656
21 657
21 659
21 661
21 662
21 664
21 666
21 668
21 669
21 671
21 675
21 676
21 682
21 683
21 687
21 689
21 692
21 695
21 701
21 702
21 703
21 704
21 705
21 706
21 709
21 710
21 713
21 716
21 717
21 720
21 721
21 722
21 723
21 727
21 731
21 733
21 734
21 738
21 740
21 743
21 744
21 745
21 747
21 748
21 749
21 753
21 755
21 756
21 757
21 759
21 760
21 761
21 764
21 767
21 769
21 770
21 771
21 772
21 774
21 777
21 779
21 781
21 784
21 785
21 786
21 787
21 788
21 789
21 791
21 795
21 799
21 800
22 402
22 404
22 405
22 406
22 409
22 411
22 413
22 414
22 416
22 418
22 421
22 425
22 426
22 428
22 429
22 430
22 431
22 432
22 434
22 436
22 438
22 439
22 442
22 444
22 445
22 447
22 449
22 450
22 453
22 456
22 457
22 458
22 460
22 461
22 462
22 463
22 465
22 467
22 468
22 470
22 472
22 474
22 475
22 477
22 479
22 482
22 483
22 484
22 485
22 487
22 490
22 491
22 492
22 493
22 494
22 496
22 502
22 504
22 506
22 508
22 511
22 514
22 516
22 518
22 519
22 522
22 523
22 526
22 527
22 531
22 532
22 535
22 536
22 537
22 539
22 540
22 541
22 544
22 545
22 547
22 551
22 554
22 555
22 559
22 561
22 562
22 565
22 567
22 573
22 574
22 579
22 581
22 583
22 587
22 588
22 595
22 597
22 598
22 599
22 600
22 604
22 607
22 608
22 610
22 614
22 615
22 616
22 623
22 624
22 625
22 627
22 628
22 630
22 632
22 634
22 636
22 637
22 639
22 640
22 645
22 646
22 654
22 655
22 657
22 658
22 659
22 660
22 661
22 664
22 665
22 667
22 669
22 671
22 676
22 677
22 679
22 680
22 686
22 687
22 688
22 691
22 692
22 694
22 699
22 701
22 702
22 703
22 704
22 705
22 706
22 709
22 711
22 712
22 715
22 717
22 719
22 722
22 723
22 724
22 725
22 727
22 729
22 730
22 731
22 732
22 733
22 735
22 736
22 739
22 742
22 745
22 748
22 750
22 751
22 754
22 755
22 756
22 759
22 762
22 764
22 765
22 769
22 772
22 774
22 777
22 778
22 781
22 782
22 783
22 786
22 789
22 790
22 791
22 793
22 794
22 795
22 796
23 403
23 406
23 407
23 409
23 411
23 412
23 414
23 415
23 416
23 417
23 418
23 419
23 420
23 421
23 422
23 430
23 434
23 437
23 438
23 439
23 441
23 445
23 448
23 452
23 454
23 455
23 457
23 458
23 459
23 462
23 464
23 468
23 469
23 470
23 471
23 474
23 477
23 478
23 479
23 482
23 483
23 486
23 487
23 488
23 490
23 497
23 499
23 501
23 503
23 504
23 505
23 506
23 509
23 513
23 514
23 516
23 517
23 519
23 520
23 521
23 522
23 523
23 525
23 526
23 530
23 533
23 534
23 538
23 539
23 540
23 541
23 542
23 543
23 544
23 546
23 547
23 548
23 550
23 551
23 556
23 558
23 559
23 562
23 563
23 564
23 565
23 567
23 568
23 575
23 576
23 577
23 578
23 582
23 583
23 589
23 590
23 592
23 593
23 594
23 595
23 596
23 599
23 600
23 601
23 602
23 603
23 605
23 606
23 607
23 608
23 615
23 616
23 617
23 618
23 621
23 622
23 624
23 625
23 628
23 631
23 633
23 634
23 635
23 640
23 642
23 645
23 647
23 648
23 650
23 652
23 653
23 655
23 656
23 657
23 658
23 659
23 662
23 665
23 669
23 679
23 681
23 683
23 684
23 689
23 692
23 696
23 699
23 701
23 702
23 704
23 709
23 710
23 711
23 712
23 713
23 714
23 718
23 719
23 720
23 725
23 734
23 736
23 737
23 738
23 739
23 740
23 744
23 747
23 749
23 750
23 751
23 752
23 756
23 757
23 758
23 760
23 761
23 762
23 765
23 766
23 767
23 768
23 769
23 771
23 773
23 774
23 779
23 780
23 783
23 786
23 793
23 798
23 800
24 401
24 402
24 404
24 405
24 407
24 411
24 416
24 419
24 422
24 427
24 428
24 429
24 430
24 431
24 433
24 435
24 437
24 438
24 442
24 445
24 446
24 447
24 448
24 449
24 450
24 454
24 455
24 458
24 462
24 465
24 466
24 470
24 471
24 474
24 475
24 476
24 478
24 479
24 482
24 483
24 485
24 486
24 491
24 499
24 500
24 501
24 503
24 504
24 505
24 507
24 508
24 513
24 515
24 519
24 520
24 521
24 523
24 526
24 527
24 529
24 532
24 533
24 535
24 539
24 541
24 542
24 544
24 545
24 549
24 550
24 552
24 553
24 555
24 556
24 557
24 560
24 561
24 562
24 563
24 564
24 568
24 569
24 571
24 572
24 574
24 576
24 577
24 578
24 580
24 584
24 585
24 587
24 590
24 595
24 599
24 600
24 606
24 608
24 609
24 610
24 611
24 612
24 613
24 614
24 615
24 617
24 618
24 619
24 622
24 624
24 625
24 626
24 627
24 630
24 631
24 632
24 634
24 636
24 639
24 640
24 641
24 643
24 646
24 648
24 651
24 652
24 653
24 654
24 658
24 660
24 661
24 665
24 666
24 668
24 669
24 670
24 679
24 682
24 683
24 685
24 686
24 692
24 693
24 694
24 696
24 697
24 701
24 702
24 706
24 707
24 708
24 710
24 713
24 715
24 716
24 719
24 720
24 722
24 723
24 724
24 725
24 726
24 727
24 729
24 731
24 732
24 733
24 734
24 735
24 736
24 737
24 738
24 742
24 747
24 750
24 755
24 756
24 757
24 758
24 760
24 761
24 762
24 763
24 764
24 767
24 768
24 769
24 771
24 772
24 775
24 777
24 778
24 779
24 781
24 782
24 784
24 787
24 788
24 789
24 791
24 792
24 795
24 796
24 798
24 800
25 401
25 403
25 404
25 406
25 407
25 409
25 410
25 411
25 413
25 414
25 415
25 417
25 418
25 419
25 420
25 421
25 425
25 426
25 427
25 428
25 430
25 432
25 434
25 437
25 440
25 441
25 442
25 446
25 449
25 450
25 451
25 455
25 457
25 460
25 463
25 464
25 465
25 469
25 473
25 474
25 475
25 478
25 481
25 483
25 489
25 491
25 492
25 494
25 498
25 500
25 503
25 504
25 505
25 510
25 511
25 516
25 518
25 521
25 522
25 523
25 524
25 526
25 527
25 528
25 529
25 531
25 533
25 536
25 537
25 542
25 545
25 549
25 550
25 551
25 554
25 557
25 558
25 559
25 560
25 565
25 567
25 568
25 569
25 571
25 572
25 573
25 575
25 576
25 580
25 587
25 589
25 590
25 591
25 592
25 593
25 597
25 598
25 599
25 603
25 605
25 607
25 608
25 609
25 610
25 611
25 612
25 613
25 617
25 619
25 622
25 623
25 624
25 625
25 626
25 629
25 630
25 632
25 633
25 634
25 635
25 637
25 638
25 639
25 640
25 641
25 646
25 650
25 652
25 653
25 655
25 657
25 658
25 659
25 660
25 662
25 667
25 668
25 669
25 670
25 672
25 673
25 674
25 678
25 679
25 683
25 685
25 687
25 688
25 689
25 690
25 691
25 692
25 693
25 697
25 700
25 702
25 707
25 709
25 712
25 713
25 715
25 718
25 719
25 720
25 721
25 722
25 723
25 724
25 726
25 727
25 729
25 733
25 734
25 735
25 737
25 738
25 744
25 749
25 752
25 755
25 757
25 759
25 765
25 766
25 768
25 771
25 774
25 775
25 776
25 778
25 780
25 781
25 782
25 783
25 784
25 785
25 786
25 787
25 793
25 794
25 796
26 401
26 403
26 407
26 412
26 415
26 416
26 418
26 419
26 420
26 421
26 422
26 423
26 424
26 425
26 427
26 428
26 429
26 430
26 434
26 435
26 436
26 438
26 439
26 440
26 443
26 444
26 446
26 448
26 449
26 450
26 451
26 452
26 458
26 459
26 461
26 464
26 466
26 470
26 472
26 474
26 476
26 480
26 481
26 482
26 483
26 485
26 486
26 487
26 491
26 496
26 497
26 498
26 499
26 500
26 501
26 503
26 505
26 508
26 509
26 510
26 513
26 515
26 516
26 519
26 521
26 524
26 526
26 527
26 529
26 530
26 533
26 538
26 539
26 541
26 542
26 544
26 546
26 547
26 548
26 549
26 553
26 554
26 555
26 556
26 557
26 560
26 561
26 562
26 564
26 567
26 569
26 571
26 573
26 575
26 576
26 578
26 583
26 584
26 585
26 586
26 588
26 590
26 591
26 594
26 595
26 596
26 599
26 600
26 603
26 606
26 608
26 610
26 616
26 618
26 620
26 621
26 623
26 624
26 626
26 627
26 631
26 632
26 633
26 634
26 637
26 640
26 641
26 642
26 643
26 645
26 646
26 647
26 648
26 650
26 652
26 654
26 656
26 657
26 658
26 659
26 662
26 665
26 669
26 670
26 671
26 672
26 674
26 675
26 679
26 686
26 690
26 692
26 693
26 695
26 697
26 698
26 702
26 703
26 704
26 705
26 709
26 710
26 712
26 714
26 716
26 718
26 719
26 720
26 721
26 723
26 724
26 730
26 733
26 734
26 735
26 739
26 743
26 744
26 745
26 746
26 748
26 749
26 750
26 753
26 754
26 759
26 761
26 762
26 763
26 767
26 772
26 774
26 775
26 776
26 778
26 779
26 781
26 783
26 787
26 788
26 789
26 790
26 797
26 798
26 800
27 401
27 403
27 405
27 407
27 408
27 410
27 411
27 412
27 415
27 416
27 417
27 420
27 421
27 422
27 424
27 426
27 427
27 430
27 432
27 433
27 436
27 437
27 438
27 440
27 442
27 443
27 444
27 445
27 446
27 450
27 452
27 453
27 454
27 455
27 459
27 461
27 462
27 466
27 467
27 472
27 478
27 480
27 482
27 483
27 486
27 487
27 491
27 496
27 497
27 500
27 501
27 503
27 504
27 505
27 506
27 507
27 508
27 509
27 511
27 513
27 514
27 516
27 519
27 522
27 523
27 524
27 525
27 526
27 531
27 532
27 533
27 541
27 544
27 545
27 546
27 547
27 550
27 552
27 555
27 557
27 562
27 563
27 564
27 567
27 568
27 571
27 574
27 577
27 582
27 584
27 585
27 587
27 588
27 591
27 596
27 599
27 601
27 604
27 609
27 610
27 611
27 615
27 617
27 619
27 621
27 622
27 624
27 625
27 626
27 629
27 630
27 631
27 632
27 635
27 636
27 638
27 640
27 641
27 642
27 645
27 646
27 650
27 652
27 653
27 655
27 656
27 657
27 658
27 663
27 664
27 667
27 668
27 669
27 672
27 673
27 674
27 677
27 678
27 679
27 681
27 682
27 684
27 686
27 687
27 691
27 698
27 701
27 702
27 704
27 705
27 711
27 712
27 713
27 715
27 716
27 717
27 719
27 720
27 724
27 725
27 728
27 729
27 733
27 734
27 735
27 736
27 737
27 740
27 741
27 742
27 743
27 746
27 747
27 749
27 751
27 753
27 756
27 757
27 762
27 763
27 764
27 766
27 769
27 771
27 772
27 775
27 777
27 779
27 781
27 782
27 783
27 787
27 788
27 790
27 791
27 795
28 401
28 402
28 405
28 406
28 410
28 411
28 412
28 414
28 415
28 416
28 417
28 418
28 419
28 422
28 424
28 425
28 426
28 427
28 428
28 431
28 436
28 437
28 438
28 440
28 441
28 443
28 446
28 449
28 452
28 455
28 457
28 458
28 459
28 461
28 464
28 466
28 467
28 470
28 471
28 473
28 474
28 476
28 477
28 479
28 483
28 485
28 487
28 488
28 490
28 493
28 494
28 495
28 496
28 498
28 500
28 502
28 504
28 506
28 507
28 509
28 512
28 514
28 515
28 516
28 517
28 520
28 522
28 523
28 524
28 526
28 529
28 530
28 531
28 537
28 538
28 539
28 543
28 544
28 545
28 547
28 548
28 551
28 553
28 554
28 555
28 556
28 564
28 565
28 566
28 567
28 570
28 571
28 572
28 575
28 576
28 578
28 579
28 583
28 585
28 589
28 590
28 591
28 594
28 595
28 597
28 598
28 600
28 607
28 608
28 609
28 612
28 614
28 617
28 620
28 621
28 622
28 624
28 625
28 626
28 628
28 629
28 632
28 633
28 635
28 643
28 644
28 645
28 648
28 650
28 651
28 652
28 653
28 655
28 657
28 658
28 659
28 661
28 662
28 663
28 664
28 665
28 670
28 671
28 673
28 675
28 680
28 681
28 683
28 686
28 687
28 688
28 692
28 693
28 695
28 697
28 699
28 700
28 702
28 703
28 705
28 706
28 707
28 708
28 709
28 710
28 714
28 716
28 717
28 718
28 722
28 725
28 726
28 728
28 732
28 735
28 736
28 738
28 740
28 741
28 746
28 748
28 749
28 754
28 756
28 757
28 758
28 759
28 761
28 764
28 768
28 769
28 771
28 773
28 775
28 777
28 779
28 782
28 785
28 786
28 787
28 788
28 793
28 795
28 796
28 798
28 799
29 401
29 404
29 405
29 406
29 407
29 411
29 412
29 413
29 414
29 415
29 416
29 418
29 419
29 421
29 423
29 424
29 426
29 430
29 431
29 433
29 434
29 435
29 439
29 440
29 444
29 445
29 448
29 449
29 452
29 458
29 460
29 462
29 463
29 464
29 472
29 473
29 474
29 478
29 479
29 480
29 481
29 484
29 486
29 488
29 489
29 492
29 496
29 497
29 499
29 500
29 501
29 502
29 504
29 508
29 510
29 511
29 514
29 519
29 521
29 522
29 525
29 526
29 527
29 529
29 530
29 532
29 537
29 540
29 548
29 549
29 551
29 554
29 556
29 557
29 558
29 559
29 560
29 561
29 564
29 566
29 568
29 569
29 571
29 574
29 580
29 581
29 582
29 583
29 589
29 590
29 592
29 597
29 598
29 600
29 602
29 603
29 607
29 609
29 610
29 612
29 616
29 617
29 618
29 619
29 620
29 623
29 625
29 627
29 628
29 629
29 630
29 632
29 634
29 635
29 636
29 637
29 638
29 639
29 641
29 642
29 644
29 646
29 647
29 648
29 649
29 650
29 651
29 658
29 660
29 662
29 663
29 664
29 666
29 672
29 674
29 676
29 679
29 680
29 681
29 682
29 685
29 687
29 692
29 698
29 699
29 701
29 702
29 704
29 705
29 706
29 711
29 712
29 713
29 716
29 717
29 719
29 720
29 721
29 723
29 725
29 726
29 727
29 730
29 740
29 741
29 744
29 745
29 748
29 754
29 755
29 756
29 758
29 760
29 762
29 763
29 766
29 767
29 768
29 769
29 771
29 773
29 774
29 775
29 777
29 780
29 783
29 784
29 786
29 787
29 788
29 790
29 792
29 793
29 794
29 795
29 796
30 401
30 405
30 406
30 408
30 411
30 412
30 414
30 416
30 418
30 422
30 425
30 429
30 430
30 431
30 433
30 434
30 437
30 442
30 444
30 445
30 446
30 448
30 449
30 450
30 452
30 453
30 454
30 460
30 462
30 463
30 464
30 466
30 467
30 469
30 471
30 473
30 474
30 479
30 482
30 484
30 486
30 489
30 491
30 492
30 494
30 497
30 498
30 499
30 500
30 503
30 504
30 508
30 509
30 510
30 513
30 516
30 519
30 520
30 521
30 523
30 526
30 528
30 531
30 534
30 535
30 536
30 538
30 542
30 545
30 546
30 549
30 550
30 552
30 555
30 558
30 559
30 560
30 561
30 562
30 566
30 567
30 572
30 574
30 575
30 580
30 581
30 582
30 585
30 590
30 595
30 596
30 597
30 598
30 599
30 600
30 602
30 606
30 608
30 610
30 611
30 612
30 614
30 618
30 619
30 621
30 623
30 625
30 627
30 629
30 631
30 632
30 633
30 634
30 635
30 636
30 641
30 643
30 644
30 647
30 651
30 652
30 653
30 657
30 660
30 663
30 665
30 666
30 667
30 668
30 669
30 670
30 672
30 674
30 675
30 677
30 678
30 679
30 681
30 682
30 683
30 686
30 687
30 688
30 690
30 695
30 696
30 699
30 700
30 702
30 704
30 711
30 714
30 715
30 716
30 718
30 719
30 720
30 721
30 723
30 726
30 727
30 728
30 730
30 731
30 732
30 733
30 736
30 737
30 738
30 739
30 742
30 744
30 747
30 749
30 751
30 753
30 757
30 759
30 762
30 763
30 764
30 765
30 768
30 770
30 771
30 773
30 774
30 777
30 780
30 782
30 784
30 789
30 796
30 799
31 401
31 402
31 405
31 406
31 407
31 410
31 411
31 413
31 414
31 415
31 417
31 418
31 420
31 421
31 423
31 428
31 429
31 431
31 433
31 434
31 440
31 441
31 443
31 444
31 448
31 449
31 454
31 455
31 456
31 457
31 462
31 465
31 473
31 474
31 475
31 477
31 478
31 479
31 480
31 481
31 483
31 487
31 488
31 489
31 491
31 493
31 494
31 496
31 499
31 500
31 501
31 502
31 504
31 506
31 507
31 510
31 511
31 514
31 518
31 519
31 522
31 531
31 532
31 533
31 534
31 535
31 538
31 543
31 544
31 545
31 546
31 550
31 551
31 553
31 556
31 559
31 560
31 561
31 563
31 565
31 566
31 567
31 568
31 569
31 570
31 571
31 572
31 573
31 575
31 580
31 581
31 584
31 589
31 591
31 593
31 594
31 596
31 600
31 602
31 603
31 604
31 605
31 608
31 609
31 610
31 613
31 615
31 616
31 620
31 621
31 623
31 624
31 625
31 626
31 629
31 630
31 633
31 634
31 635
31 636
31 637
31 638
31 640
31 642
31 644
31 646
31 647
31 649
31 654
31 658
31 659
31 660
31 663
31 664
31 666
31 667
31 669
31 675
31 680
31 681
31 682
31 686
31 691
31 695
31 696
31 697
31 700
31 702
31 703
31 704
31 710
31 714
31 717
31 718
31 719
31 721
31 722
31 723
31 734
31 735
31 738
31 739
31 740
31 746
31 748
31 752
31 753
31 754
31 755
31 756
31 757
31 762
31 764
31 765
31 766
31 769
31 772
31 774
31 776
31 779
31 780
31 782
31 783
31 784
31 786
31 787
31 789
31 791
31 794
31 797
31 798
31 800
32 405
32 406
32 407
32 408
32 409
32 410
32 411
32 412
32 413
32 416
32 418
32 419
32 421
32 423
32 424
32 426
32 428
32 432
32 433
32 437
32 438
32 439
32 441
32 442
32 446
32 447
32 448
32 449
32 452
32 454
32 456
32 459
32 461
32 462
32 465
32 466
32 467
32 470
32 475
32 476
32 477
32 480
32 481
32 482
32 483
32 484
32 486
32 488
32 489
32 490
32 493
32 496
32 497
32 499
32 502
32 503
32 505
32 508
32 510
32 511
32 513
32 514
32 515
32 516
32 519
32 520
32 521
32 524
32 529
32 532
32 534
32 535
32 536
32 537
32 540
32 542
32 543
32 545
32 548
32 550
32 551
32 556
32 557
32 559
32 560
32 561
32 562
32 564
32 565
32 566
32 567
32 568
32 569
32 570
32 572
32 577
32 582
32 583
32 586
32 588
32 589
32 591
32 592
32 598
32 601
32 602
32 611
32 613
32 615
32 616
32 618
32 619
32 621
32 622
32 623
32 624
32 625
32 626
32 627
32 630
32 631
32 633
32 638
32 639
32 640
32 642
32 644
32 649
32 650
32 651
32 653
32 656
32 657
32 659
32 660
32 661
32 662
32 663
32 666
32 667
32 669
32 670
32 671
32 678
32 679
32 680
32 683
32 684
32 685
32 690
32 691
32 694
32 696
32 697
32 698
32 703
32 705
32 706
32 708
32 710
32 712
32 715
32 716
32 717
32 720
32 724
32 725
32 726
32 727
32 728
32 729
32 730
32 731
32 732
32 734
32 736
32 739
32 740
32 742
32 743
32 747
32 748
32 749
32 750
32 751
32 752
32 753
32 755
32 757
32 759
32 761
32 763
32 764
32 765
32 766
32 768
32 769
32 774
32 776
32 777
32 778
32 780
32 783
32 784
32 785
32 788
32 789
32 791
32 797
32 798
33 401
33 402
33 403
33 408
33 411
33 415
33 416
33 417
33 418
33 420
33 428
33 429
33 431
33 432
33 433
33 435
33 437
33 439
33 440
33 442
33 444
33 445
33 446
33 447
33 451
33 453
33 454
33 455
33 458
33 460
33 461
33 464
33 466
33 467
33 470
33 473
33 475
33 479
33 480
33 483
33 485
33 486
33 488
33 493
33 494
33 497
33 498
33 501
33 502
33 503
33 504
33 506
33 507
33 508
33 509
33 510
33 514
33 520
33 526
33 528
33 529
33 531
33 534
33 537
33 539
33 540
33 542
33 543
33 544
33 545
33 546
33 550
33 552
33 553
33 554
33 555
33 561
33 562
33 563
33 565
33 566
33 567
33 569
33 572
33 576
33 579
33 583
33 584
33 587
33 589
33 591
33 593
33 594
33 596
33 597
33 598
33 600
33 601
33 604
33 605
33 607
33 609
33 611
33 613
33 614
33 615
33 616
33 617
33 619
33 620
33 621
33 622
33 625
33 627
33 628
33 630
33 631
33 635
33 636
33 640
33 641
33 643
33 645
33 646
33 648
33 649
33 651
33 652
33 654
33 655
33 656
33 657
33 658
33 659
33 660
33 661
33 665
33 667
33 670
33 671
33 672
33 674
33 678
33 680
33 682
33 683
33 685
33 687
33 693
33 695
33 699
33 700
33 701
33 703
33 704
33 705
33 706
33 707
33 708
33 709
33 712
33 719
33 720
33 721
33 726
33 733
33 735
33 738
33 739
33 741
33 742
33 744
33 745
33 750
33 751
33 753
33 754
33 755
33 756
33 759
33 765
33 766
33 767
33 769
33 772
33 775
33 778
33 780
33 782
33 783
33 784
33 785
33 787
33 788
33 789
33 792
33 794
33 795
33 798
33 799
33 800
34 402
34 403
34 404
34 405
34 408
34 413
34 415
34 416
34 417
34 420
34 421
34 422
34 424
34 425
34 426
34 427
34 428
34 430
34 431
34 433
34 438
34 439
34 440
34 443
34 445
34 446
34 447
34 449
34 450
34 451
34 453
34 457
34 459
34 460
34 461
34 463
34 464
34 466
34 469
34 471
34 475
34 476
34 479
34 481
34 484
34 485
34 487
34 488
34 490
34 494
34 498
34 500
34 501
34 502
34 504
34 505
34 506
34 508
34 511
34 512
34 513
34 514
34 515
34 516
34 523
34 524
34 528
34 530
34 532
34 535
34 536
34 537
34 538
34 539
34 544
34 546
34 547
34 553
34 555
34 556
34 557
34 558
34 560
34 562
34 566
34 567
34 572
34 573
34 574
34 575
34 579
34 584
34 585
34 587
34 589
34 591
34 593
34 594
34 596
34 599
34 601
34 603
34 604
34 605
34 608
34 609
34 610
34 611
34 615
34 616
34 618
34 620
34 622
34 625
34 630
34 631
34 633
34 635
34 639
34 643
34 645
34 649
34 650
34 651
34 653
34 654
34 655
34 656
34 659
34 665
34 666
34 667
34 668
34 670
34 678
34 679
34 680
34 685
34 688
34 689
34 691
34 695
34 700
34 703
34 704
34 706
34 708
34 709
34 713
34 714
34 715
34 716
34 721
34 723
34 724
34 725
34 726
34 735
34 737
34 738
34 739
34 741
34 744
34 746
34 747
34 748
34 749
34 750
34 753
34 756
34 757
34 759
34 761
34 762
34 764
34 765
34 766
34 767
34 768
34 770
34 771
34 772
34 778
34 780
34 782
34 784
34 787
34 788
34 792
34 794
34 795
34 796
34 798
34 799
35 401
35 403
35 407
35 411
35 413
35 414
35 415
35 418
35 419
35 422
35 424
35 425
35 427
35 430
35 431
35 435
35 437
35 438
35 439
35 441
35 444
35 446
35 447
35 448
35 450
35 453
35 457
35 459
35 460
35 466
35 467
35 470
35 471
35 472
35 473
35 477
35 478
35 480
35 481
35 482
35 483
35 484
35 485
35 486
35 489
35 490
35 491
35 495
35 496
35 497
35 499
35 501
35 502
35 505
35 506
35 510
35 512
35 513
35 514
35 515
35 520
35 521
35 523
35 527
35 529
35 533
35 534
35 535
35 538
35 539
35 541
35 544
35 545
35 547
35 548
35 549
35 550
35 552
35 555
35 556
35 558
35 565
35 568
35 570
35 571
35 572
35 574
35 575
35 583
35 584
35 586
35 587
35 589
35 594
35 596
35 600
35 601
35 602
35 605
35 606
35 607
35 608
35 609
35 610
35 614
35 618
35 619
35 622
35 625
35 626
35 628
35 629
35 632
35 633
35 637
35 638
35 643
35 650
35 652
35 655
35 656
35 657
35 658
35 659
35 660
35 661
35 662
35 663
35 666
35 667
35 668
35 669
35 671
35 672
35 676
35 677
35 680
35 681
35 683
35 685
35 686
35 688
35 689
35 692
35 696
35 697
35 698
35 701
35 703
35 707
35 708
35 709
35 710
35 712
35 713
35 716
35 717
35 720
35 721
35 722
35 727
35 732
35 737
35 739
35 741
35 742
35 743
35 745
35 746
35 749
35 750
35 751
35 755
35 757
35 758
35 759
35 760
35 762
35 763
35 765
35 768
35 769
35 771
35 773
35 774
35 776
35 777
35 778
35 781
35 785
35 786
35 792
35 794
35 795
35 796
35 799
35 800
36 401
36 402
36 403
36 404
36 406
36 408
36 409
36 411
36 412
36 413
36 414
36 415
36 416
36 417
36 418
36 420
36 421
36 423
36 424
36 425
36 426
36 429
36 430
36 431
36 433
36 434
36 436
36 437
36 439
36 440
36 442
36 444
36 449
36 451
36 452
36 453
36 455
36 456
36 457
36 460
36 461
36 465
36 466
36 467
36 468
36 473
36 474
36 476
36 478
36 481
36 483
36 484
36 487
36 488
36 490
36 493
36 494
36 496
36 501
36 502
36 504
36 505
36 507
36 508
36 514
36 515
36 516
36 517
36 518
36 519
36 522
36 526
36 527
36 530
36 532
36 533
36 535
36 536
36 538
36 539
36 540
36 542
36 549
36 551
36 553
36 554
36 555
36 556
36 557
36 558
36 559
36 560
36 562
36 568
36 569
36 570
36 572
36 573
36 576
36 578
36 579
36 580
36 582
36 583
36 585
36 587
36 588
36 590
36 592
36 593
36 596
36 598
36 600
36 603
36 606
36 607
36 608
36 611
36 612
36 614
36 615
36 620
36 623
36 627
36 628
36 629
36 630
36 632
36 633
36 638
36 641
36 642
36 643
36 645
36 646
36 651
36 653
36 655
36 656
36 657
36 658
36 659
36 660
36 663
36 664
36 667
36 671
36 672
36 673
36 676
36 678
36 679
36 684
36 685
36 686
36 688
36 691
36 692
36 695
36 696
36 697
36 699
36 701
36 703
36 705
36 708
36 712
36 713
36 717
36 720
36 726
36 728
36 729
36 730
36 731
36 732
36 738
36 740
36 744
36 745
36 746
36 750
36 751
36 753
36 754
36 755
36 757
36 763
36 764
36 766
36 767
36 769
36 770
36 772
36 773
36 774
36 775
36 776
36 778
36 779
36 780
36 781
36 786
36 791
36 793
36 795
36 797
37 403
37 404
37 407
37 408
37 409
37 410
37 411
37 412
37 413
37 414
37 418
37 419
37 421
37 423
37 424
37 425
37 428
37 431
37 432
37 434
37 435
37 436
37 445
37 446
37 447
37 448
37 450
37 451
37 452
37 453
37 454
37 457
37 458
37 463
37 466
37 467
37 469
37 470
37 473
37 477
37 478
37 479
37 481
37 485
37 486
37 487
37 488
37 493
37 494
37 497
37 500
37 503
37 515
37 519
37 520
37 521
37 522
37 524
37 525
37 526
37 534
37 535
37 540
37 541
37 542
37 544
37 545
37 546
37 547
37 551
37 552
37 553
37 554
37 555
37 559
37 560
37 561
37 562
37 565
37 566
37 569
37 571
37 573
37 576
37 578
37 584
37 586
37 587
37 588
37 590
37 591
37 593
37 594
37 595
37 598
37 601
37 602
37 603
37 604
37 606
37 609
37 610
37 611
37 612
37 616
37 617
37 618
37 619
37 620
37 621
37 624
37 628
37 629
37 630
37 633
37 635
37 637
37 638
37 643
37 644
37 647
37 650
37 652
37 653
37 655
37 656
37 657
37 660
37 662
37 663
37 664
37 669
37 671
37 674
37 675
37 680
37 681
37 683
37 686
37 687
37 688
37 693
37 694
37 695
37 697
37 702
37 705
37 707
37 708
37 713
37 717
37 718
37 720
37 726
37 731
37 732
37 734
37 735
37 736
37 737
37 751
37 752
37 753
37 754
37 755
37 756
37 757
37 762
37 765
37 767
37 769
37 770
37 771
37 773
37 774
37 777
37 780
37 784
37 785
37 788
37 790
37 792
37 794
37 796
37 797
37 798
37 799
38 404
38 410
38 412
38 413
38 416
38 419
38 422
38 423
38 424
38 427
38 429
38 431
38 432
38 433
38 436
38 437
38 438
38 439
38 443
38 448
38 449
38 453
38 455
38 461
38 464
38 465
38 470
38 471
38 473
38 478
38 479
38 480
38 484
38 485
38 489
38 490
38 491
38 493
38 494
38 496
38 498
38 500
38 503
38 504
38 506
38 507
38 508
38 510
38 522
38 523
38 525
38 527
38 534
38 535
38 537
38 538
38 540
38 543
38 544
38 545
38 547
38 548
38 549
38 550
38 555
38 556
38 561
38 563
38 564
38 565
38 568
38 570
38 574
38 576
38 578
38 579
38 581
38 583
38 584
38 586
38 591
38 593
38 594
38 595
38 596
38 597
38 605
38 610
38 612
38 613
38 615
38 622
38 631
38 632
38 636
38 638
38 639
38 642
38 643
38 647
38 649
38 650
38 652
38 654
38 655
38 657
38 659
38 661
38 663
38 668
38 669
38 670
38 672
38 674
38 677
38 678
38 683
38 685
38 688
38 690
38 694
38 695
38 696
38 697
38 699
38 702
38 703
38 704
38 705
38 706
38 709
38 710
38 711
38 712
38 713
38 715
38 716
38 717
38 719
38 721
38 722
38 724
38 725
38 727
38 729
38 730
38 732
38 734
38 737
38 739
38 740
38 741
38 742
38 745
38 749
38 751
38 752
38 754
38 755
38 756
38 758
38 760
38 761
38 765
38 766
38 771
38 773
38 775
38 777
38 779
38 781
38 783
38 784
38 786
38 787
38 789
38 791
38 792
38 797
38 798
38 799
38 800
39 401
39 404
39 410
39 412
39 413
39 415
39 416
39 418
39 421
39 422
39 423
39 429
39 430
39 435
39 436
39 438
39 439
39 440
39 441
39 443
39 445
39 446
39 447
39 449
39 451
39 452
39 453
39 454
39 456
39 457
39 458
39 460
39 461
39 462
39 465
39 474
39 475
39 476
39 477
39 479
39 480
39 481
39 482
39 486
39 489
39 490
39 493
39 494
39 495
39 498
39 499
39 500
39 501
39 502
39 503
39 504
39 505
39 506
39 508
39 509
39 510
39 511
39 514
39 515
39 518
39 519
39 520
39 521
39 524
39 529
39 531
39 534
39 536
39 537
39 541
39 542
39 543
39 546
39 547
39 548
39 549
39 551
39 552
39 553
39 554
39 555
39 556
39 558
39 560
39 562
39 564
39 567
39 568
39 569
39 571
39 572
39 574
39 577
39 579
39 584
39 586
39 588
39 593
39 599
39 600
39 601
39 602
39 603
39 604
39 606
39 607
39 609
39 610
39 613
39 616
39 617
39 618
39 619
39 621
39 623
39 624
39 629
39 630
39 636
39 638
39 639
39 640
39 645
39 648
39 650
39 651
39 653
39 654
39 656
39 657
39 659
39 660
39 661
39 663
39 664
39 666
39 667
39 668
39 672
39 673
39 677
39 678
39 681
39 682
39 683
39 684
39 685
39 688
39 689
39 690
39 691
39 696
39 698
39 700
39 701
39 702
39 705
39 707
39 708
39 709
39 710
39 717
39 718
39 720
39 722
39 723
39 726
39 727
39 729
39 730
39 733
39 736
39 738
39 740
39 742
39 747
39 748
39 749
39 750
39 752
39 756
39 757
39 758
39 759
39 760
39 761
39 762
39 764
39 765
39 767
39 771
39 772
39 779
39 781
39 783
39 784
39 785
39 788
39 790
39 791
39 793
39 794
39 795
39 797
39 799
40 405
40 407
40 413
40 414
40 417
40 420
40 423
40 424
40 426
40 429
40 430
40 433
40 434
40 435
40 436
40 438
40 439
40 440
40 444
40 445
40 450
40 451
40 452
40 453
40 455
40 457
40 458
40 459
40 461
40 462
40 463
40 464
40 469
40 470
40 473
40 477
40 478
40 479
40 483
40 484
40 485
40 490
40 491
40 494
40 498
40 500
40 501
40 503
40 504
40 507
40 509
40 510
40 513
40 515
40 516
40 517
40 520
40 523
40 525
40 529
40 532
40 533
40 534
40 535
40 536
40 537
40 540
40 545
40 546
40 547
40 550
40 552
40 553
40 557
40 558
40 561
40 562
40 568
40 569
40 572
40 573
40 574
40 577
40 578
40 582
40 586
40 590
40 592
40 595
40 597
40 598
40 600
40 601
40 603
40 604
40 605
40 607
40 608
40 609
40 612
40 613
40 617
40 619
40 622
40 623
40 624
40 627
40 634
40 638
40 639
40 640
40 641
40 646
40 647
40 648
40 649
40 653
40 655
40 657
40 663
40 664
40 665
40 666
40 667
40 669
40 672
40 673
40 676
40 678
40 681
40 683
40 684
40 685
40 686
40 689
40 691
40 692
40 694
40 698
40 699
40 700
40 701
40 703
40 706
40 708
40 711
40 716
40 720
40 721
40 723
40 724
40 726
40 727
40 732
40 733
40 734
40 735
40 737
40 740
40 742
40 743
40 744
40 745
40 747
40 748
40 749
40 750
40 752
40 753
40 755
40 758
40 761
40 763
40 766
40 768
40 770
40 775
40 779
40 780
40 781
40 782
40 785
40 787
40 789
40 790
40 794
40 795
40 798
40 800
41 401
41 404
41 405
41 408
41 412
41 414
41 417
41 418
41 419
41 420
41 421
41 426
41 427
41 429
41 432
41 433
41 435
41 436
41 437
41 441
41 443
41 446
41 448
41 452
41 453
41 456
41 457
41 459
41 460
41 461
41 464
41 466
41 472
41 473
41 476
41 477
41 479
41 481
41 483
41 484
41 485
41 486
41 487
41 488
41 490
41 491
41 492
41 493
41 494
41 495
41 497
41 498
41 500
41 501
41 502
41 503
41 508
41 509
41 510
41 511
41 513
41 514
41 517
41 518
41 520
41 521
41 524
41 527
41 529
41 531
41 533
41 538
41 541
41 542
41 543
41 544
41 546
41 549
41 550
41 551
41 552
41 553
41 554
41 556
41 559
41 560
41 561
41 564
41 566
41 567
41 568
41 569
41 570
41 571
41 572
41 574
41 578
41 581
41 582
41 584
41 585
41 587
41 589
41 592
41 597
41 601
41 603
41 604
41 605
41 606
41 608
41 609
41 614
41 615
41 619
41 620
41 621
41 622
41 627
41 629
41 630
41 632
41 634
41 636
41 637
41 640
41 643
41 644
41 648
41 649
41 650
41 651
41 654
41 655
41 656
41 657
41 661
41 662
41 664
41 667
41 668
41 670
41 672
41 673
41 674
41 677
41 678
41 680
41 684
41 685
41 686
41 687
41 688
41 690
41 691
41 693
41 694
41 696
41 697
41 699
41 700
41 701
41 702
41 704
41 705
41 707
41 709
41 711
41 712
41 714
41 715
41 716
41 717
41 718
41 721
41 722
41 724
41 725
41 727
41 729
41 730
41 735
41 738
41 743
41 745
41 746
41 748
41 750
41 751
41 754
41 756
41 758
41 761
41 763
41 766
41 768
41 769
41 770
41 772
41 774
41 779
41 780
41 781
41 785
41 789
41 790
41 791
41 794
41 795
41 796
41 797
41 799
42 401
42 402
42 403
42 406
42 408
42 411
42 413
42 414
42 417
42 419
42 420
42 426
42 430
42 431
42 435
42 436
42 437
42 438
42 441
42 442
42 444
42 445
42 449
42 450
42 457
42 458
42 459
42 461
42 462
42 463
42 466
42 469
42 476
42 478
42 479
42 481
42 483
42 485
42 486
42 490
42 491
42 493
42 495
42 496
42 497
42 498
42 499
42 502
42 503
42 506
42 507
42 509
42 510
42 512
42 513
42 516
42 518
42 519
42 522
42 524
42 526
42 528
42 529
42 530
42 533
42 534
42 538
42 539
42 540
42 541
42 542
42 543
42 544
42 545
42 550
42 552
42 553
42 554
42 555
42 556
42 559
42 560
42 561
42 564
42 565
42 569
42 570
42 571
42 572
42 573
42 574
42 580
42 581
42 585
42 586
42 587
42 588
42 589
42 591
42 592
42 593
42 594
42 595
42 596
42 597
42 599
42 600
42 602
42 604
42 607
42 611
42 613
42 615
42 616
42 617
42 620
42 622
42 624
42 625
42 626
42 627
42 630
42 631
42 633
42 634
42 635
42 636
42 637
42 639
42 643
42 644
42 645
42 646
42 647
42 650
42 652
42 653
42 655
42 656
42 658
42 661
42 664
42 665
42 666
42 667
42 668
42 669
42 673
42 674
42 675
42 676
42 678
42 679
42 683
42 685
42 686
42 687
42 689
42 690
42 692
42 695
42 696
42 697
42 698
42 699
42 700
42 701
42 702
42 703
42 709
42 710
42 713
42 714
42 719
42 720
42 722
42 724
42 725
42 729
42 730
42 731
42 732
42 733
42 735
42 736
42 737
42 739
42 740
42 741
42 743
42 744
42 749
42 752
42 754
42 755
42 759
42 766
42 767
42 771
42 772
42 773
42 774
42 776
42 778
42 780
42 781
42 782
42 783
42 784
42 786
42 787
42 788
42 791
42 794
42 796
42 797
43 401
43 404
43 407
43 408
43 409
43 411
43 412
43 416
43 417
43 418
43 419
43 420
43 423
43 424
43 425
43 427
43 428
43 429
43 431
43 432
43 433
43 438
43 441
43 443
43 444
43 445
43 446
43 448
43 449
43 451
43 452
43 454
43 455
43 456
43 463
43 464
43 474
43 475
43 478
43 479
43 480
43 483
43 485
43 486
43 487
43 489
43 490
43 491
43 497
43 498
43 499
43 500
43 501
43 503
43 504
43 508
43 509
43 511
43 512
43 517
43 519
43 520
43 523
43 529
43 531
43 536
43 539
43 543
43 544
43 545
43 546
43 549
43 552
43 556
43 558
43 560
43 568
43 570
43 571
43 572
43 575
43 579
43 580
43 582
43 583
43 584
43 587
43 595
43 596
43 597
43 600
43 601
43 604
43 605
43 608
43 609
43 612
43 613
43 614
43 615
43 616
43 617
43 618
43 619
43 622
43 624
43 631
43 632
43 633
43 635
43 641
43 642
43 644
43 645
43 649
43 651
43 652
43 654
43 657
43 658
43 663
43 664
43 667
43 669
43 670
43 673
43 674
43 675
43 676
43 678
43 679
43 680
43 681
43 684
43 688
43 689
43 690
43 696
43 699
43 700
43 703
43 708
43 709
43 710
43 711
43 712
43 714
43 716
43 717
43 720
43 724
43 727
43 728
43 729
43 730
43 731
43 732
43 733
43 734
43 735
43 736
43 737
43 738
43 739
43 741
43 745
43 748
43 749
43 750
43 753
43 755
43 756
43 757
43 758
43 759
43 761
43 762
43 764
43 765
43 769
43 770
43 775
43 776
43 780
43 786
43 788
43 789
43 791
43 794
43 797
43 798
43 799
44 405
44 407
44 413
44 415
44 416
44 417
44 420
44 421
44 423
44 424
44 426
44 429
44 431
44 433
44 434
44 435
44 437
44 439
44 441
44 442
44 443
44 444
44 445
44 446
44 447
44 449
44 454
44 456
44 458
44 460
44 466
44 469
44 470
44 472
44 480
44 482
44 484
44 490
44 491
44 493
44 497
44 498
44 499
44 501
44 502
44 503
44 504
44 508
44 509
44 512
44 513
44 520
44 525
44 531
44 535
44 536
44 537
44 538
44 539
44 541
44 542
44 543
44 544
44 546
44 551
44 552
44 555
44 557
44 558
44 561
44 563
44 564
44 567
44 569
44 574
44 576
44 577
44 578
44 579
44 581
44 582
44 583
44 584
44 586
44 587
44 588
44 590
44 591
44 592
44 594
44 595
44 605
44 606
44 608
44 609
44 610
44 611
44 612
44 613
44 614
44 616
44 617
44 618
44 623
44 626
44 629
44 630
44 632
44 634
44 635
44 636
44 644
44 654
44 656
44 657
44 658
44 659
44 661
44 662
44 665
44 669
44 670
44 674
44 675
44 676
44 679
44 681
44 683
44 684
44 685
44 686
44 690
44 691
44 698
44 700
44 701
44 702
44 705
44 706
44 707
44 709
44 711
44 712
44 713
44 716
44 719
44 720
44 722
44 725
44 726
44 727
44 732
44 738
44 739
44 741
44 744
44 745
44 746
44 749
44 750
44 752
44 754
44 757
44 760
44 763
44 765
44 766
44 767
44 768
44 772
44 773
44 775
44 778
44 780
44 781
44 783
44 784
44 785
44 786
44 789
44 790
44 791
44 792
44 796
44 798
45 401
45 403
45 406
45 411
45 412
45 413
45 418
45 419
45 420
45 422
45 423
45 428
45 429
45 430
45 431
45 434
45 435
45 440
45 441
45 443
45 445
45 447
45 449
45 450
45 453
45 454
45 456
45 457
45 460
45 461
45 463
45 465
45 466
45 467
45 468
45 471
45 473
45 479
45 480
45 481
45 483
45 484
45 486
45 488
45 489
45 490
45 491
45 495
45 499
45 503
45 504
45 509
45 510
45 516
45 517
45 518
45 520
45 522
45 524
45 525
45 526
45 527
45 528
45 531
45 536
45 538
45 540
45 541
45 546
45 547
45 548
45 549
45 550
45 551
45 554
45 558
45 564
45 566
45 568
45 571
45 572
45 574
45 575
45 576
45 578
45 580
45 581
45 582
45 583
45 584
45 585
45 586
45 587
45 592
45 593
45 594
45 597
45 599
45 600
45 602
45 603
45 605
45 607
45 609
45 613
45 614
45 615
45 618
45 619
45 622
45 623
45 624
45 627
45 629
45 632
45 633
45 634
45 635
45 637
45 639
45 640
45 641
45 642
45 644
45 645
45 646
45 648
45 649
45 650
45 651
45 652
45 655
45 658
45 660
45 661
45 662
45 663
45 668
45 669
45 671
45 672
45 673
45 674
45 676
45 677
45 678
45 683
45 685
45 691
45 693
45 695
45 698
45 699
45 700
45 701
45 703
45 704
45 706
45 708
45 709
45 711
45 713
45 715
45 716
45 717
45 718
45 719
45 720
45 721
45 722
45 723
45 726
45 730
45 731
45 733
45 736
45 740
45 742
45 745
45 747
45 749
45 750
45 751
45 752
45 753
45 756
45 757
45 760
45 762
45 763
45 764
45 767
45 769
45 770
45 771
45 775
45 777
45 778
45 784
45 787
45 790
45 791
45 792
45 794
45 796
45 797
45 799
45 800
46 403
46 404
46 405
46 411
46 413
46 414
46 415
46 416
46 418
46 419
46 421
46 422
46 427
46 429
46 436
46 438
46 442
46 445
46 446
46 448
46 450
46 453
46 454
46 455
46 457
46 460
46 463
46 464
46 468
46 470
46 471
46 475
46 477
46 478
46 480
46 481
46 482
46 486
46 490
46 492
46 493
46 496
46 498
46 502
46 504
46 506
46 511
46 515
46 518
46 522
46 523
46 524
46 526
46 528
46 531
46 533
46 534
46 535
46 538
46 539
46 541
46 544
46 547
46 551
46 557
46 558
46 560
46 561
46 564
46 565
46 566
46 570
46 571
46 580
46 582
46 583
46 584
46 585
46 590
46 591
46 594
46 595
46 598
46 601
46 602
46 607
46 608
46 609
46 611
46 612
46 614
46 616
46 617
46 620
46 621
46 623
46 629
46 630
46 632
46 635
46 637
46 641
46 643
46 644
46 645
46 647
46 650
46 652
46 653
46 657
46 658
46 660
46 661
46 663
46 666
46 667
46 668
46 669
46 670
46 671
46 672
46 673
46 674
46 678
46 679
46 682
46 683
46 685
46 686
46 687
46 689
46 690
46 691
46 692
46 694
46 699
46 701
46 704
46 707
46 708
46 709
46 710
46 711
46 715
46 716
46 720
46 722
46 723
46 724
46 725
46 730
46 734
46 739
46 740
46 744
46 746
46 747
46 752
46 753
46 755
46 760
46 763
46 764
46 765
46 766
46 769
46 771
46 772
46 773
46 776
46 777
46 778
46 781
46 782
46 783
46 787
46 788
46 791
46 792
46 793
46 794
46 795
46 800
47 401
47 402
47 403
47 406
47 411
47 414
47 415
47 416
47 417
47 418
47 419
47 420
47 421
47 422
47 425
47 430
47 432
47 433
47 437
47 440
47 442
47 445
47 446
47 447
47 450
47 451
47 452
47 454
47 455
47 456
47 458
47 461
47 464
47 466
47 467
47 470
47 471
47 472
47 473
47 477
47 478
47 484
47 485
47 488
47 490
47 492
47 494
47 495
47 497
47 505
47 506
47 507
47 510
47 511
47 512
47 513
47 518
47 525
47 526
47 528
47 530
47 531
47 533
47 535
47 536
47 537
47 540
47 542
47 543
47 544
47 547
47 549
47 550
47 553
47 555
47 556
47 558
47 559
47 562
47 567
47 568
47 570
47 571
47 573
47 577
47 578
47 581
47 582
47 583
47 585
47 589
47 592
47 595
47 597
47 598
47 600
47 602
47 604
47 607
47 614
47 615
47 616
47 618
47 620
47 621
47 622
47 624
47 625
47 626
47 632
47 634
47 636
47 637
47 638
47 640
47 641
47 642
47 643
47 647
47 648
47 649
47 650
47 651
47 652
47 654
47 655
47 656
47 657
47 659
47 665
47 667
47 668
47 669
47 670
47 675
47 676
47 679
47 680
47 683
47 686
47 687
47 688
47 692
47 693
47 699
47 700
47 701
47 705
47 707
47 709
47 711
47 714
47 716
47 717
47 718
47 722
47 724
47 725
47 726
47 727
47 728
47 730
47 731
47 733
47 734
47 735
47 738
47 742
47 744
47 751
47 753
47 755
47 760
47 762
47 763
47 764
47 765
47 766
47 767
47 770
47 771
47 773
47 776
47 777
47 781
47 783
47 785
47 793
47 794
47 797
47 799
47 800
48 401
48 402
48 404
48 408
48 410
48 411
48 413
48 415
48 417
48 418
48 419
48 421
48 422
48 423
48 424
48 425
48 426
48 429
48 430
48 432
48 433
48 434
48 435
48 436
48 437
48 438
48 439
48 441
48 445
48 446
48 448
48 449
48 451
48 455
48 456
48 457
48 460
48 461
48 463
48 464
48 468
48 472
48 474
48 475
48 476
48 477
48 478
48 479
48 480
48 481
48 482
48 483
48 486
48 488
48 490
48 491
48 492
48 493
48 500
48 502
48 503
48 504
48 507
48 512
48 517
48 518
48 519
48 522
48 526
48 527
48 528
48 531
48 532
48 533
48 535
48 536
48 537
48 539
48 541
48 542
48 545
48 546
48 547
48 549
48 551
48 555
48 556
48 558
48 561
48 563
48 567
48 569
48 571
48 572
48 574
48 575
48 577
48 578
48 581
48 582
48 583
48 584
48 586
48 589
48 592
48 593
48 594
48 595
48 596
48 598
48 601
48 602
48 603
48 608
48 609
48 610
48 611
48 612
48 613
48 619
48 624
48 626
48 635
48 636
48 638
48 641
48 642
48 646
48 647
48 650
48 651
48 652
48 655
48 658
48 660
48 661
48 664
48 665
48 667
48 669
48 670
48 671
48 672
48 676
48 677
48 678
48 680
48 682
48 685
48 686
48 687
48 689
48 692
48 693
48 694
48 698
48 700
48 701
48 702
48 703
48 705
48 707
48 709
48 713
48 715
48 718
48 722
48 723
48 724
48 725
48 726
48 730
48 731
48 733
48 735
48 736
48 738
48 739
48 742
48 750
48 752
48 753
48 755
48 756
48 758
48 759
48 760
48 761
48 762
48 763
48 766
48 767
48 769
48 770
48 771
48 772
48 773
48 775
48 777
48 778
48 780
48 782
48 785
48 786
48 790
48 791
48 792
48 793
48 794
48 795
48 797
48 798
48 799
48 800
49 401
49 403
49 404
49 406
49 408
49 411
49 413
49 414
49 415
49 417
49 418
49 419
49 420
49 422
49 426
49 429
49 431
49 432
49 436
49 439
49 442
49 444
49 445
49 446
49 447
49 448
49 449
49 450
49 455
49 458
49 461
49 462
49 464
49 466
49 468
49 469
49 470
49 471
49 472
49 476
49 478
49 482
49 483
49 484
49 487
49 488
49 490
49 491
49 493
49 494
49 495
49 498
49 499
49 503
49 506
49 507
49 508
49 509
49 511
49 512
49 515
49 518
49 521
49 522
49 523
49 527
49 528
49 530
49 532
49 538
49 540
49 541
49 542
49 543
49 545
49 546
49 547
49 550
49 552
49 553
49 554
49 555
49 558
49 559
49 560
49 561
49 565
49 566
49 567
49 569
49 570
49 571
49 572
49 575
49 576
49 578
49 581
49 585
49 586
49 587
49 590
49 593
49 595
49 598
49 599
49 600
49 601
49 602
49 603
49 606
49 607
49 609
49 611
49 614
49 616
49 617
49 618
49 619
49 620
49 621
49 623
49 624
49 625
49 629
49 632
49 633
49 635
49 637
49 638
49 639
49 640
49 641
49 642
49 643
49 644
49 645
49 646
49 649
49 652
49 654
49 655
49 659
49 661
49 662
49 663
49 664
49 665
49 667
49 668
49 670
49 672
49 677
49 678
49 680
49 682
49 683
49 684
49 686
49 687
49 691
49 696
49 697
49 698
49 699
49 700
49 703
49 704
49 706
49 707
49 709
49 712
49 713
49 714
49 716
49 718
49 720
49 721
49 722
49 723
49 727
49 728
49 731
49 734
49 735
49 737
49 738
49 743
49 749
49 750
49 751
49 752
49 753
49 754
49 759
49 760
49 762
49 767
49 768
49 770
49 771
49 772
49 774
49 777
49 778
49 780
49 782
49 784
49 785
49 787
49 788
49 790
49 791
49 793
49 797
49 798
49 800
50 401
50 403
50 407
50 408
50 410
50 411
50 412
50 414
50 415
50 416
50 420
50 425
50 426
50 427
50 431
50 432
50 433
50 434
50 435
50 437
50 440
50 441
50 443
50 444
50 445
50 447
50 454
50 455
50 456
50 459
50 462
50 463
50 466
50 468
50 473
50 474
50 476
50 478
50 479
50 481
50 482
50 483
50 484
50 485
50 486
50 488
50 490
50 491
50 492
50 493
50 494
50 496
50 497
50 498
50 499
50 503
50 504
50 507
50 509
50 511
50 515
50 516
50 518
50 519
50 522
50 526
50 527
50 528
50 529
50 531
50 534
50 535
50 536
50 537
50 539
50 543
50 548
50 550
50 551
50 554
50 556
50 558
50 560
50 561
50 562
50 563
50 566
50 567
50 568
50 569
50 570
50 571
50 572
50 573
50 574
50 576
50 577
50 578
50 579
50 580
50 582
50 584
50 585
50 586
50 588
50 593
50 595
50 596
50 597
50 600
50 603
50 606
50 607
50 608
50 610
50 611
50 612
50 613
50 616
50 618
50 619
50 623
50 625
50 626
50 628
50 629
50 631
50 634
50 635
50 636
50 637
50 638
50 639
50 641
50 645
50 646
50 650
50 651
50 661
50 662
50 663
50 665
50 669
50 671
50 672
50 673
50 676
50 678
50 680
50 683
50 684
50 687
50 688
50 689
50 691
50 692
50 693
50 694
50 696
50 697
50 702
50 703
50 704
50 706
50 707
50 708
50 709
50 713
50 714
50 716
50 717
50 718
50 719
50 720
50 721
50 722
50 725
50 729
50 730
50 731
50 732
50 734
50 736
50 737
50 739
50 741
50 742
50 744
50 746
50 748
50 749
50 750
50 752
50 755
50 756
50 758
50 760
50 761
50 762
50 765
50 766
50 767
50 768
50 771
50 773
50 775
50 776
50 779
50 783
50 784
50 785
50 788
50 789
50 791
50 792
50 794
50 795
50 797
50 800
51 401
51 402
51 405
51 406
51 409
51 410
51 412
51 413
51 414
51 416
51 418
51 420
51 423
51 427
51 428
51 432
51 437
51 440
51 442
51 444
51 450
51 453
51 456
51 458
51 459
51 461
51 462
51 463
51 469
51 470
51 474
51 475
51 477
51 478
51 481
51 483
51 484
51 485
51 487
51 490
51 495
51 498
51 500
51 501
51 502
51 509
51 510
51 511
51 512
51 513
51 514
51 515
51 517
51 522
51 525
51 526
51 527
51 530
51 532
51 534
51 535
51 536
51 539
51 542
51 547
51 549
51 550
51 551
51 553
51 555
51 556
51 559
51 560
51 561
51 567
51 569
51 574
51 575
51 582
51 584
51 587
51 588
51 595
51 596
51 597
51 599
51 602
51 603
51 605
51 608
51 609
51 610
51 614
51 615
51 616
51 617
51 618
51 620
51 621
51 622
51 623
51 624
51 625
51 626
51 627
51 631
51 633
51 634
51 635
51 636
51 637
51 639
51 644
51 645
51 648
51 649
51 651
51 652
51 654
51 657
51 660
51 661
51 662
51 665
51 669
51 671
51 673
51 674
51 675
51 676
51 677
51 682
51 683
51 684
51 686
51 687
51 688
51 689
51 690
51 691
51 692
51 693
51 694
51 695
51 699
51 702
51 703
51 706
51 707
51 709
51 714
51 715
51 717
51 718
51 719
51 721
51 723
51 725
51 726
51 728
51 729
51 731
51 732
51 736
51 737
51 738
51 740
51 741
51 746
51 748
51 750
51 751
51 756
51 758
51 760
51 764
51 765
51 766
51 774
51 775
51 777
51 779
51 780
51 781
51 790
51 791
51 792
51 793
51 795
51 796
51 798
52 402
52 403
52 404
52 405
52 406
52 409
52 410
52 411
52 415
52 416
52 419
52 420
52 422
52 423
52 424
52 425
52 426
52 434
52 435
52 436
52 437
52 440
52 441
52 444
52 445
52 447
52 450
52 454
52 455
52 456
52 459
52 463
52 465
52 466
52 467
52 468
52 469
52 472
52 473
52 475
52 476
52 478
52 481
52 482
52 487
52 490
52 492
52 497
52 499
52 500
52 502
52 505
52 507
52 509
52 515
52 518
52 520
52 521
52 523
52 526
52 527
52 529
52 531
52 532
52 533
52 534
52 536
52 537
52 538
52 539
52 541
52 542
52 545
52 546
52 548
52 552
52 554
52 555
52 556
52 557
52 558
52 559
52 560
52 562
52 564
52 565
52 566
52 567
52 568
52 569
52 571
52 572
52 575
52 577
52 578
52 579
52 583
52 590
52 594
52 596
52 598
52 599
52 601
52 605
52 609
52 611
52 615
52 616
52 617
52 619
52 620
52 621
52 622
52 625
52 633
52 636
52 637
52 640
52 641
52 643
52 644
52 645
52 646
52 648
52 649
52 651
52 652
52 654
52 655
52 657
52 659
52 661
52 662
52 664
52 665
52 668
52 670
52 671
52 672
52 673
52 674
52 675
52 679
52 688
52 689
52 690
52 691
52 692
52 694
52 695
52 702
52 703
52 704
52 707
52 711
52 713
52 715
52 717
52 719
52 720
52 721
52 722
52 724
52 725
52 730
52 731
52 735
52 736
52 739
52 740
52 743
52 745
52 746
52 747
52 752
52 754
52 763
52 766
52 768
52 770
52 771
52 772
52 774
52 775
52 776
52 777
52 779
52 780
52 782
52 783
52 785
52 787
52 791
52 795
52 798
52 799
53 405
53 407
53 408
53 409
53 410
53 411
53 412
53 413
53 416
53 417
53 418
53 419
53 421
53 422
53 424
53 425
53 426
53 428
53 431
53 433
53 436
53 440
53 441
53 444
53 446
53 449
53 453
53 459
53 461
53 463
53 466
53 467
53 469
53 471
53 472
53 473
53 476
53 477
53 478
53 479
53 482
53 487
53 489
53 497
53 498
53 500
53 501
53 502
53 503
53 504
53 506
53 512
53 513
53 514
53 515
53 516
53 518
53 519
53 521
53 522
53 526
53 531
53 534
53 540
53 543
53 544
53 548
53 550
53 552
53 553
53 555
53 556
53 558
53 561
53 563
53 565
53 566
53 567
53 571
53 573
53 574
53 576
53 577
53 579
53 580
53 583
53 584
53 585
53 587
53 588
53 589
53 593
53 594
53 597
53 599
53 600
53 602
53 606
53 610
53 612
53 613
53 619
53 622
53 623
53 624
53 625
53 626
53 627
53 628
53 630
53 631
53 633
53 634
53 637
53 638
53 639
53 642
53 644
53 645
53 649
53 652
53 654
53 662
53 663
53 666
53 667
53 671
53 673
53 676
53 679
53 680
53 681
53 682
53 683
53 684
53 685
53 686
53 688
53 689
53 690
53 691
53 694
53 698
53 701
53 703
53 706
53 707
53 708
53 709
53 716
53 718
53 719
53 721
53 726
53 727
53 729
53 732
53 733
53 740
53 741
53 745
53 746
53 750
53 753
53 754
53 755
53 756
53 757
53 759
53 761
53 763
53 765
53 770
53 771
53 774
53 776
53 780
53 781
53 783
53 785
53 786
53 787
53 788
53 789
53 790
53 791
53 792
53 795
53 798
53 799
53 800
54 403
54 405
54 408
54 409
54 411
54 412
54 413
54 415
54 416
54 418
54 419
54 423
54 425
54 426
54 429
54 430
54 431
54 436
54 438
54 440
54 441
54 446
54 447
54 448
54 449
54 454
54 455
54 458
54 459
54 461
54 462
54 463
54 464
54 465
54 466
54 470
54 471
54 472
54 474
54 475
54 476
54 479
54 482
54 489
54 490
54 497
54 498
54 499
54 504
54 505
54 507
54 509
54 511
54 514
54 515
54 517
54 518
54 520
54 521
54 522
54 525
54 529
54 535
54 536
54 539
54 540
54 547
54 550
54 551
54 552
54 553
54 554
54 555
54 556
54 557
54 558
54 559
54 564
54 565
54 566
54 568
54 569
54 570
54 572
54 573
54 575
54 576
54 578
54 580
54 581
54 582
54 584
54 585
54 586
54 588
54 591
54 595
54 596
54 597
54 598
54 599
54 601
54 602
54 603
54 606
54 607
54 608
54 609
54 611
54 613
54 615
54 617
54 622
54 623
54 625
54 627
54 629
54 631
54 632
54 635
54 637
54 638
54 640
54 641
54 643
54 644
54 645
54 646
54 647
54 649
54 650
54 654
54 655
54 656
54 657
54 658
54 659
54 662
54 664
54 665
54 667
54 668
54 669
54 671
54 673
54 675
54 677
54 678
54 680
54 682
54 683
54 687
54 688
54 691
54 692
54 699
54 700
54 701
54 702
54 703
54 704
54 705
54 706
54 708
54 710
54 712
54 713
54 716
54 718
54 719
54 721
54 723
54 724
54 726
54 727
54 730
54 732
54 733
54 736
54 737
54 738
54 741
54 742
54 744
54 746
54 748
54 749
54 750
54 751
54 752
54 753
54 754
54 758
54 759
54 762
54 763
54 765
54 766
54 767
54 768
54 771
54 773
54 776
54 777
54 778
54 779
54 781
54 782
54 783
54 785
54 786
54 788
54 789
54 790
54 792
54 793
54 794
54 797
55 404
55 406
55 407
55 408
55 411
55 414
55 416
55 417
55 419
55 424
55 425
55 428
55 429
55 430
55 431
55 434
55 435
55 438
55 440
55 441
55 442
55 446
55 447
55 448
55 449
55 450
55 452
55 453
55 455
55 456
55 461
55 463
55 466
55 467
55 471
55 473
55 475
55 477
55 479
55 480
55 481
55 482
55 483
55 485
55 486
55 487
55 488
55 490
55 491
55 493
55 495
55 496
55 503
55 505
55 506
55 507
55 509
55 510
55 512
55 516
55 518
55 519
55 520
55 521
55 522
55 524
55 526
55 527
55 530
55 531
55 532
55 535
55 536
55 538
55 541
55 542
55 545
55 546
55 547
55 548
55 553
55 555
55 561
55 564
55 566
55 568
55 569
55 572
55 573
55 576
55 577
55 578
55 579
55 580
55 583
55 584
55 585
55 587
55 589
55 590
55 591
55 593
55 594
55 595
55 596
55 597
55 598
55 599
55 601
55 603
55 604
55 605
55 607
55 609
55 610
55 616
55 617
55 619
55 620
55 621
55 624
55 626
55 627
55 628
55 630
55 631
55 633
55 634
55 637
55 638
55 639
55 640
55 641
55 642
55 646
55 647
55 649
55 653
55 656
55 660
55 663
55 667
55 670
55 671
55 672
55 675
55 678
55 679
55 680
55 682
55 687
55 688
55 690
55 692
55 694
55 695
55 698
55 699
55 701
55 702
55 708
55 711
55 713
55 716
55 719
55 722
55 724
55 725
55 726
55 727
55 728
55 732
55 733
55 737
55 739
55 740
55 741
55 747
55 748
55 749
55 750
55 753
55 754
55 755
55 757
55 758
55 759
55 760
55 765
55 766
55 768
55 770
55 771
55 773
55 774
55 775
55 776
55 777
55 780
55 781
55 782
55 783
55 784
55 786
55 788
55 790
55 795
55 796
55 798
55 799
55 800
56 403
56 404
56 405
56 408
56 409
56 410
56 412
56 413
56 414
56 419
56 422
56 423
56 424
56 425
56 427
56 429
56 430
56 435
56 436
56 437
56 439
56 443
56 444
56 447
56 448
56 451
56 453
56 454
56 455
56 458
56 464
56 467
56 469
56 470
56 471
56 472
56 473
56 475
56 476
56 477
56 478
56 481
56 484
56 486
56 491
56 492
56 495
56 496
56 497
56 502
56 504
56 505
56 506
56 507
56 509
56 512
56 515
56 518
56 519
56 520
56 521
56 522
56 523
56 524
56 525
56 526
56 528
56 529
56 531
56 532
56 533
56 534
56 537
56 541
56 543
56 545
56 546
56 547
56 548
56 549
56 550
56 551
56 553
56 555
56 557
56 558
56 559
56 566
56 567
56 571
56 574
56 575
56 576
56 578
56 582
56 583
56 584
56 585
56 586
56 589
56 590
56 591
56 592
56 594
56 599
56 603
56 604
56 605
56 606
56 607
56 610
56 612
56 613
56 614
56 615
56 616
56 618
56 619
56 621
56 623
56 624
56 625
56 627
56 629
56 633
56 634
56 635
56 636
56 637
56 640
56 641
56 642
56 643
56 644
56 645
56 646
56 647
56 648
56 649
56 650
56 654
56 657
56 661
56 662
56 664
56 666
56 667
56 668
56 669
56 673
56 675
56 677
56 679
56 680
56 683
56 689
56 692
56 693
56 695
56 696
56 697
56 699
56 700
56 701
56 703
56 707
56 708
56 709
56 710
56 713
56 715
56 717
56 718
56 719
56 721
56 723
56 726
56 727
56 728
56 730
56 732
56 735
56 736
56 737
56 740
56 741
56 742
56 744
56 745
56 747
56 748
56 749
56 750
56 751
56 754
56 756
56 758
56 759
56 760
56 764
56 766
56 767
56 768
56 770
56 771
56 773
56 774
56 775
56 776
56 777
56 778
56 779
56 781
56 782
56 783
56 784
56 785
56 790
56 792
56 793
56 795
56 796
56 799
56 800
57 403
57 408
57 409
57 411
57 413
57 414
57 415
57 417
57 419
57 420
57 422
57 425
57 426
57 427
57 428
57 429
57 430
57 433
57 438
57 439
57 441
57 442
57 445
57 447
57 449
57 450
57 451
57 456
57 458
57 459
57 460
57 462
57 468
57 471
57 473
57 475
57 478
57 480
57 481
57 483
57 490
57 491
57 492
57 493
57 495
57 499
57 501
57 502
57 504
57 511
57 516
57 517
57 518
57 522
57 524
57 525
57 530
57 533
57 534
57 535
57 537
57 538
57 542
57 544
57 547
57 548
57 549
57 550
57 551
57 553
57 554
57 555
57 556
57 558
57 559
57 560
57 564
57 566
57 568
57 571
57 575
57 579
57 580
57 583
57 584
57 587
57 590
57 592
57 593
57 594
57 595
57 597
57 601
57 602
57 608
57 611
57 616
57 617
57 629
57 632
57 633
57 634
57 637
57 638
57 640
57 646
57 647
57 648
57 651
57 652
57 656
57 657
57 658
57 659
57 661
57 662
57 663
57 664
57 665
57 666
57 667
57 668
57 669
57 670
57 671
57 672
57 674
57 675
57 677
57 678
57 683
57 684
57 687
57 691
57 692
57 693
57 694
57 696
57 698
57 699
57 700
57 701
57 703
57 705
57 706
57 707
57 708
57 711
57 712
57 714
57 718
57 719
57 721
57 723
57 725
57 726
57 727
57 728
57 730
57 732
57 736
57 738
57 739
57 741
57 742
57 745
57 751
57 754
57 757
57 758
57 759
57 764
57 766
57 767
57 769
57 773
57 776
57 778
57 779
57 780
57 781
57 782
57 784
57 788
57 791
57 792
57 793
57 799
57 800
58 403
58 406
58 407
58 408
58 411
58 413
58 416
58 417
58 418
58 419
58 423
58 424
58 426
58 427
58 429
58 430
58 431
58 433
58 434
58 437
58 441
58 443
58 444
58 445
58 447
58 448
58 450
58 451
58 452
58 453
58 456
58 457
58 459
58 460
58 463
58 468
58 469
58 470
58 471
58 472
58 473
58 474
58 475
58 477
58 478
58 479
58 481
58 485
58 486
58 489
58 490
58 494
58 496
58 498
58 502
58 504
58 507
58 508
58 509
58 513
58 517
58 518
58 519
58 524
58 527
58 528
58 529
58 533
58 536
58 538
58 544
58 545
58 546
58 548
58 549
58 550
58 551
58 554
58 555
58 557
58 558
58 559
58 562
58 565
58 566
58 567
58 569
58 573
58 575
58 578
58 584
58 585
58 586
58 587
58 588
58 591
58 598
58 600
58 602
58 604
58 609
58 610
58 611
58 612
58 613
58 615
58 619
58 621
58 623
58 626
58 627
58 628
58 629
58 631
58 637
58 640
58 643
58 646
58 647
58 649
58 650
58 651
58 654
58 657
58 659
58 660
58 662
58 664
58 665
58 666
58 667
58 669
58 671
58 673
58 674
58 679
58 683
58 685
58 687
58 691
58 693
58 694
58 695
58 698
58 699
58 700
58 702
58 705
58 707
58 708
58 709
58 711
58 712
58 713
58 718
58 720
58 722
58 726
58 728
58 731
58 733
58 737
58 738
58 739
58 740
58 744
58 745
58 746
58 748
58 751
58 752
58 753
58 754
58 757
58 759
58 760
58 761
58 762
58 763
58 764
58 766
58 767
58 770
58 772
58 774
58 776
58 778
58 779
58 780
58 781
58 782
58 786
58 791
58 792
58 794
58 795
59 404
59 405
59 406
59 407
59 408
59 410
59 414
59 417
59 418
59 419
59 421
59 422
59 423
59 426
59 427
59 428
59 430
59 431
59 432
59 434
59 438
59 439
59 441
59 444
59 445
59 447
59 449
59 451
59 452
59 453
59 454
59 458
59 459
59 461
59 464
59 465
59 467
59 470
59 473
59 474
59 476
59 477
59 482
59 487
59 490
59 491
59 492
59 493
59 495
59 496
59 501
59 503
59 504
59 506
59 507
59 509
59 511
59 512
59 514
59 517
59 518
59 519
59 521
59 522
59 524
59 525
59 526
59 527
59 528
59 530
59 534
59 535
59 537
59 538
59 541
59 542
59 544
59 545
59 546
59 549
59 551
59 552
59 554
59 555
59 557
59 559
59 560
59 562
59 565
59 566
59 567
59 569
59 573
59 578
59 579
59 589
59 591
59 592
59 593
59 594
59 597
59 599
59 603
59 605
59 606
59 609
59 610
59 612
59 614
59 615
59 616
59 617
59 619
59 622
59 631
59 632
59 633
59 634
59 637
59 638
59 640
59 643
59 644
59 646
59 649
59 650
59 654
59 655
59 658
59 660
59 663
59 664
59 665
59 666
59 667
59 668
59 669
59 672
59 675
59 677
59 678
59 680
59 683
59 687
59 688
59 690
59 692
59 701
59 704
59 705
59 706
59 707
59 708
59 712
59 714
59 715
59 717
59 718
59 719
59 720
59 724
59 725
59 726
59 727
59 728
59 730
59 734
59 737
59 738
59 739
59 742
59 743
59 745
59 748
59 749
59 753
59 755
59 756
59 759
59 761
59 762
59 763
59 764
59 766
59 767
59 769
59 770
59 771
59 772
59 775
59 777
59 779
59 781
59 782
59 785
59 791
59 793
59 797
59 798
60 402
60 406
60 407
60 408
60 409
60 410
60 411
60 413
60 414
60 415
60 416
60 417
60 418
60 420
60 422
60 426
60 427
60 428
60 429
60 434
60 444
60 448
60 449
60 450
60 454
60 456
60 457
60 458
60 459
60 460
60 465
60 467
60 469
60 470
60 472
60 473
60 474
60 477
60 479
60 481
60 483
60 485
60 486
60 487
60 488
60 490
60 491
60 493
60 495
60 496
60 497
60 498
60 500
60 501
60 502
60 506
60 507
60 509
60 510
60 511
60 513
60 515
60 516
60 517
60 518
60 521
60 524
60 525
60 527
60 529
60 533
60 534
60 535
60 536
60 537
60 540
60 541
60 546
60 548
60 551
60 553
60 554
60 555
60 557
60 558
60 562
60 563
60 566
60 568
60 569
60 573
60 578
60 581
60 583
60 584
60 587
60 588
60 590
60 594
60 595
60 598
60 600
60 606
60 607
60 610
60 616
60 617
60 619
60 622
60 625
60 626
60 628
60 629
60 632
60 637
60 638
60 639
60 643
60 645
60 646
60 649
60 650
60 651
60 652
60 657
60 658
60 662
60 667
60 669
60 670
60 675
60 676
60 677
60 678
60 681
60 682
60 685
60 690
60 692
60 697
60 698
60 699
60 702
60 704
60 705
60 708
60 710
60 711
60 716
60 719
60 721
60 724
60 725
60 726
60 727
60 728
60 730
60 733
60 738
60 741
60 742
60 744
60 749
60 750
60 751
60 753
60 755
60 758
60 759
60 760
60 761
60 766
60 767
60 768
60 769
60 770
60 774
60 775
60 776
60 777
60 778
60 779
60 780
60 782
60 784
60 785
60 788
60 790
60 791
60 793
60 794
60 796
60 797
61 401
61 402
61 403
61 406
61 410
61 411
61 412
61 414
61 416
61 420
61 421
61 423
61 425
61 427
61 429
61 430
61 431
61 432
61 433
61 434
61 436
61 437
61 441
61 446
61 447
61 448
61 449
61 451
61 453
61 454
61 456
61 457
61 460
61 461
61 462
61 466
61 467
61 468
61 470
61 471
61 477
61 478
61 479
61 482
61 483
61 485
61 488
61 491
61 492
61 494
61 495
61 496
61 497
61 498
61 499
61 502
61 503
61 507
61 508
61 510
61 514
61 515
61 517
61 518
61 519
61 521
61 522
61 523
61 524
61 526
61 527
61 529
61 530
61 532
61 534
61 535
61 538
61 542
61 543
61 545
61 546
61 549
61 551
61 556
61 563
61 566
61 568
61 569
61 571
61 573
61 575
61 577
61 578
61 579
61 580
61 581
61 582
61 583
61 585
61 588
61 590
61 595
61 598
61 599
61 600
61 601
61 603
61 604
61 608
61 612
61 613
61 614
61 615
61 616
61 618
61 620
61 622
61 625
61 626
61 632
61 635
61 637
61 640
61 641
61 642
61 645
61 647
61 649
61 650
61 651
61 654
61 656
61 660
61 663
61 664
61 666
61 667
61 669
61 670
61 680
61 681
61 682
61 684
61 685
61 687
61 688
61 694
61 696
61 698
61 699
61 700
61 702
61 704
61 708
61 711
61 713
61 718
61 719
61 720
61 721
61 723
61 724
61 728
61 729
61 730
61 732
61 733
61 734
61 735
61 737
61 740
61 741
61 742
61 744
61 745
61 746
61 748
61 749
61 752
61 753
61 754
61 756
61 757
61 758
61 761
61 762
61 763
61 764
61 765
61 766
61 767
61 769
61 772
61 775
61 776
61 777
61 778
61 783
61 784
61 785
61 786
61 787
61 788
61 795
61 796
61 798
61 800
62 401
62 403
62 404
62 405
62 408
62 409
62 410
62 414
62 415
62 416
62 417
62 419
62 420
62 421
62 423
62 425
62 431
62 432
62 433
62 434
62 436
62 438
62 439
62 440
62 445
62 448
62 454
62 455
62 456
62 457
62 462
62 467
62 468
62 472
62 473
62 474
62 475
62 480
62 486
62 487
62 488
62 490
62 492
62 493
62 497
62 499
62 501
62 504
62 506
62 508
62 509
62 511
62 512
62 514
62 515
62 516
62 517
62 519
62 520
62 521
62 522
62 523
62 525
62 526
62 531
62 532
62 533
62 536
62 545
62 546
62 549
62 551
62 553
62 555
62 559
62 560
62 561
62 563
62 564
62 566
62 567
62 569
62 571
62 572
62 574
62 576
62 578
62 580
62 583
62 584
62 591
62 596
62 598
62 600
62 601
62 602
62 603
62 605
62 606
62 607
62 610
62 612
62 617
62 619
62 622
62 624
62 629
62 630
62 631
62 632
62 633
62 634
62 643
62 645
62 651
62 652
62 654
62 662
62 663
62 668
62 672
62 674
62 675
62 676
62 681
62 682
62 686
62 687
62 688
62 691
62 692
62 695
62 696
62 697
62 698
62 701
62 704
62 705
62 706
62 712
62 714
62 716
62 717
62 720
62 721
62 723
62 724
62 726
62 727
62 728
62 733
62 734
62 736
62 737
62 741
62 742
62 744
62 745
62 748
62 751
62 752
62 753
62 754
62 756
62 760
62 762
62 766
62 768
62 769
62 771
62 773
62 775
62 776
62 777
62 778
62 779
62 780
62 785
62 791
62 792
62 795
62 797
62 798
63 401
63 402
63 403
63 404
63 405
63 407
63 408
63 411
63 417
63 418
63 421
63 423
63 426
63 427
63 428
63 429
63 430
63 432
63 437
63 438
63 439
63 440
63 441
63 442
63 443
63 444
63 446
63 447
63 450
63 451
63 458
63 459
63 460
63 461
63 462
63 463
63 464
63 467
63 469
63 471
63 472
63 473
63 474
63 476
63 477
63 483
63 484
63 486
63 488
63 489
63 494
63 495
63 498
63 499
63 500
63 502
63 505
63 506
63 507
63 508
63 510
63 512
63 513
63 516
63 517
63 518
63 521
63 527
63 529
63 530
63 533
63 535
63 539
63 541
63 542
63 546
63 547
63 549
63 553
63 557
63 559
63 560
63 562
63 564
63 566
63 568
63 569
63 570
63 574
63 575
63 577
63 579
63 582
63 584
63 585
63 587
63 591
63 594
63 596
63 597
63 599
63 600
63 601
63 605
63 608
63 609
63 610
63 612
63 613
63 614
63 615
63 616
63 617
63 618
63 620
63 621
63 625
63 626
63 628
63 629
63 630
63 632
63 633
63 637
63 639
63 641
63 642
63 643
63 644
63 646
63 650
63 651
63 653
63 654
63 658
63 661
63 665
63 666
63 669
63 672
63 673
63 674
63 676
63 677
63 679
63 680
63 682
63 683
63 685
63 686
63 687
63 688
63 689
63 694
63 695
63 697
63 699
63 701
63 702
63 704
63 705
63 706
63 707
63 708
63 709
63 710
63 711
63 712
63 713
63 714
63 715
63 717
63 719
63 723
63 724
63 727
63 730
63 732
63 733
63 735
63 738
63 739
63 742
63 743
63 744
63 745
63 746
63 747
63 752
63 756
63 757
63 758
63 760
63 765
63 766
63 768
63 771
63 772
63 776
63 777
63 779
63 784
63 786
63 787
63 790
63 792
63 793
63 794
63 796
63 797
63 799
64 402
64 404
64 407
64 409
64 413
64 415
64 416
64 417
64 420
64 425
64 427
64 429
64 433
64 434
64 435
64 436
64 440
64 441
64 442
64 446
64 447
64 448
64 452
64 455
64 456
64 459
64 460
64 463
64 466
64 467
64 470
64 478
64 479
64 481
64 482
64 483
64 485
64 486
64 487
64 490
64 492
64 494
64 496
64 497
64 502
64 503
64 504
64 505
64 508
64 509
64 512
64 513
64 514
64 515
64 516
64 517
64 519
64 520
64 521
64 522
64 524
64 526
64 527
64 529
64 532
64 535
64 538
64 541
64 542
64 543
64 547
64 548
64 551
64 553
64 555
64 556
64 557
64 558
64 560
64 562
64 566
64 569
64 572
64 574
64 575
64 577
64 580
64 582
64 583
64 584
64 586
64 589
64 590
64 592
64 593
64 597
64 598
64 600
64 601
64 603
64 604
64 605
64 606
64 607
64 609
64 610
64 613
64 614
64 616
64 619
64 621
64 624
64 625
64 627
64 628
64 632
64 636
64 639
64 644
64 645
64 650
64 652
64 655
64 656
64 657
64 661
64 671
64 675
64 677
64 679
64 680
64 681
64 682
64 683
64 684
64 689
64 690
64 691
64 695
64 696
64 699
64 704
64 713
64 714
64 717
64 719
64 722
64 723
64 724
64 725
64 727
64 728
64 729
64 730
64 733
64 734
64 735
64 736
64 738
64 739
64 740
64 743
64 744
64 747
64 749
64 751
64 753
64 754
64 755
64 757
64 758
64 759
64 762
64 764
64 766
64 767
64 768
64 770
64 771
64 772
64 774
64 775
64 776
64 778
64 779
64 780
64 784
64 789
64 791
64 792
64 793
64 794
64 797
64 798
64 799
65 406
65 410
65 411
65 413
65 414
65 416
65 418
65 420
65 422
65 423
65 425
65 426
65 430
65 433
65 438
65 440
65 442
65 444
65 445
65 451
65 454
65 455
65 461
65 464
65 465
65 466
65 470
65 471
65 473
65 475
65 478
65 479
65 480
65 481
65 482
65 483
65 486
65 487
65 489
65 491
65 492
65 493
65 494
65 495
65 497
65 498
65 501
65 504
65 506
65 508
65 509
65 510
65 512
65 515
65 517
65 518
65 530
65 532
65 535
65 538
65 540
65 542
65 543
65 544
65 547
65 549
65 550
65 551
65 552
65 553
65 554
65 555
65 557
65 558
65 559
65 560
65 561
65 562
65 564
65 566
65 567
65 570
65 571
65 572
65 577
65 578
65 580
65 582
65 586
65 587
65 591
65 593
65 594
65 595
65 596
65 598
65 599
65 601
65 603
65 605
65 607
65 608
65 609
65 611
65 612
65 613
65 615
65 616
65 619
65 620
65 622
65 625
65 627
65 631
65 632
65 634
65 635
65 639
65 641
65 642
65 643
65 645
65 646
65 647
65 651
65 653
65 655
65 656
65 658
65 661
65 664
65 665
65 668
65 669
65 670
65 673
65 674
65 675
65 676
65 677
65 678
65 682
65 684
65 685
65 686
65 687
65 688
65 689
65 693
65 696
65 698
65 701
65 702
65 703
65 704
65 709
65 710
65 711
65 712
65 714
65 715
65 716
65 717
65 718
65 721
65 723
65 728
65 732
65 735
65 737
65 738
65 740
65 742
65 744
65 745
65 748
65 751
65 753
65 755
65 756
65 757
65 758
65 759
65 762
65 763
65 766
65 767
65 768
65 769
65 770
65 776
65 777
65 780
65 781
65 782
65 783
65 792
65 794
65 799
65 800
66 403
66 405
66 409
66 413
66 417
66 419
66 422
66 424
66 429
66 431
66 435
66 440
66 441
66 446
66 448
66 449
66 451
66 453
66 454
66 458
66 459
66 462
66 463
66 464
66 468
66 470
66 472
66 477
66 480
66 484
66 485
66 486
66 489
66 490
66 493
66 494
66 496
66 501
66 503
66 504
66 505
66 508
66 509
66 510
66 516
66 518
66 522
66 523
66 524
66 526
66 530
66 531
66 533
66 535
66 536
66 538
66 539
66 540
66 542
66 543
66 544
66 545
66 549
66 550
66 551
66 558
66 563
66 564
66 565
66 569
66 573
66 584
66 585
66 586
66 587
66 589
66 590
66 593
66 595
66 598
66 600
66 603
66 606
66 608
66 609
66 610
66 611
66 613
66 617
66 618
66 620
66 621
66 627
66 628
66 629
66 630
66 633
66 635
66 636
66 640
66 641
66 643
66 651
66 652
66 654
66 656
66 657
66 662
66 663
66 671
66 674
66 675
66 676
66 680
66 681
66 683
66 684
66 685
66 688
66 689
66 692
66 697
66 699
66 704
66 705
66 706
66 707
66 708
66 711
66 714
66 715
66 718
66 722
66 723
66 726
66 728
66 730
66 731
66 732
66 738
66 739
66 741
66 742
66 743
66 744
66 746
66 749
66 752
66 753
66 759
66 761
66 763
66 767
66 770
66 772
66 774
66 775
66 777
66 778
66 783
66 785
66 787
66 793
66 794
66 795
66 797
66 798
67 405
67 410
67 411
67 423
67 424
67 428
67 434
67 435
67 438
67 441
67 444
67 449
67 450
67 452
67 455
67 456
67 457
67 458
67 462
67 463
67 467
67 468
67 470
67 475
67 477
67 478
67 479
67 480
67 481
67 482
67 483
67 485
67 487
67 488
67 489
67 491
67 492
67 493
67 496
67 498
67 499
67 503
67 510
67 511
67 514
67 515
67 519
67 523
67 524
67 528
67 529
67 530
67 531
67 532
67 536
67 537
67 539
67 540
67 541
67 543
67 544
67 548
67 549
67 550
67 552
67 553
67 554
67 555
67 556
67 557
67 558
67 559
67 560
67 561
67 562
67 565
67 568
67 572
67 575
67 576
67 577
67 581
67 582
67 584
67 585
67 586
67 587
67 590
67 591
67 593
67 594
67 597
67 598
67 599
67 600
67 601
67 604
67 607
67 608
67 610
67 613
67 614
67 618
67 619
67 620
67 621
67 622
67 624
67 626
67 627
67 628
67 630
67 632
67 634
67 638
67 640
67 641
67 643
67 644
67 647
67 650
67 652
67 653
67 655
67 656
67 657
67 660
67 661
67 662
67 663
67 664
67 665
67 667
67 668
67 671
67 672
67 675
67 677
67 678
67 680
67 681
67 685
67 686
67 688
67 690
67 693
67 695
67 696
67 699
67 700
67 701
67 702
67 710
67 712
67 713
67 717
67 718
67 721
67 722
67 724
67 726
67 727
67 728
67 729
67 730
67 732
67 733
67 734
67 736
67 746
67 748
67 749
67 754
67 755
67 758
67 760
67 765
67 766
67 768
67 770
67 771
67 773
67 779
67 781
67 782
67 784
67 786
67 787
67 788
67 790
67 791
67 794
67 795
67 800
68 403
68 404
68 406
68 410
68 412
68 413
68 416
68 419
68 420
68 423
68 427
68 430
68 434
68 435
68 436
68 437
68 440
68 441
68 443
68 444
68 445
68 447
68 448
68 449
68 451
68 454
68 456
68 457
68 458
68 460
68 461
68 463
68 464
68 465
68 466
68 467
68 471
68 472
68 473
68 474
68 475
68 476
68 477
68 478
68 479
68 484
68 485
68 486
68 487
68 491
68 492
68 493
68 494
68 495
68 496
68 499
68 500
68 502
68 504
68 505
68 506
68 508
68 509
68 510
68 512
68 513
68 516
68 518
68 520
68 522
68 524
68 527
68 529
68 530
68 531
68 532
68 534
68 537
68 543
68 545
68 548
68 549
68 553
68 556
68 557
68 559
68 562
68 566
68 568
68 569
68 570
68 572
68 573
68 574
68 575
68 578
68 579
68 580
68 581
68 585
68 587
68 588
68 590
68 591
68 592
68 593
68 595
68 596
68 597
68 598
68 600
68 601
68 603
68 604
68 606
68 607
68 608
68 611
68 614
68 615
68 618
68 619
68 620
68 622
68 623
68 625
68 626
68 628
68 630
68 633
68 637
68 640
68 642
68 648
68 650
68 652
68 653
68 655
68 658
68 660
68 661
68 662
68 663
68 665
68 666
68 667
68 671
68 673
68 678
68 679
68 680
68 681
68 683
68 684
68 685
68 686
68 687
68 689
68 693
68 695
68 697
68 699
68 700
68 701
68 704
68 705
68 706
68 708
68 709
68 713
68 714
68 724
68 727
68 732
68 733
68 738
68 740
68 741
68 743
68 744
68 749
68 751
68 752
68 754
68 756
68 759
68 760
68 761
68 763
68 767
68 769
68 771
68 772
68 773
68 774
68 775
68 777
68 778
68 783
68 784
68 785
68 788
68 789
68 790
68 792
68 793
68 794
68 799
68 800
69 403
69 407
69 409
69 411
69 412
69 415
69 419
69 420
69 424
69 427
69 428
69 430
69 432
69 434
69 435
69 436
69 437
69 438
69 439
69 441
69 442
69 444
69 445
69 447
69 449
69 452
69 453
69 459
69 460
69 461
69 464
69 468
69 469
69 470
69 471
69 472
69 473
69 476
69 478
69 480
69 481
69 484
69 485
69 486
69 487
69 488
69 490
69 492
69 493
69 494
69 495
69 496
69 497
69 498
69 500
69 501
69 502
69 503
69 509
69 510
69 512
69 513
69 514
69 515
69 516
69 517
69 519
69 520
69 522
69 524
69 525
69 527
69 529
69 530
69 531
69 532
69 535
69 536
69 539
69 540
69 544
69 546
69 548
69 549
69 550
69 551
69 552
69 554
69 556
69 557
69 558
69 561
69 562
69 566
69 568
69 569
69 571
69 573
69 574
69 576
69 577
69 578
69 583
69 584
69 587
69 588
69 590
69 592
69 595
69 596
69 597
69 599
69 606
69 607
69 608
69 609
69 610
69 612
69 613
69 614
69 615
69 617
69 619
69 620
69 622
69 623
69 625
69 626
69 627
69 630
69 631
69 632
69 635
69 637
69 639
69 640
69 642
69 646
69 651
69 652
69 653
69 654
69 655
69 663
69 664
69 665
69 667
69 668
69 669
69 670
69 672
69 674
69 676
69 677
69 678
69 679
69 681
69 683
69 685
69 686
69 688
69 689
69 690
69 692
69 697
69 698
69 701
69 703
69 704
69 706
69 708
69 711
69 712
69 713
69 716
69 718
69 721
69 722
69 723
69 727
69 730
69 731
69 732
69 734
69 735
69 740
69 741
69 746
69 747
69 749
69 750
69 751
69 753
69 755
69 758
69 759
69 761
69 762
69 765
69 768
69 770
69 771
69 772
69 773
69 775
69 778
69 781
69 784
69 787
69 789
69 791
69 794
69 796
69 797
69 800
70 402
70 404
70 408
70 409
70 411
70 412
70 415
70 416
70 419
70 420
70 421
70 423
70 424
70 425
70 426
70 434
70 435
70 436
70 437
70 438
70 440
70 441
70 442
70 443
70 445
70 447
70 449
70 451
70 453
70 461
70 462
70 463
70 466
70 468
70 473
70 474
70 475
70 476
70 477
70 478
70 479
70 482
70 483
70 484
70 485
70 487
70 488
70 489
70 491
70 492
70 494
70 497
70 500
70 501
70 503
70 505
70 506
70 507
70 508
70 509
70 510
70 511
70 512
70 513
70 514
70 515
70 517
70 518
70 519
70 521
70 522
70 524
70 525
70 527
70 528
70 529
70 531
70 532
70 533
70 534
70 535
70 537
70 538
70 539
70 540
70 541
70 542
70 544
70 545
70 550
70 554
70 559
70 561
70 562
70 563
70 564
70 566
70 567
70 568
70 569
70 571
70 572
70 575
70 577
70 579
70 580
70 581
70 585
70 586
70 587
70 588
70 590
70 591
70 592
70 594
70 595
70 596
70 597
70 598
70 601
70 604
70 606
70 608
70 609
70 612
70 613
70 614
70 615
70 620
70 621
70 623
70 624
70 627
70 628
70 629
70 632
70 633
70 635
70 638
70 639
70 641
70 642
70 644
70 645
70 646
70 651
70 654
70 656
70 657
70 658
70 663
70 664
70 665
70 666
70 669
70 671
70 672
70 674
70 675
70 676
70 680
70 681
70 683
70 692
70 694
70 696
70 697
70 699
70 700
70 702
70 703
70 704
70 705
70 706
70 708
70 710
70 711
70 712
70 714
70 716
70 717
70 718
70 720
70 722
70 724
70 725
70 726
70 727
70 729
70 730
70 731
70 733
70 736
70 737
70 739
70 740
70 742
70 743
70 744
70 745
70 746
70 752
70 753
70 754
70 755
70 758
70 760
70 761
70 763
70 764
70 767
70 772
70 774
70 775
70 776
70 778
70 781
70 782
70 783
70 788
70 789
70 790
70 793
70 796
70 797
70 798
70 800
71 402
71 403
71 405
71 407
71 408
71 412
71 413
71 415
71 418
71 421
71 423
71 425
71 426
71 429
71 432
71 433
71 434
71 435
71 436
71 437
71 438
71 439
71 440
71 442
71 444
71 446
71 448
71 450
71 453
71 454
71 455
71 460
71 461
71 462
71 465
71 468
71 471
71 474
71 476
71 477
71 478
71 480
71 482
71 483
71 484
71 485
71 487
71 491
71 495
71 496
71 497
71 498
71 499
71 501
71 502
71 503
71 504
71 505
71 508
71 509
71 511
71 512
71 513
71 517
71 521
71 522
71 525
71 528
71 530
71 532
71 533
71 534
71 536
71 537
71 538
71 539
71 542
71 543
71 544
71 545
71 547
71 549
71 550
71 552
71 554
71 556
71 557
71 558
71 561
71 562
71 564
71 565
71 567
71 569
71 570
71 571
71 576
71 579
71 581
71 584
71 585
71 586
71 587
71 590
71 595
71 596
71 597
71 598
71 600
71 603
71 604
71 605
71 606
71 607
71 608
71 611
71 612
71 616
71 617
71 620
71 622
71 624
71 625
71 626
71 627
71 628
71 629
71 630
71 631
71 636
71 637
71 640
71 641
71 644
71 646
71 650
71 653
71 656
71 657
71 660
71 662
71 663
71 664
71 665
71 666
71 667
71 668
71 669
71 671
71 673
71 674
71 676
71 679
71 685
71 690
71 692
71 695
71 696
71 697
71 700
71 701
71 702
71 704
71 706
71 709
71 710
71 711
71 713
71 714
71 715
71 717
71 718
71 719
71 721
71 722
71 725
71 726
71 728
71 732
71 733
71 734
71 735
71 736
71 737
71 738
71 740
71 741
71 742
71 743
71 744
71 747
71 748
71 749
71 751
71 755
71 757
71 759
71 760
71 761
71 764
71 765
71 766
71 767
71 769
71 770
71 771
71 773
71 774
71 776
71 779
71 780
71 786
71 790
71 795
71 796
71 797
71 798
71 800
72 401
72 402
72 404
72 405
72 407
72 408
72 410
72 411
72 414
72 416
72 418
72 420
72 421
72 426
72 427
72 428
72 432
72 435
72 436
72 437
72 439
72 440
72 441
72 442
72 443
72 444
72 447
72 448
72 449
72 452
72 454
72 456
72 459
72 460
72 466
72 467
72 468
72 470
72 472
72 473
72 476
72 478
72 479
72 481
72 484
72 487
72 492
72 494
72 496
72 500
72 506
72 507
72 508
72 509
72 511
72 513
72 514
72 515
72 516
72 517
72 518
72 524
72 528
72 529
72 532
72 538
72 543
72 544
72 545
72 548
72 551
72 552
72 554
72 556
72 559
72 560
72 562
72 563
72 566
72 568
72 571
72 577
72 581
72 584
72 585
72 586
72 587
72 590
72 594
72 595
72 598
72 605
72 606
72 608
72 611
72 614
72 615
72 616
72 618
72 619
72 624
72 626
72 628
72 629
72 630
72 631
72 632
72 633
72 634
72 638
72 639
72 641
72 642
72 643
72 645
72 647
72 649
72 650
72 654
72 655
72 656
72 658
72 659
72 662
72 664
72 666
72 667
72 670
72 671
72 672
72 676
72 677
72 681
72 684
72 687
72 689
72 693
72 695
72 697
72 698
72 700
72 701
72 702
72 705
72 706
72 707
72 709
72 717
72 719
72 721
72 722
72 723
72 724
72 725
72 726
72 727
72 728
72 729
72 730
72 731
72 732
72 733
72 736
72 739
72 740
72 742
72 743
72 744
72 745
72 746
72 748
72 750
72 751
72 752
72 755
72 761
72 763
72 768
72 769
72 770
72 771
72 774
72 775
72 777
72 782
72 785
72 787
72 789
72 792
72 795
72 796
72 800
73 401
73 402
73 405
73 407
73 409
73 412
73 413
73 414
73 415
73 417
73 418
73 420
73 421
73 425
73 426
73 430
73 431
73 432
73 433
73 440
73 442
73 443
73 445
73 447
73 449
73 450
73 458
73 459
73 461
73 462
73 464
73 467
73 470
73 473
73 476
73 479
73 481
73 482
73 490
73 492
73 493
73 494
73 495
73 500
73 509
73 511
73 513
73 514
73 517
73 520
73 522
73 524
73 526
73 533
73 536
73 537
73 538
73 540
73 542
73 543
73 544
73 547
73 549
73 550
73 552
73 553
73 556
73 559
73 560
73 562
73 563
73 568
73 569
73 570
73 575
73 576
73 577
73 578
73 579
73 582
73 586
73 587
73 588
73 589
73 591
73 592
73 593
73 599
73 601
73 602
73 603
73 604
73 606
73 607
73 611
73 612
73 615
73 616
73 618
73 621
73 622
73 624
73 625
73 628
73 630
73 631
73 632
73 633
73 634
73 636
73 638
73 639
73 641
73 642
73 645
73 647
73 650
73 651
73 653
73 656
73 659
73 660
73 663
73 664
73 668
73 669
73 671
73 672
73 677
73 679
73 680
73 681
73 682
73 685
73 686
73 688
73 693
73 695
73 696
73 697
73 698
73 702
73 703
73 704
73 705
73 708
73 710
73 713
73 717
73 718
73 721
73 723
73 724
73 725
73 728
73 730
73 734
73 736
73 737
73 738
73 740
73 742
73 747
73 748
73 749
73 753
73 755
73 763
73 764
73 765
73 766
73 767
73 768
73 773
73 776
73 777
73 780
73 781
73 782
73 784
73 793
73 796
73 798
73 799
73 800
74 402
74 407
74 408
74 409
74 410
74 414
74 415
74 416
74 418
74 419
74 420
74 421
74 423
74 424
74 426
74 427
74 428
74 430
74 431
74 432
74 435
74 439
74 441
74 442
74 443
74 444
74 447
74 450
74 452
74 453
74 454
74 455
74 456
74 457
74 458
74 461
74 462
74 466
74 468
74 470
74 473
74 474
74 476
74 480
74 483
74 484
74 488
74 493
74 494
74 495
74 496
74 497
74 499
74 501
74 503
74 504
74 507
74 510
74 513
74 515
74 516
74 518
74 521
74 525
74 526
74 528
74 531
74 532
74 534
74 535
74 537
74 538
74 539
74 540
74 541
74 544
74 545
74 547
74 548
74 549
74 554
74 555
74 559
74 561
74 562
74 563
74 569
74 570
74 572
74 573
74 574
74 575
74 576
74 577
74 581
74 582
74 585
74 590
74 591
74 592
74 594
74 596
74 602
74 604
74 606
74 607
74 608
74 609
74 610
74 611
74 613
74 617
74 619
74 620
74 623
74 626
74 627
74 628
74 630
74 633
74 634
74 635
74 637
74 638
74 639
74 640
74 643
74 644
74 646
74 647
74 649
74 650
74 654
74 655
74 656
74 657
74 659
74 660
74 661
74 666
74 669
74 671
74 672
74 677
74 678
74 679
74 681
74 683
74 685
74 686
74 690
74 691
74 692
74 695
74 696
74 698
74 700
74 704
74 707
74 709
74 713
74 716
74 717
74 721
74 722
74 724
74 725
74 727
74 728
74 730
74 735
74 737
74 740
74 741
74 743
74 744
74 748
74 751
74 753
74 759
74 760
74 761
74 766
74 767
74 768
74 769
74 771
74 772
74 777
74 778
74 780
74 781
74 786
74 787
74 791
74 793
74 794
74 796
74 797
75 401
75 402
75 403
75 405
75 407
75 408
75 411
75 414
75 415
75 420
75 422
75 423
75 425
75 428
75 429
75 432
75 433
75 434
75 435
75 436
75 438
75 439
75 440
75 441
75 442
75 444
75 445
75 446
75 447
75 450
75 452
75 453
75 454
75 455
75 456
75 457
75 458
75 459
75 460
75 462
75 463
75 465
75 466
75 468
75 469
75 470
75 472
75 474
75 475
75 477
75 479
75 480
75 486
75 489
75 490
75 493
75 496
75 497
75 499
75 500
75 502
75 503
75 505
75 506
75 507
75 508
75 509
75 512
75 514
75 517
75 518
75 520
75 521
75 523
75 524
75 528
75 529
75 533
75 534
75 535
75 539
75 541
75 546
75 547
75 549
75 551
75 552
75 554
75 558
75 562
75 565
75 566
75 567
75 568
75 574
75 576
75 577
75 578
75 579
75 581
75 582
75 586
75 587
75 589
75 591
75 593
75 594
75 596
75 599
75 601
75 602
75 604
75 606
75 608
75 611
75 613
75 617
75 618
75 619
75 621
75 622
75 624
75 626
75 634
75 635
75 636
75 639
75 640
75 641
75 642
75 645
75 651
75 653
75 654
75 657
75 659
75 662
75 664
75 665
75 666
75 667
75 669
75 670
75 671
75 672
75 673
75 674
75 676
75 678
75 679
75 680
75 682
75 684
75 685
75 686
75 687
75 688
75 691
75 692
75 694
75 695
75 699
75 702
75 706
75 707
75 710
75 712
75 713
75 716
75 717
75 718
75 720
75 724
75 725
75 726
75 727
75 729
75 735
75 738
75 741
75 745
75 746
75 747
75 751
75 752
75 753
75 755
75 760
75 761
75 765
75 767
75 769
75 771
75 774
75 776
75 777
75 780
75 783
75 786
75 787
75 788
75 789
75 791
75 793
75 795
75 796
76 405
76 407
76 408
76 410
76 412
76 413
76 417
76 421
76 422
76 423
76 431
76 432
76 437
76 439
76 440
76 441
76 442
76 444
76 445
76 446
76 447
76 449
76 450
76 453
76 454
76 459
76 460
76 461
76 464
76 467
76 468
76 470
76 471
76 474
76 475
76 477
76 478
76 479
76 481
76 486
76 487
76 489
76 494
76 495
76 498
76 502
76 503
76 504
76 506
76 507
76 509
76 511
76 512
76 515
76 517
76 518
76 519
76 520
76 521
76 522
76 523
76 525
76 527
76 528
76 530
76 536
76 537
76 539
76 541
76 542
76 543
76 545
76 549
76 551
76 553
76 554
76 556
76 557
76 559
76 560
76 564
76 565
76 567
76 572
76 573
76 576
76 577
76 579
76 580
76 583
76 585
76 588
76 592
76 594
76 595
76 596
76 598
76 599
76 602
76 603
76 606
76 608
76 609
76 611
76 614
76 617
76 618
76 620
76 623
76 624
76 625
76 626
76 629
76 630
76 631
76 633
76 634
76 635
76 636
76 638
76 640
76 641
76 642
76 643
76 644
76 648
76 649
76 650
76 652
76 653
76 654
76 657
76 658
76 659
76 660
76 661
76 663
76 667
76 669
76 671
76 672
76 673
76 675
76 676
76 677
76 678
76 683
76 685
76 686
76 687
76 689
76 690
76 691
76 692
76 693
76 695
76 702
76 703
76 705
76 707
76 708
76 715
76 716
76 719
76 720
76 721
76 723
76 724
76 727
76 728
76 731
76 733
76 735
76 737
76 738
76 739
76 741
76 742
76 744
76 745
76 750
76 754
76 755
76 758
76 760
76 761
76 762
76 764
76 768
76 771
76 772
76 774
76 775
76 780
76 781
76 782
76 784
76 786
76 789
76 793
76 798
76 799
77 403
77 404
77 405
77 406
77 407
77 409
77 411
77 412
77 417
77 421
77 422
77 423
77 425
77 426
77 429
77 432
77 433
77 435
77 436
77 437
77 441
77 442
77 443
77 444
77 445
77 446
77 447
77 448
77 449
77 450
77 455
77 456
77 457
77 459
77 460
77 470
77 471
77 472
77 475
77 476
77 478
77 480
77 481
77 482
77 483
77 485
77 486
77 489
77 490
77 491
77 494
77 495
77 496
77 498
77 499
77 502
77 503
77 504
77 505
77 506
77 508
77 509
77 510
77 511
77 516
77 518
77 520
77 523
77 524
77 526
77 531
77 533
77 534
77 536
77 537
77 540
77 541
77 544
77 550
77 551
77 553
77 554
77 555
77 557
77 559
77 563
77 566
77 569
77 571
77 572
77 574
77 575
77 577
77 578
77 580
77 583
77 584
77 585
77 586
77 587
77 588
77 589
77 591
77 596
77 597
77 598
77 599
77 601
77 605
77 608
77 609
77 611
77 619
77 621
77 622
77 623
77 625
77 628
77 629
77 633
77 634
77 635
77 636
77 637
77 638
77 639
77 641
77 642
77 643
77 644
77 645
77 646
77 648
77 649
77 650
77 652
77 654
77 659
77 660
77 664
77 668
77 671
77 672
77 675
77 677
77 678
77 681
77 682
77 684
77 686
77 689
77 691
77 694
77 695
77 697
77 698
77 700
77 701
77 705
77 707
77 713
77 719
77 720
77 727
77 730
77 733
77 734
77 735
77 736
77 738
77 742
77 745
77 747
77 748
77 750
77 752
77 754
77 756
77 757
77 758
77 759
77 761
77 763
77 764
77 765
77 768
77 770
77 774
77 778
77 781
77 784
77 785
77 786
77 787
77 788
77 789
77 790
77 799
78 402
78 403
78 404
78 405
78 406
78 408
78 416
78 418
78 419
78 420
78 423
78 424
78 425
78 426
78 427
78 428
78 429
78 431
78 432
78 433
78 436
78 437
78 438
78 442
78 443
78 444
78 445
78 448
78 449
78 453
78 455
78 457
78 458
78 461
78 462
78 467
78 474
78 475
78 476
78 477
78 480
78 481
78 484
78 486
78 488
78 493
78 494
78 495
78 497
78 500
78 501
78 503
78 504
78 506
78 507
78 511
78 514
78 517
78 518
78 520
78 521
78 522
78 525
78 527
78 530
78 531
78 534
78 535
78 536
78 537
78 538
78 541
78 545
78 546
78 547
78 550
78 552
78 555
78 556
78 558
78 560
78 561
78 562
78 565
78 568
78 578
78 579
78 580
78 581
78 583
78 584
78 585
78 586
78 591
78 594
78 597
78 598
78 599
78 600
78 601
78 603
78 604
78 606
78 607
78 611
78 612
78 615
78 616
78 618
78 619
78 623
78 627
78 628
78 630
78 634
78 635
78 636
78 637
78 638
78 645
78 647
78 651
78 652
78 653
78 654
78 656
78 658
78 659
78 660
78 668
78 671
78 672
78 674
78 676
78 678
78 679
78 681
78 683
78 684
78 691
78 692
78 693
78 696
78 697
78 698
78 699
78 700
78 702
78 704
78 705
78 706
78 707
78 710
78 711
78 712
78 713
78 714
78 715
78 717
78 718
78 720
78 724
78 725
78 726
78 727
78 728
78 729
78 735
78 739
78 743
78 744
78 745
78 746
78 747
78 748
78 750
78 751
78 755
78 757
78 758
78 760
78 761
78 762
78 765
78 766
78 767
78 768
78 770
78 771
78 775
78 778
78 779
78 781
78 782
78 787
78 788
78 790
78 791
78 792
78 793
78 795
78 796
78 797
78 798
78 799
78 800
79 401
79 405
79 407
79 410
79 412
79 413
79 415
79 416
79 417
79 419
79 421
79 422
79 423
79 427
79 428
79 430
79 432
79 435
79 436
79 437
79 438
79 439
79 440
79 441
79 442
79 444
79 445
79 446
79 450
79 452
79 453
79 454
79 455
79 457
79 458
79 464
79 465
79 466
79 467
79 470
79 471
79 473
79 479
79 481
79 482
79 483
79 487
79 488
79 490
79 492
79 493
79 495
79 496
79 498
79 500
79 502
79 504
79 505
79 507
79 511
79 514
79 515
79 516
79 517
79 518
79 519
79 521
79 524
79 525
79 529
79 530
79 531
79 532
79 535
79 540
79 541
79 545
79 547
79 548
79 549
79 551
79 554
79 555
79 556
79 559
79 560
79 563
79 565
79 567
79 568
79 569
79 571
79 574
79 575
79 583
79 584
79 585
79 589
79 593
79 594
79 596
79 599
79 601
79 605
79 606
79 611
79 612
79 614
79 620
79 621
79 622
79 624
79 625
79 628
79 630
79 635
79 637
79 638
79 639
79 643
79 646
79 647
79 650
79 654
79 655
79 657
79 658
79 660
79 665
79 668
79 669
79 675
79 676
79 677
79 680
79 681
79 682
79 683
79 684
79 685
79 687
79 689
79 691
79 692
79 694
79 695
79 697
79 699
79 702
79 703
79 707
79 708
79 710
79 711
79 715
79 716
79 717
79 720
79 721
79 722
79 723
79 724
79 725
79 726
79 729
79 730
79 731
79 732
79 735
79 737
79 738
79 739
79 743
79 744
79 747
79 749
79 752
79 755
79 756
79 760
79 762
79 764
79 768
79 770
79 771
79 773
79 775
79 780
79 782
79 783
79 784
79 787
79 788
79 789
79 790
79 791
79 793
79 794
79 795
79 796
79 797
79 799
80 401
80 405
80 409
80 410
80 411
80 419
80 420
80 423
80 424
80 425
80 428
80 432
80 434
80 437
80 438
80 440
80 442
80 443
80 446
80 447
80 450
80 452
80 455
80 457
80 459
80 464
80 472
80 474
80 476
80 480
80 482
80 488
80 489
80 492
80 493
80 498
80 499
80 503
80 504
80 505
80 506
80 510
80 511
80 517
80 520
80 524
80 525
80 526
80 527
80 528
80 530
80 535
80 537
80 541
80 542
80 543
80 544
80 545
80 547
80 548
80 550
80 551
80 553
80 554
80 556
80 557
80 559
80 562
80 564
80 567
80 571
80 573
80 574
80 577
80 579
80 581
80 582
80 583
80 585
80 586
80 592
80 593
80 594
80 595
80 597
80 599
80 601
80 605
80 608
80 609
80 611
80 612
80 613
80 614
80 616
80 619
80 620
80 621
80 622
80 627
80 628
80 629
80 633
80 635
80 636
80 638
80 639
80 641
80 643
80 647
80 650
80 651
80 652
80 655
80 658
80 659
80 661
80 663
80 664
80 668
80 670
80 671
80 672
80 673
80 675
80 678
80 680
80 682
80 684
80 686
80 688
80 690
80 691
80 692
80 698
80 699
80 700
80 705
80 707
80 709
80 710
80 711
80 712
80 718
80 721
80 722
80 723
80 725
80 726
80 728
80 729
80 730
80 732
80 733
80 737
80 741
80 742
80 743
80 745
80 746
80 748
80 750
80 751
80 754
80 755
80 756
80 757
80 759
80 760
80 761
80 762
80 763
80 764
80 766
80 769
80 771
80 772
80 773
80 774
80 783
80 784
80 788
80 791
80 793
80 795
80 796
80 797
81 403
81 405
81 406
81 407
81 410
81 412
81 414
81 415
81 416
81 419
81 421
81 422
81 427
81 428
81 429
81 430
81 431
81 432
81 433
81 439
81 441
81 442
81 444
81 445
81 447
81 448
81 451
81 452
81 455
81 456
81 457
81 458
81 460
81 462
81 463
81 464
81 468
81 470
81 475
81 476
81 477
81 478
81 479
81 480
81 482
81 483
81 486
81 487
81 489
81 490
81 491
81 493
81 494
81 496
81 497
81 501
81 504
81 505
81 508
81 514
81 516
81 517
81 519
81 521
81 522
81 523
81 525
81 527
81 529
81 530
81 531
81 532
81 534
81 536
81 537
81 539
81 541
81 545
81 546
81 548
81 549
81 550
81 551
81 553
81 557
81 560
81 561
81 563
81 567
81 568
81 569
81 570
81 571
81 572
81 573
81 574
81 575
81 576
81 577
81 578
81 580
81 582
81 586
81 588
81 591
81 596
81 598
81 599
81 601
81 602
81 603
81 605
81 606
81 608
81 610
81 611
81 613
81 617
81 618
81 619
81 620
81 623
81 624
81 626
81 627
81 629
81 630
81 631
81 633
81 635
81 636
81 637
81 641
81 647
81 650
81 652
81 653
81 655
81 656
81 658
81 662
81 663
81 668
81 673
81 674
81 676
81 678
81 679
81 680
81 683
81 687
81 688
81 689
81 690
81 697
81 698
81 700
81 703
81 704
81 705
81 707
81 709
81 711
81 715
81 716
81 717
81 718
81 721
81 728
81 729
81 733
81 735
81 738
81 741
81 746
81 747
81 753
81 754
81 755
81 759
81 764
81 766
81 767
81 768
81 769
81 771
81 772
81 774
81 775
81 780
81 781
81 782
81 784
81 786
81 788
81 791
81 793
81 794
81 797
81 798
81 799
81 800
82 405
82 406
82 407
82 408
82 412
82 413
82 414
82 415
82 416
82 417
82 419
82 421
82 424
82 427
82 431
82 432
82 433
82 439
82 440
82 443
82 444
82 445
82 452
82 457
82 459
82 461
82 462
82 463
82 466
82 469
82 470
82 471
82 472
82 473
82 475
82 476
82 478
82 481
82 482
82 484
82 487
82 489
82 493
82 495
82 497
82 502
82 503
82 508
82 512
82 516
82 517
82 519
82 520
82 522
82 527
82 530
82 531
82 532
82 533
82 534
82 535
82 537
82 540
82 546
82 547
82 548
82 550
82 554
82 555
82 556
82 558
82 562
82 563
82 565
82 567
82 568
82 569
82 570
82 573
82 576
82 577
82 578
82 580
82 581
82 584
82 587
82 589
82 590
82 595
82 597
82 599
82 601
82 602
82 603
82 604
82 607
82 617
82 618
82 624
82 625
82 630
82 637
82 639
82 642
82 643
82 645
82 646
82 649
82 651
82 653
82 657
82 659
82 662
82 663
82 666
82 668
82 669
82 671
82 672
82 673
82 675
82 676
82 680
82 681
82 689
82 692
82 694
82 695
82 698
82 699
82 700
82 702
82 710
82 712
82 714
82 715
82 716
82 717
82 718
82 720
82 723
82 725
82 727
82 729
82 730
82 732
82 733
82 735
82 736
82 738
82 740
82 741
82 743
82 744
82 749
82 751
82 756
82 759
82 760
82 762
82 763
82 768
82 769
82 771
82 772
82 773
82 777
82 778
82 779
82 780
82 784
82 786
82 791
82 793
82 794
82 795
82 796
82 797
82 800
83 404
83 405
83 407
83 408
83 410
83 411
83 414
83 416
83 417
83 421
83 422
83 423
83 425
83 429
83 436
83 441
83 443
83 444
83 445
83 446
83 450
83 451
83 452
83 456
83 459
83 460
83 462
83 463
83 467
83 469
83 470
83 471
83 476
83 477
83 480
83 481
83 482
83 487
83 489
83 490
83 491
83 492
83 493
83 494
83 495
83 496
83 497
83 498
83 499
83 500
83 502
83 505
83 506
83 508
83 510
83 511
83 512
83 513
83 514
83 515
83 516
83 517
83 519
83 520
83 521
83 523
83 525
83 526
83 528
83 529
83 531
83 532
83 534
83 535
83 538
83 539
83 540
83 541
83 542
83 543
83 544
83 546
83 549
83 550
83 553
83 556
83 557
83 559
83 560
83 561
83 562
83 563
83 564
83 565
83 566
83 569
83 573
83 576
83 577
83 579
83 580
83 581
83 582
83 583
83 585
83 587
83 590
83 592
83 593
83 594
83 596
83 598
83 599
83 600
83 603
83 604
83 607
83 608
83 610
83 611
83 613
83 615
83 617
83 618
83 619
83 623
83 624
83 627
83 628
83 630
83 631
83 632
83 634
83 637
83 638
83 640
83 643
83 644
83 647
83 648
83 652
83 653
83 656
83 658
83 659
83 664
83 669
83 670
83 672
83 675
83 676
83 683
83 685
83 686
83 687
83 688
83 689
83 690
83 691
83 692
83 695
83 696
83 699
83 702
83 703
83 707
83 710
83 712
83 714
83 715
83 716
83 718
83 720
83 721
83 722
83 724
83 726
83 727
83 729
83 731
83 732
83 734
83 740
83 742
83 743
83 745
83 746
83 748
83 749
83 752
83 754
83 755
83 757
83 760
83 762
83 763
83 764
83 767
83 770
83 773
83 774
83 775
83 777
83 781
83 782
83 784
83 786
83 787
83 788
83 789
83 791
83 794
83 797
83 798
83 799
83 800
84 406
84 409
84 411
84 413
84 419
84 420
84 422
84 424
84 425
84 428
84 433
84 436
84 438
84 440
84 441
84 442
84 444
84 446
84 449
84 450
84 451
84 452
84 454
84 455
84 458
84 460
84 461
84 462
84 463
84 466
84 470
84 473
84 474
84 475
84 481
84 482
84 483
84 485
84 486
84 487
84 488
84 489
84 491
84 493
84 495
84 498
84 500
84 501
84 502
84 504
84 506
84 507
84 509
84 512
84 513
84 516
84 517
84 522
84 523
84 524
84 525
84 526
84 527
84 528
84 529
84 531
84 532
84 533
84 535
84 539
84 540
84 541
84 542
84 544
84 545
84 546
84 550
84 551
84 552
84 553
84 556
84 558
84 559
84 562
84 565
84 566
84 567
84 568
84 569
84 571
84 572
84 573
84 577
84 578
84 581
84 583
84 584
84 587
84 588
84 589
84 591
84 592
84 593
84 595
84 596
84 598
84 599
84 600
84 605
84 606
84 607
84 609
84 610
84 613
84 614
84 615
84 616
84 617
84 618
84 619
84 622
84 624
84 625
84 629
84 630
84 631
84 632
84 638
84 642
84 643
84 645
84 649
84 654
84 658
84 659
84 660
84 664
84 667
84 671
84 675
84 677
84 683
84 690
84 691
84 696
84 697
84 698
84 699
84 700
84 701
84 702
84 703
84 704
84 706
84 707
84 709
84 710
84 711
84 712
84 714
84 716
84 717
84 718
84 721
84 723
84 725
84 730
84 735
84 739
84 740
84 741
84 743
84 745
84 746
84 747
84 753
84 754
84 757
84 758
84 760
84 762
84 764
84 766
84 768
84 770
84 772
84 776
84 777
84 778
84 779
84 780
84 781
84 783
84 785
84 786
84 787
84 791
84 795
84 799
84 800
85 401
85 403
85 404
85 409
85 410
85 413
85 414
85 415
85 419
85 422
85 423
85 427
85 428
85 433
85 436
85 437
85 442
85 443
85 445
85 446
85 447
85 448
85 449
85 451
85 452
85 453
85 455
85 461
85 462
85 464
85 467
85 470
85 471
85 472
85 474
85 475
85 476
85 477
85 478
85 481
85 484
85 485
85 486
85 489
85 490
85 492
85 496
85 498
85 499
85 500
85 501
85 502
85 504
85 505
85 506
85 507
85 508
85 509
85 510
85 511
85 513
85 516
85 517
85 519
85 524
85 525
85 527
85 529
85 533
85 534
85 535
85 539
85 543
85 545
85 546
85 547
85 548
85 552
85 554
85 556
85 560
85 569
85 571
85 573
85 575
85 577
85 581
85 582
85 585
85 586
85 592
85 595
85 596
85 601
85 602
85 603
85 605
85 607
85 608
85 609
85 611
85 613
85 615
85 617
85 618
85 620
85 621
85 622
85 624
85 625
85 626
85 633
85 634
85 635
85 637
85 641
85 643
85 644
85 645
85 646
85 647
85 648
85 649
85 652
85 659
85 662
85 664
85 666
85 667
85 668
85 669
85 673
85 674
85 675
85 677
85 678
85 680
85 681
85 684
85 685
85 686
85 687
85 689
85 691
85 694
85 696
85 700
85 701
85 703
85 704
85 706
85 707
85 709
85 711
85 714
85 715
85 719
85 720
85 721
85 722
85 725
85 727
85 728
85 729
85 730
85 731
85 732
85 735
85 737
85 738
85 739
85 741
85 743
85 744
85 745
85 746
85 747
85 749
85 750
85 753
85 754
85 757
85 760
85 762
85 763
85 765
85 767
85 769
85 770
85 772
85 773
85 776
85 777
85 779
85 781
85 782
85 789
85 794
85 798
86 402
86 403
86 410
86 414
86 416
86 419
86 420
86 424
86 429
86 430
86 431
86 435
86 436
86 439
86 441
86 444
86 446
86 448
86 451
86 456
86 457
86 458
86 460
86 461
86 464
86 469
86 470
86 471
86 473
86 474
86 475
86 476
86 478
86 479
86 481
86 484
86 487
86 488
86 490
86 492
86 496
86 497
86 498
86 499
86 502
86 503
86 507
86 511
86 512
86 513
86 515
86 516
86 518
86 520
86 522
86 526
86 527
86 530
86 535
86 538
86 539
86 541
86 542
86 543
86 544
86 547
86 548
86 550
86 551
86 552
86 553
86 554
86 556
86 557
86 558
86 560
86 564
86 566
86 567
86 568
86 570
86 573
86 574
86 575
86 578
86 579
86 582
86 583
86 584
86 585
86 586
86 587
86 588
86 589
86 592
86 596
86 598
86 599
86 602
86 604
86 605
86 607
86 609
86 611
86 612
86 613
86 614
86 617
86 619
86 620
86 621
86 622
86 623
86 624
86 625
86 627
86 628
86 630
86 632
86 633
86 634
86 636
86 637
86 639
86 640
86 641
86 642
86 645
86 646
86 648
86 649
86 655
86 656
86 657
86 661
86 664
86 666
86 667
86 668
86 669
86 670
86 673
86 674
86 675
86 676
86 677
86 678
86 679
86 680
86 682
86 683
86 684
86 690
86 691
86 692
86 693
86 695
86 696
86 698
86 701
86 706
86 709
86 710
86 712
86 713
86 718
86 719
86 721
86 723
86 724
86 725
86 728
86 734
86 738
86 741
86 742
86 743
86 745
86 748
86 750
86 751
86 753
86 754
86 756
86 757
86 758
86 759
86 767
86 769
86 770
86 774
86 777
86 780
86 781
86 782
86 783
86 788
86 791
86 794
86 795
86 796
86 798
86 799
86 800
87 403
87 404
87 405
87 408
87 410
87 412
87 413
87 414
87 415
87 418
87 423
87 425
87 427
87 428
87 433
87 434
87 435
87 442
87 444
87 445
87 448
87 449
87 453
87 456
87 461
87 463
87 465
87 467
87 473
87 475
87 478
87 479
87 480
87 481
87 482
87 484
87 486
87 487
87 489
87 490
87 495
87 499
87 501
87 503
87 505
87 507
87 509
87 511
87 512
87 514
87 518
87 520
87 521
87 522
87 524
87 525
87 526
87 529
87 532
87 534
87 537
87 539
87 540
87 542
87 543
87 545
87 547
87 551
87 554
87 556
87 561
87 564
87 565
87 566
87 569
87 571
87 574
87 576
87 578
87 583
87 584
87 585
87 588
87 590
87 591
87 592
87 593
87 597
87 598
87 600
87 602
87 604
87 606
87 609
87 611
87 614
87 615
87 616
87 617
87 618
87 620
87 624
87 625
87 626
87 631
87 633
87 634
87 640
87 643
87 644
87 646
87 647
87 648
87 649
87 654
87 655
87 663
87 664
87 665
87 668
87 670
87 671
87 673
87 674
87 678
87 680
87 684
87 687
87 690
87 691
87 692
87 695
87 698
87 699
87 700
87 705
87 706
87 707
87 708
87 710
87 711
87 712
87 713
87 714
87 715
87 717
87 721
87 722
87 723
87 724
87 727
87 728
87 729
87 731
87 734
87 736
87 741
87 742
87 743
87 745
87 748
87 749
87 751
87 752
87 754
87 755
87 756
87 758
87 759
87 760
87 761
87 763
87 764
87 765
87 767
87 769
87 772
87 773
87 775
87 779
87 785
87 791
87 792
87 795
87 797
87 799
88 401
88 403
88 405
88 406
88 407
88 409
88 411
88 412
88 417
88 418
88 425
88 426
88 432
88 433
88 441
88 442
88 445
88 446
88 447
88 455
88 458
88 460
88 463
88 464
88 465
88 466
88 469
88 470
88 471
88 475
88 476
88 478
88 479
88 481
88 482
88 483
88 485
88 488
88 489
88 492
88 493
88 494
88 496
88 498
88 504
88 507
88 509
88 510
88 513
88 514
88 516
88 518
88 520
88 526
88 527
88 529
88 530
88 531
88 532
88 533
88 534
88 536
88 542
88 544
88 545
88 546
88 548
88 549
88 551
88 552
88 554
88 556
88 565
88 567
88 568
88 569
88 570
88 571
88 572
88 574
88 575
88 576
88 579
88 580
88 583
88 585
88 586
88 588
88 591
88 592
88 593
88 594
88 595
88 596
88 600
88 601
88 604
88 605
88 609
88 610
88 611
88 613
88 614
88 615
88 616
88 618
88 620
88 626
88 631
88 632
88 633
88 635
88 636
88 637
88 641
88 643
88 644
88 645
88 651
88 652
88 654
88 655
88 657
88 658
88 659
88 664
88 665
88 666
88 668
88 671
88 672
88 677
88 680
88 681
88 684
88 686
88 687
88 688
88 689
88 690
88 691
88 693
88 695
88 697
88 699
88 701
88 703
88 713
88 716
88 719
88 720
88 722
88 724
88 725
88 726
88 727
88 729
88 731
88 736
88 737
88 739
88 742
88 743
88 744
88 745
88 747
88 748
88 751
88 752
88 754
88 756
88 760
88 761
88 762
88 764
88 765
88 766
88 767
88 768
88 769
88 772
88 773
88 778
88 779
88 780
88 781
88 785
88 787
88 793
88 796
88 797
88 798
88 799
89 401
89 402
89 404
89 405
89 408
89 411
89 414
89 416
89 420
89 422
89 424
89 426
89 430
89 431
89 433
89 437
89 439
89 442
89 443
89 446
89 447
89 450
89 453
89 454
89 455
89 456
89 457
89 461
89 464
89 465
89 467
89 468
89 470
89 472
89 476
89 479
89 480
89 481
89 482
89 483
89 484
89 487
89 489
89 490
89 492
89 493
89 495
89 497
89 501
89 505
89 507
89 508
89 509
89 510
89 511
89 519
89 521
89 522
89 523
89 524
89 525
89 530
89 531
89 534
89 535
89 539
89 542
89 547
89 549
89 550
89 552
89 555
89 557
89 558
89 559
89 560
89 561
89 562
89 566
89 567
89 568
89 571
89 578
89 581
89 582
89 583
89 585
89 588
89 589
89 593
89 594
89 596
89 597
89 603
89 604
89 605
89 608
89 611
89 618
89 619
89 621
89 623
89 627
89 629
89 633
89 635
89 637
89 639
89 641
89 648
89 656
89 661
89 662
89 663
89 668
89 670
89 675
89 678
89 679
89 681
89 684
89 686
89 687
89 688
89 692
89 693
89 694
89 697
89 702
89 706
89 707
89 708
89 709
89 711
89 713
89 714
89 715
89 716
89 723
89 727
89 728
89 730
89 731
89 735
89 737
89 740
89 741
89 743
89 744
89 745
89 749
89 753
89 755
89 757
89 759
89 760
89 761
89 763
89 765
89 766
89 769
89 770
89 771
89 773
89 778
89 780
89 782
89 783
89 784
89 785
89 787
89 789
89 790
89 792
89 796
90 401
90 402
90 405
90 406
90 407
90 409
90 412
90 413
90 415
90 422
90 423
90 425
90 426
90 427
90 431
90 433
90 436
90 439
90 440
90 441
90 443
90 444
90 446
90 447
90 451
90 455
90 458
90 460
90 461
90 462
90 467
90 470
90 472
90 473
90 475
90 476
90 477
90 478
90 479
90 482
90 484
90 485
90 486
90 487
90 488
90 490
90 493
90 495
90 496
90 497
90 498
90 501
90 503
90 507
90 509
90 511
90 515
90 516
90 518
90 520
90 521
90 523
90 525
90 527
90 528
90 529
90 530
90 532
90 533
90 535
90 540
90 542
90 543
90 546
90 554
90 555
90 556
90 564
90 565
90 567
90 569
90 570
90 571
90 572
90 573
90 574
90 575
90 576
90 577
90 578
90 579
90 580
90 582
90 585
90 586
90 587
90 591
90 593
90 594
90 596
90 598
90 599
90 600
90 602
90 603
90 608
90 616
90 617
90 619
90 620
90 621
90 622
90 624
90 625
90 627
90 628
90 632
90 633
90 635
90 637
90 638
90 639
90 641
90 642
90 646
90 652
90 653
90 655
90 656
90 657
90 661
90 662
90 666
90 667
90 669
90 670
90 671
90 672
90 674
90 675
90 677
90 678
90 680
90 682
90 684
90 685
90 686
90 692
90 694
90 696
90 697
90 701
90 702
90 704
90 706
90 707
90 711
90 712
90 714
90 715
90 718
90 721
90 723
90 724
90 726
90 731
90 732
90 733
90 735
90 737
90 738
90 739
90 740
90 742
90 744
90 745
90 747
90 752
90 754
90 755
90 757
90 759
90 762
90 766
90 767
90 768
90 771
90 772
90 774
90 776
90 777
90 779
90 782
90 785
90 786
90 788
90 789
90 790
90 794
90 795
90 796
90 797
91 402
91 403
91 406
91 414
91 415
91 419
91 420
91 423
91 425
91 435
91 437
91 438
91 440
91 442
91 443
91 445
91 447
91 451
91 452
91 454
91 455
91 456
91 457
91 458
91 459
91 461
91 463
91 465
91 470
91 474
91 475
91 477
91 478
91 485
91 486
91 488
91 489
91 490
91 492
91 501
91 503
91 505
91 506
91 507
91 508
91 510
91 511
91 512
91 514
91 515
91 516
91 519
91 520
91 521
91 524
91 526
91 527
91 529
91 530
91 531
91 532
91 535
91 536
91 540
91 542
91 545
91 546
91 547
91 549
91 550
91 551
91 552
91 553
91 554
91 557
91 560
91 561
91 562
91 563
91 564
91 567
91 568
91 570
91 571
91 573
91 576
91 577
91 580
91 582
91 583
91 584
91 585
91 586
91 590
91 592
91 594
91 597
91 599
91 600
91 602
91 604
91 608
91 610
91 611
91 613
91 615
91 616
91 617
91 619
91 621
91 626
91 627
91 629
91 630
91 631
91 639
91 640
91 641
91 643
91 646
91 647
91 652
91 654
91 655
91 657
91 661
91 663
91 664
91 665
91 666
91 668
91 669
91 671
91 673
91 679
91 680
91 681
91 682
91 683
91 685
91 686
91 688
91 689
91 697
91 698
91 699
91 701
91 702
91 705
91 706
91 708
91 710
91 712
91 716
91 720
91 724
91 725
91 729
91 733
91 736
91 737
91 740
91 741
91 742
91 743
91 753
91 755
91 756
91 757
91 760
91 761
91 764
91 765
91 768
91 774
91 778
91 784
91 788
91 790
91 792
91 795
91 797
91 798
91 799
91 800
92 402
92 403
92 405
92 406
92 408
92 410
92 412
92 415
92 416
92 417
92 418
92 421
92 422
92 423
92 424
92 426
92 427
92 428
92 430
92 432
92 435
92 439
92 440
92 442
92 443
92 447
92 449
92 450
92 452
92 455
92 458
92 462
92 466
92 467
92 472
92 473
92 475
92 476
92 477
92 478
92 479
92 483
92 484
92 486
92 487
92 489
92 490
92 493
92 496
92 498
92 499
92 502
92 505
92 509
92 510
92 511
92 513
92 514
92 515
92 517
92 518
92 519
92 520
92 524
92 526
92 528
92 531
92 533
92 534
92 539
92 541
92 544
92 545
92 547
92 551
92 552
92 556
92 557
92 558
92 559
92 561
92 566
92 567
92 569
92 570
92 571
92 573
92 575
92 576
92 579
92 580
92 581
92 582
92 583
92 585
92 587
92 588
92 590
92 593
92 597
92 598
92 600
92 606
92 608
92 612
92 613
92 614
92 615
92 619
92 620
92 623
92 624
92 625
92 627
92 630
92 635
92 636
92 637
92 638
92 639
92 641
92 649
92 650
92 653
92 657
92 658
92 661
92 663
92 664
92 665
92 666
92 670
92 671
92 672
92 673
92 675
92 677
92 681
92 682
92 683
92 684
92 686
92 689
92 691
92 692
92 694
92 696
92 698
92 705
92 706
92 707
92 708
92 712
92 713
92 714
92 715
92 716
92 719
92 721
92 727
92 733
92 734
92 735
92 737
92 739
92 740
92 745
92 746
92 749
92 751
92 752
92 755
92 756
92 757
92 758
92 759
92 761
92 762
92 763
92 766
92 769
92 770
92 774
92 775
92 777
92 779
92 780
92 784
92 789
92 792
92 798
93 401
93 403
93 405
93 407
93 409
93 410
93 413
93 415
93 416
93 417
93 420
93 422
93 425
93 427
93 430
93 431
93 436
93 438
93 440
93 443
93 444
93 445
93 446
93 451
93 453
93 454
93 456
93 457
93 458
93 462
93 463
93 466
93 468
93 469
93 471
93 472
93 473
93 474
93 475
93 480
93 483
93 487
93 488
93 489
93 492
93 495
93 496
93 497
93 500
93 503
93 504
93 505
93 508
93 510
93 512
93 515
93 517
93 519
93 524
93 525
93 526
93 527
93 528
93 529
93 531
93 532
93 535
93 537
93 539
93 540
93 541
93 543
93 546
93 548
93 549
93 553
93 554
93 556
93 557
93 558
93 560
93 569
93 571
93 574
93 579
93 580
93 581
93 582
93 583
93 584
93 586
93 587
93 592
93 593
93 594
93 596
93 597
93 600
93 602
93 603
93 604
93 609
93 610
93 612
93 614
93 617
93 619
93 620
93 621
93 622
93 624
93 630
93 631
93 634
93 638
93 643
93 644
93 645
93 646
93 650
93 652
93 653
93 654
93 655
93 656
93 657
93 666
93 667
93 668
93 669
93 671
93 676
93 677
93 678
93 680
93 682
93 686
93 689
93 691
93 693
93 695
93 697
93 699
93 700
93 701
93 705
93 707
93 708
93 710
93 713
93 715
93 717
93 719
93 720
93 722
93 723
93 727
93 729
93 730
93 735
93 736
93 737
93 741
93 742
93 745
93 746
93 749
93 750
93 752
93 753
93 755
93 756
93 757
93 758
93 759
93 762
93 763
93 764
93 766
93 767
93 769
93 771
93 772
93 773
93 774
93 775
93 776
93 779
93 780
93 781
93 782
93 788
93 790
93 793
93 800
94 402
94 403
94 407
94 408
94 410
94 415
94 416
94 418
94 419
94 420
94 421
94 423
94 431
94 432
94 435
94 437
94 438
94 439
94 440
94 443
94 444
94 447
94 449
94 454
94 455
94 463
94 464
94 467
94 472
94 473
94 474
94 475
94 476
94 477
94 479
94 482
94 485
94 488
94 489
94 490
94 492
94 493
94 494
94 497
94 500
94 502
94 503
94 504
94 507
94 508
94 509
94 516
94 517
94 518
94 519
94 520
94 521
94 522
94 523
94 525
94 527
94 529
94 532
94 533
94 534
94 537
94 538
94 541
94 542
94 543
94 544
94 545
94 548
94 551
94 552
94 553
94 554
94 556
94 558
94 559
94 560
94 562
94 565
94 567
94 571
94 575
94 577
94 579
94 584
94 586
94 589
94 591
94 594
94 595
94 596
94 597
94 598
94 601
94 606
94 607
94 613
94 615
94 616
94 618
94 619
94 622
94 623
94 625
94 627
94 628
94 632
94 634
94 635
94 637
94 640
94 641
94 644
94 648
94 649
94 650
94 651
94 655
94 657
94 664
94 665
94 673
94 676
94 677
94 678
94 681
94 684
94 685
94 686
94 690
94 691
94 692
94 693
94 700
94 701
94 702
94 703
94 704
94 706
94 708
94 709
94 710
94 712
94 714
94 720
94 721
94 722
94 723
94 724
94 726
94 727
94 728
94 733
94 736
94 740
94 741
94 750
94 753
94 754
94 756
94 757
94 760
94 761
94 765
94 766
94 768
94 769
94 771
94 772
94 773
94 774
94 782
94 784
94 786
94 787
94 788
94 790
94 791
94 793
94 794
94 795
94 796
94 798
94 799
94 800
95 401
95 403
95 404
95 405
95 408
95 416
95 417
95 418
95 419
95 423
95 424
95 425
95 426
95 429
95 430
95 431
95 432
95 433
95 437
95 441
95 442
95 444
95 446
95 447
95 449
95 451
95 453
95 457
95 460
95 461
95 465
95 466
95 467
95 469
95 470
95 471
95 473
95 474
95 475
95 480
95 481
95 482
95 488
95 489
95 490
95 491
95 492
95 495
95 498
95 499
95 502
95 504
95 507
95 508
95 510
95 511
95 513
95 515
95 518
95 520
95 521
95 523
95 524
95 525
95 526
95 530
95 533
95 534
95 536
95 537
95 538
95 539
95 540
95 545
95 546
95 549
95 550
95 552
95 553
95 555
95 556
95 557
95 558
95 559
95 560
95 562
95 563
95 564
95 565
95 567
95 570
95 571
95 572
95 575
95 577
95 581
95 584
95 585
95 586
95 588
95 590
95 592
95 594
95 596
95 598
95 600
95 601
95 603
95 604
95 605
95 606
95 610
95 613
95 616
95 617
95 619
95 621
95 623
95 624
95 625
95 630
95 634
95 637
95 639
95 641
95 647
95 648
95 649
95 651
95 652
95 653
95 656
95 657
95 663
95 664
95 666
95 668
95 669
95 670
95 672
95 673
95 675
95 676
95 677
95 678
95 679
95 680
95 682
95 685
95 690
95 691
95 692
95 693
95 694
95 695
95 698
95 699
95 701
95 706
95 709
95 710
95 713
95 714
95 716
95 718
95 719
95 721
95 723
95 725
95 726
95 730
95 738
95 744
95 746
95 749
95 750
95 754
95 756
95 759
95 761
95 763
95 766
95 770
95 771
95 772
95 773
95 774
95 775
95 776
95 779
95 780
95 782
95 783
95 784
95 785
95 786
95 787
95 788
95 789
95 791
95 792
95 793
95 794
95 795
95 796
95 797
96 404
96 405
96 406
96 415
96 416
96 421
96 422
96 423
96 426
96 429
96 431
96 432
96 434
96 437
96 438
96 441
96 442
96 443
96 444
96 446
96 447
96 450
96 451
96 453
96 454
96 456
96 457
96 460
96 462
96 466
96 469
96 477
96 479
96 480
96 481
96 484
96 486
96 488
96 490
96 491
96 492
96 493
96 496
96 497
96 498
96 502
96 503
96 507
96 509
96 510
96 516
96 517
96 519
96 520
96 525
96 526
96 527
96 528
96 530
96 531
96 533
96 534
96 537
96 539
96 540
96 541
96 544
96 546
96 548
96 550
96 551
96 556
96 557
96 558
96 560
96 566
96 568
96 569
96 570
96 571
96 574
96 575
96 577
96 578
96 579
96 581
96 583
96 584
96 585
96 586
96 587
96 590
96 592
96 593
96 594
96 596
96 597
96 598
96 600
96 601
96 602
96 603
96 606
96 608
96 609
96 613
96 615
96 616
96 620
96 626
96 627
96 629
96 631
96 632
96 633
96 634
96 635
96 636
96 637
96 638
96 640
96 643
96 644
96 645
96 647
96 649
96 650
96 651
96 654
96 655
96 656
96 658
96 660
96 661
96 662
96 671
96 672
96 673
96 674
96 675
96 679
96 682
96 683
96 685
96 688
96 691
96 692
96 697
96 698
96 700
96 701
96 705
96 710
96 711
96 712
96 716
96 717
96 718
96 720
96 724
96 726
96 729
96 731
96 732
96 733
96 736
96 740
96 742
96 743
96 744
96 747
96 748
96 749
96 750
96 751
96 753
96 754
96 756
96 759
96 761
96 763
96 764
96 765
96 766
96 767
96 769
96 770
96 772
96 776
96 777
96 778
96 779
96 784
96 785
96 786
96 787
96 788
96 789
96 790
96 792
96 794
96 796
96 797
96 799
96 800
97 401
97 402
97 403
97 404
97 405
97 409
97 410
97 411
97 412
97 415
97 417
97 418
97 421
97 422
97 425
97 427
97 429
97 434
97 436
97 438
97 441
97 442
97 443
97 445
97 446
97 448
97 454
97 455
97 458
97 459
97 461
97 462
97 464
97 467
97 469
97 470
97 472
97 473
97 474
97 475
97 476
97 481
97 483
97 487
97 488
97 490
97 495
97 496
97 497
97 500
97 501
97 504
97 506
97 507
97 508
97 509
97 511
97 512
97 513
97 514
97 515
97 516
97 517
97 521
97 522
97 524
97 526
97 528
97 529
97 530
97 531
97 533
97 534
97 536
97 537
97 540
97 541
97 543
97 544
97 545
97 546
97 547
97 549
97 550
97 555
97 558
97 560
97 561
97 566
97 567
97 569
97 570
97 572
97 574
97 575
97 576
97 581
97 583
97 586
97 588
97 590
97 592
97 595
97 596
97 597
97 598
97 600
97 601
97 602
97 604
97 608
97 613
97 614
97 616
97 618
97 620
97 621
97 626
97 628
97 630
97 631
97 632
97 633
97 635
97 636
97 639
97 643
97 644
97 647
97 648
97 649
97 650
97 652
97 653
97 654
97 655
97 656
97 658
97 661
97 663
97 665
97 666
97 669
97 670
97 671
97 673
97 674
97 677
97 683
97 685
97 686
97 687
97 688
97 692
97 694
97 695
97 700
97 701
97 702
97 703
97 704
97 705
97 710
97 713
97 718
97 721
97 722
97 725
97 726
97 728
97 729
97 731
97 733
97 737
97 738
97 739
97 740
97 748
97 750
97 752
97 755
97 756
97 758
97 759
97 760
97 761
97 764
97 766
97 767
97 768
97 769
97 770
97 771
97 772
97 775
97 777
97 778
97 780
97 783
97 786
97 787
97 788
97 790
97 791
97 792
97 794
97 796
97 797
97 799
97 800
98 406
98 409
98 410
98 413
98 414
98 415
98 418
98 421
98 423
98 425
98 426
98 428
98 430
98 431
98 436
98 437
98 438
98 440
98 441
98 442
98 445
98 446
98 448
98 449
98 450
98 452
98 453
98 454
98 455
98 457
98 459
98 461
98 463
98 464
98 465
98 466
98 467
98 468
98 469
98 471
98 472
98 473
98 474
98 475
98 477
98 478
98 481
98 483
98 485
98 486
98 488
98 489
98 491
98 493
98 495
98 496
98 498
98 499
98 500
98 506
98 507
98 509
98 511
98 514
98 515
98 516
98 517
98 521
98 522
98 524
98 525
98 529
98 535
98 536
98 538
98 540
98 542
98 544
98 547
98 550
98 551
98 552
98 554
98 555
98 556
98 557
98 558
98 560
98 562
98 563
98 565
98 566
98 568
98 571
98 574
98 575
98 576
98 577
98 578
98 583
98 584
98 585
98 587
98 588
98 590
98 591
98 592
98 593
98 597
98 598
98 601
98 602
98 603
98 604
98 605
98 606
98 607
98 608
98 609
98 611
98 613
98 614
98 615
98 618
98 620
98 623
98 626
98 627
98 629
98 631
98 633
98 638
98 640
98 642
98 643
98 645
98 652
98 653
98 656
98 660
98 661
98 663
98 664
98 665
98 667
98 670
98 671
98 672
98 674
98 676
98 678
98 682
98 683
98 684
98 685
98 688
98 689
98 692
98 694
98 695
98 696
98 698
98 699
98 700
98 701
98 703
98 705
98 706
98 717
98 719
98 720
98 721
98 722
98 723
98 727
98 728
98 731
98 734
98 735
98 736
98 737
98 738
98 740
98 743
98 746
98 747
98 749
98 750
98 753
98 754
98 756
98 757
98 760
98 761
98 763
98 766
98 767
98 768
98 771
98 772
98 773
98 774
98 776
98 777
98 779
98 783
98 786
98 788
98 789
98 792
98 794
98 795
98 796
98 797
98 798
98 799
99 404
99 410
99 411
99 412
99 413
99 415
99 416
99 418
99 421
99 424
99 425
99 429
99 431
99 432
99 434
99 436
99 439
99 442
99 443
99 446
99 449
99 455
99 459
99 462
99 467
99 470
99 471
99 473
99 476
99 478
99 479
99 480
99 483
99 486
99 489
99 490
99 491
99 494
99 496
99 498
99 500
99 505
99 507
99 513
99 515
99 516
99 517
99 519
99 520
99 522
99 526
99 527
99 529
99 534
99 540
99 541
99 542
99 544
99 546
99 552
99 554
99 555
99 556
99 557
99 561
99 562
99 563
99 564
99 565
99 567
99 568
99 569
99 574
99 575
99 578
99 582
99 583
99 584
99 586
99 587
99 588
99 592
99 594
99 601
99 604
99 607
99 609
99 610
99 612
99 614
99 615
99 617
99 618
99 619
99 620
99 622
99 623
99 624
99 630
99 632
99 633
99 634
99 635
99 643
99 644
99 646
99 648
99 650
99 652
99 654
99 655
99 656
99 657
99 658
99 659
99 660
99 662
99 668
99 670
99 671
99 673
99 674
99 679
99 680
99 681
99 682
99 683
99 688
99 691
99 692
99 694
99 695
99 697
99 698
99 699
99 700
99 701
99 702
99 703
99 706
99 708
99 709
99 710
99 713
99 715
99 722
99 723
99 724
99 726
99 728
99 730
99 731
99 733
99 735
99 737
99 738
99 740
99 742
99 743
99 745
99 747
99 753
99 756
99 757
99 761
99 762
99 764
99 765
99 767
99 769
99 770
99 771
99 773
99 774
99 776
99 778
99 780
99 781
99 782
99 784
99 789
99 790
99 793
99 794
99 798
100 402
100 403
100 410
100 411
100 412
100 413
100 414
100 415
100 416
100 418
100 419
100 422
100 423
100 424
100 426
100 427
100 429
100 433
100 434
100 435
100 438
100 440
100 441
100 444
100 445
100 447
100 448
100 453
100 454
100 455
100 456
100 457
100 459
100 464
100 465
100 466
100 467
100 470
100 471
100 472
100 473
100 475
100 476
100 477
100 478
100 479
100 480
100 481
100 485
100 487
100 488
100 489
100 491
100 492
100 493
100 494
100 495
100 498
100 500
100 501
100 502
100 503
100 504
100 506
100 510
100 511
100 512
100 514
100 517
100 518
100 520
100 523
100 529
100 531
100 532
100 533
100 535
100 538
100 540
100 541
100 542
100 545
100 548
100 550
100 553
100 554
100 557
100 560
100 562
100 565
100 568
100 572
100 574
100 579
100 581
100 588
100 590
100 591
100 592
100 594
100 596
100 600
100 603
100 605
100 606
100 607
100 608
100 609
100 610
100 614
100 615
100 620
100 621
100 623
100 624
100 628
100 630
100 631
100 632
100 635
100 636
100 637
100 641
100 642
100 644
100 645
100 646
100 648
100 657
100 658
100 662
100 663
100 666
100 667
100 669
100 670
100 671
100 673
100 674
100 676
100 678
100 682
100 683
100 684
100 685
100 686
100 687
100 688
100 691
100 692
100 693
100 694
100 697
100 698
100 701
100 702
100 703
100 704
100 705
100 707
100 709
100 711
100 713
100 717
100 720
100 722
100 723
100 725
100 726
100 727
100 729
100 730
100 731
100 732
100 733
100 734
100 735
100 736
100 741
100 742
100 747
100 750
100 752
100 754
100 756
100 757
100 758
100 760
100 761
100 762
100 763
100 766
100 769
100 770
100 772
100 774
100 775
100 776
100 777
100 779
100 781
100 783
100 784
100 792
100 794
100 796
100 797
100 799
100 800
101 401
101 402
101 405
101 410
101 411
101 412
101 417
101 418
101 421
101 423
101 424
101 427
101 431
101 432
101 436
101 437
101 438
101 440
101 443
101 444
101 445
101 447
101 449
101 451
101 452
101 454
101 455
101 457
101 459
101 461
101 467
101 471
101 472
101 473
101 474
101 475
101 477
101 480
101 482
101 483
101 484
101 485
101 489
101 490
101 492
101 494
101 495
101 499
101 501
101 503
101 504
101 506
101 507
101 508
101 509
101 510
101 512
101 513
101 519
101 522
101 523
101 524
101 525
101 529
101 530
101 532
101 533
101 534
101 539
101 545
101 546
101 547
101 548
101 550
101 553
101 554
101 555
101 557
101 558
101 560
101 561
101 562
101 563
101 565
101 567
101 572
101 575
101 585
101 586
101 587
101 588
101 590
101 592
101 593
101 595
101 596
101 597
101 599
101 600
101 610
101 614
101 618
101 619
101 624
101 626
101 628
101 630
101 631
101 633
101 634
101 635
101 636
101 638
101 645
101 646
101 647
101 649
101 650
101 652
101 653
101 657
101 658
101 659
101 660
101 665
101 666
101 667
101 668
101 672
101 673
101 674
101 675
101 677
101 678
101 681
101 682
101 683
101 688
101 689
101 692
101 694
101 697
101 698
101 699
101 703
101 709
101 710
101 715
101 718
101 719
101 724
101 725
101 726
101 729
101 731
101 732
101 735
101 736
101 739
101 742
101 743
101 744
101 748
101 749
101 754
101 755
101 758
101 761
101 762
101 763
101 765
101 766
101 767
101 770
101 771
101 774
101 775
101 780
101 782
101 783
101 785
101 786
101 787
101 788
101 793
101 794
101 795
101 797
101 799
101 800
102 402
102 404
102 405
102 406
102 410
102 411
102 414
102 416
102 422
102 425
102 429
102 431
102 435
102 438
102 439
102 440
102 442
102 443
102 446
102 449
102 451
102 452
102 453
102 455
102 456
102 457
102 462
102 463
102 464
102 466
102 470
102 471
102 472
102 475
102 476
102 478
102 479
102 480
102 482
102 484
102 485
102 487
102 488
102 489
102 491
102 494
102 495
102 496
102 499
102 500
102 502
102 504
102 507
102 509
102 512
102 513
102 515
102 517
102 518
102 519
102 527
102 528
102 529
102 530
102 533
102 534
102 535
102 541
102 542
102 544
102 545
102 546
102 547
102 548
102 549
102 552
102 554
102 555
102 557
102 563
102 565
102 566
102 570
102 571
102 573
102 576
102 580
102 581
102 582
102 584
102 587
102 589
102 591
102 592
102 594
102 595
102 597
102 599
102 603
102 605
102 607
102 609
102 614
102 615
102 618
102 619
102 623
102 624
102 625
102 626
102 627
102 628
102 629
102 631
102 632
102 634
102 636
102 639
102 642
102 643
102 646
102 648
102 649
102 650
102 652
102 653
102 654
102 656
102 658
102 661
102 662
102 665
102 667
102 669
102 670
102 671
102 672
102 674
102 675
102 678
102 680
102 685
102 687
102 691
102 693
102 694
102 695
102 696
102 698
102 701
102 704
102 705
102 707
102 708
102 709
102 710
102 711
102 714
102 715
102 718
102 720
102 721
102 722
102 723
102 724
102 725
102 729
102 730
102 733
102 735
102 736
102 737
102 738
102 741
102 744
102 745
102 746
102 752
102 754
102 755
102 756
102 758
102 760
102 761
102 764
102 769
102 770
102 772
102 773
102 777
102 779
102 780
102 781
102 783
102 785
102 787
102 788
102 789
102 790
102 794
102 795
102 798
102 799
103 401
103 404
103 406
103 407
103 409
103 413
103 415
103 416
103 420
103 424
103 427
103 428
103 429
103 430
103 432
103 433
103 434
103 438
103 440
103 441
103 443
103 446
103 447
103 448
103 453
103 454
103 455
103 456
103 458
103 459
103 461
103 464
103 466
103 468
103 469
103 471
103 473
103 475
103 478
103 481
103 483
103 485
103 486
103 487
103 488
103 490
103 492
103 494
103 495
103 496
103 497
103 498
103 500
103 501
103 502
103 503
103 504
103 505
103 507
103 509
103 511
103 513
103 518
103 519
103 520
103 521
103 523
103 526
103 527
103 528
103 529
103 530
103 531
103 542
103 545
103 548
103 549
103 550
103 556
103 557
103 558
103 559
103 561
103 563
103 564
103 565
103 566
103 567
103 571
103 573
103 575
103 577
103 580
103 581
103 582
103 586
103 588
103 590
103 592
103 594
103 600
103 602
103 608
103 610
103 611
103 612
103 616
103 621
103 625
103 626
103 628
103 629
103 631
103 639
103 643
103 646
103 647
103 651
103 653
103 655
103 656
103 657
103 659
103 661
103 664
103 666
103 668
103 669
103 670
103 671
103 673
103 676
103 678
103 681
103 682
103 686
103 687
103 689
103 690
103 691
103 692
103 696
103 698
103 702
103 705
103 707
103 708
103 709
103 711
103 718
103 719
103 720
103 721
103 722
103 723
103 725
103 728
103 729
103 730
103 731
103 734
103 736
103 737
103 738
103 744
103 748
103 749
103 751
103 752
103 753
103 755
103 756
103 758
103 763
103 764
103 768
103 770
103 771
103 773
103 774
103 775
103 780
103 781
103 782
103 783
103 784
103 786
103 791
103 793
103 798
104 401
104 404
104 405
104 407
104 408
104 411
104 413
104 414
104 416
104 423
104 424
104 426
104 427
104 428
104 430
104 434
104 436
104 437
104 439
104 440
104 441
104 443
104 444
104 448
104 449
104 451
104 455
104 460
104 461
104 464
104 466
104 470
104 471
104 472
104 473
104 474
104 475
104 476
104 477
104 479
104 481
104 484
104 485
104 487
104 488
104 490
104 491
104 493
104 494
104 498
104 499
104 501
104 505
104 508
104 509
104 510
104 512
104 513
104 519
104 520
104 521
104 522
104 523
104 524
104 526
104 527
104 531
104 534
104 535
104 536
104 539
104 541
104 542
104 546
104 550
104 552
104 553
104 556
104 560
104 562
104 563
104 564
104 567
104 570
104 575
104 578
104 579
104 580
104 581
104 582
104 584
104 586
104 587
104 594
104 596
104 597
104 598
104 600
104 602
104 606
104 609
104 611
104 618
104 619
104 623
104 624
104 627
104 629
104 631
104 633
104 640
104 644
104 647
104 648
104 649
104 650
104 651
104 656
104 658
104 660
104 663
104 665
104 666
104 668
104 670
104 671
104 673
104 675
104 676
104 680
104 681
104 682
104 686
104 687
104 690
104 691
104 692
104 694
104 695
104 696
104 697
104 698
104 699
104 701
104 702
104 703
104 704
104 705
104 706
104 710
104 711
104 714
104 715
104 720
104 725
104 727
104 731
104 733
104 735
104 737
104 738
104 739
104 741
104 742
104 746
104 749
104 751
104 753
104 754
104 755
104 756
104 757
104 758
104 762
104 763
104 764
104 766
104 768
104 769
104 771
104 772
104 775
104 776
104 777
104 779
104 781
104 783
104 784
104 785
104 786
104 787
104 789
104 792
104 793
104 794
104 795
104 799
105 401
105 402
105 403
105 406
105 409
105 410
105 411
105 413
105 416
105 419
105 421
105 422
105 423
105 425
105 426
105 427
105 428
105 429
105 430
105 438
105 439
105 443
105 444
105 448
105 449
105 450
105 451
105 452
105 453
105 455
105 459
105 460
105 461
105 464
105 470
105 472
105 473
105 474
105 476
105 478
105 480
105 484
105 486
105 488
105 489
105 493
105 494
105 497
105 498
105 501
105 504
105 505
105 507
105 509
105 511
105 514
105 516
105 518
105 519
105 520
105 521
105 522
105 523
105 524
105 525
105 526
105 528
105 530
105 531
105 533
105 536
105 537
105 540
105 542
105 543
105 545
105 547
105 549
105 550
105 555
105 556
105 558
105 560
105 565
105 568
105 571
105 572
105 573
105 576
105 579
105 580
105 582
105 584
105 586
105 587
105 588
105 589
105 590
105 591
105 593
105 594
105 595
105 596
105 598
105 601
105 602
105 604
105 606
105 607
105 609
105 610
105 612
105 613
105 616
105 617
105 619
105 622
105 627
105 628
105 631
105 634
105 637
105 640
105 642
105 643
105 644
105 645
105 646
105 648
105 649
105 653
105 654
105 655
105 656
105 657
105 658
105 660
105 661
105 662
105 665
105 671
105 672
105 676
105 677
105 678
105 679
105 682
105 689
105 691
105 692
105 693
105 695
105 700
105 701
105 702
105 704
105 707
105 709
105 714
105 715
105 716
105 717
105 719
105 722
105 724
105 725
105 726
105 728
105 729
105 731
105 732
105 733
105 738
105 741
105 745
105 746
105 747
105 748
105 749
105 750
105 751
105 756
105 758
105 759
105 760
105 762
105 764
105 770
105 773
105 776
105 780
105 782
105 786
105 789
105 790
105 792
105 794
105 797
105 798
105 799
105 800
106 402
106 405
106 407
106 409
106 410
106 411
106 412
106 413
106 414
106 418
106 420
106 422
106 424
106 425
106 426
106 427
106 428
106 429
106 430
106 431
106 432
106 434
106 435
106 441
106 442
106 444
106 445
106 448
106 450
106 452
106 453
106 456
106 458
106 459
106 461
106 462
106 463
106 465
106 466
106 468
106 471
106 472
106 474
106 477
106 478
106 480
106 482
106 483
106 484
106 488
106 489
106 490
106 491
106 492
106 493
106 494
106 495
106 496
106 499
106 500
106 501
106 502
106 505
106 507
106 510
106 511
106 513
106 514
106 516
106 519
106 520
106 521
106 523
106 524
106 525
106 526
106 528
106 530
106 531
106 532
106 533
106 535
106 536
106 538
106 539
106 542
106 543
106 544
106 545
106 548
106 549
106 552
106 553
106 554
106 555
106 557
106 560
106 561
106 562
106 568
106 571
106 572
106 574
106 577
106 579
106 581
106 582
106 583
106 585
106 587
106 591
106 592
106 597
106 599
106 600
106 601
106 605
106 606
106 608
106 609
106 611
106 612
106 614
106 615
106 616
106 617
106 618
106 619
106 620
106 621
106 622
106 627
106 628
106 629
106 634
106 638
106 640
106 647
106 649
106 651
106 652
106 653
106 655
106 656
106 657
106 660
106 664
106 665
106 666
106 668
106 669
106 671
106 676
106 678
106 681
106 682
106 685
106 687
106 688
106 689
106 693
106 694
106 699
106 700
106 702
106 704
106 709
106 711
106 713
106 714
106 715
106 716
106 721
106 722
106 723
106 725
106 726
106 727
106 728
106 730
106 734
106 736
106 739
106 742
106 745
106 748
106 749
106 751
106 754
106 755
106 757
106 758
106 761
106 763
106 764
106 765
106 766
106 767
106 768
106 771
106 772
106 773
106 777
106 779
106 780
106 783
106 784
106 786
106 788
106 790
106 791
106 792
106 793
106 795
106 798
106 800
107 404
107 405
107 407
107 408
107 409
107 414
107 415
107 416
107 419
107 420
107 421
107 423
107 426
107 427
107 428
107 436
107 440
107 441
107 442
107 443
107 444
107 445
107 446
107 447
107 448
107 449
107 450
107 453
107 456
107 457
107 458
107 459
107 465
107 468
107 470
107 472
107 473
107 475
107 476
107 477
107 479
107 480
107 482
107 485
107 486
107 488
107 490
107 492
107 493
107 494
107 501
107 502
107 503
107 504
107 507
107 508
107 511
107 512
107 515
107 518
107 523
107 524
107 526
107 528
107 531
107 533
107 538
107 539
107 540
107 543
107 544
107 545
107 546
107 549
107 550
107 551
107 552
107 553
107 557
107 558
107 559
107 560
107 561
107 562
107 565
107 566
107 567
107 570
107 571
107 572
107 575
107 576
107 580
107 582
107 583
107 584
107 586
107 587
107 591
107 594
107 599
107 600
107 602
107 603
107 604
107 605
107 606
107 607
107 609
107 611
107 612
107 614
107 615
107 620
107 622
107 624
107 627
107 631
107 633
107 635
107 636
107 637
107 638
107 641
107 642
107 643
107 644
107 645
107 647
107 650
107 651
107 652
107 654
107 657
107 659
107 660
107 662
107 663
107 664
107 667
107 670
107 671
107 672
107 675
107 676
107 677
107 678
107 679
107 680
107 682
107 683
107 684
107 687
107 688
107 689
107 695
107 696
107 697
107 699
107 703
107 705
107 706
107 707
107 710
107 714
107 715
107 716
107 718
107 720
107 721
107 723
107 724
107 725
107 731
107 732
107 733
107 734
107 736
107 737
107 738
107 740
107 746
107 749
107 753
107 754
107 758
107 761
107 765
107 766
107 770
107 773
107 774
107 775
107 776
107 779
107 780
107 781
107 783
107 784
107 786
107 787
107 789
107 790
107 791
107 794
107 795
107 797
107 799
108 401
108 402
108 403
108 406
108 409
108 414
108 415
108 416
108 418
108 419
108 425
108 426
108 427
108 428
108 430
108 431
108 435
108 436
108 437
108 439
108 440
108 441
108 443
108 444
108 446
108 447
108 448
108 449
108 450
108 452
108 453
108 455
108 456
108 457
108 461
108 462
108 463
108 464
108 465
108 467
108 468
108 469
108 470
108 471
108 473
108 477
108 478
108 479
108 480
108 481
108 483
108 484
108 485
108 487
108 489
108 490
108 492
108 494
108 495
108 497
108 498
108 499
108 500
108 502
108 506
108 508
108 509
108 510
108 511
108 512
108 513
108 514
108 516
108 517
108 521
108 522
108 524
108 525
108 529
108 531
108 532
108 534
108 535
108 537
108 538
108 540
108 543
108 544
108 545
108 547
108 549
108 550
108 552
108 555
108 559
108 560
108 561
108 562
108 563
108 566
108 567
108 568
108 570
108 571
108 575
108 577
108 578
108 580
108 582
108 583
108 584
108 585
108 587
108 588
108 590
108 591
108 592
108 595
108 601
108 602
108 603
108 604
108 605
108 606
108 608
108 610
108 612
108 613
108 614
108 617
108 619
108 621
108 623
108 626
108 627
108 628
108 630
108 633
108 635
108 636
108 637
108 641
108 643
108 644
108 645
108 647
108 648
108 652
108 655
108 657
108 659
108 661
108 662
108 665
108 666
108 667
108 669
108 671
108 677
108 679
108 683
108 684
108 688
108 689
108 691
108 693
108 695
108 696
108 698
108 699
108 701
108 702
108 703
108 705
108 707
108 709
108 711
108 715
108 717
108 720
108 721
108 722
108 724
108 726
108 728
108 729
108 734
108 737
108 738
108 741
108 744
108 745
108 750
108 751
108 752
108 754
108 756
108 758
108 759
108 765
108 768
108 769
108 770
108 772
108 776
108 777
108 780
108 781
108 784
108 785
108 786
108 788
108 789
108 790
108 791
108 792
108 794
108 795
108 796
109 401
109 402
109 404
109 411
109 413
109 420
109 422
109 426
109 428
109 430
109 431
109 432
109 436
109 442
109 448
109 451
109 452
109 455
109 457
109 458
109 460
109 462
109 468
109 472
109 474
109 475
109 476
109 478
109 479
109 482
109 484
109 488
109 491
109 492
109 494
109 496
109 497
109 498
109 499
109 500
109 502
109 506
109 507
109 508
109 510
109 511
109 514
109 515
109 517
109 518
109 520
109 521
109 524
109 525
109 528
109 529
109 530
109 531
109 532
109 535
109 536
109 540
109 543
109 544
109 548
109 549
109 550
109 555
109 556
109 557
109 562
109 564
109 565
109 569
109 570
109 572
109 575
109 577
109 580
109 581
109 585
109 586
109 591
109 595
109 596
109 601
109 602
109 605
109 608
109 609
109 610
109 612
109 613
109 621
109 626
109 629
109 631
109 636
109 637
109 638
109 642
109 645
109 646
109 647
109 648
109 649
109 650
109 652
109 653
109 654
109 655
109 657
109 658
109 660
109 662
109 664
109 665
109 666
109 669
109 670
109 674
109 676
109 677
109 678
109 679
109 680
109 687
109 690
109 691
109 692
109 693
109 694
109 695
109 696
109 697
109 698
109 699
109 700
109 701
109 706
109 707
109 709
109 713
109 714
109 716
109 720
109 721
109 724
109 727
109 731
109 735
109 738
109 739
109 740
109 743
109 749
109 755
109 756
109 757
109 758
109 761
109 762
109 764
109 765
109 766
109 767
109 768
109 769
109 770
109 772
109 778
109 779
109 781
109 782
109 787
109 788
109 789
109 797
110 401
110 407
110 408
110 409
110 414
110 418
110 421
110 422
110 424
110 427
110 429
110 430
110 435
110 437
110 438
110 439
110 440
110 444
110 447
110 448
110 451
110 452
110 453
110 459
110 460
110 463
110 465
110 467
110 469
110 470
110 471
110 472
110 476
110 478
110 479
110 483
110 484
110 485
110 486
110 487
110 492
110 493
110 495
110 497
110 498
110 499
110 500
110 507
110 508
110 511
110 515
110 518
110 519
110 520
110 521
110 522
110 523
110 524
110 528
110 531
110 532
110 533
110 535
110 536
110 539
110 543
110 546
110 547
110 548
110 552
110 553
110 554
110 558
110 562
110 563
110 566
110 567
110 574
110 577
110 578
110 579
110 584
110 587
110 589
110 590
110 591
110 592
110 593
110 595
110 596
110 597
110 599
110 601
110 606
110 607
110 608
110 609
110 613
110 615
110 616
110 617
110 619
110 622
110 623
110 626
110 632
110 634
110 637
110 641
110 642
110 644
110 645
110 646
110 647
110 650
110 655
110 656
110 658
110 659
110 660
110 661
110 662
110 664
110 665
110 671
110 672
110 676
110 681
110 682
110 683
110 684
110 685
110 689
110 692
110 693
110 694
110 696
110 700
110 703
110 704
110 708
110 709
110 710
110 713
110 714
110 715
110 717
110 718
110 722
110 723
110 724
110 725
110 727
110 728
110 729
110 730
110 731
110 732
110 733
110 734
110 737
110 743
110 746
110 750
110 752
110 753
110 757
110 758
110 759
110 765
110 766
110 767
110 769
110 771
110 772
110 774
110 775
110 776
110 777
110 778
110 779
110 782
110 783
110 786
110 787
110 794
110 796
110 798
110 800
111 403
111 407
111 408
111 410
111 411
111 412
111 418
111 419
111 420
111 421
111 425
111 426
111 427
111 429
111 431
111 433
111 435
111 438
111 440
111 441
111 445
111 447
111 448
111 452
111 453
111 454
111 455
111 458
111 459
111 461
111 462
111 463
111 466
111 469
111 475
111 481
111 482
111 486
111 487
111 489
111 490
111 492
111 493
111 498
111 501
111 503
111 504
111 506
111 507
111 508
111 511
111 513
111 514
111 516
111 519
111 523
111 528
111 530
111 531
111 533
111 535
111 536
111 539
111 542
111 547
111 548
111 549
111 551
111 552
111 556
111 558
111 563
111 568
111 573
111 575
111 576
111 582
111 587
111 597
111 599
111 605
111 607
111 608
111 613
111 614
111 616
111 617
111 618
111 621
111 622
111 623
111 624
111 625
111 630
111 631
111 632
111 633
111 635
111 636
111 639
111 641
111 643
111 644
111 645
111 646
111 649
111 650
111 651
111 652
111 655
111 656
111 657
111 658
111 662
111 665
111 668
111 669
111 672
111 674
111 677
111 678
111 680
111 681
111 683
111 686
111 687
111 688
111 689
111 693
111 694
111 695
111 696
111 697
111 701
111 704
111 705
111 707
111 708
111 710
111 712
111 714
111 716
111 717
111 718
111 719
111 723
111 724
111 725
111 726
111 728
111 729
111 731
111 732
111 733
111 734
111 735
111 737
111 738
111 740
111 742
111 743
111 747
111 752
111 753
111 755
111 756
111 760
111 761
111 762
111 763
111 764
111 765
111 766
111 767
111 770
111 772
111 777
111 778
111 780
111 785
111 789
111 790
111 796
111 798
111 800
112 401
112 402
112 404
112 406
112 409
112 411
112 412
112 415
112 416
112 417
112 418
112 420
112 424
112 426
112 427
112 428
112 429
112 430
112 434
112 435
112 436
112 437
112 441
112 443
112 446
112 447
112 448
112 449
112 450
112 451
112 455
112 456
112 458
112 459
112 461
112 462
112 465
112 466
112 468
112 470
112 474
112 476
112 477
112 478
112 480
112 481
112 482
112 486
112 487
112 489
112 492
112 495
112 496
112 498
112 501
112 503
112 504
112 507
112 510
112 513
112 514
112 516
112 517
112 518
112 519
112 521
112 524
112 526
112 530
112 535
112 536
112 540
112 543
112 544
112 545
112 546
112 552
112 553
112 554
112 557
112 564
112 569
112 573
112 574
112 576
112 579
112 582
112 583
112 584
112 586
112 587
112 589
112 590
112 593
112 594
112 595
112 598
112 599
112 606
112 609
112 610
112 612
112 613
112 614
112 616
112 618
112 620
112 621
112 623
112 624
112 625
112 631
112 632
112 635
112 636
112 649
112 650
112 652
112 653
112 655
112 658
112 662
112 663
112 665
112 667
112 670
112 671
112 672
112 675
112 677
112 680
112 683
112 684
112 685
112 686
112 688
112 691
112 696
112 699
112 702
112 707
112 709
112 710
112 711
112 713
112 716
112 719
112 721
112 723
112 724
112 725
112 726
112 727
112 728
112 729
112 730
112 731
112 732
112 734
112 735
112 736
112 738
112 739
112 742
112 743
112 749
112 751
112 752
112 753
112 759
112 760
112 762
112 763
112 765
112 767
112 768
112 770
112 772
112 776
112 777
112 780
112 782
112 783
112 784
112 791
112 792
112 793
112 794
112 795
112 799
112 800
113 401
113 403
113 405
113 406
113 407
113 408
113 410
113 412
113 413
113 417
113 418
113 422
113 424
113 426
113 427
113 430
113 431
113 432
113 437
113 441
113 443
113 444
113 446
113 448
113 449
113 451
113 452
113 455
113 459
113 465
113 466
113 467
113 468
113 472
113 473
113 474
113 475
113 477
113 479
113 480
113 481
113 483
113 485
113 486
113 487
113 492
113 493
113 494
113 497
113 499
113 500
113 502
113 503
113 504
113 510
113 514
113 519
113 520
113 521
113 522
113 523
113 524
113 525
113 527
113 528
113 529
113 531
113 532
113 535
113 537
113 538
113 540
113 542
113 545
113 556
113 557
113 558
113 559
113 561
113 563
113 565
113 567
113 570
113 571
113 572
113 576
113 579
113 580
113 581
113 582
113 583
113 587
113 588
113 589
113 592
113 593
113 596
113 597
113 600
113 601
113 602
113 603
113 605
113 609
113 610
113 614
113 617
113 618
113 620
113 623
113 624
113 625
113 626
113 627
113 631
113 635
113 636
113 637
113 638
113 639
113 640
113 641
113 643
113 646
113 648
113 649
113 650
113 651
113 652
113 653
113 654
113 660
113 663
113 665
113 668
113 669
113 670
113 671
113 672
113 677
113 678
113 679
113 683
113 686
113 688
113 692
113 695
113 697
113 698
113 701
113 702
113 703
113 706
113 707
113 708
113 709
113 710
113 713
113 714
113 715
113 719
113 723
113 724
113 727
113 729
113 731
113 732
113 735
113 740
113 741
113 743
113 744
113 745
113 748
113 749
113 750
113 751
113 752
113 753
113 754
113 755
113 757
113 762
113 765
113 768
113 772
113 774
113 777
113 778
113 779
113 780
113 784
113 785
113 786
113 788
113 791
113 792
113 795
113 799
114 403
114 407
114 410
114 411
114 413
114 414
114 415
114 418
114 419
114 422
114 423
114 426
114 429
114 430
114 435
114 436
114 438
114 443
114 444
114 445
114 447
114 448
114 449
114 454
114 458
114 461
114 463
114 466
114 467
114 471
114 473
114 474
114 476
114 478
114 479
114 481
114 482
114 483
114 485
114 488
114 489
114 491
114 492
114 495
114 496
114 498
114 499
114 501
114 502
114 503
114 507
114 508
114 509
114 512
114 517
114 518
114 519
114 520
114 521
114 524
114 527
114 531
114 533
114 534
114 535
114 536
114 539
114 542
114 545
114 547
114 550
114 556
114 560
114 565
114 570
114 571
114 576
114 580
114 581
114 583
114 585
114 586
114 587
114 588
114 591
114 593
114 596
114 597
114 602
114 604
114 605
114 611
114 616
114 617
114 618
114 620
114 623
114 624
114 625
114 626
114 627
114 628
114 632
114 633
114 636
114 637
114 638
114 639
114 640
114 644
114 645
114 646
114 650
114 652
114 655
114 656
114 658
114 662
114 663
114 665
114 666
114 669
114 670
114 671
114 672
114 675
114 679
114 680
114 683
114 687
114 688
114 689
114 690
114 691
114 692
114 693
114 694
114 695
114 698
114 699
114 700
114 702
114 703
114 705
114 706
114 712
114 713
114 715
114 716
114 718
114 719
114 722
114 724
114 726
114 732
114 733
114 734
114 735
114 736
114 737
114 738
114 741
114 743
114 744
114 749
114 750
114 751
114 758
114 761
114 763
114 766
114 767
114 770
114 771
114 777
114 780
114 784
114 785
114 787
114 788
114 789
114 791
114 792
114 794
114 797
114 798
114 800
115 401
115 402
115 404
115 405
115 407
115 411
115 412
115 413
115 415
115 416
115 419
115 420
115 421
115 423
115 425
115 426
115 427
115 428
115 429
115 434
115 436
115 437
115 442
115 444
115 445
115 446
115 448
115 449
115 451
115 453
115 454
115 455
115 457
115 459
115 461
115 462
115 463
115 464
115 466
115 473
115 474
115 479
115 480
115 482
115 484
115 485
115 487
115 488
115 489
115 490
115 491
115 493
115 494
115 495
115 496
115 497
115 498
115 502
115 504
115 505
115 506
115 507
115 510
115 511
115 515
115 516
115 517
115 518
115 519
115 520
115 522
115 524
115 526
115 528
115 530
115 533
115 534
115 535
115 542
115 544
115 546
115 547
115 548
115 549
115 551
115 552
115 553
115 555
115 556
115 557
115 558
115 559
115 560
115 561
115 563
115 565
115 566
115 572
115 575
115 577
115 579
115 584
115 587
115 589
115 591
115 593
115 594
115 600
115 601
115 603
115 604
115 606
115 608
115 611
115 613
115 616
115 618
115 622
115 624
115 630
115 637
115 642
115 644
115 646
115 648
115 651
115 652
115 653
115 657
115 658
115 659
115 661
115 662
115 667
115 669
115 670
115 671
115 673
115 675
115 676
115 677
115 678
115 681
115 684
115 686
115 687
115 692
115 694
115 700
115 702
115 703
115 704
115 706
115 709
115 712
115 713
115 714
115 717
115 724
115 727
115 728
115 730
115 731
115 732
115 733
115 734
115 735
115 736
115 738
115 739
115 740
115 741
115 747
115 749
115 751
115 754
115 761
115 762
115 764
115 767
115 769
115 771
115 773
115 775
115 776
115 777
115 778
115 785
115 786
115 789
115 791
115 792
115 794
115 797
116 401
116 402
116 407
116 409
116 410
116 412
116 415
116 417
116 419
116 420
116 422
116 423
116 424
116 426
116 428
116 429
116 432
116 434
116 437
116 439
116 442
116 445
116 446
116 448
116 449
116 453
116 454
116 456
116 458
116 463
116 464
116 467
116 468
116 469
116 471
116 472
116 473
116 474
116 475
116 476
116 477
116 478
116 479
116 480
116 482
116 483
116 485
116 486
116 487
116 488
116 489
116 490
116 493
116 494
116 497
116 500
116 501
116 504
116 507
116 509
116 511
116 512
116 513
116 514
116 517
116 518
116 520
116 522
116 524
116 525
116 529
116 530
116 531
116 534
116 535
116 539
116 541
116 543
116 545
116 546
116 548
116 549
116 550
116 551
116 553
116 558
116 559
116 561
116 564
116 567
116 568
116 569
116 574
116 575
116 576
116 579
116 582
116 584
116 587
116 590
116 591
116 592
116 593
116 594
116 597
116 598
116 599
116 602
116 604
116 605
116 606
116 608
116 610
116 611
116 613
116 614
116 615
116 616
116 617
116 618
116 619
116 621
116 624
116 625
116 626
116 628
116 629
116 630
116 633
116 634
116 635
116 638
116 639
116 641
116 646
116 648
116 649
116 652
116 654
116 655
116 658
116 659
116 661
116 662
116 665
116 666
116 668
116 669
116 673
116 676
116 678
116 679
116 680
116 681
116 682
116 683
116 684
116 687
116 690
116 691
116 692
116 695
116 696
116 701
116 702
116 703
116 704
116 705
116 710
116 713
116 716
116 718
116 721
116 722
116 726
116 729
116 730
116 737
116 738
116 740
116 742
116 743
116 744
116 747
116 748
116 749
116 750
116 753
116 754
116 756
116 759
116 761
116 762
116 763
116 767
116 772
116 773
116 774
116 775
116 776
116 777
116 778
116 782
116 786
116 788
116 789
116 790
116 791
116 793
116 800
117 401
117 402
117 403
117 404
117 406
117 407
117 409
117 412
117 416
117 417
117 419
117 422
117 423
117 425
117 427
117 428
117 432
117 433
117 434
117 436
117 438
117 439
117 440
117 444
117 446
117 448
117 449
117 450
117 451
117 454
117 457
117 458
117 459
117 460
117 463
117 469
117 470
117 471
117 473
117 474
117 476
117 477
117 481
117 482
117 483
117 484
117 490
117 492
117 493
117 494
117 496
117 499
117 501
117 503
117 505
117 507
117 508
117 509
117 512
117 517
117 518
117 519
117 521
117 522
117 525
117 526
117 528
117 530
117 535
117 537
117 540
117 541
117 543
117 548
117 550
117 551
117 553
117 554
117 558
117 563
117 569
117 570
117 571
117 574
117 582
117 584
117 585
117 586
117 587
117 589
117 591
117 592
117 593
117 595
117 596
117 601
117 603
117 604
117 605
117 608
117 610
117 612
117 613
117 615
117 616
117 619
117 621
117 622
117 624
117 625
117 628
117 629
117 630
117 633
117 634
117 636
117 638
117 640
117 643
117 647
117 650
117 651
117 652
117 655
117 656
117 658
117 661
117 662
117 664
117 665
117 666
117 667
117 669
117 670
117 672
117 673
117 675
117 676
117 678
117 681
117 682
117 684
117 689
117 692
117 693
117 695
117 698
117 699
117 705
117 707
117 711
117 712
117 713
117 716
117 718
117 719
117 721
117 722
117 724
117 725
117 727
117 731
117 732
117 736
117 739
117 740
117 742
117 744
117 745
117 746
117 748
117 750
117 751
117 752
117 753
117 754
117 755
117 756
117 758
117 761
117 763
117 765
117 766
117 769
117 770
117 771
117 772
117 775
117 781
117 782
117 784
117 785
117 787
117 788
117 789
117 790
117 791
117 792
117 793
117 798
117 799
117 800
118 401
118 404
118 407
118 408
118 409
118 410
118 412
118 414
118 415
118 417
118 419
118 422
118 423
118 426
118 427
118 428
118 429
118 430
118 432
118 435
118 437
118 439
118 440
118 441
118 443
118 446
118 450
118 451
118 452
118 455
118 456
118 457
118 461
118 462
118 464
118 465
118 466
118 467
118 471
118 475
118 476
118 479
118 481
118 484
118 487
118 488
118 489
118 491
118 492
118 495
118 498
118 502
118 503
118 504
118 505
118 508
118 509
118 510
118 511
118 512
118 513
118 516
118 517
118 521
118 522
118 523
118 524
118 528
118 533
118 535
118 536
118 537
118 538
118 540
118 541
118 542
118 544
118 547
118 548
118 549
118 550
118 551
118 552
118 553
118 554
118 555
118 556
118 560
118 563
118 565
118 566
118 567
118 568
118 569
118 571
118 572
118 573
118 574
118 575
118 577
118 578
118 579
118 587
118 588
118 591
118 592
118 594
118 595
118 597
118 599
118 600
118 601
118 604
118 605
118 606
118 609
118 611
118 612
118 614
118 616
118 617
118 619
118 620
118 621
118 624
118 628
118 629
118 631
118 635
118 636
118 637
118 638
118 641
118 645
118 646
118 647
118 648
118 649
118 650
118 654
118 655
118 658
118 659
118 660
118 661
118 663
118 669
118 670
118 671
118 673
118 676
118 678
118 680
118 681
118 683
118 686
118 688
118 689
118 693
118 694
118 695
118 697
118 698
118 702
118 703
118 704
118 705
118 709
118 711
118 712
118 713
118 717
118 718
118 719
118 720
118 721
118 722
118 723
118 731
118 734
118 735
118 740
118 741
118 743
118 745
118 746
118 747
118 748
118 756
118 758
118 764
118 766
118 768
118 771
118 773
118 774
118 777
118 780
118 781
118 782
118 783
118 784
118 786
118 787
118 788
118 790
118 794
118 797
118 798
118 800
119 403
119 406
119 408
119 416
119 417
119 418
119 420
119 421
119 422
119 427
119 428
119 429
119 431
119 433
119 435
119 437
119 438
119 440
119 441
119 442
119 443
119 445
119 448
119 449
119 451
119 452
119 453
119 454
119 455
119 457
119 458
119 460
119 461
119 463
119 467
119 469
119 470
119 474
119 475
119 476
119 480
119 481
119 482
119 483
119 485
119 492
119 497
119 499
119 500
119 501
119 502
119 503
119 505
119 508
119 510
119 511
119 512
119 515
119 519
119 520
119 524
119 525
119 530
119 532
119 533
119 535
119 539
119 541
119 542
119 545
119 547
119 548
119 549
119 551
119 552
119 554
119 556
119 557
119 559
119 567
119 568
119 569
119 571
119 573
119 577
119 578
119 585
119 586
119 589
119 590
119 591
119 592
119 593
119 594
119 595
119 596
119 597
119 601
119 602
119 604
119 606
119 607
119 608
119 609
119 612
119 613
119 614
119 615
119 616
119 617
119 619
119 620
119 621
119 624
119 629
119 630
119 631
119 632
119 633
119 635
119 636
119 640
119 641
119 642
119 643
119 644
119 651
119 655
119 656
119 659
119 662
119 663
119 666
119 667
119 669
119 670
119 672
119 676
119 677
119 678
119 680
119 681
119 682
119 688
119 689
119 690
119 692
119 693
119 695
119 696
119 700
119 701
119 711
119 713
119 714
119 717
119 718
119 719
119 720
119 721
119 725
119 728
119 729
119 731
119 733
119 736
119 738
119 739
119 740
119 742
119 745
119 746
119 747
119 748
119 749
119 750
119 751
119 752
119 754
119 755
119 757
119 759
119 760
119 761
119 762
119 763
119 764
119 765
119 766
119 767
119 771
119 772
119 774
119 783
119 784
119 786
119 791
119 799
119 800
120 401
120 405
120 407
120 409
120 410
120 411
120 413
120 416
120 417
120 420
120 424
120 426
120 427
120 428
120 432
120 433
120 435
120 442
120 443
120 444
120 447
120 448
120 450
120 451
120 452
120 453
120 459
120 460
120 461
120 462
120 464
120 467
120 468
120 471
120 473
120 474
120 475
120 482
120 484
120 486
120 487
120 488
120 489
120 490
120 492
120 495
120 496
120 497
120 499
120 503
120 505
120 506
120 511
120 518
120 519
120 520
120 521
120 523
120 529
120 530
120 531
120 532
120 540
120 541
120 543
120 545
120 546
120 549
120 551
120 552
120 555
120 556
120 557
120 558
120 559
120 560
120 562
120 564
120 566
120 567
120 569
120 570
120 573
120 574
120 576
120 577
120 578
120 579
120 585
120 586
120 589
120 590
120 592
120 593
120 595
120 596
120 600
120 601
120 604
120 606
120 607
120 608
120 609
120 610
120 615
120 616
120 617
120 618
120 619
120 620
120 623
120 627
120 633
120 634
120 637
120 639
120 641
120 643
120 644
120 645
120 646
120 655
120 657
120 658
120 659
120 660
120 662
120 663
120 664
120 666
120 667
120 670
120 674
120 677
120 684
120 685
120 690
120 691
120 693
120 695
120 696
120 698
120 708
120 709
120 713
120 715
120 716
120 717
120 719
120 721
120 724
120 725
120 726
120 727
120 729
120 732
120 733
120 735
120 736
120 737
120 739
120 741
120 742
120 743
120 745
120 746
120 747
120 748
120 749
120 754
120 755
120 756
120 757
120 760
120 761
120 764
120 766
120 768
120 769
120 772
120 773
120 780
120 785
120 786
120 787
120 788
120 791
120 794
120 795
120 796
120 797
120 800
121 401
121 402
121 403
121 406
121 407
121 408
121 409
121 411
121 412
121 414
121 418
121 424
121 425
121 431
121 432
121 433
121 436
121 438
121 440
121 441
121 442
121 443
121 444
121 449
121 450
121 451
121 453
121 454
121 455
121 456
121 457
121 462
121 464
121 465
121 466
121 467
121 468
121 471
121 473
121 474
121 477
121 479
121 480
121 481
121 482
121 484
121 486
121 489
121 491
121 493
121 498
121 502
121 508
121 511
121 513
121 515
121 516
121 520
121 521
121 522
121 524
121 525
121 526
121 529
121 530
121 531
121 532
121 533
121 535
121 537
121 542
121 543
121 547
121 549
121 550
121 551
121 552
121 553
121 556
121 557
121 559
121 562
121 563
121 568
121 571
121 573
121 574
121 576
121 578
121 579
121 580
121 581
121 582
121 587
121 588
121 589
121 591
121 592
121 593
121 594
121 596
121 597
121 599
121 603
121 604
121 605
121 606
121 608
121 609
121 611
121 614
121 616
121 619
121 621
121 622
121 623
121 626
121 627
121 633
121 636
121 637
121 641
121 643
121 647
121 650
121 651
121 652
121 653
121 655
121 661
121 665
121 666
121 668
121 670
121 674
121 678
121 680
121 682
121 683
121 684
121 685
121 686
121 687
121 688
121 690
121 692
121 693
121 695
121 696
121 697
121 700
121 701
121 704
121 707
121 708
121 710
121 714
121 715
121 717
121 719
121 721
121 722
121 724
121 727
121 729
121 730
121 735
121 736
121 741
121 743
121 745
121 746
121 748
121 749
121 750
121 753
121 755
121 759
121 761
121 762
121 763
121 764
121 767
121 768
121 769
121 774
121 775
121 776
121 785
121 786
121 788
121 792
121 795
121 797
121 798
121 799
122 402
122 403
122 404
122 405
122 407
122 409
122 410
122 411
122 413
122 415
122 418
122 428
122 429
122 430
122 436
122 437
122 441
122 442
122 446
122 448
122 449
122 451
122 452
122 453
122 454
122 455
122 457
122 458
122 459
122 460
122 461
122 462
122 464
122 467
122 469
122 473
122 476
122 478
122 479
122 480
122 481
122 482
122 486
122 487
122 489
122 490
122 492
122 493
122 494
122 496
122 499
122 500
122 503
122 504
122 506
122 507
122 508
122 510
122 511
122 513
122 514
122 515
122 517
122 518
122 519
122 521
122 522
122 523
122 524
122 528
122 530
122 531
122 532
122 534
122 536
122 537
122 538
122 540
122 546
122 547
122 549
122 550
122 551
122 552
122 553
122 554
122 555
122 556
122 558
122 559
122 560
122 561
122 564
122 565
122 567
122 568
122 569
122 570
122 573
122 577
122 578
122 580
122 582
122 586
122 587
122 590
122 591
122 592
122 598
122 600
122 603
122 604
122 606
122 608
122 610
122 612
122 613
122 616
122 618
122 619
122 620
122 621
122 624
122 625
122 627
122 628
122 629
122 632
122 634
122 635
122 641
122 642
122 644
122 646
122 647
122 648
122 649
122 650
122 651
122 653
122 654
122 656
122 660
122 661
122 662
122 664
122 665
122 667
122 668
122 669
122 670
122 671
122 672
122 674
122 678
122 679
122 683
122 684
122 686
122 689
122 690
122 692
122 696
122 697
122 698
122 699
122 700
122 701
122 702
122 704
122 706
122 707
122 708
122 709
122 710
122 711
122 713
122 714
122 717
122 718
122 719
122 720
122 721
122 722
122 723
122 724
122 726
122 731
122 734
122 736
122 739
122 741
122 742
122 745
122 746
122 747
122 748
122 752
122 753
122 754
122 756
122 757
122 758
122 759
122 762
122 763
122 765
122 767
122 768
122 770
122 772
122 773
122 774
122 776
122 777
122 782
122 783
122 784
122 786
122 788
122 793
122 796
122 797
122 798
122 800
123 402
123 403
123 404
123 405
123 406
123 407
123 409
123 410
123 412
123 413
123 416
123 417
123 419
123 420
123 422
123 425
123 427
123 431
123 432
123 434
123 435
123 436
123 437
123 438
123 439
123 440
123 441
123 442
123 444
123 448
123 450
123 454
123 458
123 461
123 464
123 468
123 470
123 471
123 473
123 474
123 475
123 477
123 480
123 484
123 485
123 486
123 491
123 496
123 497
123 499
123 500
123 501
123 502
123 504
123 506
123 507
123 508
123 510
123 512
123 515
123 519
123 521
123 523
123 524
123 527
123 531
123 532
123 534
123 535
123 536
123 538
123 540
123 541
123 544
123 545
123 547
123 549
123 551
123 553
123 556
123 558
123 560
123 561
123 562
123 564
123 566
123 567
123 570
123 573
123 574
123 576
123 577
123 579
123 580
123 581
123 582
123 587
123 590
123 593
123 595
123 597
123 598
123 604
123 605
123 606
123 607
123 608
123 610
123 611
123 613
123 616
123 620
123 625
123 626
123 631
123 632
123 633
123 636
123 637
123 639
123 640
123 641
123 642
123 643
123 644
123 647
123 648
123 649
123 652
123 655
123 656
123 658
123 661
123 662
123 663
123 664
123 666
123 667
123 668
123 669
123 671
123 674
123 675
123 676
123 677
123 678
123 680
123 682
123 687
123 689
123 691
123 693
123 694
123 696
123 697
123 699
123 704
123 705
123 706
123 708
123 709
123 710
123 711
123 712
123 713
123 718
123 720
123 722
123 724
123 725
123 727
123 728
123 731
123 732
123 733
123 736
123 737
123 740
123 741
123 742
123 746
123 748
123 750
123 751
123 756
123 757
123 760
123 766
123 767
123 768
123 770
123 771
123 773
123 777
123 778
123 779
123 780
123 781
123 782
123 789
123 791
123 792
123 793
123 795
123 797
123 799
123 800
124 401
124 403
124 404
124 405
124 408
124 411
124 412
124 417
124 419
124 423
124 424
124 426
124 428
124 430
124 431
124 432
124 433
124 435
124 436
124 438
124 441
124 448
124 449
124 450
124 451
124 452
124 455
124 457
124 461
124 462
124 463
124 464
124 465
124 466
124 469
124 473
124 475
124 478
124 480
124 482
124 483
124 486
124 487
124 489
124 491
124 493
124 495
124 496
124 497
124 500
124 502
124 505
124 508
124 509
124 514
124 517
124 518
124 519
124 521
124 525
124 526
124 528
124 531
124 534
124 535
124 538
124 541
124 544
124 547
124 549
124 551
124 555
124 561
124 564
124 565
124 570
124 573
124 574
124 575
124 576
124 578
124 581
124 584
124 585
124 586
124 587
124 588
124 589
124 592
124 594
124 595
124 596
124 600
124 601
124 603
124 604
124 605
124 606
124 608
124 611
124 612
124 614
124 618
124 621
124 623
124 625
124 627
124 628
124 632
124 636
124 638
124 639
124 640
124 646
124 648
124 649
124 651
124 653
124 654
124 656
124 657
124 658
124 663
124 664
124 665
124 669
124 670
124 676
124 678
124 679
124 682
124 688
124 689
124 691
124 692
124 695
124 697
124 698
124 700
124 701
124 702
124 703
124 704
124 709
124 710
124 711
124 712
124 713
124 714
124 716
124 718
124 720
124 724
124 727
124 730
124 731
124 735
124 736
124 737
124 742
124 744
124 745
124 748
124 753
124 755
124 756
124 759
124 761
124 763
124 765
124 766
124 767
124 770
124 772
124 773
124 774
124 775
124 776
124 779
124 783
124 785
124 787
124 791
124 793
124 794
124 797
124 799
125 401
125 408
125 411
125 416
125 417
125 418
125 419
125 424
125 425
125 427
125 428
125 431
125 434
125 436
125 443
125 446
125 447
125 448
125 449
125 451
125 452
125 454
125 456
125 457
125 458
125 459
125 460
125 466
125 471
125 472
125 474
125 476
125 479
125 480
125 489
125 491
125 496
125 497
125 498
125 499
125 500
125 501
125 503
125 504
125 512
125 513
125 517
125 521
125 526
125 527
125 528
125 530
125 534
125 540
125 541
125 544
125 545
125 546
125 548
125 551
125 552
125 553
125 554
125 556
125 557
125 558
125 561
125 563
125 567
125 569
125 572
125 573
125 574
125 577
125 578
125 581
125 582
125 583
125 584
125 586
125 587
125 588
125 590
125 591
125 592
125 594
125 595
125 597
125 598
125 599
125 600
125 601
125 602
125 603
125 605
125 611
125 612
125 617
125 618
125 619
125 620
125 625
125 627
125 628
125 632
125 635
125 636
125 637
125 638
125 639
125 640
125 641
125 644
125 646
125 647
125 648
125 650
125 652
125 653
125 654
125 655
125 656
125 658
125 660
125 662
125 663
125 665
125 668
125 669
125 670
125 672
125 673
125 674
125 676
125 679
125 681
125 683
125 684
125 685
125 686
125 692
125 693
125 697
125 698
125 701
125 703
125 705
125 708
125 709
125 711
125 713
125 715
125 719
125 720
125 722
125 723
125 725
125 727
125 728
125 729
125 731
125 734
125 737
125 739
125 741
125 743
125 747
125 749
125 754
125 756
125 757
125 759
125 760
125 761
125 765
125 772
125 775
125 776
125 777
125 779
125 780
125 781
125 784
125 785
125 786
125 787
125 788
125 792
125 796
125 797
125 799
125 800
126 401
126 403
126 404
126 411
126 412
126 413
126 415
126 416
126 417
126 420
126 422
126 423
126 425
126 427
126 430
126 432
126 434
126 435
126 436
126 437
126 438
126 439
126 442
126 446
126 447
126 448
126 449
126 450
126 452
126 453
126 454
126 457
126 458
126 459
126 460
126 466
126 469
126 472
126 474
126 475
126 481
126 483
126 484
126 485
126 487
126 493
126 495
126 496
126 497
126 499
126 500
126 502
126 507
126 509
126 511
126 513
126 514
126 515
126 517
126 518
126 519
126 520
126 527
126 529
126 530
126 536
126 539
126 540
126 542
126 544
126 547
126 548
126 551
126 557
126 560
126 563
126 564
126 567
126 568
126 569
126 570
126 571
126 573
126 576
126 580
126 582
126 583
126 584
126 585
126 586
126 588
126 589
126 591
126 592
126 594
126 596
126 597
126 599
126 600
126 601
126 602
126 604
126 605
126 607
126 608
126 609
126 611
126 612
126 615
126 616
126 617
126 618
126 620
126 621
126 622
126 625
126 627
126 628
126 629
126 630
126 631
126 632
126 636
126 637
126 638
126 639
126 642
126 644
126 647
126 648
126 651
126 652
126 654
126 656
126 659
126 664
126 665
126 668
126 671
126 672
126 673
126 674
126 677
126 679
126 683
126 685
126 689
126 696
126 698
126 699
126 700
126 701
126 702
126 705
126 706
126 707
126 708
126 709
126 710
126 711
126 713
126 717
126 723
126 724
126 725
126 728
126 731
126 733
126 735
126 736
126 737
126 739
126 743
126 745
126 746
126 748
126 751
126 752
126 753
126 756
126 757
126 758
126 760
126 761
126 762
126 763
126 764
126 765
126 766
126 767
126 769
126 771
126 772
126 773
126 774
126 776
126 780
126 782
126 785
126 786
126 787
126 788
126 790
126 792
126 793
126 796
126 797
126 799
127 403
127 404
127 411
127 415
127 416
127 417
127 419
127 420
127 421
127 422
127 428
127 430
127 434
127 435
127 437
127 438
127 439
127 442
127 443
127 444
127 445
127 446
127 447
127 449
127 451
127 454
127 456
127 458
127 459
127 460
127 464
127 471
127 474
127 475
127 476
127 477
127 478
127 479
127 480
127 481
127 482
127 483
127 485
127 486
127 489
127 491
127 492
127 493
127 499
127 502
127 504
127 505
127 508
127 509
127 513
127 514
127 515
127 516
127 518
127 519
127 520
127 523
127 528
127 529
127 531
127 537
127 539
127 547
127 548
127 549
127 550
127 551
127 554
127 557
127 559
127 561
127 562
127 564
127 565
127 566
127 567
127 568
127 569
127 572
127 573
127 575
127 576
127 577
127 580
127 581
127 596
127 598
127 600
127 603
127 604
127 605
127 606
127 608
127 609
127 611
127 612
127 615
127 617
127 619
127 622
127 623
127 625
127 626
127 627
127 631
127 633
127 634
127 637
127 639
127 640
127 643
127 646
127 647
127 649
127 653
127 655
127 656
127 657
127 658
127 663
127 665
127 666
127 667
127 668
127 670
127 671
127 673
127 677
127 678
127 679
127 683
127 685
127 686
127 687
127 688
127 689
127 690
127 691
127 693
127 696
127 699
127 700
127 702
127 706
127 707
127 710
127 711
127 712
127 714
127 715
127 716
127 717
127 721
127 722
127 724
127 725
127 727
127 728
127 729
127 730
127 731
127 733
127 734
127 735
127 736
127 737
127 739
127 741
127 742
127 747
127 748
127 750
127 751
127 752
127 753
127 757
127 758
127 759
127 764
127 765
127 766
127 767
127 768
127 769
127 773
127 774
127 775
127 776
127 778
127 779
127 780
127 782
127 784
127 789
127 790
127 797
127 798
127 800
128 401
128 402
128 403
128 405
128 406
128 408
128 409
128 412
128 414
128 415
128 416
128 419
128 420
128 423
128 424
128 425
128 426
128 427
128 428
128 432
128 437
128 438
128 439
128 440
128 441
128 444
128 447
128 448
128 449
128 450
128 451
128 452
128 453
128 456
128 457
128 460
128 462
128 465
128 468
128 469
128 470
128 477
128 478
128 479
128 480
128 481
128 483
128 484
128 486
128 488
128 490
128 491
128 492
128 499
128 500
128 501
128 502
128 504
128 505
128 506
128 507
128 508
128 509
128 510
128 512
128 515
128 516
128 517
128 518
128 520
128 522
128 524
128 525
128 526
128 527
128 529
128 530
128 531
128 534
128 535
128 537
128 538
128 539
128 540
128 543
128 546
128 547
128 548
128 551
128 553
128 555
128 556
128 557
128 558
128 560
128 561
128 562
128 564
128 565
128 566
128 568
128 570
128 572
128 574
128 575
128 576
128 577
128 580
128 583
128 584
128 586
128 588
128 589
128 594
128 597
128 598
128 600
128 606
128 613
128 618
128 621
128 624
128 629
128 630
128 635
128 638
128 639
128 640
128 642
128 644
128 645
128 647
128 648
128 649
128 651
128 655
128 657
128 658
128 659
128 664
128 665
128 667
128 668
128 669
128 672
128 673
128 675
128 676
128 678
128 683
128 684
128 685
128 686
128 687
128 688
128 689
128 691
128 696
128 697
128 698
128 699
128 701
128 702
128 703
128 705
128 706
128 709
128 710
128 712
128 713
128 715
128 716
128 717
128 718
128 722
128 724
128 725
128 726
128 728
128 733
128 734
128 735
128 736
128 739
128 745
128 747
128 748
128 751
128 753
128 754
128 755
128 756
128 758
128 759
128 760
128 761
128 762
128 770
128 775
128 776
128 782
128 783
128 784
128 789
128 791
128 792
128 793
128 794
128 795
128 797
128 800
129 401
129 403
129 404
129 406
129 407
129 408
129 409
129 410
129 412
129 413
129 415
129 416
129 418
129 419
129 420
129 421
129 424
129 426
129 428
129 429
129 433
129 434
129 436
129 437
129 440
129 442
129 447
129 452
129 454
129 456
129 463
129 464
129 467
129 468
129 473
129 476
129 477
129 478
129 481
129 482
129 483
129 484
129 487
129 489
129 491
129 492
129 498
129 500
129 501
129 502
129 504
129 506
129 507
129 509
129 510
129 511
129 512
129 513
129 514
129 515
129 516
129 517
129 521
129 522
129 523
129 524
129 525
129 526
129 527
129 528
129 530
129 531
129 532
129 533
129 534
129 535
129 536
129 537
129 538
129 540
129 544
129 547
129 548
129 549
129 553
129 554
129 555
129 558
129 559
129 560
129 561
129 564
129 565
129 566
129 567
129 568
129 570
129 573
129 574
129 577
129 578
129 579
129 580
129 581
129 583
129 584
129 585
129 586
129 587
129 590
129 591
129 592
129 594
129 596
129 598
129 599
129 600
129 601
129 604
129 605
129 607
129 609
129 611
129 613
129 616
129 621
129 622
129 625
129 630
129 631
129 635
129 641
129 645
129 648
129 649
129 650
129 651
129 652
129 659
129 661
129 663
129 665
129 667
129 669
129 670
129 672
129 673
129 676
129 679
129 682
129 686
129 688
129 691
129 692
129 694
129 696
129 698
129 700
129 701
129 705
129 707
129 709
129 710
129 711
129 712
129 714
129 716
129 725
129 726
129 729
129 730
129 731
129 732
129 735
129 736
129 739
129 744
129 746
129 747
129 751
129 753
129 755
129 757
129 759
129 761
129 762
129 773
129 775
129 776
129 777
129 783
129 786
129 787
129 788
129 789
129 790
129 792
129 796
129 799
130 402
130 403
130 404
130 405
130 406
130 407
130 408
130 412
130 415
130 416
130 418
130 420
130 421
130 424
130 429
130 430
130 433
130 435
130 438
130 440
130 441
130 442
130 443
130 444
130 447
130 449
130 456
130 461
130 464
130 471
130 473
130 474
130 477
130 478
130 480
130 483
130 485
130 489
130 490
130 492
130 493
130 496
130 498
130 499
130 501
130 505
130 506
130 511
130 513
130 517
130 518
130 520
130 521
130 522
130 523
130 524
130 526
130 527
130 528
130 529
130 530
130 533
130 534
130 535
130 539
130 541
130 543
130 544
130 546
130 547
130 549
130 550
130 552
130 555
130 557
130 558
130 561
130 562
130 563
130 564
130 566
130 569
130 573
130 574
130 575
130 576
130 578
130 580
130 581
130 583
130 587
130 591
130 592
130 593
130 596
130 598
130 599
130 601
130 602
130 603
130 605
130 606
130 608
130 610
130 612
130 613
130 614
130 617
130 619
130 620
130 621
130 622
130 624
130 625
130 626
130 627
130 628
130 631
130 633
130 635
130 638
130 639
130 642
130 644
130 647
130 649
130 651
130 652
130 654
130 655
130 657
130 661
130 662
130 663
130 667
130 671
130 675
130 677
130 679
130 680
130 681
130 682
130 685
130 688
130 694
130 695
130 696
130 697
130 698
130 699
130 701
130 704
130 706
130 707
130 711
130 714
130 715
130 717
130 718
130 720
130 723
130 726
130 727
130 728
130 731
130 732
130 735
130 736
130 738
130 741
130 742
130 743
130 746
130 747
130 748
130 750
130 753
130 754
130 755
130 756
130 758
130 759
130 760
130 762
130 763
130 764
130 765
130 766
130 769
130 771
130 772
130 774
130 775
130 776
130 781
130 783
130 784
130 786
130 792
130 793
130 794
130 795
130 796
130 797
130 798
131 401
131 402
131 405
131 407
131 408
131 409
131 411
131 415
131 416
131 417
131 420
131 421
131 424
131 425
131 427
131 428
131 429
131 430
131 431
131 432
131 434
131 435
131 436
131 438
131 440
131 441
131 442
131 444
131 446
131 447
131 449
131 450
131 451
131 452
131 454
131 460
131 461
131 465
131 469
131 471
131 476
131 477
131 479
131 481
131 482
131 484
131 485
131 487
131 489
131 490
131 491
131 492
131 493
131 494
131 498
131 501
131 503
131 504
131 507
131 511
131 513
131 514
131 516
131 518
131 519
131 520
131 522
131 523
131 525
131 527
131 530
131 531
131 534
131 535
131 537
131 538
131 542
131 547
131 548
131 554
131 555
131 557
131 558
131 559
131 562
131 563
131 564
131 565
131 566
131 567
131 569
131 570
131 571
131 574
131 576
131 578
131 583
131 585
131 588
131 594
131 596
131 597
131 598
131 599
131 601
131 602
131 605
131 608
131 609
131 611
131 614
131 615
131 616
131 617
131 618
131 621
131 623
131 624
131 625
131 626
131 629
131 632
131 633
131 637
131 639
131 640
131 643
131 646
131 648
131 651
131 653
131 654
131 655
131 656
131 659
131 660
131 661
131 662
131 666
131 668
131 670
131 671
131 672
131 673
131 675
131 678
131 679
131 681
131 682
131 684
131 685
131 686
131 690
131 692
131 693
131 694
131 695
131 698
131 701
131 702
131 706
131 708
131 712
131 713
131 714
131 715
131 718
131 719
131 721
131 723
131 725
131 727
131 728
131 730
131 731
131 732
131 734
131 735
131 736
131 741
131 742
131 743
131 744
131 745
131 746
131 747
131 748
131 750
131 752
131 755
131 758
131 761
131 762
131 763
131 764
131 765
131 766
131 767
131 770
131 771
131 772
131 774
131 775
131 776
131 779
131 780
131 781
131 783
131 790
131 796
131 797
131 798
131 800
132 406
132 407
132 409
132 410
132 412
132 413
132 414
132 415
132 419
132 420
132 422
132 424
132 426
132 431
132 438
132 441
132 443
132 447
132 448
132 450
132 455
132 456
132 457
132 461
132 465
132 466
132 468
132 469
132 472
132 474
132 475
132 476
132 479
132 480
132 481
132 484
132 485
132 491
132 494
132 496
132 497
132 498
132 507
132 509
132 512
132 513
132 515
132 516
132 520
132 521
132 522
132 524
132 525
132 528
132 529
132 533
132 538
132 541
132 543
132 545
132 546
132 548
132 550
132 555
132 557
132 558
132 560
132 561
132 562
132 563
132 564
132 565
132 566
132 567
132 572
132 577
132 580
132 585
132 588
132 589
132 592
132 595
132 596
132 603
132 606
132 609
132 610
132 611
132 617
132 618
132 620
132 627
132 629
132 631
132 632
132 635
132 636
132 638
132 641
132 642
132 644
132 647
132 648
132 649
132 651
132 653
132 655
132 657
132 658
132 661
132 663
132 664
132 665
132 666
132 667
132 668
132 671
132 672
132 675
132 679
132 681
132 682
132 683
132 686
132 689
132 690
132 691
132 693
132 695
132 696
132 703
132 704
132 705
132 706
132 707
132 708
132 709
132 710
132 712
132 715
132 718
132 720
132 721
132 725
132 726
132 727
132 728
132 731
132 734
132 738
132 740
132 741
132 743
132 744
132 745
132 746
132 750
132 752
132 756
132 760
132 762
132 763
132 766
132 769
132 770
132 771
132 775
132 779
132 786
132 787
132 788
132 790
132 791
132 792
132 796
132 797
132 800
133 402
133 403
133 405
133 407
133 408
133 409
133 411
133 414
133 418
133 420
133 421
133 422
133 423
133 425
133 428
133 429
133 430
133 431
133 433
133 435
133 436
133 437
133 441
133 444
133 446
133 448
133 451
133 452
133 453
133 457
133 458
133 463
133 465
133 467
133 468
133 469
133 471
133 472
133 476
133 477
133 479
133 481
133 483
133 485
133 486
133 488
133 490
133 491
133 493
133 497
133 498
133 500
133 502
133 503
133 504
133 505
133 509
133 512
133 513
133 514
133 515
133 516
133 517
133 519
133 521
133 522
133 525
133 529
133 532
133 533
133 534
133 537
133 539
133 542
133 543
133 544
133 547
133 549
133 551
133 552
133 553
133 554
133 555
133 556
133 559
133 562
133 563
133 564
133 565
133 566
133 567
133 570
133 571
133 573
133 574
133 575
133 576
133 578
133 579
133 580
133 582
133 584
133 585
133 586
133 589
133 591
133 592
133 596
133 599
133 600
133 601
133 603
133 607
133 609
133 610
133 617
133 622
133 623
133 627
133 629
133 631
133 633
133 636
133 637
133 640
133 641
133 642
133 644
133 645
133 650
133 651
133 652
133 655
133 658
133 660
133 663
133 664
133 666
133 667
133 668
133 669
133 671
133 674
133 677
133 678
133 679
133 680
133 681
133 682
133 683
133 686
133 687
133 691
133 695
133 698
133 700
133 701
133 702
133 704
133 705
133 711
133 713
133 715
133 716
133 717
133 719
133 720
133 721
133 722
133 723
133 724
133 725
133 727
133 729
133 730
133 731
133 732
133 735
133 737
133 738
133 742
133 743
133 744
133 745
133 750
133 751
133 752
133 754
133 756
133 758
133 761
133 765
133 766
133 767
133 769
133 774
133 776
133 777
133 778
133 779
133 780
133 783
133 785
133 787
133 791
133 792
133 794
133 796
133 799
133 800
134 402
134 403
134 406
134 414
134 416
134 419
134 421
134 424
134 426
134 427
134 431
134 433
134 434
134 435
134 436
134 438
134 440
134 442
134 443
134 449
134 453
134 457
134 458
134 462
134 463
134 464
134 465
134 467
134 470
134 473
134 475
134 476
134 478
134 480
134 481
134 485
134 488
134 489
134 490
134 491
134 495
134 496
134 498
134 499
134 500
134 501
134 503
134 505
134 506
134 508
134 510
134 511
134 512
134 513
134 514
134 517
134 518
134 520
134 523
134 524
134 525
134 526
134 527
134 528
134 531
134 532
134 535
134 538
134 540
134 542
134 543
134 548
134 549
134 550
134 551
134 552
134 555
134 556
134 558
134 560
134 561
134 565
134 568
134 571
134 573
134 575
134 578
134 580
134 588
134 590
134 592
134 594
134 595
134 596
134 597
134 603
134 605
134 607
134 608
134 609
134 611
134 613
134 615
134 617
134 618
134 619
134 621
134 622
134 623
134 625
134 626
134 631
134 633
134 635
134 636
134 638
134 639
134 644
134 647
134 650
134 656
134 657
134 661
134 664
134 666
134 669
134 670
134 672
134 675
134 676
134 678
134 679
134 682
134 684
134 688
134 689
134 690
134 691
134 692
134 695
134 696
134 698
134 699
134 701
134 704
134 705
134 706
134 711
134 716
134 717
134 719
134 721
134 724
134 725
134 727
134 728
134 729
134 730
134 731
134 734
134 735
134 737
134 741
134 743
134 747
134 753
134 754
134 755
134 757
134 760
134 762
134 763
134 764
134 766
134 768
134 772
134 773
134 775
134 776
134 777
134 778
134 785
134 786
134 789
134 792
134 793
134 798
134 799
135 401
135 402
135 404
135 410
135 412
135 415
135 417
135 418
135 420
135 421
135 423
135 424
135 425
135 426
135 427
135 433
135 434
135 435
135 438
135 439
135 440
135 441
135 444
135 446
135 447
135 449
135 451
135 452
135 460
135 462
135 463
135 465
135 466
135 467
135 468
135 469
135 470
135 472
135 474
135 478
135 481
135 482
135 485
135 487
135 488
135 489
135 493
135 494
135 496
135 497
135 498
135 499
135 500
135 501
135 502
135 504
135 508
135 510
135 512
135 513
135 516
135 520
135 521
135 522
135 523
135 525
135 527
135 528
135 529
135 534
135 537
135 539
135 542
135 543
135 544
135 545
135 548
135 549
135 550
135 551
135 552
135 554
135 556
135 558
135 559
135 561
135 562
135 567
135 568
135 572
135 573
135 574
135 580
135 584
135 585
135 588
135 591
135 593
135 595
135 596
135 597
135 599
135 600
135 601
135 602
135 605
135 606
135 607
135 608
135 611
135 613
135 614
135 616
135 619
135 620
135 621
135 622
135 623
135 624
135 630
135 632
135 633
135 635
135 636
135 638
135 640
135 642
135 643
135 646
135 647
135 648
135 649
135 652
135 653
135 655
135 656
135 657
135 659
135 664
135 670
135 671
135 672
135 678
135 679
135 680
135 683
135 685
135 686
135 687
135 688
135 690
135 692
135 694
135 696
135 697
135 702
135 703
135 704
135 705
135 706
135 707
135 708
135 709
135 710
135 711
135 713
135 716
135 717
135 718
135 719
135 720
135 721
135 722
135 724
135 725
135 726
135 731
135 732
135 733
135 734
135 735
135 738
135 739
135 742
135 743
135 744
135 745
135 746
135 748
135 757
135 758
135 761
135 763
135 764
135 766
135 768
135 770
135 772
135 773
135 774
135 775
135 776
135 778
135 779
135 780
135 783
135 784
135 787
135 788
135 792
135 794
135 795
135 796
135 797
135 799
135 800
136 401
136 403
136 404
136 405
136 406
136 408
136 411
136 413
136 414
136 415
136 418
136 420
136 423
136 426
136 429
136 430
136 432
136 437
136 438
136 440
136 441
136 445
136 446
136 447
136 450
136 453
136 454
136 457
136 461
136 468
136 470
136 471
136 472
136 473
136 474
136 476
136 478
136 479
136 480
136 481
136 483
136 487
136 488
136 489
136 490
136 491
136 494
136 496
136 497
136 499
136 502
136 506
136 508
136 509
136 511
136 512
136 514
136 521
136 522
136 523
136 524
136 526
136 527
136 528
136 535
136 538
136 539
136 540
136 541
136 542
136 543
136 546
136 551
136 552
136 553
136 554
136 558
136 559
136 562
136 564
136 565
136 566
136 567
136 568
136 570
136 572
136 576
136 578
136 580
136 581
136 587
136 588
136 589
136 590
136 591
136 593
136 594
136 595
136 596
136 599
136 603
136 605
136 610
136 611
136 612
136 613
136 618
136 620
136 622
136 625
136 626
136 627
136 628
136 630
136 632
136 634
136 636
136 639
136 641
136 644
136 648
136 650
136 651
136 652
136 656
136 657
136 659
136 660
136 661
136 662
136 663
136 664
136 668
136 669
136 670
136 671
136 672
136 673
136 674
136 675
136 676
136 677
136 678
136 679
136 680
136 682
136 685
136 687
136 691
136 693
136 694
136 695
136 696
136 697
136 698
136 700
136 701
136 702
136 705
136 709
136 710
136 711
136 712
136 713
136 716
136 718
136 719
136 721
136 724
136 726
136 729
136 732
136 737
136 740
136 741
136 742
136 743
136 745
136 747
136 749
136 750
136 751
136 752
136 753
136 754
136 756
136 760
136 761
136 762
136 763
136 764
136 767
136 768
136 769
136 773
136 776
136 780
136 783
136 784
136 785
136 787
136 788
136 791
136 795
136 797
136 799
136 800
137 402
137 403
137 404
137 406
137 407
137 410
137 411
137 412
137 414
137 415
137 417
137 418
137 421
137 423
137 425
137 426
137 427
137 428
137 429
137 430
137 431
137 432
137 433
137 434
137 435
137 436
137 439
137 441
137 442
137 444
137 445
137 447
137 451
137 452
137 454
137 456
137 458
137 459
137 460
137 461
137 462
137 463
137 464
137 465
137 466
137 468
137 470
137 471
137 472
137 473
137 477
137 480
137 482
137 484
137 485
137 486
137 487
137 489
137 490
137 492
137 495
137 499
137 501
137 503
137 504
137 508
137 510
137 511
137 512
137 514
137 516
137 520
137 522
137 524
137 525
137 530
137 531
137 532
137 534
137 535
137 536
137 538
137 539
137 540
137 541
137 544
137 547
137 549
137 550
137 553
137 555
137 559
137 560
137 561
137 563
137 565
137 571
137 573
137 575
137 577
137 578
137 580
137 581
137 582
137 583
137 587
137 588
137 589
137 590
137 592
137 593
137 594
137 600
137 601
137 602
137 605
137 606
137 608
137 610
137 612
137 613
137 615
137 616
137 618
137 621
137 624
137 626
137 627
137 629
137 631
137 632
137 636
137 638
137 642
137 643
137 646
137 647
137 649
137 650
137 651
137 652
137 653
137 655
137 656
137 657
137 658
137 661
137 662
137 664
137 669
137 670
137 672
137 673
137 676
137 678
137 680
137 681
137 683
137 686
137 687
137 688
137 696
137 698
137 699
137 700
137 701
137 702
137 704
137 706
137 707
137 708
137 711
137 712
137 713
137 714
137 715
137 719
137 720
137 721
137 723
137 726
137 727
137 728
137 729
137 731
137 733
137 734
137 735
137 736
137 737
137 739
137 744
137 745
137 746
137 747
137 749
137 752
137 755
137 760
137 762
137 763
137 764
137 765
137 769
137 771
137 772
137 773
137 778
137 779
137 780
137 782
137 783
137 788
137 792
137 793
137 794
137 795
137 796
137 797
137 798
137 799
137 800
138 401
138 402
138 403
138 405
138 406
138 407
138 408
138 409
138 413
138 414
138 416
138 418
138 421
138 422
138 423
138 424
138 426
138 427
138 428
138 429
138 430
138 432
138 433
138 434
138 435
138 437
138 438
138 439
138 440
138 442
138 443
138 445
138 446
138 447
138 448
138 450
138 451
138 452
138 453
138 455
138 456
138 457
138 458
138 460
138 462
138 466
138 467
138 469
138 472
138 473
138 474
138 475
138 476
138 481
138 484
138 488
138 494
138 496
138 497
138 498
138 500
138 501
138 504
138 505
138 506
138 509
138 510
138 514
138 515
138 517
138 520
138 521
138 524
138 528
138 529
138 530
138 532
138 535
138 536
138 537
138 541
138 542
138 544
138 546
138 547
138 553
138 554
138 556
138 565
138 568
138 569
138 573
138 575
138 578
138 581
138 589
138 591
138 593
138 594
138 596
138 601
138 603
138 604
138 606
138 607
138 608
138 610
138 613
138 614
138 615
138 616
138 617
138 622
138 623
138 625
138 627
138 628
138 629
138 631
138 632
138 633
138 634
138 635
138 636
138 637
138 640
138 642
138 643
138 647
138 653
138 655
138 657
138 659
138 660
138 662
138 663
138 665
138 668
138 669
138 671
138 672
138 673
138 675
138 681
138 682
138 685
138 689
138 692
138 693
138 697
138 698
138 699
138 701
138 702
138 704
138 707
138 708
138 709
138 710
138 712
138 721
138 723
138 724
138 725
138 729
138 732
138 735
138 737
138 739
138 740
138 746
138 747
138 748
138 749
138 752
138 753
138 755
138 759
138 761
138 764
138 766
138 767
138 769
138 770
138 773
138 781
138 789
138 791
138 792
138 795
138 797
138 798
138 799
138 800
139 402
139 404
139 405
139 406
139 407
139 409
139 413
139 414
139 416
139 417
139 418
139 420
139 424
139 432
139 434
139 435
139 436
139 438
139 441
139 442
139 444
139 445
139 446
139 447
139 448
139 450
139 451
139 452
139 453
139 454
139 457
139 460
139 462
139 463
139 467
139 469
139 470
139 473
139 475
139 477
139 479
139 481
139 482
139 485
139 486
139 490
139 493
139 494
139 495
139 497
139 498
139 499
139 502
139 505
139 510
139 511
139 512
139 513
139 516
139 518
139 519
139 520
139 523
139 524
139 526
139 527
139 532
139 533
139 534
139 535
139 536
139 537
139 538
139 540
139 542
139 544
139 547
139 550
139 554
139 556
139 557
139 558
139 559
139 561
139 563
139 565
139 566
139 567
139 573
139 575
139 576
139 578
139 581
139 583
139 587
139 590
139 592
139 593
139 595
139 596
139 598
139 599
139 601
139 602
139 603
139 604
139 605
139 612
139 615
139 616
139 617
139 622
139 625
139 628
139 629
139 630
139 631
139 633
139 634
139 636
139 638
139 639
139 640
139 642
139 643
139 649
139 650
139 652
139 653
139 654
139 655
139 659
139 661
139 662
139 663
139 664
139 665
139 666
139 667
139 670
139 671
139 672
139 674
139 676
139 677
139 678
139 679
139 680
139 681
139 685
139 687
139 688
139 690
139 691
139 695
139 696
139 697
139 698
139 699
139 700
139 706
139 708
139 710
139 712
139 713
139 714
139 717
139 718
139 719
139 722
139 724
139 725
139 726
139 735
139 736
139 737
139 740
139 746
139 748
139 749
139 752
139 753
139 756
139 759
139 764
139 765
139 767
139 769
139 774
139 778
139 779
139 780
139 784
139 786
139 787
139 788
139 790
139 791
139 792
139 793
139 794
139 800
140 404
140 406
140 407
140 409
140 410
140 412
140 415
140 420
140 422
140 424
140 425
140 426
140 428
140 429
140 431
140 434
140 437
140 440
140 441
140 442
140 443
140 445
140 452
140 454
140 456
140 460
140 464
140 466
140 467
140 468
140 469
140 472
140 475
140 476
140 479
140 480
140 481
140 485
140 486
140 490
140 491
140 493
140 496
140 499
140 502
140 506
140 509
140 510
140 511
140 512
140 514
140 516
140 518
140 519
140 521
140 523
140 524
140 525
140 526
140 529
140 532
140 533
140 535
140 536
140 537
140 538
140 541
140 542
140 544
140 545
140 547
140 548
140 550
140 551
140 552
140 554
140 555
140 556
140 559
140 561
140 563
140 566
140 570
140 574
140 575
140 578
140 580
140 581
140 584
140 586
140 588
140 589
140 594
140 595
140 597
140 598
140 599
140 600
140 602
140 604
140 606
140 609
140 610
140 611
140 614
140 615
140 618
140 620
140 621
140 622
140 624
140 627
140 629
140 631
140 635
140 636
140 638
140 639
140 640
140 646
140 648
140 649
140 650
140 652
140 654
140 656
140 659
140 662
140 665
140 666
140 668
140 669
140 673
140 675
140 678
140 680
140 681
140 683
140 685
140 686
140 687
140 689
140 690
140 692
140 697
140 700
140 701
140 703
140 708
140 713
140 714
140 717
140 718
140 720
140 727
140 729
140 733
140 734
140 737
140 738
140 742
140 744
140 745
140 746
140 747
140 748
140 750
140 752
140 755
140 756
140 757
140 758
140 761
140 765
140 768
140 769
140 772
140 773
140 775
140 777
140 778
140 779
140 780
140 781
140 785
140 790
140 791
140 792
140 794
140 796
140 797
140 798
141 405
141 406
141 409
141 411
141 412
141 413
141 414
141 415
141 417
141 418
141 419
141 420
141 423
141 424
141 425
141 426
141 431
141 432
141 433
141 434
141 435
141 438
141 441
141 444
141 447
141 448
141 449
141 451
141 453
141 454
141 456
141 459
141 461
141 466
141 467
141 468
141 470
141 473
141 476
141 480
141 483
141 486
141 488
141 490
141 492
141 494
141 495
141 496
141 497
141 498
141 499
141 501
141 503
141 505
141 507
141 508
141 509
141 510
141 513
141 514
141 515
141 516
141 517
141 518
141 520
141 521
141 523
141 525
141 528
141 529
141 531
141 533
141 534
141 535
141 536
141 537
141 538
141 540
141 542
141 545
141 548
141 549
141 552
141 554
141 557
141 560
141 565
141 567
141 570
141 572
141 573
141 574
141 577
141 578
141 579
141 585
141 588
141 589
141 591
141 592
141 596
141 598
141 599
141 601
141 603
141 604
141 605
141 606
141 607
141 608
141 609
141 611
141 612
141 613
141 614
141 617
141 618
141 620
141 621
141 623
141 625
141 626
141 627
141 629
141 632
141 633
141 634
141 635
141 637
141 638
141 640
141 641
141 644
141 646
141 649
141 650
141 654
141 656
141 658
141 661
141 663
141 664
141 666
141 667
141 674
141 675
141 677
141 681
141 684
141 689
141 691
141 694
141 695
141 702
141 703
141 704
141 705
141 707
141 708
141 709
141 712
141 717
141 719
141 720
141 721
141 723
141 724
141 725
141 726
141 731
141 734
141 736
141 740
141 741
141 743
141 744
141 747
141 754
141 755
141 759
141 761
141 763
141 764
141 765
141 767
141 768
141 770
141 771
141 776
141 780
141 781
141 782
141 784
141 785
141 786
141 787
141 789
141 790
141 792
141 798
142 401
142 403
142 405
142 409
142 410
142 411
142 417
142 419
142 420
142 426
142 429
142 431
142 432
142 433
142 434
142 436
142 438
142 439
142 442
142 443
142 444
142 445
142 447
142 448
142 450
142 452
142 453
142 455
142 456
142 460
142 463
142 464
142 466
142 468
142 469
142 471
142 474
142 476
142 481
142 482
142 483
142 488
142 489
142 490
142 492
142 493
142 499
142 500
142 505
142 506
142 507
142 511
142 512
142 516
142 518
142 521
142 523
142 525
142 527
142 530
142 531
142 532
142 535
142 538
142 540
142 541
142 543
142 549
142 553
142 555
142 557
142 558
142 563
142 564
142 566
142 567
142 571
142 572
142 573
142 575
142 576
142 577
142 579
142 580
142 581
142 582
142 584
142 586
142 587
142 588
142 590
142 592
142 593
142 595
142 596
142 597
142 602
142 604
142 606
142 608
142 612
142 615
142 617
142 618
142 624
142 625
142 626
142 627
142 629
142 630
142 632
142 633
142 635
142 639
142 640
142 641
142 646
142 648
142 650
142 654
142 656
142 657
142 659
142 660
142 663
142 664
142 667
142 671
142 673
142 674
142 675
142 677
142 678
142 682
142 684
142 685
142 686
142 687
142 688
142 689
142 695
142 696
142 697
142 698
142 704
142 705
142 707
142 712
142 713
142 714
142 717
142 719
142 720
142 721
142 727
142 730
142 732
142 733
142 734
142 735
142 736
142 737
142 738
142 739
142 743
142 747
142 748
142 749
142 750
142 751
142 752
142 754
142 759
142 760
142 761
142 763
142 767
142 769
142 771
142 772
142 773
142 774
142 775
142 776
142 778
142 779
142 781
142 784
142 786
142 790
142 792
142 793
142 796
143 401
143 403
143 406
143 407
143 408
143 409
143 410
143 411
143 413
143 415
143 418
143 420
143 421
143 424
143 425
143 427
143 429
143 432
143 434
143 437
143 444
143 445
143 446
143 447
143 448
143 450
143 451
143 454
143 457
143 459
143 464
143 465
143 466
143 472
143 474
143 479
143 481
143 482
143 484
143 485
143 486
143 487
143 488
143 490
143 491
143 492
143 494
143 497
143 501
143 502
143 505
143 506
143 508
143 509
143 510
143 511
143 513
143 515
143 516
143 517
143 518
143 522
143 524
143 525
143 528
143 529
143 532
143 535
143 536
143 537
143 538
143 539
143 543
143 544
143 545
143 550
143 553
143 554
143 555
143 556
143 558
143 559
143 561
143 562
143 563
143 573
143 574
143 576
143 577
143 578
143 582
143 586
143 587
143 588
143 594
143 596
143 597
143 598
143 601
143 602
143 605
143 606
143 607
143 608
143 613
143 622
143 623
143 624
143 625
143 627
143 631
143 633
143 634
143 639
143 640
143 641
143 642
143 643
143 644
143 645
143 646
143 648
143 649
143 651
143 652
143 653
143 654
143 660
143 665
143 666
143 667
143 668
143 670
143 674
143 675
143 678
143 679
143 680
143 685
143 686
143 691
143 692
143 693
143 694
143 697
143 698
143 701
143 707
143 708
143 711
143 714
143 715
143 717
143 718
143 723
143 724
143 725
143 727
143 728
143 730
143 731
143 732
143 733
143 734
143 738
143 739
143 741
143 742
143 743
143 744
143 746
143 750
143 752
143 753
143 754
143 757
143 758
143 760
143 761
143 762
143 763
143 764
143 767
143 768
143 769
143 770
143 771
143 772
143 773
143 774
143 776
143 778
143 780
143 781
143 782
143 783
143 790
143 791
143 796
143 797
143 798
143 800
144 403
144 405
144 412
144 414
144 417
144 418
144 419
144 422
144 426
144 428
144 430
144 431
144 437
144 438
144 440
144 441
144 445
144 449
144 450
144 451
144 452
144 454
144 461
144 463
144 464
144 465
144 469
144 473
144 475
144 476
144 477
144 480
144 483
144 488
144 490
144 494
144 495
144 496
144 497
144 500
144 502
144 503
144 504
144 506
144 509
144 511
144 515
144 516
144 517
144 518
144 520
144 521
144 522
144 524
144 525
144 526
144 530
144 531
144 534
144 536
144 537
144 540
144 541
144 545
144 547
144 548
144 550
144 552
144 553
144 554
144 555
144 556
144 558
144 560
144 562
144 565
144 566
144 571
144 572
144 573
144 574
144 576
144 577
144 578
144 580
144 581
144 582
144 583
144 585
144 586
144 588
144 594
144 598
144 600
144 602
144 603
144 605
144 607
144 610
144 612
144 613
144 616
144 617
144 618
144 619
144 622
144 624
144 625
144 627
144 628
144 631
144 632
144 633
144 634
144 635
144 637
144 638
144 640
144 641
144 642
144 643
144 645
144 650
144 652
144 655
144 658
144 659
144 661
144 662
144 663
144 666
144 667
144 668
144 669
144 672
144 674
144 675
144 676
144 677
144 678
144 681
144 683
144 684
144 687
144 688
144 689
144 691
144 692
144 694
144 696
144 697
144 699
144 700
144 701
144 703
144 706
144 709
144 710
144 711
144 712
144 713
144 716
144 718
144 719
144 721
144 722
144 724
144 727
144 728
144 729
144 731
144 732
144 733
144 734
144 735
144 737
144 738
144 739
144 740
144 741
144 742
144 745
144 746
144 749
144 750
144 751
144 752
144 753
144 754
144 755
144 759
144 762
144 764
144 766
144 767
144 770
144 771
144 775
144 776
144 778
144 784
144 785
144 786
144 787
144 788
144 789
144 792
144 795
144 797
144 798
144 799
145 403
145 406
145 408
145 410
145 411
145 412
145 413
145 418
145 423
145 427
145 428
145 432
145 433
145 434
145 436
145 438
145 439
145 440
145 442
145 444
145 445
145 446
145 447
145 453
145 454
145 456
145 457
145 459
145 460
145 461
145 463
145 464
145 465
145 466
145 467
145 468
145 469
145 470
145 471
145 473
145 474
145 476
145 479
145 480
145 481
145 482
145 483
145 485
145 486
145 487
145 489
145 495
145 496
145 497
145 498
145 500
145 503
145 504
145 505
145 506
145 507
145 508
145 509
145 517
145 520
145 524
145 526
145 527
145 530
145 532
145 534
145 536
145 537
145 539
145 540
145 543
145 544
145 550
145 552
145 553
145 555
145 558
145 560
145 561
145 562
145 564
145 566
145 568
145 571
145 572
145 573
145 574
145 579
145 582
145 583
145 586
145 588
145 591
145 594
145 598
145 599
145 600
145 603
145 604
145 605
145 607
145 610
145 611
145 612
145 614
145 622
145 623
145 626
145 628
145 629
145 632
145 633
145 634
145 637
145 639
145 641
145 642
145 643
145 644
145 645
145 649
145 650
145 652
145 653
145 654
145 655
145 658
145 659
145 660
145 663
145 664
145 666
145 670
145 671
145 674
145 675
145 683
145 686
145 688
145 689
145 690
145 691
145 692
145 693
145 696
145 699
145 700
145 701
145 702
145 704
145 705
145 706
145 708
145 709
145 710
145 711
145 713
145 714
145 715
145 716
145 717
145 720
145 724
145 726
145 730
145 732
145 734
145 735
145 736
145 737
145 740
145 741
145 743
145 744
145 745
145 746
145 753
145 755
145 756
145 757
145 758
145 760
145 761
145 763
145 768
145 770
145 771
145 772
145 773
145 774
145 776
145 777
145 779
145 781
145 782
145 785
145 787
145 789
145 790
145 793
145 794
145 797
145 798
146 401
146 406
146 407
146 409
146 412
146 413
146 414
146 417
146 419
146 420
146 424
146 425
146 429
146 430
146 431
146 433
146 435
146 436
146 438
146 439
146 440
146 441
146 443
146 444
146 445
146 448
146 449
146 452
146 454
146 458
146 459
146 461
146 462
146 465
146 467
146 471
146 474
146 478
146 479
146 481
146 482
146 484
146 486
146 487
146 488
146 492
146 493
146 495
146 496
146 503
146 507
146 510
146 511
146 512
146 516
146 518
146 520
146 521
146 525
146 526
146 527
146 530
146 533
146 534
146 536
146 537
146 538
146 539
146 542
146 543
146 546
146 547
146 548
146 552
146 553
146 556
146 557
146 560
146 568
146 571
146 572
146 574
146 577
146 581
146 582
146 584
146 587
146 588
146 589
146 591
146 592
146 594
146 599
146 600
146 602
146 603
146 604
146 605
146 607
146 608
146 609
146 613
146 614
146 617
146 618
146 619
146 620
146 621
146 623
146 625
146 628
146 629
146 631
146 634
146 636
146 637
146 638
146 639
146 641
146 642
146 644
146 646
146 647
146 648
146 649
146 651
146 657
146 658
146 662
146 663
146 666
146 668
146 669
146 670
146 675
146 679
146 680
146 682
146 683
146 684
146 686
146 690
146 692
146 696
146 698
146 702
146 703
146 704
146 705
146 706
146 709
146 710
146 715
146 717
146 719
146 723
146 726
146 729
146 732
146 733
146 734
146 738
146 739
146 741
146 742
146 744
146 747
146 748
146 749
146 752
146 756
146 758
146 759
146 760
146 762
146 763
146 771
146 773
146 776
146 777
146 778
146 781
146 782
146 783
146 785
146 789
146 792
146 794
146 795
146 797
146 798
146 799
146 800
147 402
147 403
147 404
147 407
147 408
147 411
147 414
147 418
147 419
147 421
147 423
147 425
147 432
147 435
147 440
147 444
147 446
147 447
147 448
147 456
147 464
147 466
147 468
147 469
147 472
147 474
147 478
147 479
147 483
147 485
147 486
147 491
147 492
147 494
147 495
147 496
147 499
147 500
147 501
147 503
147 504
147 505
147 508
147 509
147 513
147 514
147 515
147 516
147 517
147 518
147 520
147 522
147 524
147 525
147 528
147 531
147 535
147 536
147 538
147 539
147 540
147 544
147 548
147 551
147 552
147 554
147 556
147 558
147 559
147 560
147 562
147 563
147 565
147 567
147 568
147 569
147 571
147 575
147 576
147 577
147 578
147 582
147 584
147 589
147 591
147 592
147 593
147 595
147 596
147 597
147 598
147 601
147 602
147 603
147 610
147 612
147 614
147 616
147 617
147 618
147 619
147 620
147 621
147 623
147 624
147 626
147 627
147 628
147 630
147 631
147 632
147 635
147 639
147 642
147 643
147 644
147 645
147 646
147 656
147 659
147 660
147 662
147 663
147 666
147 667
147 668
147 669
147 670
147 674
147 676
147 681
147 683
147 684
147 685
147 687
147 693
147 696
147 698
147 699
147 700
147 703
147 704
147 705
147 711
147 712
147 714
147 717
147 719
147 720
147 722
147 723
147 724
147 725
147 729
147 731
147 734
147 738
147 741
147 742
147 744
147 745
147 750
147 751
147 752
147 756
147 759
147 760
147 761
147 763
147 767
147 772
147 773
147 777
147 778
147 782
147 786
147 790
147 792
147 795
147 796
148 404
148 405
148 407
148 410
148 412
148 420
148 421
148 431
148 433
148 434
148 435
148 439
148 441
148 442
148 443
148 447
148 448
148 449
148 450
148 454
148 455
148 456
148 458
148 459
148 460
148 462
148 467
148 469
148 472
148 473
148 474
148 475
148 476
148 477
148 486
148 487
148 488
148 489
148 493
148 496
148 497
148 498
148 500
148 501
148 503
148 504
148 505
148 506
148 510
148 511
148 513
148 515
148 516
148 517
148 520
148 529
148 530
148 532
148 534
148 535
148 536
148 537
148 541
148 544
148 545
148 547
148 548
148 550
148 551
148 552
148 556
148 557
148 558
148 563
148 564
148 565
148 567
148 568
148 569
148 572
148 573
148 575
148 577
148 579
148 580
148 582
148 584
148 586
148 588
148 590
148 591
148 592
148 593
148 595
148 596
148 597
148 599
148 601
148 607
148 611
148 612
148 614
148 617
148 620
148 621
148 622
148 628
148 631
148 633
148 634
148 638
148 640
148 641
148 642
148 643
148 644
148 645
148 648
148 649
148 651
148 653
148 654
148 655
148 656
148 659
148 660
148 662
148 663
148 664
148 665
148 666
148 667
148 670
148 674
148 675
148 676
148 678
148 680
148 685
148 686
148 688
148 689
148 690
148 692
148 693
148 697
148 699
148 700
148 701
148 702
148 706
148 708
148 712
148 718
148 719
148 720
148 724
148 725
148 728
148 729
148 735
148 738
148 740
148 744
148 747
148 749
148 751
148 755
148 757
148 758
148 760
148 771
148 772
148 774
148 775
148 776
148 777
148 778
148 780
148 782
148 783
148 784
148 790
148 791
148 792
148 793
148 795
148 797
148 799
148 800
149 404
149 407
149 408
149 410
149 411
149 414
149 422
149 423
149 428
149 430
149 431
149 433
149 434
149 435
149 438
149 439
149 440
149 441
149 444
149 446
149 448
149 449
149 451
149 456
149 457
149 459
149 461
149 462
149 463
149 464
149 466
149 469
149 470
149 472
149 474
149 475
149 476
149 477
149 478
149 480
149 481
149 482
149 486
149 487
149 488
149 493
149 495
149 499
149 502
149 503
149 504
149 505
149 515
149 516
149 518
149 519
149 524
149 525
149 528
149 529
149 530
149 531
149 533
149 534
149 535
149 536
149 538
149 539
149 541
149 543
149 545
149 546
149 547
149 550
149 553
149 554
149 556
149 557
149 558
149 562
149 567
149 568
149 569
149 574
149 575
149 578
149 580
149 582
149 583
149 584
149 586
149 587
149 591
149 594
149 595
149 596
149 597
149 600
149 602
149 604
149 612
149 615
149 617
149 618
149 619
149 621
149 622
149 623
149 625
149 626
149 627
149 630
149 632
149 633
149 635
149 636
149 637
149 638
149 639
149 640
149 642
149 643
149 644
149 645
149 647
149 648
149 652
149 655
149 656
149 659
149 662
149 663
149 665
149 666
149 667
149 668
149 669
149 670
149 673
149 674
149 677
149 678
149 679
149 681
149 682
149 683
149 684
149 685
149 686
149 687
149 689
149 691
149 692
149 693
149 694
149 696
149 697
149 700
149 701
149 703
149 704
149 705
149 707
149 709
149 713
149 714
149 716
149 717
149 718
149 719
149 721
149 722
149 723
149 725
149 729
149 730
149 732
149 733
149 734
149 735
149 737
149 739
149 742
149 743
149 744
149 745
149 746
149 749
149 756
149 757
149 762
149 764
149 766
149 768
149 771
149 774
149 775
149 777
149 780
149 781
149 786
149 787
149 790
149 796
149 797
149 798
149 799
149 800
150 401
150 406
150 409
150 412
150 413
150 415
150 419
150 420
150 422
150 423
150 426
150 427
150 431
150 432
150 436
150 438
150 439
150 448
150 449
150 450
150 451
150 454
150 457
150 464
150 467
150 469
150 470
150 472
150 473
150 479
150 484
150 487
150 491
150 492
150 493
150 494
150 495
150 497
150 498
150 500
150 501
150 504
150 508
150 510
150 512
150 514
150 515
150 516
150 517
150 519
150 520
150 521
150 524
150 528
150 531
150 535
150 537
150 539
150 541
150 542
150 544
150 550
150 553
150 555
150 558
150 562
150 563
150 564
150 566
150 569
150 572
150 573
150 574
150 577
150 578
150 580
150 581
150 582
150 584
150 585
150 586
150 587
150 589
150 590
150 591
150 592
150 594
150 597
150 599
150 600
150 601
150 603
150 611
150 612
150 613
150 615
150 616
150 617
150 618
150 621
150 623
150 624
150 626
150 628
150 632
150 633
150 635
150 636
150 644
150 650
150 652
150 653
150 654
150 656
150 657
150 658
150 663
150 668
150 670
150 671
150 672
150 673
150 674
150 675
150 676
150 679
150 680
150 686
150 690
150 692
150 694
150 695
150 697
150 701
150 703
150 705
150 706
150 708
150 711
150 713
150 715
150 716
150 717
150 718
150 719
150 720
150 721
150 722
150 723
150 725
150 727
150 728
150 729
150 730
150 731
150 732
150 734
150 735
150 736
150 738
150 739
150 741
150 742
150 748
150 750
150 754
150 757
150 759
150 761
150 762
150 763
150 766
150 767
150 769
150 770
150 772
150 776
150 777
150 780
150 781
150 783
150 789
150 790
150 791
150 794
150 797
151 402
151 407
151 409
151 412
151 413
151 419
151 421
151 422
151 424
151 425
151 426
151 429
151 433
151 435
151 436
151 437
151 439
151 440
151 442
151 444
151 446
151 449
151 450
151 454
151 457
151 458
151 459
151 463
151 464
151 466
151 468
151 469
151 471
151 476
151 477
151 478
151 480
151 481
151 483
151 485
151 488
151 489
151 491
151 492
151 493
151 497
151 499
151 502
151 509
151 514
151 515
151 516
151 518
151 519
151 520
151 521
151 524
151 525
151 526
151 528
151 529
151 530
151 536
151 537
151 538
151 540
151 544
151 545
151 546
151 548
151 549
151 551
151 553
151 556
151 557
151 558
151 563
151 566
151 567
151 568
151 569
151 572
151 574
151 577
151 578
151 579
151 582
151 583
151 585
151 588
151 589
151 590
151 591
151 595
151 597
151 599
151 600
151 601
151 603
151 606
151 610
151 611
151 612
151 614
151 618
151 620
151 621
151 624
151 625
151 627
151 631
151 632
151 634
151 637
151 638
151 639
151 640
151 642
151 645
151 647
151 648
151 650
151 651
151 655
151 656
151 657
151 659
151 661
151 662
151 663
151 667
151 674
151 676
151 677
151 678
151 680
151 683
151 684
151 685
151 686
151 692
151 696
151 698
151 700
151 704
151 706
151 709
151 710
151 711
151 713
151 714
151 717
151 719
151 722
151 723
151 724
151 725
151 727
151 728
151 731
151 733
151 734
151 735
151 736
151 738
151 741
151 742
151 743
151 745
151 746
151 747
151 748
151 749
151 750
151 751
151 762
151 763
151 764
151 765
151 766
151 767
151 769
151 771
151 776
151 777
151 781
151 783
151 786
151 787
151 788
151 796
151 797
152 401
152 402
152 403
152 404
152 407
152 408
152 410
152 414
152 416
152 418
152 421
152 422
152 423
152 425
152 426
152 428
152 429
152 432
152 433
152 434
152 435
152 438
152 440
152 442
152 443
152 444
152 446
152 447
152 448
152 449
152 450
152 451
152 454
152 459
152 461
152 464
152 465
152 467
152 469
152 471
152 474
152 475
152 477
152 480
152 482
152 483
152 485
152 486
152 487
152 489
152 491
152 492
152 494
152 497
152 499
152 505
152 506
152 509
152 511
152 514
152 515
152 517
152 519
152 520
152 521
152 522
152 523
152 526
152 529
152 530
152 532
152 534
152 536
152 539
152 541
152 543
152 546
152 547
152 549
152 550
152 551
152 556
152 557
152 558
152 564
152 565
152 569
152 570
152 571
152 573
152 576
152 578
152 579
152 581
152 583
152 584
152 588
152 592
152 593
152 594
152 595
152 598
152 599
152 600
152 601
152 602
152 603
152 604
152 609
152 610
152 611
152 613
152 617
152 621
152 623
152 624
152 626
152 628
152 630
152 631
152 632
152 634
152 635
152 639
152 641
152 642
152 643
152 644
152 649
152 653
152 654
152 658
152 659
152 660
152 661
152 669
152 671
152 673
152 674
152 676
152 677
152 678
152 689
152 690
152 691
152 692
152 693
152 694
152 696
152 699
152 701
152 703
152 705
152 706
152 707
152 710
152 714
152 716
152 718
152 719
152 721
152 723
152 725
152 726
152 728
152 730
152 731
152 733
152 736
152 737
152 739
152 740
152 742
152 743
152 749
152 750
152 752
152 753
152 754
152 756
152 760
152 764
152 765
152 767
152 769
152 770
152 771
152 774
152 776
152 777
152 779
152 783
152 784
152 786
152 787
152 788
152 789
152 790
152 792
152 793
152 797
152 798
152 799
153 403
153 404
153 405
153 406
153 407
153 411
153 412
153 413
153 416
153 418
153 419
153 420
153 422
153 428
153 429
153 431
153 436
153 440
153 442
153 444
153 445
153 446
153 447
153 448
153 449
153 453
153 454
153 455
153 460
153 461
153 463
153 465
153 467
153 468
153 476
153 478
153 482
153 486
153 487
153 488
153 489
153 492
153 494
153 497
153 498
153 500
153 502
153 503
153 504
153 506
153 507
153 508
153 509
153 511
153 512
153 515
153 516
153 517
153 518
153 522
153 523
153 524
153 525
153 526
153 529
153 530
153 531
153 533
153 535
153 537
153 540
153 541
153 542
153 543
153 547
153 550
153 551
153 557
153 558
153 560
153 563
153 564
153 567
153 571
153 573
153 574
153 577
153 579
153 580
153 581
153 582
153 585
153 589
153 590
153 591
153 594
153 595
153 597
153 599
153 600
153 601
153 602
153 604
153 608
153 609
153 610
153 611
153 613
153 614
153 615
153 616
153 620
153 621
153 622
153 623
153 626
153 627
153 630
153 631
153 633
153 635
153 636
153 638
153 639
153 642
153 643
153 646
153 648
153 650
153 652
153 654
153 659
153 660
153 661
153 667
153 669
153 670
153 671
153 672
153 673
153 674
153 676
153 678
153 679
153 682
153 685
153 687
153 690
153 693
153 694
153 696
153 697
153 698
153 699
153 701
153 703
153 705
153 706
153 708
153 710
153 711
153 712
153 713
153 714
153 715
153 716
153 724
153 725
153 727
153 732
153 735
153 736
153 737
153 740
153 741
153 742
153 743
153 745
153 746
153 749
153 753
153 754
153 756
153 758
153 767
153 768
153 770
153 773
153 778
153 780
153 781
153 782
153 784
153 787
153 789
153 792
153 793
153 799
154 402
154 405
154 408
154 409
154 412
154 416
154 419
154 425
154 426
154 427
154 428
154 429
154 431
154 433
154 434
154 436
154 438
154 440
154 441
154 446
154 450
154 451
154 452
154 453
154 454
154 457
154 460
154 462
154 464
154 466
154 470
154 472
154 474
154 475
154 477
154 478
154 479
154 481
154 483
154 485
154 486
154 487
154 488
154 489
154 490
154 492
154 496
154 498
154 499
154 501
154 503
154 505
154 506
154 508
154 512
154 513
154 516
154 518
154 520
154 522
154 524
154 525
154 528
154 530
154 532
154 533
154 534
154 538
154 540
154 541
154 545
154 547
154 551
154 552
154 553
154 558
154 559
154 560
154 562
154 563
154 564
154 566
154 567
154 569
154 574
154 575
154 580
154 583
154 584
154 585
154 586
154 588
154 594
154 596
154 602
154 603
154 605
154 609
154 610
154 612
154 614
154 617
154 622
154 625
154 631
154 632
154 634
154 637
154 645
154 648
154 649
154 650
154 651
154 652
154 653
154 655
154 656
154 657
154 659
154 660
154 662
154 663
154 664
154 670
154 671
154 672
154 674
154 675
154 678
154 679
154 680
154 683
154 684
154 687
154 689
154 695
154 696
154 699
154 700
154 703
154 705
154 706
154 707
154 710
154 711
154 714
154 716
154 717
154 721
154 727
154 729
154 731
154 735
154 738
154 739
154 743
154 745
154 747
154 748
154 752
154 754
154 765
154 766
154 767
154 770
154 772
154 773
154 775
154 776
154 780
154 781
154 783
154 789
154 794
154 797
155 401
155 405
155 412
155 418
155 419
155 422
155 423
155 424
155 426
155 427
155 428
155 429
155 430
155 432
155 433
155 435
155 436
155 437
155 438
155 450
155 463
155 465
155 466
155 467
155 469
155 470
155 473
155 476
155 477
155 481
155 483
155 484
155 485
155 487
155 489
155 491
155 493
155 496
155 498
155 502
155 503
155 509
155 512
155 513
155 517
155 523
155 524
155 526
155 529
155 530
155 531
155 533
155 534
155 535
155 536
155 537
155 540
155 543
155 545
155 547
155 549
155 550
155 551
155 554
155 555
155 556
155 560
155 561
155 562
155 563
155 565
155 566
155 570
155 574
155 575
155 583
155 584
155 585
155 586
155 588
155 590
155 591
155 593
155 595
155 596
155 599
155 600
155 601
155 602
155 603
155 605
155 606
155 607
155 608
155 610
155 611
155 612
155 613
155 614
155 615
155 617
155 620
155 624
155 625
155 629
155 630
155 631
155 634
155 635
155 638
155 639
155 641
155 642
155 644
155 646
155 647
155 648
155 649
155 650
155 653
155 654
155 655
155 657
155 660
155 663
155 664
155 667
155 668
155 669
155 671
155 672
155 673
155 675
155 676
155 677
155 680
155 681
155 685
155 687
155 688
155 691
155 692
155 697
155 698
155 701
155 705
155 707
155 708
155 709
155 711
155 714
155 715
155 716
155 717
155 720
155 724
155 727
155 729
155 730
155 732
155 733
155 734
155 737
155 739
155 740
155 741
155 747
155 749
155 750
155 751
155 752
155 756
155 759
155 760
155 762
155 763
155 764
155 765
155 768
155 769
155 772
155 774
155 775
155 776
155 777
155 778
155 780
155 782
155 783
155 784
155 785
155 788
155 791
155 792
155 799
156 408
156 409
156 410
156 412
156 415
156 416
156 418
156 419
156 420
156 424
156 428
156 429
156 430
156 431
156 432
156 433
156 435
156 437
156 439
156 442
156 444
156 446
156 449
156 452
156 454
156 458
156 459
156 462
156 464
156 466
156 468
156 469
156 471
156 472
156 474
156 476
156 481
156 482
156 486
156 487
156 488
156 489
156 491
156 493
156 494
156 495
156 498
156 499
156 500
156 501
156 502
156 504
156 505
156 506
156 507
156 508
156 510
156 511
156 516
156 517
156 518
156 524
156 525
156 528
156 529
156 530
156 531
156 535
156 536
156 537
156 538
156 539
156 540
156 542
156 544
156 545
156 553
156 556
156 559
156 560
156 561
156 562
156 564
156 565
156 568
156 571
156 572
156 573
156 574
156 575
156 576
156 582
156 584
156 585
156 587
156 588
156 590
156 592
156 593
156 594
156 595
156 596
156 602
156 603
156 605
156 612
156 616
156 617
156 619
156 623
156 624
156 625
156 626
156 627
156 628
156 629
156 630
156 632
156 633
156 634
156 639
156 640
156 643
156 644
156 647
156 648
156 651
156 652
156 655
156 662
156 664
156 667
156 669
156 670
156 671
156 672
156 673
156 681
156 683
156 685
156 688
156 692
156 698
156 701
156 704
156 708
156 709
156 710
156 712
156 713
156 714
156 717
156 722
156 724
156 725
156 727
156 728
156 729
156 730
156 731
156 733
156 736
156 738
156 739
156 745
156 746
156 749
156 751
156 752
156 755
156 757
156 760
156 763
156 764
156 765
156 768
156 769
156 770
156 771
156 772
156 777
156 778
156 779
156 780
156 781
156 785
156 788
156 791
156 792
156 793
156 797
156 798
156 799
157 401
157 402
157 405
157 408
157 409
157 410
157 414
157 415
157 418
157 419
157 420
157 422
157 424
157 426
157 430
157 432
157 433
157 436
157 438
157 440
157 441
157 444
157 446
157 447
157 448
157 450
157 452
157 453
157 454
157 456
157 457
157 458
157 460
157 464
157 465
157 467
157 468
157 470
157 471
157 472
157 473
157 477
157 478
157 481
157 484
157 486
157 492
157 493
157 495
157 496
157 499
157 501
157 503
157 504
157 505
157 506
157 509
157 511
157 512
157 513
157 514
157 518
157 519
157 522
157 523
157 525
157 526
157 527
157 528
157 530
157 531
157 536
157 538
157 539
157 540
157 542
157 543
157 546
157 547
157 548
157 549
157 553
157 557
157 558
157 561
157 562
157 569
157 573
157 577
157 578
157 579
157 580
157 582
157 584
157 585
157 586
157 592
157 593
157 595
157 599
157 600
157 601
157 602
157 603
157 604
157 606
157 608
157 610
157 613
157 614
157 619
157 621
157 622
157 624
157 625
157 627
157 628
157 630
157 634
157 635
157 636
157 637
157 638
157 639
157 643
157 646
157 647
157 648
157 649
157 650
157 651
157 654
157 655
157 657
157 659
157 660
157 663
157 664
157 665
157 667
157 668
157 671
157 672
157 673
157 678
157 680
157 683
157 684
157 687
157 689
157 690
157 695
157 696
157 700
157 701
157 703
157 704
157 705
157 708
157 709
157 710
157 711
157 712
157 714
157 717
157 718
157 720
157 722
157 723
157 724
157 725
157 727
157 728
157 729
157 730
157 733
157 734
157 737
157 739
157 741
157 746
157 749
157 752
157 757
157 762
157 764
157 767
157 768
157 770
157 772
157 773
157 775
157 777
157 779
157 780
157 781
157 783
157 784
157 786
157 788
157 790
157 795
157 798
158 401
158 403
158 405
158 409
158 410
158 413
158 415
158 418
158 421
158 424
158 425
158 427
158 430
158 434
158 435
158 437
158 438
158 440
158 445
158 446
158 448
158 453
158 454
158 457
158 461
158 462
158 464
158 466
158 467
158 468
158 469
158 472
158 474
158 477
158 478
158 480
158 482
158 484
158 485
158 487
158 491
158 492
158 495
158 496
158 501
158 503
158 505
158 507
158 509
158 512
158 514
158 515
158 517
158 518
158 521
158 528
158 530
158 532
158 536
158 537
158 540
158 541
158 543
158 544
158 545
158 549
158 550
158 552
158 553
158 554
158 557
158 558
158 560
158 562
158 564
158 565
158 566
158 567
158 568
158 569
158 573
158 574
158 576
158 580
158 581
158 583
158 584
158 585
158 588
158 592
158 595
158 596
158 599
158 600
158 601
158 602
158 603
158 606
158 608
158 609
158 610
158 614
158 618
158 619
158 621
158 624
158 625
158 629
158 631
158 632
158 634
158 636
158 637
158 645
158 649
158 652
158 654
158 657
158 661
158 663
158 668
158 669
158 670
158 672
158 674
158 675
158 677
158 680
158 682
158 683
158 685
158 687
158 690
158 693
158 694
158 695
158 696
158 697
158 699
158 700
158 702
158 703
158 704
158 706
158 710
158 711
158 712
158 715
158 721
158 722
158 724
158 725
158 728
158 729
158 731
158 732
158 734
158 735
158 738
158 742
158 743
158 744
158 745
158 747
158 749
158 751
158 753
158 755
158 758
158 762
158 763
158 767
158 769
158 770
158 772
158 773
158 777
158 778
158 781
158 782
158 783
158 785
158 786
158 788
158 792
158 793
158 794
158 798
158 799
159 403
159 404
159 407
159 409
159 410
159 415
159 416
159 417
159 418
159 420
159 421
159 422
159 424
159 430
159 432
159 433
159 435
159 437
159 439
159 440
159 441
159 445
159 453
159 455
159 456
159 460
159 461
159 462
159 464
159 467
159 469
159 470
159 476
159 477
159 478
159 483
159 485
159 487
159 489
159 492
159 495
159 496
159 501
159 502
159 505
159 506
159 509
159 512
159 514
159 515
159 516
159 517
159 520
159 521
159 523
159 525
159 528
159 529
159 530
159 534
159 535
159 536
159 537
159 541
159 542
159 543
159 546
159 547
159 549
159 553
159 559
159 561
159 563
159 565
159 566
159 569
159 571
159 572
159 574
159 575
159 578
159 579
159 580
159 581
159 582
159 584
159 586
159 587
159 588
159 589
159 591
159 593
159 594
159 595
159 596
159 598
159 599
159 601
159 604
159 606
159 607
159 608
159 610
159 611
159 619
159 622
159 623
159 626
159 627
159 628
159 630
159 632
159 633
159 634
159 638
159 640
159 641
159 645
159 647
159 648
159 653
159 656
159 657
159 659
159 660
159 662
159 664
159 666
159 667
159 668
159 669
159 670
159 671
159 673
159 674
159 676
159 678
159 679
159 683
159 684
159 686
159 688
159 692
159 695
159 696
159 698
159 699
159 702
159 703
159 707
159 710
159 713
159 715
159 717
159 718
159 719
159 720
159 721
159 724
159 725
159 726
159 728
159 731
159 732
159 734
159 735
159 738
159 742
159 743
159 744
159 745
159 746
159 754
159 755
159 759
159 762
159 764
159 767
159 771
159 773
159 774
159 775
159 776
159 778
159 779
159 780
159 784
159 787
159 788
159 791
159 792
159 800
160 402
160 403
160 404
160 405
160 409
160 410
160 412
160 413
160 414
160 418
160 419
160 420
160 422
160 423
160 426
160 427
160 428
160 429
160 430
160 431
160 432
160 433
160 436
160 438
160 439
160 442
160 444
160 448
160 451
160 452
160 453
160 454
160 455
160 457
160 462
160 463
160 466
160 467
160 468
160 469
160 470
160 471
160 473
160 476
160 479
160 482
160 485
160 487
160 490
160 494
160 497
160 499
160 500
160 502
160 503
160 505
160 510
160 517
160 518
160 519
160 520
160 522
160 524
160 525
160 526
160 528
160 530
160 533
160 536
160 537
160 539
160 541
160 543
160 544
160 546
160 547
160 548
160 552
160 555
160 557
160 559
160 560
160 562
160 563
160 565
160 567
160 570
160 572
160 574
160 575
160 576
160 577
160 578
160 579
160 580
160 583
160 587
160 588
160 589
160 590
160 591
160 593
160 595
160 596
160 597
160 598
160 599
160 601
160 604
160 605
160 606
160 607
160 612
160 614
160 615
160 616
160 618
160 620
160 621
160 623
160 624
160 626
160 627
160 629
160 630
160 631
160 632
160 633
160 634
160 635
160 637
160 639
160 642
160 644
160 645
160 646
160 647
160 648
160 649
160 652
160 654
160 661
160 662
160 664
160 670
160 671
160 672
160 673
160 674
160 675
160 676
160 677
160 679
160 680
160 684
160 685
160 686
160 688
160 689
160 690
160 691
160 694
160 695
160 703
160 707
160 709
160 715
160 717
160 719
160 720
160 723
160 724
160 727
160 736
160 738
160 741
160 743
160 744
160 747
160 754
160 755
160 756
160 757
160 759
160 760
160 762
160 763
160 765
160 771
160 773
160 775
160 778
160 781
160 782
160 784
160 786
160 792
160 794
160 795
160 800
161 402
161 403
161 404
161 405
161 406
161 410
161 413
161 414
161 415
161 418
161 419
161 425
161 428
161 429
161 430
161 431
161 433
161 434
161 436
161 437
161 441
161 443
161 444
161 446
161 447
161 448
161 449
161 452
161 454
161 455
161 458
161 459
161 460
161 462
161 463
161 466
161 467
161 470
161 471
161 472
161 474
161 475
161 477
161 479
161 480
161 482
161 483
161 487
161 492
161 493
161 494
161 495
161 496
161 497
161 499
161 501
161 503
161 506
161 508
161 510
161 517
161 520
161 526
161 527
161 529
161 530
161 531
161 532
161 534
161 538
161 540
161 541
161 546
161 548
161 549
161 550
161 551
161 552
161 553
161 556
161 557
161 561
161 567
161 568
161 569
161 571
161 574
161 575
161 576
161 580
161 583
161 584
161 585
161 587
161 588
161 589
161 594
161 605
161 606
161 607
161 609
161 610
161 611
161 612
161 615
161 616
161 617
161 618
161 620
161 623
161 625
161 626
161 627
161 628
161 630
161 632
161 633
161 634
161 635
161 636
161 638
161 640
161 641
161 642
161 645
161 646
161 652
161 654
161 655
161 657
161 658
161 659
161 660
161 661
161 662
161 663
161 664
161 665
161 666
161 669
161 671
161 672
161 673
161 674
161 676
161 677
161 678
161 683
161 685
161 689
161 690
161 691
161 692
161 695
161 703
161 704
161 705
161 708
161 712
161 713
161 715
161 719
161 722
161 727
161 729
161 731
161 732
161 733
161 735
161 737
161 741
161 742
161 745
161 750
161 751
161 756
161 757
161 758
161 759
161 762
161 763
161 766
161 767
161 768
161 770
161 771
161 773
161 774
161 776
161 777
161 780
161 782
161 784
161 785
161 787
161 788
161 791
161 795
161 796
161 798
162 401
162 402
162 403
162 404
162 405
162 406
162 407
162 408
162 412
162 414
162 416
162 418
162 421
162 422
162 423
162 424
162 425
162 426
162 427
162 428
162 430
162 432
162 433
162 435
162 436
162 440
162 441
162 443
162 447
162 450
162 451
162 453
162 454
162 455
162 460
162 465
162 468
162 469
162 470
162 471
162 473
162 475
162 477
162 478
162 479
162 480
162 481
162 482
162 483
162 485
162 487
162 488
162 489
162 496
162 497
162 500
162 502
162 503
162 504
162 506
162 510
162 511
162 512
162 514
162 517
162 521
162 526
162 527
162 530
162 532
162 534
162 535
162 536
162 538
162 539
162 541
162 542
162 547
162 552
162 553
162 555
162 556
162 559
162 560
162 563
162 567
162 568
162 569
162 572
162 575
162 576
162 578
162 579
162 583
162 586
162 588
162 589
162 597
162 599
162 601
162 602
162 604
162 605
162 608
162 609
162 611
162 613
162 614
162 616
162 619
162 621
162 622
162 623
162 626
162 627
162 629
162 633
162 636
162 637
162 639
162 642
162 645
162 646
162 647
162 650
162 652
162 653
162 654
162 656
162 660
162 661
162 662
162 666
162 671
162 672
162 673
162 675
162 676
162 678
162 680
162 681
162 682
162 683
162 684
162 685
162 687
162 688
162 689
162 690
162 691
162 692
162 693
162 694
162 696
162 698
162 699
162 701
162 702
162 705
162 707
162 709
162 710
162 711
162 715
162 718
162 719
162 721
162 722
162 723
162 725
162 727
162 729
162 730
162 731
162 733
162 734
162 735
162 737
162 741
162 743
162 744
162 746
162 748
162 752
162 754
162 756
162 761
162 763
162 764
162 765
162 771
162 772
162 776
162 777
162 778
162 783
162 785
162 786
162 788
162 789
162 790
162 800
163 401
163 405
163 406
163 407
163 410
163 411
163 416
163 417
163 418
163 420
163 424
163 425
163 427
163 429
163 430
163 432
163 434
163 437
163 442
163 444
163 446
163 447
163 448
163 449
163 450
163 453
163 455
163 459
163 462
163 463
163 464
163 465
163 466
163 469
163 470
163 478
163 481
163 483
163 484
163 485
163 486
163 487
163 491
163 492
163 498
163 503
163 504
163 505
163 506
163 507
163 508
163 509
163 511
163 520
163 521
163 522
163 528
163 530
163 531
163 533
163 537
163 538
163 539
163 541
163 543
163 544
163 545
163 549
163 550
163 551
163 554
163 555
163 560
163 561
163 562
163 563
163 565
163 566
163 568
163 569
163 570
163 574
163 575
163 578
163 579
163 580
163 582
163 585
163 588
163 589
163 592
163 594
163 595
163 596
163 601
163 603
163 604
163 605
163 606
163 608
163 609
163 610
163 611
163 616
163 617
163 618
163 622
163 624
163 629
163 630
163 632
163 635
163 636
163 639
163 640
163 641
163 642
163 645
163 646
163 647
163 648
163 649
163 650
163 658
163 660
163 662
163 664
163 665
163 668
163 670
163 671
163 672
163 673
163 676
163 677
163 678
163 682
163 683
163 685
163 686
163 688
163 690
163 691
163 692
163 698
163 699
163 703
163 705
163 707
163 709
163 711
163 716
163 717
163 722
163 724
163 725
163 728
163 729
163 733
163 734
163 736
163 737
163 738
163 741
163 743
163 744
163 745
163 746
163 748
163 750
163 752
163 753
163 754
163 755
163 758
163 761
163 762
163 764
163 765
163 771
163 772
163 776
163 779
163 783
163 786
163 788
163 790
163 791
163 792
163 796
163 800
164 401
164 402
164 404
164 406
164 407
164 408
164 409
164 410
164 411
164 412
164 413
164 416
164 419
164 420
164 431
164 432
164 434
164 436
164 438
164 439
164 440
164 442
164 443
164 449
164 454
164 455
164 456
164 457
164 458
164 460
164 461
164 462
164 464
164 470
164 471
164 472
164 474
164 476
164 478
164 480
164 481
164 482
164 483
164 484
164 485
164 486
164 488
164 489
164 490
164 491
164 493
164 496
164 498
164 499
164 500
164 501
164 502
164 505
164 509
164 513
164 514
164 515
164 520
164 523
164 524
164 525
164 526
164 528
164 531
164 532
164 535
164 537
164 539
164 542
164 547
164 549
164 550
164 551
164 553
164 555
164 557
164 559
164 561
164 562
164 563
164 565
164 567
164 568
164 570
164 571
164 575
164 576
164 577
164 579
164 580
164 581
164 582
164 583
164 584
164 587
164 590
164 594
164 598
164 599
164 601
164 603
164 604
164 605
164 607
164 608
164 609
164 610
164 611
164 612
164 613
164 616
164 617
164 620
164 621
164 622
164 625
164 627
164 630
164 632
164 635
164 637
164 641
164 643
164 644
164 647
164 648
164 649
164 650
164 652
164 653
164 654
164 655
164 661
164 664
164 665
164 668
164 670
164 672
164 673
164 674
164 676
164 679
164 680
164 683
164 684
164 686
164 688
164 689
164 691
164 692
164 695
164 697
164 699
164 702
164 705
164 706
164 707
164 712
164 714
164 717
164 722
164 723
164 725
164 726
164 730
164 733
164 734
164 735
164 736
164 737
164 738
164 743
164 746
164 748
164 750
164 758
164 759
164 760
164 767
164 770
164 771
164 773
164 774
164 775
164 776
164 780
164 783
164 784
164 785
164 788
164 790
164 791
164 794
164 795
164 797
164 799
164 800
165 403
165 404
165 408
165 415
165 417
165 418
165 420
165 424
165 425
165 427
165 428
165 431
165 434
165 436
165 438
165 440
165 442
165 444
165 445
165 451
165 452
165 455
165 456
165 457
165 458
165 459
165 461
165 462
165 463
165 469
165 470
165 472
165 473
165 474
165 477
165 479
165 481
165 482
165 483
165 484
165 485
165 486
165 487
165 489
165 491
165 494
165 496
165 498
165 500
165 501
165 503
165 504
165 506
165 508
165 510
165 513
165 514
165 516
165 517
165 521
165 522
165 523
165 527
165 529
165 531
165 532
165 533
165 536
165 537
165 538
165 543
165 544
165 545
165 546
165 547
165 548
165 554
165 555
165 561
165 563
165 566
165 567
165 568
165 569
165 570
165 575
165 582
165 584
165 586
165 589
165 594
165 595
165 596
165 597
165 599
165 600
165 602
165 606
165 609
165 611
165 614
165 616
165 617
165 618
165 619
165 621
165 622
165 626
165 629
165 631
165 632
165 638
165 639
165 643
165 650
165 651
165 652
165 653
165 654
165 655
165 656
165 657
165 659
165 660
165 662
165 664
165 666
165 671
165 672
165 675
165 678
165 680
165 685
165 686
165 687
165 690
165 691
165 693
165 694
165 696
165 698
165 699
165 700
165 701
165 702
165 703
165 704
165 705
165 706
165 707
165 709
165 711
165 712
165 714
165 717
165 720
165 721
165 722
165 723
165 724
165 730
165 731
165 735
165 738
165 742
165 743
165 745
165 746
165 747
165 748
165 751
165 753
165 754
165 756
165 759
165 760
165 761
165 763
165 764
165 765
165 766
165 767
165 769
165 771
165 774
165 775
165 778
165 781
165 783
165 789
165 790
165 791
165 792
165 794
165 797
165 799
165 800
166 401
166 405
166 406
166 407
166 408
166 411
166 412
166 413
166 415
166 417
166 418
166 422
166 426
166 430
166 431
166 436
166 440
166 442
166 445
166 446
166 447
166 448
166 451
166 453
166 454
166 457
166 460
166 461
166 462
166 464
166 465
166 466
166 468
166 471
166 474
166 478
166 480
166 481
166 482
166 483
166 485
166 486
166 487
166 488
166 490
166 491
166 494
166 495
166 497
166 498
166 501
166 502
166 504
166 505
166 507
166 509
166 515
166 517
166 519
166 520
166 521
166 525
166 526
166 527
166 528
166 529
166 530
166 531
166 532
166 534
166 535
166 536
166 537
166 540
166 541
166 543
166 544
166 546
166 551
166 552
166 553
166 555
166 556
166 561
166 565
166 566
166 567
166 569
166 570
166 571
166 573
166 574
166 577
166 579
166 581
166 585
166 588
166 591
166 592
166 594
166 595
166 596
166 597
166 599
166 601
166 603
166 606
166 607
166 609
166 611
166 612
166 613
166 618
166 620
166 622
166 623
166 627
166 632
166 634
166 635
166 641
166 643
166 645
166 647
166 648
166 651
166 653
166 654
166 655
166 656
166 658
166 659
166 660
166 661
166 663
166 664
166 666
166 667
166 669
166 671
166 675
166 679
166 681
166 682
166 683
166 684
166 685
166 686
166 688
166 691
166 692
166 693
166 696
166 700
166 701
166 704
166 705
166 707
166 709
166 710
166 713
166 714
166 716
166 717
166 718
166 719
166 721
166 725
166 726
166 728
166 729
166 731
166 732
166 733
166 734
166 735
166 736
166 742
166 743
166 744
166 747
166 750
166 751
166 755
166 757
166 759
166 760
166 761
166 766
166 769
166 770
166 771
166 772
166 773
166 774
166 775
166 776
166 777
166 782
166 783
166 784
166 786
166 788
166 791
166 793
166 795
166 799
166 800
167 402
167 407
167 409
167 410
167 412
167 414
167 417
167 418
167 423
167 424
167 428
167 431
167 433
167 434
167 435
167 437
167 440
167 441
167 443
167 444
167 448
167 449
167 450
167 453
167 457
167 458
167 459
167 460
167 461
167 463
167 465
167 467
167 468
167 469
167 471
167 473
167 476
167 477
167 478
167 480
167 485
167 488
167 492
167 495
167 497
167 500
167 501
167 504
167 506
167 508
167 509
167 510
167 511
167 512
167 513
167 514
167 515
167 517
167 518
167 519
167 521
167 523
167 524
167 526
167 527
167 528
167 529
167 530
167 531
167 532
167 533
167 537
167 540
167 541
167 542
167 544
167 546
167 548
167 552
167 553
167 554
167 555
167 557
167 558
167 563
167 569
167 570
167 573
167 574
167 575
167 579
167 580
167 583
167 585
167 586
167 589
167 592
167 594
167 597
167 601
167 602
167 605
167 608
167 610
167 611
167 615
167 616
167 617
167 618
167 621
167 623
167 624
167 625
167 626
167 627
167 628
167 629
167 631
167 633
167 634
167 638
167 639
167 642
167 643
167 644
167 650
167 653
167 656
167 658
167 660
167 666
167 668
167 670
167 674
167 676
167 677
167 678
167 680
167 685
167 687
167 688
167 689
167 690
167 691
167 694
167 695
167 696
167 697
167 698
167 699
167 701
167 704
167 705
167 706
167 708
167 709
167 711
167 713
167 715
167 716
167 718
167 719
167 721
167 723
167 727
167 730
167 733
167 734
167 735
167 736
167 738
167 740
167 743
167 745
167 746
167 747
167 748
167 749
167 751
167 753
167 754
167 755
167 758
167 759
167 760
167 761
167 762
167 763
167 765
167 766
167 767
167 768
167 771
167 772
167 774
167 777
167 779
167 781
167 782
167 783
167 785
167 786
167 789
167 790
167 792
167 796
167 797
168 401
168 402
168 404
168 405
168 406
168 409
168 414
168 415
168 416
168 417
168 420
168 421
168 422
168 423
168 424
168 425
168 428
168 431
168 432
168 434
168 435
168 437
168 438
168 439
168 440
168 442
168 444
168 445
168 448
168 449
168 450
168 452
168 453
168 454
168 456
168 457
168 459
168 460
168 461
168 466
168 471
168 472
168 477
168 479
168 480
168 481
168 482
168 483
168 484
168 485
168 486
168 488
168 489
168 493
168 494
168 495
168 498
168 499
168 500
168 503
168 506
168 507
168 508
168 509
168 510
168 511
168 513
168 514
168 516
168 518
168 519
168 521
168 524
168 527
168 534
168 536
168 538
168 539
168 540
168 542
168 543
168 544
168 545
168 547
168 550
168 554
168 555
168 556
168 557
168 558
168 560
168 561
168 562
168 563
168 566
168 567
168 570
168 572
168 573
168 575
168 577
168 582
168 585
168 589
168 591
168 599
168 601
168 602
168 606
168 609
168 610
168 611
168 612
168 613
168 614
168 618
168 622
168 624
168 625
168 627
168 628
168 635
168 636
168 641
168 642
168 643
168 644
168 645
168 646
168 650
168 652
168 654
168 656
168 657
168 658
168 663
168 664
168 672
168 673
168 680
168 682
168 683
168 686
168 688
168 689
168 691
168 695
168 696
168 697
168 698
168 700
168 701
168 703
168 707
168 708
168 710
168 711
168 713
168 717
168 718
168 719
168 720
168 723
168 724
168 727
168 728
168 731
168 732
168 733
168 737
168 743
168 748
168 749
168 750
168 753
168 755
168 758
168 759
168 761
168 764
168 766
168 767
168 768
168 770
168 771
168 775
168 777
168 778
168 779
168 780
168 781
168 785
168 786
168 787
168 788
168 789
168 791
168 795
168 799
169 401
169 403
169 404
169 406
169 408
169 411
169 415
169 416
169 417
169 420
169 424
169 426
169 427
169 428
169 429
169 433
169 434
169 435
169 436
169 438
169 444
169 446
169 447
169 448
169 450
169 451
169 454
169 456
169 458
169 459
169 461
169 462
169 463
169 464
169 466
169 467
169 468
169 471
169 473
169 477
169 478
169 479
169 480
169 481
169 482
169 483
169 484
169 487
169 488
169 490
169 492
169 494
169 495
169 496
169 499
169 501
169 504
169 510
169 514
169 517
169 518
169 519
169 520
169 521
169 526
169 527
169 528
169 530
169 531
169 532
169 538
169 540
169 544
169 547
169 549
169 550
169 553
169 554
169 559
169 562
169 563
169 570
169 571
169 572
169 573
169 574
169 575
169 578
169 581
169 582
169 583
169 584
169 588
169 589
169 590
169 592
169 594
169 596
169 598
169 600
169 602
169 603
169 604
169 609
169 611
169 612
169 617
169 619
169 620
169 622
169 629
169 630
169 631
169 633
169 634
169 636
169 637
169 638
169 642
169 644
169 646
169 647
169 650
169 651
169 656
169 660
169 662
169 664
169 667
169 669
169 673
169 676
169 678
169 681
169 683
169 684
169 685
169 687
169 688
169 692
169 693
169 697
169 701
169 702
169 703
169 704
169 708
169 709
169 715
169 716
169 717
169 725
169 730
169 732
169 733
169 734
169 737
169 738
169 739
169 741
169 743
169 745
169 748
169 751
169 753
169 756
169 758
169 759
169 760
169 761
169 764
169 765
169 769
169 770
169 773
169 774
169 776
169 777
169 780
169 783
169 784
169 785
169 787
169 788
169 792
169 793
169 795
169 799
170 401
170 402
170 404
170 407
170 411
170 414
170 415
170 417
170 418
170 421
170 425
170 427
170 428
170 431
170 434
170 436
170 439
170 440
170 442
170 443
170 448
170 452
170 453
170 454
170 455
170 456
170 457
170 461
170 462
170 464
170 465
170 467
170 468
170 469
170 470
170 473
170 474
170 476
170 477
170 478
170 479
170 481
170 485
170 486
170 491
170 493
170 496
170 498
170 500
170 502
170 506
170 508
170 513
170 516
170 518
170 519
170 526
170 528
170 529
170 530
170 532
170 533
170 534
170 536
170 537
170 542
170 543
170 545
170 546
170 550
170 551
170 554
170 558
170 560
170 562
170 563
170 564
170 566
170 567
170 568
170 569
170 570
170 572
170 576
170 577
170 579
170 580
170 582
170 586
170 587
170 589
170 590
170 591
170 592
170 594
170 596
170 599
170 601
170 604
170 607
170 609
170 612
170 615
170 617
170 620
170 626
170 628
170 629
170 630
170 632
170 633
170 635
170 636
170 637
170 639
170 642
170 644
170 646
170 649
170 650
170 651
170 654
170 656
170 659
170 661
170 662
170 664
170 665
170 667
170 674
170 676
170 677
170 679
170 680
170 684
170 685
170 688
170 689
170 692
170 693
170 694
170 695
170 698
170 699
170 705
170 706
170 708
170 709
170 710
170 711
170 712
170 713
170 714
170 716
170 718
170 719
170 720
170 721
170 722
170 724
170 725
170 732
170 734
170 735
170 739
170 740
170 742
170 743
170 744
170 745
170 746
170 747
170 749
170 750
170 751
170 752
170 753
170 754
170 759
170 760
170 762
170 764
170 767
170 768
170 769
170 770
170 772
170 773
170 776
170 779
170 782
170 783
170 785
170 786
170 790
170 793
170 795
170 797
170 800
171 405
171 408
171 410
171 411
171 413
171 416
171 417
171 418
171 420
171 423
171 425
171 428
171 429
171 430
171 433
171 437
171 443
171 444
171 447
171 448
171 450
171 451
171 453
171 456
171 458
171 459
171 461
171 463
171 464
171 467
171 468
171 472
171 473
171 474
171 476
171 477
171 479
171 481
171 482
171 484
171 486
171 487
171 488
171 489
171 490
171 493
171 497
171 500
171 501
171 502
171 503
171 508
171 509
171 510
171 511
171 514
171 515
171 517
171 518
171 519
171 521
171 522
171 525
171 526
171 531
171 532
171 536
171 537
171 544
171 550
171 552
171 553
171 555
171 556
171 558
171 559
171 560
171 561
171 562
171 563
171 565
171 566
171 568
171 570
171 571
171 573
171 577
171 578
171 581
171 582
171 583
171 584
171 586
171 589
171 590
171 593
171 594
171 595
171 596
171 597
171 601
171 603
171 606
171 607
171 608
171 609
171 610
171 612
171 613
171 616
171 620
171 623
171 624
171 625
171 628
171 629
171 632
171 634
171 635
171 637
171 641
171 643
171 644
171 649
171 651
171 655
171 656
171 657
171 659
171 660
171 662
171 664
171 665
171 666
171 668
171 671
171 674
171 677
171 680
171 684
171 688
171 694
171 698
171 701
171 702
171 703
171 705
171 711
171 714
171 715
171 719
171 722
171 725
171 726
171 727
171 728
171 730
171 731
171 734
171 735
171 738
171 739
171 740
171 742
171 746
171 747
171 756
171 757
171 759
171 760
171 763
171 765
171 767
171 768
171 769
171 770
171 776
171 778
171 783
171 785
171 787
171 789
171 790
171 791
171 793
171 794
171 795
171 796
171 800
172 401
172 402
172 404
172 406
172 409
172 413
172 414
172 415
172 419
172 420
172 421
172 422
172 423
172 426
172 429
172 430
172 432
172 435
172 436
172 437
172 440
172 441
172 443
172 446
172 447
172 449
172 450
172 451
172 452
172 458
172 461
172 463
172 469
172 471
172 472
172 473
172 474
172 476
172 477
172 479
172 481
172 483
172 484
172 485
172 487
172 488
172 489
172 494
172 495
172 498
172 500
172 501
172 502
172 503
172 504
172 505
172 508
172 510
172 511
172 512
172 513
172 514
172 515
172 521
172 522
172 526
172 528
172 529
172 530
172 531
172 532
172 535
172 536
172 540
172 542
172 546
172 547
172 549
172 551
172 554
172 556
172 559
172 560
172 561
172 562
172 566
172 569
172 571
172 572
172 579
172 580
172 581
172 582
172 583
172 584
172 587
172 588
172 590
172 593
172 594
172 596
172 598
172 600
172 601
172 602
172 603
172 606
172 607
172 609
172 615
172 616
172 618
172 620
172 621
172 622
172 623
172 624
172 625
172 629
172 630
172 631
172 632
172 633
172 634
172 635
172 637
172 638
172 644
172 650
172 651
172 652
172 655
172 656
172 659
172 660
172 661
172 663
172 664
172 665
172 666
172 667
172 670
172 671
172 673
172 676
172 678
172 679
172 680
172 681
172 682
172 683
172 684
172 686
172 687
172 689
172 691
172 692
172 696
172 697
172 698
172 700
172 702
172 704
172 705
172 709
172 710
172 711
172 713
172 715
172 716
172 719
172 721
172 722
172 723
172 724
172 726
172 727
172 730
172 732
172 733
172 737
172 741
172 742
172 747
172 748
172 750
172 754
172 759
172 761
172 763
172 764
172 766
172 767
172 768
172 772
172 776
172 781
172 782
172 784
172 785
172 786
172 789
172 793
172 794
172 795
172 796
172 800
173 405
173 406
173 407
173 408
173 409
173 412
173 413
173 415
173 419
173 420
173 422
173 424
173 426
173 428
173 429
173 432
173 434
173 435
173 438
173 445
173 446
173 447
173 450
173 451
173 452
173 453
173 455
173 457
173 458
173 459
173 460
173 463
173 464
173 467
173 468
173 469
173 471
173 474
173 476
173 478
173 479
173 481
173 483
173 485
173 487
173 492
173 494
173 496
173 498
173 502
173 503
173 504
173 506
173 507
173 508
173 509
173 510
173 511
173 514
173 518
173 519
173 520
173 521
173 525
173 526
173 527
173 528
173 529
173 531
173 532
173 535
173 541
173 546
173 548
173 549
173 551
173 553
173 555
173 556
173 557
173 558
173 560
173 562
173 563
173 564
173 565
173 567
173 571
173 572
173 573
173 575
173 581
173 584
173 585
173 588
173 590
173 591
173 592
173 597
173 598
173 599
173 600
173 603
173 604
173 606
173 607
173 609
173 610
173 612
173 613
173 615
173 617
173 619
173 620
173 621
173 622
173 623
173 626
173 627
173 629
173 630
173 631
173 632
173 633
173 634
173 635
173 636
173 637
173 639
173 641
173 644
173 647
173 650
173 652
173 653
173 654
173 657
173 659
173 660
173 662
173 663
173 665
173 666
173 669
173 671
173 672
173 674
173 677
173 678
173 679
173 680
173 681
173 683
173 684
173 685
173 686
173 687
173 688
173 689
173 690
173 693
173 694
173 696
173 697
173 698
173 699
173 704
173 708
173 709
173 710
173 711
173 712
173 714
173 715
173 716
173 717
173 720
173 721
173 722
173 723
173 725
173 729
173 733
173 734
173 736
173 739
173 740
173 741
173 742
173 743
173 745
173 746
173 747
173 748
173 749
173 750
173 751
173 753
173 754
173 757
173 759
173 762
173 764
173 767
173 771
173 772
173 773
173 777
173 778
173 779
173 781
173 782
173 783
173 785
173 786
173 787
173 788
173 789
173 792
173 794
173 795
173 796
173 798
173 800
174 402
174 407
174 410
174 413
174 418
174 419
174 423
174 427
174 430
174 431
174 433
174 436
174 437
174 440
174 442
174 443
174 445
174 451
174 453
174 455
174 456
174 457
174 458
174 459
174 460
174 461
174 462
174 465
174 466
174 468
174 469
174 474
174 476
174 478
174 483
174 484
174 485
174 487
174 488
174 489
174 491
174 492
174 493
174 495
174 498
174 499
174 500
174 504
174 505
174 506
174 515
174 517
174 519
174 520
174 521
174 522
174 524
174 526
174 527
174 530
174 531
174 532
174 536
174 539
174 541
174 542
174 543
174 544
174 548
174 550
174 551
174 554
174 558
174 559
174 560
174 561
174 563
174 564
174 568
174 569
174 571
174 572
174 573
174 576
174 579
174 580
174 582
174 583
174 585
174 589
174 591
174 596
174 599
174 600
174 604
174 605
174 606
174 608
174 611
174 613
174 614
174 619
174 621
174 622
174 623
174 626
174 627
174 629
174 630
174 631
174 632
174 634
174 636
174 638
174 639
174 640
174 641
174 642
174 645
174 647
174 648
174 650
174 651
174 657
174 659
174 661
174 664
174 669
174 671
174 673
174 674
174 677
174 681
174 683
174 686
174 688
174 689
174 690
174 691
174 695
174 696
174 698
174 700
174 701
174 704
174 705
174 709
174 710
174 712
174 716
174 717
174 719
174 720
174 722
174 723
174 724
174 729
174 730
174 731
174 733
174 734
174 735
174 736
174 737
174 738
174 741
174 743
174 744
174 747
174 749
174 753
174 755
174 758
174 761
174 762
174 763
174 765
174 768
174 769
174 771
174 772
174 776
174 777
174 778
174 780
174 783
174 785
174 786
174 787
174 789
174 792
175 401
175 402
175 403
175 405
175 406
175 409
175 410
175 413
175 415
175 416
175 420
175 421
175 422
175 423
175 425
175 427
175 435
175 436
175 437
175 439
175 441
175 444
175 445
175 447
175 448
175 449
175 450
175 451
175 452
175 453
175 455
175 456
175 457
175 458
175 459
175 460
175 462
175 464
175 465
175 467
175 470
175 471
175 472
175 475
175 477
175 478
175 482
175 485
175 487
175 490
175 491
175 492
175 498
175 499
175 500
175 501
175 503
175 504
175 505
175 506
175 511
175 512
175 514
175 515
175 516
175 520
175 521
175 522
175 523
175 524
175 526
175 533
175 536
175 542
175 543
175 544
175 545
175 547
175 548
175 552
175 553
175 555
175 556
175 558
175 562
175 564
175 568
175 575
175 577
175 581
175 582
175 583
175 585
175 587
175 589
175 590
175 591
175 593
175 594
175 595
175 597
175 598
175 599
175 601
175 602
175 606
175 607
175 608
175 610
175 615
175 618
175 619
175 622
175 626
175 629
175 630
175 632
175 634
175 635
175 636
175 637
175 642
175 644
175 646
175 649
175 650
175 651
175 655
175 656
175 657
175 658
175 659
175 660
175 661
175 663
175 668
175 669
175 670
175 675
175 676
175 677
175 683
175 684
175 687
175 690
175 697
175 700
175 701
175 703
175 704
175 705
175 706
175 707
175 708
175 711
175 713
175 715
175 718
175 720
175 725
175 727
175 728
175 729
175 731
175 736
175 737
175 739
175 741
175 742
175 743
175 744
175 746
175 748
175 749
175 750
175 751
175 753
175 755
175 756
175 757
175 758
175 762
175 763
175 764
175 766
175 767
175 770
175 771
175 772
175 773
175 775
175 777
175 778
175 779
175 781
175 784
175 785
175 790
175 793
175 795
175 796
175 799
176 401
176 402
176 403
176 407
176 408
176 411
176 414
176 415
176 417
176 418
176 419
176 421
176 423
176 424
176 427
176 428
176 429
176 431
176 434
176 438
176 440
176 442
176 444
176 448
176 449
176 451
176 453
176 456
176 457
176 458
176 460
176 461
176 462
176 464
176 465
176 466
176 467
176 470
176 473
176 474
176 479
176 483
176 485
176 488
176 491
176 492
176 493
176 495
176 497
176 502
176 503
176 505
176 506
176 507
176 510
176 513
176 514
176 516
176 523
176 524
176 525
176 527
176 528
176 529
176 530
176 532
176 533
176 535
176 536
176 539
176 540
176 541
176 544
176 545
176 546
176 549
176 551
176 554
176 555
176 556
176 557
176 559
176 560
176 563
176 566
176 569
176 570
176 571
176 572
176 575
176 577
176 578
176 579
176 580
176 582
176 586
176 587
176 588
176 589
176 590
176 591
176 592
176 593
176 595
176 596
176 597
176 598
176 600
176 601
176 605
176 606
176 611
176 612
176 613
176 616
176 617
176 618
176 622
176 623
176 626
176 627
176 629
176 631
176 633
176 637
176 638
176 639
176 640
176 643
176 644
176 647
176 648
176 650
176 651
176 652
176 653
176 655
176 656
176 658
176 661
176 662
176 668
176 670
176 671
176 673
176 677
176 678
176 680
176 683
176 684
176 690
176 691
176 692
176 693
176 694
176 696
176 697
176 698
176 700
176 701
176 702
176 705
176 706
176 707
176 709
176 710
176 711
176 712
176 715
176 716
176 718
176 719
176 721
176 724
176 727
176 734
176 735
176 737
176 741
176 742
176 743
176 745
176 746
176 747
176 748
176 749
176 751
176 753
176 754
176 759
176 761
176 763
176 766
176 767
176 769
176 772
176 774
176 775
176 776
176 783
176 785
176 786
176 788
176 789
176 790
176 791
176 792
176 793
176 794
176 795
176 799
177 401
177 404
177 407
177 410
177 411
177 412
177 413
177 415
177 416
177 417
177 420
177 421
177 424
177 426
177 429
177 433
177 434
177 436
177 437
177 439
177 441
177 444
177 445
177 449
177 451
177 455
177 458
177 460
177 461
177 462
177 463
177 464
177 465
177 466
177 467
177 468
177 470
177 478
177 480
177 482
177 484
177 485
177 486
177 487
177 489
177 490
177 491
177 493
177 497
177 498
177 499
177 501
177 502
177 503
177 504
177 507
177 508
177 511
177 513
177 514
177 515
177 516
177 518
177 519
177 520
177 521
177 524
177 525
177 526
177 527
177 528
177 531
177 532
177 533
177 534
177 537
177 538
177 539
177 540
177 541
177 543
177 549
177 550
177 553
177 554
177 555
177 556
177 557
177 559
177 561
177 563
177 564
177 565
177 566
177 569
177 573
177 574
177 575
177 576
177 577
177 581
177 582
177 584
177 585
177 587
177 590
177 591
177 594
177 595
177 598
177 599
177 600
177 602
177 603
177 605
177 607
177 608
177 610
177 611
177 614
177 616
177 617
177 618
177 619
177 620
177 622
177 623
177 624
177 628
177 629
177 632
177 639
177 642
177 643
177 645
177 648
177 649
177 650
177 652
177 653
177 657
177 659
177 660
177 663
177 664
177 665
177 667
177 668
177 669
177 676
177 677
177 679
177 680
177 681
177 682
177 683
177 684
177 686
177 687
177 689
177 692
177 697
177 698
177 699
177 700
177 702
177 704
177 706
177 708
177 709
177 710
177 712
177 714
177 716
177 718
177 721
177 725
177 726
177 727
177 728
177 730
177 732
177 733
177 737
177 740
177 743
177 746
177 749
177 753
177 756
177 757
177 758
177 759
177 764
177 765
177 766
177 768
177 769
177 771
177 772
177 774
177 775
177 776
177 777
177 779
177 780
177 781
177 783
177 784
177 785
177 788
177 789
177 791
177 794
177 795
177 798
177 800
178 405
178 407
178 408
178 409
178 410
178 413
178 414
178 417
178 418
178 422
178 425
178 426
178 427
178 429
178 430
178 431
178 432
178 434
178 436
178 440
178 445
178 447
178 448
178 449
178 450
178 452
178 454
178 455
178 456
178 457
178 458
178 459
178 460
178 462
178 464
178 465
178 467
178 470
178 471
178 472
178 476
178 477
178 480
178 482
178 483
178 485
178 488
178 490
178 491
178 492
178 493
178 495
178 499
178 501
178 503
178 504
178 508
178 509
178 513
178 515
178 517
178 518
178 519
178 521
178 522
178 523
178 524
178 525
178 526
178 527
178 528
178 531
178 535
178 538
178 544
178 553
178 554
178 555
178 556
178 557
178 559
178 561
178 562
178 563
178 564
178 565
178 566
178 568
178 570
178 571
178 573
178 576
178 578
178 582
178 585
178 586
178 592
178 593
178 595
178 598
178 600
178 601
178 602
178 604
178 606
178 607
178 609
178 612
178 614
178 617
178 618
178 619
178 621
178 622
178 623
178 624
178 625
178 629
178 630
178 631
178 633
178 634
178 640
178 641
178 643
178 644
178 648
178 649
178 650
178 652
178 654
178 655
178 656
178 659
178 661
178 662
178 664
178 668
178 669
178 671
178 672
178 673
178 674
178 676
178 677
178 682
178 683
178 684
178 685
178 686
178 687
178 688
178 690
178 695
178 697
178 704
178 707
178 710
178 712
178 713
178 715
178 716
178 719
178 720
178 723
178 725
178 726
178 731
178 732
178 737
178 738
178 739
178 740
178 741
178 742
178 743
178 746
178 747
178 751
178 753
178 754
178 755
178 757
178 758
178 759
178 762
178 764
178 765
178 766
178 767
178 770
178 771
178 772
178 774
178 778
178 779
178 780
178 781
178 783
178 787
178 795
178 796
178 797
178 800
179 401
179 407
179 408
179 409
179 411
179 412
179 414
179 415
179 418
179 419
179 420
179 422
179 423
179 425
179 426
179 431
179 432
179 435
179 438
179 440
179 444
179 446
179 447
179 449
179 450
179 451
179 453
179 454
179 455
179 456
179 462
179 464
179 465
179 467
179 469
179 470
179 472
179 476
179 478
179 480
179 483
179 485
179 487
179 489
179 490
179 494
179 497
179 503
179 507
179 508
179 509
179 512
179 513
179 514
179 521
179 522
179 524
179 526
179 528
179 529
179 532
179 533
179 534
179 536
179 538
179 540
179 541
179 543
179 544
179 545
179 548
179 549
179 550
179 551
179 553
179 555
179 558
179 559
179 561
179 563
179 564
179 566
179 567
179 569
179 570
179 571
179 572
179 573
179 574
179 575
179 576
179 577
179 578
179 580
179 583
179 584
179 586
179 592
179 600
179 601
179 606
179 607
179 613
179 615
179 616
179 618
179 619
179 621
179 624
179 625
179 627
179 628
179 630
179 633
179 635
179 639
179 640
179 643
179 645
179 646
179 647
179 650
179 651
179 653
179 654
179 655
179 657
179 659
179 661
179 666
179 667
179 668
179 670
179 671
179 675
179 678
179 679
179 680
179 683
179 685
179 687
179 688
179 690
179 692
179 695
179 707
179 710
179 711
179 712
179 713
179 716
179 719
179 720
179 722
179 723
179 735
179 737
179 738
179 739
179 742
179 743
179 744
179 745
179 746
179 747
179 748
179 750
179 753
179 755
179 756
179 757
179 760
179 761
179 763
179 765
179 769
179 770
179 771
179 772
179 773
179 775
179 776
179 777
179 778
179 779
179 780
179 781
179 787
179 789
179 790
179 791
179 793
179 795
179 796
179 798
179 799
179 800
180 403
180 405
180 408
180 409
180 412
180 413
180 414
180 415
180 416
180 420
180 421
180 422
180 423
180 426
180 427
180 429
180 430
180 436
180 437
180 439
180 443
180 446
180 448
180 449
180 450
180 451
180 452
180 454
180 455
180 456
180 457
180 458
180 459
180 461
180 463
180 464
180 465
180 468
180 469
180 470
180 473
180 474
180 475
180 476
180 477
180 479
180 481
180 482
180 483
180 484
180 485
180 486
180 487
180 491
180 492
180 493
180 495
180 497
180 500
180 502
180 503
180 504
180 506
180 507
180 509
180 511
180 512
180 515
180 516
180 517
180 518
180 519
180 524
180 525
180 527
180 528
180 529
180 531
180 533
180 534
180 537
180 540
180 541
180 543
180 545
180 547
180 548
180 551
180 552
180 553
180 555
180 558
180 559
180 560
180 562
180 565
180 567
180 569
180 571
180 572
180 573
180 574
180 575
180 576
180 583
180 588
180 589
180 594
180 596
180 598
180 599
180 602
180 604
180 605
180 608
180 609
180 610
180 612
180 614
180 617
180 619
180 620
180 623
180 626
180 627
180 628
180 639
180 642
180 643
180 646
180 650
180 652
180 653
180 656
180 659
180 660
180 661
180 665
180 668
180 669
180 672
180 673
180 682
180 683
180 690
180 692
180 693
180 695
180 696
180 699
180 702
180 703
180 706
180 707
180 708
180 709
180 710
180 711
180 712
180 717
180 718
180 719
180 722
180 723
180 730
180 731
180 734
180 735
180 736
180 737
180 739
180 740
180 742
180 743
180 745
180 746
180 747
180 751
180 753
180 756
180 757
180 758
180 760
180 761
180 762
180 764
180 765
180 766
180 769
180 770
180 771
180 772
180 778
180 782
180 785
180 787
180 789
180 790
180 793
180 794
180 796
180 797
180 799
181 401
181 402
181 404
181 406
181 407
181 408
181 411
181 413
181 416
181 419
181 421
181 426
181 429
181 433
181 434
181 436
181 437
181 438
181 440
181 444
181 450
181 454
181 456
181 457
181 459
181 463
181 464
181 466
181 467
181 468
181 471
181 473
181 474
181 475
181 478
181 480
181 482
181 485
181 487
181 489
181 491
181 492
181 493
181 495
181 496
181 497
181 498
181 500
181 502
181 504
181 505
181 506
181 507
181 509
181 510
181 512
181 513
181 515
181 516
181 517
181 518
181 519
181 521
181 524
181 525
181 526
181 527
181 529
181 532
181 535
181 537
181 541
181 544
181 545
181 546
181 547
181 548
181 549
181 550
181 553
181 554
181 555
181 558
181 559
181 562
181 564
181 567
181 568
181 569
181 572
181 579
181 582
181 583
181 585
181 589
181 590
181 594
181 595
181 598
181 599
181 600
181 603
181 605
181 609
181 611
181 613
181 615
181 616
181 618
181 619
181 621
181 622
181 627
181 633
181 635
181 645
181 651
181 652
181 657
181 658
181 659
181 662
181 663
181 672
181 675
181 682
181 683
181 689
181 694
181 695
181 697
181 698
181 700
181 702
181 704
181 705
181 706
181 708
181 709
181 710
181 720
181 721
181 722
181 724
181 725
181 729
181 736
181 738
181 739
181 740
181 742
181 744
181 747
181 748
181 751
181 753
181 759
181 761
181 762
181 763
181 766
181 768
181 769
181 770
181 772
181 776
181 777
181 778
181 779
181 780
181 782
181 783
181 784
181 785
181 787
181 789
181 790
181 793
181 794
181 795
181 797
181 799
181 800
182 401
182 402
182 403
182 405
182 407
182 408
182 409
182 414
182 415
182 416
182 417
182 420
182 421
182 422
182 423
182 425
182 432
182 433
182 434
182 435
182 437
182 438
182 439
182 442
182 443
182 445
182 447
182 448
182 453
182 455
182 458
182 464
182 466
182 468
182 470
182 471
182 472
182 474
182 479
182 484
182 485
182 488
182 490
182 491
182 492
182 494
182 497
182 499
182 501
182 502
182 503
182 504
182 505
182 506
182 507
182 508
182 509
182 513
182 519
182 521
182 522
182 526
182 527
182 529
182 531
182 532
182 533
182 534
182 538
182 539
182 540
182 543
182 544
182 545
182 546
182 551
182 552
182 553
182 554
182 556
182 557
182 559
182 560
182 563
182 564
182 565
182 566
182 567
182 569
182 571
182 573
182 575
182 579
182 580
182 583
182 585
182 588
182 590
182 592
182 593
182 595
182 596
182 598
182 600
182 602
182 604
182 606
182 607
182 608
182 609
182 610
182 614
182 616
182 617
182 618
182 621
182 622
182 624
182 625
182 630
182 632
182 633
182 635
182 636
182 645
182 647
182 648
182 650
182 654
182 655
182 657
182 658
182 659
182 661
182 662
182 665
182 666
182 668
182 670
182 672
182 674
182 676
182 678
182 682
182 683
182 685
182 687
182 688
182 690
182 691
182 692
182 693
182 695
182 696
182 697
182 698
182 699
182 700
182 703
182 710
182 711
182 712
182 715
182 716
182 717
182 719
182 722
182 726
182 729
182 731
182 732
182 733
182 734
182 738
182 739
182 740
182 744
182 745
182 746
182 747
182 749
182 750
182 751
182 752
182 753
182 756
182 757
182 758
182 759
182 761
182 762
182 766
182 767
182 769
182 771
182 772
182 773
182 776
182 781
182 784
182 786
182 787
182 790
182 796
182 798
182 800
183 402
183 403
183 404
183 407
183 410
183 413
183 415
183 421
183 425
183 427
183 429
183 430
183 431
183 433
183 434
183 435
183 438
183 439
183 440
183 441
183 444
183 446
183 447
183 448
183 451
183 452
183 453
183 454
183 455
183 460
183 461
183 463
183 464
183 468
183 471
183 472
183 475
183 476
183 477
183 478
183 479
183 480
183 482
183 486
183 487
183 488
183 489
183 491
183 492
183 494
183 495
183 497
183 499
183 501
183 503
183 504
183 505
183 506
183 507
183 508
183 510
183 513
183 514
183 515
183 520
183 521
183 522
183 524
183 526
183 527
183 528
183 529
183 534
183 538
183 539
183 540
183 541
183 542
183 543
183 546
183 548
183 549
183 550
183 551
183 554
183 555
183 556
183 557
183 558
183 560
183 561
183 562
183 563
183 564
183 565
183 569
183 570
183 571
183 573
183 576
183 577
183 580
183 581
183 583
183 587
183 588
183 591
183 594
183 595
183 600
183 602
183 604
183 606
183 609
183 611
183 613
183 614
183 616
183 617
183 622
183 625
183 626
183 627
183 632
183 633
183 634
183 636
183 641
183 645
183 648
183 649
183 650
183 651
183 656
183 657
183 660
183 662
183 667
183 668
183 671
183 677
183 679
183 680
183 681
183 683
183 686
183 687
183 688
183 694
183 695
183 696
183 697
183 698
183 701
183 702
183 703
183 704
183 705
183 708
183 712
183 713
183 715
183 716
183 717
183 718
183 719
183 721
183 722
183 725
183 726
183 728
183 729
183 732
183 734
183 739
183 741
183 742
183 743
183 748
183 752
183 753
183 754
183 755
183 756
183 758
183 759
183 761
183 763
183 766
183 768
183 773
183 774
183 775
183 778
183 779
183 782
183 783
183 786
183 787
183 788
183 790
183 800
184 405
184 406
184 407
184 408
184 409
184 412
184 414
184 416
184 417
184 420
184 421
184 422
184 423
184 427
184 429
184 430
184 431
184 434
184 437
184 438
184 439
184 442
184 444
184 445
184 446
184 447
184 450
184 457
184 459
184 460
184 462
184 463
184 464
184 466
184 468
184 471
184 478
184 481
184 482
184 484
184 485
184 486
184 488
184 489
184 492
184 495
184 496
184 497
184 502
184 503
184 504
184 505
184 506
184 508
184 513
184 515
184 516
184 517
184 519
184 523
184 524
184 527
184 529
184 531
184 532
184 535
184 536
184 539
184 540
184 541
184 544
184 545
184 550
184 558
184 560
184 561
184 562
184 565
184 566
184 570
184 571
184 572
184 575
184 576
184 577
184 579
184 580
184 585
184 589
184 590
184 592
184 593
184 594
184 595
184 599
184 603
184 606
184 608
184 609
184 610
184 612
184 613
184 618
184 619
184 620
184 623
184 627
184 628
184 630
184 631
184 638
184 640
184 644
184 645
184 649
184 650
184 651
184 653
184 655
184 656
184 658
184 662
184 663
184 664
184 665
184 667
184 668
184 669
184 670
184 677
184 678
184 679
184 683
184 687
184 688
184 689
184 690
184 693
184 694
184 697
184 702
184 703
184 708
184 709
184 710
184 711
184 712
184 714
184 716
184 717
184 719
184 720
184 721
184 723
184 727
184 729
184 731
184 732
184 734
184 735
184 736
184 737
184 740
184 742
184 744
184 745
184 747
184 749
184 750
184 751
184 756
184 757
184 758
184 759
184 762
184 763
184 765
184 766
184 771
184 772
184 773
184 774
184 776
184 778
184 781
184 784
184 785
184 787
184 789
184 791
184 793
184 794
184 795
184 796
184 798
184 800
185 401
185 403
185 404
185 406
185 407
185 408
185 410
185 411
185 412
185 413
185 415
185 419
185 421
185 422
185 423
185 425
185 426
185 427
185 428
185 429
185 431
185 434
185 435
185 437
185 439
185 441
185 443
185 448
185 449
185 451
185 452
185 453
185 454
185 455
185 458
185 460
185 461
185 464
185 465
185 466
185 467
185 469
185 471
185 472
185 473
185 474
185 476
185 479
185 487
185 488
185 490
185 494
185 495
185 496
185 498
185 499
185 502
185 503
185 504
185 505
185 506
185 507
185 508
185 509
185 511
185 512
185 514
185 515
185 520
185 521
185 522
185 523
185 527
185 528
185 530
185 532
185 533
185 535
185 538
185 544
185 546
185 547
185 548
185 552
185 557
185 559
185 562
185 563
185 564
185 566
185 568
185 572
185 574
185 576
185 578
185 580
185 582
185 584
185 591
185 594
185 595
185 596
185 598
185 599
185 600
185 602
185 605
185 606
185 607
185 608
185 610
185 611
185 612
185 614
185 615
185 616
185 617
185 620
185 622
185 624
185 625
185 627
185 629
185 630
185 631
185 632
185 633
185 635
185 637
185 638
185 639
185 640
185 642
185 643
185 647
185 651
185 653
185 654
185 656
185 658
185 659
185 661
185 663
185 664
185 666
185 668
185 669
185 670
185 672
185 673
185 675
185 676
185 677
185 679
185 682
185 686
185 687
185 688
185 690
185 692
185 694
185 695
185 697
185 699
185 700
185 703
185 704
185 706
185 709
185 710
185 712
185 713
185 715
185 716
185 717
185 724
185 726
185 727
185 734
185 735
185 736
185 737
185 744
185 746
185 747
185 750
185 751
185 753
185 754
185 755
185 757
185 758
185 759
185 760
185 763
185 766
185 768
185 770
185 771
185 773
185 774
185 777
185 778
185 781
185 782
185 785
185 788
185 790
185 791
185 792
185 796
185 798
186 403
186 406
186 407
186 408
186 412
186 418
186 419
186 423
186 424
186 425
186 427
186 428
186 434
186 437
186 443
186 444
186 445
186 447
186 449
186 450
186 451
186 452
186 453
186 454
186 456
186 461
186 462
186 465
186 467
186 468
186 470
186 471
186 472
186 473
186 476
186 478
186 479
186 481
186 482
186 483
186 486
186 488
186 492
186 493
186 497
186 499
186 505
186 508
186 510
186 511
186 512
186 514
186 517
186 519
186 521
186 527
186 529
186 532
186 533
186 534
186 536
186 537
186 540
186 541
186 544
186 545
186 546
186 548
186 549
186 550
186 551
186 552
186 553
186 557
186 559
186 561
186 562
186 565
186 567
186 568
186 570
186 572
186 574
186 575
186 576
186 577
186 583
186 586
186 587
186 590
186 596
186 597
186 598
186 599
186 601
186 603
186 604
186 606
186 608
186 612
186 613
186 614
186 615
186 616
186 618
186 619
186 621
186 622
186 624
186 628
186 629
186 630
186 635
186 636
186 637
186 638
186 641
186 642
186 643
186 644
186 646
186 647
186 648
186 650
186 654
186 656
186 657
186 658
186 659
186 662
186 663
186 665
186 666
186 669
186 670
186 672
186 673
186 674
186 675
186 676
186 677
186 679
186 680
186 683
186 684
186 686
186 688
186 692
186 695
186 697
186 698
186 700
186 702
186 703
186 704
186 706
186 708
186 709
186 712
186 714
186 720
186 721
186 722
186 724
186 732
186 733
186 740
186 742
186 744
186 745
186 748
186 749
186 751
186 753
186 756
186 758
186 759
186 760
186 762
186 764
186 765
186 766
186 767
186 768
186 769
186 770
186 773
186 775
186 777
186 778
186 779
186 784
186 787
186 788
186 789
186 791
186 794
186 795
186 796
186 800
187 402
187 407
187 408
187 411
187 412
187 413
187 414
187 416
187 417
187 418
187 419
187 420
187 421
187 422
187 423
187 424
187 425
187 426
187 428
187 429
187 431
187 436
187 437
187 440
187 441
187 443
187 444
187 448
187 449
187 450
187 452
187 454
187 455
187 457
187 459
187 461
187 462
187 465
187 467
187 468
187 469
187 470
187 473
187 474
187 475
187 477
187 479
187 481
187 484
187 486
187 488
187 489
187 492
187 496
187 498
187 500
187 503
187 504
187 505
187 506
187 512
187 515
187 516
187 517
187 520
187 521
187 527
187 528
187 529
187 531
187 532
187 533
187 534
187 535
187 536
187 541
187 543
187 545
187 546
187 547
187 548
187 549
187 553
187 554
187 556
187 559
187 560
187 561
187 562
187 563
187 564
187 568
187 570
187 572
187 575
187 576
187 577
187 578
187 581
187 582
187 583
187 584
187 585
187 587
187 591
187 595
187 596
187 597
187 598
187 599
187 600
187 602
187 603
187 604
187 605
187 607
187 609
187 613
187 614
187 618
187 620
187 622
187 624
187 625
187 626
187 628
187 631
187 633
187 638
187 641
187 642
187 644
187 646
187 647
187 652
187 654
187 656
187 657
187 659
187 660
187 662
187 663
187 664
187 666
187 667
187 671
187 673
187 674
187 675
187 677
187 678
187 679
187 680
187 681
187 682
187 684
187 685
187 686
187 687
187 689
187 690
187 691
187 692
187 696
187 697
187 699
187 701
187 704
187 706
187 708
187 709
187 710
187 711
187 713
187 714
187 716
187 718
187 719
187 720
187 725
187 726
187 728
187 729
187 730
187 731
187 738
187 739
187 741
187 742
187 743
187 745
187 746
187 747
187 750
187 752
187 753
187 757
187 758
187 762
187 764
187 766
187 768
187 772
187 773
187 775
187 776
187 777
187 778
187 779
187 781
187 782
187 783
187 785
187 786
187 789
187 790
187 791
187 792
187 793
187 795
187 796
187 797
187 798
187 799
187 800
188 401
188 403
188 404
188 408
188 410
188 411
188 412
188 413
188 415
188 418
188 419
188 420
188 421
188 422
188 423
188 426
188 428
188 435
188 436
188 437
188 438
188 442
188 443
188 447
188 451
188 455
188 456
188 457
188 458
188 460
188 461
188 463
188 465
188 466
188 468
188 469
188 472
188 475
188 476
188 477
188 479
188 480
188 481
188 482
188 484
188 486
188 490
188 494
188 496
188 502
188 504
188 505
188 507
188 508
188 512
188 514
188 515
188 519
188 520
188 521
188 525
188 527
188 529
188 531
188 533
188 534
188 535
188 536
188 537
188 546
188 547
188 549
188 551
188 552
188 555
188 556
188 558
188 560
188 562
188 565
188 567
188 568
188 569
188 571
188 575
188 576
188 577
188 580
188 581
188 584
188 585
188 587
188 589
188 591
188 593
188 594
188 596
188 598
188 600
188 601
188 602
188 603
188 605
188 608
188 611
188 612
188 613
188 615
188 617
188 620
188 626
188 627
188 630
188 632
188 633
188 635
188 637
188 643
188 646
188 648
188 649
188 650
188 651
188 652
188 655
188 658
188 659
188 663
188 664
188 665
188 671
188 673
188 674
188 678
188 680
188 684
188 685
188 686
188 687
188 688
188 689
188 693
188 695
188 697
188 698
188 699
188 700
188 702
188 703
188 709
188 711
188 713
188 716
188 718
188 720
188 722
188 724
188 725
188 726
188 728
188 729
188 731
188 732
188 733
188 734
188 736
188 738
188 740
188 741
188 744
188 746
188 747
188 748
188 752
188 753
188 754
188 756
188 758
188 760
188 761
188 765
188 767
188 768
188 770
188 771
188 772
188 774
188 775
188 778
188 781
188 782
188 783
188 784
188 785
188 786
188 787
188 788
188 792
188 793
188 794
188 796
188 798
189 403
189 404
189 406
189 407
189 408
189 409
189 413
189 415
189 416
189 418
189 419
189 420
189 421
189 422
189 424
189 425
189 431
189 432
189 437
189 438
189 439
189 440
189 442
189 443
189 445
189 446
189 451
189 454
189 455
189 458
189 461
189 462
189 466
189 467
189 470
189 472
189 476
189 479
189 480
189 484
189 485
189 486
189 487
189 488
189 491
189 492
189 493
189 496
189 499
189 500
189 502
189 503
189 506
189 509
189 512
189 515
189 516
189 517
189 522
189 525
189 527
189 530
189 533
189 535
189 539
189 540
189 541
189 542
189 548
189 549
189 551
189 553
189 554
189 555
189 557
189 561
189 562
189 563
189 564
189 565
189 566
189 567
189 568
189 570
189 571
189 572
189 575
189 576
189 577
189 580
189 582
189 583
189 584
189 587
189 590
189 591
189 594
189 595
189 599
189 602
189 603
189 605
189 607
189 609
189 610
189 614
189 615
189 616
189 617
189 621
189 622
189 625
189 628
189 630
189 631
189 632
189 634
189 638
189 640
189 642
189 644
189 647
189 651
189 652
189 654
189 656
189 657
189 658
189 659
189 661
189 663
189 664
189 666
189 668
189 671
189 672
189 673
189 674
189 675
189 676
189 677
189 679
189 681
189 682
189 685
189 686
189 691
189 695
189 698
189 699
189 700
189 701
189 702
189 705
189 706
189 707
189 708
189 713
189 714
189 715
189 716
189 718
189 723
189 724
189 728
189 732
189 734
189 737
189 738
189 739
189 741
189 743
189 747
189 748
189 750
189 752
189 753
189 754
189 755
189 763
189 765
189 768
189 769
189 770
189 771
189 772
189 774
189 778
189 780
189 785
189 788
189 789
189 790
189 792
189 794
189 797
189 798
190 403
190 404
190 405
190 406
190 408
190 411
190 412
190 414
190 415
190 419
190 427
190 432
190 433
190 437
190 439
190 442
190 446
190 447
190 452
190 453
190 454
190 456
190 457
190 458
190 459
190 463
190 465
190 466
190 470
190 471
190 472
190 475
190 476
190 479
190 480
190 483
190 487
190 488
190 491
190 492
190 493
190 496
190 498
190 502
190 503
190 504
190 506
190 507
190 509
190 510
190 511
190 512
190 515
190 516
190 519
190 520
190 521
190 522
190 524
190 525
190 532
190 537
190 538
190 539
190 541
190 542
190 543
190 544
190 545
190 547
190 548
190 549
190 555
190 563
190 571
190 573
190 574
190 576
190 577
190 578
190 579
190 582
190 583
190 585
190 586
190 589
190 593
190 598
190 599
190 600
190 602
190 607
190 608
190 609
190 612
190 615
190 617
190 618
190 619
190 620
190 622
190 623
190 624
190 627
190 631
190 633
190 636
190 639
190 641
190 642
190 643
190 644
190 646
190 647
190 650
190 653
190 655
190 658
190 659
190 661
190 663
190 664
190 665
190 666
190 667
190 668
190 669
190 670
190 671
190 676
190 677
190 687
190 689
190 690
190 692
190 695
190 696
190 699
190 700
190 703
190 706
190 709
190 715
190 717
190 719
190 721
190 723
190 724
190 726
190 727
190 730
190 732
190 733
190 734
190 735
190 737
190 739
190 740
190 744
190 745
190 747
190 748
190 749
190 750
190 751
190 752
190 753
190 755
190 756
190 757
190 761
190 762
190 763
190 767
190 769
190 771
190 772
190 775
190 779
190 781
190 783
190 784
190 786
190 787
190 790
190 793
190 794
190 795
190 797
190 799
191 401
191 402
191 404
191 405
191 406
191 407
191 408
191 410
191 411
191 413
191 416
191 418
191 420
191 421
191 423
191 424
191 426
191 428
191 429
191 432
191 434
191 436
191 437
191 439
191 442
191 444
191 445
191 447
191 448
191 450
191 453
191 455
191 461
191 462
191 463
191 465
191 466
191 468
191 471
191 472
191 473
191 475
191 478
191 479
191 480
191 481
191 482
191 483
191 484
191 485
191 486
191 487
191 488
191 491
191 499
191 500
191 502
191 503
191 504
191 505
191 506
191 507
191 509
191 510
191 511
191 512
191 513
191 516
191 517
191 518
191 519
191 520
191 521
191 523
191 524
191 526
191 527
191 531
191 533
191 535
191 537
191 538
191 540
191 541
191 542
191 543
191 544
191 548
191 549
191 551
191 553
191 554
191 556
191 557
191 563
191 567
191 568
191 570
191 571
191 574
191 576
191 577
191 579
191 582
191 583
191 585
191 587
191 588
191 589
191 592
191 594
191 596
191 598
191 599
191 600
191 601
191 605
191 611
191 612
191 613
191 617
191 619
191 620
191 621
191 622
191 623
191 625
191 628
191 629
191 630
191 633
191 634
191 636
191 637
191 638
191 639
191 640
191 645
191 647
191 648
191 649
191 650
191 651
191 654
191 656
191 657
191 658
191 659
191 660
191 665
191 666
191 667
191 671
191 672
191 677
191 688
191 693
191 696
191 697
191 698
191 702
191 705
191 706
191 708
191 709
191 714
191 715
191 716
191 719
191 721
191 722
191 724
191 728
191 730
191 731
191 732
191 734
191 735
191 736
191 738
191 741
191 743
191 744
191 745
191 746
191 747
191 749
191 754
191 755
191 757
191 758
191 762
191 763
191 764
191 766
191 768
191 770
191 771
191 772
191 773
191 774
191 777
191 779
191 782
191 784
191 785
191 786
191 788
191 789
191 792
191 793
191 796
191 798
191 799
191 800
192 403
192 407
192 410
192 415
192 416
192 420
192 421
192 422
192 425
192 426
192 427
192 428
192 431
192 433
192 435
192 436
192 437
192 441
192 442
192 443
192 446
192 447
192 449
192 451
192 453
192 454
192 456
192 458
192 459
192 462
192 465
192 466
192 470
192 473
192 478
192 480
192 481
192 482
192 483
192 484
192 487
192 488
192 489
192 490
192 492
192 493
192 494
192 497
192 498
192 501
192 502
192 505
192 510
192 514
192 515
192 516
192 517
192 520
192 521
192 523
192 524
192 525
192 526
192 527
192 528
192 529
192 532
192 534
192 535
192 536
192 537
192 541
192 543
192 546
192 547
192 550
192 551
192 552
192 553
192 554
192 557
192 559
192 560
192 562
192 563
192 565
192 566
192 568
192 569
192 570
192 575
192 579
192 580
192 584
192 587
192 591
192 592
192 593
192 594
192 595
192 597
192 598
192 600
192 602
192 603
192 604
192 606
192 607
192 608
192 609
192 612
192 613
192 615
192 616
192 619
192 626
192 629
192 630
192 631
192 632
192 634
192 635
192 636
192 637
192 639
192 640
192 641
192 642
192 643
192 644
192 645
192 647
192 649
192 650
192 651
192 653
192 654
192 657
192 659
192 661
192 662
192 667
192 669
192 673
192 676
192 677
192 682
192 683
192 685
192 686
192 688
192 691
192 692
192 694
192 698
192 699
192 701
192 702
192 709
192 710
192 711
192 712
192 713
192 714
192 716
192 718
192 722
192 723
192 724
192 725
192 728
192 729
192 730
192 731
192 732
192 733
192 739
192 741
192 742
192 745
192 747
192 748
192 749
192 750
192 753
192 757
192 759
192 760
192 761
192 762
192 764
192 765
192 766
192 768
192 769
192 771
192 773
192 774
192 776
192 777
192 781
192 782
192 783
192 784
192 785
192 786
192 789
192 790
192 792
192 794
192 798
192 799
193 401
193 402
193 405
193 407
193 408
193 409
193 414
193 416
193 417
193 418
193 419
193 420
193 422
193 426
193 428
193 430
193 431
193 432
193 433
193 435
193 436
193 437
193 439
193 440
193 441
193 443
193 444
193 447
193 450
193 451
193 456
193 462
193 465
193 468
193 470
193 471
193 472
193 475
193 476
193 477
193 479
193 483
193 485
193 486
193 487
193 488
193 490
193 494
193 495
193 498
193 503
193 504
193 505
193 506
193 507
193 508
193 514
193 518
193 522
193 523
193 527
193 528
193 533
193 536
193 543
193 544
193 545
193 546
193 549
193 550
193 552
193 553
193 554
193 555
193 556
193 558
193 561
193 563
193 564
193 565
193 566
193 567
193 569
193 570
193 573
193 574
193 575
193 576
193 579
193 581
193 582
193 585
193 587
193 588
193 589
193 590
193 592
193 593
193 599
193 600
193 601
193 602
193 603
193 606
193 607
193 608
193 612
193 613
193 614
193 615
193 617
193 619
193 621
193 622
193 623
193 626
193 628
193 629
193 632
193 635
193 637
193 638
193 642
193 644
193 646
193 647
193 649
193 654
193 655
193 657
193 658
193 661
193 666
193 668
193 669
193 670
193 672
193 674
193 675
193 676
193 684
193 688
193 689
193 690
193 691
193 694
193 695
193 696
193 697
193 698
193 700
193 704
193 705
193 706
193 707
193 710
193 711
193 712
193 716
193 717
193 718
193 721
193 722
193 726
193 730
193 731
193 732
193 738
193 743
193 745
193 746
193 747
193 748
193 749
193 751
193 752
193 753
193 755
193 756
193 757
193 759
193 760
193 763
193 765
193 772
193 773
193 777
193 778
193 780
193 782
193 784
193 787
193 788
193 789
193 793
193 796
193 799
193 800
194 402
194 403
194 407
194 410
194 411
194 422
194 423
194 426
194 427
194 431
194 432
194 434
194 435
194 437
194 438
194 440
194 441
194 442
194 443
194 445
194 447
194 448
194 449
194 450
194 452
194 455
194 456
194 457
194 460
194 461
194 462
194 463
194 464
194 465
194 467
194 469
194 471
194 473
194 477
194 478
194 479
194 480
194 481
194 484
194 486
194 488
194 490
194 491
194 496
194 498
194 502
194 503
194 507
194 509
194 511
194 512
194 513
194 516
194 517
194 518
194 519
194 520
194 522
194 523
194 525
194 527
194 528
194 531
194 533
194 534
194 539
194 540
194 544
194 545
194 546
194 547
194 549
194 550
194 553
194 554
194 555
194 558
194 560
194 563
194 566
194 567
194 569
194 570
194 571
194 574
194 577
194 578
194 582
194 584
194 586
194 587
194 589
194 590
194 591
194 592
194 595
194 596
194 599
194 600
194 601
194 608
194 610
194 613
194 615
194 616
194 618
194 619
194 621
194 623
194 625
194 626
194 627
194 628
194 630
194 632
194 634
194 635
194 640
194 641
194 643
194 646
194 647
194 649
194 650
194 651
194 656
194 657
194 658
194 660
194 662
194 664
194 665
194 667
194 669
194 670
194 672
194 674
194 678
194 679
194 682
194 685
194 689
194 691
194 693
194 694
194 695
194 696
194 697
194 698
194 700
194 704
194 705
194 706
194 707
194 709
194 712
194 715
194 717
194 719
194 720
194 724
194 728
194 729
194 732
194 734
194 738
194 740
194 741
194 742
194 743
194 745
194 746
194 748
194 751
194 756
194 758
194 761
194 762
194 763
194 764
194 766
194 768
194 770
194 772
194 773
194 774
194 775
194 776
194 779
194 780
194 781
194 786
194 787
194 789
194 790
194 792
194 795
194 797
194 800
195 401
195 402
195 403
195 404
195 407
195 408
195 411
195 414
195 417
195 419
195 421
195 423
195 424
195 425
195 428
195 430
195 433
195 435
195 437
195 438
195 439
195 441
195 442
195 443
195 444
195 445
195 446
195 455
195 457
195 459
195 461
195 462
195 464
195 465
195 470
195 475
195 476
195 480
195 484
195 488
195 489
195 490
195 492
195 493
195 499
195 501
195 505
195 506
195 508
195 510
195 514
195 516
195 520
195 521
195 523
195 526
195 528
195 529
195 531
195 542
195 543
195 545
195 547
195 549
195 550
195 551
195 553
195 554
195 555
195 559
195 562
195 565
195 568
195 572
195 573
195 574
195 575
195 578
195 579
195 582
195 583
195 584
195 586
195 587
195 588
195 589
195 592
195 593
195 595
195 601
195 602
195 604
195 605
195 606
195 608
195 610
195 612
195 614
195 616
195 618
195 619
195 620
195 624
195 627
195 628
195 629
195 631
195 632
195 637
195 638
195 639
195 641
195 643
195 645
195 646
195 647
195 648
195 649
195 651
195 652
195 653
195 654
195 655
195 656
195 661
195 663
195 664
195 667
195 668
195 671
195 672
195 673
195 675
195 676
195 677
195 678
195 679
195 685
195 689
195 692
195 693
195 695
195 698
195 699
195 700
195 701
195 702
195 703
195 704
195 705
195 706
195 710
195 716
195 718
195 719
195 720
195 722
195 725
195 729
195 732
195 733
195 734
195 736
195 737
195 739
195 740
195 742
195 743
195 745
195 746
195 747
195 748
195 749
195 750
195 751
195 753
195 754
195 755
195 757
195 759
195 760
195 762
195 766
195 767
195 768
195 769
195 773
195 774
195 775
195 776
195 778
195 782
195 784
195 786
195 788
195 789
195 790
195 791
195 796
195 798
195 799
196 401
196 402
196 407
196 409
196 411
196 418
196 421
196 422
196 423
196 425
196 426
196 427
196 429
196 432
196 433
196 434
196 437
196 438
196 440
196 445
196 447
196 453
196 456
196 457
196 458
196 459
196 460
196 462
196 464
196 465
196 470
196 472
196 473
196 474
196 476
196 477
196 480
196 481
196 483
196 485
196 487
196 493
196 496
196 500
196 501
196 505
196 507
196 508
196 509
196 512
196 515
196 518
196 519
196 520
196 521
196 524
196 525
196 528
196 529
196 533
196 534
196 535
196 539
196 540
196 544
196 545
196 546
196 552
196 554
196 555
196 558
196 561
196 562
196 566
196 568
196 569
196 572
196 573
196 578
196 580
196 581
196 583
196 586
196 590
196 591
196 592
196 594
196 595
196 597
196 601
196 602
196 604
196 605
196 606
196 609
196 611
196 612
196 618
196 622
196 624
196 626
196 628
196 629
196 631
196 632
196 634
196 636
196 638
196 640
196 641
196 642
196 643
196 644
196 645
196 646
196 647
196 650
196 657
196 658
196 661
196 662
196 668
196 669
196 670
196 671
196 672
196 673
196 676
196 677
196 680
196 681
196 682
196 686
196 688
196 689
196 690
196 691
196 693
196 696
196 697
196 698
196 700
196 702
196 703
196 710
196 711
196 712
196 713
196 714
196 715
196 716
196 717
196 722
196 724
196 725
196 728
196 729
196 733
196 734
196 737
196 738
196 739
196 743
196 745
196 748
196 752
196 754
196 757
196 759
196 761
196 762
196 764
196 767
196 768
196 769
196 771
196 772
196 773
196 774
196 775
196 776
196 777
196 782
196 783
196 784
196 785
196 786
196 787
196 788
196 789
196 793
196 796
196 797
196 798
196 800
197 402
197 403
197 404
197 405
197 406
197 410
197 411
197 414
197 419
197 423
197 424
197 428
197 429
197 430
197 431
197 433
197 434
197 437
197 438
197 439
197 444
197 447
197 449
197 451
197 453
197 454
197 456
197 460
197 464
197 465
197 473
197 474
197 475
197 476
197 477
197 480
197 483
197 484
197 485
197 487
197 488
197 489
197 491
197 492
197 493
197 494
197 495
197 499
197 502
197 503
197 504
197 505
197 506
197 513
197 514
197 515
197 516
197 517
197 518
197 520
197 521
197 522
197 523
197 525
197 526
197 527
197 532
197 533
197 535
197 538
197 541
197 543
197 545
197 546
197 547
197 549
197 550
197 552
197 553
197 556
197 557
197 558
197 560
197 562
197 567
197 568
197 570
197 571
197 572
197 573
197 574
197 576
197 578
197 581
197 583
197 585
197 587
197 590
197 591
197 593
197 595
197 596
197 598
197 602
197 604
197 605
197 606
197 608
197 610
197 612
197 613
197 614
197 615
197 617
197 620
197 621
197 622
197 626
197 627
197 628
197 630
197 631
197 633
197 635
197 636
197 638
197 640
197 641
197 643
197 644
197 645
197 647
197 649
197 650
197 654
197 659
197 660
197 663
197 665
197 666
197 667
197 668
197 670
197 672
197 677
197 681
197 682
197 683
197 685
197 688
197 690
197 691
197 694
197 695
197 698
197 700
197 703
197 704
197 705
197 706
197 707
197 709
197 711
197 714
197 715
197 719
197 720
197 721
197 722
197 723
197 724
197 725
197 726
197 727
197 729
197 730
197 731
197 732
197 733
197 736
197 737
197 740
197 741
197 743
197 744
197 746
197 748
197 750
197 751
197 758
197 760
197 767
197 770
197 771
197 772
197 773
197 774
197 775
197 779
197 781
197 784
197 786
197 787
197 790
197 791
197 792
197 798
197 799
198 403
198 405
198 410
198 411
198 412
198 413
198 414
198 415
198 417
198 419
198 424
198 425
198 426
198 427
198 428
198 430
198 431
198 432
198 433
198 439
198 441
198 445
198 446
198 447
198 451
198 456
198 457
198 459
198 460
198 461
198 464
198 465
198 466
198 467
198 470
198 472
198 473
198 476
198 477
198 486
198 488
198 490
198 493
198 495
198 496
198 500
198 501
198 502
198 503
198 504
198 506
198 508
198 514
198 515
198 517
198 518
198 519
198 520
198 523
198 524
198 525
198 526
198 528
198 529
198 531
198 532
198 533
198 535
198 537
198 539
198 542
198 543
198 544
198 546
198 547
198 551
198 553
198 555
198 556
198 558
198 559
198 566
198 568
198 569
198 570
198 571
198 578
198 579
198 580
198 583
198 585
198 588
198 590
198 591
198 592
198 595
198 599
198 603
198 605
198 606
198 610
198 611
198 612
198 613
198 615
198 616
198 617
198 621
198 622
198 623
198 625
198 626
198 628
198 629
198 630
198 631
198 633
198 635
198 637
198 638
198 639
198 645
198 646
198 648
198 649
198 651
198 655
198 656
198 659
198 662
198 669
198 672
198 673
198 674
198 679
198 683
198 684
198 685
198 690
198 691
198 693
198 694
198 697
198 701
198 704
198 706
198 708
198 709
198 713
198 718
198 721
198 723
198 724
198 725
198 726
198 728
198 730
198 732
198 735
198 736
198 738
198 740
198 741
198 742
198 743
198 745
198 748
198 749
198 751
198 752
198 755
198 757
198 758
198 759
198 760
198 761
198 762
198 763
198 764
198 765
198 767
198 768
198 769
198 770
198 771
198 772
198 773
198 774
198 775
198 776
198 777
198 779
198 780
198 781
198 783
198 784
198 786
198 787
198 788
198 789
198 791
198 793
198 795
198 797
198 798
198 799
199 401
199 402
199 404
199 405
199 410
199 411
199 414
199 417
199 419
199 424
199 425
199 426
199 427
199 428
199 431
199 435
199 441
199 443
199 444
199 445
199 447
199 452
199 455
199 458
199 460
199 461
199 462
199 464
199 472
199 474
199 475
199 478
199 479
199 480
199 483
199 486
199 487
199 497
199 501
199 502
199 503
199 505
199 506
199 509
199 515
199 518
199 519
199 521
199 523
199 525
199 526
199 527
199 528
199 530
199 532
199 533
199 534
199 536
199 538
199 544
199 546
199 548
199 551
199 561
199 562
199 566
199 567
199 571
199 572
199 573
199 574
199 576
199 577
199 579
199 580
199 581
199 583
199 590
199 594
199 595
199 596
199 598
199 602
199 603
199 606
199 607
199 609
199 610
199 611
199 618
199 619
199 622
199 623
199 625
199 626
199 627
199 629
199 630
199 633
199 634
199 636
199 637
199 640
199 641
199 642
199 643
199 645
199 646
199 650
199 651
199 653
199 656
199 659
199 661
199 665
199 666
199 670
199 671
199 673
199 674
199 675
199 676
199 680
199 681
199 682
199 683
199 684
199 685
199 686
199 688
199 689
199 690
199 692
199 694
199 696
199 700
199 701
199 703
199 705
199 708
199 710
199 711
199 712
199 713
199 715
199 716
199 719
199 722
199 724
199 725
199 729
199 730
199 731
199 732
199 734
199 736
199 737
199 738
199 739
199 740
199 742
199 743
199 747
199 748
199 749
199 750
199 751
199 752
199 753
199 754
199 755
199 756
199 758
199 760
199 764
199 766
199 767
199 770
199 772
199 776
199 777
199 778
199 785
199 789
199 791
199 793
199 794
199 796
199 800
200 403
200 404
200 408
200 410
200 411
200 413
200 414
200 416
200 417
200 418
200 420
200 422
200 428
200 429
200 432
200 436
200 437
200 438
200 439
200 441
200 443
200 444
200 446
200 447
200 450
200 451
200 452
200 454
200 456
200 457
200 458
200 459
200 460
200 464
200 465
200 466
200 470
200 474
200 477
200 478
200 479
200 480
200 484
200 486
200 489
200 490
200 492
200 496
200 497
200 498
200 499
200 500
200 501
200 503
200 507
200 509
200 510
200 511
200 512
200 513
200 514
200 515
200 520
200 525
200 526
200 528
200 533
200 535
200 536
200 537
200 538
200 540
200 541
200 545
200 548
200 549
200 551
200 553
200 554
200 556
200 557
200 558
200 563
200 565
200 568
200 571
200 572
200 576
200 577
200 578
200 580
200 581
200 582
200 583
200 585
200 586
200 590
200 599
200 600
200 601
200 604
200 606
200 607
200 608
200 609
200 612
200 613
200 614
200 615
200 621
200 623
200 625
200 627
200 628
200 630
200 632
200 633
200 634
200 635
200 636
200 640
200 642
200 644
200 645
200 650
200 652
200 653
200 654
200 655
200 656
200 659
200 661
200 662
200 664
200 666
200 669
200 672
200 673
200 675
200 681
200 684
200 686
200 689
200 690
200 692
200 695
200 698
200 701
200 702
200 703
200 709
200 719
200 720
200 726
200 727
200 732
200 733
200 735
200 737
200 741
200 743
200 745
200 746
200 751
200 753
200 754
200 758
200 760
200 762
200 764
200 770
200 771
200 773
200 777
200 778
200 781
200 784
200 785
200 786
200 787
200 790
200 793
200 794
200 795
200 796
200 798
200 800
201 401
201 403
201 405
201 406
201 408
201 409
201 415
201 417
201 419
201 421
201 422
201 425
201 427
201 429
201 430
201 432
201 434
201 438
201 439
201 440
201 441
201 443
201 445
201 446
201 447
201 448
201 449
201 453
201 455
201 457
201 458
201 460
201 461
201 463
201 464
201 465
201 466
201 468
201 469
201 472
201 474
201 475
201 476
201 477
201 478
201 481
201 485
201 487
201 488
201 489
201 490
201 491
201 492
201 494
201 496
201 497
201 498
201 500
201 501
201 502
201 503
201 504
201 508
201 512
201 513
201 515
201 516
201 517
201 520
201 522
201 525
201 528
201 529
201 531
201 533
201 534
201 535
201 539
201 540
201 541
201 543
201 544
201 545
201 546
201 547
201 551
201 552
201 553
201 554
201 555
201 558
201 561
201 563
201 564
201 565
201 569
201 570
201 573
201 574
201 577
201 578
201 580
201 581
201 582
201 588
201 589
201 590
201 594
201 595
201 597
201 598
201 600
201 601
201 603
201 605
201 606
201 609
201 610
201 611
201 612
201 615
201 616
201 617
201 618
201 619
201 620
201 621
201 622
201 623
201 624
201 627
201 630
201 635
201 638
201 639
201 641
201 643
201 645
201 646
201 648
201 655
201 656
201 657
201 658
201 661
201 662
201 663
201 664
201 665
201 667
201 668
201 669
201 673
201 674
201 676
201 679
201 680
201 687
201 689
201 690
201 691
201 697
201 702
201 704
201 710
201 719
201 720
201 722
201 725
201 726
201 729
201 731
201 733
201 734
201 736
201 737
201 739
201 740
201 741
201 743
201 744
201 745
201 748
201 750
201 752
201 758
201 759
201 761
201 762
201 763
201 764
201 765
201 767
201 769
201 772
201 774
201 775
201 776
201 777
201 779
201 782
201 783
201 785
201 787
201 788
201 789
201 792
201 794
201 796
201 797
201 800
202 401
202 402
202 404
202 406
202 408
202 410
202 411
202 413
202 414
202 416
202 417
202 419
202 420
202 421
202 424
202 426
202 427
202 428
202 431
202 432
202 436
202 437
202 438
202 439
202 442
202 443
202 444
202 449
202 451
202 453
202 454
202 455
202 459
202 460
202 467
202 472
202 474
202 476
202 480
202 485
202 486
202 489
202 491
202 492
202 493
202 494
202 498
202 499
202 501
202 503
202 505
202 508
202 509
202 511
202 512
202 513
202 515
202 517
202 520
202 522
202 524
202 525
202 526
202 528
202 532
202 535
202 537
202 540
202 541
202 542
202 543
202 544
202 546
202 548
202 549
202 554
202 555
202 556
202 559
202 560
202 567
202 568
202 569
202 571
202 572
202 575
202 576
202 577
202 579
202 580
202 581
202 583
202 584
202 586
202 591
202 594
202 595
202 596
202 597
202 598
202 599
202 601
202 603
202 605
202 607
202 609
202 610
202 614
202 620
202 623
202 625
202 628
202 629
202 632
202 636
202 637
202 642
202 647
202 648
202 650
202 651
202 654
202 655
202 656
202 658
202 659
202 660
202 663
202 664
202 666
202 669
202 672
202 673
202 676
202 678
202 679
202 680
202 682
202 683
202 684
202 685
202 686
202 687
202 688
202 689
202 690
202 692
202 697
202 703
202 704
202 706
202 709
202 711
202 712
202 713
202 714
202 715
202 718
202 720
202 722
202 723
202 724
202 725
202 726
202 727
202 731
202 733
202 736
202 737
202 738
202 741
202 742
202 743
202 744
202 745
202 746
202 747
202 748
202 749
202 750
202 752
202 753
202 756
202 757
202 758
202 760
202 763
202 764
202 769
202 771
202 774
202 777
202 778
202 779
202 780
202 781
202 782
202 784
202 786
202 787
202 788
202 790
202 793
202 794
202 795
202 798
202 799
203 402
203 410
203 411
203 412
203 413
203 415
203 416
203 421
203 425
203 429
203 430
203 431
203 433
203 435
203 436
203 437
203 439
203 440
203 441
203 443
203 444
203 447
203 453
203 456
203 457
203 459
203 460
203 462
203 464
203 466
203 467
203 469
203 470
203 471
203 472
203 473
203 474
203 476
203 477
203 478
203 479
203 484
203 485
203 486
203 487
203 489
203 490
203 493
203 495
203 497
203 498
203 499
203 501
203 502
203 505
203 506
203 507
203 509
203 510
203 511
203 514
203 516
203 517
203 519
203 520
203 521
203 522
203 524
203 527
203 531
203 532
203 533
203 534
203 541
203 542
203 543
203 545
203 546
203 547
203 549
203 550
203 552
203 553
203 555
203 558
203 561
203 562
203 563
203 564
203 568
203 572
203 575
203 577
203 578
203 579
203 581
203 583
203 584
203 585
203 587
203 588
203 589
203 590
203 591
203 594
203 595
203 602
203 603
203 604
203 605
203 607
203 611
203 613
203 617
203 619
203 620
203 621
203 622
203 623
203 625
203 626
203 629
203 632
203 633
203 634
203 635
203 640
203 642
203 644
203 645
203 647
203 648
203 649
203 650
203 651
203 652
203 653
203 654
203 655
203 656
203 661
203 663
203 664
203 665
203 670
203 671
203 672
203 676
203 678
203 680
203 683
203 684
203 688
203 689
203 693
203 698
203 699
203 700
203 701
203 702
203 703
203 711
203 712
203 713
203 714
203 715
203 716
203 717
203 718
203 722
203 724
203 725
203 726
203 729
203 732
203 738
203 739
203 741
203 747
203 748
203 749
203 755
203 756
203 757
203 758
203 762
203 763
203 764
203 765
203 766
203 767
203 768
203 769
203 772
203 774
203 776
203 780
203 782
203 783
203 784
203 785
203 786
203 787
203 788
203 790
203 795
203 796
203 799
203 800
204 401
204 404
204 406
204 408
204 413
204 414
204 415
204 417
204 420
204 422
204 424
204 425
204 427
204 428
204 430
204 431
204 432
204 434
204 435
204 436
204 437
204 440
204 442
204 443
204 444
204 445
204 446
204 447
204 449
204 453
204 454
204 457
204 460
204 462
204 463
204 464
204 465
204 466
204 468
204 469
204 471
204 475
204 477
204 479
204 481
204 482
204 483
204 484
204 485
204 486
204 487
204 490
204 491
204 492
204 496
204 498
204 500
204 503
204 504
204 505
204 506
204 508
204 509
204 514
204 517
204 518
204 521
204 522
204 523
204 527
204 529
204 530
204 532
204 534
204 535
204 536
204 537
204 538
204 540
204 541
204 542
204 543
204 544
204 550
204 551
204 552
204 553
204 555
204 558
204 560
204 562
204 566
204 571
204 573
204 575
204 580
204 585
204 586
204 587
204 590
204 592
204 593
204 594
204 595
204 597
204 598
204 599
204 602
204 604
204 606
204 615
204 618
204 619
204 620
204 623
204 624
204 627
204 629
204 630
204 632
204 634
204 636
204 637
204 639
204 645
204 649
204 650
204 654
204 655
204 658
204 660
204 661
204 662
204 664
204 666
204 668
204 669
204 671
204 676
204 679
204 680
204 688
204 689
204 692
204 693
204 696
204 699
204 700
204 701
204 705
204 706
204 709
204 710
204 711
204 713
204 714
204 715
204 719
204 720
204 725
204 727
204 728
204 729
204 730
204 731
204 733
204 734
204 737
204 744
204 746
204 747
204 748
204 752
204 753
204 756
204 757
204 758
204 760
204 762
204 764
204 765
204 767
204 768
204 771
204 776
204 777
204 779
204 780
204 781
204 784
204 790
204 793
204 794
204 795
204 796
204 797
204 798
204 800
205 401
205 402
205 403
205 404
205 406
205 407
205 410
205 413
205 417
205 418
205 419
205 425
205 426
205 429
205 430
205 431
205 433
205 434
205 435
205 439
205 441
205 444
205 445
205 446
205 447
205 449
205 450
205 451
205 452
205 453
205 454
205 456
205 458
205 459
205 460
205 461
205 465
205 468
205 471
205 472
205 477
205 481
205 482
205 485
205 490
205 493
205 496
205 502
205 503
205 504
205 506
205 508
205 509
205 510
205 512
205 513
205 514
205 521
205 522
205 523
205 526
205 528
205 530
205 533
205 536
205 538
205 539
205 540
205 543
205 546
205 549
205 552
205 553
205 555
205 556
205 557
205 559
205 561
205 564
205 565
205 567
205 570
205 571
205 577
205 578
205 579
205 580
205 582
205 584
205 585
205 586
205 587
205 593
205 594
205 596
205 599
205 600
205 602
205 603
205 605
205 607
205 608
205 610
205 611
205 612
205 614
205 615
205 616
205 617
205 619
205 620
205 622
205 623
205 625
205 626
205 629
205 630
205 631
205 632
205 634
205 637
205 642
205 645
205 647
205 648
205 649
205 650
205 651
205 652
205 655
205 656
205 657
205 660
205 661
205 662
205 663
205 664
205 665
205 666
205 668
205 670
205 671
205 672
205 673
205 675
205 680
205 681
205 683
205 684
205 685
205 686
205 689
205 691
205 692
205 693
205 694
205 695
205 696
205 697
205 698
205 699
205 700
205 701
205 702
205 703
205 705
205 707
205 708
205 709
205 710
205 712
205 713
205 716
205 717
205 718
205 719
205 720
205 721
205 722
205 726
205 727
205 728
205 729
205 731
205 732
205 733
205 734
205 736
205 738
205 739
205 740
205 742
205 743
205 744
205 746
205 747
205 748
205 749
205 752
205 753
205 754
205 759
205 760
205 763
205 766
205 769
205 770
205 772
205 777
205 778
205 780
205 781
205 784
205 788
205 789
205 790
205 793
205 794
205 796
205 797
205 798
205 799
205 800
206 402
206 403
206 405
206 406
206 411
206 412
206 416
206 417
206 418
206 419
206 420
206 425
206 428
206 429
206 431
206 432
206 434
206 435
206 436
206 437
206 438
206 439
206 441
206 447
206 449
206 450
206 453
206 454
206 455
206 456
206 457
206 458
206 462
206 463
206 465
206 466
206 467
206 468
206 471
206 473
206 475
206 476
206 480
206 481
206 483
206 484
206 486
206 489
206 493
206 496
206 498
206 501
206 505
206 507
206 508
206 509
206 510
206 511
206 513
206 517
206 521
206 523
206 524
206 526
206 529
206 531
206 533
206 535
206 536
206 540
206 542
206 543
206 544
206 546
206 548
206 549
206 555
206 556
206 557
206 558
206 559
206 561
206 564
206 566
206 567
206 569
206 570
206 573
206 575
206 576
206 577
206 579
206 582
206 584
206 586
206 587
206 588
206 590
206 591
206 594
206 595
206 597
206 599
206 600
206 601
206 603
206 604
206 608
206 610
206 612
206 614
206 615
206 617
206 619
206 620
206 622
206 627
206 628
206 630
206 632
206 633
206 634
206 636
206 638
206 640
206 643
206 646
206 647
206 649
206 650
206 651
206 652
206 653
206 655
206 656
206 658
206 663
206 666
206 667
206 674
206 676
206 678
206 681
206 684
206 686
206 688
206 689
206 690
206 694
206 695
206 697
206 698
206 699
206 700
206 701
206 703
206 704
206 711
206 714
206 716
206 717
206 720
206 721
206 724
206 726
206 729
206 730
206 732
206 734
206 738
206 739
206 740
206 744
206 745
206 746
206 749
206 750
206 751
206 755
206 756
206 757
206 760
206 761
206 766
206 767
206 768
206 772
206 777
206 779
206 783
206 784
206 788
206 789
206 793
206 795
206 796
206 798
206 800
207 401
207 402
207 408
207 410
207 414
207 416
207 417
207 418
207 419
207 420
207 421
207 422
207 423
207 424
207 427
207 428
207 429
207 430
207 431
207 433
207 434
207 436
207 437
207 438
207 439
207 440
207 441
207 447
207 448
207 450
207 451
207 452
207 453
207 455
207 458
207 459
207 463
207 467
207 468
207 470
207 472
207 475
207 479
207 480
207 483
207 487
207 488
207 490
207 491
207 495
207 499
207 501
207 502
207 504
207 508
207 509
207 510
207 511
207 513
207 521
207 524
207 525
207 526
207 527
207 530
207 531
207 533
207 534
207 542
207 543
207 545
207 546
207 551
207 553
207 554
207 555
207 557
207 558
207 559
207 560
207 561
207 569
207 570
207 575
207 578
207 581
207 585
207 586
207 589
207 590
207 592
207 595
207 596
207 598
207 601
207 603
207 604
207 606
207 607
207 609
207 610
207 611
207 612
207 613
207 614
207 615
207 616
207 617
207 619
207 620
207 621
207 622
207 625
207 632
207 633
207 634
207 639
207 641
207 642
207 644
207 645
207 647
207 649
207 650
207 654
207 655
207 656
207 659
207 660
207 664
207 668
207 669
207 671
207 672
207 674
207 675
207 676
207 677
207 679
207 681
207 682
207 683
207 685
207 692
207 694
207 696
207 698
207 701
207 703
207 708
207 709
207 710
207 711
207 715
207 719
207 721
207 722
207 723
207 729
207 732
207 734
207 735
207 737
207 738
207 739
207 742
207 743
207 744
207 746
207 747
207 748
207 751
207 754
207 756
207 757
207 758
207 759
207 760
207 761
207 765
207 767
207 771
207 772
207 775
207 777
207 778
207 780
207 781
207 792
207 795
207 797
207 798
207 799
208 402
208 403
208 405
208 406
208 407
208 408
208 409
208 412
208 413
208 416
208 417
208 418
208 419
208 424
208 426
208 427
208 428
208 430
208 431
208 432
208 433
208 438
208 440
208 442
208 444
208 445
208 446
208 449
208 450
208 453
208 454
208 456
208 457
208 459
208 460
208 461
208 462
208 465
208 466
208 469
208 470
208 471
208 472
208 474
208 476
208 477
208 478
208 479
208 480
208 489
208 491
208 493
208 494
208 495
208 498
208 499
208 502
208 506
208 507
208 511
208 513
208 514
208 518
208 519
208 520
208 521
208 526
208 532
208 533
208 535
208 536
208 538
208 539
208 541
208 544
208 545
208 546
208 547
208 548
208 549
208 550
208 551
208 552
208 555
208 558
208 561
208 563
208 564
208 567
208 568
208 570
208 571
208 573
208 574
208 575
208 581
208 583
208 587
208 588
208 589
208 591
208 594
208 595
208 597
208 598
208 601
208 602
208 603
208 604
208 605
208 608
208 609
208 612
208 617
208 618
208 622
208 623
208 625
208 627
208 628
208 631
208 632
208 633
208 634
208 635
208 636
208 639
208 640
208 641
208 642
208 643
208 645
208 646
208 648
208 651
208 655
208 656
208 659
208 663
208 668
208 670
208 671
208 673
208 675
208 676
208 677
208 690
208 692
208 695
208 696
208 697
208 698
208 699
208 700
208 702
208 705
208 710
208 713
208 714
208 719
208 721
208 723
208 725
208 726
208 729
208 731
208 733
208 735
208 736
208 741
208 743
208 748
208 756
208 759
208 767
208 770
208 772
208 773
208 774
208 776
208 780
208 781
208 783
208 784
208 788
208 789
208 791
208 792
208 794
208 795
208 797
208 799
208 800
209 401
209 402
209 403
209 404
209 406
209 408
209 413
209 416
209 417
209 419
209 421
209 422
209 427
209 428
209 429
209 432
209 433
209 434
209 436
209 438
209 441
209 442
209 443
209 447
209 450
209 451
209 455
209 456
209 457
209 459
209 460
209 461
209 465
209 466
209 468
209 469
209 470
209 471
209 472
209 473
209 474
209 475
209 476
209 478
209 481
209 483
209 484
209 488
209 489
209 491
209 498
209 500
209 501
209 502
209 503
209 505
209 507
209 508
209 509
209 510
209 511
209 512
209 515
209 518
209 519
209 520
209 521
209 523
209 526
209 528
209 529
209 530
209 531
209 534
209 535
209 536
209 538
209 539
209 543
209 544
209 547
209 548
209 549
209 552
209 553
209 554
209 555
209 558
209 559
209 560
209 562
209 563
209 564
209 565
209 567
209 568
209 575
209 576
209 578
209 582
209 584
209 586
209 588
209 589
209 592
209 593
209 596
209 598
209 600
209 601
209 607
209 610
209 611
209 614
209 617
209 618
209 623
209 625
209 627
209 629
209 630
209 632
209 633
209 636
209 639
209 640
209 641
209 645
209 647
209 648
209 650
209 651
209 652
209 656
209 660
209 662
209 663
209 666
209 670
209 672
209 673
209 677
209 678
209 682
209 683
209 684
209 687
209 688
209 691
209 694
209 695
209 696
209 697
209 698
209 700
209 705
209 706
209 710
209 711
209 712
209 714
209 718
209 719
209 723
209 726
209 727
209 728
209 729
209 730
209 731
209 732
209 733
209 736
209 737
209 738
209 740
209 742
209 743
209 747
209 749
209 750
209 752
209 753
209 754
209 755
209 759
209 761
209 765
209 767
209 768
209 771
209 773
209 774
209 775
209 776
209 777
209 779
209 782
209 783
209 785
209 786
209 787
209 788
209 791
209 793
209 794
209 796
210 401
210 402
210 406
210 408
210 409
210 412
210 414
210 415
210 416
210 417
210 421
210 422
210 423
210 424
210 425
210 427
210 429
210 430
210 433
210 437
210 440
210 446
210 448
210 449
210 450
210 451
210 452
210 454
210 455
210 458
210 465
210 466
210 467
210 470
210 473
210 474
210 475
210 476
210 477
210 478
210 480
210 486
210 487
210 489
210 491
210 492
210 493
210 496
210 497
210 498
210 499
210 500
210 502
210 505
210 506
210 508
210 511
210 513
210 517
210 520
210 521
210 523
210 524
210 527
210 528
210 530
210 532
210 534
210 539
210 540
210 542
210 544
210 545
210 547
210 550
210 551
210 554
210 555
210 556
210 557
210 558
210 563
210 564
210 568
210 570
210 571
210 572
210 574
210 575
210 576
210 577
210 579
210 580
210 581
210 582
210 584
210 585
210 588
210 589
210 592
210 593
210 594
210 598
210 601
210 603
210 607
210 610
210 613
210 614
210 617
210 619
210 620
210 621
210 622
210 623
210 626
210 628
210 632
210 634
210 635
210 639
210 640
210 641
210 642
210 643
210 644
210 645
210 647
210 648
210 649
210 654
210 655
210 656
210 658
210 659
210 663
210 665
210 666
210 668
210 670
210 673
210 675
210 676
210 678
210 684
210 685
210 686
210 687
210 689
210 690
210 693
210 697
210 698
210 699
210 700
210 701
210 702
210 704
210 706
210 708
210 711
210 712
210 715
210 716
210 717
210 718
210 721
210 723
210 724
210 726
210 727
210 728
210 729
210 732
210 733
210 736
210 737
210 743
210 746
210 747
210 750
210 751
210 754
210 756
210 758
210 759
210 761
210 763
210 765
210 766
210 767
210 771
210 772
210 774
210 776
210 779
210 780
210 781
210 782
210 785
210 788
210 789
210 791
210 792
210 793
210 794
210 795
210 796
210 799
211 402
211 406
211 410
211 411
211 413
211 415
211 416
211 418
211 420
211 424
211 426
211 429
211 431
211 432
211 433
211 434
211 436
211 438
211 439
211 444
211 450
211 452
211 453
211 457
211 459
211 460
211 462
211 463
211 466
211 468
211 469
211 474
211 475
211 476
211 478
211 480
211 482
211 485
211 489
211 490
211 491
211 494
211 499
211 500
211 501
211 503
211 505
211 506
211 508
211 510
211 511
211 512
211 515
211 516
211 517
211 519
211 521
211 522
211 524
211 526
211 530
211 533
211 539
211 540
211 542
211 543
211 544
211 545
211 547
211 548
211 551
211 552
211 553
211 554
211 555
211 556
211 559
211 560
211 566
211 567
211 568
211 570
211 571
211 573
211 575
211 577
211 578
211 582
211 590
211 596
211 598
211 599
211 601
211 602
211 604
211 605
211 610
211 614
211 616
211 617
211 619
211 620
211 624
211 628
211 631
211 632
211 634
211 635
211 636
211 637
211 638
211 640
211 645
211 646
211 648
211 649
211 650
211 653
211 654
211 655
211 657
211 658
211 661
211 665
211 666
211 667
211 669
211 670
211 671
211 672
211 674
211 675
211 677
211 679
211 680
211 682
211 683
211 684
211 686
211 688
211 693
211 696
211 701
211 702
211 703
211 707
211 709
211 713
211 715
211 717
211 718
211 720
211 722
211 725
211 726
211 727
211 728
211 730
211 733
211 736
211 739
211 740
211 741
211 744
211 745
211 746
211 747
211 748
211 749
211 751
211 752
211 755
211 756
211 759
211 765
211 766
211 767
211 770
211 771
211 773
211 776
211 782
211 783
211 785
211 786
211 789
211 793
211 795
211 796
212 401
212 405
212 406
212 410
212 411
212 412
212 414
212 415
212 416
212 417
212 421
212 423
212 424
212 425
212 428
212 431
212 432
212 433
212 434
212 436
212 437
212 438
212 439
212 440
212 441
212 442
212 443
212 445
212 447
212 449
212 450
212 452
212 454
212 456
212 460
212 463
212 464
212 466
212 468
212 469
212 472
212 473
212 474
212 475
212 476
212 477
212 478
212 479
212 480
212 482
212 484
212 485
212 488
212 491
212 492
212 494
212 495
212 497
212 498
212 500
212 501
212 502
212 506
212 508
212 511
212 517
212 518
212 519
212 520
212 521
212 522
212 523
212 525
212 526
212 527
212 528
212 532
212 533
212 534
212 537
212 540
212 541
212 542
212 543
212 544
212 547
212 548
212 549
212 550
212 552
212 553
212 554
212 556
212 559
212 562
212 563
212 564
212 565
212 567
212 568
212 570
212 571
212 577
212 580
212 581
212 587
212 588
212 589
212 599
212 600
212 601
212 604
212 605
212 607
212 609
212 611
212 613
212 619
212 620
212 621
212 624
212 628
212 630
212 631
212 633
212 635
212 636
212 639
212 641
212 645
212 650
212 654
212 655
212 657
212 658
212 662
212 666
212 668
212 670
212 671
212 672
212 674
212 677
212 683
212 687
212 688
212 691
212 693
212 696
212 697
212 698
212 702
212 704
212 707
212 708
212 709
212 710
212 711
212 714
212 716
212 720
212 721
212 723
212 726
212 727
212 728
212 729
212 730
212 732
212 734
212 735
212 736
212 737
212 741
212 742
212 746
212 747
212 748
212 750
212 751
212 752
212 754
212 758
212 760
212 761
212 762
212 765
212 766
212 767
212 768
212 769
212 772
212 773
212 775
212 776
212 778
212 779
212 780
212 781
212 782
212 784
212 791
212 792
212 793
212 795
212 797
212 798
212 799
213 401
213 406
213 408
213 409
213 414
213 415
213 417
213 419
213 422
213 434
213 436
213 439
213 440
213 445
213 447
213 448
213 450
213 451
213 452
213 453
213 454
213 459
213 462
213 463
213 464
213 465
213 466
213 467
213 468
213 469
213 474
213 475
213 478
213 479
213 481
213 482
213 483
213 487
213 491
213 492
213 494
213 500
213 503
213 506
213 507
213 511
213 513
213 514
213 515
213 517
213 520
213 522
213 524
213 531
213 532
213 536
213 537
213 541
213 542
213 543
213 544
213 545
213 547
213 548
213 549
213 552
213 555
213 559
213 560
213 562
213 567
213 569
213 570
213 571
213 573
213 575
213 578
213 581
213 583
213 585
213 586
213 588
213 589
213 591
213 592
213 594
213 599
213 600
213 601
213 605
213 608
213 611
213 613
213 616
213 617
213 618
213 623
213 626
213 627
213 630
213 631
213 632
213 633
213 635
213 636
213 637
213 638
213 639
213 641
213 642
213 643
213 647
213 648
213 649
213 650
213 651
213 652
213 654
213 656
213 657
213 658
213 661
213 662
213 667
213 668
213 670
213 671
213 672
213 674
213 675
213 678
213 679
213 680
213 681
213 682
213 683
213 687
213 689
213 691
213 692
213 693
213 697
213 698
213 702
213 703
213 709
213 710
213 715
213 717
213 718
213 720
213 721
213 723
213 727
213 728
213 730
213 731
213 732
213 733
213 735
213 736
213 737
213 739
213 740
213 741
213 743
213 744
213 746
213 750
213 755
213 758
213 760
213 762
213 766
213 774
213 782
213 785
213 787
213 789
213 791
213 793
213 794
213 796
213 797
213 800
214 401
214 407
214 410
214 412
214 415
214 416
214 419
214 420
214 421
214 422
214 426
214 429
214 431
214 432
214 436
214 439
214 441
214 443
214 444
214 445
214 447
214 448
214 449
214 451
214 452
214 453
214 454
214 455
214 458
214 459
214 460
214 461
214 462
214 464
214 465
214 466
214 468
214 469
214 471
214 472
214 474
214 476
214 480
214 481
214 482
214 484
214 485
214 486
214 488
214 490
214 495
214 496
214 498
214 500
214 501
214 503
214 506
214 507
214 508
214 510
214 512
214 513
214 514
214 515
214 516
214 517
214 518
214 520
214 521
214 525
214 529
214 530
214 531
214 532
214 533
214 535
214 537
214 538
214 539
214 541
214 542
214 545
214 547
214 549
214 551
214 552
214 555
214 556
214 558
214 560
214 562
214 564
214 567
214 568
214 569
214 570
214 571
214 572
214 573
214 576
214 580
214 581
214 584
214 586
214 587
214 588
214 589
214 590
214 592
214 594
214 595
214 596
214 601
214 605
214 606
214 610
214 613
214 615
214 617
214 618
214 619
214 620
214 621
214 624
214 626
214 632
214 633
214 635
214 637
214 641
214 642
214 644
214 647
214 648
214 649
214 650
214 652
214 653
214 654
214 655
214 656
214 657
214 662
214 664
214 666
214 667
214 670
214 674
214 677
214 678
214 679
214 680
214 682
214 683
214 688
214 691
214 692
214 695
214 696
214 698
214 700
214 701
214 705
214 710
214 714
214 717
214 718
214 720
214 722
214 725
214 726
214 729
214 730
214 731
214 732
214 736
214 739
214 742
214 745
214 748
214 750
214 751
214 752
214 753
214 755
214 757
214 760
214 763
214 768
214 769
214 771
214 775
214 776
214 777
214 778
214 781
214 782
214 785
214 786
214 787
214 788
214 790
214 793
214 794
214 795
214 797
215 404
215 405
215 408
215 409
215 411
215 414
215 417
215 418
215 419
215 422
215 423
215 427
215 429
215 430
215 432
215 433
215 435
215 436
215 438
215 441
215 442
215 444
215 446
215 447
215 448
215 449
215 450
215 451
215 452
215 454
215 456
215 457
215 461
215 464
215 468
215 470
215 472
215 473
215 480
215 485
215 487
215 488
215 489
215 490
215 491
215 492
215 495
215 496
215 499
215 501
215 502
215 506
215 509
215 512
215 516
215 517
215 518
215 519
215 521
215 522
215 525
215 528
215 529
215 532
215 533
215 534
215 535
215 536
215 537
215 538
215 539
215 541
215 545
215 546
215 553
215 554
215 556
215 558
215 563
215 564
215 566
215 567
215 569
215 571
215 574
215 578
215 581
215 582
215 585
215 586
215 588
215 592
215 595
215 596
215 601
215 604
215 606
215 608
215 610
215 613
215 614
215 615
215 619
215 624
215 626
215 627
215 629
215 630
215 631
215 633
215 634
215 635
215 637
215 638
215 641
215 643
215 645
215 646
215 649
215 651
215 656
215 657
215 660
215 661
215 662
215 664
215 669
215 672
215 673
215 678
215 680
215 681
215 687
215 690
215 692
215 693
215 695
215 696
215 697
215 699
215 700
215 705
215 708
215 709
215 711
215 712
215 714
215 715
215 718
215 719
215 720
215 727
215 730
215 732
215 735
215 736
215 737
215 738
215 739
215 741
215 742
215 744
215 746
215 747
215 748
215 749
215 752
215 754
215 756
215 757
215 761
215 762
215 765
215 768
215 770
215 771
215 772
215 773
215 774
215 775
215 776
215 778
215 779
215 782
215 783
215 784
215 786
215 788
215 789
215 790
215 793
215 798
215 800
216 401
216 405
216 407
216 410
216 411
216 412
216 413
216 414
216 416
216 418
216 419
216 424
216 425
216 426
216 427
216 428
216 430
216 431
216 432
216 433
216 435
216 436
216 437
216 440
216 441
216 443
216 444
216 447
216 448
216 449
216 450
216 455
216 457
216 460
216 461
216 462
216 463
216 466
216 467
216 468
216 470
216 475
216 476
216 481
216 483
216 485
216 486
216 487
216 489
216 491
216 492
216 493
216 500
216 501
216 502
216 505
216 507
216 509
216 510
216 513
216 514
216 517
216 522
216 524
216 526
216 527
216 528
216 529
216 531
216 532
216 533
216 534
216 536
216 540
216 541
216 542
216 545
216 548
216 549
216 553
216 555
216 557
216 558
216 559
216 560
216 562
216 564
216 566
216 567
216 568
216 569
216 571
216 572
216 577
216 579
216 581
216 587
216 590
216 591
216 597
216 599
216 602
216 604
216 605
216 608
216 612
216 613
216 614
216 615
216 618
216 619
216 620
216 623
216 624
216 625
216 627
216 631
216 632
216 636
216 637
216 638
216 647
216 650
216 651
216 652
216 653
216 655
216 657
216 661
216 662
216 664
216 665
216 666
216 667
216 668
216 672
216 673
216 675
216 676
216 678
216 679
216 684
216 688
216 691
216 692
216 697
216 698
216 699
216 702
216 704
216 705
216 707
216 709
216 713
216 716
216 717
216 720
216 721
216 722
216 723
216 725
216 726
216 727
216 728
216 729
216 730
216 731
216 733
216 735
216 736
216 737
216 738
216 739
216 742
216 743
216 744
216 745
216 746
216 750
216 753
216 756
216 757
216 760
216 761
216 762
216 763
216 765
216 766
216 767
216 768
216 770
216 771
216 772
216 773
216 775
216 776
216 777
216 780
216 784
216 786
216 791
216 793
216 794
216 795
216 798
216 800
217 402
217 403
217 404
217 405
217 406
217 407
217 408
217 410
217 415
217 416
217 418
217 419
217 420
217 421
217 422
217 424
217 426
217 428
217 429
217 430
217 432
217 434
217 439
217 440
217 442
217 444
217 446
217 451
217 453
217 457
217 459
217 460
217 463
217 472
217 476
217 477
217 479
217 483
217 484
217 486
217 487
217 491
217 492
217 496
217 498
217 500
217 501
217 505
217 506
217 508
217 509
217 510
217 511
217 512
217 513
217 514
217 517
217 522
217 523
217 525
217 526
217 528
217 529
217 531
217 532
217 537
217 538
217 540
217 541
217 542
217 545
217 546
217 548
217 549
217 551
217 552
217 553
217 555
217 556
217 561
217 562
217 564
217 565
217 566
217 567
217 570
217 572
217 573
217 574
217 575
217 577
217 578
217 579
217 580
217 581
217 582
217 587
217 592
217 593
217 594
217 595
217 596
217 598
217 600
217 601
217 603
217 604
217 606
217 608
217 613
217 615
217 618
217 619
217 620
217 621
217 623
217 624
217 626
217 627
217 629
217 633
217 634
217 636
217 637
217 638
217 640
217 642
217 644
217 646
217 647
217 648
217 649
217 651
217 652
217 653
217 655
217 657
217 658
217 659
217 660
217 661
217 662
217 664
217 666
217 668
217 670
217 671
217 673
217 675
217 678
217 679
217 682
217 685
217 686
217 689
217 692
217 693
217 697
217 699
217 701
217 703
217 706
217 707
217 708
217 709
217 710
217 712
217 713
217 714
217 717
217 719
217 720
217 722
217 727
217 730
217 731
217 734
217 735
217 736
217 737
217 738
217 739
217 741
217 743
217 744
217 745
217 747
217 748
217 749
217 750
217 751
217 752
217 753
217 756
217 758
217 759
217 760
217 764
217 765
217 767
217 770
217 772
217 773
217 775
217 776
217 777
217 779
217 780
217 785
217 787
217 788
217 789
217 793
217 795
218 402
218 404
218 407
218 408
218 409
218 410
218 412
218 415
218 417
218 420
218 421
218 426
218 428
218 432
218 436
218 437
218 438
218 439
218 441
218 445
218 447
218 449
218 453
218 457
218 460
218 461
218 462
218 463
218 464
218 465
218 466
218 467
218 471
218 473
218 474
218 475
218 476
218 478
218 479
218 481
218 482
218 484
218 485
218 489
218 492
218 493
218 494
218 496
218 497
218 502
218 504
218 507
218 508
218 510
218 515
218 519
218 520
218 521
218 522
218 523
218 524
218 525
218 528
218 529
218 533
218 534
218 535
218 538
218 539
218 545
218 546
218 547
218 548
218 549
218 550
218 551
218 554
218 556
218 557
218 560
218 562
218 563
218 565
218 569
218 570
218 571
218 574
218 575
218 576
218 577
218 578
218 579
218 582
218 584
218 585
218 587
218 589
218 590
218 591
218 593
218 594
218 595
218 596
218 600
218 601
218 602
218 603
218 605
218 607
218 609
218 611
218 616
218 617
218 618
218 619
218 621
218 622
218 624
218 625
218 626
218 627
218 628
218 629
218 630
218 631
218 632
218 634
218 635
218 640
218 642
218 643
218 645
218 647
218 649
218 651
218 656
218 658
218 660
218 661
218 665
218 666
218 669
218 670
218 674
218 675
218 676
218 677
218 680
218 683
218 684
218 686
218 687
218 689
218 692
218 693
218 696
218 697
218 698
218 699
218 701
218 702
218 704
218 705
218 708
218 709
218 711
218 712
218 713
218 718
218 721
218 722
218 724
218 728
218 729
218 731
218 733
218 739
218 742
218 744
218 746
218 748
218 749
218 750
218 755
218 760
218 761
218 763
218 765
218 767
218 770
218 771
218 773
218 774
218 778
218 781
218 782
218 783
218 784
218 785
218 788
218 791
218 792
218 794
218 795
218 797
218 799
218 800
219 401
219 402
219 404
219 408
219 410
219 411
219 414
219 415
219 417
219 418
219 419
219 420
219 423
219 424
219 426
219 427
219 428
219 429
219 430
219 431
219 436
219 437
219 438
219 443
219 445
219 446
219 447
219 448
219 450
219 451
219 455
219 457
219 458
219 459
219 461
219 462
219 463
219 465
219 467
219 468
219 469
219 470
219 471
219 473
219 477
219 478
219 479
219 480
219 481
219 483
219 484
219 489
219 490
219 491
219 492
219 496
219 497
219 498
219 501
219 503
219 506
219 508
219 510
219 511
219 512
219 513
219 516
219 517
219 520
219 532
219 533
219 534
219 536
219 538
219 539
219 541
219 542
219 543
219 546
219 547
219 550
219 551
219 552
219 554
219 558
219 561
219 562
219 564
219 565
219 567
219 570
219 571
219 576
219 577
219 578
219 582
219 584
219 585
219 589
219 592
219 593
219 594
219 600
219 603
219 604
219 605
219 606
219 607
219 612
219 613
219 614
219 615
219 616
219 617
219 623
219 624
219 625
219 626
219 630
219 631
219 634
219 637
219 639
219 642
219 644
219 645
219 646
219 649
219 651
219 652
219 658
219 659
219 661
219 662
219 663
219 664
219 665
219 669
219 671
219 673
219 674
219 679
219 680
219 683
219 684
219 685
219 686
219 687
219 688
219 690
219 691
219 693
219 694
219 697
219 699
219 700
219 701
219 705
219 707
219 709
219 710
219 711
219 713
219 715
219 718
219 720
219 724
219 726
219 728
219 733
219 736
219 738
219 739
219 742
219 743
219 744
219 746
219 747
219 748
219 750
219 752
219 757
219 760
219 762
219 763
219 764
219 766
219 767
219 769
219 770
219 773
219 780
219 781
219 782
219 783
219 784
219 786
219 788
219 789
219 790
219 793
219 798
219 799
219 800
220 401
220 402
220 403
220 405
220 407
220 408
220 412
220 413
220 415
220 417
220 418
220 420
220 422
220 424
220 426
220 427
220 428
220 429
220 430
220 433
220 434
220 435
220 439
220 443
220 444
220 445
220 446
220 447
220 450
220 453
220 455
220 457
220 459
220 466
220 468
220 470
220 472
220 473
220 474
220 475
220 477
220 481
220 483
220 484
220 487
220 488
220 496
220 497
220 500
220 502
220 505
220 506
220 507
220 509
220 511
220 513
220 515
220 517
220 518
220 521
220 522
220 523
220 528
220 530
220 532
220 533
220 535
220 537
220 541
220 542
220 543
220 544
220 547
220 548
220 550
220 551
220 554
220 555
220 557
220 558
220 559
220 560
220 567
220 568
220 569
220 572
220 573
220 578
220 579
220 580
220 581
220 583
220 584
220 586
220 590
220 592
220 593
220 594
220 596
220 597
220 598
220 600
220 602
220 604
220 605
220 607
220 608
220 610
220 612
220 613
220 614
220 615
220 617
220 619
220 621
220 622
220 625
220 627
220 628
220 629
220 631
220 632
220 636
220 637
220 639
220 642
220 647
220 650
220 651
220 652
220 653
220 654
220 656
220 657
220 658
220 662
220 664
220 665
220 666
220 669
220 670
220 672
220 675
220 677
220 682
220 686
220 687
220 688
220 693
220 695
220 696
220 699
220 700
220 701
220 702
220 705
220 706
220 708
220 709
220 714
220 715
220 716
220 719
220 720
220 723
220 725
220 727
220 728
220 731
220 734
220 743
220 744
220 745
220 750
220 751
220 755
220 759
220 761
220 762
220 763
220 765
220 766
220 769
220 771
220 774
220 775
220 776
220 777
220 784
220 785
220 786
220 787
220 788
220 795
220 796
220 797
220 799
220 800
221 404
221 405
221 408
221 409
221 410
221 411
221 413
221 414
221 416
221 420
221 421
221 423
221 425
221 426
221 429
221 431
221 435
221 436
221 438
221 440
221 444
221 446
221 451
221 454
221 455
221 456
221 463
221 464
221 465
221 466
221 469
221 470
221 471
221 472
221 474
221 475
221 477
221 482
221 484
221 486
221 491
221 494
221 495
221 498
221 499
221 501
221 505
221 510
221 511
221 512
221 515
221 517
221 523
221 524
221 526
221 533
221 534
221 535
221 540
221 543
221 549
221 550
221 552
221 555
221 556
221 558
221 559
221 560
221 561
221 564
221 568
221 570
221 571
221 573
221 574
221 575
221 576
221 577
221 578
221 579
221 580
221 581
221 586
221 588
221 591
221 594
221 597
221 598
221 601
221 604
221 606
221 607
221 611
221 616
221 617
221 620
221 623
221 625
221 626
221 628
221 629
221 630
221 636
221 637
221 641
221 645
221 646
221 647
221 649
221 650
221 652
221 653
221 655
221 658
221 659
221 663
221 664
221 667
221 668
221 669
221 670
221 672
221 673
221 674
221 678
221 680
221 681
221 682
221 683
221 684
221 685
221 687
221 688
221 690
221 692
221 694
221 696
221 697
221 698
221 699
221 701
221 703
221 704
221 707
221 712
221 713
221 714
221 715
221 716
221 718
221 721
221 722
221 723
221 726
221 730
221 731
221 733
221 736
221 737
221 739
221 742
221 743
221 744
221 745
221 746
221 747
221 750
221 762
221 764
221 765
221 769
221 770
221 771
221 773
221 776
221 777
221 779
221 781
221 782
221 783
221 784
221 785
221 786
221 787
221 789
221 790
221 794
221 795
221 796
221 797
221 799
222 401
222 402
222 403
222 405
222 407
222 408
222 409
222 413
222 415
222 416
222 420
222 422
222 423
222 424
222 425
222 427
222 428
222 429
222 433
222 434
222 435
222 437
222 438
222 439
222 441
222 445
222 446
222 447
222 449
222 452
222 453
222 454
222 457
222 460
222 467
222 469
222 470
222 471
222 474
222 476
222 479
222 482
222 484
222 487
222 488
222 489
222 492
222 496
222 499
222 501
222 504
222 505
222 508
222 512
222 513
222 516
222 517
222 522
222 525
222 527
222 528
222 533
222 535
222 536
222 537
222 539
222 542
222 543
222 544
222 546
222 552
222 554
222 555
222 556
222 558
222 560
222 561
222 563
222 564
222 565
222 567
222 568
222 569
222 570
222 572
222 573
222 574
222 576
222 577
222 578
222 580
222 582
222 583
222 584
222 585
222 593
222 597
222 600
222 602
222 608
222 610
222 611
222 612
222 613
222 615
222 616
222 617
222 618
222 619
222 623
222 627
222 628
222 630
222 631
222 633
222 634
222 635
222 636
222 638
222 640
222 643
222 644
222 648
222 649
222 652
222 653
222 654
222 655
222 656
222 662
222 667
222 669
222 672
222 673
222 677
222 681
222 686
222 687
222 688
222 689
222 691
222 693
222 694
222 695
222 700
222 702
222 703
222 704
222 708
222 713
222 715
222 716
222 720
222 722
222 727
222 728
222 729
222 732
222 733
222 734
222 737
222 738
222 739
222 743
222 744
222 746
222 748
222 750
222 753
222 754
222 757
222 760
222 762
222 764
222 765
222 769
222 770
222 771
222 774
222 778
222 781
222 785
222 786
222 787
222 789
222 791
222 792
222 793
222 794
222 795
222 796
222 798
222 800
223 402
223 404
223 405
223 408
223 409
223 411
223 413
223 414
223 416
223 417
223 418
223 419
223 420
223 423
223 424
223 425
223 427
223 430
223 431
223 435
223 437
223 438
223 440
223 441
223 442
223 443
223 445
223 448
223 450
223 451
223 452
223 455
223 457
223 460
223 462
223 463
223 469
223 470
223 471
223 472
223 473
223 478
223 480
223 481
223 484
223 485
223 487
223 493
223 494
223 497
223 498
223 501
223 503
223 504
223 505
223 506
223 508
223 509
223 511
223 513
223 515
223 516
223 517
223 522
223 524
223 529
223 530
223 531
223 535
223 536
223 538
223 546
223 547
223 548
223 549
223 550
223 551
223 554
223 555
223 556
223 557
223 558
223 560
223 561
223 562
223 564
223 565
223 567
223 569
223 570
223 572
223 574
223 575
223 576
223 578
223 579
223 580
223 582
223 587
223 588
223 589
223 591
223 592
223 593
223 594
223 596
223 597
223 598
223 599
223 603
223 605
223 608
223 609
223 612
223 613
223 615
223 616
223 617
223 619
223 621
223 622
223 623
223 625
223 631
223 633
223 635
223 636
223 637
223 642
223 645
223 647
223 648
223 652
223 654
223 655
223 656
223 657
223 658
223 659
223 663
223 665
223 667
223 670
223 671
223 672
223 674
223 675
223 676
223 678
223 679
223 682
223 683
223 684
223 685
223 687
223 691
223 693
223 699
223 700
223 703
223 706
223 707
223 708
223 713
223 716
223 721
223 725
223 726
223 728
223 729
223 733
223 734
223 737
223 741
223 742
223 745
223 750
223 752
223 757
223 761
223 762
223 763
223 764
223 766
223 768
223 769
223 770
223 771
223 772
223 773
223 774
223 778
223 785
223 786
223 787
223 789
223 790
223 792
223 794
223 795
223 796
223 799
223 800
224 401
224 408
224 411
224 413
224 414
224 416
224 417
224 418
224 419
224 420
224 424
224 427
224 429
224 432
224 433
224 434
224 436
224 437
224 438
224 440
224 442
224 443
224 444
224 445
224 448
224 452
224 455
224 456
224 458
224 460
224 461
224 463
224 470
224 474
224 475
224 476
224 477
224 479
224 481
224 484
224 487
224 490
224 493
224 494
224 495
224 496
224 500
224 501
224 502
224 503
224 507
224 509
224 510
224 514
224 518
224 521
224 522
224 525
224 526
224 527
224 530
224 531
224 532
224 534
224 536
224 544
224 546
224 547
224 550
224 551
224 552
224 553
224 555
224 557
224 558
224 563
224 564
224 565
224 567
224 572
224 573
224 574
224 575
224 578
224 579
224 580
224 581
224 582
224 587
224 588
224 590
224 592
224 593
224 594
224 597
224 598
224 600
224 601
224 602
224 605
224 606
224 608
224 610
224 613
224 614
224 615
224 617
224 621
224 622
224 623
224 625
224 626
224 628
224 629
224 631
224 634
224 636
224 638
224 640
224 642
224 643
224 644
224 645
224 646
224 648
224 649
224 650
224 652
224 655
224 656
224 657
224 659
224 660
224 661
224 662
224 668
224 669
224 671
224 672
224 673
224 676
224 677
224 681
224 683
224 684
224 686
224 688
224 694
224 695
224 697
224 698
224 699
224 703
224 705
224 706
224 708
224 712
224 715
224 717
224 718
224 719
224 721
224 723
224 725
224 727
224 728
224 729
224 730
224 733
224 735
224 741
224 742
224 748
224 749
224 750
224 751
224 754
224 757
224 760
224 761
224 763
224 764
224 765
224 766
224 768
224 771
224 773
224 774
224 775
224 776
224 778
224 779
224 782
224 783
224 785
224 788
224 792
224 794
224 795
224 799
224 800
225 401
225 403
225 404
225 408
225 409
225 411
225 412
225 413
225 414
225 415
225 416
225 418
225 420
225 421
225 422
225 425
225 428
225 430
225 432
225 433
225 435
225 437
225 440
225 442
225 444
225 445
225 446
225 447
225 448
225 449
225 450
225 451
225 452
225 453
225 457
225 459
225 460
225 462
225 463
225 464
225 465
225 466
225 469
225 470
225 471
225 472
225 475
225 476
225 477
225 478
225 480
225 482
225 483
225 489
225 491
225 493
225 494
225 497
225 498
225 500
225 502
225 509
225 513
225 514
225 516
225 517
225 520
225 521
225 522
225 523
225 524
225 525
225 526
225 527
225 528
225 529
225 530
225 531
225 532
225 533
225 536
225 537
225 539
225 540
225 541
225 542
225 543
225 544
225 545
225 548
225 550
225 553
225 554
225 556
225 557
225 558
225 560
225 562
225 563
225 564
225 567
225 570
225 573
225 579
225 587
225 588
225 593
225 594
225 596
225 597
225 600
225 601
225 602
225 604
225 605
225 609
225 611
225 612
225 613
225 614
225 618
225 619
225 620
225 623
225 624
225 628
225 630
225 632
225 633
225 634
225 637
225 638
225 639
225 640
225 642
225 643
225 644
225 646
225 648
225 651
225 657
225 658
225 659
225 660
225 662
225 663
225 666
225 669
225 670
225 671
225 673
225 674
225 678
225 679
225 680
225 683
225 686
225 688
225 689
225 691
225 693
225 695
225 697
225 698
225 703
225 705
225 709
225 710
225 714
225 716
225 718
225 719
225 720
225 722
225 723
225 725
225 726
225 727
225 731
225 732
225 735
225 736
225 738
225 739
225 741
225 746
225 747
225 748
225 749
225 751
225 752
225 754
225 755
225 756
225 758
225 763
225 765
225 771
225 772
225 774
225 775
225 776
225 777
225 778
225 780
225 783
225 786
225 787
225 788
225 789
225 790
225 791
225 796
225 798
225 800
226 401
226 402
226 405
226 407
226 409
226 410
226 413
226 415
226 416
226 418
226 420
226 421
226 428
226 431
226 435
226 436
226 437
226 440
226 445
226 449
226 450
226 451
226 452
226 453
226 457
226 459
226 460
226 461
226 464
226 465
226 466
226 467
226 470
226 471
226 472
226 473
226 476
226 477
226 479
226 481
226 485
226 486
226 487
226 488
226 489
226 490
226 492
226 494
226 500
226 502
226 503
226 505
226 506
226 511
226 512
226 513
226 515
226 516
226 518
226 519
226 520
226 521
226 522
226 523
226 524
226 525
226 528
226 531
226 534
226 538
226 540
226 541
226 543
226 544
226 545
226 547
226 548
226 551
226 553
226 558
226 560
226 562
226 564
226 566
226 567
226 568
226 573
226 575
226 576
226 577
226 579
226 583
226 584
226 588
226 589
226 591
226 592
226 593
226 595
226 596
226 598
226 600
226 601
226 602
226 603
226 607
226 612
226 615
226 616
226 617
226 620
226 622
226 630
226 631
226 633
226 634
226 635
226 636
226 640
226 641
226 642
226 643
226 645
226 647
226 648
226 652
226 653
226 654
226 655
226 659
226 663
226 671
226 672
226 673
226 675
226 676
226 678
226 679
226 680
226 681
226 682
226 687
226 688
226 689
226 691
226 692
226 696
226 697
226 699
226 700
226 701
226 703
226 704
226 705
226 707
226 712
226 713
226 714
226 715
226 716
226 718
226 722
226 723
226 724
226 728
226 729
226 734
226 740
226 741
226 743
226 746
226 748
226 757
226 758
226 761
226 763
226 764
226 765
226 766
226 767
226 769
226 774
226 775
226 776
226 777
226 779
226 780
226 782
226 783
226 784
226 786
226 790
226 791
226 792
226 793
226 794
226 799
227 401
227 403
227 404
227 405
227 406
227 407
227 408
227 409
227 410
227 414
227 417
227 419
227 421
227 422
227 424
227 425
227 426
227 429
227 435
227 436
227 439
227 442
227 444
227 449
227 454
227 455
227 456
227 457
227 458
227 459
227 460
227 462
227 464
227 469
227 475
227 476
227 477
227 478
227 479
227 481
227 482
227 485
227 487
227 489
227 492
227 493
227 495
227 497
227 501
227 502
227 504
227 505
227 508
227 509
227 515
227 516
227 521
227 522
227 523
227 526
227 527
227 530
227 531
227 534
227 536
227 538
227 539
227 540
227 541
227 545
227 546
227 548
227 550
227 551
227 556
227 557
227 558
227 560
227 562
227 563
227 565
227 567
227 569
227 570
227 572
227 574
227 575
227 576
227 577
227 581
227 584
227 590
227 592
227 594
227 598
227 600
227 603
227 607
227 609
227 610
227 613
227 618
227 622
227 623
227 625
227 627
227 628
227 630
227 631
227 633
227 634
227 636
227 637
227 639
227 640
227 642
227 643
227 646
227 647
227 649
227 650
227 651
227 653
227 655
227 656
227 660
227 664
227 666
227 667
227 670
227 671
227 672
227 676
227 677
227 678
227 679
227 680
227 683
227 684
227 685
227 689
227 691
227 696
227 697
227 698
227 700
227 702
227 703
227 705
227 706
227 712
227 713
227 717
227 720
227 721
227 722
227 724
227 726
227 728
227 731
227 733
227 734
227 735
227 737
227 738
227 745
227 748
227 749
227 750
227 751
227 752
227 756
227 757
227 760
227 762
227 763
227 764
227 765
227 767
227 771
227 772
227 774
227 776
227 780
227 781
227 785
227 789
227 791
227 796
227 798
227 799
228 403
228 405
228 407
228 409
228 412
228 418
228 422
228 424
228 427
228 428
228 429
228 430
228 432
228 433
228 434
228 435
228 437
228 440
228 441
228 442
228 443
228 444
228 445
228 446
228 448
228 452
228 453
228 454
228 455
228 456
228 457
228 458
228 459
228 461
228 463
228 464
228 467
228 468
228 470
228 473
228 474
228 481
228 483
228 484
228 485
228 487
228 488
228 494
228 495
228 499
228 500
228 502
228 503
228 504
228 505
228 506
228 509
228 511
228 514
228 516
228 518
228 519
228 527
228 528
228 531
228 532
228 535
228 537
228 539
228 540
228 543
228 544
228 545
228 546
228 547
228 549
228 554
228 555
228 556
228 558
228 560
228 561
228 564
228 565
228 566
228 569
228 570
228 571
228 572
228 573
228 574
228 577
228 579
228 581
228 582
228 584
228 591
228 593
228 594
228 597
228 598
228 599
228 601
228 602
228 604
228 608
228 609
228 610
228 611
228 612
228 615
228 617
228 618
228 620
228 624
228 626
228 627
228 629
228 630
228 631
228 632
228 633
228 635
228 636
228 639
228 641
228 642
228 643
228 644
228 647
228 649
228 651
228 653
228 654
228 656
228 662
228 663
228 664
228 667
228 668
228 670
228 671
228 673
228 677
228 678
228 682
228 683
228 686
228 690
228 691
228 694
228 695
228 696
228 697
228 701
228 703
228 704
228 705
228 706
228 707
228 709
228 711
228 713
228 714
228 715
228 718
228 719
228 720
228 721
228 723
228 724
228 727
228 728
228 731
228 734
228 735
228 740
228 742
228 743
228 744
228 745
228 746
228 747
228 748
228 749
228 750
228 753
228 754
228 756
228 758
228 759
228 763
228 770
228 772
228 774
228 775
228 776
228 778
228 780
228 781
228 783
228 786
228 788
228 789
228 800
229 401
229 402
229 408
229 409
229 411
229 412
229 416
229 422
229 423
229 424
229 426
229 427
229 429
229 432
229 434
229 436
229 437
229 439
229 440
229 441
229 442
229 445
229 448
229 450
229 451
229 453
229 454
229 455
229 457
229 458
229 459
229 460
229 461
229 465
229 466
229 468
229 469
229 471
229 472
229 473
229 474
229 476
229 478
229 479
229 480
229 487
229 488
229 490
229 491
229 492
229 493
229 494
229 496
229 497
229 498
229 500
229 502
229 504
229 505
229 507
229 508
229 513
229 514
229 516
229 519
229 522
229 524
229 525
229 526
229 527
229 529
229 533
229 534
229 535
229 537
229 538
229 541
229 543
229 544
229 547
229 548
229 549
229 550
229 553
229 554
229 555
229 559
229 560
229 563
229 564
229 566
229 568
229 570
229 571
229 572
229 574
229 577
229 579
229 582
229 583
229 584
229 585
229 589
229 591
229 592
229 593
229 597
229 598
229 599
229 602
229 605
229 606
229 607
229 612
229 615
229 619
229 622
229 623
229 626
229 628
229 630
229 633
229 634
229 635
229 637
229 638
229 639
229 644
229 645
229 647
229 651
229 652
229 654
229 658
229 659
229 661
229 663
229 665
229 668
229 669
229 670
229 672
229 673
229 674
229 681
229 682
229 683
229 686
229 687
229 689
229 691
229 695
229 696
229 697
229 698
229 699
229 700
229 701
229 702
229 703
229 704
229 705
229 706
229 707
229 709
229 713
229 714
229 718
229 723
229 726
229 727
229 728
229 729
229 730
229 734
229 735
229 738
229 740
229 742
229 743
229 744
229 750
229 751
229 752
229 753
229 754
229 756
229 757
229 758
229 765
229 770
229 771
229 774
229 778
229 785
229 786
229 789
229 790
229 792
229 796
229 798
229 800
230 401
230 405
230 406
230 408
230 409
230 411
230 413
230 414
230 416
230 419
230 421
230 430
230 431
230 432
230 434
230 436
230 437
230 439
230 441
230 442
230 443
230 445
230 446
230 447
230 449
230 450
230 452
230 454
230 456
230 457
230 458
230 462
230 464
230 465
230 468
230 469
230 471
230 472
230 474
230 475
230 477
230 479
230 481
230 484
230 486
230 488
230 491
230 494
230 496
230 501
230 504
230 505
230 508
230 510
230 515
230 517
230 519
230 523
230 524
230 525
230 526
230 527
230 531
230 533
230 536
230 537
230 539
230 541
230 542
230 545
230 546
230 550
230 558
230 559
230 561
230 562
230 563
230 566
230 571
230 572
230 576
230 582
230 583
230 584
230 586
230 590
230 591
230 593
230 594
230 596
230 597
230 599
230 601
230 602
230 603
230 604
230 605
230 609
230 611
230 613
230 614
230 616
230 617
230 618
230 619
230 621
230 626
230 627
230 628
230 629
230 632
230 635
230 636
230 637
230 638
230 639
230 640
230 641
230 647
230 648
230 651
230 652
230 653
230 657
230 658
230 660
230 662
230 666
230 667
230 670
230 671
230 673
230 674
230 675
230 679
230 681
230 682
230 683
230 688
230 689
230 690
230 691
230 692
230 693
230 699
230 700
230 705
230 708
230 709
230 710
230 712
230 713
230 714
230 715
230 716
230 718
230 719
230 722
230 726
230 727
230 728
230 729
230 730
230 732
230 734
230 735
230 736
230 738
230 739
230 740
230 742
230 745
230 748
230 750
230 751
230 754
230 755
230 756
230 758
230 759
230 760
230 761
230 764
230 765
230 766
230 768
230 769
230 772
230 773
230 774
230 775
230 777
230 779
230 780
230 784
230 785
230 786
230 788
230 790
230 791
230 794
230 798
230 799
231 402
231 403
231 407
231 408
231 411
231 413
231 417
231 418
231 419
231 423
231 424
231 425
231 426
231 429
231 430
231 432
231 435
231 438
231 440
231 441
231 442
231 443
231 447
231 450
231 451
231 454
231 456
231 457
231 459
231 461
231 462
231 464
231 465
231 466
231 468
231 470
231 475
231 476
231 478
231 480
231 481
231 482
231 484
231 486
231 490
231 491
231 492
231 495
231 497
231 498
231 502
231 503
231 505
231 506
231 507
231 511
231 512
231 516
231 518
231 519
231 520
231 521
231 523
231 525
231 527
231 529
231 530
231 533
231 539
231 543
231 548
231 552
231 554
231 556
231 558
231 559
231 562
231 564
231 565
231 568
231 569
231 572
231 575
231 577
231 578
231 582
231 583
231 585
231 586
231 587
231 588
231 589
231 591
231 598
231 601
231 602
231 603
231 605
231 606
231 607
231 609
231 611
231 612
231 614
231 616
231 624
231 628
231 630
231 631
231 633
231 634
231 635
231 636
231 638
231 641
231 643
231 644
231 648
231 650
231 651
231 653
231 656
231 657
231 662
231 663
231 665
231 666
231 670
231 671
231 672
231 673
231 674
231 676
231 678
231 680
231 681
231 683
231 684
231 685
231 687
231 688
231 689
231 691
231 693
231 696
231 699
231 700
231 701
231 705
231 706
231 708
231 709
231 712
231 716
231 717
231 719
231 723
231 727
231 729
231 730
231 731
231 733
231 735
231 738
231 742
231 744
231 746
231 747
231 748
231 753
231 756
231 759
231 760
231 765
231 772
231 775
231 777
231 779
231 780
231 781
231 782
231 784
231 785
231 788
231 791
231 793
231 796
231 797
231 798
232 401
232 402
232 404
232 407
232 409
232 410
232 412
232 413
232 415
232 418
232 419
232 421
232 422
232 423
232 425
232 426
232 428
232 431
232 437
232 440
232 441
232 444
232 445
232 448
232 450
232 451
232 453
232 458
232 461
232 465
232 466
232 469
232 475
232 477
232 478
232 479
232 482
232 484
232 487
232 489
232 490
232 494
232 496
232 499
232 500
232 501
232 502
232 505
232 509
232 513
232 514
232 524
232 525
232 526
232 528
232 529
232 530
232 536
232 537
232 539
232 542
232 544
232 545
232 546
232 548
232 549
232 550
232 551
232 552
232 555
232 558
232 559
232 560
232 564
232 565
232 567
232 568
232 571
232 572
232 575
232 577
232 578
232 582
232 583
232 584
232 585
232 586
232 591
232 592
232 595
232 598
232 599
232 600
232 603
232 604
232 605
232 606
232 610
232 612
232 614
232 616
232 617
232 618
232 619
232 620
232 622
232 625
232 628
232 629
232 630
232 631
232 633
232 634
232 639
232 644
232 646
232 647
232 649
232 653
232 654
232 655
232 656
232 658
232 659
232 661
232 662
232 665
232 669
232 672
232 674
232 675
232 677
232 679
232 681
232 683
232 686
232 689
232 691
232 692
232 694
232 696
232 697
232 698
232 699
232 700
232 702
232 707
232 708
232 710
232 712
232 713
232 714
232 717
232 718
232 721
232 724
232 725
232 726
232 728
232 729
232 731
232 732
232 734
232 735
232 737
232 740
232 743
232 747
232 749
232 750
232 751
232 753
232 754
232 755
232 758
232 759
232 760
232 761
232 763
232 765
232 766
232 769
232 770
232 774
232 775
232 779
232 781
232 782
232 784
232 785
232 786
232 789
232 790
232 792
232 797
232 799
232 800
233 401
233 405
233 406
233 407
233 409
233 411
233 414
233 416
233 417
233 422
233 425
233 426
233 427
233 428
233 429
233 432
233 433
233 435
233 437
233 438
233 439
233 440
233 441
233 442
233 446
233 452
233 453
233 455
233 460
233 464
233 466
233 467
233 468
233 469
233 471
233 473
233 474
233 477
233 479
233 480
233 483
233 484
233 486
233 488
233 490
233 495
233 499
233 500
233 502
233 503
233 506
233 507
233 510
233 512
233 517
233 518
233 521
233 523
233 524
233 525
233 528
233 529
233 530
233 531
233 532
233 533
233 534
233 535
233 536
233 537
233 546
233 547
233 548
233 550
233 551
233 554
233 557
233 558
233 561
233 562
233 563
233 564
233 566
233 568
233 569
233 572
233 573
233 574
233 577
233 578
233 579
233 580
233 581
233 582
233 583
233 584
233 585
233 586
233 588
233 590
233 591
233 592
233 594
233 595
233 597
233 598
233 600
233 602
233 604
233 607
233 609
233 610
233 615
233 619
233 620
233 623
233 624
233 625
233 632
233 633
233 636
233 638
233 639
233 640
233 644
233 645
233 647
233 650
233 651
233 653
233 655
233 656
233 658
233 661
233 662
233 665
233 666
233 670
233 675
233 681
233 684
233 687
233 690
233 694
233 695
233 697
233 700
233 701
233 703
233 704
233 707
233 708
233 709
233 710
233 711
233 714
233 715
233 716
233 718
233 719
233 722
233 724
233 726
233 727
233 728
233 730
233 731
233 734
233 738
233 739
233 740
233 742
233 743
233 747
233 749
233 753
233 754
233 756
233 757
233 760
233 762
233 764
233 766
233 770
233 771
233 773
233 777
233 778
233 779
233 782
233 784
233 786
233 788
233 790
233 791
233 793
233 794
233 797
233 799
234 401
234 403
234 405
234 406
234 408
234 409
234 411
234 412
234 413
234 414
234 416
234 419
234 420
234 424
234 425
234 426
234 429
234 436
234 438
234 440
234 441
234 442
234 444
234 446
234 448
234 449
234 455
234 457
234 458
234 459
234 460
234 462
234 463
234 464
234 466
234 469
234 471
234 472
234 473
234 475
234 476
234 478
234 480
234 483
234 484
234 487
234 488
234 495
234 496
234 497
234 500
234 502
234 504
234 505
234 507
234 513
234 514
234 515
234 517
234 519
234 525
234 526
234 528
234 529
234 530
234 531
234 535
234 536
234 537
234 538
234 539
234 540
234 542
234 544
234 545
234 547
234 548
234 549
234 550
234 552
234 553
234 554
234 556
234 560
234 562
234 564
234 565
234 566
234 567
234 571
234 573
234 574
234 577
234 579
234 580
234 583
234 584
234 585
234 588
234 589
234 595
234 598
234 601
234 602
234 603
234 604
234 608
234 611
234 612
234 617
234 618
234 619
234 621
234 623
234 624
234 627
234 632
234 633
234 635
234 637
234 638
234 639
234 642
234 643
234 644
234 647
234 649
234 652
234 654
234 655
234 658
234 659
234 660
234 662
234 668
234 669
234 670
234 671
234 672
234 674
234 676
234 677
234 679
234 681
234 683
234 685
234 687
234 689
234 692
234 694
234 698
234 699
234 701
234 702
234 703
234 706
234 707
234 709
234 710
234 711
234 713
234 714
234 715
234 716
234 717
234 719
234 723
234 726
234 728
234 733
234 736
234 738
234 739
234 742
234 743
234 746
234 749
234 751
234 752
234 753
234 754
234 755
234 757
234 758
234 761
234 762
234 767
234 769
234 771
234 772
234 774
234 775
234 779
234 780
234 782
234 783
234 786
234 788
234 789
234 791
234 792
234 795
234 797
234 799
235 402
235 403
235 404
235 408
235 409
235 412
235 413
235 417
235 420
235 423
235 424
235 425
235 426
235 427
235 428
235 437
235 440
235 446
235 447
235 448
235 450
235 454
235 457
235 458
235 459
235 460
235 462
235 463
235 468
235 469
235 471
235 473
235 475
235 476
235 483
235 484
235 486
235 488
235 490
235 491
235 495
235 496
235 497
235 501
235 506
235 507
235 511
235 513
235 514
235 515
235 518
235 521
235 522
235 523
235 524
235 525
235 527
235 528
235 529
235 530
235 531
235 532
235 533
235 535
235 536
235 538
235 539
235 540
235 543
235 544
235 546
235 548
235 550
235 551
235 552
235 553
235 554
235 556
235 557
235 559
235 562
235 565
235 568
235 569
235 570
235 571
235 577
235 582
235 583
235 584
235 587
235 588
235 590
235 597
235 598
235 599
235 602
235 609
235 610
235 611
235 612
235 614
235 619
235 620
235 621
235 622
235 623
235 625
235 627
235 628
235 629
235 630
235 631
235 632
235 635
235 636
235 637
235 638
235 639
235 641
235 643
235 644
235 650
235 656
235 660
235 661
235 666
235 668
235 674
235 675
235 676
235 677
235 679
235 681
235 683
235 684
235 685
235 686
235 688
235 689
235 692
235 693
235 694
235 698
235 699
235 702
235 703
235 704
235 706
235 707
235 708
235 711
235 712
235 713
235 715
235 716
235 718
235 720
235 722
235 723
235 724
235 727
235 729
235 732
235 733
235 734
235 735
235 736
235 738
235 739
235 743
235 745
235 747
235 748
235 749
235 750
235 756
235 757
235 758
235 759
235 760
235 764
235 768
235 771
235 772
235 775
235 777
235 778
235 779
235 781
235 783
235 785
235 786
235 787
235 790
235 791
235 794
235 798
235 799
236 401
236 404
236 405
236 406
236 409
236 412
236 413
236 414
236 415
236 416
236 419
236 420
236 421
236 425
236 426
236 427
236 428
236 430
236 431
236 432
236 433
236 434
236 436
236 437
236 438
236 441
236 443
236 447
236 449
236 450
236 452
236 454
236 457
236 458
236 461
236 465
236 468
236 473
236 474
236 476
236 477
236 479
236 482
236 483
236 486
236 487
236 488
236 491
236 495
236 497
236 500
236 501
236 502
236 503
236 505
236 506
236 508
236 509
236 510
236 511
236 513
236 517
236 518
236 519
236 520
236 523
236 524
236 527
236 529
236 535
236 536
236 537
236 538
236 539
236 542
236 548
236 551
236 555
236 556
236 557
236 558
236 559
236 560
236 562
236 564
236 566
236 567
236 568
236 569
236 570
236 571
236 572
236 573
236 574
236 578
236 579
236 580
236 581
236 584
236 586
236 587
236 590
236 592
236 594
236 603
236 604
236 606
236 608
236 613
236 614
236 615
236 617
236 619
236 621
236 624
236 625
236 627
236 629
236 631
236 632
236 633
236 635
236 636
236 639
236 641
236 642
236 643
236 644
236 647
236 648
236 650
236 652
236 653
236 654
236 655
236 658
236 660
236 661
236 662
236 663
236 669
236 673
236 674
236 676
236 677
236 680
236 681
236 682
236 683
236 684
236 685
236 688
236 689
236 691
236 695
236 696
236 699
236 700
236 701
236 706
236 707
236 708
236 709
236 710
236 712
236 718
236 721
236 722
236 723
236 724
236 725
236 727
236 730
236 733
236 734
236 737
236 738
236 739
236 740
236 742
236 744
236 746
236 747
236 748
236 749
236 751
236 753
236 755
236 756
236 759
236 761
236 764
236 766
236 769
236 770
236 771
236 772
236 773
236 775
236 776
236 779
236 781
236 785
236 786
236 787
236 789
236 791
236 792
236 793
236 796
236 799
236 800
237 402
237 404
237 407
237 408
237 409
237 414
237 415
237 416
237 420
237 421
237 423
237 426
237 427
237 429
237 430
237 431
237 433
237 434
237 435
237 437
237 439
237 443
237 444
237 449
237 450
237 451
237 452
237 453
237 455
237 456
237 457
237 459
237 462
237 463
237 467
237 469
237 470
237 471
237 472
237 473
237 474
237 475
237 477
237 478
237 479
237 481
237 482
237 486
237 492
237 496
237 498
237 500
237 503
237 504
237 505
237 508
237 511
237 513
237 517
237 520
237 522
237 523
237 524
237 525
237 529
237 531
237 532
237 533
237 534
237 535
237 537
237 539
237 540
237 543
237 545
237 546
237 550
237 551
237 553
237 554
237 555
237 556
237 560
237 564
237 565
237 567
237 570
237 571
237 573
237 575
237 578
237 583
237 584
237 586
237 587
237 589
237 592
237 595
237 596
237 597
237 602
237 606
237 607
237 610
237 613
237 616
237 619
237 621
237 622
237 623
237 625
237 626
237 628
237 629
237 631
237 632
237 633
237 635
237 636
237 638
237 639
237 640
237 641
237 644
237 647
237 648
237 651
237 652
237 656
237 659
237 661
237 663
237 664
237 665
237 666
237 667
237 669
237 670
237 671
237 676
237 678
237 683
237 685
237 686
237 689
237 695
237 696
237 699
237 700
237 701
237 702
237 703
237 705
237 706
237 707
237 708
237 711
237 712
237 713
237 715
237 716
237 718
237 720
237 721
237 726
237 727
237 728
237 730
237 732
237 734
237 735
237 737
237 738
237 740
237 741
237 742
237 743
237 745
237 746
237 749
237 750
237 752
237 757
237 762
237 765
237 766
237 767
237 771
237 774
237 775
237 776
237 778
237 780
237 782
237 783
237 784
237 786
237 789
237 791
237 793
237 794
237 798
237 800
238 403
238 404
238 405
238 406
238 407
238 408
238 409
238 411
238 413
238 414
238 415
238 416
238 419
238 421
238 422
238 424
238 426
238 429
238 430
238 431
238 432
238 433
238 434
238 436
238 437
238 438
238 439
238 440
238 441
238 442
238 443
238 446
238 447
238 448
238 450
238 456
238 457
238 462
238 463
238 464
238 465
238 468
238 470
238 475
238 477
238 478
238 480
238 481
238 483
238 484
238 485
238 486
238 487
238 488
238 492
238 494
238 495
238 496
238 498
238 499
238 503
238 506
238 507
238 508
238 509
238 510
238 511
238 517
238 519
238 520
238 522
238 526
238 530
238 533
238 536
238 541
238 544
238 545
238 546
238 549
238 550
238 552
238 553
238 556
238 559
238 562
238 563
238 564
238 565
238 566
238 567
238 572
238 573
238 576
238 577
238 580
238 581
238 582
238 583
238 585
238 590
238 592
238 598
238 600
238 601
238 602
238 604
238 609
238 617
238 618
238 619
238 621
238 625
238 626
238 627
238 628
238 629
238 630
238 631
238 632
238 634
238 635
238 636
238 639
238 640
238 641
238 642
238 644
238 645
238 646
238 650
238 652
238 660
238 663
238 672
238 674
238 677
238 678
238 679
238 680
238 683
238 684
238 687
238 688
238 689
238 692
238 693
238 697
238 698
238 699
238 700
238 701
238 704
238 706
238 707
238 709
238 710
238 712
238 714
238 715
238 717
238 718
238 719
238 720
238 721
238 723
238 729
238 730
238 732
238 733
238 734
238 737
238 742
238 744
238 747
238 748
238 750
238 751
238 754
238 756
238 758
238 761
238 762
238 763
238 767
238 772
238 775
238 776
238 777
238 778
238 779
238 780
238 781
238 782
238 785
238 789
238 790
238 791
238 796
238 798
239 402
239 403
239 408
239 409
239 412
239 415
239 416
239 418
239 419
239 421
239 423
239 424
239 426
239 428
239 429
239 430
239 434
239 437
239 438
239 439
239 441
239 443
239 447
239 452
239 454
239 455
239 457
239 460
239 461
239 463
239 465
239 467
239 471
239 472
239 474
239 475
239 476
239 477
239 478
239 482
239 486
239 487
239 493
239 495
239 499
239 502
239 504
239 505
239 509
239 510
239 511
239 512
239 513
239 515
239 516
239 517
239 518
239 520
239 523
239 525
239 527
239 529
239 531
239 535
239 536
239 537
239 538
239 539
239 541
239 542
239 543
239 544
239 545
239 548
239 549
239 551
239 552
239 554
239 556
239 557
239 558
239 563
239 567
239 568
239 569
239 570
239 573
239 577
239 578
239 579
239 585
239 586
239 587
239 588
239 589
239 591
239 595
239 596
239 599
239 602
239 603
239 604
239 607
239 608
239 610
239 613
239 614
239 616
239 617
239 620
239 621
239 624
239 625
239 627
239 628
239 629
239 631
239 632
239 634
239 635
239 638
239 639
239 641
239 643
239 644
239 648
239 649
239 650
239 652
239 654
239 655
239 658
239 659
239 660
239 665
239 666
239 667
239 669
239 673
239 675
239 676
239 679
239 680
239 682
239 686
239 688
239 692
239 694
239 695
239 698
239 703
239 704
239 705
239 706
239 708
239 710
239 712
239 713
239 716
239 717
239 718
239 721
239 722
239 724
239 726
239 728
239 730
239 731
239 732
239 733
239 736
239 737
239 738
239 741
239 743
239 746
239 747
239 750
239 754
239 756
239 758
239 760
239 761
239 763
239 764
239 772
239 775
239 776
239 779
239 782
239 785
239 786
239 787
239 788
239 789
239 790
239 792
239 793
239 796
239 797
239 798
240 407
240 408
240 409
240 410
240 411
240 412
240 413
240 417
240 418
240 419
240 420
240 422
240 423
240 424
240 425
240 430
240 431
240 432
240 437
240 439
240 440
240 443
240 444
240 445
240 447
240 448
240 451
240 452
240 453
240 460
240 463
240 464
240 467
240 473
240 474
240 475
240 478
240 480
240 481
240 482
240 483
240 484
240 486
240 491
240 492
240 493
240 495
240 497
240 500
240 504
240 506
240 509
240 512
240 513
240 514
240 516
240 517
240 519
240 521
240 522
240 526
240 529
240 533
240 539
240 541
240 542
240 545
240 547
240 548
240 549
240 554
240 557
240 560
240 561
240 562
240 564
240 567
240 568
240 573
240 580
240 581
240 583
240 584
240 586
240 589
240 590
240 591
240 592
240 595
240 605
240 607
240 611
240 612
240 614
240 618
240 619
240 620
240 623
240 625
240 627
240 628
240 632
240 633
240 634
240 636
240 637
240 641
240 642
240 644
240 646
240 647
240 648
240 649
240 651
240 654
240 655
240 659
240 662
240 667
240 670
240 671
240 672
240 673
240 675
240 676
240 677
240 678
240 680
240 681
240 682
240 684
240 687
240 697
240 698
240 703
240 709
240 717
240 723
240 724
240 728
240 729
240 731
240 733
240 737
240 738
240 739
240 740
240 742
240 743
240 744
240 746
240 747
240 748
240 749
240 750
240 752
240 754
240 755
240 757
240 758
240 760
240 761
240 762
240 764
240 765
240 766
240 767
240 769
240 771
240 772
240 773
240 775
240 777
240 780
240 783
240 784
240 785
240 786
240 788
240 790
240 793
240 794
240 796
240 798
240 800
241 404
241 405
241 409
241 410
241 411
241 412
241 415
241 416
241 417
241 420
241 421
241 424
241 425
241 426
241 428
241 429
241 430
241 431
241 432
241 433
241 434
241 437
241 438
241 439
241 443
241 444
241 446
241 447
241 448
241 449
241 450
241 451
241 452
241 455
241 457
241 458
241 460
241 464
241 466
241 471
241 472
241 479
241 482
241 498
241 504
241 506
241 508
241 511
241 512
241 514
241 516
241 518
241 519
241 523
241 526
241 528
241 529
241 532
241 535
241 537
241 543
241 545
241 547
241 548
241 549
241 550
241 551
241 552
241 553
241 554
241 555
241 557
241 559
241 561
241 566
241 567
241 568
241 569
241 572
241 575
241 576
241 579
241 580
241 582
241 583
241 586
241 587
241 588
241 594
241 596
241 599
241 600
241 604
241 605
241 607
241 608
241 610
241 611
241 612
241 615
241 616
241 619
241 627
241 628
241 632
241 633
241 636
241 637
241 638
241 639
241 641
241 643
241 645
241 646
241 647
241 648
241 651
241 652
241 653
241 654
241 655
241 657
241 658
241 661
241 663
241 665
241 666
241 670
241 671
241 674
241 675
241 676
241 679
241 681
241 682
241 683
241 686
241 690
241 691
241 692
241 693
241 695
241 697
241 699
241 700
241 701
241 705
241 706
241 707
241 708
241 710
241 711
241 715
241 716
241 717
241 723
241 724
241 727
241 729
241 731
241 732
241 734
241 735
241 736
241 738
241 740
241 741
241 742
241 748
241 749
241 750
241 751
241 759
241 762
241 764
241 766
241 769
241 774
241 776
241 778
241 779
241 780
241 781
241 782
241 784
241 789
241 792
241 793
241 794
241 795
241 796
241 797
241 798
242 404
242 405
242 408
242 409
242 411
242 412
242 414
242 415
242 416
242 417
242 418
242 423
242 424
242 425
242 427
242 428
242 429
242 430
242 432
242 434
242 436
242 439
242 440
242 442
242 445
242 450
242 454
242 456
242 459
242 462
242 465
242 469
242 471
242 472
242 473
242 478
242 480
242 482
242 484
242 485
242 486
242 487
242 488
242 490
242 492
242 496
242 497
242 499
242 501
242 503
242 504
242 505
242 507
242 510
242 511
242 512
242 515
242 517
242 519
242 521
242 523
242 526
242 528
242 530
242 534
242 535
242 537
242 538
242 539
242 546
242 548
242 553
242 555
242 556
242 557
242 558
242 559
242 561
242 566
242 568
242 569
242 570
242 571
242 573
242 575
242 576
242 578
242 579
242 580
242 583
242 584
242 585
242 586
242 587
242 588
242 589
242 592
242 598
242 602
242 603
242 605
242 606
242 611
242 616
242 617
242 618
242 619
242 623
242 625
242 626
242 627
242 628
242 630
242 631
242 632
242 633
242 634
242 635
242 636
242 637
242 639
242 641
242 643
242 646
242 647
242 650
242 651
242 657
242 658
242 659
242 662
242 667
242 671
242 672
242 674
242 676
242 677
242 681
242 682
242 688
242 689
242 691
242 696
242 697
242 698
242 701
242 702
242 703
242 704
242 707
242 710
242 712
242 714
242 717
242 718
242 720
242 722
242 723
242 730
242 734
242 735
242 737
242 738
242 742
242 743
242 744
242 746
242 747
242 752
242 753
242 754
242 755
242 756
242 761
242 763
242 766
242 767
242 769
242 770
242 771
242 772
242 774
242 775
242 777
242 779
242 785
242 788
242 790
242 791
242 792
242 793
242 794
242 795
242 797
242 798
242 800
243 401
243 403
243 404
243 405
243 406
243 407
243 408
243 411
243 413
243 417
243 418
243 424
243 427
243 429
243 432
243 433
243 434
243 435
243 437
243 440
243 441
243 454
243 455
243 457
243 458
243 459
243 460
243 461
243 462
243 465
243 467
243 469
243 472
243 475
243 477
243 478
243 480
243 483
243 484
243 485
243 486
243 489
243 490
243 492
243 494
243 495
243 498
243 500
243 501
243 502
243 507
243 508
243 509
243 511
243 514
243 515
243 516
243 517
243 518
243 519
243 520
243 521
243 523
243 525
243 526
243 527
243 528
243 529
243 537
243 539
243 543
243 544
243 546
243 547
243 549
243 550
243 552
243 555
243 556
243 557
243 559
243 563
243 565
243 566
243 569
243 571
243 572
243 574
243 577
243 578
243 579
243 581
243 582
243 584
243 585
243 587
243 588
243 593
243 596
243 598
243 599
243 601
243 602
243 604
243 605
243 607
243 608
243 610
243 611
243 613
243 614
243 617
243 621
243 623
243 626
243 628
243 630
243 631
243 632
243 636
243 644
243 645
243 647
243 648
243 652
243 653
243 654
243 656
243 660
243 661
243 664
243 666
243 668
243 670
243 671
243 673
243 674
243 675
243 679
243 680
243 682
243 685
243 686
243 687
243 692
243 693
243 694
243 695
243 702
243 704
243 705
243 707
243 712
243 714
243 715
243 717
243 719
243 720
243 723
243 724
243 728
243 730
243 733
243 735
243 737
243 738
243 739
243 742
243 743
243 745
243 746
243 747
243 749
243 750
243 751
243 752
243 755
243 757
243 758
243 760
243 762
243 767
243 770
243 771
243 772
243 774
243 775
243 776
243 777
243 781
243 783
243 786
243 788
243 789
243 791
243 792
243 793
243 794
243 795
243 797
243 798
244 402
244 404
244 405
244 406
244 408
244 409
244 410
244 411
244 412
244 414
244 415
244 417
244 418
244 421
244 422
244 423
244 424
244 425
244 429
244 430
244 441
244 442
244 444
244 447
244 448
244 451
244 452
244 453
244 455
244 457
244 458
244 460
244 461
244 462
244 463
244 464
244 471
244 474
244 476
244 481
244 483
244 485
244 489
244 491
244 495
244 496
244 497
244 498
244 499
244 500
244 501
244 503
244 504
244 506
244 512
244 513
244 515
244 516
244 519
244 520
244 525
244 526
244 528
244 531
244 533
244 536
244 539
244 540
244 541
244 542
244 547
244 551
244 553
244 554
244 555
244 558
244 562
244 564
244 568
244 570
244 571
244 572
244 573
244 575
244 579
244 580
244 581
244 582
244 583
244 588
244 589
244 591
244 594
244 595
244 597
244 599
244 600
244 603
244 606
244 608
244 612
244 613
244 614
244 615
244 616
244 617
244 618
244 624
244 627
244 628
244 629
244 630
244 631
244 633
244 637
244 638
244 642
244 645
244 650
244 651
244 652
244 653
244 655
244 656
244 658
244 659
244 663
244 664
244 667
244 668
244 669
244 672
244 673
244 674
244 675
244 678
244 680
244 685
244 687
244 688
244 692
244 693
244 695
244 696
244 697
244 700
244 702
244 703
244 705
244 706
244 707
244 713
244 714
244 715
244 716
244 718
244 720
244 722
244 723
244 724
244 725
244 727
244 728
244 730
244 732
244 733
244 735
244 736
244 738
244 741
244 742
244 744
244 746
244 747
244 748
244 751
244 752
244 757
244 758
244 760
244 762
244 763
244 764
244 765
244 767
244 771
244 772
244 776
244 782
244 784
244 786
244 788
244 789
244 791
244 793
244 795
244 796
244 799
245 402
245 403
245 404
245 405
245 407
245 408
245 411
245 413
245 415
245 418
245 419
245 420
245 422
245 423
245 425
245 427
245 429
245 431
245 437
245 439
245 443
245 444
245 445
245 446
245 447
245 448
245 453
245 458
245 460
245 462
245 463
245 465
245 467
245 469
245 473
245 476
245 480
245 482
245 484
245 485
245 488
245 490
245 491
245 492
245 493
245 494
245 495
245 496
245 499
245 500
245 501
245 502
245 504
245 506
245 507
245 512
245 515
245 516
245 519
245 522
245 524
245 525
245 526
245 530
245 533
245 534
245 535
245 537
245 538
245 540
245 541
245 545
245 546
245 550
245 553
245 558
245 561
245 562
245 563
245 564
245 565
245 566
245 567
245 568
245 572
245 573
245 575
245 577
245 579
245 580
245 581
245 586
245 587
245 589
245 590
245 592
245 594
245 596
245 597
245 599
245 600
245 602
245 606
245 608
245 609
245 611
245 613
245 615
245 617
245 618
245 619
245 625
245 633
245 636
245 637
245 638
245 647
245 649
245 650
245 655
245 656
245 657
245 659
245 663
245 664
245 667
245 671
245 672
245 673
245 675
245 676
245 677
245 678
245 679
245 680
245 689
245 690
245 694
245 696
245 697
245 698
245 703
245 704
245 705
245 706
245 708
245 709
245 712
245 713
245 714
245 715
245 717
245 720
245 723
245 724
245 725
245 727
245 729
245 732
245 733
245 734
245 736
245 737
245 739
245 740
245 741
245 744
245 746
245 747
245 748
245 751
245 752
245 753
245 754
245 756
245 761
245 763
245 764
245 765
245 766
245 771
245 774
245 776
245 777
245 784
245 785
245 787
245 788
245 789
245 792
245 793
245 798
246 402
246 403
246 404
246 408
246 410
246 411
246 412
246 413
246 415
246 416
246 417
246 418
246 420
246 421
246 432
246 433
246 434
246 436
246 442
246 443
246 445
246 447
246 449
246 450
246 451
246 452
246 453
246 454
246 455
246 456
246 459
246 460
246 462
246 467
246 468
246 469
246 470
246 471
246 472
246 474
246 477
246 478
246 479
246 487
246 488
246 490
246 491
246 497
246 498
246 499
246 500
246 502
246 504
246 508
246 509
246 512
246 514
246 520
246 522
246 525
246 527
246 528
246 529
246 530
246 532
246 534
246 535
246 536
246 538
246 539
246 542
246 543
246 545
246 548
246 552
246 557
246 558
246 559
246 564
246 566
246 570
246 572
246 574
246 579
246 582
246 584
246 588
246 589
246 591
246 592
246 593
246 595
246 596
246 598
246 599
246 602
246 604
246 606
246 609
246 613
246 614
246 617
246 619
246 622
246 624
246 625
246 629
246 630
246 631
246 632
246 639
246 641
246 643
246 645
246 649
246 650
246 651
246 654
246 655
246 656
246 659
246 660
246 663
246 664
246 665
246 667
246 668
246 669
246 673
246 674
246 678
246 679
246 681
246 684
246 687
246 688
246 690
246 691
246 693
246 694
246 696
246 697
246 698
246 701
246 702
246 705
246 707
246 708
246 709
246 710
246 711
246 712
246 713
246 717
246 718
246 720
246 726
246 728
246 730
246 731
246 733
246 735
246 737
246 738
246 742
246 743
246 745
246 746
246 747
246 750
246 753
246 757
246 758
246 760
246 762
246 764
246 765
246 770
246 771
246 772
246 773
246 774
246 777
246 778
246 781
246 782
246 784
246 787
246 789
246 790
246 791
246 792
246 793
246 797
246 798
246 799
246 800
247 402
247 403
247 404
247 409
247 411
247 413
247 414
247 417
247 419
247 420
247 424
247 425
247 430
247 432
247 434
247 435
247 439
247 440
247 444
247 445
247 447
247 450
247 455
247 458
247 460
247 462
247 468
247 469
247 470
247 471
247 472
247 475
247 476
247 477
247 478
247 483
247 484
247 486
247 490
247 494
247 498
247 499
247 500
247 504
247 506
247 508
247 510
247 515
247 516
247 517
247 518
247 522
247 524
247 530
247 533
247 536
247 538
247 540
247 542
247 543
247 549
247 552
247 553
247 554
247 555
247 556
247 560
247 564
247 565
247 571
247 572
247 573
247 574
247 575
247 576
247 577
247 581
247 583
247 585
247 586
247 589
247 590
247 593
247 594
247 595
247 597
247 599
247 600
247 601
247 602
247 603
247 604
247 606
247 608
247 609
247 610
247 614
247 621
247 622
247 623
247 625
247 627
247 629
247 630
247 631
247 632
247 633
247 634
247 635
247 636
247 637
247 641
247 642
247 644
247 645
247 646
247 654
247 655
247 657
247 660
247 661
247 663
247 664
247 665
247 671
247 675
247 676
247 680
247 682
247 684
247 685
247 686
247 687
247 688
247 689
247 690
247 691
247 692
247 693
247 695
247 697
247 698
247 700
247 701
247 702
247 704
247 707
247 709
247 710
247 711
247 716
247 719
247 720
247 721
247 723
247 728
247 729
247 734
247 736
247 737
247 740
247 741
247 744
247 747
247 749
247 752
247 756
247 757
247 759
247 760
247 761
247 762
247 763
247 765
247 766
247 767
247 769
247 770
247 771
247 774
247 775
247 776
247 777
247 778
247 780
247 781
247 782
247 785
247 786
247 788
247 790
247 791
247 796
247 800
248 402
248 404
248 407
248 410
248 411
248 421
248 422
248 426
248 427
248 428
248 430
248 434
248 435
248 437
248 438
248 440
248 445
248 447
248 448
248 449
248 452
248 453
248 455
248 456
248 457
248 458
248 462
248 463
248 466
248 467
248 470
248 471
248 473
248 474
248 475
248 476
248 478
248 480
248 483
248 484
248 486
248 490
248 491
248 492
248 493
248 495
248 500
248 501
248 502
248 503
248 504
248 505
248 506
248 507
248 509
248 513
248 514
248 515
248 516
248 519
248 521
248 522
248 526
248 527
248 529
248 531
248 534
248 537
248 538
248 539
248 541
248 542
248 544
248 546
248 549
248 550
248 551
248 552
248 554
248 558
248 559
248 560
248 566
248 567
248 570
248 572
248 573
248 574
248 575
248 576
248 577
248 578
248 580
248 581
248 582
248 586
248 588
248 589
248 591
248 592
248 593
248 596
248 597
248 600
248 601
248 602
248 604
248 606
248 610
248 612
248 614
248 617
248 619
248 623
248 626
248 629
248 630
248 634
248 635
248 637
248 639
248 642
248 645
248 646
248 654
248 655
248 657
248 658
248 661
248 662
248 663
248 664
248 667
248 669
248 672
248 673
248 674
248 676
248 678
248 679
248 680
248 681
248 683
248 684
248 689
248 692
248 694
248 696
248 697
248 698
248 701
248 703
248 705
248 709
248 710
248 712
248 713
248 715
248 716
248 718
248 720
248 721
248 723
248 724
248 725
248 726
248 728
248 729
248 730
248 732
248 733
248 734
248 736
248 739
248 741
248 742
248 743
248 744
248 746
248 748
248 749
248 750
248 752
248 753
248 755
248 756
248 757
248 758
248 762
248 763
248 765
248 768
248 769
248 770
248 771
248 773
248 776
248 777
248 779
248 781
248 782
248 786
248 787
248 788
248 789
248 791
248 792
248 793
248 795
248 800
249 405
249 407
249 408
249 409
249 410
249 412
249 413
249 415
249 416
249 417
249 418
249 419
249 422
249 423
249 427
249 428
249 429
249 436
249 437
249 443
249 444
249 445
249 453
249 454
249 457
249 458
249 459
249 460
249 461
249 463
249 465
249 466
249 469
249 471
249 472
249 475
249 476
249 478
249 479
249 485
249 486
249 487
249 489
249 490
249 492
249 493
249 496
249 497
249 503
249 508
249 510
249 513
249 514
249 516
249 517
249 518
249 519
249 521
249 525
249 528
249 529
249 531
249 535
249 536
249 538
249 541
249 542
249 546
249 548
249 549
249 552
249 554
249 559
249 561
249 562
249 566
249 573
249 575
249 576
249 577
249 578
249 580
249 582
249 584
249 585
249 586
249 587
249 588
249 589
249 590
249 592
249 594
249 595
249 596
249 597
249 599
249 603
249 604
249 605
249 608
249 611
249 612
249 613
249 615
249 619
249 621
249 623
249 627
249 630
249 631
249 633
249 635
249 636
249 638
249 639
249 640
249 641
249 643
249 645
249 649
249 650
249 653
249 655
249 656
249 657
249 658
249 661
249 665
249 670
249 672
249 675
249 678
249 679
249 681
249 682
249 683
249 686
249 689
249 694
249 695
249 698
249 700
249 701
249 702
249 704
249 712
249 714
249 715
249 716
249 721
249 724
249 725
249 726
249 727
249 730
249 732
249 733
249 734
249 737
249 739
249 741
249 743
249 744
249 749
249 750
249 756
249 758
249 759
249 760
249 761
249 766
249 767
249 769
249 772
249 773
249 774
249 775
249 778
249 780
249 784
249 786
249 787
249 790
249 794
249 795
249 796
249 797
249 799
249 800
250 402
250 404
250 405
250 408
250 410
250 411
250 414
250 416
250 418
250 423
250 424
250 425
250 426
250 427
250 428
250 429
250 431
250 434
250 439
250 442
250 444
250 446
250 448
250 449
250 450
250 451
250 452
250 453
250 455
250 456
250 459
250 461
250 462
250 465
250 466
250 468
250 470
250 473
250 474
250 475
250 478
250 480
250 481
250 482
250 483
250 487
250 488
250 489
250 490
250 491
250 498
250 500
250 503
250 504
250 506
250 508
250 511
250 515
250 517
250 519
250 525
250 526
250 527
250 528
250 529
250 530
250 534
250 536
250 538
250 544
250 545
250 546
250 549
250 552
250 554
250 557
250 558
250 559
250 562
250 564
250 565
250 570
250 571
250 572
250 573
250 574
250 576
250 577
250 578
250 580
250 584
250 587
250 593
250 594
250 595
250 597
250 598
250 599
250 600
250 602
250 604
250 607
250 608
250 610
250 611
250 612
250 613
250 615
250 616
250 618
250 620
250 622
250 623
250 625
250 628
250 629
250 630
250 634
250 637
250 640
250 642
250 644
250 646
250 648
250 649
250 651
250 652
250 654
250 655
250 656
250 657
250 658
250 659
250 662
250 663
250 665
250 669
250 672
250 673
250 677
250 678
250 679
250 680
250 682
250 683
250 684
250 686
250 690
250 693
250 694
250 695
250 698
250 699
250 700
250 702
250 704
250 706
250 707
250 708
250 709
250 713
250 715
250 719
250 720
250 721
250 727
250 728
250 729
250 730
250 734
250 736
250 738
250 739
250 740
250 741
250 742
250 744
250 745
250 746
250 751
250 752
250 753
250 754
250 755
250 756
250 759
250 760
250 764
250 765
250 770
250 771
250 774
250 776
250 777
250 780
250 785
250 786
250 788
250 789
250 790
250 792
250 796
250 797
250 798
250 799
250 800
251 401
251 403
251 407
251 411
251 413
251 417
251 418
251 422
251 428
251 431
251 433
251 435
251 438
251 439
251 440
251 444
251 448
251 449
251 450
251 451
251 453
251 454
251 456
251 457
251 459
251 460
251 461
251 463
251 466
251 468
251 470
251 473
251 476
251 477
251 479
251 482
251 483
251 485
251 486
251 488
251 492
251 493
251 497
251 498
251 499
251 501
251 502
251 505
251 508
251 510
251 512
251 513
251 514
251 519
251 520
251 522
251 524
251 525
251 526
251 527
251 531
251 533
251 539
251 541
251 544
251 545
251 547
251 552
251 554
251 558
251 559
251 560
251 563
251 566
251 567
251 568
251 569
251 571
251 572
251 575
251 576
251 577
251 578
251 579
251 580
251 584
251 585
251 586
251 587
251 590
251 591
251 596
251 597
251 598
251 599
251 602
251 604
251 607
251 609
251 610
251 611
251 612
251 613
251 620
251 621
251 622
251 625
251 628
251 629
251 630
251 632
251 636
251 638
251 641
251 642
251 644
251 647
251 650
251 651
251 652
251 653
251 654
251 657
251 658
251 663
251 666
251 669
251 671
251 677
251 678
251 680
251 684
251 686
251 689
251 691
251 692
251 693
251 695
251 699
251 701
251 704
251 710
251 712
251 713
251 714
251 715
251 716
251 717
251 718
251 720
251 721
251 722
251 724
251 725
251 727
251 728
251 729
251 730
251 732
251 733
251 735
251 736
251 739
251 740
251 744
251 746
251 751
251 752
251 757
251 758
251 760
251 761
251 762
251 767
251 768
251 769
251 771
251 774
251 778
251 779
251 781
251 782
251 783
251 784
251 785
251 787
251 788
251 789
251 790
251 793
251 794
251 795
251 798
251 799
251 800
252 403
252 404
252 405
252 407
252 411
252 414
252 418
252 422
252 424
252 425
252 426
252 428
252 429
252 431
252 433
252 434
252 437
252 439
252 440
252 441
252 447
252 449
252 454
252 458
252 460
252 462
252 463
252 467
252 468
252 469
252 473
252 477
252 478
252 479
252 481
252 482
252 485
252 489
252 490
252 492
252 493
252 494
252 496
252 497
252 498
252 499
252 502
252 505
252 507
252 508
252 513
252 514
252 515
252 516
252 518
252 520
252 523
252 524
252 528
252 529
252 530
252 534
252 536
252 543
252 544
252 547
252 549
252 550
252 552
252 555
252 556
252 557
252 558
252 560
252 563
252 564
252 565
252 566
252 571
252 577
252 582
252 585
252 586
252 587
252 588
252 589
252 590
252 591
252 596
252 597
252 598
252 599
252 600
252 602
252 603
252 604
252 606
252 607
252 611
252 614
252 615
252 617
252 618
252 620
252 621
252 622
252 623
252 626
252 629
252 630
252 631
252 634
252 635
252 638
252 639
252 641
252 643
252 646
252 647
252 648
252 649
252 650
252 651
252 654
252 655
252 656
252 657
252 659
252 660
252 662
252 663
252 664
252 667
252 668
252 673
252 674
252 675
252 676
252 678
252 679
252 680
252 681
252 682
252 683
252 684
252 685
252 687
252 688
252 692
252 693
252 694
252 696
252 697
252 700
252 706
252 708
252 712
252 713
252 715
252 717
252 721
252 722
252 725
252 726
252 727
252 729
252 730
252 731
252 733
252 742
252 743
252 745
252 746
252 747
252 751
252 752
252 756
252 757
252 760
252 761
252 762
252 763
252 765
252 766
252 767
252 768
252 770
252 774
252 775
252 777
252 778
252 779
252 781
252 783
252 784
252 786
252 791
252 792
252 793
252 795
252 796
252 799
252 800
253 403
253 407
253 409
253 410
253 411
253 412
253 413
253 414
253 418
253 419
253 421
253 422
253 425
253 428
253 429
253 430
253 437
253 441
253 442
253 443
253 444
253 445
253 446
253 450
253 451
253 453
253 454
253 455
253 457
253 460
253 462
253 463
253 464
253 465
253 466
253 467
253 468
253 471
253 474
253 475
253 477
253 479
253 480
253 484
253 485
253 487
253 488
253 489
253 490
253 492
253 496
253 497
253 499
253 500
253 505
253 507
253 508
253 509
253 512
253 513
253 514
253 516
253 517
253 518
253 520
253 524
253 526
253 529
253 532
253 533
253 538
253 540
253 541
253 542
253 543
253 545
253 547
253 548
253 549
253 557
253 558
253 559
253 561
253 563
253 564
253 567
253 568
253 571
253 574
253 577
253 579
253 580
253 581
253 583
253 584
253 586
253 589
253 592
253 593
253 594
253 596
253 597
253 598
253 601
253 610
253 611
253 614
253 615
253 616
253 618
253 621
253 622
253 625
253 628
253 629
253 632
253 633
253 635
253 636
253 639
253 641
253 649
253 652
253 653
253 656
253 657
253 658
253 659
253 660
253 661
253 663
253 665
253 666
253 667
253 668
253 669
253 670
253 675
253 676
253 679
253 680
253 681
253 682
253 684
253 685
253 692
253 696
253 697
253 699
253 701
253 702
253 707
253 711
253 712
253 714
253 718
253 719
253 725
253 726
253 727
253 728
253 729
253 731
253 732
253 736
253 737
253 738
253 741
253 747
253 750
253 753
253 754
253 755
253 756
253 757
253 759
253 763
253 764
253 765
253 766
253 767
253 768
253 769
253 770
253 773
253 775
253 778
253 779
253 781
253 782
253 783
253 784
253 786
253 790
253 792
253 793
253 796
253 797
253 799
253 800
254 401
254 405
254 406
254 407
254 408
254 409
254 410
254 411
254 413
254 415
254 416
254 419
254 420
254 423
254 426
254 427
254 428
254 429
254 430
254 431
254 434
254 435
254 437
254 439
254 440
254 442
254 443
254 446
254 448
254 450
254 451
254 452
254 456
254 457
254 460
254 461
254 463
254 464
254 467
254 471
254 472
254 473
254 474
254 478
254 480
254 484
254 485
254 486
254 488
254 489
254 496
254 497
254 501
254 503
254 505
254 507
254 508
254 515
254 516
254 517
254 518
254 523
254 524
254 527
254 530
254 533
254 535
254 537
254 538
254 539
254 540
254 541
254 544
254 548
254 553
254 556
254 557
254 558
254 559
254 561
254 563
254 565
254 567
254 568
254 569
254 570
254 571
254 572
254 573
254 574
254 575
254 576
254 577
254 579
254 580
254 583
254 584
254 585
254 586
254 595
254 597
254 598
254 600
254 603
254 605
254 606
254 610
254 611
254 614
254 615
254 616
254 617
254 620
254 622
254 623
254 624
254 625
254 626
254 627
254 628
254 631
254 636
254 637
254 640
254 641
254 643
254 644
254 645
254 646
254 647
254 648
254 649
254 652
254 654
254 656
254 659
254 661
254 664
254 668
254 671
254 672
254 673
254 674
254 677
254 679
254 681
254 682
254 683
254 684
254 687
254 690
254 692
254 694
254 695
254 700
254 702
254 703
254 704
254 705
254 706
254 708
254 710
254 711
254 712
254 714
254 717
254 718
254 720
254 721
254 722
254 723
254 724
254 727
254 728
254 730
254 733
254 734
254 735
254 739
254 742
254 743
254 745
254 747
254 748
254 749
254 752
254 754
254 759
254 760
254 761
254 765
254 770
254 772
254 779
254 785
254 786
254 790
254 793
254 794
254 795
254 797
254 798
255 401
255 402
255 403
255 406
255 407
255 415
255 416
255 417
255 421
255 423
255 425
255 426
255 427
255 430
255 432
255 433
255 435
255 437
255 438
255 441
255 445
255 447
255 449
255 450
255 451
255 452
255 454
255 456
255 461
255 462
255 463
255 464
255 465
255 467
255 468
255 470
255 472
255 475
255 477
255 480
255 483
255 486
255 489
255 492
255 493
255 494
255 496
255 497
255 499
255 502
255 507
255 508
255 510
255 511
255 512
255 513
255 514
255 515
255 519
255 523
255 524
255 528
255 532
255 533
255 536
255 537
255 538
255 539
255 540
255 542
255 544
255 545
255 546
255 548
255 550
255 551
255 552
255 553
255 557
255 559
255 560
255 561
255 564
255 566
255 568
255 569
255 570
255 575
255 576
255 578
255 579
255 581
255 583
255 586
255 587
255 588
255 589
255 590
255 594
255 597
255 598
255 599
255 600
255 602
255 603
255 604
255 606
255 607
255 610
255 614
255 615
255 625
255 627
255 628
255 630
255 631
255 632
255 635
255 636
255 637
255 638
255 640
255 641
255 642
255 643
255 644
255 645
255 649
255 652
255 653
255 657
255 659
255 663
255 666
255 668
255 671
255 674
255 675
255 676
255 678
255 679
255 680
255 682
255 683
255 685
255 686
255 690
255 693
255 695
255 698
255 701
255 705
255 706
255 711
255 714
255 716
255 719
255 725
255 726
255 727
255 730
255 731
255 733
255 735
255 738
255 740
255 741
255 745
255 746
255 747
255 749
255 751
255 752
255 754
255 756
255 758
255 759
255 761
255 765
255 768
255 769
255 770
255 771
255 772
255 774
255 776
255 777
255 778
255 779
255 780
255 781
255 782
255 786
255 787
255 789
255 790
255 792
255 796
255 800
256 403
256 406
256 407
256 408
256 409
256 412
256 414
256 415
256 416
256 418
256 421
256 422
256 424
256 426
256 427
256 428
256 430
256 431
256 432
256 433
256 434
256 435
256 437
256 438
256 439
256 442
256 444
256 445
256 447
256 448
256 454
256 455
256 456
256 459
256 461
256 463
256 465
256 467
256 468
256 470
256 473
256 476
256 477
256 478
256 479
256 487
256 489
256 492
256 495
256 496
256 499
256 501
256 502
256 503
256 504
256 506
256 508
256 509
256 511
256 512
256 515
256 516
256 518
256 519
256 520
256 521
256 522
256 524
256 525
256 529
256 530
256 531
256 533
256 536
256 537
256 538
256 541
256 545
256 547
256 548
256 550
256 553
256 554
256 555
256 556
256 559
256 560
256 561
256 562
256 563
256 567
256 568
256 569
256 571
256 572
256 573
256 574
256 577
256 579
256 589
256 591
256 596
256 597
256 599
256 600
256 601
256 603
256 610
256 611
256 612
256 615
256 616
256 617
256 618
256 620
256 625
256 628
256 630
256 631
256 634
256 639
256 644
256 646
256 648
256 650
256 653
256 654
256 657
256 659
256 661
256 662
256 665
256 668
256 669
256 671
256 672
256 674
256 676
256 680
256 682
256 683
256 685
256 692
256 696
256 698
256 700
256 701
256 708
256 710
256 715
256 717
256 718
256 720
256 721
256 722
256 725
256 726
256 727
256 730
256 732
256 734
256 736
256 739
256 741
256 743
256 745
256 746
256 747
256 749
256 751
256 752
256 753
256 754
256 757
256 762
256 765
256 766
256 767
256 768
256 769
256 771
256 777
256 778
256 781
256 784
256 786
256 790
256 791
256 792
256 793
256 796
256 798
257 405
257 408
257 413
257 414
257 415
257 417
257 419
257 421
257 422
257 423
257 425
257 426
257 427
257 429
257 430
257 432
257 435
257 436
257 438
257 439
257 441
257 443
257 445
257 446
257 448
257 449
257 453
257 454
257 456
257 457
257 458
257 461
257 463
257 464
257 465
257 469
257 472
257 473
257 474
257 476
257 481
257 482
257 483
257 484
257 485
257 487
257 490
257 491
257 493
257 495
257 497
257 502
257 505
257 507
257 509
257 513
257 514
257 515
257 519
257 522
257 526
257 527
257 528
257 530
257 532
257 533
257 535
257 536
257 539
257 541
257 542
257 544
257 546
257 548
257 555
257 557
257 558
257 560
257 561
257 562
257 563
257 564
257 566
257 567
257 570
257 571
257 572
257 574
257 576
257 577
257 578
257 581
257 583
257 584
257 585
257 588
257 589
257 592
257 593
257 598
257 600
257 601
257 604
257 605
257 606
257 608
257 609
257 614
257 616
257 617
257 619
257 622
257 625
257 627
257 628
257 629
257 631
257 632
257 633
257 634
257 635
257 636
257 639
257 641
257 642
257 644
257 645
257 647
257 649
257 650
257 652
257 655
257 656
257 657
257 661
257 664
257 665
257 668
257 670
257 671
257 672
257 675
257 680
257 682
257 685
257 687
257 688
257 691
257 694
257 698
257 699
257 701
257 704
257 705
257 707
257 708
257 709
257 710
257 712
257 714
257 716
257 718
257 720
257 724
257 725
257 726
257 728
257 730
257 732
257 735
257 737
257 738
257 739
257 740
257 742
257 745
257 746
257 747
257 748
257 750
257 752
257 754
257 755
257 756
257 759
257 761
257 762
257 763
257 764
257 766
257 768
257 771
257 776
257 777
257 778
257 779
257 781
257 782
257 783
257 784
257 786
257 787
257 792
257 793
257 797
257 798
257 800
258 402
258 403
258 404
258 408
258 410
258 411
258 412
258 413
258 414
258 416
258 419
258 422
258 424
258 425
258 429
258 431
258 432
258 433
258 435
258 436
258 437
258 438
258 439
258 442
258 445
258 446
258 447
258 449
258 451
258 453
258 454
258 455
258 456
258 457
258 459
258 462
258 463
258 467
258 469
258 475
258 478
258 479
258 480
258 481
258 483
258 486
258 489
258 492
258 496
258 497
258 499
258 500
258 502
258 504
258 507
258 508
258 510
258 512
258 513
258 516
258 517
258 518
258 520
258 521
258 525
258 527
258 529
258 533
258 536
258 538
258 541
258 543
258 544
258 545
258 546
258 548
258 549
258 553
258 556
258 562
258 563
258 564
258 565
258 567
258 568
258 569
258 570
258 572
258 574
258 578
258 579
258 581
258 583
258 585
258 586
258 587
258 591
258 592
258 593
258 594
258 595
258 598
258 599
258 600
258 601
258 602
258 603
258 605
258 607
258 609
258 611
258 612
258 614
258 616
258 623
258 624
258 625
258 630
258 631
258 632
258 633
258 634
258 635
258 636
258 638
258 640
258 642
258 643
258 645
258 647
258 653
258 654
258 660
258 664
258 665
258 666
258 668
258 669
258 670
258 671
258 672
258 673
258 674
258 675
258 676
258 677
258 680
258 684
258 685
258 691
258 696
258 699
258 700
258 701
258 703
258 704
258 706
258 709
258 710
258 715
258 717
258 722
258 723
258 725
258 726
258 728
258 731
258 733
258 734
258 735
258 736
258 738
258 740
258 741
258 743
258 744
258 746
258 747
258 748
258 752
258 756
258 757
258 760
258 761
258 762
258 764
258 766
258 767
258 769
258 772
258 774
258 775
258 777
258 779
258 780
258 781
258 783
258 787
258 788
258 792
258 795
258 796
258 797
259 401
259 402
259 403
259 405
259 406
259 407
259 412
259 414
259 415
259 417
259 418
259 420
259 421
259 423
259 424
259 427
259 429
259 433
259 440
259 442
259 446
259 447
259 451
259 452
259 455
259 457
259 462
259 463
259 464
259 465
259 467
259 472
259 473
259 474
259 478
259 480
259 482
259 483
259 484
259 485
259 490
259 491
259 492
259 493
259 494
259 498
259 499
259 500
259 503
259 505
259 506
259 509
259 511
259 513
259 516
259 520
259 525
259 527
259 530
259 531
259 533
259 535
259 536
259 539
259 540
259 541
259 542
259 544
259 546
259 554
259 555
259 560
259 561
259 562
259 569
259 570
259 571
259 572
259 576
259 577
259 580
259 581
259 582
259 586
259 587
259 588
259 589
259 591
259 593
259 595
259 597
259 599
259 600
259 603
259 605
259 607
259 615
259 616
259 617
259 618
259 619
259 620
259 622
259 624
259 625
259 626
259 627
259 630
259 631
259 633
259 635
259 637
259 638
259 641
259 642
259 643
259 648
259 649
259 650
259 651
259 652
259 654
259 655
259 657
259 662
259 663
259 664
259 665
259 666
259 667
259 668
259 672
259 674
259 675
259 678
259 680
259 681
259 682
259 683
259 688
259 689
259 692
259 693
259 697
259 698
259 699
259 701
259 704
259 705
259 710
259 711
259 712
259 714
259 716
259 720
259 721
259 722
259 723
259 726
259 727
259 729
259 731
259 733
259 734
259 735
259 736
259 737
259 739
259 741
259 742
259 743
259 744
259 746
259 747
259 748
259 751
259 754
259 757
259 758
259 762
259 763
259 767
259 768
259 771
259 772
259 774
259 775
259 776
259 777
259 779
259 783
259 784
259 785
259 787
259 788
259 789
259 791
259 792
259 793
259 795
259 797
259 798
259 799
259 800
260 401
260 402
260 403
260 405
260 406
260 407
260 408
260 410
260 414
260 415
260 420
260 421
260 422
260 425
260 426
260 428
260 429
260 430
260 431
260 433
260 434
260 436
260 439
260 440
260 441
260 442
260 445
260 447
260 448
260 450
260 451
260 452
260 453
260 454
260 455
260 457
260 461
260 464
260 465
260 466
260 467
260 468
260 472
260 473
260 474
260 475
260 476
260 481
260 482
260 483
260 484
260 485
260 487
260 488
260 489
260 491
260 494
260 496
260 497
260 498
260 501
260 502
260 505
260 508
260 509
260 511
260 514
260 515
260 516
260 518
260 519
260 522
260 527
260 529
260 533
260 536
260 537
260 539
260 540
260 541
260 542
260 544
260 546
260 548
260 550
260 552
260 553
260 558
260 559
260 561
260 562
260 565
260 566
260 567
260 568
260 571
260 576
260 577
260 582
260 583
260 584
260 585
260 586
260 587
260 588
260 589
260 592
260 594
260 596
260 599
260 600
260 601
260 604
260 605
260 607
260 608
260 613
260 615
260 617
260 619
260 622
260 623
260 624
260 626
260 627
260 630
260 631
260 632
260 634
260 635
260 636
260 637
260 642
260 643
260 645
260 647
260 649
260 650
260 651
260 653
260 657
260 659
260 661
260 663
260 664
260 666
260 667
260 668
260 674
260 675
260 679
260 681
260 685
260 686
260 687
260 690
260 693
260 694
260 695
260 697
260 698
260 699
260 700
260 703
260 706
260 707
260 710
260 711
260 712
260 713
260 715
260 716
260 719
260 720
260 722
260 723
260 724
260 725
260 726
260 727
260 728
260 729
260 730
260 732
260 734
260 735
260 736
260 738
260 739
260 740
260 742
260 744
260 745
260 746
260 748
260 749
260 750
260 755
260 759
260 760
260 761
260 763
260 764
260 765
260 769
260 771
260 773
260 775
260 776
260 777
260 778
260 780
260 781
260 782
260 784
260 785
260 786
260 787
260 788
260 789
260 794
260 796
260 797
261 401
261 404
261 413
261 414
261 415
261 417
261 418
261 419
261 421
261 422
261 423
261 425
261 427
261 430
261 431
261 432
261 436
261 437
261 441
261 447
261 448
261 449
261 450
261 455
261 457
261 458
261 464
261 467
261 468
261 469
261 471
261 474
261 475
261 477
261 479
261 480
261 481
261 483
261 484
261 485
261 486
261 487
261 492
261 496
261 497
261 500
261 502
261 504
261 505
261 506
261 509
261 510
261 512
261 513
261 516
261 517
261 520
261 524
261 525
261 526
261 528
261 531
261 532
261 536
261 537
261 540
261 541
261 542
261 544
261 550
261 552
261 554
261 556
261 557
261 559
261 560
261 562
261 565
261 567
261 568
261 570
261 571
261 572
261 574
261 576
261 579
261 584
261 586
261 588
261 591
261 594
261 595
261 596
261 597
261 599
261 600
261 601
261 602
261 604
261 606
261 607
261 608
261 611
261 612
261 614
261 615
261 617
261 618
261 620
261 622
261 627
261 632
261 633
261 635
261 637
261 638
261 640
261 641
261 646
261 647
261 648
261 649
261 650
261 653
261 656
261 658
261 659
261 660
261 661
261 664
261 669
261 672
261 676
261 678
261 679
261 680
261 681
261 682
261 683
261 684
261 689
261 691
261 692
261 693
261 694
261 696
261 697
261 698
261 702
261 703
261 706
261 708
261 710
261 711
261 713
261 714
261 715
261 717
261 718
261 719
261 721
261 723
261 725
261 729
261 731
261 734
261 740
261 741
261 743
261 744
261 746
261 747
261 748
261 749
261 750
261 752
261 753
261 754
261 755
261 757
261 759
261 764
261 765
261 766
261 767
261 769
261 770
261 771
261 774
261 775
261 777
261 783
261 787
261 788
261 789
261 790
261 791
261 792
261 794
261 795
261 796
261 797
261 798
261 799
262 404
262 405
262 408
262 409
262 410
262 412
262 413
262 415
262 420
262 422
262 423
262 427
262 430
262 431
262 432
262 433
262 436
262 437
262 439
262 440
262 444
262 445
262 447
262 448
262 452
262 453
262 454
262 456
262 457
262 459
262 463
262 464
262 465
262 466
262 467
262 468
262 469
262 470
262 471
262 473
262 474
262 478
262 483
262 484
262 488
262 490
262 491
262 497
262 498
262 501
262 502
262 508
262 509
262 510
262 513
262 514
262 517
262 519
262 520
262 523
262 529
262 534
262 538
262 539
262 540
262 541
262 543
262 544
262 545
262 547
262 548
262 549
262 552
262 554
262 556
262 557
262 559
262 562
262 563
262 564
262 566
262 568
262 569
262 570
262 573
262 574
262 575
262 584
262 585
262 590
262 592
262 593
262 594
262 596
262 597
262 598
262 599
262 600
262 601
262 602
262 603
262 604
262 605
262 606
262 607
262 610
262 611
262 613
262 617
262 620
262 621
262 622
262 624
262 628
262 629
262 631
262 632
262 633
262 635
262 636
262 637
262 639
262 642
262 644
262 645
262 648
262 649
262 650
262 651
262 653
262 658
262 659
262 660
262 662
262 664
262 665
262 666
262 667
262 668
262 669
262 671
262 672
262 676
262 678
262 681
262 683
262 684
262 685
262 686
262 689
262 690
262 691
262 692
262 694
262 695
262 697
262 699
262 702
262 706
262 711
262 712
262 715
262 718
262 719
262 720
262 721
262 724
262 725
262 726
262 727
262 729
262 733
262 737
262 738
262 739
262 740
262 743
262 744
262 746
262 747
262 748
262 751
262 753
262 754
262 756
262 757
262 758
262 763
262 764
262 767
262 769
262 772
262 773
262 774
262 776
262 777
262 778
262 779
262 780
262 782
262 786
262 788
262 789
262 790
262 793
262 796
262 797
263 401
263 403
263 409
263 410
263 411
263 413
263 415
263 421
263 424
263 426
263 429
263 430
263 433
263 435
263 436
263 437
263 438
263 444
263 447
263 448
263 451
263 452
263 454
263 455
263 456
263 457
263 458
263 459
263 461
263 463
263 464
263 466
263 468
263 471
263 472
263 473
263 474
263 475
263 484
263 489
263 490
263 492
263 494
263 495
263 497
263 499
263 500
263 503
263 504
263 507
263 508
263 512
263 513
263 514
263 515
263 516
263 519
263 520
263 524
263 525
263 526
263 527
263 529
263 534
263 535
263 536
263 539
263 541
263 543
263 545
263 547
263 549
263 551
263 553
263 558
263 562
263 564
263 568
263 570
263 571
263 572
263 575
263 577
263 580
263 581
263 585
263 586
263 587
263 589
263 594
263 595
263 596
263 597
263 602
263 603
263 604
263 607
263 609
263 610
263 611
263 614
263 615
263 619
263 621
263 626
263 627
263 628
263 630
263 633
263 638
263 639
263 640
263 642
263 646
263 648
263 650
263 653
263 654
263 657
263 658
263 659
263 663
263 666
263 667
263 668
263 669
263 671
263 672
263 673
263 674
263 679
263 681
263 683
263 684
263 686
263 688
263 691
263 695
263 698
263 700
263 704
263 705
263 707
263 708
263 710
263 715
263 717
263 719
263 720
263 721
263 722
263 723
263 724
263 727
263 729
263 730
263 731
263 735
263 737
263 739
263 740
263 741
263 742
263 744
263 745
263 746
263 747
263 748
263 750
263 752
263 753
263 754
263 755
263 758
263 759
263 760
263 762
263 766
263 767
263 768
263 769
263 774
263 777
263 778
263 779
263 781
263 783
263 789
263 790
263 793
263 794
263 797
263 799
264 401
264 402
264 404
264 405
264 407
264 409
264 411
264 412
264 414
264 415
264 418
264 419
264 422
264 425
264 426
264 428
264 429
264 430
264 431
264 434
264 439
264 442
264 446
264 447
264 452
264 453
264 455
264 458
264 459
264 460
264 461
264 462
264 465
264 467
264 469
264 471
264 472
264 473
264 474
264 475
264 476
264 478
264 479
264 481
264 482
264 489
264 490
264 492
264 493
264 495
264 497
264 499
264 500
264 501
264 502
264 506
264 508
264 509
264 511
264 513
264 517
264 521
264 522
264 527
264 529
264 530
264 531
264 532
264 533
264 536
264 538
264 539
264 541
264 542
264 543
264 544
264 547
264 550
264 551
264 553
264 556
264 559
264 560
264 562
264 564
264 565
264 566
264 569
264 574
264 577
264 579
264 580
264 584
264 587
264 588
264 590
264 591
264 593
264 594
264 595
264 596
264 597
264 598
264 599
264 600
264 601
264 604
264 605
264 606
264 607
264 609
264 612
264 614
264 616
264 620
264 621
264 624
264 627
264 628
264 630
264 633
264 634
264 635
264 636
264 637
264 638
264 639
264 640
264 642
264 643
264 645
264 646
264 647
264 648
264 652
264 653
264 655
264 657
264 658
264 661
264 662
264 663
264 664
264 665
264 669
264 670
264 675
264 676
264 680
264 682
264 684
264 687
264 689
264 691
264 693
264 694
264 698
264 701
264 702
264 703
264 706
264 707
264 708
264 709
264 710
264 712
264 713
264 714
264 715
264 716
264 717
264 720
264 721
264 722
264 723
264 726
264 729
264 730
264 731
264 732
264 733
264 736
264 737
264 740
264 741
264 742
264 744
264 750
264 752
264 755
264 758
264 759
264 762
264 763
264 765
264 770
264 771
264 772
264 773
264 778
264 779
264 783
264 784
264 788
264 790
264 793
264 796
264 798
264 800
265 404
265 405
265 406
265 407
265 409
265 410
265 421
265 422
265 423
265 427
265 430
265 434
265 435
265 436
265 439
265 440
265 441
265 443
265 444
265 448
265 451
265 453
265 455
265 457
265 459
265 466
265 468
265 470
265 471
265 472
265 474
265 475
265 476
265 477
265 479
265 482
265 484
265 486
265 487
265 489
265 490
265 491
265 494
265 496
265 497
265 500
265 503
265 505
265 506
265 512
265 513
265 514
265 515
265 516
265 519
265 521
265 522
265 526
265 527
265 528
265 529
265 532
265 535
265 536
265 537
265 538
265 539
265 542
265 545
265 547
265 548
265 549
265 550
265 552
265 555
265 556
265 557
265 558
265 559
265 560
265 562
265 565
265 566
265 567
265 568
265 569
265 570
265 572
265 575
265 578
265 579
265 580
265 581
265 582
265 585
265 587
265 590
265 591
265 592
265 594
265 597
265 598
265 599
265 600
265 601
265 602
265 603
265 604
265 608
265 610
265 611
265 615
265 616
265 618
265 619
265 620
265 621
265 624
265 625
265 626
265 627
265 630
265 631
265 633
265 634
265 635
265 638
265 639
265 640
265 641
265 643
265 647
265 650
265 651
265 652
265 654
265 655
265 656
265 658
265 662
265 664
265 666
265 668
265 670
265 674
265 676
265 679
265 681
265 684
265 685
265 687
265 688
265 689
265 690
265 693
265 694
265 695
265 697
265 699
265 700
265 701
265 703
265 705
265 707
265 709
265 710
265 711
265 712
265 714
265 715
265 717
265 719
265 725
265 726
265 728
265 730
265 732
265 733
265 734
265 735
265 736
265 737
265 738
265 739
265 740
265 742
265 743
265 744
265 745
265 748
265 754
265 755
265 757
265 758
265 760
265 761
265 764
265 766
265 770
265 771
265 772
265 773
265 776
265 783
265 784
265 785
265 787
265 788
265 791
265 792
265 795
265 796
265 799
266 401
266 402
266 403
266 406
266 409
266 410
266 412
266 414
266 415
266 416
266 417
266 418
266 419
266 420
266 421
266 422
266 425
266 431
266 432
266 433
266 434
266 438
266 439
266 441
266 445
266 447
266 449
266 450
266 451
266 452
266 453
266 457
266 461
266 463
266 464
266 465
266 468
266 469
266 470
266 471
266 473
266 474
266 476
266 477
266 478
266 479
266 482
266 483
266 486
266 487
266 489
266 492
266 497
266 498
266 500
266 501
266 508
266 509
266 510
266 511
266 513
266 515
266 516
266 517
266 519
266 522
266 526
266 527
266 530
266 532
266 534
266 535
266 538
266 539
266 540
266 542
266 543
266 544
266 546
266 547
266 548
266 549
266 550
266 551
266 553
266 555
266 556
266 557
266 559
266 563
266 566
266 570
266 571
266 574
266 576
266 577
266 578
266 581
266 582
266 583
266 584
266 586
266 588
266 589
266 591
266 595
266 596
266 598
266 599
266 600
266 602
266 608
266 610
266 611
266 613
266 616
266 619
266 620
266 627
266 628
266 629
266 633
266 634
266 635
266 636
266 639
266 641
266 643
266 646
266 649
266 650
266 651
266 653
266 655
266 657
266 658
266 668
266 669
266 672
266 673
266 674
266 677
266 679
266 680
266 681
266 682
266 683
266 687
266 689
266 690
266 694
266 695
266 696
266 697
266 700
266 701
266 703
266 704
266 705
266 706
266 707
266 708
266 710
266 711
266 712
266 713
266 717
266 718
266 720
266 721
266 722
266 723
266 724
266 726
266 729
266 732
266 735
266 736
266 738
266 741
266 742
266 744
266 745
266 747
266 756
266 757
266 759
266 761
266 763
266 768
266 769
266 772
266 775
266 782
266 783
266 787
266 789
266 790
266 791
266 797
266 798
266 800
267 402
267 405
267 408
267 409
267 410
267 413
267 414
267 415
267 418
267 419
267 422
267 423
267 427
267 428
267 429
267 430
267 431
267 432
267 436
267 437
267 442
267 445
267 447
267 454
267 455
267 456
267 463
267 464
267 467
267 469
267 470
267 473
267 474
267 475
267 476
267 478
267 484
267 486
267 490
267 492
267 496
267 498
267 499
267 502
267 504
267 505
267 506
267 507
267 509
267 511
267 512
267 513
267 514
267 515
267 517
267 520
267 522
267 527
267 529
267 533
267 534
267 536
267 540
267 541
267 542
267 544
267 546
267 547
267 548
267 549
267 550
267 551
267 555
267 556
267 558
267 562
267 563
267 564
267 566
267 567
267 568
267 569
267 570
267 571
267 576
267 579
267 580
267 584
267 585
267 587
267 588
267 589
267 591
267 592
267 593
267 594
267 596
267 599
267 600
267 601
267 603
267 604
267 605
267 606
267 607
267 608
267 609
267 611
267 613
267 615
267 616
267 619
267 620
267 621
267 622
267 623
267 626
267 629
267 632
267 634
267 635
267 639
267 641
267 642
267 643
267 645
267 649
267 653
267 658
267 661
267 662
267 663
267 667
267 668
267 670
267 673
267 675
267 677
267 678
267 681
267 682
267 688
267 691
267 693
267 694
267 696
267 697
267 699
267 705
267 706
267 708
267 709
267 712
267 713
267 717
267 719
267 723
267 728
267 731
267 732
267 733
267 735
267 738
267 740
267 741
267 747
267 749
267 753
267 754
267 755
267 756
267 758
267 763
267 768
267 772
267 773
267 774
267 775
267 776
267 780
267 781
267 783
267 784
267 786
267 791
267 792
267 794
267 796
267 799
267 800
268 401
268 405
268 407
268 408
268 410
268 412
268 413
268 414
268 418
268 419
268 420
268 421
268 424
268 425
268 426
268 427
268 431
268 432
268 434
268 435
268 439
268 440
268 442
268 444
268 445
268 446
268 447
268 448
268 451
268 454
268 455
268 456
268 457
268 458
268 461
268 462
268 465
268 466
268 467
268 469
268 472
268 475
268 476
268 477
268 481
268 485
268 486
268 488
268 489
268 490
268 495
268 497
268 498
268 500
268 503
268 504
268 507
268 508
268 512
268 513
268 514
268 516
268 517
268 519
268 524
268 525
268 526
268 527
268 531
268 536
268 537
268 538
268 542
268 543
268 544
268 545
268 546
268 548
268 553
268 554
268 557
268 559
268 560
268 561
268 562
268 563
268 565
268 572
268 574
268 575
268 576
268 577
268 579
268 581
268 583
268 585
268 589
268 590
268 597
268 598
268 603
268 608
268 609
268 611
268 612
268 614
268 616
268 621
268 625
268 628
268 630
268 632
268 633
268 635
268 639
268 640
268 642
268 643
268 644
268 646
268 648
268 650
268 651
268 652
268 653
268 655
268 657
268 658
268 659
268 661
268 662
268 663
268 664
268 667
268 668
268 670
268 671
268 672
268 674
268 675
268 676
268 677
268 679
268 681
268 683
268 685
268 686
268 689
268 693
268 694
268 695
268 698
268 700
268 701
268 704
268 705
268 706
268 709
268 711
268 712
268 715
268 718
268 719
268 720
268 724
268 727
268 729
268 734
268 735
268 736
268 737
268 740
268 744
268 745
268 746
268 747
268 748
268 752
268 753
268 756
268 758
268 760
268 768
268 770
268 771
268 774
268 775
268 779
268 780
268 787
268 788
268 789
268 790
268 794
268 795
268 797
268 798
268 800
269 401
269 403
269 404
269 405
269 407
269 409
269 412
269 413
269 415
269 416
269 417
269 419
269 420
269 421
269 423
269 424
269 425
269 428
269 432
269 433
269 434
269 435
269 436
269 437
269 441
269 445
269 446
269 447
269 448
269 452
269 454
269 455
269 456
269 458
269 460
269 462
269 463
269 464
269 465
269 468
269 469
269 473
269 474
269 475
269 476
269 478
269 481
269 482
269 487
269 489
269 491
269 495
269 497
269 499
269 503
269 504
269 505
269 506
269 508
269 512
269 513
269 514
269 516
269 518
269 519
269 520
269 521
269 522
269 523
269 524
269 527
269 528
269 529
269 532
269 535
269 536
269 537
269 538
269 539
269 541
269 542
269 544
269 549
269 551
269 552
269 553
269 556
269 557
269 558
269 559
269 560
269 561
269 564
269 567
269 568
269 572
269 573
269 574
269 575
269 576
269 577
269 579
269 581
269 585
269 586
269 587
269 590
269 592
269 593
269 594
269 595
269 598
269 601
269 602
269 605
269 606
269 608
269 609
269 611
269 612
269 613
269 614
269 615
269 616
269 617
269 618
269 623
269 625
269 628
269 631
269 634
269 635
269 636
269 638
269 639
269 645
269 647
269 648
269 649
269 650
269 651
269 652
269 653
269 655
269 657
269 658
269 659
269 660
269 661
269 663
269 665
269 670
269 672
269 679
269 681
269 682
269 685
269 689
269 691
269 692
269 693
269 694
269 695
269 701
269 702
269 704
269 705
269 706
269 707
269 708
269 710
269 712
269 713
269 717
269 718
269 719
269 721
269 722
269 727
269 729
269 736
269 739
269 740
269 746
269 747
269 748
269 749
269 750
269 751
269 754
269 755
269 756
269 759
269 760
269 761
269 762
269 763
269 764
269 769
269 770
269 773
269 774
269 776
269 777
269 780
269 783
269 784
269 785
269 789
269 790
269 791
269 792
269 795
269 796
269 797
270 401
270 402
270 403
270 405
270 406
270 407
270 408
270 414
270 415
270 416
270 417
270 418
270 424
270 426
270 428
270 429
270 432
270 434
270 436
270 437
270 438
270 439
270 442
270 443
270 446
270 447
270 448
270 449
270 450
270 451
270 452
270 456
270 457
270 458
270 460
270 461
270 462
270 464
270 465
270 469
270 470
270 471
270 475
270 478
270 479
270 481
270 482
270 483
270 491
270 495
270 496
270 499
270 500
270 501
270 504
270 505
270 507
270 511
270 513
270 515
270 517
270 519
270 521
270 522
270 524
270 526
270 527
270 528
270 530
270 531
270 540
270 542
270 544
270 546
270 547
270 549
270 550
270 553
270 556
270 558
270 559
270 560
270 561
270 562
270 563
270 565
270 566
270 568
270 570
270 574
270 583
270 588
270 589
270 590
270 592
270 595
270 596
270 597
270 598
270 604
270 606
270 607
270 608
270 609
270 610
270 614
270 618
270 619
270 621
270 622
270 623
270 625
270 626
270 628
270 630
270 631
270 632
270 634
270 637
270 638
270 639
270 640
270 641
270 642
270 644
270 646
270 649
270 650
270 656
270 657
270 658
270 659
270 660
270 663
270 665
270 666
270 667
270 668
270 670
270 672
270 673
270 674
270 680
270 681
270 683
270 684
270 686
270 687
270 690
270 691
270 692
270 696
270 697
270 698
270 699
270 701
270 703
270 705
270 706
270 709
270 710
270 711
270 712
270 713
270 717
270 718
270 719
270 722
270 724
270 725
270 728
270 729
270 733
270 734
270 735
270 739
270 740
270 742
270 744
270 748
270 749
270 751
270 754
270 755
270 756
270 757
270 759
270 762
270 763
270 764
270 765
270 767
270 769
270 770
270 773
270 775
270 776
270 779
270 787
270 789
270 791
270 792
270 795
270 796
270 798
270 799
271 401
271 402
271 403
271 404
271 406
271 407
271 408
271 414
271 415
271 418
271 419
271 421
271 422
271 423
271 424
271 425
271 427
271 428
271 432
271 433
271 435
271 437
271 438
271 443
271 444
271 453
271 455
271 456
271 457
271 459
271 462
271 463
271 465
271 467
271 471
271 472
271 474
271 477
271 478
271 480
271 481
271 483
271 484
271 485
271 486
271 487
271 488
271 489
271 490
271 491
271 492
271 493
271 494
271 495
271 497
271 499
271 500
271 501
271 506
271 508
271 509
271 510
271 512
271 516
271 519
271 520
271 525
271 526
271 532
271 533
271 535
271 536
271 538
271 539
271 540
271 543
271 545
271 546
271 549
271 551
271 552
271 554
271 556
271 558
271 559
271 560
271 561
271 569
271 573
271 574
271 578
271 580
271 582
271 583
271 585
271 586
271 587
271 588
271 590
271 592
271 594
271 596
271 598
271 599
271 603
271 604
271 605
271 606
271 607
271 609
271 611
271 612
271 615
271 618
271 621
271 625
271 627
271 628
271 632
271 634
271 635
271 638
271 639
271 640
271 641
271 642
271 646
271 647
271 649
271 651
271 653
271 654
271 657
271 658
271 661
271 664
271 666
271 670
271 671
271 672
271 677
271 678
271 679
271 682
271 684
271 686
271 687
271 688
271 689
271 690
271 695
271 696
271 697
271 698
271 701
271 702
271 703
271 706
271 709
271 710
271 713
271 714
271 716
271 717
271 718
271 719
271 720
271 722
271 723
271 725
271 726
271 728
271 729
271 730
271 731
271 735
271 737
271 738
271 745
271 748
271 749
271 750
271 751
271 753
271 756
271 757
271 759
271 764
271 766
271 769
271 771
271 772
271 774
271 775
271 776
271 780
271 781
271 782
271 784
271 785
271 786
271 791
271 795
271 796
271 797
271 798
271 799
271 800
272 401
272 402
272 403
272 406
272 407
272 408
272 409
272 411
272 414
272 415
272 416
272 418
272 419
272 420
272 423
272 426
272 428
272 433
272 438
272 441
272 447
272 448
272 449
272 451
272 452
272 453
272 459
272 462
272 466
272 468
272 469
272 470
272 472
272 475
272 478
272 482
272 484
272 486
272 487
272 490
272 491
272 492
272 495
272 499
272 500
272 501
272 502
272 504
272 506
272 508
272 514
272 515
272 516
272 522
272 523
272 526
272 527
272 528
272 531
272 534
272 535
272 536
272 539
272 540
272 542
272 543
272 544
272 547
272 549
272 550
272 552
272 555
272 558
272 560
272 561
272 562
272 564
272 566
272 568
272 569
272 570
272 571
272 574
272 578
272 581
272 585
272 589
272 590
272 591
272 593
272 594
272 595
272 596
272 597
272 598
272 600
272 601
272 603
272 604
272 606
272 609
272 610
272 614
272 617
272 618
272 619
272 622
272 625
272 626
272 628
272 629
272 634
272 635
272 637
272 640
272 642
272 643
272 644
272 645
272 646
272 648
272 656
272 657
272 659
272 664
272 667
272 668
272 671
272 675
272 676
272 677
272 683
272 686
272 687
272 689
272 690
272 695
272 696
272 697
272 698
272 701
272 704
272 705
272 706
272 707
272 708
272 711
272 712
272 714
272 715
272 716
272 718
272 721
272 724
272 725
272 727
272 728
272 733
272 734
272 735
272 736
272 738
272 740
272 747
272 750
272 751
272 753
272 754
272 756
272 757
272 759
272 760
272 761
272 763
272 764
272 765
272 766
272 767
272 768
272 769
272 773
272 774
272 775
272 777
272 778
272 779
272 780
272 784
272 786
272 787
272 788
272 789
272 790
272 795
272 796
272 797
272 799
272 800
273 401
273 409
273 414
273 415
273 416
273 417
273 420
273 422
273 424
273 425
273 428
273 430
273 431
273 432
273 434
273 437
273 439
273 440
273 445
273 449
273 450
273 452
273 455
273 457
273 458
273 460
273 462
273 463
273 465
273 468
273 471
273 473
273 474
273 476
273 477
273 478
273 479
273 480
273 482
273 484
273 486
273 487
273 488
273 489
273 492
273 493
273 494
273 499
273 500
273 502
273 503
273 504
273 509
273 510
273 511
273 514
273 515
273 521
273 523
273 524
273 525
273 526
273 529
273 531
273 532
273 535
273 537
273 539
273 541
273 542
273 543
273 547
273 548
273 551
273 553
273 555
273 556
273 558
273 559
273 560
273 561
273 562
273 564
273 568
273 569
273 573
273 574
273 577
273 578
273 579
273 580
273 582
273 583
273 586
273 587
273 588
273 589
273 590
273 591
273 592
273 593
273 596
273 597
273 601
273 603
273 604
273 609
273 610
273 611
273 614
273 615
273 616
273 617
273 618
273 619
273 621
273 622
273 623
273 624
273 626
273 627
273 631
273 633
273 638
273 641
273 644
273 645
273 647
273 648
273 652
273 655
273 656
273 657
273 659
273 663
273 665
273 670
273 671
273 672
273 677
273 679
273 682
273 683
273 684
273 685
273 687
273 688
273 689
273 690
273 692
273 693
273 695
273 696
273 697
273 698
273 699
273 700
273 701
273 703
273 705
273 707
273 708
273 709
273 710
273 711
273 712
273 713
273 715
273 716
273 718
273 719
273 722
273 723
273 726
273 727
273 728
273 736
273 738
273 739
273 745
273 747
273 750
273 751
273 752
273 753
273 754
273 755
273 757
273 759
273 762
273 763
273 764
273 765
273 766
273 767
273 772
273 775
273 776
273 779
273 780
273 784
273 786
273 787
273 790
273 792
273 795
274 401
274 403
274 409
274 410
274 411
274 413
274 417
274 421
274 423
274 426
274 428
274 429
274 430
274 431
274 434
274 435
274 436
274 437
274 438
274 441
274 442
274 443
274 445
274 449
274 452
274 453
274 454
274 455
274 459
274 461
274 466
274 471
274 472
274 474
274 475
274 479
274 481
274 482
274 483
274 484
274 486
274 487
274 494
274 498
274 500
274 502
274 503
274 505
274 506
274 507
274 508
274 509
274 510
274 511
274 514
274 515
274 516
274 517
274 523
274 524
274 525
274 527
274 529
274 530
274 531
274 537
274 538
274 541
274 546
274 547
274 549
274 553
274 554
274 557
274 559
274 561
274 563
274 564
274 565
274 566
274 567
274 568
274 571
274 574
274 575
274 577
274 578
274 580
274 583
274 585
274 586
274 590
274 592
274 594
274 595
274 596
274 597
274 599
274 600
274 603
274 606
274 608
274 611
274 612
274 613
274 616
274 617
274 619
274 622
274 625
274 627
274 628
274 629
274 631
274 633
274 636
274 637
274 638
274 639
274 641
274 643
274 645
274 648
274 649
274 651
274 652
274 654
274 655
274 660
274 661
274 663
274 664
274 665
274 666
274 667
274 668
274 669
274 672
274 673
274 680
274 684
274 686
274 687
274 689
274 693
274 694
274 695
274 696
274 698
274 701
274 702
274 704
274 705
274 710
274 713
274 714
274 715
274 719
274 720
274 721
274 722
274 724
274 726
274 727
274 728
274 730
274 731
274 734
274 735
274 736
274 738
274 742
274 744
274 745
274 747
274 748
274 750
274 752
274 753
274 754
274 755
274 756
274 757
274 759
274 760
274 762
274 763
274 767
274 770
274 771
274 774
274 775
274 777
274 778
274 780
274 781
274 785
274 786
274 791
274 794
274 796
274 797
274 798
274 799
275 402
275 403
275 404
275 405
275 410
275 412
275 416
275 417
275 418
275 420
275 423
275 424
275 426
275 427
275 428
275 429
275 432
275 433
275 436
275 439
275 440
275 442
275 443
275 444
275 445
275 446
275 452
275 453
275 454
275 457
275 458
275 459
275 461
275 462
275 463
275 464
275 465
275 466
275 467
275 468
275 471
275 472
275 474
275 475
275 480
275 482
275 484
275 486
275 488
275 489
275 494
275 498
275 500
275 501
275 503
275 504
275 507
275 508
275 510
275 514
275 516
275 518
275 519
275 521
275 524
275 526
275 528
275 531
275 534
275 535
275 536
275 537
275 538
275 539
275 540
275 542
275 543
275 546
275 549
275 550
275 555
275 562
275 563
275 564
275 570
275 571
275 572
275 574
275 575
275 576
275 577
275 578
275 579
275 580
275 581
275 586
275 588
275 589
275 591
275 595
275 596
275 597
275 599
275 600
275 601
275 602
275 605
275 606
275 607
275 610
275 611
275 612
275 613
275 615
275 616
275 618
275 620
275 621
275 624
275 625
275 630
275 635
275 638
275 643
275 644
275 646
275 647
275 648
275 649
275 650
275 653
275 655
275 657
275 658
275 661
275 666
275 669
275 670
275 672
275 674
275 675
275 676
275 677
275 678
275 681
275 684
275 686
275 687
275 688
275 689
275 691
275 693
275 694
275 696
275 698
275 700
275 702
275 706
275 708
275 710
275 714
275 717
275 719
275 721
275 722
275 725
275 727
275 728
275 730
275 731
275 735
275 736
275 739
275 741
275 742
275 746
275 747
275 749
275 751
275 752
275 755
275 757
275 758
275 762
275 764
275 765
275 766
275 768
275 770
275 771
275 773
275 774
275 775
275 776
275 778
275 782
275 783
275 784
275 788
275 789
275 790
275 791
275 792
275 795
275 796
275 798
275 799
275 800
276 401
276 402
276 403
276 404
276 405
276 407
276 408
276 410
276 411
276 413
276 414
276 415
276 416
276 419
276 420
276 422
276 426
276 427
276 434
276 435
276 436
276 439
276 440
276 442
276 444
276 446
276 447
276 452
276 457
276 458
276 459
276 460
276 461
276 462
276 463
276 466
276 467
276 471
276 472
276 473
276 474
276 475
276 476
276 481
276 483
276 484
276 485
276 486
276 487
276 490
276 491
276 493
276 501
276 502
276 503
276 505
276 508
276 509
276 510
276 512
276 513
276 516
276 519
276 521
276 522
276 523
276 524
276 525
276 529
276 534
276 535
276 536
276 539
276 540
276 548
276 549
276 552
276 558
276 561
276 563
276 564
276 565
276 567
276 568
276 569
276 570
276 571
276 574
276 576
276 577
276 581
276 585
276 591
276 592
276 593
276 596
276 597
276 598
276 600
276 602
276 605
276 606
276 607
276 609
276 610
276 611
276 612
276 614
276 615
276 617
276 618
276 622
276 624
276 626
276 628
276 629
276 631
276 635
276 637
276 638
276 643
276 644
276 649
276 651
276 653
276 654
276 655
276 656
276 657
276 658
276 659
276 661
276 664
276 667
276 668
276 676
276 680
276 681
276 686
276 689
276 695
276 698
276 699
276 701
276 706
276 711
276 715
276 716
276 718
276 723
276 724
276 728
276 729
276 732
276 733
276 735
276 737
276 739
276 740
276 742
276 743
276 744
276 748
276 752
276 753
276 754
276 755
276 756
276 759
276 761
276 765
276 766
276 767
276 769
276 772
276 773
276 774
276 775
276 778
276 779
276 780
276 781
276 785
276 787
276 789
276 792
276 793
276 794
276 795
276 797
276 798
276 799
276 800
277 401
277 406
277 408
277 409
277 410
277 412
277 414
277 415
277 416
277 419
277 423
277 425
277 427
277 429
277 430
277 431
277 432
277 433
277 435
277 437
277 438
277 439
277 442
277 446
277 453
277 456
277 457
277 462
277 464
277 465
277 467
277 468
277 470
277 473
277 474
277 478
277 479
277 480
277 483
277 484
277 485
277 487
277 488
277 491
277 492
277 493
277 494
277 496
277 497
277 503
277 506
277 509
277 511
277 512
277 516
277 517
277 520
277 521
277 523
277 524
277 527
277 529
277 532
277 533
277 534
277 536
277 538
277 540
277 541
277 543
277 544
277 549
277 550
277 551
277 552
277 553
277 554
277 556
277 558
277 559
277 563
277 564
277 566
277 568
277 570
277 571
277 572
277 573
277 574
277 576
277 577
277 582
277 586
277 589
277 591
277 598
277 600
277 601
277 602
277 604
277 606
277 611
277 612
277 614
277 615
277 616
277 617
277 620
277 626
277 627
277 630
277 633
277 637
277 639
277 641
277 644
277 646
277 648
277 650
277 651
277 653
277 657
277 659
277 660
277 662
277 663
277 670
277 673
277 677
277 678
277 682
277 684
277 685
277 687
277 688
277 689
277 690
277 691
277 692
277 694
277 696
277 697
277 699
277 701
277 702
277 703
277 704
277 705
277 707
277 709
277 711
277 713
277 714
277 715
277 716
277 718
277 721
277 724
277 725
277 729
277 733
277 740
277 742
277 743
277 745
277 747
277 750
277 752
277 753
277 754
277 755
277 758
277 764
277 766
277 767
277 774
277 775
277 776
277 779
277 783
277 784
277 785
277 787
277 788
277 790
277 792
277 794
277 795
277 796
277 798
278 402
278 403
278 407
278 408
278 409
278 412
278 413
278 414
278 415
278 418
278 422
278 427
278 428
278 429
278 430
278 438
278 439
278 442
278 444
278 446
278 447
278 449
278 451
278 452
278 453
278 454
278 455
278 461
278 463
278 464
278 466
278 467
278 468
278 471
278 472
278 473
278 476
278 479
278 480
278 482
278 484
278 485
278 486
278 487
278 492
278 493
278 495
278 496
278 501
278 502
278 505
278 506
278 507
278 509
278 510
278 511
278 512
278 516
278 517
278 519
278 520
278 521
278 523
278 525
278 526
278 527
278 528
278 529
278 532
278 533
278 534
278 535
278 536
278 540
278 543
278 546
278 548
278 553
278 554
278 555
278 557
278 561
278 562
278 563
278 565
278 567
278 568
278 569
278 571
278 575
278 577
278 579
278 580
278 581
278 582
278 587
278 588
278 590
278 595
278 597
278 599
278 602
278 604
278 605
278 606
278 608
278 609
278 612
278 614
278 615
278 618
278 621
278 622
278 624
278 627
278 628
278 629
278 631
278 632
278 634
278 635
278 636
278 638
278 640
278 642
278 643
278 646
278 647
278 652
278 657
278 660
278 661
278 664
278 665
278 668
278 669
278 670
278 673
278 674
278 675
278 676
278 679
278 681
278 683
278 685
278 687
278 688
278 689
278 690
278 691
278 693
278 694
278 697
278 702
278 703
278 705
278 709
278 711
278 712
278 713
278 720
278 726
278 728
278 733
278 735
278 736
278 737
278 739
278 741
278 742
278 745
278 746
278 747
278 748
278 750
278 752
278 754
278 761
278 762
278 763
278 765
278 766
278 769
278 773
278 774
278 775
278 776
278 777
278 778
278 784
278 787
278 788
278 790
278 791
278 792
278 794
278 795
278 797
278 800
279 401
279 402
279 403
279 404
279 405
279 407
279 409
279 411
279 413
279 414
279 415
279 416
279 417
279 419
279 422
279 423
279 426
279 427
279 429
279 437
279 439
279 440
279 441
279 442
279 444
279 447
279 448
279 449
279 451
279 453
279 454
279 455
279 456
279 458
279 459
279 460
279 461
279 462
279 464
279 468
279 469
279 474
279 475
279 476
279 477
279 482
279 483
279 486
279 487
279 490
279 492
279 493
279 495
279 497
279 498
279 500
279 505
279 506
279 509
279 510
279 511
279 512
279 514
279 516
279 517
279 518
279 519
279 522
279 524
279 529
279 530
279 531
279 537
279 540
279 542
279 544
279 545
279 546
279 548
279 552
279 554
279 559
279 561
279 562
279 564
279 565
279 567
279 568
279 570
279 571
279 574
279 576
279 577
279 579
279 580
279 582
279 583
279 584
279 588
279 589
279 591
279 592
279 594
279 597
279 600
279 602
279 604
279 605
279 606
279 607
279 612
279 613
279 614
279 615
279 619
279 623
279 625
279 626
279 628
279 629
279 632
279 637
279 642
279 646
279 647
279 649
279 650
279 652
279 653
279 654
279 656
279 660
279 661
279 662
279 663
279 664
279 665
279 666
279 667
279 668
279 670
279 675
279 679
279 683
279 684
279 686
279 687
279 688
279 689
279 692
279 694
279 695
279 697
279 698
279 703
279 706
279 707
279 710
279 711
279 715
279 717
279 721
279 725
279 726
279 729
279 731
279 739
279 740
279 741
279 742
279 744
279 750
279 752
279 755
279 756
279 758
279 760
279 761
279 765
279 771
279 774
279 777
279 778
279 782
279 783
279 784
279 786
279 788
279 789
279 791
279 792
279 798
280 405
280 406
280 407
280 414
280 415
280 416
280 418
280 421
280 422
280 423
280 425
280 426
280 427
280 429
280 430
280 431
280 432
280 434
280 438
280 439
280 440
280 444
280 445
280 446
280 447
280 450
280 452
280 453
280 454
280 457
280 458
280 459
280 464
280 465
280 467
280 468
280 470
280 472
280 473
280 477
280 482
280 484
280 485
280 486
280 488
280 491
280 494
280 495
280 496
280 497
280 498
280 499
280 500
280 501
280 504
280 505
280 507
280 508
280 509
280 511
280 513
280 514
280 515
280 517
280 518
280 519
280 520
280 521
280 522
280 524
280 525
280 530
280 532
280 537
280 544
280 548
280 549
280 550
280 553
280 554
280 556
280 557
280 558
280 559
280 561
280 562
280 564
280 568
280 570
280 571
280 575
280 576
280 577
280 580
280 583
280 585
280 588
280 591
280 592
280 593
280 597
280 601
280 603
280 606
280 608
280 609
280 611
280 613
280 616
280 617
280 621
280 623
280 624
280 628
280 629
280 630
280 632
280 633
280 635
280 637
280 638
280 639
280 640
280 641
280 642
280 643
280 644
280 645
280 647
280 648
280 649
280 653
280 658
280 660
280 661
280 665
280 666
280 667
280 668
280 669
280 671
280 679
280 681
280 690
280 691
280 693
280 694
280 698
280 699
280 701
280 703
280 704
280 705
280 706
280 707
280 709
280 710
280 713
280 714
280 715
280 717
280 718
280 721
280 722
280 724
280 727
280 731
280 734
280 737
280 738
280 746
280 749
280 752
280 757
280 758
280 761
280 764
280 765
280 766
280 769
280 770
280 771
280 773
280 774
280 775
280 776
280 777
280 781
280 785
280 786
280 787
280 788
280 790
280 794
280 795
280 796
280 797
280 798
280 800
281 401
281 402
281 404
281 405
281 406
281 409
281 411
281 413
281 414
281 416
281 417
281 419
281 422
281 423
281 424
281 426
281 427
281 428
281 429
281 430
281 431
281 434
281 435
281 438
281 439
281 441
281 442
281 443
281 444
281 445
281 446
281 448
281 449
281 450
281 456
281 457
281 459
281 460
281 461
281 463
281 464
281 465
281 466
281 469
281 470
281 472
281 474
281 477
281 480
281 482
281 488
281 489
281 492
281 494
281 496
281 497
281 499
281 500
281 502
281 505
281 506
281 507
281 508
281 511
281 514
281 515
281 517
281 519
281 522
281 523
281 526
281 528
281 529
281 533
281 535
281 541
281 542
281 544
281 547
281 548
281 549
281 550
281 552
281 554
281 556
281 557
281 558
281 559
281 561
281 562
281 564
281 565
281 566
281 569
281 572
281 573
281 576
281 578
281 580
281 584
281 586
281 591
281 592
281 594
281 596
281 597
281 598
281 600
281 601
281 602
281 606
281 610
281 611
281 612
281 614
281 619
281 624
281 627
281 628
281 630
281 631
281 632
281 634
281 637
281 639
281 644
281 646
281 649
281 650
281 652
281 653
281 654
281 656
281 658
281 659
281 660
281 661
281 662
281 665
281 666
281 668
281 669
281 670
281 671
281 672
281 674
281 676
281 678
281 679
281 680
281 683
281 687
281 691
281 698
281 700
281 701
281 703
281 705
281 706
281 708
281 709
281 712
281 714
281 715
281 717
281 718
281 719
281 721
281 724
281 725
281 728
281 730
281 732
281 733
281 734
281 743
281 744
281 746
281 748
281 750
281 752
281 753
281 754
281 757
281 758
281 759
281 762
281 764
281 765
281 770
281 773
281 774
281 783
281 784
281 786
281 787
281 788
281 789
281 790
281 792
281 795
281 799
282 402
282 405
282 407
282 408
282 413
282 414
282 415
282 416
282 417
282 418
282 419
282 420
282 423
282 425
282 427
282 429
282 430
282 437
282 438
282 441
282 442
282 444
282 445
282 447
282 448
282 449
282 453
282 456
282 457
282 458
282 462
282 465
282 467
282 468
282 471
282 472
282 473
282 474
282 475
282 476
282 477
282 480
282 482
282 484
282 487
282 488
282 490
282 493
282 494
282 496
282 497
282 498
282 499
282 500
282 502
282 504
282 505
282 509
282 512
282 514
282 517
282 518
282 520
282 522
282 523
282 524
282 525
282 527
282 528
282 530
282 534
282 539
282 541
282 542
282 544
282 546
282 549
282 550
282 551
282 556
282 558
282 559
282 561
282 562
282 564
282 565
282 569
282 572
282 576
282 578
282 580
282 583
282 586
282 593
282 594
282 596
282 599
282 605
282 606
282 611
282 613
282 614
282 618
282 619
282 620
282 621
282 623
282 624
282 625
282 627
282 628
282 629
282 630
282 632
282 633
282 634
282 637
282 639
282 640
282 642
282 645
282 646
282 647
282 648
282 650
282 652
282 653
282 654
282 656
282 657
282 659
282 660
282 666
282 667
282 671
282 672
282 677
282 678
282 679
282 681
282 683
282 684
282 685
282 686
282 687
282 689
282 691
282 694
282 695
282 696
282 697
282 698
282 700
282 702
282 703
282 704
282 705
282 710
282 714
282 720
282 724
282 734
282 735
282 736
282 739
282 740
282 743
282 749
282 750
282 752
282 754
282 760
282 763
282 765
282 767
282 779
282 780
282 781
282 783
282 786
282 793
282 794
282 797
282 798
282 799
282 800
283 402
283 406
283 407
283 408
283 409
283 411
283 412
283 417
283 419
283 422
283 423
283 425
283 427
283 429
283 432
283 433
283 438
283 439
283 440
283 442
283 444
283 446
283 448
283 449
283 450
283 451
283 453
283 456
283 458
283 459
283 462
283 463
283 464
283 465
283 470
283 472
283 476
283 477
283 478
283 480
283 481
283 482
283 487
283 492
283 493
283 495
283 497
283 499
283 500
283 502
283 504
283 505
283 509
283 512
283 513
283 517
283 518
283 520
283 521
283 522
283 524
283 525
283 526
283 531
283 535
283 536
283 540
283 541
283 545
283 546
283 547
283 548
283 550
283 554
283 556
283 557
283 559
283 560
283 561
283 562
283 563
283 565
283 566
283 567
283 571
283 572
283 573
283 575
283 576
283 577
283 578
283 579
283 580
283 586
283 587
283 591
283 593
283 598
283 600
283 603
283 606
283 607
283 608
283 610
283 612
283 613
283 618
283 620
283 621
283 624
283 626
283 627
283 634
283 636
283 642
283 644
283 645
283 648
283 650
283 658
283 660
283 664
283 665
283 666
283 667
283 668
283 669
283 673
283 674
283 679
283 680
283 681
283 683
283 684
283 685
283 686
283 687
283 689
283 692
283 695
283 696
283 697
283 699
283 703
283 705
283 706
283 707
283 711
283 712
283 714
283 717
283 718
283 719
283 720
283 722
283 724
283 725
283 727
283 730
283 733
283 734
283 735
283 736
283 737
283 739
283 744
283 747
283 749
283 750
283 752
283 753
283 754
283 755
283 756
283 758
283 761
283 765
283 766
283 767
283 770
283 771
283 776
283 779
283 782
283 783
283 790
283 791
283 797
283 799
284 402
284 404
284 405
284 406
284 407
284 414
284 415
284 416
284 419
284 420
284 422
284 423
284 426
284 428
284 430
284 431
284 432
284 434
284 436
284 440
284 441
284 445
284 446
284 449
284 451
284 452
284 453
284 454
284 457
284 459
284 461
284 463
284 464
284 465
284 466
284 467
284 468
284 473
284 477
284 478
284 479
284 481
284 485
284 486
284 488
284 489
284 492
284 493
284 499
284 502
284 503
284 505
284 507
284 508
284 509
284 510
284 512
284 513
284 517
284 520
284 521
284 523
284 525
284 526
284 527
284 529
284 530
284 531
284 534
284 537
284 541
284 543
284 544
284 545
284 549
284 550
284 551
284 552
284 556
284 559
284 560
284 562
284 564
284 568
284 569
284 570
284 571
284 572
284 573
284 575
284 576
284 578
284 580
284 583
284 584
284 585
284 587
284 588
284 590
284 592
284 596
284 599
284 602
284 603
284 605
284 606
284 608
284 612
284 613
284 614
284 617
284 620
284 621
284 624
284 627
284 628
284 634
284 635
284 636
284 637
284 638
284 640
284 642
284 644
284 647
284 649
284 650
284 652
284 655
284 656
284 657
284 661
284 662
284 664
284 666
284 667
284 669
284 670
284 671
284 672
284 674
284 678
284 680
284 681
284 684
284 687
284 688
284 689
284 690
284 694
284 697
284 699
284 704
284 706
284 708
284 709
284 710
284 711
284 715
284 716
284 717
284 720
284 722
284 723
284 724
284 728
284 730
284 731
284 734
284 736
284 737
284 738
284 739
284 741
284 742
284 743
284 745
284 746
284 747
284 748
284 749
284 750
284 754
284 755
284 757
284 758
284 759
284 761
284 765
284 768
284 769
284 772
284 774
284 775
284 777
284 779
284 784
284 786
284 788
284 789
284 793
284 794
284 795
284 796
284 797
284 798
284 799
284 800
285 401
285 406
285 408
285 409
285 410
285 411
285 414
285 417
285 419
285 421
285 424
285 426
285 427
285 428
285 429
285 430
285 432
285 433
285 434
285 435
285 436
285 437
285 438
285 440
285 442
285 445
285 446
285 447
285 449
285 452
285 454
285 455
285 456
285 457
285 458
285 459
285 461
285 463
285 464
285 465
285 467
285 469
285 470
285 472
285 474
285 476
285 477
285 479
285 480
285 481
285 483
285 488
285 489
285 491
285 492
285 493
285 494
285 495
285 496
285 497
285 500
285 501
285 502
285 504
285 505
285 507
285 509
285 512
285 513
285 514
285 515
285 518
285 521
285 528
285 529
285 533
285 538
285 539
285 541
285 544
285 546
285 548
285 553
285 554
285 556
285 557
285 560
285 564
285 565
285 566
285 568
285 570
285 572
285 576
285 577
285 578
285 579
285 582
285 585
285 587
285 588
285 590
285 591
285 592
285 593
285 594
285 595
285 607
285 610
285 611
285 614
285 615
285 616
285 617
285 623
285 624
285 625
285 627
285 629
285 630
285 632
285 634
285 635
285 638
285 640
285 642
285 643
285 644
285 648
285 651
285 655
285 657
285 658
285 661
285 665
285 666
285 667
285 668
285 669
285 670
285 671
285 672
285 675
285 677
285 679
285 681
285 686
285 690
285 691
285 692
285 695
285 696
285 697
285 698
285 699
285 702
285 703
285 704
285 709
285 710
285 712
285 713
285 714
285 716
285 717
285 719
285 720
285 722
285 726
285 731
285 732
285 734
285 735
285 736
285 737
285 738
285 740
285 743
285 746
285 748
285 753
285 755
285 758
285 759
285 760
285 761
285 764
285 767
285 770
285 772
285 776
285 777
285 779
285 782
285 785
285 787
285 793
285 794
285 795
285 798
285 799
286 401
286 402
286 406
286 407
286 409
286 411
286 412
286 416
286 418
286 420
286 422
286 424
286 430
286 434
286 437
286 440
286 442
286 445
286 447
286 449
286 451
286 452
286 453
286 454
286 455
286 457
286 460
286 461
286 465
286 467
286 468
286 470
286 471
286 474
286 475
286 476
286 478
286 479
286 480
286 483
286 484
286 486
286 487
286 488
286 490
286 491
286 492
286 497
286 501
286 504
286 505
286 508
286 514
286 516
286 517
286 518
286 519
286 520
286 521
286 525
286 527
286 529
286 530
286 531
286 532
286 533
286 535
286 536
286 538
286 544
286 546
286 549
286 550
286 551
286 552
286 554
286 558
286 562
286 563
286 565
286 568
286 570
286 573
286 580
286 583
286 584
286 585
286 586
286 588
286 589
286 590
286 592
286 593
286 596
286 602
286 604
286 605
286 610
286 611
286 612
286 613
286 614
286 619
286 622
286 624
286 625
286 626
286 627
286 628
286 630
286 631
286 632
286 634
286 637
286 638
286 642
286 643
286 644
286 645
286 647
286 648
286 651
286 652
286 656
286 658
286 660
286 662
286 664
286 668
286 670
286 671
286 672
286 674
286 679
286 680
286 684
286 688
286 689
286 692
286 695
286 698
286 702
286 703
286 704
286 705
286 708
286 709
286 710
286 714
286 718
286 719
286 720
286 721
286 723
286 724
286 725
286 726
286 728
286 729
286 730
286 731
286 738
286 739
286 741
286 744
286 748
286 750
286 751
286 752
286 753
286 754
286 757
286 758
286 760
286 762
286 763
286 764
286 765
286 766
286 769
286 770
286 773
286 774
286 775
286 778
286 779
286 781
286 782
286 783
286 784
286 785
286 787
286 790
286 792
286 793
286 794
286 795
286 797
286 798
286 799
286 800
287 402
287 404
287 405
287 406
287 407
287 408
287 409
287 411
287 413
287 414
287 415
287 417
287 418
287 420
287 424
287 425
287 426
287 427
287 434
287 435
287 437
287 439
287 440
287 442
287 443
287 445
287 446
287 447
287 451
287 452
287 455
287 457
287 460
287 461
287 464
287 465
287 466
287 467
287 468
287 469
287 471
287 472
287 474
287 475
287 479
287 481
287 486
287 487
287 488
287 490
287 493
287 495
287 496
287 498
287 502
287 503
287 506
287 509
287 510
287 511
287 514
287 518
287 525
287 526
287 527
287 531
287 532
287 533
287 534
287 536
287 539
287 540
287 541
287 543
287 544
287 545
287 548
287 549
287 550
287 551
287 554
287 555
287 563
287 564
287 565
287 567
287 568
287 572
287 574
287 575
287 577
287 579
287 582
287 583
287 584
287 586
287 587
287 589
287 590
287 591
287 593
287 594
287 597
287 598
287 602
287 603
287 606
287 607
287 608
287 610
287 611
287 615
287 622
287 623
287 624
287 625
287 629
287 630
287 631
287 632
287 633
287 635
287 637
287 638
287 640
287 641
287 643
287 644
287 646
287 648
287 650
287 651
287 654
287 656
287 658
287 659
287 664
287 665
287 668
287 670
287 671
287 672
287 673
287 674
287 677
287 679
287 680
287 684
287 685
287 686
287 687
287 689
287 690
287 696
287 697
287 698
287 699
287 700
287 703
287 705
287 706
287 709
287 710
287 713
287 714
287 716
287 720
287 725
287 726
287 731
287 734
287 735
287 736
287 740
287 741
287 743
287 744
287 748
287 750
287 751
287 752
287 755
287 757
287 758
287 759
287 761
287 762
287 765
287 769
287 770
287 771
287 776
287 777
287 778
287 779
287 782
287 785
287 787
287 788
287 792
287 793
287 794
287 795
287 796
287 800
288 404
288 405
288 406
288 407
288 410
288 411
288 412
288 415
288 419
288 422
288 423
288 428
288 430
288 431
288 432
288 434
288 435
288 436
288 437
288 439
288 440
288 444
288 447
288 448
288 449
288 452
288 453
288 456
288 458
288 460
288 461
288 462
288 466
288 467
288 469
288 473
288 475
288 476
288 477
288 482
288 483
288 486
288 491
288 492
288 494
288 495
288 498
288 503
288 506
288 508
288 509
288 510
288 511
288 512
288 513
288 516
288 517
288 518
288 520
288 523
288 524
288 525
288 530
288 533
288 535
288 536
288 537
288 544
288 546
288 550
288 551
288 553
288 554
288 555
288 558
288 559
288 560
288 561
288 563
288 566
288 567
288 568
288 571
288 573
288 574
288 580
288 581
288 582
288 583
288 584
288 586
288 589
288 591
288 594
288 596
288 598
288 601
288 602
288 605
288 606
288 608
288 609
288 610
288 612
288 615
288 617
288 618
288 619
288 621
288 622
288 623
288 624
288 627
288 630
288 631
288 633
288 634
288 635
288 638
288 640
288 641
288 643
288 645
288 649
288 650
288 651
288 652
288 653
288 655
288 656
288 658
288 663
288 664
288 669
288 672
288 674
288 676
288 679
288 682
288 684
288 686
288 689
288 690
288 691
288 692
288 693
288 694
288 695
288 699
288 701
288 703
288 705
288 706
288 707
288 709
288 712
288 713
288 716
288 717
288 718
288 721
288 722
288 723
288 726
288 727
288 729
288 731
288 733
288 735
288 737
288 738
288 739
288 740
288 741
288 743
288 744
288 748
288 749
288 751
288 755
288 757
288 760
288 761
288 762
288 763
288 766
288 768
288 769
288 770
288 775
288 776
288 777
288 779
288 780
288 782
288 783
288 785
288 788
288 789
288 790
288 792
288 794
288 795
288 798
288 800
289 401
289 402
289 404
289 406
289 407
289 408
289 409
289 411
289 413
289 414
289 415
289 416
289 417
289 421
289 424
289 429
289 430
289 431
289 433
289 434
289 435
289 438
289 439
289 441
289 443
289 444
289 446
289 447
289 449
289 451
289 454
289 456
289 458
289 459
289 463
289 464
289 465
289 468
289 470
289 471
289 472
289 474
289 476
289 477
289 480
289 482
289 483
289 487
289 488
289 490
289 492
289 496
289 498
289 501
289 502
289 503
289 504
289 505
289 507
289 508
289 509
289 512
289 513
289 514
289 516
289 520
289 521
289 524
289 525
289 529
289 531
289 534
289 535
289 537
289 538
289 539
289 540
289 541
289 542
289 544
289 545
289 546
289 547
289 549
289 550
289 551
289 552
289 555
289 558
289 560
289 561
289 562
289 564
289 565
289 567
289 570
289 571
289 572
289 575
289 576
289 578
289 580
289 582
289 584
289 586
289 587
289 589
289 592
289 593
289 594
289 595
289 596
289 597
289 599
289 604
289 606
289 607
289 608
289 609
289 614
289 617
289 619
289 623
289 624
289 625
289 626
289 631
289 638
289 639
289 640
289 641
289 642
289 645
289 646
289 647
289 648
289 649
289 650
289 652
289 655
289 656
289 657
289 659
289 662
289 664
289 666
289 672
289 676
289 677
289 680
289 681
289 683
289 690
289 691
289 692
289 693
289 694
289 695
289 696
289 698
289 704
289 707
289 711
289 714
289 715
289 718
289 719
289 720
289 723
289 724
289 726
289 727
289 728
289 732
289 733
289 734
289 735
289 737
289 738
289 739
289 740
289 741
289 742
289 743
289 747
289 748
289 749
289 750
289 751
289 752
289 753
289 755
289 756
289 757
289 758
289 760
289 761
289 763
289 766
289 767
289 770
289 775
289 777
289 778
289 781
289 783
289 785
289 787
289 788
289 789
289 794
289 798
289 799
290 402
290 405
290 407
290 409
290 412
290 418
290 419
290 420
290 425
290 426
290 427
290 428
290 429
290 430
290 431
290 432
290 433
290 435
290 436
290 439
290 440
290 441
290 442
290 443
290 444
290 445
290 447
290 448
290 449
290 450
290 451
290 454
290 457
290 460
290 461
290 462
290 464
290 467
290 468
290 469
290 471
290 473
290 476
290 480
290 481
290 482
290 483
290 484
290 485
290 486
290 487
290 489
290 491
290 492
290 493
290 494
290 496
290 497
290 500
290 501
290 502
290 506
290 507
290 508
290 510
290 513
290 514
290 516
290 517
290 518
290 519
290 520
290 525
290 527
290 528
290 530
290 531
290 532
290 534
290 535
290 538
290 541
290 543
290 545
290 546
290 547
290 548
290 549
290 550
290 554
290 558
290 563
290 567
290 568
290 569
290 570
290 571
290 572
290 573
290 574
290 575
290 578
290 579
290 581
290 587
290 588
290 590
290 591
290 596
290 597
290 598
290 599
290 600
290 601
290 602
290 603
290 604
290 605
290 607
290 608
290 611
290 613
290 614
290 615
290 617
290 623
290 624
290 625
290 626
290 629
290 631
290 632
290 633
290 636
290 637
290 639
290 645
290 648
290 649
290 653
290 655
290 656
290 661
290 665
290 667
290 668
290 670
290 671
290 673
290 676
290 677
290 679
290 681
290 685
290 687
290 689
290 691
290 693
290 695
290 696
290 698
290 700
290 701
290 702
290 705
290 707
290 708
290 710
290 712
290 713
290 714
290 715
290 716
290 717
290 718
290 719
290 720
290 721
290 722
290 723
290 725
290 729
290 730
290 731
290 732
290 734
290 736
290 738
290 739
290 740
290 741
290 742
290 743
290 744
290 745
290 746
290 747
290 748
290 749
290 751
290 754
290 755
290 756
290 758
290 763
290 764
290 767
290 771
290 775
290 782
290 784
290 785
290 786
290 787
290 790
290 791
290 792
290 793
290 795
291 404
291 407
291 408
291 409
291 410
291 413
291 414
291 417
291 419
291 420
291 421
291 422
291 423
291 424
291 426
291 429
291 433
291 435
291 436
291 438
291 439
291 443
291 450
291 453
291 455
291 458
291 459
291 462
291 463
291 464
291 465
291 470
291 471
291 473
291 474
291 475
291 476
291 477
291 481
291 482
291 483
291 484
291 486
291 488
291 493
291 497
291 499
291 500
291 502
291 506
291 507
291 508
291 509
291 512
291 514
291 516
291 518
291 519
291 521
291 523
291 526
291 528
291 529
291 534
291 535
291 537
291 538
291 542
291 543
291 546
291 548
291 552
291 554
291 555
291 559
291 560
291 563
291 565
291 566
291 573
291 576
291 577
291 578
291 581
291 582
291 584
291 585
291 586
291 587
291 590
291 591
291 593
291 594
291 595
291 596
291 597
291 599
291 601
291 602
291 605
291 606
291 608
291 609
291 611
291 614
291 615
291 616
291 617
291 620
291 621
291 622
291 624
291 626
291 628
291 629
291 631
291 632
291 633
291 634
291 638
291 639
291 642
291 644
291 648
291 652
291 653
291 656
291 657
291 658
291 659
291 660
291 661
291 671
291 672
291 673
291 676
291 679
291 680
291 681
291 682
291 684
291 685
291 690
291 692
291 695
291 701
291 702
291 703
291 705
291 706
291 708
291 710
291 711
291 715
291 718
291 719
291 721
291 727
291 728
291 732
291 734
291 736
291 738
291 740
291 744
291 745
291 746
291 747
291 749
291 750
291 751
291 754
291 761
291 762
291 766
291 769
291 772
291 773
291 776
291 778
291 779
291 783
291 784
291 785
291 787
291 788
291 789
291 791
291 793
291 795
291 797
291 798
291 799
292 403
292 404
292 406
292 408
292 413
292 419
292 421
292 422
292 426
292 431
292 432
292 438
292 439
292 440
292 441
292 443
292 448
292 450
292 451
292 454
292 458
292 459
292 465
292 469
292 471
292 472
292 474
292 479
292 482
292 484
292 485
292 486
292 492
292 494
292 495
292 496
292 498
292 499
292 502
292 507
292 508
292 516
292 518
292 520
292 523
292 525
292 527
292 529
292 532
292 535
292 537
292 538
292 539
292 540
292 542
292 543
292 544
292 548
292 549
292 551
292 552
292 553
292 556
292 557
292 559
292 560
292 563
292 568
292 571
292 572
292 575
292 577
292 578
292 581
292 584
292 585
292 588
292 589
292 591
292 592
292 593
292 594
292 595
292 598
292 599
292 600
292 601
292 603
292 605
292 607
292 610
292 611
292 612
292 614
292 615
292 616
292 617
292 618
292 623
292 625
292 628
292 629
292 630
292 631
292 636
292 637
292 638
292 641
292 643
292 649
292 652
292 655
292 659
292 662
292 664
292 667
292 670
292 671
292 672
292 675
292 676
292 679
292 681
292 682
292 688
292 689
292 690
292 691
292 695
292 698
292 702
292 709
292 710
292 713
292 714
292 716
292 717
292 718
292 721
292 722
292 724
292 725
292 726
292 728
292 729
292 731
292 732
292 738
292 740
292 741
292 742
292 743
292 748
292 749
292 750
292 751
292 754
292 756
292 758
292 759
292 760
292 761
292 762
292 763
292 764
292 766
292 767
292 769
292 770
292 772
292 775
292 776
292 780
292 781
292 783
292 790
292 792
292 794
292 795
292 797
292 798
292 799
293 402
293 404
293 405
293 406
293 409
293 410
293 412
293 413
293 415
293 416
293 418
293 421
293 424
293 425
293 426
293 428
293 429
293 430
293 433
293 435
293 436
293 437
293 439
293 440
293 442
293 444
293 445
293 446
293 448
293 450
293 451
293 452
293 456
293 464
293 466
293 467
293 468
293 469
293 470
293 471
293 473
293 474
293 477
293 478
293 479
293 480
293 485
293 486
293 488
293 490
293 491
293 493
293 496
293 499
293 501
293 503
293 504
293 507
293 513
293 518
293 519
293 520
293 524
293 525
293 527
293 529
293 533
293 535
293 538
293 539
293 541
293 544
293 547
293 548
293 551
293 553
293 554
293 555
293 557
293 561
293 564
293 565
293 567
293 568
293 569
293 573
293 574
293 575
293 577
293 579
293 580
293 581
293 582
293 584
293 585
293 586
293 590
293 596
293 599
293 603
293 604
293 608
293 610
293 612
293 616
293 620
293 622
293 630
293 632
293 636
293 637
293 638
293 639
293 640
293 641
293 642
293 644
293 647
293 650
293 656
293 657
293 659
293 661
293 664
293 669
293 670
293 671
293 672
293 673
293 678
293 679
293 681
293 682
293 689
293 690
293 691
293 695
293 700
293 704
293 705
293 706
293 707
293 708
293 711
293 712
293 714
293 715
293 720
293 724
293 727
293 731
293 732
293 733
293 734
293 735
293 737
293 743
293 744
293 745
293 746
293 747
293 748
293 750
293 751
293 752
293 753
293 758
293 759
293 760
293 763
293 765
293 766
293 769
293 770
293 772
293 773
293 779
293 781
293 783
293 784
293 787
293 789
293 790
293 792
293 794
293 795
293 796
293 799
294 402
294 403
294 404
294 406
294 407
294 410
294 413
294 416
294 417
294 418
294 419
294 421
294 424
294 426
294 429
294 430
294 432
294 433
294 434
294 436
294 439
294 442
294 444
294 445
294 446
294 452
294 457
294 462
294 463
294 464
294 465
294 467
294 471
294 473
294 475
294 478
294 479
294 480
294 482
294 483
294 485
294 486
294 490
294 492
294 494
294 495
294 497
294 501
294 502
294 503
294 504
294 506
294 507
294 512
294 514
294 519
294 520
294 521
294 522
294 527
294 529
294 530
294 531
294 532
294 533
294 534
294 535
294 538
294 539
294 540
294 542
294 543
294 544
294 551
294 552
294 553
294 557
294 558
294 559
294 560
294 564
294 565
294 566
294 567
294 568
294 569
294 571
294 574
294 575
294 576
294 580
294 583
294 584
294 585
294 589
294 591
294 594
294 595
294 596
294 598
294 599
294 605
294 606
294 607
294 609
294 612
294 613
294 614
294 617
294 618
294 621
294 623
294 626
294 627
294 630
294 632
294 633
294 635
294 636
294 637
294 640
294 642
294 647
294 649
294 650
294 652
294 655
294 660
294 661
294 662
294 665
294 667
294 668
294 672
294 673
294 675
294 677
294 678
294 683
294 684
294 690
294 693
294 697
294 700
294 701
294 705
294 706
294 709
294 712
294 713
294 714
294 715
294 716
294 717
294 723
294 731
294 735
294 736
294 739
294 741
294 742
294 745
294 748
294 749
294 750
294 753
294 756
294 759
294 761
294 762
294 764
294 765
294 766
294 767
294 769
294 770
294 772
294 780
294 781
294 783
294 785
294 792
294 794
294 795
294 797
294 799
294 800
295 401
295 403
295 404
295 405
295 406
295 407
295 409
295 413
295 414
295 416
295 419
295 420
295 422
295 425
295 426
295 427
295 428
295 431
295 433
295 434
295 435
295 437
295 439
295 441
295 443
295 445
295 449
295 452
295 453
295 456
295 457
295 458
295 459
295 460
295 462
295 466
295 471
295 472
295 473
295 475
295 476
295 478
295 480
295 487
295 488
295 489
295 490
295 491
295 492
295 495
295 497
295 499
295 501
295 502
295 504
295 505
295 506
295 508
295 512
295 513
295 514
295 515
295 516
295 517
295 520
295 521
295 522
295 523
295 527
295 530
295 532
295 533
295 536
295 538
295 539
295 540
295 542
295 544
295 545
295 546
295 547
295 548
295 550
295 551
295 553
295 557
295 558
295 561
295 562
295 563
295 566
295 568
295 569
295 572
295 575
295 577
295 588
295 589
295 590
295 591
295 592
295 593
295 595
295 596
295 598
295 602
295 603
295 605
295 608
295 609
295 614
295 616
295 617
295 618
295 620
295 622
295 623
295 624
295 626
295 629
295 630
295 631
295 633
295 638
295 640
295 643
295 645
295 647
295 648
295 650
295 652
295 654
295 655
295 656
295 657
295 660
295 663
295 664
295 667
295 674
295 675
295 676
295 678
295 680
295 681
295 683
295 685
295 687
295 690
295 696
295 699
295 701
295 704
295 706
295 707
295 710
295 712
295 717
295 718
295 720
295 725
295 727
295 728
295 730
295 731
295 732
295 734
295 736
295 739
295 740
295 741
295 747
295 748
295 751
295 752
295 753
295 755
295 758
295 759
295 760
295 763
295 770
295 772
295 774
295 775
295 776
295 777
295 778
295 779
295 781
295 783
295 785
295 786
295 790
295 795
295 796
295 798
295 799
296 403
296 404
296 406
296 408
296 410
296 412
296 413
296 415
296 416
296 420
296 422
296 424
296 425
296 426
296 428
296 429
296 430
296 431
296 432
296 433
296 434
296 435
296 436
296 442
296 443
296 444
296 445
296 446
296 447
296 448
296 451
296 456
296 457
296 458
296 460
296 461
296 463
296 467
296 469
296 470
296 471
296 474
296 475
296 476
296 480
296 481
296 483
296 487
296 488
296 489
296 492
296 494
296 497
296 499
296 502
296 507
296 510
296 512
296 514
296 517
296 520
296 521
296 522
296 524
296 526
296 528
296 529
296 530
296 531
296 532
296 533
296 537
296 540
296 541
296 543
296 544
296 545
296 547
296 550
296 551
296 555
296 556
296 561
296 562
296 563
296 565
296 567
296 569
296 571
296 572
296 575
296 576
296 578
296 579
296 589
296 590
296 591
296 592
296 594
296 595
296 602
296 603
296 604
296 609
296 613
296 618
296 619
296 626
296 627
296 633
296 634
296 635
296 636
296 637
296 639
296 640
296 642
296 644
296 645
296 647
296 650
296 651
296 652
296 655
296 657
296 659
296 660
296 661
296 662
296 663
296 665
296 669
296 670
296 673
296 675
296 676
296 677
296 678
296 681
296 683
296 685
296 686
296 689
296 690
296 694
296 698
296 699
296 701
296 702
296 703
296 706
296 707
296 709
296 710
296 712
296 715
296 716
296 718
296 720
296 721
296 722
296 723
296 724
296 729
296 730
296 731
296 732
296 733
296 734
296 735
296 736
296 737
296 738
296 739
296 742
296 743
296 744
296 745
296 748
296 750
296 751
296 752
296 755
296 756
296 757
296 759
296 760
296 762
296 763
296 766
296 769
296 770
296 773
296 775
296 780
296 781
296 782
296 783
296 785
296 786
296 788
296 790
296 792
296 797
296 798
296 799
297 401
297 403
297 404
297 405
297 407
297 408
297 409
297 410
297 411
297 413
297 416
297 417
297 419
297 420
297 426
297 428
297 429
297 432
297 433
297 434
297 435
297 436
297 438
297 439
297 443
297 445
297 447
297 449
297 450
297 452
297 454
297 455
297 456
297 457
297 459
297 461
297 462
297 467
297 469
297 474
297 475
297 476
297 477
297 479
297 480
297 481
297 486
297 487
297 488
297 491
297 492
297 494
297 500
297 501
297 504
297 505
297 506
297 508
297 512
297 513
297 515
297 517
297 520
297 523
297 525
297 526
297 527
297 529
297 534
297 535
297 536
297 544
297 546
297 547
297 548
297 551
297 554
297 555
297 556
297 557
297 558
297 560
297 562
297 563
297 568
297 569
297 570
297 571
297 576
297 578
297 579
297 583
297 584
297 586
297 587
297 588
297 589
297 590
297 591
297 592
297 593
297 596
297 597
297 599
297 601
297 603
297 606
297 607
297 610
297 611
297 612
297 613
297 615
297 616
297 619
297 620
297 622
297 623
297 628
297 634
297 635
297 637
297 642
297 644
297 645
297 646
297 647
297 648
297 652
297 653
297 654
297 655
297 656
297 657
297 658
297 659
297 660
297 663
297 669
297 670
297 672
297 674
297 677
297 678
297 682
297 685
297 686
297 690
297 691
297 696
297 697
297 700
297 701
297 702
297 704
297 706
297 707
297 708
297 710
297 711
297 712
297 713
297 714
297 715
297 717
297 718
297 720
297 721
297 723
297 725
297 726
297 727
297 729
297 735
297 737
297 739
297 741
297 742
297 748
297 750
297 751
297 755
297 756
297 758
297 760
297 763
297 764
297 766
297 767
297 769
297 770
297 773
297 774
297 778
297 779
297 780
297 783
297 784
297 788
297 789
297 793
297 794
297 795
297 796
297 797
297 799
297 800
298 404
298 405
298 406
298 407
298 408
298 409
298 410
298 411
298 412
298 416
298 417
298 418
298 419
298 421
298 424
298 426
298 427
298 428
298 440
298 441
298 443
298 444
298 445
298 447
298 451
298 452
298 453
298 455
298 456
298 458
298 459
298 462
298 463
298 464
298 465
298 466
298 468
298 469
298 472
298 473
298 474
298 475
298 476
298 479
298 480
298 483
298 485
298 486
298 487
298 488
298 490
298 492
298 493
298 494
298 495
298 500
298 505
298 506
298 508
298 509
298 510
298 511
298 512
298 513
298 515
298 518
298 519
298 521
298 523
298 526
298 528
298 530
298 531
298 533
298 535
298 538
298 539
298 540
298 545
298 546
298 547
298 548
298 549
298 555
298 558
298 559
298 564
298 566
298 568
298 574
298 575
298 576
298 579
298 580
298 586
298 590
298 594
298 597
298 600
298 601
298 603
298 604
298 607
298 608
298 609
298 610
298 611
298 612
298 613
298 614
298 617
298 622
298 624
298 625
298 626
298 627
298 628
298 629
298 634
298 635
298 638
298 639
298 640
298 641
298 642
298 643
298 644
298 645
298 646
298 648
298 651
298 652
298 653
298 655
298 657
298 658
298 659
298 665
298 666
298 670
298 672
298 675
298 676
298 677
298 684
298 685
298 686
298 687
298 688
298 689
298 690
298 691
298 692
298 694
298 696
298 697
298 698
298 699
298 700
298 701
298 702
298 703
298 706
298 709
298 710
298 711
298 714
298 717
298 721
298 722
298 726
298 728
298 729
298 730
298 734
298 735
298 736
298 737
298 738
298 739
298 742
298 743
298 744
298 745
298 746
298 747
298 750
298 751
298 753
298 754
298 759
298 761
298 762
298 763
298 765
298 766
298 769
298 771
298 775
298 776
298 779
298 784
298 786
298 788
298 789
298 790
298 791
298 793
298 795
298 796
298 798
299 402
299 404
299 407
299 409
299 410
299 413
299 415
299 416
299 417
299 419
299 420
299 424
299 427
299 429
299 431
299 433
299 435
299 436
299 437
299 441
299 443
299 446
299 447
299 449
299 451
299 452
299 454
299 460
299 463
299 464
299 465
299 466
299 467
299 468
299 469
299 470
299 472
299 473
299 474
299 475
299 477
299 479
299 481
299 483
299 486
299 488
299 489
299 490
299 492
299 497
299 499
299 500
299 504
299 505
299 506
299 507
299 509
299 512
299 519
299 521
299 522
299 525
299 527
299 528
299 530
299 531
299 533
299 534
299 535
299 536
299 537
299 538
299 539
299 540
299 541
299 543
299 546
299 547
299 548
299 551
299 552
299 557
299 562
299 564
299 567
299 568
299 570
299 572
299 574
299 575
299 577
299 578
299 581
299 583
299 584
299 587
299 588
299 590
299 591
299 593
299 594
299 595
299 598
299 599
299 600
299 603
299 604
299 605
299 606
299 607
299 614
299 615
299 616
299 617
299 620
299 622
299 623
299 625
299 627
299 629
299 632
299 634
299 635
299 637
299 640
299 641
299 642
299 643
299 644
299 647
299 648
299 650
299 651
299 654
299 655
299 659
299 661
299 666
299 668
299 669
299 670
299 671
299 676
299 677
299 679
299 684
299 687
299 688
299 691
299 692
299 694
299 695
299 696
299 697
299 704
299 706
299 708
299 709
299 710
299 711
299 712
299 713
299 714
299 719
299 722
299 723
299 724
299 729
299 739
299 740
299 741
299 742
299 744
299 746
299 751
299 752
299 753
299 756
299 764
299 766
299 769
299 770
299 771
299 774
299 776
299 777
299 781
299 782
299 783
299 786
299 787
299 788
299 789
299 792
299 793
299 799
299 800
300 401
300 403
300 405
300 406
300 407
300 408
300 410
300 414
300 419
300 420
300 421
300 422
300 432
300 433
300 434
300 435
300 437
300 439
300 441
300 444
300 445
300 449
300 450
300 454
300 456
300 457
300 458
300 459
300 460
300 461
300 464
300 466
300 467
300 469
300 471
300 472
300 474
300 475
300 480
300 483
300 486
300 489
300 490
300 493
300 496
300 497
300 498
300 499
300 500
300 507
300 508
300 510
300 518
300 521
300 528
300 530
300 532
300 533
300 535
300 536
300 540
300 541
300 544
300 548
300 550
300 555
300 556
300 559
300 560
300 562
300 563
300 565
300 566
300 568
300 569
300 570
300 571
300 574
300 575
300 577
300 580
300 581
300 582
300 583
300 584
300 588
300 590
300 592
300 595
300 597
300 601
300 603
300 605
300 606
300 609
300 610
300 617
300 618
300 619
300 620
300 621
300 623
300 626
300 627
300 628
300 629
300 631
300 632
300 633
300 635
300 636
300 638
300 642
300 643
300 645
300 646
300 649
300 651
300 652
300 653
300 654
300 655
300 657
300 659
300 662
300 666
300 667
300 669
300 672
300 676
300 684
300 685
300 688
300 690
300 691
300 692
300 693
300 694
300 699
300 700
300 701
300 702
300 703
300 704
300 706
300 708
300 709
300 710
300 713
300 714
300 718
300 719
300 720
300 721
300 722
300 724
300 725
300 726
300 727
300 728
300 729
300 730
300 731
300 732
300 739
300 741
300 742
300 743
300 744
300 746
300 749
300 750
300 755
300 756
300 759
300 762
300 770
300 771
300 772
300 773
300 774
300 775
300 776
300 777
300 778
300 779
300 780
300 781
300 782
300 783
300 785
300 786
300 787
300 788
300 792
300 794
300 797
300 799
300 800
301 404
301 406
301 407
301 410
301 412
301 413
301 414
301 416
301 417
301 418
301 419
301 425
301 430
301 435
301 436
301 438
301 439
301 441
301 442
301 443
301 446
301 449
301 453
301 454
301 455
301 459
301 461
301 464
301 465
301 468
301 471
301 475
301 476
301 477
301 479
301 482
301 483
301 485
301 486
301 487
301 489
301 492
301 493
301 494
301 495
301 499
301 503
301 506
301 507
301 509
301 511
301 513
301 515
301 516
301 519
301 522
301 524
301 525
301 526
301 528
301 529
301 530
301 532
301 535
301 540
301 541
301 542
301 547
301 548
301 549
301 551
301 552
301 553
301 554
301 557
301 559
301 563
301 566
301 567
301 568
301 574
301 575
301 576
301 577
301 578
301 579
301 582
301 583
301 586
301 587
301 589
301 590
301 591
301 592
301 593
301 594
301 596
301 597
301 600
301 601
301 604
301 605
301 606
301 607
301 611
301 615
301 618
301 619
301 621
301 624
301 625
301 627
301 629
301 633
301 638
301 640
301 641
301 643
301 646
301 647
301 651
301 652
301 653
301 655
301 657
301 660
301 662
301 663
301 664
301 666
301 668
301 674
301 677
301 679
301 681
301 682
301 690
301 693
301 694
301 695
301 696
301 700
301 703
301 704
301 706
301 709
301 712
301 715
301 718
301 721
301 729
301 730
301 731
301 733
301 734
301 735
301 736
301 737
301 739
301 742
301 747
301 748
301 749
301 752
301 753
301 754
301 755
301 759
301 760
301 766
301 770
301 772
301 773
301 774
301 778
301 779
301 780
301 783
301 785
301 786
301 788
301 790
301 792
301 793
301 795
301 796
301 798
301 799
302 401
302 402
302 407
302 408
302 409
302 411
302 426
302 427
302 428
302 429
302 430
302 431
302 432
302 434
302 435
302 437
302 439
302 442
302 447
302 448
302 450
302 451
302 452
302 454
302 456
302 457
302 458
302 459
302 462
302 463
302 464
302 465
302 468
302 469
302 470
302 472
302 475
302 476
302 478
302 479
302 481
302 482
302 487
302 496
302 500
302 505
302 506
302 508
302 510
302 514
302 522
302 527
302 528
302 534
302 535
302 536
302 538
302 541
302 543
302 544
302 545
302 546
302 547
302 549
302 550
302 551
302 552
302 553
302 555
302 556
302 557
302 559
302 561
302 565
302 566
302 567
302 568
302 569
302 570
302 571
302 574
302 575
302 576
302 580
302 581
302 584
302 585
302 586
302 588
302 589
302 590
302 592
302 595
302 596
302 600
302 601
302 603
302 604
302 605
302 606
302 607
302 608
302 609
302 610
302 612
302 613
302 615
302 617
302 618
302 619
302 620
302 626
302 630
302 631
302 633
302 635
302 636
302 638
302 639
302 640
302 643
302 645
302 649
302 651
302 652
302 654
302 657
302 658
302 659
302 660
302 662
302 663
302 666
302 667
302 668
302 669
302 673
302 674
302 678
302 682
302 684
302 685
302 686
302 690
302 692
302 695
302 697
302 699
302 702
302 705
302 706
302 708
302 710
302 711
302 712
302 713
302 714
302 715
302 716
302 718
302 719
302 720
302 721
302 722
302 730
302 731
302 736
302 738
302 741
302 742
302 743
302 744
302 746
302 756
302 758
302 759
302 762
302 764
302 766
302 774
302 776
302 782
302 784
302 788
302 790
302 792
302 793
302 796
302 797
302 798
302 800
303 401
303 402
303 403
303 404
303 406
303 407
303 408
303 409
303 410
303 414
303 416
303 418
303 422
303 425
303 430
303 431
303 434
303 440
303 442
303 443
303 445
303 446
303 447
303 449
303 450
303 451
303 452
303 453
303 455
303 457
303 458
303 460
303 462
303 463
303 464
303 465
303 467
303 468
303 469
303 474
303 475
303 477
303 478
303 481
303 482
303 483
303 486
303 488
303 491
303 494
303 500
303 501
303 502
303 504
303 505
303 506
303 509
303 513
303 514
303 516
303 519
303 520
303 522
303 523
303 526
303 527
303 533
303 535
303 545
303 548
303 550
303 553
303 554
303 555
303 556
303 558
303 559
303 560
303 566
303 568
303 570
303 573
303 574
303 575
303 576
303 577
303 578
303 579
303 580
303 582
303 584
303 587
303 590
303 592
303 594
303 597
303 599
303 603
303 607
303 609
303 611
303 615
303 616
303 619
303 621
303 623
303 625
303 626
303 627
303 629
303 634
303 635
303 636
303 638
303 639
303 640
303 641
303 642
303 645
303 646
303 647
303 650
303 653
303 654
303 655
303 656
303 659
303 660
303 661
303 662
303 663
303 664
303 666
303 667
303 669
303 670
303 672
303 674
303 675
303 681
303 682
303 684
303 685
303 686
303 688
303 692
303 693
303 695
303 698
303 700
303 701
303 705
303 708
303 711
303 713
303 714
303 715
303 718
303 720
303 721
303 722
303 723
303 729
303 730
303 734
303 736
303 737
303 738
303 739
303 741
303 742
303 743
303 744
303 745
303 746
303 749
303 755
303 756
303 757
303 758
303 762
303 765
303 766
303 767
303 768
303 770
303 772
303 773
303 775
303 776
303 780
303 782
303 783
303 784
303 785
303 790
303 791
303 794
303 798
304 402
304 403
304 404
304 406
304 407
304 409
304 411
304 412
304 416
304 417
304 419
304 422
304 423
304 425
304 426
304 427
304 428
304 429
304 430
304 432
304 434
304 437
304 439
304 441
304 442
304 443
304 445
304 449
304 450
304 454
304 457
304 461
304 463
304 464
304 468
304 470
304 473
304 475
304 476
304 477
304 479
304 483
304 485
304 487
304 488
304 489
304 490
304 491
304 494
304 497
304 500
304 501
304 504
304 507
304 516
304 517
304 521
304 522
304 524
304 527
304 529
304 530
304 531
304 532
304 534
304 535
304 536
304 537
304 540
304 541
304 542
304 546
304 551
304 553
304 554
304 556
304 557
304 560
304 561
304 562
304 564
304 566
304 568
304 569
304 570
304 572
304 573
304 577
304 580
304 582
304 588
304 589
304 591
304 592
304 593
304 594
304 595
304 599
304 601
304 604
304 606
304 607
304 609
304 610
304 611
304 612
304 614
304 615
304 617
304 618
304 619
304 621
304 622
304 626
304 627
304 629
304 634
304 637
304 638
304 639
304 644
304 648
304 649
304 650
304 652
304 653
304 654
304 656
304 659
304 660
304 661
304 662
304 663
304 665
304 666
304 667
304 669
304 672
304 673
304 676
304 678
304 683
304 684
304 686
304 687
304 689
304 690
304 691
304 692
304 695
304 696
304 700
304 706
304 707
304 708
304 709
304 710
304 711
304 713
304 718
304 719
304 722
304 724
304 725
304 728
304 729
304 730
304 732
304 733
304 734
304 735
304 737
304 741
304 743
304 744
304 745
304 747
304 751
304 752
304 757
304 758
304 759
304 761
304 762
304 765
304 769
304 771
304 775
304 776
304 777
304 780
304 781
304 782
304 784
304 787
304 788
304 790
304 791
304 793
304 794
304 795
304 797
304 798
304 799
304 800
305 402
305 406
305 409
305 411
305 412
305 413
305 417
305 419
305 420
305 422
305 424
305 425
305 427
305 429
305 431
305 432
305 435
305 439
305 443
305 447
305 448
305 449
305 450
305 451
305 455
305 458
305 460
305 461
305 463
305 464
305 465
305 467
305 473
305 475
305 476
305 477
305 479
305 480
305 481
305 484
305 485
305 486
305 487
305 489
305 492
305 494
305 495
305 505
305 507
305 509
305 510
305 511
305 514
305 515
305 517
305 521
305 523
305 527
305 528
305 529
305 530
305 531
305 532
305 533
305 534
305 535
305 538
305 539
305 544
305 545
305 551
305 552
305 554
305 555
305 556
305 558
305 559
305 560
305 562
305 564
305 565
305 566
305 567
305 568
305 570
305 571
305 572
305 579
305 581
305 582
305 586
305 590
305 591
305 592
305 594
305 596
305 598
305 602
305 603
305 607
305 608
305 609
305 612
305 613
305 616
305 619
305 620
305 621
305 622
305 623
305 624
305 625
305 626
305 627
305 629
305 630
305 631
305 632
305 637
305 638
305 643
305 644
305 647
305 648
305 649
305 650
305 651
305 652
305 653
305 658
305 662
305 664
305 671
305 673
305 674
305 675
305 676
305 677
305 678
305 680
305 681
305 682
305 683
305 684
305 685
305 687
305 688
305 691
305 694
305 697
305 699
305 700
305 704
305 706
305 710
305 713
305 714
305 715
305 716
305 717
305 718
305 719
305 721
305 722
305 723
305 725
305 726
305 728
305 729
305 735
305 737
305 739
305 740
305 741
305 742
305 743
305 745
305 746
305 749
305 751
305 752
305 753
305 755
305 756
305 759
305 761
305 763
305 764
305 766
305 771
305 772
305 773
305 774
305 778
305 783
305 784
305 786
305 788
305 789
305 792
305 795
305 796
305 797
305 800
306 403
306 404
306 406
306 408
306 409
306 414
306 415
306 417
306 420
306 421
306 426
306 429
306 430
306 431
306 434
306 436
306 438
306 441
306 442
306 444
306 445
306 446
306 448
306 449
306 450
306 455
306 458
306 463
306 465
306 468
306 470
306 471
306 472
306 473
306 475
306 476
306 478
306 480
306 481
306 482
306 483
306 484
306 486
306 490
306 491
306 496
306 497
306 500
306 503
306 505
306 506
306 508
306 511
306 513
306 519
306 522
306 524
306 525
306 528
306 530
306 533
306 535
306 536
306 542
306 543
306 544
306 545
306 547
306 549
306 551
306 553
306 554
306 555
306 558
306 560
306 562
306 563
306 566
306 567
306 568
306 569
306 574
306 575
306 577
306 580
306 581
306 584
306 589
306 590
306 593
306 598
306 599
306 600
306 601
306 605
306 606
306 607
306 609
306 610
306 611
306 612
306 613
306 622
306 623
306 624
306 625
306 630
306 631
306 633
306 634
306 635
306 637
306 642
306 644
306 645
306 647
306 649
306 650
306 651
306 653
306 654
306 659
306 662
306 663
306 664
306 666
306 667
306 669
306 670
306 672
306 673
306 677
306 680
306 681
306 685
306 686
306 687
306 688
306 690
306 694
306 695
306 696
306 697
306 698
306 701
306 702
306 703
306 704
306 705
306 708
306 709
306 710
306 724
306 726
306 730
306 731
306 732
306 733
306 734
306 736
306 738
306 739
306 740
306 742
306 750
306 752
306 753
306 755
306 757
306 758
306 759
306 760
306 761
306 764
306 766
306 768
306 769
306 770
306 771
306 772
306 774
306 776
306 780
306 781
306 782
306 792
306 793
307 402
307 406
307 407
307 409
307 411
307 414
307 420
307 421
307 422
307 427
307 430
307 431
307 434
307 435
307 436
307 441
307 444
307 445
307 450
307 452
307 455
307 456
307 458
307 460
307 462
307 464
307 465
307 466
307 467
307 468
307 469
307 470
307 472
307 473
307 476
307 477
307 481
307 482
307 483
307 484
307 486
307 487
307 489
307 496
307 500
307 503
307 505
307 509
307 518
307 520
307 521
307 526
307 527
307 528
307 530
307 531
307 536
307 537
307 538
307 542
307 543
307 545
307 550
307 552
307 559
307 561
307 562
307 564
307 565
307 566
307 567
307 568
307 569
307 570
307 571
307 574
307 575
307 576
307 580
307 581
307 582
307 583
307 585
307 587
307 588
307 589
307 592
307 593
307 594
307 595
307 596
307 598
307 599
307 606
307 608
307 611
307 614
307 618
307 620
307 622
307 624
307 627
307 628
307 629
307 631
307 633
307 636
307 640
307 641
307 642
307 643
307 644
307 645
307 646
307 650
307 654
307 655
307 658
307 659
307 660
307 664
307 666
307 667
307 670
307 671
307 674
307 676
307 677
307 678
307 680
307 681
307 682
307 685
307 686
307 687
307 688
307 690
307 691
307 696
307 699
307 700
307 702
307 703
307 705
307 706
307 707
307 708
307 711
307 713
307 714
307 715
307 716
307 719
307 720
307 723
307 729
307 730
307 731
307 732
307 733
307 734
307 736
307 739
307 740
307 742
307 746
307 748
307 750
307 756
307 757
307 758
307 760
307 761
307 769
307 772
307 773
307 774
307 775
307 776
307 777
307 778
307 779
307 780
307 782
307 783
307 784
307 787
307 788
307 791
307 792
307 794
308 404
308 405
308 406
308 407
308 410
308 415
308 419
308 420
308 422
308 425
308 432
308 434
308 440
308 443
308 444
308 445
308 446
308 447
308 448
308 450
308 453
308 454
308 460
308 464
308 466
308 467
308 470
308 472
308 473
308 475
308 477
308 481
308 482
308 483
308 484
308 487
308 489
308 490
308 491
308 492
308 498
308 499
308 500
308 501
308 502
308 503
308 504
308 505
308 510
308 514
308 516
308 519
308 520
308 523
308 526
308 527
308 530
308 535
308 536
308 538
308 539
308 540
308 542
308 543
308 545
308 546
308 547
308 548
308 549
308 550
308 555
308 556
308 559
308 561
308 563
308 564
308 566
308 574
308 575
308 577
308 580
308 583
308 584
308 591
308 593
308 594
308 597
308 598
308 599
308 603
308 605
308 606
308 607
308 608
308 609
308 611
308 612
308 613
308 614
308 620
308 624
308 625
308 630
308 631
308 637
308 638
308 639
308 641
308 644
308 646
308 647
308 650
308 652
308 653
308 654
308 656
308 661
308 662
308 663
308 665
308 666
308 668
308 669
308 670
308 671
308 672
308 677
308 678
308 679
308 680
308 681
308 683
308 684
308 685
308 689
308 691
308 696
308 697
308 699
308 703
308 706
308 708
308 710
308 712
308 714
308 715
308 716
308 719
308 720
308 721
308 722
308 724
308 729
308 730
308 731
308 735
308 737
308 739
308 740
308 743
308 745
308 746
308 749
308 750
308 753
308 754
308 756
308 757
308 759
308 761
308 762
308 764
308 767
308 770
308 771
308 774
308 775
308 776
308 778
308 780
308 781
308 785
308 786
308 787
308 788
308 789
308 791
308 793
308 795
309 404
309 405
309 406
309 407
309 408
309 409
309 411
309 412
309 413
309 419
309 420
309 421
309 422
309 423
309 425
309 428
309 430
309 431
309 436
309 437
309 438
309 440
309 443
309 446
309 449
309 451
309 453
309 455
309 456
309 457
309 458
309 459
309 463
309 469
309 471
309 472
309 474
309 475
309 476
309 477
309 478
309 479
309 481
309 483
309 485
309 487
309 488
309 489
309 490
309 492
309 499
309 504
309 506
309 511
309 512
309 515
309 518
309 519
309 520
309 523
309 524
309 525
309 526
309 527
309 530
309 531
309 533
309 534
309 536
309 538
309 539
309 541
309 543
309 545
309 547
309 548
309 551
309 552
309 555
309 556
309 557
309 560
309 564
309 568
309 570
309 573
309 576
309 578
309 580
309 582
309 583
309 585
309 586
309 587
309 588
309 593
309 596
309 598
309 603
309 605
309 606
309 608
309 610
309 612
309 615
309 616
309 618
309 619
309 623
309 627
309 634
309 635
309 637
309 638
309 639
309 641
309 642
309 645
309 646
309 647
309 648
309 649
309 652
309 653
309 655
309 658
309 659
309 664
309 667
309 669
309 671
309 673
309 675
309 676
309 677
309 680
309 681
309 682
309 683
309 685
309 686
309 687
309 688
309 689
309 690
309 693
309 694
309 695
309 696
309 697
309 698
309 699
309 702
309 704
309 706
309 707
309 712
309 715
309 716
309 717
309 718
309 727
309 728
309 730
309 737
309 739
309 744
309 745
309 746
309 747
309 748
309 749
309 750
309 752
309 755
309 758
309 760
309 761
309 763
309 765
309 766
309 768
309 769
309 771
309 772
309 774
309 779
309 780
309 781
309 783
309 785
309 786
309 788
309 789
309 790
309 793
309 794
309 796
309 799
309 800
310 401
310 402
310 403
310 404
310 405
310 410
310 411
310 413
310 415
310 418
310 420
310 422
310 424
310 425
310 426
310 428
310 430
310 431
310 433
310 434
310 438
310 439
310 442
310 446
310 450
310 451
310 454
310 455
310 460
310 461
310 462
310 463
310 469
310 470
310 472
310 473
310 474
310 477
310 479
310 482
310 484
310 485
310 486
310 487
310 488
310 492
310 493
310 498
310 499
310 502
310 506
310 509
310 510
310 512
310 513
310 514
310 515
310 516
310 519
310 521
310 522
310 523
310 526
310 527
310 528
310 530
310 532
310 533
310 535
310 536
310 537
310 539
310 541
310 544
310 546
310 548
310 550
310 551
310 552
310 559
310 563
310 565
310 566
310 567
310 569
310 570
310 572
310 576
310 577
310 580
310 581
310 584
310 586
310 589
310 591
310 592
310 594
310 597
310 598
310 602
310 605
310 608
310 609
310 613
310 614
310 616
310 617
310 619
310 621
310 622
310 623
310 629
310 630
310 632
310 633
310 634
310 635
310 637
310 638
310 640
310 643
310 645
310 646
310 647
310 648
310 650
310 652
310 655
310 657
310 658
310 660
310 667
310 669
310 670
310 672
310 673
310 674
310 675
310 682
310 683
310 684
310 685
310 686
310 690
310 692
310 693
310 694
310 695
310 700
310 701
310 702
310 704
310 705
310 706
310 709
310 710
310 718
310 719
310 720
310 722
310 724
310 725
310 726
310 729
310 731
310 733
310 735
310 736
310 738
310 739
310 740
310 741
310 742
310 743
310 745
310 747
310 749
310 750
310 752
310 759
310 760
310 762
310 764
310 768
310 769
310 770
310 771
310 772
310 774
310 775
310 777
310 781
310 784
310 785
310 786
310 790
310 793
310 795
310 796
310 798
311 401
311 407
311 408
311 409
311 410
311 411
311 413
311 417
311 418
311 421
311 423
311 424
311 427
311 428
311 429
311 430
311 431
311 432
311 435
311 436
311 437
311 438
311 439
311 440
311 442
311 443
311 444
311 446
311 447
311 448
311 449
311 450
311 452
311 458
311 461
311 466
311 467
311 469
311 471
311 474
311 475
311 478
311 479
311 480
311 481
311 483
311 484
311 489
311 490
311 491
311 492
311 497
311 498
311 500
311 501
311 504
311 505
311 506
311 509
311 511
311 512
311 518
311 519
311 521
311 523
311 524
311 528
311 529
311 532
311 533
311 541
311 546
311 547
311 549
311 550
311 551
311 553
311 554
311 555
311 556
311 558
311 559
311 560
311 566
311 568
311 569
311 570
311 577
311 578
311 579
311 584
311 585
311 587
311 588
311 590
311 592
311 593
311 595
311 597
311 599
311 600
311 603
311 604
311 605
311 607
311 608
311 609
311 612
311 614
311 615
311 616
311 617
311 619
311 622
311 623
311 625
311 632
311 633
311 635
311 637
311 640
311 642
311 643
311 644
311 649
311 650
311 651
311 655
311 659
311 664
311 665
311 667
311 668
311 669
311 670
311 673
311 674
311 675
311 677
311 679
311 680
311 681
311 684
311 688
311 689
311 690
311 691
311 697
311 698
311 699
311 700
311 701
311 702
311 704
311 705
311 706
311 707
311 711
311 715
311 716
311 717
311 718
311 719
311 721
311 722
311 723
311 726
311 727
311 728
311 729
311 731
311 733
311 734
311 735
311 736
311 737
311 739
311 741
311 742
311 743
311 744
311 746
311 749
311 752
311 753
311 755
311 761
311 763
311 764
311 766
311 768
311 770
311 771
311 772
311 773
311 774
311 777
311 778
311 779
311 780
311 785
311 786
311 787
311 790
311 792
311 795
311 796
311 797
311 798
312 402
312 403
312 404
312 405
312 408
312 410
312 414
312 415
312 417
312 419
312 421
312 422
312 423
312 424
312 425
312 427
312 429
312 430
312 431
312 432
312 438
312 439
312 441
312 443
312 446
312 449
312 451
312 452
312 454
312 455
312 459
312 461
312 462
312 466
312 467
312 469
312 470
312 473
312 474
312 475
312 476
312 479
312 480
312 481
312 484
312 486
312 487
312 492
312 493
312 494
312 497
312 498
312 500
312 501
312 502
312 505
312 506
312 509
312 517
312 519
312 520
312 524
312 525
312 526
312 528
312 529
312 536
312 538
312 539
312 540
312 544
312 545
312 546
312 547
312 548
312 550
312 551
312 553
312 558
312 559
312 560
312 561
312 563
312 566
312 568
312 570
312 572
312 578
312 581
312 583
312 584
312 587
312 589
312 593
312 594
312 595
312 597
312 600
312 601
312 602
312 603
312 605
312 606
312 607
312 610
312 611
312 613
312 615
312 618
312 623
312 624
312 628
312 631
312 634
312 635
312 640
312 641
312 643
312 646
312 649
312 653
312 655
312 656
312 657
312 659
312 661
312 664
312 668
312 675
312 677
312 678
312 679
312 680
312 681
312 682
312 686
312 688
312 691
312 692
312 696
312 697
312 699
312 704
312 705
312 706
312 708
312 709
312 712
312 713
312 714
312 716
312 717
312 719
312 720
312 721
312 722
312 723
312 724
312 726
312 728
312 729
312 730
312 732
312 734
312 735
312 736
312 737
312 738
312 740
312 741
312 742
312 743
312 745
312 747
312 749
312 750
312 751
312 766
312 768
312 772
312 773
312 775
312 778
312 780
312 781
312 783
312 784
312 787
312 794
312 795
312 797
312 798
313 401
313 404
313 406
313 408
313 410
313 415
313 419
313 420
313 424
313 426
313 427
313 431
313 433
313 434
313 435
313 439
313 441
313 445
313 446
313 448
313 449
313 450
313 451
313 452
313 453
313 456
313 457
313 458
313 460
313 463
313 465
313 466
313 467
313 469
313 471
313 475
313 477
313 478
313 479
313 480
313 488
313 489
313 491
313 493
313 495
313 496
313 497
313 498
313 499
313 501
313 502
313 503
313 505
313 507
313 515
313 516
313 521
313 522
313 524
313 526
313 527
313 528
313 531
313 532
313 534
313 537
313 541
313 544
313 547
313 548
313 549
313 550
313 552
313 560
313 564
313 567
313 569
313 570
313 574
313 576
313 577
313 582
313 584
313 585
313 591
313 592
313 593
313 595
313 597
313 598
313 599
313 600
313 603
313 605
313 606
313 607
313 611
313 612
313 613
313 617
313 619
313 620
313 621
313 622
313 624
313 626
313 627
313 628
313 629
313 634
313 635
313 636
313 640
313 642
313 643
313 645
313 646
313 649
313 653
313 657
313 658
313 659
313 663
313 668
313 670
313 671
313 673
313 675
313 676
313 677
313 682
313 683
313 687
313 691
313 692
313 693
313 694
313 697
313 698
313 701
313 703
313 705
313 707
313 713
313 714
313 716
313 718
313 719
313 722
313 723
313 724
313 727
313 728
313 729
313 731
313 732
313 734
313 736
313 738
313 739
313 744
313 746
313 748
313 749
313 750
313 752
313 754
313 755
313 756
313 757
313 758
313 759
313 760
313 763
313 764
313 765
313 768
313 769
313 771
313 772
313 774
313 776
313 778
313 779
313 781
313 786
313 788
313 792
313 797
313 798
314 402
314 406
314 408
314 411
314 417
314 418
314 420
314 421
314 422
314 424
314 425
314 427
314 428
314 429
314 430
314 432
314 434
314 435
314 436
314 439
314 440
314 442
314 444
314 446
314 450
314 453
314 455
314 456
314 457
314 458
314 459
314 461
314 463
314 465
314 466
314 469
314 471
314 472
314 473
314 477
314 478
314 479
314 482
314 483
314 484
314 485
314 487
314 488
314 489
314 490
314 491
314 493
314 494
314 499
314 500
314 501
314 504
314 505
314 509
314 511
314 516
314 517
314 518
314 519
314 521
314 526
314 527
314 528
314 529
314 531
314 532
314 533
314 534
314 535
314 537
314 539
314 544
314 547
314 549
314 551
314 552
314 554
314 556
314 557
314 558
314 559
314 560
314 565
314 566
314 569
314 570
314 571
314 573
314 576
314 577
314 579
314 580
314 581
314 582
314 583
314 584
314 586
314 587
314 588
314 589
314 590
314 592
314 593
314 601
314 602
314 603
314 604
314 606
314 607
314 609
314 611
314 612
314 613
314 614
314 616
314 621
314 624
314 626
314 627
314 629
314 630
314 631
314 633
314 634
314 635
314 636
314 637
314 638
314 639
314 640
314 641
314 643
314 644
314 645
314 646
314 649
314 650
314 652
314 653
314 654
314 656
314 660
314 661
314 664
314 665
314 668
314 672
314 676
314 677
314 678
314 681
314 684
314 685
314 686
314 687
314 688
314 692
314 695
314 697
314 698
314 699
314 700
314 701
314 702
314 705
314 707
314 709
314 710
314 711
314 713
314 714
314 716
314 718
314 719
314 720
314 723
314 725
314 728
314 729
314 730
314 731
314 732
314 733
314 734
314 735
314 737
314 739
314 741
314 743
314 744
314 747
314 752
314 754
314 755
314 756
314 757
314 758
314 759
314 763
314 765
314 769
314 770
314 771
314 780
314 782
314 784
314 787
314 788
314 793
314 796
314 798
314 799
314 800
315 413
315 417
315 418
315 424
315 425
315 426
315 427
315 429
315 437
315 438
315 439
315 441
315 442
315 443
315 444
315 446
315 448
315 450
315 451
315 453
315 455
315 456
315 457
315 458
315 459
315 460
315 462
315 463
315 464
315 465
315 466
315 468
315 470
315 471
315 472
315 473
315 476
315 480
315 484
315 486
315 487
315 489
315 490
315 494
315 495
315 497
315 498
315 502
315 503
315 505
315 506
315 508
315 509
315 510
315 511
315 512
315 513
315 514
315 517
315 519
315 520
315 525
315 526
315 529
315 531
315 536
315 537
315 538
315 539
315 541
315 544
315 545
315 548
315 549
315 552
315 555
315 558
315 561
315 564
315 566
315 569
315 570
315 571
315 573
315 574
315 576
315 581
315 582
315 583
315 585
315 586
315 587
315 590
315 598
315 601
315 602
315 603
315 604
315 606
315 608
315 610
315 611
315 612
315 613
315 615
315 618
315 619
315 621
315 628
315 629
315 630
315 631
315 633
315 634
315 635
315 636
315 639
315 640
315 643
315 649
315 650
315 651
315 652
315 658
315 662
315 663
315 664
315 665
315 666
315 667
315 669
315 671
315 672
315 680
315 682
315 683
315 684
315 685
315 690
315 691
315 692
315 693
315 694
315 696
315 698
315 701
315 702
315 704
315 706
315 708
315 709
315 712
315 717
315 718
315 719
315 723
315 724
315 728
315 729
315 730
315 732
315 733
315 735
315 736
315 740
315 741
315 743
315 748
315 749
315 750
315 751
315 752
315 753
315 755
315 756
315 758
315 762
315 765
315 766
315 767
315 768
315 769
315 771
315 772
315 774
315 778
315 781
315 782
315 783
315 785
315 786
315 787
315 789
315 794
315 795
315 798
316 401
316 403
316 405
316 408
316 409
316 410
316 412
316 414
316 415
316 416
316 417
316 419
316 420
316 421
316 424
316 425
316 426
316 428
316 429
316 431
316 432
316 433
316 435
316 436
316 437
316 438
316 441
316 442
316 443
316 444
316 445
316 447
316 450
316 459
316 460
316 461
316 463
316 464
316 466
316 467
316 468
316 470
316 473
316 474
316 475
316 479
316 482
316 484
316 485
316 486
316 490
316 491
316 493
316 496
316 505
316 509
316 510
316 518
316 519
316 521
316 522
316 523
316 524
316 525
316 527
316 528
316 529
316 530
316 531
316 533
316 535
316 537
316 538
316 539
316 543
316 557
316 558
316 559
316 560
316 564
316 566
316 569
316 570
316 572
316 575
316 580
316 581
316 583
316 584
316 585
316 586
316 588
316 590
316 591
316 594
316 597
316 598
316 599
316 600
316 603
316 605
316 607
316 608
316 609
316 610
316 611
316 615
316 620
316 622
316 625
316 626
316 629
316 630
316 634
316 636
316 639
316 642
316 647
316 651
316 655
316 656
316 657
316 662
316 664
316 665
316 666
316 669
316 670
316 673
316 674
316 675
316 677
316 678
316 679
316 681
316 686
316 687
316 688
316 689
316 690
316 691
316 692
316 698
316 699
316 701
316 705
316 707
316 709
316 710
316 714
316 716
316 718
316 720
316 721
316 723
316 724
316 726
316 730
316 732
316 734
316 735
316 738
316 740
316 741
316 742
316 745
316 746
316 749
316 750
316 751
316 752
316 753
316 754
316 755
316 756
316 758
316 760
316 761
316 762
316 764
316 768
316 769
316 772
316 773
316 774
316 777
316 780
316 781
316 782
316 783
316 785
316 788
316 790
316 800
317 401
317 405
317 406
317 407
317 410
317 411
317 412
317 416
317 417
317 418
317 419
317 420
317 421
317 423
317 425
317 426
317 427
317 429
317 435
317 436
317 437
317 438
317 439
317 440
317 441
317 443
317 444
317 445
317 449
317 450
317 452
317 454
317 455
317 456
317 458
317 459
317 465
317 469
317 473
317 475
317 477
317 478
317 479
317 483
317 484
317 485
317 486
317 488
317 490
317 492
317 493
317 494
317 496
317 497
317 498
317 499
317 500
317 501
317 503
317 504
317 506
317 508
317 509
317 510
317 511
317 514
317 516
317 517
317 518
317 519
317 520
317 521
317 522
317 523
317 524
317 527
317 530
317 531
317 532
317 535
317 536
317 538
317 539
317 540
317 541
317 542
317 543
317 547
317 548
317 549
317 551
317 552
317 553
317 554
317 555
317 556
317 558
317 560
317 561
317 564
317 569
317 570
317 571
317 572
317 573
317 574
317 576
317 577
317 581
317 582
317 583
317 587
317 588
317 589
317 590
317 591
317 594
317 604
317 606
317 611
317 612
317 613
317 614
317 618
317 620
317 622
317 624
317 628
317 630
317 631
317 632
317 634
317 637
317 639
317 641
317 643
317 644
317 649
317 651
317 652
317 654
317 655
317 657
317 658
317 659
317 660
317 661
317 664
317 665
317 667
317 668
317 670
317 673
317 674
317 675
317 679
317 680
317 682
317 683
317 684
317 685
317 686
317 687
317 688
317 690
317 691
317 696
317 698
317 700
317 701
317 702
317 703
317 704
317 710
317 711
317 712
317 715
317 717
317 718
317 721
317 722
317 726
317 727
317 728
317 729
317 731
317 733
317 734
317 735
317 736
317 737
317 740
317 745
317 747
317 749
317 750
317 751
317 753
317 755
317 757
317 759
317 765
317 766
317 768
317 771
317 773
317 774
317 775
317 777
317 780
317 783
317 787
317 789
317 793
317 795
317 798
317 799
318 401
318 402
318 405
318 407
318 409
318 410
318 412
318 413
318 414
318 417
318 419
318 420
318 422
318 423
318 426
318 429
318 430
318 434
318 435
318 436
318 437
318 439
318 444
318 445
318 446
318 448
318 450
318 452
318 454
318 456
318 460
318 461
318 462
318 464
318 467
318 469
318 470
318 473
318 474
318 480
318 481
318 482
318 483
318 487
318 490
318 491
318 492
318 495
318 496
318 497
318 499
318 500
318 502
318 506
318 507
318 509
318 511
318 516
318 517
318 518
318 519
318 520
318 521
318 526
318 527
318 529
318 530
318 531
318 534
318 535
318 540
318 543
318 545
318 546
318 549
318 550
318 552
318 555
318 557
318 559
318 560
318 561
318 564
318 565
318 569
318 570
318 573
318 575
318 577
318 580
318 585
318 586
318 590
318 591
318 592
318 593
318 602
318 603
318 607
318 609
318 610
318 612
318 616
318 619
318 621
318 625
318 627
318 628
318 631
318 633
318 634
318 636
318 643
318 647
318 650
318 654
318 657
318 658
318 659
318 661
318 662
318 663
318 664
318 665
318 666
318 668
318 669
318 670
318 672
318 673
318 674
318 675
318 676
318 677
318 679
318 681
318 683
318 684
318 685
318 689
318 694
318 696
318 699
318 701
318 702
318 703
318 704
318 706
318 707
318 708
318 711
318 712
318 719
318 723
318 726
318 730
318 733
318 735
318 736
318 738
318 739
318 740
318 742
318 743
318 745
318 749
318 755
318 757
318 759
318 764
318 765
318 766
318 767
318 768
318 771
318 774
318 777
318 778
318 779
318 780
318 781
318 782
318 790
318 792
318 793
318 794
318 796
318 797
318 798
319 401
319 403
319 405
319 408
319 409
319 410
319 412
319 413
319 414
319 421
319 422
319 423
319 425
319 427
319 431
319 432
319 434
319 437
319 439
319 445
319 448
319 449
319 453
319 454
319 455
319 457
319 460
319 463
319 464
319 465
319 469
319 470
319 478
319 481
319 482
319 485
319 486
319 487
319 488
319 491
319 492
319 493
319 503
319 504
319 506
319 507
319 511
319 517
319 519
319 522
319 525
319 529
319 530
319 536
319 537
319 538
319 543
319 545
319 546
319 547
319 552
319 553
319 554
319 557
319 560
319 561
319 565
319 570
319 572
319 574
319 577
319 578
319 581
319 583
319 584
319 585
319 589
319 593
319 594
319 595
319 597
319 600
319 601
319 602
319 605
319 607
319 608
319 610
319 613
319 617
319 618
319 620
319 621
319 623
319 624
319 625
319 626
319 629
319 633
319 634
319 635
319 637
319 645
319 650
319 651
319 652
319 653
319 654
319 655
319 657
319 658
319 659
319 661
319 665
319 666
319 667
319 672
319 673
319 675
319 676
319 677
319 678
319 679
319 680
319 681
319 682
319 683
319 684
319 685
319 688
319 693
319 694
319 695
319 696
319 697
319 698
319 699
319 700
319 701
319 703
319 705
319 707
319 710
319 711
319 712
319 713
319 715
319 716
319 722
319 728
319 729
319 731
319 732
319 733
319 736
319 738
319 739
319 741
319 747
319 748
319 751
319 752
319 753
319 754
319 755
319 756
319 759
319 761
319 763
319 766
319 770
319 775
319 776
319 779
319 780
319 782
319 783
319 787
319 789
319 790
319 792
319 793
319 794
319 796
319 797
319 798
319 800
320 406
320 407
320 408
320 413
320 414
320 416
320 418
320 421
320 422
320 425
320 428
320 432
320 435
320 436
320 438
320 439
320 441
320 442
320 443
320 444
320 446
320 449
320 451
320 452
320 453
320 454
320 463
320 465
320 466
320 467
320 470
320 471
320 473
320 475
320 479
320 480
320 484
320 490
320 491
320 493
320 494
320 495
320 497
320 499
320 505
320 506
320 510
320 512
320 516
320 517
320 519
320 521
320 525
320 527
320 528
320 530
320 531
320 532
320 534
320 537
320 538
320 540
320 542
320 543
320 544
320 546
320 547
320 548
320 549
320 552
320 555
320 556
320 557
320 558
320 561
320 562
320 565
320 566
320 567
320 572
320 573
320 575
320 579
320 582
320 583
320 584
320 585
320 586
320 589
320 592
320 593
320 597
320 598
320 599
320 600
320 601
320 602
320 604
320 607
320 608
320 609
320 610
320 611
320 613
320 614
320 615
320 616
320 617
320 618
320 619
320 621
320 622
320 623
320 626
320 627
320 630
320 633
320 634
320 636
320 638
320 639
320 640
320 643
320 645
320 647
320 651
320 652
320 653
320 654
320 656
320 660
320 661
320 662
320 666
320 671
320 673
320 674
320 675
320 676
320 677
320 681
320 685
320 687
320 688
320 692
320 693
320 699
320 708
320 711
320 712
320 716
320 719
320 725
320 730
320 732
320 733
320 735
320 737
320 740
320 743
320 744
320 745
320 746
320 748
320 749
320 750
320 751
320 752
320 754
320 755
320 756
320 758
320 761
320 763
320 764
320 765
320 767
320 771
320 772
320 774
320 775
320 776
320 777
320 778
320 780
320 787
320 790
320 793
320 794
321 403
321 404
321 405
321 406
321 409
321 410
321 412
321 413
321 417
321 418
321 421
321 425
321 426
321 430
321 431
321 432
321 435
321 436
321 437
321 439
321 441
321 442
321 444
321 445
321 446
321 451
321 454
321 456
321 458
321 459
321 461
321 462
321 465
321 466
321 469
321 471
321 472
321 473
321 475
321 476
321 477
321 478
321 484
321 485
321 486
321 487
321 489
321 490
321 493
321 497
321 498
321 499
321 500
321 502
321 503
321 506
321 508
321 510
321 512
321 514
321 515
321 517
321 521
321 522
321 524
321 525
321 526
321 532
321 533
321 534
321 536
321 537
321 538
321 541
321 543
321 545
321 546
321 547
321 549
321 552
321 557
321 559
321 560
321 563
321 569
321 570
321 571
321 573
321 574
321 577
321 578
321 579
321 580
321 582
321 583
321 584
321 589
321 590
321 594
321 596
321 598
321 599
321 600
321 601
321 602
321 603
321 605
321 607
321 609
321 610
321 613
321 616
321 617
321 618
321 620
321 621
321 622
321 626
321 627
321 628
321 629
321 630
321 632
321 635
321 637
321 639
321 640
321 641
321 643
321 644
321 647
321 648
321 649
321 651
321 652
321 653
321 655
321 657
321 658
321 660
321 662
321 663
321 664
321 666
321 668
321 671
321 673
321 674
321 675
321 677
321 679
321 681
321 682
321 683
321 686
321 688
321 690
321 691
321 693
321 696
321 697
321 698
321 701
321 702
321 704
321 705
321 707
321 710
321 711
321 712
321 717
321 724
321 725
321 726
321 728
321 730
321 732
321 734
321 737
321 739
321 740
321 742
321 743
321 745
321 747
321 750
321 752
321 753
321 754
321 758
321 759
321 760
321 762
321 763
321 764
321 771
321 776
321 781
321 782
321 783
321 784
321 788
321 789
321 793
321 796
321 797
321 799
322 405
322 406
322 409
322 410
322 414
322 415
322 416
322 417
322 419
322 420
322 423
322 424
322 425
322 427
322 428
322 429
322 430
322 433
322 435
322 442
322 445
322 447
322 448
322 449
322 450
322 451
322 453
322 454
322 456
322 457
322 459
322 460
322 462
322 468
322 472
322 474
322 475
322 479
322 480
322 483
322 485
322 486
322 487
322 489
322 490
322 494
322 495
322 496
322 498
322 499
322 507
322 509
322 510
322 511
322 514
322 516
322 518
322 520
322 522
322 523
322 526
322 528
322 529
322 532
322 534
322 535
322 539
322 540
322 542
322 543
322 545
322 550
322 551
322 552
322 553
322 557
322 558
322 561
322 565
322 567
322 570
322 571
322 572
322 573
322 577
322 578
322 579
322 581
322 582
322 583
322 584
322 587
322 591
322 592
322 594
322 595
322 596
322 598
322 599
322 600
322 601
322 604
322 606
322 608
322 611
322 613
322 614
322 615
322 616
322 617
322 621
322 622
322 623
322 624
322 626
322 627
322 628
322 632
322 633
322 634
322 635
322 636
322 639
322 643
322 644
322 646
322 647
322 648
322 649
322 655
322 656
322 657
322 659
322 660
322 667
322 669
322 671
322 672
322 673
322 676
322 677
322 678
322 679
322 681
322 684
322 685
322 687
322 688
322 691
322 693
322 695
322 696
322 698
322 699
322 703
322 705
322 708
322 714
322 715
322 716
322 718
322 719
322 723
322 726
322 728
322 729
322 730
322 733
322 734
322 735
322 740
322 742
322 743
322 744
322 745
322 746
322 748
322 751
322 753
322 757
322 758
322 761
322 764
322 765
322 766
322 770
322 771
322 773
322 775
322 777
322 780
322 781
322 783
322 784
322 787
322 789
322 791
322 793
322 794
322 795
322 796
322 797
322 798
322 800
323 401
323 403
323 404
323 409
323 411
323 412
323 413
323 414
323 417
323 418
323 420
323 422
323 423
323 427
323 429
323 431
323 432
323 433
323 434
323 437
323 440
323 441
323 442
323 445
323 446
323 447
323 451
323 455
323 456
323 458
323 460
323 461
323 465
323 466
323 469
323 473
323 474
323 475
323 476
323 478
323 480
323 482
323 483
323 484
323 485
323 487
323 488
323 491
323 493
323 495
323 498
323 505
323 506
323 510
323 512
323 518
323 520
323 523
323 524
323 527
323 533
323 536
323 538
323 539
323 540
323 542
323 551
323 555
323 559
323 561
323 562
323 564
323 565
323 567
323 568
323 570
323 571
323 574
323 575
323 578
323 579
323 581
323 583
323 584
323 585
323 589
323 590
323 591
323 593
323 594
323 598
323 602
323 603
323 605
323 606
323 607
323 609
323 610
323 611
323 612
323 616
323 620
323 623
323 625
323 627
323 628
323 629
323 630
323 632
323 635
323 641
323 647
323 651
323 654
323 656
323 658
323 659
323 660
323 661
323 663
323 664
323 669
323 670
323 672
323 673
323 674
323 675
323 677
323 678
323 679
323 680
323 681
323 682
323 686
323 687
323 691
323 694
323 696
323 698
323 699
323 702
323 703
323 709
323 710
323 715
323 719
323 721
323 722
323 723
323 724
323 725
323 726
323 727
323 728
323 729
323 732
323 734
323 735
323 736
323 738
323 741
323 742
323 743
323 747
323 750
323 753
323 754
323 755
323 756
323 758
323 760
323 761
323 762
323 765
323 769
323 770
323 772
323 773
323 776
323 778
323 781
323 783
323 784
323 785
323 787
323 790
323 791
323 792
323 793
323 794
323 795
323 797
323 798
324 401
324 402
324 403
324 404
324 405
324 407
324 409
324 410
324 412
324 414
324 416
324 419
324 421
324 422
324 423
324 424
324 429
324 430
324 432
324 434
324 437
324 438
324 439
324 440
324 443
324 444
324 447
324 448
324 449
324 453
324 454
324 455
324 457
324 459
324 460
324 461
324 463
324 464
324 465
324 466
324 468
324 469
324 471
324 472
324 473
324 474
324 475
324 477
324 478
324 479
324 480
324 486
324 490
324 491
324 495
324 496
324 498
324 501
324 503
324 504
324 507
324 511
324 519
324 521
324 524
324 525
324 526
324 527
324 530
324 532
324 534
324 535
324 537
324 541
324 542
324 543
324 545
324 549
324 555
324 562
324 563
324 565
324 566
324 567
324 568
324 569
324 571
324 572
324 573
324 578
324 579
324 581
324 585
324 586
324 589
324 592
324 593
324 597
324 599
324 601
324 602
324 603
324 606
324 609
324 611
324 612
324 614
324 618
324 621
324 622
324 626
324 628
324 630
324 632
324 636
324 637
324 638
324 639
324 640
324 641
324 645
324 649
324 653
324 659
324 663
324 664
324 665
324 666
324 667
324 669
324 670
324 671
324 672
324 675
324 677
324 678
324 681
324 682
324 686
324 690
324 692
324 693
324 694
324 700
324 701
324 703
324 704
324 707
324 708
324 710
324 713
324 715
324 716
324 718
324 719
324 723
324 728
324 729
324 730
324 732
324 733
324 734
324 735
324 736
324 737
324 739
324 744
324 750
324 751
324 757
324 758
324 766
324 767
324 768
324 770
324 771
324 772
324 773
324 776
324 779
324 780
324 781
324 785
324 786
324 787
324 788
324 789
324 790
324 792
324 793
324 794
324 799
324 800
325 401
325 402
325 403
325 408
325 410
325 412
325 413
325 415
325 418
325 419
325 422
325 424
325 425
325 428
325 430
325 432
325 433
325 434
325 438
325 439
325 440
325 441
325 443
325 444
325 446
325 447
325 450
325 452
325 453
325 455
325 456
325 460
325 464
325 466
325 467
325 469
325 470
325 471
325 473
325 475
325 478
325 479
325 481
325 485
325 486
325 487
325 488
325 489
325 490
325 491
325 493
325 494
325 495
325 500
325 501
325 502
325 504
325 505
325 507
325 508
325 510
325 511
325 513
325 516
325 520
325 522
325 523
325 526
325 527
325 529
325 530
325 531
325 534
325 536
325 541
325 542
325 543
325 545
325 546
325 547
325 550
325 553
325 555
325 557
325 560
325 561
325 563
325 567
325 575
325 576
325 578
325 579
325 584
325 585
325 590
325 591
325 594
325 595
325 596
325 597
325 599
325 600
325 602
325 604
325 608
325 609
325 610
325 612
325 613
325 614
325 615
325 616
325 617
325 618
325 619
325 621
325 623
325 628
325 629
325 630
325 631
325 632
325 633
325 637
325 638
325 641
325 643
325 646
325 647
325 648
325 651
325 653
325 654
325 655
325 656
325 657
325 661
325 663
325 667
325 668
325 669
325 673
325 679
325 681
325 686
325 688
325 689
325 694
325 699
325 703
325 705
325 707
325 708
325 709
325 710
325 711
325 713
325 717
325 718
325 719
325 720
325 721
325 723
325 728
325 729
325 730
325 732
325 735
325 736
325 737
325 741
325 742
325 745
325 748
325 751
325 753
325 759
325 762
325 763
325 765
325 767
325 768
325 771
325 772
325 775
325 776
325 783
325 787
325 789
325 791
325 793
325 794
325 797
325 798
325 799
325 800
326 403
326 405
326 406
326 409
326 410
326 411
326 412
326 416
326 418
326 420
326 421
326 424
326 425
326 427
326 430
326 431
326 433
326 435
326 437
326 441
326 443
326 448
326 454
326 457
326 458
326 461
326 462
326 464
326 465
326 466
326 467
326 471
326 473
326 474
326 475
326 477
326 479
326 480
326 481
326 484
326 486
326 488
326 489
326 495
326 496
326 499
326 500
326 503
326 505
326 506
326 507
326 510
326 511
326 513
326 517
326 518
326 521
326 524
326 527
326 530
326 532
326 533
326 536
326 538
326 539
326 540
326 541
326 543
326 544
326 547
326 548
326 551
326 552
326 554
326 559
326 560
326 561
326 562
326 563
326 566
326 569
326 571
326 574
326 576
326 577
326 581
326 582
326 584
326 586
326 591
326 592
326 593
326 595
326 597
326 598
326 599
326 602
326 606
326 607
326 611
326 612
326 614
326 619
326 621
326 623
326 625
326 626
326 627
326 629
326 633
326 634
326 635
326 638
326 639
326 640
326 644
326 647
326 650
326 652
326 653
326 655
326 657
326 659
326 660
326 661
326 667
326 668
326 669
326 671
326 672
326 675
326 677
326 678
326 679
326 680
326 681
326 682
326 689
326 691
326 693
326 695
326 699
326 704
326 705
326 706
326 708
326 709
326 711
326 712
326 713
326 716
326 718
326 719
326 722
326 726
326 728
326 730
326 731
326 732
326 733
326 734
326 735
326 741
326 743
326 745
326 746
326 748
326 751
326 753
326 754
326 755
326 756
326 757
326 758
326 759
326 761
326 762
326 763
326 770
326 771
326 773
326 774
326 775
326 777
326 781
326 782
326 783
326 784
326 789
326 791
326 792
326 793
326 795
326 796
326 798
327 401
327 403
327 407
327 408
327 409
327 410
327 413
327 414
327 416
327 419
327 421
327 423
327 427
327 428
327 430
327 434
327 435
327 437
327 439
327 440
327 442
327 444
327 445
327 446
327 447
327 449
327 451
327 455
327 460
327 461
327 462
327 463
327 464
327 465
327 467
327 469
327 471
327 474
327 475
327 477
327 478
327 479
327 481
327 482
327 483
327 484
327 485
327 486
327 487
327 488
327 489
327 490
327 494
327 496
327 497
327 498
327 499
327 500
327 502
327 503
327 504
327 505
327 506
327 508
327 509
327 510
327 515
327 517
327 519
327 520
327 522
327 524
327 528
327 531
327 532
327 537
327 539
327 541
327 542
327 544
327 546
327 547
327 548
327 549
327 551
327 555
327 558
327 559
327 561
327 563
327 565
327 566
327 571
327 572
327 574
327 575
327 579
327 580
327 581
327 583
327 586
327 588
327 589
327 590
327 592
327 593
327 596
327 598
327 599
327 603
327 604
327 605
327 607
327 614
327 618
327 620
327 624
327 625
327 626
327 633
327 634
327 636
327 638
327 639
327 642
327 643
327 645
327 646
327 647
327 648
327 650
327 651
327 653
327 654
327 655
327 656
327 657
327 658
327 659
327 660
327 661
327 662
327 663
327 665
327 667
327 669
327 670
327 672
327 673
327 675
327 677
327 678
327 680
327 682
327 683
327 685
327 687
327 688
327 689
327 691
327 692
327 693
327 696
327 697
327 698
327 701
327 703
327 705
327 706
327 711
327 713
327 714
327 715
327 717
327 718
327 720
327 722
327 723
327 724
327 730
327 731
327 732
327 734
327 736
327 739
327 740
327 741
327 742
327 743
327 744
327 747
327 748
327 749
327 752
327 753
327 757
327 758
327 761
327 762
327 766
327 772
327 773
327 775
327 779
327 780
327 781
327 782
327 783
327 785
327 788
327 789
327 790
327 791
327 792
327 793
327 794
327 796
327 797
327 798
327 799
328 403
328 404
328 406
328 407
328 409
328 412
328 414
328 415
328 416
328 421
328 424
328 425
328 426
328 428
328 431
328 434
328 436
328 437
328 438
328 441
328 442
328 443
328 445
328 448
328 450
328 451
328 455
328 457
328 458
328 460
328 461
328 473
328 474
328 475
328 479
328 480
328 485
328 488
328 489
328 492
328 499
328 501
328 503
328 504
328 507
328 512
328 514
328 516
328 521
328 523
328 524
328 525
328 527
328 528
328 529
328 530
328 532
328 533
328 534
328 537
328 538
328 544
328 545
328 547
328 548
328 549
328 552
328 554
328 555
328 556
328 560
328 562
328 563
328 565
328 566
328 567
328 570
328 573
328 574
328 577
328 578
328 581
328 582
328 584
328 585
328 586
328 587
328 590
328 593
328 597
328 598
328 599
328 600
328 607
328 609
328 612
328 614
328 616
328 617
328 618
328 621
328 622
328 624
328 626
328 628
328 633
328 634
328 636
328 638
328 640
328 641
328 647
328 648
328 652
328 653
328 654
328 655
328 656
328 657
328 658
328 659
328 661
328 663
328 664
328 665
328 668
328 669
328 674
328 676
328 680
328 684
328 686
328 688
328 689
328 690
328 695
328 696
328 697
328 699
328 701
328 704
328 705
328 707
328 711
328 712
328 713
328 715
328 716
328 718
328 719
328 721
328 722
328 723
328 728
328 730
328 733
328 737
328 745
328 747
328 749
328 750
328 753
328 754
328 757
328 758
328 759
328 760
328 763
328 764
328 766
328 770
328 772
328 775
328 776
328 777
328 779
328 780
328 782
328 784
328 786
328 791
328 792
328 795
328 796
328 799
328 800
329 401
329 403
329 404
329 405
329 406
329 408
329 409
329 410
329 413
329 414
329 415
329 416
329 420
329 422
329 425
329 426
329 427
329 428
329 429
329 434
329 435
329 436
329 437
329 439
329 446
329 451
329 452
329 453
329 454
329 455
329 457
329 463
329 464
329 465
329 466
329 468
329 470
329 472
329 475
329 477
329 481
329 483
329 484
329 485
329 487
329 489
329 490
329 491
329 494
329 495
329 496
329 498
329 499
329 501
329 502
329 503
329 505
329 506
329 508
329 509
329 510
329 513
329 514
329 516
329 519
329 521
329 523
329 524
329 525
329 526
329 527
329 528
329 529
329 530
329 532
329 533
329 535
329 538
329 542
329 543
329 544
329 545
329 547
329 548
329 549
329 550
329 551
329 552
329 553
329 557
329 560
329 561
329 564
329 565
329 570
329 571
329 575
329 576
329 577
329 584
329 587
329 590
329 592
329 595
329 596
329 601
329 602
329 603
329 604
329 605
329 606
329 608
329 610
329 611
329 613
329 614
329 615
329 616
329 617
329 620
329 621
329 623
329 624
329 625
329 626
329 631
329 633
329 634
329 635
329 637
329 639
329 640
329 641
329 644
329 645
329 647
329 648
329 649
329 651
329 654
329 657
329 659
329 660
329 661
329 663
329 664
329 668
329 671
329 672
329 675
329 676
329 677
329 679
329 681
329 683
329 686
329 687
329 688
329 689
329 695
329 697
329 705
329 706
329 709
329 710
329 714
329 718
329 719
329 721
329 722
329 727
329 729
329 730
329 732
329 733
329 734
329 737
329 738
329 740
329 741
329 742
329 743
329 745
329 749
329 750
329 751
329 753
329 754
329 756
329 757
329 758
329 759
329 760
329 763
329 766
329 767
329 768
329 769
329 770
329 771
329 774
329 777
329 783
329 785
329 788
329 791
329 792
329 793
329 794
329 795
329 796
330 403
330 404
330 405
330 406
330 410
330 415
330 417
330 421
330 422
330 426
330 427
330 428
330 429
330 430
330 432
330 433
330 435
330 440
330 443
330 447
330 449
330 450
330 453
330 454
330 455
330 456
330 462
330 466
330 467
330 469
330 470
330 475
330 476
330 477
330 478
330 481
330 482
330 484
330 485
330 489
330 490
330 492
330 493
330 494
330 495
330 498
330 504
330 506
330 507
330 509
330 510
330 512
330 513
330 519
330 522
330 523
330 524
330 526
330 528
330 531
330 534
330 535
330 536
330 537
330 538
330 540
330 544
330 545
330 546
330 547
330 548
330 549
330 550
330 551
330 552
330 554
330 555
330 556
330 557
330 561
330 563
330 565
330 567
330 569
330 570
330 571
330 573
330 574
330 580
330 581
330 582
330 585
330 587
330 588
330 594
330 595
330 596
330 597
330 598
330 601
330 604
330 606
330 607
330 610
330 611
330 615
330 617
330 618
330 619
330 620
330 623
330 627
330 629
330 635
330 638
330 640
330 641
330 643
330 644
330 646
330 647
330 648
330 649
330 651
330 653
330 654
330 657
330 661
330 671
330 672
330 673
330 675
330 677
330 681
330 682
330 684
330 685
330 686
330 688
330 690
330 691
330 693
330 695
330 696
330 697
330 700
330 701
330 703
330 705
330 709
330 711
330 712
330 714
330 716
330 717
330 721
330 722
330 723
330 724
330 729
330 730
330 731
330 733
330 734
330 735
330 738
330 739
330 742
330 743
330 746
330 747
330 748
330 749
330 750
330 752
330 753
330 754
330 755
330 756
330 757
330 758
330 761
330 762
330 765
330 766
330 767
330 768
330 769
330 771
330 774
330 775
330 777
330 780
330 787
330 788
330 789
330 790
330 796
330 798
330 799
331 401
331 405
331 406
331 407
331 410
331 411
331 412
331 418
331 425
331 426
331 427
331 431
331 432
331 434
331 435
331 436
331 437
331 438
331 439
331 441
331 443
331 444
331 450
331 452
331 457
331 460
331 461
331 464
331 467
331 468
331 471
331 473
331 476
331 477
331 479
331 480
331 483
331 490
331 491
331 496
331 497
331 499
331 501
331 502
331 503
331 504
331 509
331 512
331 513
331 515
331 516
331 517
331 518
331 520
331 521
331 522
331 524
331 525
331 529
331 532
331 533
331 534
331 538
331 539
331 542
331 545
331 547
331 548
331 549
331 550
331 551
331 553
331 557
331 558
331 562
331 564
331 566
331 570
331 573
331 574
331 576
331 579
331 580
331 584
331 587
331 591
331 593
331 596
331 597
331 598
331 599
331 600
331 601
331 604
331 605
331 606
331 607
331 608
331 611
331 614
331 616
331 617
331 619
331 620
331 622
331 623
331 626
331 629
331 630
331 631
331 634
331 635
331 637
331 639
331 641
331 642
331 643
331 645
331 646
331 649
331 650
331 653
331 656
331 658
331 659
331 661
331 662
331 663
331 664
331 665
331 666
331 667
331 668
331 673
331 678
331 679
331 681
331 682
331 683
331 684
331 688
331 691
331 695
331 696
331 698
331 699
331 700
331 701
331 702
331 703
331 709
331 710
331 713
331 714
331 716
331 717
331 718
331 719
331 723
331 724
331 726
331 727
331 728
331 729
331 730
331 731
331 732
331 733
331 734
331 736
331 737
331 738
331 739
331 740
331 743
331 744
331 745
331 746
331 747
331 748
331 751
331 754
331 756
331 758
331 759
331 760
331 761
331 766
331 772
331 773
331 778
331 781
331 783
331 786
331 787
331 788
331 790
331 791
331 794
331 795
332 405
332 409
332 410
332 411
332 412
332 414
332 416
332 417
332 421
332 422
332 424
332 425
332 426
332 427
332 430
332 432
332 436
332 438
332 441
332 442
332 444
332 445
332 447
332 448
332 449
332 450
332 451
332 454
332 458
332 459
332 463
332 465
332 467
332 469
332 470
332 474
332 476
332 481
332 494
332 495
332 499
332 500
332 501
332 502
332 503
332 505
332 509
332 511
332 512
332 513
332 514
332 516
332 518
332 519
332 520
332 521
332 522
332 524
332 526
332 528
332 529
332 531
332 534
332 535
332 539
332 540
332 542
332 543
332 545
332 549
332 550
332 552
332 553
332 557
332 558
332 559
332 560
332 564
332 565
332 566
332 569
332 570
332 571
332 572
332 574
332 575
332 576
332 578
332 579
332 580
332 581
332 582
332 584
332 585
332 591
332 595
332 596
332 598
332 602
332 604
332 609
332 611
332 613
332 616
332 617
332 619
332 620
332 622
332 626
332 627
332 628
332 629
332 631
332 632
332 633
332 634
332 635
332 636
332 637
332 638
332 640
332 641
332 642
332 644
332 645
332 646
332 653
332 654
332 655
332 657
332 658
332 659
332 660
332 664
332 665
332 668
332 669
332 670
332 672
332 673
332 678
332 681
332 682
332 684
332 685
332 686
332 687
332 689
332 690
332 691
332 697
332 701
332 702
332 703
332 706
332 707
332 709
332 710
332 711
332 712
332 713
332 715
332 716
332 718
332 719
332 721
332 723
332 725
332 729
332 730
332 732
332 734
332 735
332 736
332 738
332 739
332 740
332 741
332 748
332 752
332 753
332 754
332 756
332 757
332 758
332 762
332 767
332 769
332 770
332 777
332 781
332 784
332 785
332 787
332 788
332 790
332 791
332 792
332 797
332 799
332 800
333 401
333 403
333 407
333 409
333 411
333 412
333 415
333 417
333 419
333 422
333 423
333 425
333 428
333 430
333 431
333 432
333 433
333 434
333 435
333 439
333 440
333 444
333 445
333 446
333 448
333 450
333 453
333 455
333 456
333 459
333 462
333 463
333 464
333 465
333 466
333 469
333 472
333 473
333 475
333 476
333 477
333 481
333 482
333 485
333 486
333 487
333 488
333 491
333 495
333 496
333 498
333 499
333 500
333 501
333 502
333 503
333 504
333 505
333 507
333 508
333 509
333 513
333 519
333 520
333 521
333 522
333 524
333 525
333 529
333 532
333 534
333 535
333 536
333 537
333 539
333 540
333 541
333 542
333 543
333 544
333 545
333 547
333 551
333 553
333 554
333 556
333 561
333 562
333 563
333 566
333 568
333 569
333 571
333 572
333 573
333 574
333 575
333 576
333 579
333 582
333 585
333 586
333 587
333 588
333 589
333 590
333 591
333 595
333 596
333 597
333 599
333 600
333 601
333 603
333 606
333 608
333 613
333 614
333 616
333 618
333 619
333 621
333 622
333 624
333 625
333 626
333 628
333 629
333 631
333 634
333 635
333 637
333 638
333 639
333 642
333 643
333 644
333 645
333 648
333 652
333 653
333 659
333 660
333 661
333 663
333 664
333 665
333 668
333 670
333 672
333 673
333 675
333 679
333 680
333 682
333 684
333 688
333 693
333 696
333 697
333 698
333 701
333 703
333 706
333 708
333 709
333 710
333 711
333 713
333 714
333 715
333 716
333 720
333 723
333 724
333 733
333 735
333 736
333 738
333 739
333 742
333 744
333 745
333 747
333 749
333 751
333 753
333 756
333 757
333 758
333 762
333 763
333 767
333 768
333 772
333 773
333 775
333 776
333 777
333 778
333 779
333 783
333 784
333 786
333 790
333 793
333 794
334 405
334 407
334 408
334 409
334 411
334 412
334 413
334 414
334 417
334 419
334 424
334 426
334 432
334 433
334 435
334 436
334 440
334 441
334 442
334 443
334 444
334 446
334 448
334 449
334 450
334 452
334 453
334 454
334 455
334 459
334 460
334 464
334 465
334 466
334 468
334 470
334 476
334 477
334 479
334 482
334 484
334 488
334 489
334 490
334 495
334 497
334 498
334 499
334 500
334 502
334 503
334 505
334 507
334 512
334 513
334 515
334 516
334 517
334 518
334 521
334 522
334 523
334 524
334 526
334 527
334 529
334 530
334 532
334 533
334 535
334 536
334 538
334 539
334 541
334 542
334 543
334 544
334 545
334 549
334 550
334 553
334 557
334 560
334 563
334 564
334 565
334 566
334 567
334 568
334 574
334 576
334 578
334 579
334 581
334 582
334 586
334 589
334 590
334 592
334 593
334 594
334 596
334 597
334 599
334 600
334 601
334 604
334 606
334 610
334 611
334 612
334 613
334 614
334 617
334 619
334 621
334 623
334 624
334 627
334 629
334 630
334 632
334 633
334 634
334 636
334 637
334 638
334 639
334 640
334 641
334 644
334 647
334 648
334 654
334 655
334 658
334 660
334 664
334 665
334 666
334 667
334 669
334 670
334 671
334 672
334 678
334 679
334 680
334 681
334 682
334 683
334 684
334 686
334 688
334 689
334 690
334 691
334 693
334 694
334 695
334 697
334 700
334 701
334 702
334 706
334 707
334 708
334 711
334 713
334 715
334 722
334 723
334 725
334 726
334 727
334 728
334 730
334 731
334 734
334 736
334 738
334 739
334 740
334 741
334 742
334 743
334 744
334 746
334 747
334 748
334 750
334 751
334 753
334 755
334 758
334 759
334 762
334 763
334 765
334 766
334 776
334 777
334 779
334 780
334 781
334 783
334 784
334 785
334 786
334 788
334 789
334 792
334 796
334 798
334 799
335 401
335 402
335 403
335 405
335 411
335 412
335 414
335 415
335 416
335 418
335 419
335 422
335 423
335 424
335 425
335 426
335 428
335 429
335 433
335 434
335 437
335 438
335 439
335 440
335 442
335 444
335 446
335 449
335 454
335 456
335 457
335 459
335 460
335 461
335 464
335 468
335 469
335 471
335 475
335 476
335 481
335 483
335 484
335 485
335 488
335 491
335 492
335 495
335 496
335 497
335 498
335 499
335 501
335 505
335 506
335 511
335 513
335 516
335 517
335 518
335 521
335 522
335 523
335 524
335 525
335 529
335 534
335 535
335 537
335 538
335 542
335 543
335 544
335 547
335 548
335 549
335 550
335 553
335 554
335 556
335 558
335 559
335 560
335 563
335 564
335 566
335 567
335 568
335 570
335 576
335 578
335 579
335 585
335 586
335 589
335 590
335 591
335 592
335 593
335 596
335 597
335 599
335 600
335 601
335 602
335 605
335 611
335 612
335 616
335 622
335 623
335 629
335 630
335 631
335 634
335 635
335 636
335 637
335 638
335 639
335 643
335 646
335 649
335 650
335 651
335 653
335 655
335 656
335 658
335 659
335 661
335 662
335 663
335 665
335 666
335 667
335 668
335 673
335 674
335 676
335 677
335 679
335 684
335 686
335 688
335 691
335 692
335 693
335 697
335 702
335 703
335 706
335 708
335 712
335 713
335 715
335 720
335 722
335 723
335 728
335 730
335 731
335 732
335 733
335 734
335 737
335 738
335 739
335 743
335 745
335 746
335 747
335 752
335 753
335 760
335 761
335 764
335 765
335 766
335 768
335 769
335 770
335 775
335 777
335 779
335 781
335 785
335 788
335 789
335 792
335 794
335 796
335 798
336 402
336 403
336 405
336 407
336 408
336 409
336 410
336 411
336 412
336 413
336 416
336 418
336 419
336 421
336 423
336 425
336 426
336 428
336 431
336 432
336 433
336 435
336 441
336 444
336 446
336 447
336 448
336 451
336 452
336 454
336 456
336 457
336 461
336 462
336 465
336 468
336 469
336 470
336 471
336 474
336 476
336 478
336 484
336 485
336 487
336 488
336 492
336 495
336 497
336 498
336 501
336 502
336 504
336 505
336 506
336 508
336 509
336 512
336 514
336 517
336 518
336 519
336 521
336 522
336 524
336 528
336 532
336 536
336 538
336 540
336 542
336 545
336 548
336 549
336 550
336 551
336 552
336 553
336 554
336 555
336 557
336 561
336 562
336 563
336 564
336 566
336 567
336 570
336 572
336 579
336 580
336 581
336 586
336 588
336 592
336 596
336 597
336 599
336 604
336 607
336 608
336 610
336 611
336 612
336 615
336 618
336 620
336 621
336 622
336 623
336 624
336 626
336 629
336 636
336 637
336 639
336 642
336 643
336 645
336 649
336 653
336 654
336 655
336 656
336 657
336 658
336 663
336 664
336 665
336 667
336 671
336 673
336 674
336 676
336 679
336 682
336 683
336 684
336 685
336 686
336 687
336 691
336 692
336 695
336 698
336 699
336 701
336 703
336 707
336 708
336 709
336 711
336 712
336 714
336 715
336 716
336 717
336 722
336 723
336 724
336 725
336 729
336 730
336 732
336 734
336 741
336 745
336 748
336 749
336 750
336 751
336 754
336 756
336 760
336 763
336 764
336 767
336 770
336 773
336 775
336 776
336 777
336 779
336 780
336 781
336 782
336 783
336 790
336 791
336 792
336 793
336 794
336 795
336 797
337 402
337 403
337 404
337 407
337 408
337 409
337 413
337 414
337 415
337 418
337 420
337 424
337 426
337 427
337 430
337 431
337 433
337 434
337 437
337 439
337 442
337 445
337 446
337 447
337 448
337 450
337 453
337 454
337 461
337 463
337 466
337 467
337 468
337 469
337 472
337 473
337 474
337 476
337 479
337 481
337 484
337 485
337 488
337 489
337 490
337 492
337 495
337 497
337 499
337 502
337 504
337 505
337 506
337 509
337 510
337 513
337 515
337 517
337 521
337 522
337 523
337 524
337 526
337 527
337 529
337 530
337 531
337 532
337 533
337 534
337 537
337 538
337 543
337 544
337 549
337 550
337 552
337 554
337 556
337 558
337 559
337 560
337 561
337 562
337 564
337 567
337 571
337 576
337 580
337 581
337 583
337 586
337 587
337 589
337 590
337 591
337 593
337 594
337 597
337 598
337 600
337 601
337 602
337 603
337 610
337 612
337 614
337 615
337 620
337 621
337 623
337 626
337 628
337 631
337 632
337 633
337 634
337 635
337 636
337 639
337 641
337 642
337 644
337 645
337 646
337 647
337 648
337 649
337 650
337 651
337 653
337 655
337 657
337 658
337 659
337 663
337 668
337 669
337 670
337 676
337 677
337 681
337 683
337 686
337 687
337 689
337 690
337 692
337 694
337 695
337 696
337 699
337 700
337 701
337 702
337 703
337 704
337 705
337 706
337 707
337 709
337 711
337 713
337 715
337 718
337 719
337 720
337 721
337 723
337 725
337 726
337 730
337 732
337 733
337 736
337 741
337 742
337 743
337 744
337 745
337 748
337 749
337 751
337 754
337 757
337 760
337 763
337 765
337 768
337 770
337 776
337 778
337 779
337 781
337 783
337 784
337 785
337 789
337 791
337 796
337 798
337 799
338 403
338 404
338 406
338 410
338 411
338 412
338 413
338 415
338 416
338 418
338 419
338 421
338 423
338 427
338 430
338 431
338 432
338 435
338 437
338 438
338 441
338 443
338 446
338 448
338 449
338 451
338 452
338 453
338 454
338 455
338 456
338 457
338 458
338 459
338 460
338 461
338 465
338 466
338 473
338 477
338 478
338 479
338 480
338 484
338 485
338 486
338 487
338 488
338 493
338 494
338 495
338 496
338 500
338 505
338 508
338 510
338 512
338 513
338 514
338 515
338 519
338 525
338 527
338 528
338 529
338 530
338 531
338 532
338 533
338 535
338 538
338 541
338 542
338 543
338 545
338 548
338 549
338 550
338 551
338 552
338 554
338 555
338 560
338 561
338 562
338 567
338 569
338 571
338 576
338 577
338 578
338 580
338 583
338 584
338 586
338 587
338 590
338 591
338 593
338 594
338 597
338 598
338 599
338 600
338 602
338 605
338 606
338 607
338 608
338 609
338 611
338 613
338 614
338 615
338 618
338 625
338 626
338 629
338 631
338 633
338 635
338 636
338 637
338 638
338 639
338 643
338 645
338 649
338 651
338 652
338 654
338 657
338 658
338 659
338 660
338 662
338 663
338 664
338 666
338 667
338 668
338 669
338 674
338 678
338 679
338 682
338 684
338 686
338 687
338 688
338 690
338 691
338 697
338 698
338 700
338 701
338 703
338 706
338 709
338 710
338 713
338 714
338 715
338 716
338 717
338 719
338 720
338 723
338 724
338 725
338 726
338 730
338 733
338 736
338 738
338 740
338 743
338 744
338 745
338 747
338 750
338 751
338 755
338 757
338 760
338 763
338 764
338 765
338 766
338 767
338 773
338 774
338 777
338 779
338 782
338 786
338 787
338 788
338 792
338 794
338 796
338 797
338 799
338 800
339 403
339 407
339 408
339 410
339 411
339 414
339 419
339 420
339 421
339 422
339 423
339 424
339 430
339 431
339 435
339 436
339 438
339 440
339 445
339 446
339 447
339 448
339 451
339 452
339 453
339 457
339 458
339 459
339 463
339 464
339 465
339 466
339 469
339 470
339 475
339 476
339 478
339 479
339 480
339 481
339 483
339 484
339 487
339 488
339 489
339 490
339 493
339 494
339 495
339 496
339 497
339 499
339 502
339 504
339 505
339 506
339 507
339 510
339 512
339 513
339 514
339 515
339 516
339 520
339 521
339 522
339 523
339 529
339 533
339 534
339 536
339 539
339 540
339 541
339 542
339 543
339 544
339 546
339 549
339 550
339 554
339 555
339 557
339 560
339 563
339 565
339 566
339 567
339 572
339 574
339 575
339 577
339 579
339 580
339 583
339 585
339 586
339 590
339 591
339 592
339 593
339 594
339 595
339 597
339 598
339 601
339 603
339 604
339 605
339 607
339 609
339 610
339 611
339 613
339 614
339 616
339 617
339 618
339 620
339 621
339 623
339 624
339 625
339 626
339 627
339 630
339 631
339 634
339 636
339 637
339 638
339 641
339 642
339 643
339 644
339 645
339 648
339 649
339 652
339 655
339 656
339 657
339 658
339 662
339 663
339 668
339 669
339 673
339 674
339 677
339 678
339 680
339 681
339 682
339 684
339 685
339 687
339 688
339 689
339 693
339 694
339 695
339 696
339 705
339 707
339 708
339 710
339 711
339 713
339 714
339 716
339 719
339 721
339 724
339 725
339 728
339 729
339 730
339 731
339 735
339 738
339 739
339 743
339 744
339 745
339 750
339 752
339 758
339 759
339 760
339 762
339 765
339 766
339 767
339 769
339 774
339 779
339 781
339 784
339 786
339 788
339 789
339 790
339 791
339 793
339 796
339 797
339 798
339 800
340 401
340 403
340 405
340 407
340 408
340 409
340 416
340 417
340 421
340 423
340 427
340 430
340 431
340 432
340 433
340 435
340 436
340 438
340 439
340 445
340 449
340 450
340 455
340 456
340 460
340 463
340 465
340 466
340 468
340 469
340 471
340 472
340 473
340 476
340 478
340 480
340 483
340 484
340 485
340 486
340 490
340 492
340 495
340 498
340 499
340 501
340 504
340 505
340 506
340 510
340 511
340 514
340 515
340 516
340 521
340 522
340 524
340 529
340 531
340 532
340 533
340 535
340 539
340 540
340 542
340 544
340 545
340 547
340 550
340 551
340 552
340 558
340 559
340 560
340 561
340 563
340 564
340 565
340 567
340 568
340 570
340 573
340 577
340 578
340 579
340 582
340 583
340 584
340 585
340 586
340 589
340 590
340 592
340 593
340 594
340 595
340 598
340 600
340 603
340 604
340 605
340 606
340 609
340 612
340 614
340 616
340 617
340 619
340 620
340 621
340 622
340 626
340 628
340 629
340 630
340 632
340 635
340 636
340 637
340 640
340 641
340 642
340 644
340 646
340 648
340 649
340 650
340 652
340 655
340 657
340 659
340 660
340 663
340 666
340 669
340 670
340 672
340 673
340 674
340 676
340 678
340 679
340 680
340 685
340 693
340 694
340 695
340 696
340 701
340 702
340 703
340 705
340 707
340 708
340 710
340 715
340 722
340 728
340 733
340 736
340 737
340 740
340 741
340 742
340 744
340 745
340 746
340 747
340 749
340 750
340 752
340 753
340 755
340 756
340 757
340 760
340 764
340 769
340 771
340 772
340 773
340 774
340 776
340 778
340 779
340 782
340 790
340 792
340 794
340 795
340 796
340 797
340 800
341 403
341 404
341 406
341 408
341 411
341 412
341 413
341 415
341 417
341 418
341 422
341 424
341 429
341 436
341 439
341 441
341 442
341 443
341 445
341 448
341 449
341 451
341 453
341 454
341 455
341 456
341 458
341 459
341 462
341 470
341 471
341 473
341 474
341 475
341 476
341 478
341 479
341 482
341 488
341 489
341 490
341 493
341 495
341 496
341 499
341 501
341 502
341 504
341 505
341 506
341 507
341 510
341 513
341 514
341 516
341 517
341 519
341 522
341 523
341 527
341 528
341 530
341 531
341 532
341 535
341 538
341 542
341 543
341 544
341 546
341 547
341 548
341 550
341 554
341 563
341 564
341 565
341 568
341 571
341 572
341 575
341 578
341 579
341 584
341 585
341 587
341 588
341 590
341 592
341 593
341 594
341 595
341 598
341 599
341 602
341 605
341 607
341 612
341 614
341 618
341 619
341 620
341 622
341 623
341 624
341 626
341 629
341 636
341 638
341 641
341 645
341 649
341 655
341 659
341 660
341 662
341 663
341 664
341 665
341 666
341 668
341 670
341 671
341 672
341 677
341 683
341 685
341 686
341 688
341 689
341 691
341 692
341 694
341 695
341 696
341 701
341 703
341 705
341 706
341 708
341 709
341 711
341 712
341 715
341 717
341 719
341 720
341 721
341 723
341 724
341 725
341 726
341 727
341 729
341 731
341 738
341 739
341 745
341 748
341 749
341 751
341 754
341 756
341 758
341 759
341 762
341 764
341 765
341 768
341 769
341 770
341 772
341 773
341 777
341 778
341 780
341 782
341 783
341 784
341 790
341 792
341 793
341 795
341 796
341 800
342 403
342 406
342 407
342 408
342 409
342 419
342 421
342 422
342 423
342 425
342 426
342 429
342 431
342 432
342 433
342 434
342 435
342 438
342 440
342 441
342 444
342 445
342 447
342 450
342 454
342 459
342 462
342 463
342 465
342 467
342 470
342 471
342 477
342 478
342 479
342 482
342 483
342 484
342 485
342 486
342 487
342 492
342 495
342 502
342 504
342 505
342 508
342 509
342 511
342 512
342 513
342 514
342 519
342 523
342 524
342 525
342 529
342 531
342 535
342 536
342 539
342 540
342 543
342 544
342 545
342 550
342 556
342 557
342 558
342 559
342 560
342 561
342 562
342 563
342 567
342 568
342 569
342 570
342 571
342 572
342 574
342 582
342 583
342 584
342 585
342 587
342 590
342 592
342 593
342 595
342 596
342 597
342 598
342 601
342 604
342 605
342 609
342 611
342 616
342 619
342 621
342 625
342 628
342 636
342 637
342 640
342 643
342 644
342 649
342 650
342 651
342 652
342 654
342 655
342 656
342 658
342 659
342 660
342 662
342 663
342 669
342 676
342 677
342 678
342 679
342 680
342 684
342 685
342 686
342 687
342 695
342 696
342 698
342 699
342 700
342 701
342 702
342 703
342 705
342 706
342 707
342 708
342 709
342 710
342 711
342 714
342 716
342 718
342 720
342 723
342 724
342 725
342 730
342 731
342 733
342 738
342 739
342 741
342 742
342 743
342 748
342 749
342 750
342 751
342 759
342 763
342 764
342 765
342 769
342 770
342 773
342 774
342 778
342 780
342 781
342 782
342 784
342 785
342 787
342 792
342 794
342 796
342 797
343 402
343 406
343 412
343 414
343 415
343 416
343 417
343 418
343 420
343 423
343 424
343 427
343 431
343 432
343 433
343 437
343 438
343 439
343 440
343 443
343 446
343 454
343 456
343 458
343 459
343 460
343 462
343 463
343 466
343 467
343 468
343 470
343 473
343 474
343 476
343 477
343 478
343 479
343 480
343 481
343 482
343 483
343 488
343 489
343 490
343 492
343 495
343 501
343 502
343 505
343 506
343 507
343 511
343 512
343 513
343 515
343 518
343 520
343 521
343 522
343 523
343 525
343 526
343 527
343 528
343 531
343 532
343 533
343 535
343 537
343 540
343 542
343 545
343 546
343 547
343 550
343 552
343 553
343 554
343 555
343 557
343 559
343 560
343 562
343 563
343 564
343 565
343 566
343 568
343 569
343 573
343 575
343 577
343 578
343 580
343 583
343 585
343 587
343 589
343 592
343 595
343 597
343 598
343 599
343 600
343 601
343 603
343 604
343 605
343 608
343 609
343 610
343 612
343 613
343 614
343 616
343 617
343 619
343 620
343 622
343 625
343 630
343 631
343 633
343 636
343 637
343 641
343 644
343 651
343 652
343 653
343 654
343 655
343 656
343 657
343 662
343 666
343 667
343 668
343 670
343 672
343 673
343 674
343 676
343 677
343 678
343 680
343 684
343 686
343 688
343 689
343 693
343 694
343 696
343 697
343 700
343 704
343 705
343 706
343 709
343 710
343 711
343 713
343 716
343 720
343 721
343 722
343 725
343 726
343 727
343 728
343 729
343 730
343 731
343 732
343 735
343 738
343 739
343 741
343 744
343 747
343 749
343 751
343 753
343 755
343 756
343 758
343 759
343 761
343 762
343 763
343 765
343 766
343 767
343 769
343 770
343 773
343 774
343 775
343 776
343 778
343 780
343 781
343 783
343 784
343 786
343 788
343 789
343 794
343 796
343 797
343 798
344 401
344 404
344 405
344 406
344 408
344 409
344 413
344 414
344 416
344 418
344 422
344 426
344 428
344 432
344 435
344 438
344 440
344 443
344 444
344 446
344 448
344 451
344 454
344 456
344 457
344 461
344 463
344 465
344 467
344 468
344 470
344 471
344 473
344 474
344 476
344 477
344 478
344 479
344 481
344 482
344 483
344 484
344 486
344 487
344 489
344 491
344 492
344 496
344 498
344 499
344 500
344 504
344 505
344 506
344 508
344 511
344 512
344 513
344 514
344 516
344 517
344 518
344 520
344 521
344 522
344 523
344 525
344 528
344 529
344 532
344 534
344 536
344 541
344 544
344 549
344 550
344 554
344 556
344 561
344 564
344 565
344 570
344 572
344 573
344 576
344 577
344 579
344 580
344 581
344 585
344 587
344 589
344 596
344 597
344 599
344 601
344 603
344 604
344 607
344 608
344 611
344 614
344 617
344 618
344 622
344 623
344 624
344 627
344 628
344 629
344 632
344 633
344 636
344 637
344 638
344 639
344 640
344 642
344 644
344 645
344 646
344 647
344 649
344 650
344 651
344 653
344 654
344 656
344 660
344 661
344 662
344 665
344 666
344 670
344 674
344 676
344 682
344 684
344 685
344 687
344 688
344 691
344 692
344 693
344 695
344 696
344 698
344 699
344 701
344 704
344 706
344 708
344 709
344 713
344 714
344 715
344 717
344 719
344 720
344 721
344 723
344 724
344 725
344 726
344 728
344 729
344 732
344 734
344 737
344 743
344 745
344 747
344 749
344 752
344 753
344 756
344 764
344 767
344 769
344 772
344 773
344 777
344 778
344 784
344 788
344 789
344 790
344 794
344 796
344 799
345 401
345 404
345 406
345 407
345 410
345 412
345 416
345 418
345 422
345 424
345 426
345 432
345 433
345 434
345 438
345 439
345 440
345 441
345 442
345 443
345 446
345 447
345 449
345 451
345 452
345 453
345 454
345 455
345 456
345 458
345 460
345 461
345 466
345 467
345 469
345 471
345 472
345 475
345 478
345 479
345 480
345 481
345 482
345 483
345 485
345 487
345 488
345 489
345 490
345 491
345 494
345 496
345 498
345 499
345 500
345 503
345 504
345 506
345 507
345 511
345 513
345 514
345 517
345 519
345 521
345 522
345 523
345 525
345 527
345 531
345 532
345 534
345 538
345 539
345 540
345 541
345 542
345 544
345 545
345 551
345 557
345 559
345 560
345 561
345 562
345 564
345 565
345 566
345 568
345 569
345 572
345 573
345 574
345 575
345 576
345 580
345 582
345 583
345 584
345 588
345 589
345 590
345 591
345 592
345 593
345 596
345 599
345 604
345 606
345 607
345 608
345 609
345 612
345 614
345 615
345 616
345 618
345 620
345 621
345 627
345 628
345 632
345 633
345 635
345 640
345 644
345 647
345 648
345 656
345 659
345 660
345 661
345 662
345 664
345 666
345 667
345 669
345 670
345 673
345 677
345 678
345 681
345 682
345 686
345 687
345 689
345 691
345 692
345 697
345 699
345 701
345 706
345 707
345 708
345 709
345 711
345 713
345 714
345 719
345 723
345 726
345 727
345 728
345 729
345 730
345 732
345 735
345 738
345 741
345 742
345 746
345 747
345 749
345 750
345 751
345 760
345 763
345 764
345 765
345 768
345 772
345 773
345 774
345 775
345 777
345 778
345 779
345 781
345 783
345 784
345 785
345 786
345 787
345 789
345 793
345 795
345 798
345 799
345 800
346 401
346 404
346 405
346 407
346 408
346 410
346 411
346 412
346 422
346 426
346 428
346 431
346 435
346 437
346 438
346 439
346 443
346 444
346 446
346 447
346 453
346 454
346 455
346 457
346 458
346 462
346 464
346 465
346 466
346 467
346 468
346 469
346 470
346 471
346 472
346 473
346 474
346 476
346 478
346 481
346 486
346 487
346 491
346 495
346 499
346 500
346 505
346 506
346 508
346 510
346 512
346 515
346 517
346 521
346 523
346 528
346 529
346 530
346 531
346 534
346 537
346 538
346 539
346 540
346 541
346 542
346 544
346 545
346 546
346 547
346 548
346 549
346 551
346 552
346 553
346 557
346 560
346 563
346 565
346 566
346 567
346 568
346 571
346 575
346 576
346 577
346 578
346 579
346 582
346 589
346 590
346 591
346 596
346 597
346 598
346 600
346 601
346 604
346 610
346 611
346 614
346 616
346 618
346 621
346 625
346 626
346 630
346 632
346 633
346 636
346 640
346 641
346 643
346 645
346 650
346 654
346 656
346 657
346 659
346 660
346 661
346 664
346 669
346 670
346 671
346 673
346 676
346 678
346 679
346 684
346 686
346 687
346 690
346 694
346 695
346 696
346 698
346 700
346 701
346 702
346 711
346 712
346 713
346 714
346 715
346 717
346 718
346 720
346 721
346 722
346 723
346 725
346 728
346 731
346 734
346 735
346 736
346 740
346 741
346 743
346 746
346 747
346 751
346 752
346 753
346 754
346 755
346 756
346 759
346 760
346 761
346 763
346 764
346 767
346 768
346 769
346 771
346 772
346 774
346 778
346 779
346 780
346 784
346 785
346 786
346 790
346 792
346 794
346 795
346 796
346 800
347 403
347 405
347 406
347 407
347 409
347 412
347 413
347 414
347 417
347 419
347 420
347 421
347 422
347 423
347 428
347 429
347 430
347 433
347 434
347 435
347 436
347 437
347 438
347 440
347 441
347 442
347 443
347 445
347 447
347 448
347 450
347 451
347 452
347 453
347 455
347 456
347 457
347 461
347 462
347 464
347 465
347 466
347 467
347 469
347 470
347 474
347 478
347 479
347 482
347 483
347 486
347 487
347 489
347 490
347 491
347 492
347 494
347 498
347 505
347 506
347 507
347 510
347 516
347 521
347 523
347 530
347 534
347 536
347 540
347 542
347 543
347 545
347 546
347 550
347 552
347 553
347 555
347 556
347 561
347 562
347 564
347 565
347 567
347 569
347 575
347 578
347 579
347 583
347 585
347 588
347 589
347 590
347 592
347 594
347 595
347 597
347 598
347 599
347 601
347 604
347 607
347 608
347 610
347 614
347 615
347 619
347 621
347 624
347 625
347 627
347 628
347 629
347 631
347 636
347 638
347 640
347 642
347 646
347 649
347 650
347 651
347 652
347 653
347 655
347 657
347 660
347 662
347 663
347 666
347 667
347 668
347 670
347 673
347 674
347 675
347 677
347 680
347 681
347 682
347 683
347 684
347 687
347 690
347 691
347 692
347 693
347 694
347 696
347 701
347 704
347 705
347 706
347 708
347 709
347 710
347 711
347 713
347 714
347 715
347 717
347 719
347 721
347 723
347 724
347 725
347 726
347 730
347 732
347 735
347 736
347 738
347 741
347 748
347 750
347 751
347 752
347 755
347 757
347 759
347 763
347 767
347 770
347 771
347 775
347 777
347 778
347 782
347 783
347 784
347 785
347 786
347 787
347 788
347 792
347 794
347 798
347 799
348 401
348 402
348 403
348 405
348 406
348 408
348 411
348 412
348 414
348 418
348 422
348 423
348 424
348 425
348 426
348 428
348 429
348 430
348 431
348 432
348 436
348 443
348 444
348 445
348 447
348 448
348 449
348 450
348 451
348 452
348 454
348 455
348 457
348 460
348 461
348 462
348 463
348 464
348 465
348 468
348 469
348 470
348 471
348 474
348 475
348 476
348 478
348 480
348 482
348 483
348 487
348 489
348 491
348 493
348 494
348 498
348 499
348 501
348 504
348 505
348 507
348 509
348 515
348 517
348 518
348 522
348 525
348 527
348 529
348 530
348 532
348 533
348 534
348 535
348 539
348 540
348 541
348 543
348 545
348 547
348 548
348 551
348 552
348 553
348 554
348 556
348 557
348 562
348 563
348 565
348 566
348 567
348 568
348 569
348 570
348 571
348 576
348 579
348 580
348 581
348 583
348 584
348 585
348 586
348 587
348 588
348 590
348 591
348 592
348 594
348 595
348 601
348 605
348 608
348 611
348 612
348 617
348 618
348 621
348 622
348 623
348 624
348 628
348 629
348 631
348 632
348 634
348 635
348 636
348 637
348 639
348 643
348 644
348 646
348 647
348 650
348 654
348 655
348 656
348 657
348 658
348 659
348 660
348 661
348 662
348 663
348 664
348 665
348 668
348 669
348 672
348 675
348 676
348 677
348 685
348 686
348 688
348 689
348 691
348 693
348 695
348 696
348 697
348 699
348 704
348 705
348 706
348 708
348 710
348 711
348 712
348 715
348 716
348 718
348 719
348 720
348 722
348 724
348 726
348 727
348 728
348 729
348 731
348 732
348 734
348 736
348 737
348 738
348 741
348 747
348 754
348 755
348 760
348 761
348 766
348 767
348 769
348 771
348 773
348 774
348 776
348 779
348 780
348 781
348 783
348 784
348 785
348 787
348 789
348 792
348 793
348 795
348 799
348 800
349 401
349 402
349 404
349 407
349 408
349 409
349 410
349 412
349 413
349 416
349 417
349 419
349 420
349 424
349 425
349 429
349 433
349 435
349 438
349 439
349 440
349 441
349 442
349 443
349 444
349 450
349 451
349 453
349 454
349 455
349 456
349 457
349 460
349 463
349 465
349 466
349 468
349 472
349 474
349 476
349 478
349 479
349 484
349 488
349 490
349 491
349 492
349 493
349 498
349 499
349 501
349 503
349 508
349 510
349 512
349 514
349 518
349 521
349 522
349 525
349 527
349 528
349 530
349 532
349 536
349 540
349 541
349 543
349 545
349 546
349 548
349 549
349 552
349 553
349 554
349 556
349 557
349 559
349 560
349 561
349 562
349 563
349 564
349 565
349 567
349 568
349 569
349 571
349 572
349 573
349 576
349 580
349 586
349 589
349 590
349 591
349 593
349 594
349 595
349 596
349 598
349 600
349 601
349 602
349 603
349 606
349 607
349 608
349 610
349 611
349 612
349 614
349 615
349 616
349 617
349 619
349 620
349 622
349 623
349 625
349 630
349 635
349 636
349 640
349 642
349 643
349 644
349 646
349 648
349 651
349 654
349 655
349 656
349 657
349 658
349 659
349 666
349 669
349 670
349 674
349 675
349 676
349 677
349 678
349 682
349 684
349 685
349 687
349 688
349 691
349 693
349 696
349 698
349 699
349 701
349 703
349 707
349 708
349 709
349 711
349 712
349 713
349 715
349 717
349 720
349 722
349 725
349 726
349 727
349 731
349 734
349 737
349 739
349 740
349 741
349 743
349 747
349 748
349 749
349 751
349 752
349 753
349 758
349 759
349 760
349 763
349 765
349 767
349 768
349 770
349 777
349 788
349 789
349 792
349 797
349 798
350 401
350 404
350 407
350 408
350 409
350 411
350 414
350 417
350 419
350 420
350 421
350 422
350 425
350 426
350 427
350 428
350 429
350 432
350 434
350 438
350 440
350 441
350 443
350 446
350 447
350 450
350 451
350 453
350 455
350 459
350 461
350 463
350 464
350 465
350 468
350 469
350 472
350 475
350 476
350 479
350 480
350 483
350 484
350 487
350 488
350 489
350 492
350 493
350 495
350 497
350 501
350 503
350 504
350 508
350 509
350 510
350 511
350 512
350 514
350 515
350 516
350 517
350 519
350 520
350 522
350 524
350 526
350 528
350 534
350 536
350 543
350 544
350 546
350 549
350 550
350 555
350 556
350 557
350 559
350 561
350 562
350 563
350 565
350 568
350 569
350 570
350 571
350 572
350 573
350 574
350 576
350 578
350 581
350 586
350 587
350 593
350 601
350 603
350 606
350 609
350 613
350 616
350 618
350 622
350 623
350 624
350 625
350 627
350 628
350 629
350 631
350 632
350 633
350 635
350 636
350 637
350 638
350 640
350 644
350 646
350 647
350 649
350 650
350 651
350 653
350 655
350 658
350 659
350 661
350 664
350 665
350 667
350 668
350 669
350 673
350 674
350 677
350 680
350 681
350 686
350 687
350 690
350 692
350 693
350 695
350 696
350 697
350 699
350 703
350 704
350 705
350 706
350 707
350 709
350 710
350 711
350 713
350 720
350 725
350 727
350 728
350 733
350 734
350 739
350 740
350 741
350 748
350 749
350 752
350 757
350 763
350 765
350 768
350 770
350 771
350 772
350 774
350 775
350 777
350 778
350 779
350 781
350 783
350 785
350 787
350 788
350 790
350 791
350 795
350 796
350 800
351 401
351 405
351 410
351 411
351 414
351 415
351 416
351 417
351 419
351 421
351 422
351 424
351 425
351 428
351 429
351 430
351 433
351 434
351 438
351 440
351 441
351 444
351 445
351 447
351 448
351 449
351 451
351 452
351 453
351 454
351 455
351 457
351 458
351 459
351 463
351 465
351 467
351 468
351 469
351 471
351 472
351 473
351 475
351 476
351 480
351 482
351 485
351 486
351 487
351 488
351 491
351 494
351 496
351 497
351 499
351 501
351 503
351 504
351 505
351 509
351 513
351 514
351 516
351 517
351 520
351 521
351 527
351 528
351 529
351 531
351 532
351 535
351 539
351 541
351 543
351 548
351 551
351 552
351 553
351 554
351 555
351 556
351 557
351 561
351 562
351 563
351 566
351 569
351 570
351 574
351 575
351 578
351 580
351 581
351 582
351 584
351 585
351 588
351 589
351 591
351 592
351 593
351 594
351 603
351 605
351 609
351 610
351 612
351 613
351 615
351 621
351 622
351 623
351 626
351 629
351 630
351 631
351 634
351 635
351 637
351 638
351 641
351 645
351 647
351 649
351 652
351 654
351 655
351 656
351 657
351 659
351 662
351 665
351 666
351 668
351 669
351 671
351 674
351 676
351 680
351 682
351 684
351 685
351 686
351 687
351 688
351 690
351 691
351 693
351 699
351 703
351 705
351 706
351 707
351 712
351 713
351 714
351 717
351 718
351 723
351 725
351 726
351 727
351 728
351 731
351 732
351 733
351 734
351 735
351 736
351 737
351 738
351 739
351 741
351 743
351 744
351 748
351 749
351 750
351 751
351 752
351 755
351 756
351 759
351 760
351 761
351 762
351 763
351 764
351 765
351 767
351 768
351 769
351 772
351 780
351 781
351 782
351 783
351 784
351 785
351 786
351 787
351 789
351 790
351 791
351 800
352 401
352 403
352 405
352 406
352 407
352 409
352 410
352 411
352 412
352 414
352 415
352 416
352 417
352 419
352 423
352 424
352 426
352 427
352 428
352 429
352 430
352 431
352 434
352 435
352 436
352 437
352 438
352 439
352 442
352 443
352 448
352 450
352 453
352 454
352 456
352 457
352 458
352 459
352 462
352 464
352 466
352 469
352 472
352 474
352 475
352 477
352 479
352 480
352 481
352 482
352 484
352 486
352 488
352 489
352 494
352 495
352 497
352 499
352 500
352 501
352 502
352 503
352 504
352 505
352 506
352 507
352 511
352 514
352 517
352 518
352 520
352 522
352 523
352 524
352 526
352 527
352 528
352 529
352 530
352 533
352 534
352 535
352 537
352 538
352 540
352 544
352 545
352 548
352 551
352 554
352 555
352 556
352 560
352 561
352 563
352 566
352 567
352 568
352 569
352 571
352 573
352 575
352 580
352 583
352 587
352 589
352 591
352 594
352 595
352 597
352 601
352 604
352 606
352 608
352 609
352 611
352 612
352 613
352 615
352 618
352 623
352 624
352 625
352 626
352 627
352 628
352 630
352 631
352 632
352 633
352 637
352 638
352 640
352 646
352 649
352 650
352 651
352 652
352 655
352 661
352 663
352 664
352 668
352 669
352 670
352 674
352 675
352 680
352 681
352 682
352 684
352 689
352 691
352 692
352 696
352 697
352 698
352 700
352 701
352 702
352 705
352 706
352 707
352 709
352 713
352 716
352 719
352 720
352 723
352 725
352 726
352 727
352 728
352 731
352 734
352 736
352 737
352 740
352 741
352 744
352 746
352 747
352 748
352 749
352 750
352 753
352 756
352 758
352 759
352 760
352 761
352 763
352 764
352 766
352 770
352 771
352 773
352 776
352 777
352 778
352 779
352 780
352 781
352 783
352 784
352 786
352 790
352 794
352 795
352 798
352 800
353 401
353 403
353 404
353 405
353 407
353 409
353 410
353 412
353 413
353 414
353 415
353 421
353 422
353 423
353 424
353 428
353 430
353 431
353 433
353 434
353 435
353 438
353 439
353 443
353 447
353 450
353 456
353 460
353 461
353 462
353 463
353 468
353 471
353 472
353 477
353 479
353 480
353 485
353 486
353 489
353 490
353 492
353 494
353 504
353 506
353 507
353 509
353 512
353 513
353 517
353 518
353 519
353 520
353 523
353 524
353 526
353 527
353 529
353 530
353 531
353 532
353 533
353 535
353 536
353 538
353 544
353 545
353 548
353 553
353 556
353 557
353 558
353 561
353 562
353 566
353 567
353 569
353 573
353 575
353 577
353 578
353 585
353 588
353 589
353 595
353 597
353 601
353 602
353 604
353 605
353 606
353 608
353 611
353 613
353 618
353 620
353 622
353 623
353 626
353 629
353 630
353 632
353 633
353 635
353 636
353 638
353 639
353 641
353 643
353 644
353 649
353 652
353 653
353 655
353 656
353 658
353 659
353 662
353 663
353 664
353 666
353 671
353 672
353 673
353 676
353 677
353 679
353 680
353 681
353 682
353 684
353 690
353 691
353 694
353 697
353 704
353 705
353 706
353 708
353 710
353 712
353 714
353 716
353 717
353 718
353 721
353 722
353 724
353 725
353 726
353 727
353 728
353 729
353 732
353 737
353 738
353 740
353 741
353 742
353 743
353 745
353 749
353 750
353 751
353 754
353 755
353 758
353 764
353 765
353 767
353 769
353 770
353 772
353 776
353 777
353 778
353 779
353 780
353 781
353 790
353 791
353 792
353 793
353 796
354 401
354 402
354 405
354 406
354 407
354 409
354 410
354 413
354 414
354 415
354 418
354 419
354 421
354 424
354 425
354 428
354 430
354 432
354 434
354 438
354 442
354 443
354 444
354 445
354 446
354 448
354 449
354 452
354 454
354 456
354 457
354 462
354 469
354 471
354 472
354 473
354 474
354 475
354 476
354 478
354 480
354 481
354 482
354 485
354 487
354 488
354 491
354 493
354 494
354 495
354 496
354 497
354 498
354 499
354 501
354 502
354 503
354 504
354 505
354 506
354 507
354 512
354 513
354 514
354 515
354 516
354 519
354 521
354 523
354 526
354 527
354 530
354 533
354 535
354 541
354 542
354 543
354 544
354 545
354 546
354 548
354 553
354 556
354 558
354 559
354 561
354 563
354 564
354 565
354 568
354 569
354 574
354 579
354 580
354 581
354 582
354 584
354 585
354 586
354 589
354 593
354 594
354 599
354 600
354 602
354 604
354 606
354 607
354 608
354 612
354 613
354 619
354 620
354 622
354 625
354 626
354 627
354 628
354 630
354 637
354 642
354 643
354 645
354 646
354 647
354 650
354 651
354 653
354 656
354 658
354 662
354 664
354 667
354 668
354 670
354 671
354 673
354 677
354 678
354 687
354 688
354 689
354 690
354 692
354 693
354 696
354 704
354 706
354 708
354 709
354 711
354 713
354 717
354 718
354 719
354 724
354 728
354 733
354 734
354 735
354 739
354 747
354 750
354 751
354 754
354 755
354 757
354 759
354 760
354 762
354 763
354 765
354 766
354 772
354 774
354 776
354 777
354 778
354 779
354 783
354 784
354 785
354 787
354 792
354 794
354 797
354 799
354 800
355 403
355 405
355 409
355 412
355 416
355 417
355 420
355 424
355 425
355 426
355 428
355 431
355 432
355 433
355 434
355 435
355 441
355 443
355 444
355 448
355 450
355 452
355 453
355 456
355 460
355 461
355 465
355 469
355 470
355 471
355 474
355 477
355 486
355 487
355 489
355 491
355 492
355 495
355 499
355 500
355 505
355 511
355 515
355 517
355 521
355 522
355 524
355 525
355 526
355 528
355 529
355 531
355 533
355 534
355 535
355 536
355 539
355 540
355 541
355 543
355 544
355 547
355 548
355 550
355 554
355 555
355 557
355 564
355 566
355 568
355 571
355 572
355 573
355 575
355 579
355 580
355 581
355 582
355 585
355 588
355 589
355 591
355 594
355 595
355 596
355 599
355 602
355 603
355 604
355 605
355 606
355 607
355 608
355 610
355 612
355 613
355 614
355 615
355 619
355 620
355 621
355 623
355 624
355 625
355 626
355 627
355 630
355 632
355 634
355 640
355 641
355 642
355 645
355 646
355 647
355 651
355 652
355 653
355 654
355 655
355 659
355 660
355 661
355 662
355 663
355 664
355 665
355 666
355 668
355 669
355 670
355 671
355 672
355 677
355 680
355 682
355 685
355 686
355 690
355 692
355 693
355 694
355 696
355 697
355 698
355 700
355 701
355 704
355 705
355 706
355 707
355 708
355 709
355 713
355 714
355 715
355 716
355 718
355 721
355 722
355 723
355 724
355 725
355 726
355 728
355 730
355 731
355 733
355 736
355 737
355 738
355 741
355 743
355 746
355 747
355 749
355 750
355 758
355 762
355 763
355 767
355 768
355 769
355 771
355 775
355 777
355 779
355 780
355 782
355 785
355 786
355 789
355 790
355 791
355 792
355 793
355 795
355 796
355 797
355 799
356 403
356 405
356 406
356 407
356 408
356 410
356 412
356 413
356 416
356 417
356 418
356 421
356 426
356 427
356 428
356 429
356 430
356 431
356 434
356 435
356 436
356 438
356 441
356 445
356 448
356 449
356 453
356 455
356 457
356 458
356 459
356 462
356 463
356 464
356 465
356 468
356 472
356 475
356 476
356 478
356 479
356 482
356 483
356 487
356 490
356 494
356 497
356 498
356 499
356 500
356 501
356 502
356 505
356 508
356 509
356 510
356 513
356 516
356 517
356 518
356 519
356 521
356 525
356 529
356 530
356 531
356 533
356 535
356 536
356 539
356 542
356 543
356 546
356 547
356 549
356 554
356 556
356 559
356 563
356 564
356 565
356 567
356 569
356 571
356 574
356 575
356 576
356 577
356 578
356 579
356 580
356 581
356 583
356 584
356 585
356 586
356 588
356 591
356 594
356 596
356 598
356 600
356 603
356 604
356 606
356 607
356 608
356 610
356 611
356 612
356 614
356 616
356 617
356 620
356 624
356 625
356 627
356 630
356 631
356 634
356 635
356 637
356 640
356 642
356 643
356 645
356 646
356 647
356 648
356 653
356 654
356 655
356 659
356 661
356 664
356 665
356 666
356 668
356 669
356 671
356 672
356 676
356 680
356 684
356 685
356 688
356 690
356 691
356 695
356 696
356 697
356 700
356 702
356 703
356 705
356 706
356 707
356 709
356 715
356 718
356 721
356 722
356 725
356 726
356 728
356 729
356 732
356 736
356 737
356 741
356 744
356 747
356 748
356 750
356 751
356 753
356 754
356 755
356 758
356 759
356 762
356 763
356 764
356 765
356 766
356 771
356 777
356 780
356 781
356 782
356 788
356 791
356 792
356 793
356 794
356 795
356 796
356 797
356 798
357 403
357 407
357 409
357 410
357 412
357 413
357 424
357 425
357 427
357 428
357 429
357 432
357 436
357 439
357 441
357 442
357 443
357 444
357 446
357 447
357 451
357 454
357 455
357 456
357 457
357 461
357 464
357 467
357 468
357 471
357 473
357 474
357 475
357 476
357 477
357 480
357 482
357 484
357 485
357 486
357 488
357 489
357 491
357 494
357 495
357 496
357 499
357 501
357 503
357 504
357 506
357 509
357 512
357 518
357 520
357 525
357 526
357 527
357 529
357 531
357 536
357 537
357 538
357 541
357 543
357 544
357 545
357 546
357 548
357 550
357 551
357 552
357 553
357 555
357 557
357 559
357 560
357 562
357 563
357 565
357 566
357 568
357 570
357 574
357 577
357 579
357 582
357 585
357 587
357 590
357 594
357 595
357 596
357 598
357 603
357 604
357 606
357 609
357 610
357 611
357 613
357 617
357 619
357 621
357 622
357 623
357 624
357 625
357 627
357 629
357 630
357 631
357 633
357 636
357 637
357 638
357 640
357 642
357 645
357 646
357 647
357 648
357 650
357 652
357 654
357 655
357 656
357 657
357 658
357 659
357 660
357 664
357 665
357 667
357 669
357 670
357 671
357 672
357 674
357 675
357 678
357 679
357 681
357 684
357 686
357 687
357 691
357 692
357 693
357 696
357 698
357 699
357 700
357 701
357 703
357 704
357 705
357 706
357 707
357 708
357 709
357 710
357 712
357 714
357 716
357 717
357 719
357 721
357 723
357 728
357 731
357 732
357 733
357 734
357 736
357 737
357 738
357 741
357 743
357 747
357 749
357 750
357 751
357 756
357 757
357 758
357 760
357 763
357 764
357 765
357 767
357 769
357 770
357 771
357 774
357 778
357 779
357 781
357 784
357 787
357 789
357 790
357 791
357 792
357 793
357 799
357 800
358 402
358 406
358 408
358 410
358 411
358 414
358 415
358 416
358 417
358 419
358 422
358 423
358 424
358 425
358 427
358 429
358 431
358 432
358 434
358 436
358 437
358 438
358 441
358 442
358 443
358 445
358 447
358 453
358 456
358 457
358 460
358 462
358 464
358 465
358 466
358 467
358 468
358 474
358 476
358 478
358 480
358 481
358 482
358 485
358 486
358 488
358 489
358 492
358 495
358 496
358 500
358 504
358 506
358 507
358 509
358 510
358 512
358 514
358 515
358 518
358 519
358 520
358 522
358 524
358 525
358 526
358 528
358 530
358 533
358 534
358 535
358 536
358 537
358 543
358 546
358 548
358 549
358 551
358 552
358 554
358 557
358 558
358 560
358 561
358 565
358 568
358 569
358 571
358 574
358 577
358 578
358 581
358 583
358 587
358 588
358 589
358 592
358 593
358 595
358 596
358 597
358 604
358 605
358 606
358 609
358 612
358 614
358 616
358 617
358 619
358 622
358 624
358 626
358 634
358 637
358 640
358 642
358 649
358 652
358 653
358 654
358 655
358 658
358 662
358 665
358 666
358 669
358 671
358 674
358 675
358 685
358 686
358 689
358 690
358 693
358 694
358 695
358 697
358 698
358 699
358 700
358 703
358 706
358 711
358 712
358 714
358 715
358 716
358 719
358 720
358 721
358 722
358 724
358 725
358 726
358 727
358 728
358 729
358 735
358 737
358 738
358 739
358 741
358 742
358 744
358 745
358 747
358 748
358 750
358 751
358 752
358 754
358 755
358 756
358 757
358 759
358 760
358 761
358 762
358 764
358 766
358 767
358 768
358 769
358 772
358 774
358 775
358 777
358 781
358 782
358 783
358 784
358 787
358 788
358 789
358 792
358 793
358 795
358 797
358 798
359 405
359 407
359 409
359 410
359 412
359 413
359 415
359 418
359 420
359 421
359 426
359 428
359 429
359 431
359 435
359 437
359 438
359 440
359 441
359 443
359 446
359 447
359 449
359 451
359 452
359 453
359 456
359 459
359 461
359 462
359 465
359 467
359 468
359 469
359 470
359 471
359 475
359 480
359 484
359 485
359 486
359 487
359 489
359 490
359 494
359 496
359 497
359 500
359 501
359 502
359 504
359 505
359 508
359 509
359 511
359 512
359 516
359 517
359 518
359 523
359 524
359 525
359 528
359 534
359 535
359 538
359 539
359 540
359 549
359 550
359 551
359 558
359 559
359 561
359 564
359 567
359 568
359 570
359 571
359 574
359 576
359 577
359 578
359 579
359 585
359 588
359 589
359 591
359 592
359 597
359 599
359 604
359 605
359 606
359 608
359 609
359 610
359 616
359 617
359 618
359 619
359 620
359 623
359 624
359 626
359 627
359 630
359 634
359 636
359 640
359 642
359 643
359 645
359 646
359 649
359 650
359 651
359 652
359 653
359 663
359 664
359 665
359 667
359 668
359 669
359 671
359 672
359 677
359 678
359 680
359 681
359 683
359 684
359 686
359 691
359 692
359 693
359 696
359 697
359 702
359 705
359 710
359 713
359 717
359 718
359 721
359 723
359 726
359 728
359 729
359 730
359 731
359 732
359 734
359 735
359 736
359 740
359 742
359 743
359 745
359 750
359 754
359 755
359 758
359 759
359 760
359 761
359 763
359 764
359 771
359 772
359 775
359 777
359 779
359 784
359 788
359 791
359 792
359 794
359 795
359 797
359 800
360 401
360 404
360 405
360 408
360 409
360 412
360 413
360 414
360 415
360 416
360 419
360 420
360 421
360 429
360 434
360 435
360 436
360 439
360 440
360 441
360 442
360 443
360 447
360 448
360 450
360 451
360 452
360 453
360 455
360 458
360 459
360 460
360 464
360 465
360 468
360 469
360 471
360 473
360 474
360 475
360 478
360 479
360 481
360 482
360 485
360 489
360 493
360 494
360 495
360 496
360 500
360 503
360 504
360 506
360 507
360 508
360 511
360 513
360 514
360 516
360 517
360 519
360 521
360 523
360 524
360 526
360 528
360 532
360 533
360 534
360 536
360 540
360 541
360 542
360 545
360 546
360 548
360 550
360 551
360 553
360 556
360 557
360 558
360 560
360 562
360 563
360 572
360 573
360 574
360 582
360 585
360 588
360 589
360 591
360 593
360 596
360 597
360 599
360 605
360 607
360 614
360 617
360 618
360 620
360 623
360 625
360 628
360 629
360 632
360 633
360 638
360 639
360 643
360 644
360 645
360 646
360 649
360 652
360 653
360 658
360 660
360 662
360 663
360 664
360 665
360 668
360 670
360 671
360 674
360 677
360 679
360 680
360 681
360 683
360 684
360 685
360 688
360 689
360 690
360 691
360 692
360 694
360 696
360 699
360 703
360 705
360 707
360 708
360 710
360 711
360 712
360 713
360 714
360 715
360 716
360 717
360 718
360 722
360 725
360 727
360 728
360 729
360 730
360 731
360 732
360 733
360 734
360 735
360 736
360 737
360 738
360 741
360 745
360 748
360 750
360 751
360 752
360 753
360 755
360 756
360 757
360 761
360 764
360 765
360 766
360 767
360 769
360 770
360 773
360 774
360 775
360 778
360 781
360 782
360 785
360 786
360 787
360 788
360 793
360 795
360 797
361 402
361 403
361 406
361 407
361 409
361 411
361 416
361 418
361 419
361 422
361 423
361 424
361 427
361 429
361 430
361 431
361 435
361 438
361 441
361 442
361 445
361 446
361 448
361 450
361 451
361 457
361 458
361 459
361 462
361 463
361 464
361 467
361 469
361 470
361 472
361 474
361 476
361 477
361 480
361 487
361 488
361 490
361 495
361 496
361 497
361 499
361 500
361 501
361 502
361 503
361 507
361 509
361 510
361 512
361 515
361 519
361 520
361 522
361 524
361 528
361 533
361 536
361 538
361 540
361 543
361 544
361 547
361 549
361 551
361 553
361 554
361 560
361 562
361 564
361 565
361 568
361 569
361 574
361 576
361 578
361 579
361 580
361 582
361 586
361 590
361 591
361 596
361 598
361 601
361 602
361 603
361 604
361 609
361 610
361 617
361 619
361 620
361 623
361 627
361 628
361 630
361 631
361 633
361 636
361 637
361 639
361 640
361 641
361 642
361 643
361 644
361 646
361 647
361 648
361 649
361 652
361 657
361 660
361 669
361 670
361 672
361 673
361 674
361 675
361 677
361 678
361 679
361 680
361 684
361 685
361 686
361 687
361 689
361 690
361 691
361 693
361 696
361 698
361 705
361 706
361 708
361 709
361 711
361 713
361 714
361 716
361 717
361 719
361 722
361 724
361 725
361 726
361 728
361 733
361 734
361 741
361 742
361 747
361 749
361 752
361 754
361 755
361 757
361 760
361 761
361 765
361 766
361 767
361 769
361 770
361 772
361 773
361 775
361 776
361 778
361 780
361 781
361 783
361 786
361 787
361 793
361 794
361 797
361 798
361 799
361 800
362 401
362 402
362 403
362 407
362 409
362 411
362 412
362 413
362 418
362 421
362 422
362 423
362 424
362 425
362 426
362 428
362 429
362 431
362 432
362 434
362 437
362 440
362 443
362 445
362 446
362 447
362 449
362 451
362 453
362 454
362 458
362 461
362 462
362 464
362 466
362 467
362 471
362 472
362 474
362 476
362 477
362 478
362 479
362 481
362 482
362 483
362 486
362 488
362 489
362 491
362 492
362 493
362 494
362 495
362 498
362 499
362 501
362 506
362 513
362 515
362 516
362 518
362 519
362 520
362 521
362 522
362 524
362 526
362 528
362 532
362 534
362 535
362 538
362 540
362 541
362 542
362 546
362 550
362 554
362 555
362 560
362 564
362 565
362 566
362 567
362 570
362 571
362 572
362 574
362 575
362 576
362 577
362 579
362 580
362 581
362 582
362 583
362 584
362 586
362 588
362 590
362 593
362 594
362 596
362 597
362 604
362 606
362 607
362 608
362 610
362 611
362 612
362 615
362 616
362 617
362 618
362 620
362 621
362 624
362 625
362 626
362 627
362 628
362 630
362 634
362 635
362 636
362 637
362 639
362 640
362 641
362 642
362 643
362 646
362 647
362 652
362 655
362 656
362 663
362 664
362 666
362 671
362 672
362 673
362 677
362 679
362 680
362 681
362 682
362 683
362 684
362 685
362 687
362 688
362 689
362 690
362 691
362 694
362 697
362 700
362 701
362 702
362 703
362 705
362 708
362 710
362 713
362 715
362 718
362 719
362 721
362 723
362 727
362 728
362 729
362 730
362 735
362 736
362 737
362 738
362 740
362 742
362 744
362 749
362 750
362 751
362 752
362 753
362 755
362 756
362 758
362 759
362 760
362 763
362 764
362 766
362 767
362 769
362 772
362 774
362 778
362 781
362 782
362 784
362 785
362 786
362 791
362 792
362 793
362 795
362 796
362 799
362 800
363 401
363 402
363 404
363 406
363 408
363 409
363 410
363 411
363 412
363 416
363 419
363 420
363 421
363 422
363 423
363 424
363 426
363 427
363 429
363 432
363 435
363 436
363 437
363 438
363 439
363 444
363 447
363 450
363 453
363 454
363 456
363 457
363 460
363 462
363 466
363 468
363 470
363 472
363 473
363 478
363 479
363 481
363 482
363 484
363 485
363 487
363 488
363 491
363 493
363 494
363 500
363 502
363 503
363 505
363 506
363 507
363 508
363 509
363 510
363 511
363 515
363 518
363 522
363 523
363 525
363 527
363 530
363 532
363 533
363 535
363 539
363 541
363 543
363 545
363 549
363 551
363 552
363 554
363 558
363 559
363 561
363 562
363 564
363 567
363 568
363 569
363 571
363 572
363 573
363 574
363 575
363 576
363 577
363 580
363 582
363 584
363 585
363 586
363 587
363 589
363 590
363 592
363 594
363 595
363 597
363 598
363 601
363 602
363 603
363 604
363 605
363 606
363 607
363 608
363 612
363 616
363 617
363 619
363 621
363 622
363 624
363 626
363 627
363 629
363 630
363 632
363 633
363 635
363 638
363 640
363 646
363 649
363 650
363 652
363 653
363 655
363 657
363 658
363 662
363 663
363 665
363 667
363 668
363 670
363 671
363 676
363 677
363 678
363 681
363 683
363 685
363 686
363 687
363 690
363 691
363 692
363 695
363 698
363 699
363 700
363 701
363 702
363 703
363 705
363 707
363 708
363 709
363 710
363 711
363 712
363 713
363 714
363 717
363 718
363 719
363 720
363 721
363 724
363 726
363 727
363 728
363 731
363 732
363 733
363 734
363 736
363 737
363 743
363 746
363 747
363 748
363 749
363 750
363 754
363 756
363 757
363 759
363 760
363 762
363 766
363 767
363 768
363 772
363 776
363 777
363 779
363 782
363 786
363 787
363 791
363 793
363 794
363 795
363 796
363 797
363 798
363 800
364 401
364 403
364 406
364 407
364 409
364 410
364 413
364 414
364 419
364 422
364 425
364 427
364 431
364 432
364 434
364 438
364 440
364 442
364 443
364 444
364 445
364 446
364 447
364 449
364 450
364 451
364 452
364 457
364 458
364 459
364 460
364 461
364 462
364 465
364 467
364 469
364 470
364 471
364 473
364 475
364 477
364 484
364 485
364 489
364 490
364 494
364 498
364 500
364 501
364 504
364 507
364 509
364 510
364 511
364 513
364 517
364 518
364 521
364 523
364 527
364 528
364 529
364 535
364 536
364 540
364 541
364 542
364 543
364 546
364 547
364 552
364 553
364 554
364 555
364 559
364 560
364 561
364 563
364 564
364 568
364 570
364 574
364 576
364 578
364 579
364 580
364 583
364 585
364 587
364 588
364 590
364 591
364 593
364 596
364 597
364 598
364 603
364 604
364 606
364 609
364 610
364 611
364 612
364 613
364 614
364 616
364 617
364 618
364 620
364 622
364 623
364 624
364 625
364 626
364 627
364 629
364 630
364 633
364 635
364 638
364 639
364 640
364 641
364 643
364 648
364 652
364 654
364 655
364 656
364 658
364 660
364 661
364 663
364 664
364 667
364 668
364 669
364 670
364 672
364 673
364 674
364 675
364 678
364 680
364 681
364 682
364 686
364 689
364 690
364 691
364 692
364 693
364 694
364 695
364 696
364 698
364 699
364 701
364 702
364 705
364 706
364 707
364 708
364 710
364 713
364 714
364 715
364 716
364 717
364 725
364 729
364 730
364 734
364 739
364 740
364 747
364 748
364 749
364 751
364 752
364 754
364 759
364 760
364 761
364 764
364 765
364 768
364 769
364 770
364 772
364 773
364 774
364 775
364 776
364 781
364 782
364 784
364 786
364 788
364 791
364 792
364 794
364 795
364 800
365 403
365 405
365 406
365 407
365 409
365 411
365 412
365 418
365 419
365 420
365 421
365 423
365 424
365 425
365 428
365 429
365 430
365 432
365 435
365 436
365 437
365 438
365 439
365 442
365 444
365 446
365 448
365 455
365 458
365 459
365 460
365 461
365 463
365 464
365 465
365 467
365 468
365 471
365 472
365 473
365 474
365 475
365 476
365 478
365 479
365 480
365 484
365 487
365 489
365 490
365 492
365 495
365 496
365 497
365 501
365 504
365 512
365 518
365 519
365 523
365 526
365 529
365 531
365 533
365 538
365 539
365 541
365 542
365 544
365 545
365 546
365 547
365 549
365 553
365 556
365 558
365 563
365 568
365 571
365 572
365 574
365 575
365 578
365 579
365 580
365 582
365 585
365 586
365 589
365 590
365 591
365 594
365 595
365 597
365 598
365 602
365 607
365 610
365 614
365 617
365 618
365 619
365 620
365 622
365 623
365 624
365 626
365 628
365 630
365 631
365 633
365 634
365 635
365 636
365 645
365 647
365 649
365 656
365 659
365 662
365 663
365 664
365 665
365 667
365 673
365 675
365 678
365 679
365 681
365 683
365 687
365 691
365 693
365 694
365 695
365 700
365 704
365 707
365 708
365 713
365 714
365 718
365 719
365 720
365 721
365 723
365 726
365 730
365 731
365 734
365 743
365 746
365 748
365 749
365 750
365 753
365 755
365 757
365 760
365 761
365 766
365 767
365 768
365 769
365 771
365 773
365 774
365 775
365 776
365 777
365 778
365 782
365 783
365 786
365 789
365 796
365 799
366 401
366 403
366 406
366 408
366 412
366 413
366 415
366 417
366 418
366 420
366 422
366 425
366 426
366 428
366 430
366 431
366 432
366 433
366 435
366 436
366 438
366 439
366 440
366 444
366 446
366 447
366 448
366 450
366 453
366 455
366 456
366 457
366 469
366 470
366 472
366 473
366 475
366 478
366 479
366 481
366 483
366 484
366 486
366 487
366 489
366 491
366 493
366 494
366 495
366 496
366 497
366 500
366 502
366 504
366 511
366 516
366 518
366 519
366 520
366 521
366 522
366 523
366 526
366 527
366 529
366 530
366 532
366 533
366 536
366 538
366 539
366 540
366 541
366 542
366 543
366 544
366 547
366 550
366 552
366 554
366 557
366 559
366 562
366 564
366 571
366 572
366 573
366 574
366 575
366 576
366 577
366 578
366 579
366 580
366 582
366 587
366 594
366 602
366 605
366 608
366 612
366 613
366 616
366 619
366 623
366 625
366 628
366 629
366 630
366 632
366 636
366 637
366 638
366 639
366 640
366 641
366 642
366 643
366 644
366 649
366 650
366 653
366 662
366 663
366 665
366 669
366 671
366 675
366 676
366 677
366 679
366 681
366 683
366 684
366 685
366 686
366 689
366 693
366 694
366 695
366 696
366 698
366 700
366 707
366 708
366 709
366 710
366 712
366 715
366 716
366 718
366 719
366 720
366 721
366 723
366 725
366 727
366 728
366 733
366 734
366 738
366 739
366 743
366 745
366 747
366 748
366 750
366 751
366 752
366 754
366 755
366 756
366 758
366 762
366 763
366 766
366 768
366 769
366 771
366 774
366 777
366 778
366 783
366 785
366 786
366 787
366 788
366 789
366 790
366 791
366 792
366 793
366 794
366 797
366 798
367 401
367 405
367 409
367 412
367 413
367 417
367 418
367 419
367 423
367 427
367 430
367 432
367 434
367 435
367 437
367 439
367 440
367 441
367 443
367 444
367 445
367 447
367 449
367 450
367 454
367 456
367 458
367 459
367 460
367 461
367 465
367 473
367 474
367 475
367 479
367 482
367 483
367 487
367 489
367 490
367 491
367 494
367 496
367 498
367 500
367 501
367 503
367 504
367 505
367 507
367 508
367 513
367 517
367 518
367 519
367 520
367 521
367 522
367 524
367 525
367 527
367 528
367 529
367 532
367 535
367 536
367 539
367 543
367 544
367 545
367 547
367 548
367 549
367 550
367 551
367 553
367 554
367 555
367 560
367 564
367 565
367 568
367 569
367 571
367 575
367 577
367 579
367 581
367 582
367 583
367 585
367 586
367 591
367 596
367 598
367 604
367 605
367 606
367 609
367 610
367 614
367 615
367 618
367 621
367 624
367 626
367 628
367 629
367 631
367 632
367 633
367 635
367 637
367 639
367 641
367 642
367 643
367 644
367 645
367 650
367 652
367 655
367 658
367 665
367 666
367 667
367 668
367 669
367 670
367 671
367 674
367 675
367 676
367 677
367 678
367 683
367 689
367 692
367 696
367 698
367 699
367 701
367 702
367 707
367 708
367 709
367 711
367 713
367 715
367 716
367 717
367 719
367 724
367 725
367 726
367 729
367 730
367 731
367 734
367 735
367 739
367 740
367 741
367 742
367 743
367 744
367 748
367 753
367 755
367 756
367 757
367 758
367 759
367 760
367 763
367 764
367 765
367 767
367 770
367 772
367 773
367 777
367 779
367 783
367 784
367 787
367 792
368 401
368 408
368 412
368 413
368 414
368 418
368 422
368 424
368 425
368 429
368 431
368 435
368 438
368 440
368 441
368 443
368 444
368 445
368 446
368 447
368 454
368 456
368 458
368 459
368 460
368 462
368 463
368 466
368 467
368 469
368 472
368 473
368 474
368 475
368 476
368 478
368 481
368 484
368 486
368 487
368 493
368 494
368 496
368 497
368 498
368 499
368 500
368 501
368 504
368 506
368 508
368 509
368 512
368 513
368 514
368 515
368 516
368 517
368 519
368 520
368 522
368 524
368 526
368 527
368 529
368 531
368 537
368 542
368 543
368 544
368 545
368 551
368 553
368 554
368 555
368 556
368 557
368 560
368 561
368 563
368 565
368 568
368 570
368 575
368 577
368 579
368 580
368 584
368 585
368 587
368 588
368 589
368 594
368 595
368 598
368 600
368 602
368 603
368 605
368 607
368 610
368 613
368 614
368 616
368 622
368 625
368 628
368 631
368 636
368 638
368 640
368 641
368 643
368 644
368 646
368 653
368 656
368 658
368 661
368 662
368 665
368 666
368 667
368 668
368 669
368 670
368 673
368 677
368 678
368 680
368 684
368 685
368 688
368 690
368 691
368 692
368 694
368 696
368 697
368 698
368 700
368 701
368 704
368 705
368 706
368 707
368 713
368 714
368 718
368 720
368 721
368 722
368 723
368 725
368 728
368 729
368 732
368 733
368 734
368 735
368 736
368 741
368 742
368 746
368 747
368 748
368 752
368 753
368 754
368 755
368 756
368 758
368 760
368 762
368 763
368 769
368 772
368 773
368 774
368 776
368 777
368 778
368 780
368 782
368 783
368 784
368 785
368 786
368 788
368 789
368 790
368 792
368 798
368 800
369 402
369 403
369 404
369 406
369 407
369 408
369 409
369 412
369 415
369 416
369 417
369 419
369 420
369 421
369 423
369 425
369 427
369 428
369 431
369 434
369 437
369 438
369 440
369 441
369 442
369 444
369 447
369 450
369 453
369 454
369 457
369 458
369 459
369 460
369 461
369 462
369 463
369 464
369 467
369 468
369 469
369 474
369 476
369 478
369 479
369 480
369 481
369 483
369 484
369 485
369 487
369 488
369 489
369 490
369 494
369 495
369 496
369 497
369 498
369 501
369 502
369 503
369 510
369 511
369 517
369 518
369 522
369 524
369 526
369 528
369 529
369 530
369 532
369 535
369 537
369 538
369 539
369 542
369 544
369 545
369 546
369 549
369 552
369 553
369 554
369 555
369 560
369 562
369 563
369 564
369 565
369 567
369 569
369 571
369 574
369 575
369 578
369 579
369 580
369 582
369 583
369 585
369 587
369 590
369 591
369 592
369 593
369 594
369 596
369 598
369 601
369 602
369 604
369 605
369 608
369 609
369 610
369 618
369 619
369 620
369 621
369 622
369 626
369 628
369 629
369 637
369 638
369 639
369 640
369 644
369 646
369 647
369 648
369 650
369 654
369 656
369 662
369 663
369 664
369 668
369 671
369 673
369 679
369 680
369 682
369 685
369 688
369 689
369 690
369 691
369 692
369 694
369 695
369 698
369 699
369 700
369 704
369 708
369 709
369 710
369 711
369 713
369 719
369 721
369 722
369 723
369 724
369 726
369 729
369 730
369 731
369 735
369 736
369 737
369 739
369 741
369 743
369 749
369 750
369 754
369 755
369 756
369 759
369 763
369 764
369 765
369 766
369 769
369 772
369 774
369 778
369 780
369 782
369 783
369 784
369 785
369 786
369 790
369 792
369 798
369 799
369 800
370 401
370 403
370 404
370 408
370 409
370 410
370 411
370 417
370 418
370 421
370 422
370 424
370 425
370 426
370 428
370 429
370 431
370 434
370 435
370 437
370 438
370 439
370 442
370 445
370 460
370 468
370 469
370 470
370 471
370 472
370 473
370 477
370 478
370 479
370 482
370 483
370 486
370 487
370 488
370 491
370 492
370 493
370 494
370 495
370 499
370 501
370 502
370 504
370 506
370 507
370 509
370 510
370 511
370 513
370 515
370 516
370 517
370 520
370 525
370 527
370 528
370 530
370 531
370 532
370 533
370 535
370 536
370 539
370 540
370 542
370 543
370 544
370 545
370 547
370 549
370 552
370 555
370 559
370 563
370 565
370 567
370 568
370 570
370 571
370 574
370 576
370 578
370 579
370 581
370 583
370 585
370 588
370 590
370 591
370 592
370 594
370 596
370 600
370 601
370 603
370 610
370 611
370 614
370 617
370 618
370 624
370 625
370 626
370 627
370 630
370 632
370 633
370 642
370 646
370 647
370 649
370 652
370 655
370 660
370 665
370 667
370 671
370 672
370 676
370 680
370 682
370 683
370 684
370 685
370 689
370 691
370 693
370 694
370 695
370 696
370 697
370 699
370 701
370 703
370 704
370 705
370 707
370 709
370 712
370 714
370 718
370 720
370 723
370 724
370 725
370 726
370 728
370 732
370 734
370 735
370 736
370 738
370 740
370 741
370 743
370 747
370 751
370 753
370 760
370 761
370 762
370 763
370 764
370 766
370 767
370 771
370 773
370 775
370 776
370 780
370 786
370 787
370 789
370 790
370 794
370 796
370 800
371 401
371 402
371 403
371 404
371 406
371 409
371 410
371 411
371 416
371 417
371 418
371 419
371 420
371 421
371 422
371 423
371 425
371 427
371 428
371 429
371 430
371 433
371 434
371 435
371 437
371 439
371 440
371 442
371 446
371 448
371 449
371 451
371 454
371 457
371 459
371 460
371 462
371 463
371 466
371 468
371 469
371 470
371 474
371 475
371 478
371 479
371 481
371 483
371 485
371 486
371 487
371 488
371 492
371 497
371 498
371 500
371 501
371 503
371 504
371 506
371 509
371 513
371 515
371 518
371 519
371 523
371 525
371 527
371 528
371 530
371 536
371 538
371 541
371 546
371 551
371 552
371 555
371 557
371 560
371 562
371 563
371 566
371 568
371 569
371 572
371 573
371 575
371 576
371 580
371 583
371 584
371 586
371 587
371 591
371 592
371 593
371 596
371 598
371 601
371 606
371 608
371 609
371 611
371 612
371 613
371 616
371 617
371 620
371 622
371 623
371 624
371 625
371 627
371 628
371 629
371 630
371 631
371 633
371 634
371 636
371 638
371 639
371 642
371 643
371 644
371 646
371 650
371 652
371 653
371 659
371 663
371 666
371 667
371 669
371 671
371 673
371 674
371 678
371 682
371 683
371 684
371 688
371 690
371 691
371 692
371 693
371 694
371 695
371 698
371 699
371 700
371 701
371 705
371 706
371 707
371 710
371 713
371 714
371 715
371 716
371 719
371 720
371 723
371 724
371 727
371 728
371 729
371 730
371 732
371 738
371 739
371 740
371 741
371 744
371 750
371 754
371 755
371 757
371 758
371 759
371 760
371 761
371 762
371 766
371 768
371 770
371 771
371 773
371 776
371 778
371 780
371 783
371 786
371 788
371 789
371 790
371 792
371 793
371 800
372 402
372 404
372 407
372 409
372 416
372 418
372 420
372 421
372 424
372 425
372 427
372 428
372 429
372 431
372 432
372 433
372 434
372 437
372 439
372 442
372 443
372 445
372 446
372 450
372 451
372 453
372 454
372 455
372 457
372 462
372 463
372 464
372 465
372 466
372 470
372 471
372 476
372 479
372 480
372 481
372 482
372 488
372 489
372 491
372 497
372 498
372 499
372 500
372 501
372 502
372 504
372 507
372 508
372 509
372 511
372 512
372 513
372 515
372 516
372 517
372 519
372 520
372 521
372 522
372 524
372 525
372 526
372 531
372 532
372 535
372 538
372 539
372 541
372 542
372 545
372 546
372 547
372 548
372 549
372 550
372 551
372 553
372 554
372 555
372 558
372 559
372 560
372 561
372 562
372 563
372 564
372 566
372 567
372 568
372 569
372 570
372 573
372 578
372 580
372 581
372 583
372 592
372 596
372 599
372 602
372 604
372 606
372 610
372 611
372 620
372 622
372 623
372 625
372 627
372 628
372 629
372 631
372 632
372 633
372 634
372 636
372 637
372 638
372 639
372 641
372 642
372 646
372 650
372 652
372 655
372 656
372 657
372 658
372 660
372 661
372 662
372 664
372 666
372 667
372 673
372 674
372 677
372 678
372 679
372 681
372 682
372 684
372 685
372 686
372 694
372 695
372 698
372 700
372 701
372 702
372 705
372 707
372 708
372 709
372 710
372 713
372 716
372 719
372 721
372 722
372 725
372 726
372 727
372 729
372 731
372 733
372 735
372 738
372 739
372 741
372 742
372 745
372 756
372 758
372 760
372 762
372 769
372 770
372 771
372 773
372 774
372 775
372 776
372 778
372 780
372 782
372 785
372 786
372 788
372 790
372 791
372 796
372 799
372 800
373 402
373 403
373 405
373 407
373 408
373 412
373 413
373 416
373 417
373 421
373 425
373 429
373 434
373 435
373 437
373 438
373 440
373 442
373 444
373 445
373 446
373 448
373 450
373 451
373 452
373 453
373 454
373 457
373 459
373 460
373 461
373 463
373 464
373 468
373 469
373 472
373 474
373 476
373 482
373 483
373 485
373 488
373 490
373 492
373 493
373 495
373 496
373 499
373 500
373 501
373 502
373 503
373 504
373 507
373 508
373 515
373 519
373 520
373 524
373 525
373 526
373 528
373 530
373 531
373 534
373 536
373 537
373 538
373 539
373 540
373 543
373 544
373 545
373 552
373 553
373 557
373 559
373 563
373 564
373 567
373 569
373 570
373 571
373 572
373 574
373 581
373 582
373 584
373 586
373 588
373 589
373 590
373 592
373 593
373 594
373 595
373 596
373 597
373 598
373 601
373 605
373 608
373 609
373 610
373 612
373 620
373 621
373 622
373 628
373 629
373 631
373 632
373 633
373 634
373 635
373 636
373 639
373 642
373 646
373 647
373 648
373 649
373 650
373 651
373 654
373 655
373 657
373 659
373 661
373 662
373 663
373 665
373 667
373 668
373 673
373 674
373 675
373 676
373 680
373 681
373 682
373 683
373 684
373 686
373 688
373 690
373 691
373 693
373 694
373 697
373 698
373 702
373 704
373 706
373 707
373 708
373 711
373 712
373 714
373 715
373 719
373 720
373 721
373 723
373 724
373 725
373 728
373 730
373 731
373 732
373 733
373 736
373 742
373 744
373 751
373 753
373 754
373 755
373 756
373 757
373 759
373 760
373 761
373 762
373 764
373 765
373 766
373 777
373 778
373 780
373 781
373 784
373 786
373 787
373 788
373 790
373 793
373 795
373 798
374 404
374 412
374 414
374 419
374 425
374 426
374 428
374 430
374 431
374 432
374 435
374 436
374 437
374 438
374 439
374 441
374 442
374 444
374 446
374 448
374 449
374 450
374 451
374 452
374 457
374 458
374 462
374 463
374 464
374 466
374 467
374 476
374 477
374 478
374 479
374 481
374 487
374 489
374 494
374 495
374 499
374 505
374 506
374 510
374 511
374 512
374 514
374 515
374 517
374 521
374 522
374 523
374 524
374 525
374 526
374 529
374 530
374 531
374 537
374 540
374 543
374 544
374 546
374 547
374 549
374 551
374 552
374 553
374 555
374 557
374 559
374 560
374 564
374 567
374 568
374 569
374 571
374 574
374 575
374 577
374 578
374 579
374 582
374 585
374 586
374 587
374 593
374 594
374 595
374 597
374 599
374 601
374 603
374 606
374 608
374 610
374 611
374 612
374 613
374 614
374 616
374 618
374 620
374 621
374 623
374 624
374 627
374 629
374 631
374 633
374 634
374 636
374 640
374 642
374 645
374 648
374 652
374 656
374 657
374 660
374 663
374 667
374 669
374 670
374 674
374 675
374 676
374 677
374 678
374 679
374 683
374 684
374 687
374 692
374 695
374 699
374 700
374 703
374 707
374 711
374 712
374 713
374 714
374 716
374 719
374 720
374 722
374 724
374 727
374 728
374 729
374 732
374 733
374 734
374 737
374 742
374 743
374 744
374 748
374 750
374 751
374 752
374 753
374 757
374 758
374 759
374 763
374 764
374 765
374 774
374 776
374 777
374 780
374 784
374 785
374 786
374 792
374 794
374 795
374 796
374 797
374 799
374 800
375 401
375 402
375 403
375 405
375 407
375 412
375 413
375 415
375 419
375 424
375 426
375 427
375 428
375 429
375 431
375 434
375 436
375 441
375 445
375 446
375 447
375 450
375 453
375 455
375 457
375 459
375 461
375 463
375 466
375 468
375 469
375 474
375 476
375 478
375 479
375 484
375 485
375 487
375 488
375 489
375 495
375 496
375 498
375 499
375 500
375 501
375 502
375 503
375 504
375 505
375 506
375 507
375 508
375 509
375 512
375 514
375 515
375 519
375 520
375 522
375 523
375 524
375 527
375 531
375 532
375 538
375 539
375 541
375 542
375 545
375 546
375 547
375 550
375 552
375 553
375 554
375 555
375 557
375 558
375 559
375 561
375 562
375 564
375 565
375 566
375 567
375 568
375 573
375 575
375 578
375 579
375 580
375 581
375 589
375 592
375 593
375 594
375 595
375 598
375 599
375 603
375 604
375 605
375 610
375 611
375 616
375 617
375 618
375 620
375 622
375 623
375 626
375 627
375 629
375 630
375 631
375 632
375 633
375 634
375 636
375 637
375 645
375 646
375 647
375 648
375 651
375 653
375 654
375 655
375 657
375 659
375 660
375 663
375 665
375 666
375 669
375 670
375 674
375 675
375 676
375 677
375 678
375 679
375 683
375 684
375 685
375 687
375 691
375 693
375 694
375 696
375 697
375 698
375 699
375 704
375 708
375 711
375 712
375 713
375 714
375 715
375 718
375 719
375 721
375 722
375 725
375 726
375 727
375 730
375 732
375 733
375 735
375 736
375 738
375 739
375 741
375 743
375 744
375 751
375 752
375 753
375 754
375 758
375 760
375 761
375 762
375 763
375 765
375 766
375 767
375 774
375 775
375 777
375 780
375 785
375 786
375 788
375 791
375 792
375 793
375 794
375 795
375 796
375 797
375 798
376 401
376 402
376 403
376 404
376 406
376 407
376 409
376 411
376 412
376 413
376 414
376 417
376 419
376 420
376 423
376 424
376 426
376 427
376 428
376 429
376 432
376 434
376 435
376 436
376 438
376 441
376 442
376 445
376 447
376 448
376 450
376 452
376 453
376 454
376 455
376 458
376 460
376 462
376 464
376 467
376 468
376 471
376 473
376 474
376 478
376 479
376 482
376 484
376 485
376 487
376 490
376 491
376 493
376 494
376 496
376 499
376 500
376 501
376 503
376 504
376 509
376 512
376 514
376 516
376 518
376 519
376 520
376 521
376 524
376 526
376 527
376 528
376 530
376 532
376 535
376 536
376 539
376 540
376 541
376 542
376 543
376 544
376 545
376 546
376 550
376 553
376 554
376 556
376 557
376 558
376 559
376 561
376 563
376 564
376 566
376 572
376 574
376 576
376 577
376 578
376 579
376 581
376 582
376 584
376 588
376 589
376 592
376 595
376 596
376 598
376 609
376 610
376 611
376 614
376 615
376 616
376 617
376 618
376 619
376 620
376 621
376 622
376 627
376 628
376 630
376 632
376 633
376 634
376 635
376 637
376 639
376 640
376 643
376 645
376 648
376 650
376 654
376 655
376 657
376 658
376 663
376 665
376 666
376 669
376 670
376 671
376 672
376 674
376 675
376 678
376 679
376 680
376 682
376 683
376 684
376 686
376 688
376 690
376 691
376 692
376 693
376 694
376 696
376 698
376 699
376 703
376 708
376 709
376 710
376 714
376 715
376 717
376 721
376 722
376 723
376 724
376 725
376 727
376 730
376 731
376 734
376 736
376 737
376 741
376 742
376 745
376 746
376 750
376 751
376 752
376 754
376 755
376 756
376 757
376 759
376 760
376 761
376 762
376 763
376 764
376 765
376 768
376 771
376 774
376 777
376 779
376 780
376 781
376 783
376 785
376 786
376 788
376 790
376 796
376 797
377 401
377 404
377 406
377 407
377 410
377 412
377 413
377 415
377 416
377 418
377 419
377 420
377 421
377 424
377 425
377 426
377 428
377 430
377 436
377 442
377 443
377 445
377 447
377 448
377 451
377 452
377 454
377 460
377 463
377 465
377 467
377 471
377 473
377 475
377 476
377 477
377 479
377 482
377 488
377 490
377 492
377 494
377 496
377 497
377 500
377 501
377 503
377 504
377 507
377 508
377 509
377 510
377 511
377 512
377 516
377 517
377 518
377 519
377 521
377 526
377 527
377 531
377 532
377 534
377 535
377 536
377 538
377 539
377 540
377 541
377 544
377 545
377 548
377 550
377 553
377 555
377 557
377 560
377 564
377 565
377 566
377 573
377 578
377 579
377 580
377 581
377 583
377 586
377 590
377 592
377 595
377 596
377 597
377 598
377 602
377 603
377 607
377 614
377 617
377 622
377 624
377 625
377 627
377 629
377 632
377 634
377 635
377 639
377 640
377 641
377 643
377 644
377 648
377 654
377 655
377 657
377 658
377 659
377 665
377 667
377 670
377 671
377 672
377 674
377 675
377 676
377 677
377 679
377 681
377 685
377 688
377 689
377 691
377 693
377 694
377 696
377 698
377 700
377 707
377 710
377 711
377 712
377 714
377 715
377 716
377 717
377 718
377 719
377 721
377 722
377 724
377 725
377 726
377 727
377 728
377 730
377 732
377 734
377 737
377 738
377 743
377 746
377 747
377 748
377 749
377 751
377 753
377 756
377 757
377 758
377 764
377 767
377 769
377 770
377 771
377 772
377 773
377 776
377 777
377 778
377 779
377 781
377 782
377 784
377 787
377 788
377 792
377 793
377 794
377 795
377 798
377 799
378 401
378 404
378 405
378 408
378 409
378 410
378 412
378 415
378 416
378 417
378 423
378 426
378 430
378 433
378 434
378 439
378 441
378 444
378 445
378 446
378 448
378 450
378 452
378 453
378 455
378 456
378 457
378 458
378 460
378 464
378 468
378 470
378 472
378 473
378 474
378 475
378 476
378 477
378 481
378 482
378 483
378 486
378 487
378 491
378 492
378 493
378 495
378 498
378 500
378 501
378 503
378 504
378 510
378 513
378 514
378 517
378 518
378 520
378 521
378 522
378 524
378 525
378 526
378 527
378 528
378 529
378 530
378 531
378 533
378 534
378 537
378 538
378 539
378 540
378 542
378 544
378 546
378 547
378 548
378 551
378 553
378 556
378 558
378 560
378 561
378 562
378 564
378 565
378 566
378 570
378 574
378 575
378 576
378 577
378 580
378 581
378 586
378 587
378 588
378 590
378 591
378 592
378 593
378 605
378 606
378 608
378 609
378 612
378 613
378 614
378 615
378 618
378 619
378 623
378 626
378 627
378 629
378 630
378 631
378 632
378 633
378 634
378 641
378 642
378 643
378 645
378 646
378 648
378 650
378 652
378 654
378 655
378 659
378 661
378 665
378 666
378 667
378 668
378 669
378 670
378 673
378 677
378 678
378 679
378 680
378 681
378 683
378 685
378 686
378 688
378 689
378 691
378 692
378 693
378 695
378 697
378 698
378 699
378 702
378 705
378 707
378 709
378 710
378 711
378 718
378 719
378 720
378 721
378 723
378 726
378 727
378 730
378 732
378 734
378 735
378 736
378 737
378 739
378 742
378 743
378 744
378 749
378 754
378 755
378 756
378 759
378 764
378 768
378 770
378 771
378 773
378 774
378 775
378 778
378 780
378 782
378 784
378 789
378 790
378 791
378 793
378 798
379 406
379 407
379 408
379 410
379 412
379 413
379 417
379 419
379 422
379 423
379 426
379 427
379 428
379 429
379 430
379 431
379 432
379 433
379 435
379 439
379 441
379 445
379 447
379 448
379 450
379 452
379 454
379 457
379 458
379 461
379 462
379 463
379 472
379 473
379 476
379 477
379 478
379 482
379 483
379 485
379 486
379 488
379 489
379 491
379 494
379 495
379 497
379 500
379 502
379 503
379 509
379 510
379 511
379 513
379 515
379 518
379 520
379 523
379 527
379 528
379 534
379 537
379 538
379 540
379 541
379 543
379 544
379 546
379 547
379 550
379 552
379 554
379 555
379 559
379 563
379 564
379 566
379 567
379 568
379 573
379 574
379 575
379 576
379 583
379 587
379 588
379 589
379 591
379 592
379 593
379 594
379 603
379 606
379 608
379 610
379 612
379 613
379 615
379 624
379 625
379 626
379 628
379 630
379 631
379 633
379 634
379 638
379 639
379 640
379 643
379 645
379 648
379 649
379 653
379 655
379 656
379 658
379 660
379 661
379 662
379 665
379 667
379 670
379 672
379 673
379 674
379 676
379 681
379 682
379 683
379 684
379 685
379 689
379 690
379 691
379 693
379 694
379 699
379 701
379 703
379 705
379 708
379 709
379 714
379 716
379 717
379 723
379 724
379 725
379 726
379 728
379 730
379 732
379 734
379 735
379 736
379 737
379 738
379 740
379 741
379 744
379 745
379 746
379 748
379 753
379 755
379 757
379 758
379 759
379 770
379 771
379 774
379 776
379 778
379 780
379 781
379 784
379 785
379 787
379 788
379 789
379 791
379 792
379 793
379 798
380 406
380 408
380 411
380 412
380 414
380 415
380 418
380 421
380 423
380 424
380 431
380 434
380 437
380 442
380 445
380 447
380 449
380 452
380 453
380 454
380 456
380 458
380 459
380 462
380 466
380 467
380 472
380 473
380 474
380 475
380 476
380 479
380 481
380 483
380 484
380 485
380 487
380 488
380 490
380 491
380 493
380 495
380 496
380 498
380 499
380 505
380 508
380 509
380 510
380 513
380 514
380 515
380 516
380 518
380 520
380 521
380 523
380 524
380 525
380 529
380 530
380 531
380 533
380 535
380 538
380 540
380 541
380 542
380 543
380 544
380 547
380 549
380 550
380 554
380 555
380 556
380 557
380 560
380 561
380 562
380 563
380 568
380 570
380 572
380 582
380 585
380 587
380 588
380 589
380 590
380 592
380 593
380 595
380 597
380 598
380 600
380 603
380 605
380 606
380 608
380 611
380 612
380 613
380 614
380 615
380 616
380 617
380 619
380 623
380 625
380 628
380 629
380 631
380 634
380 635
380 636
380 637
380 638
380 639
380 643
380 645
380 647
380 648
380 650
380 651
380 655
380 657
380 658
380 659
380 662
380 664
380 666
380 668
380 673
380 674
380 676
380 678
380 679
380 680
380 681
380 687
380 688
380 693
380 694
380 695
380 696
380 698
380 699
380 701
380 702
380 707
380 708
380 709
380 710
380 712
380 713
380 715
380 716
380 718
380 722
380 725
380 728
380 731
380 733
380 735
380 736
380 737
380 739
380 740
380 742
380 744
380 747
380 749
380 750
380 751
380 756
380 757
380 758
380 759
380 761
380 762
380 763
380 764
380 768
380 772
380 773
380 776
380 777
380 779
380 783
380 790
380 791
380 794
380 795
380 796
380 797
380 799
381 401
381 403
381 404
381 405
381 407
381 409
381 410
381 411
381 414
381 415
381 417
381 418
381 422
381 424
381 425
381 429
381 430
381 431
381 432
381 434
381 436
381 439
381 440
381 441
381 443
381 444
381 445
381 451
381 452
381 453
381 454
381 456
381 457
381 458
381 459
381 460
381 461
381 462
381 463
381 466
381 472
381 473
381 474
381 475
381 476
381 477
381 479
381 480
381 482
381 488
381 490
381 491
381 493
381 494
381 495
381 499
381 500
381 501
381 508
381 509
381 510
381 511
381 513
381 514
381 522
381 523
381 524
381 525
381 526
381 527
381 528
381 529
381 530
381 535
381 536
381 537
381 543
381 545
381 546
381 547
381 548
381 549
381 551
381 558
381 561
381 562
381 564
381 565
381 567
381 568
381 569
381 570
381 571
381 573
381 574
381 576
381 577
381 579
381 580
381 581
381 582
381 583
381 584
381 585
381 586
381 588
381 589
381 593
381 594
381 595
381 597
381 603
381 606
381 611
381 615
381 617
381 618
381 620
381 621
381 622
381 627
381 633
381 634
381 636
381 637
381 638
381 639
381 642
381 643
381 644
381 645
381 646
381 647
381 648
381 649
381 652
381 654
381 655
381 656
381 657
381 658
381 660
381 661
381 665
381 667
381 668
381 669
381 671
381 677
381 678
381 680
381 681
381 685
381 687
381 688
381 689
381 691
381 692
381 693
381 694
381 696
381 704
381 705
381 708
381 715
381 717
381 718
381 726
381 729
381 731
381 732
381 735
381 737
381 738
381 742
381 743
381 744
381 746
381 749
381 751
381 755
381 759
381 760
381 762
381 763
381 764
381 766
381 767
381 768
381 769
381 770
381 771
381 772
381 773
381 774
381 775
381 777
381 778
381 779
381 783
381 784
381 785
381 786
381 791
381 792
381 793
381 794
381 795
381 797
381 798
381 799
382 402
382 406
382 407
382 408
382 411
382 415
382 416
382 417
382 421
382 424
382 425
382 427
382 430
382 432
382 436
382 438
382 440
382 442
382 444
382 445
382 446
382 447
382 449
382 454
382 456
382 458
382 459
382 460
382 461
382 462
382 464
382 465
382 466
382 469
382 471
382 472
382 475
382 480
382 483
382 484
382 485
382 486
382 493
382 495
382 496
382 497
382 498
382 504
382 505
382 509
382 512
382 513
382 514
382 518
382 519
382 521
382 523
382 527
382 529
382 530
382 533
382 534
382 542
382 544
382 549
382 551
382 552
382 555
382 556
382 558
382 563
382 568
382 569
382 570
382 575
382 576
382 577
382 578
382 580
382 583
382 585
382 586
382 588
382 589
382 591
382 594
382 595
382 597
382 598
382 600
382 603
382 607
382 611
382 612
382 613
382 614
382 615
382 617
382 619
382 620
382 622
382 623
382 624
382 625
382 628
382 631
382 635
382 637
382 639
382 641
382 643
382 645
382 648
382 649
382 651
382 652
382 654
382 655
382 657
382 659
382 660
382 661
382 664
382 665
382 667
382 668
382 673
382 676
382 678
382 680
382 681
382 683
382 684
382 688
382 689
382 690
382 691
382 692
382 693
382 694
382 696
382 697
382 700
382 703
382 706
382 709
382 711
382 712
382 714
382 715
382 716
382 719
382 720
382 721
382 722
382 724
382 726
382 727
382 728
382 730
382 733
382 734
382 735
382 736
382 738
382 741
382 743
382 745
382 747
382 749
382 750
382 754
382 757
382 761
382 762
382 764
382 766
382 767
382 768
382 773
382 775
382 779
382 780
382 781
382 782
382 783
382 786
382 788
382 789
382 791
382 795
382 796
382 797
382 799
382 800
383 401
383 402
383 406
383 407
383 408
383 414
383 415
383 417
383 418
383 419
383 421
383 423
383 424
383 425
383 427
383 429
383 430
383 433
383 434
383 435
383 436
383 437
383 439
383 440
383 441
383 442
383 446
383 449
383 450
383 452
383 453
383 456
383 458
383 460
383 461
383 462
383 464
383 467
383 470
383 471
383 472
383 476
383 478
383 479
383 481
383 482
383 484
383 488
383 492
383 493
383 494
383 498
383 501
383 503
383 507
383 511
383 512
383 513
383 514
383 517
383 520
383 522
383 525
383 528
383 530
383 531
383 532
383 533
383 536
383 537
383 539
383 541
383 543
383 545
383 547
383 548
383 549
383 550
383 551
383 553
383 554
383 555
383 557
383 559
383 560
383 562
383 563
383 564
383 565
383 566
383 570
383 571
383 573
383 574
383 576
383 577
383 578
383 579
383 581
383 584
383 586
383 588
383 589
383 590
383 591
383 592
383 595
383 596
383 597
383 599
383 600
383 602
383 606
383 608
383 612
383 616
383 618
383 620
383 621
383 624
383 625
383 627
383 630
383 632
383 634
383 640
383 643
383 649
383 650
383 652
383 654
383 657
383 658
383 662
383 664
383 667
383 668
383 669
383 671
383 673
383 675
383 676
383 677
383 680
383 681
383 682
383 684
383 685
383 686
383 690
383 692
383 693
383 695
383 699
383 700
383 702
383 705
383 706
383 707
383 709
383 710
383 711
383 712
383 713
383 717
383 719
383 720
383 722
383 724
383 725
383 726
383 730
383 731
383 732
383 734
383 735
383 737
383 738
383 739
383 742
383 743
383 746
383 748
383 749
383 753
383 758
383 759
383 761
383 762
383 763
383 766
383 769
383 771
383 773
383 774
383 775
383 777
383 778
383 785
383 786
383 789
383 790
383 791
383 792
383 797
384 401
384 402
384 405
384 413
384 415
384 417
384 419
384 421
384 422
384 424
384 426
384 427
384 428
384 430
384 431
384 433
384 434
384 438
384 441
384 443
384 445
384 447
384 448
384 450
384 454
384 455
384 461
384 463
384 464
384 466
384 468
384 470
384 472
384 477
384 479
384 480
384 481
384 484
384 485
384 486
384 487
384 489
384 490
384 491
384 492
384 493
384 494
384 496
384 498
384 499
384 500
384 501
384 502
384 503
384 504
384 505
384 510
384 511
384 515
384 516
384 517
384 518
384 520
384 521
384 524
384 530
384 533
384 535
384 537
384 539
384 542
384 544
384 545
384 546
384 552
384 553
384 554
384 557
384 558
384 559
384 561
384 563
384 565
384 568
384 569
384 570
384 572
384 573
384 574
384 576
384 578
384 580
384 581
384 582
384 584
384 585
384 587
384 589
384 591
384 594
384 595
384 602
384 603
384 607
384 608
384 611
384 614
384 616
384 619
384 620
384 622
384 624
384 626
384 631
384 632
384 637
384 638
384 640
384 642
384 644
384 649
384 650
384 652
384 655
384 658
384 659
384 662
384 663
384 664
384 665
384 667
384 669
384 670
384 672
384 673
384 674
384 676
384 677
384 678
384 681
384 683
384 684
384 685
384 686
384 687
384 688
384 689
384 690
384 691
384 693
384 696
384 702
384 703
384 707
384 709
384 710
384 713
384 714
384 716
384 717
384 719
384 720
384 730
384 732
384 735
384 736
384 738
384 740
384 743
384 744
384 745
384 749
384 753
384 756
384 759
384 761
384 762
384 763
384 764
384 766
384 768
384 770
384 771
384 772
384 773
384 775
384 777
384 778
384 781
384 783
384 786
384 787
384 788
384 795
384 796
384 797
384 798
384 799
385 402
385 404
385 406
385 409
385 410
385 412
385 414
385 416
385 417
385 422
385 425
385 428
385 430
385 431
385 432
385 433
385 435
385 437
385 438
385 439
385 440
385 443
385 445
385 446
385 447
385 450
385 453
385 456
385 458
385 460
385 464
385 465
385 467
385 468
385 473
385 474
385 475
385 476
385 478
385 479
385 480
385 482
385 484
385 487
385 489
385 490
385 492
385 496
385 498
385 499
385 501
385 502
385 503
385 504
385 505
385 506
385 513
385 514
385 517
385 518
385 519
385 520
385 522
385 527
385 528
385 529
385 531
385 532
385 533
385 535
385 537
385 538
385 539
385 541
385 542
385 543
385 545
385 549
385 554
385 556
385 557
385 559
385 567
385 569
385 570
385 571
385 572
385 577
385 579
385 580
385 583
385 584
385 585
385 591
385 592
385 597
385 598
385 599
385 602
385 603
385 605
385 607
385 609
385 611
385 617
385 620
385 625
385 627
385 630
385 631
385 637
385 638
385 640
385 644
385 647
385 648
385 649
385 650
385 652
385 653
385 655
385 656
385 662
385 664
385 665
385 666
385 667
385 668
385 669
385 671
385 672
385 674
385 679
385 682
385 683
385 685
385 687
385 688
385 689
385 690
385 692
385 693
385 697
385 698
385 699
385 701
385 702
385 705
385 706
385 710
385 712
385 713
385 715
385 716
385 719
385 724
385 726
385 732
385 734
385 735
385 738
385 739
385 742
385 743
385 744
385 746
385 748
385 749
385 751
385 754
385 757
385 760
385 761
385 768
385 771
385 772
385 773
385 775
385 776
385 777
385 781
385 783
385 785
385 786
385 788
385 789
385 792
385 794
385 795
385 796
385 798
386 402
386 404
386 409
386 413
386 415
386 417
386 422
386 424
386 425
386 432
386 433
386 434
386 442
386 443
386 445
386 447
386 449
386 450
386 451
386 452
386 453
386 455
386 459
386 460
386 461
386 463
386 467
386 469
386 473
386 477
386 478
386 480
386 481
386 486
386 488
386 489
386 491
386 492
386 493
386 495
386 496
386 497
386 498
386 499
386 503
386 504
386 505
386 506
386 508
386 512
386 513
386 514
386 516
386 518
386 519
386 521
386 523
386 526
386 527
386 529
386 531
386 532
386 533
386 534
386 535
386 538
386 539
386 540
386 542
386 544
386 545
386 546
386 548
386 549
386 550
386 552
386 553
386 554
386 555
386 558
386 560
386 564
386 567
386 568
386 569
386 570
386 572
386 573
386 574
386 575
386 576
386 580
386 586
386 587
386 589
386 590
386 594
386 597
386 598
386 601
386 604
386 608
386 610
386 614
386 615
386 620
386 621
386 622
386 624
386 625
386 629
386 632
386 634
386 636
386 639
386 642
386 643
386 644
386 645
386 646
386 647
386 649
386 651
386 652
386 653
386 654
386 656
386 657
386 658
386 659
386 660
386 661
386 664
386 665
386 674
386 676
386 681
386 683
386 685
386 686
386 689
386 692
386 693
386 695
386 697
386 702
386 705
386 710
386 711
386 712
386 717
386 719
386 722
386 723
386 724
386 725
386 727
386 730
386 732
386 733
386 737
386 739
386 740
386 741
386 742
386 744
386 745
386 746
386 748
386 752
386 754
386 757
386 759
386 764
386 765
386 767
386 768
386 769
386 771
386 772
386 773
386 774
386 775
386 777
386 779
386 780
386 782
386 783
386 784
386 785
386 787
386 788
386 790
386 795
386 796
386 799
387 401
387 407
387 410
387 412
387 415
387 416
387 421
387 422
387 423
387 425
387 426
387 427
387 429
387 430
387 431
387 433
387 441
387 445
387 446
387 448
387 451
387 452
387 456
387 457
387 461
387 462
387 463
387 465
387 467
387 469
387 473
387 474
387 477
387 479
387 481
387 485
387 486
387 487
387 488
387 489
387 492
387 494
387 495
387 498
387 501
387 502
387 504
387 505
387 506
387 509
387 518
387 522
387 526
387 531
387 532
387 533
387 534
387 536
387 537
387 538
387 540
387 543
387 545
387 548
387 550
387 554
387 555
387 556
387 557
387 559
387 560
387 561
387 564
387 566
387 567
387 570
387 572
387 574
387 575
387 576
387 577
387 584
387 586
387 587
387 589
387 590
387 594
387 595
387 597
387 598
387 599
387 604
387 606
387 608
387 609
387 610
387 611
387 613
387 615
387 618
387 621
387 624
387 625
387 626
387 627
387 631
387 637
387 638
387 639
387 641
387 642
387 643
387 644
387 645
387 647
387 650
387 654
387 655
387 657
387 659
387 662
387 664
387 665
387 666
387 668
387 669
387 670
387 672
387 673
387 674
387 675
387 676
387 677
387 678
387 679
387 681
387 687
387 692
387 696
387 697
387 698
387 700
387 701
387 703
387 704
387 705
387 706
387 709
387 711
387 713
387 714
387 715
387 716
387 717
387 719
387 720
387 722
387 725
387 726
387 730
387 731
387 737
387 738
387 739
387 740
387 741
387 742
387 744
387 747
387 748
387 749
387 750
387 752
387 753
387 754
387 756
387 759
387 760
387 761
387 762
387 765
387 768
387 774
387 776
387 781
387 782
387 783
387 786
387 787
387 788
387 790
387 793
387 794
387 797
387 798
387 799
388 401
388 402
388 403
388 406
388 408
388 410
388 414
388 415
388 417
388 419
388 420
388 421
388 423
388 425
388 427
388 428
388 430
388 431
388 434
388 436
388 442
388 444
388 446
388 447
388 448
388 450
388 451
388 452
388 453
388 455
388 456
388 457
388 458
388 460
388 462
388 464
388 466
388 470
388 472
388 474
388 475
388 476
388 477
388 478
388 481
388 482
388 483
388 489
388 490
388 492
388 502
388 504
388 506
388 507
388 512
388 513
388 514
388 515
388 522
388 523
388 525
388 526
388 529
388 530
388 531
388 535
388 536
388 538
388 539
388 540
388 543
388 545
388 548
388 552
388 553
388 554
388 556
388 557
388 558
388 559
388 560
388 561
388 563
388 564
388 565
388 568
388 570
388 573
388 574
388 575
388 576
388 577
388 581
388 583
388 584
388 586
388 587
388 588
388 590
388 591
388 593
388 594
388 595
388 596
388 597
388 599
388 601
388 602
388 604
388 606
388 607
388 608
388 609
388 610
388 611
388 612
388 614
388 618
388 619
388 621
388 623
388 624
388 625
388 626
388 628
388 630
388 631
388 633
388 634
388 636
388 637
388 638
388 639
388 640
388 643
388 644
388 646
388 648
388 649
388 650
388 653
388 656
388 657
388 658
388 659
388 662
388 664
388 668
388 671
388 674
388 675
388 682
388 691
388 693
388 694
388 695
388 696
388 700
388 701
388 702
388 703
388 704
388 705
388 706
388 707
388 708
388 709
388 713
388 714
388 715
388 716
388 718
388 720
388 721
388 722
388 727
388 728
388 729
388 730
388 731
388 736
388 737
388 738
388 742
388 743
388 748
388 753
388 754
388 756
388 758
388 759
388 760
388 761
388 764
388 765
388 767
388 768
388 770
388 771
388 772
388 773
388 774
388 775
388 776
388 777
388 780
388 783
388 784
388 785
388 787
388 790
388 792
388 799
388 800
389 401
389 402
389 404
389 405
389 406
389 407
389 411
389 412
389 413
389 414
389 416
389 422
389 424
389 425
389 426
389 427
389 428
389 430
389 432
389 433
389 438
389 439
389 440
389 442
389 443
389 444
389 445
389 447
389 449
389 450
389 451
389 453
389 454
389 457
389 459
389 462
389 464
389 466
389 467
389 470
389 471
389 478
389 479
389 480
389 482
389 486
389 488
389 489
389 490
389 492
389 493
389 494
389 497
389 499
389 502
389 504
389 505
389 507
389 508
389 509
389 512
389 514
389 515
389 516
389 517
389 519
389 520
389 521
389 523
389 526
389 529
389 530
389 531
389 532
389 534
389 537
389 540
389 543
389 544
389 545
389 553
389 554
389 555
389 556
389 557
389 559
389 563
389 564
389 565
389 567
389 568
389 570
389 573
389 574
389 576
389 578
389 579
389 580
389 581
389 583
389 584
389 586
389 594
389 596
389 598
389 608
389 610
389 614
389 615
389 616
389 618
389 619
389 620
389 622
389 625
389 626
389 627
389 629
389 630
389 631
389 635
389 636
389 638
389 639
389 641
389 642
389 643
389 644
389 646
389 648
389 650
389 652
389 658
389 662
389 663
389 666
389 667
389 668
389 670
389 672
389 673
389 674
389 675
389 677
389 678
389 680
389 682
389 683
389 684
389 685
389 687
389 688
389 690
389 691
389 696
389 697
389 699
389 701
389 704
389 708
389 710
389 713
389 714
389 717
389 718
389 719
389 721
389 722
389 724
389 725
389 726
389 727
389 728
389 733
389 734
389 735
389 738
389 740
389 742
389 748
389 749
389 754
389 757
389 762
389 763
389 764
389 767
389 777
389 778
389 781
389 783
389 784
389 785
389 790
389 792
389 795
389 799
389 800
390 401
390 402
390 404
390 405
390 406
390 408
390 409
390 410
390 412
390 413
390 414
390 415
390 419
390 422
390 424
390 425
390 427
390 428
390 430
390 434
390 435
390 436
390 438
390 441
390 442
390 443
390 452
390 455
390 456
390 458
390 459
390 460
390 462
390 463
390 465
390 467
390 469
390 470
390 471
390 476
390 477
390 480
390 483
390 484
390 485
390 488
390 489
390 491
390 495
390 499
390 500
390 505
390 506
390 507
390 508
390 509
390 510
390 512
390 514
390 517
390 522
390 524
390 527
390 530
390 533
390 534
390 539
390 540
390 541
390 542
390 543
390 548
390 553
390 556
390 558
390 559
390 561
390 563
390 566
390 567
390 568
390 569
390 570
390 571
390 572
390 574
390 575
390 577
390 579
390 580
390 581
390 582
390 583
390 584
390 587
390 588
390 589
390 591
390 592
390 594
390 600
390 602
390 603
390 607
390 612
390 614
390 619
390 620
390 622
390 623
390 624
390 625
390 626
390 628
390 630
390 631
390 634
390 635
390 637
390 640
390 644
390 645
390 646
390 647
390 649
390 650
390 651
390 653
390 654
390 655
390 657
390 658
390 659
390 660
390 661
390 667
390 669
390 670
390 671
390 673
390 674
390 675
390 676
390 677
390 678
390 683
390 684
390 690
390 691
390 692
390 693
390 695
390 696
390 697
390 698
390 699
390 701
390 702
390 704
390 705
390 707
390 708
390 711
390 713
390 717
390 718
390 720
390 722
390 723
390 725
390 728
390 729
390 731
390 733
390 735
390 739
390 740
390 742
390 743
390 744
390 745
390 746
390 747
390 749
390 753
390 754
390 756
390 762
390 763
390 766
390 767
390 768
390 770
390 771
390 772
390 773
390 774
390 776
390 777
390 778
390 779
390 782
390 783
390 784
390 786
390 788
390 790
390 795
390 797
390 799
391 401
391 402
391 405
391 407
391 408
391 409
391 417
391 418
391 420
391 423
391 424
391 426
391 428
391 431
391 432
391 437
391 438
391 439
391 440
391 441
391 447
391 448
391 450
391 451
391 452
391 454
391 456
391 457
391 458
391 460
391 461
391 462
391 463
391 466
391 468
391 473
391 474
391 475
391 477
391 478
391 481
391 482
391 483
391 484
391 486
391 488
391 489
391 491
391 493
391 494
391 495
391 497
391 498
391 504
391 505
391 507
391 508
391 509
391 510
391 511
391 514
391 515
391 521
391 527
391 528
391 529
391 530
391 531
391 533
391 534
391 535
391 536
391 546
391 550
391 558
391 560
391 561
391 566
391 567
391 570
391 571
391 573
391 577
391 578
391 579
391 582
391 586
391 587
391 588
391 593
391 594
391 597
391 598
391 602
391 603
391 604
391 605
391 606
391 607
391 608
391 609
391 611
391 614
391 616
391 620
391 622
391 623
391 628
391 629
391 631
391 634
391 636
391 637
391 639
391 641
391 642
391 643
391 644
391 645
391 646
391 647
391 649
391 650
391 652
391 657
391 659
391 660
391 661
391 667
391 668
391 670
391 671
391 672
391 674
391 678
391 680
391 685
391 687
391 691
391 694
391 696
391 697
391 698
391 703
391 704
391 705
391 706
391 707
391 708
391 709
391 711
391 712
391 715
391 716
391 719
391 721
391 724
391 725
391 727
391 728
391 730
391 731
391 732
391 736
391 741
391 743
391 744
391 745
391 747
391 748
391 755
391 757
391 759
391 760
391 762
391 763
391 764
391 765
391 768
391 769
391 772
391 774
391 776
391 780
391 781
391 784
391 785
391 786
391 789
391 791
391 792
391 795
391 796
391 797
391 798
391 799
392 407
392 408
392 409
392 410
392 415
392 416
392 419
392 420
392 424
392 425
392 426
392 427
392 430
392 432
392 433
392 434
392 436
392 438
392 440
392 441
392 445
392 446
392 447
392 449
392 450
392 451
392 452
392 453
392 455
392 459
392 461
392 466
392 467
392 468
392 470
392 471
392 472
392 475
392 477
392 479
392 480
392 482
392 483
392 489
392 491
392 492
392 493
392 494
392 502
392 504
392 506
392 508
392 509
392 510
392 512
392 513
392 514
392 515
392 519
392 522
392 523
392 524
392 525
392 530
392 533
392 534
392 536
392 539
392 540
392 541
392 542
392 543
392 545
392 546
392 548
392 549
392 556
392 559
392 562
392 564
392 565
392 569
392 570
392 571
392 572
392 574
392 575
392 577
392 579
392 581
392 582
392 583
392 584
392 586
392 588
392 590
392 592
392 593
392 594
392 595
392 596
392 598
392 600
392 602
392 603
392 604
392 605
392 609
392 612
392 615
392 618
392 619
392 621
392 622
392 629
392 630
392 632
392 634
392 637
392 639
392 640
392 641
392 643
392 644
392 645
392 646
392 647
392 648
392 649
392 651
392 652
392 655
392 658
392 660
392 662
392 666
392 668
392 669
392 670
392 673
392 674
392 678
392 683
392 686
392 691
392 695
392 696
392 699
392 701
392 702
392 703
392 704
392 706
392 708
392 712
392 714
392 717
392 719
392 721
392 723
392 725
392 726
392 730
392 734
392 737
392 739
392 741
392 748
392 749
392 753
392 755
392 756
392 759
392 761
392 762
392 766
392 768
392 771
392 775
392 776
392 777
392 780
392 787
392 788
392 789
392 790
392 792
392 793
392 796
392 797
393 402
393 403
393 406
393 407
393 409
393 410
393 413
393 414
393 415
393 417
393 419
393 420
393 421
393 422
393 423
393 426
393 428
393 431
393 433
393 440
393 441
393 443
393 444
393 446
393 448
393 449
393 450
393 451
393 454
393 456
393 459
393 464
393 465
393 467
393 468
393 469
393 472
393 475
393 476
393 477
393 479
393 480
393 484
393 485
393 491
393 492
393 493
393 494
393 496
393 500
393 501
393 502
393 503
393 505
393 507
393 508
393 511
393 513
393 515
393 517
393 518
393 520
393 521
393 522
393 523
393 524
393 530
393 531
393 532
393 533
393 537
393 539
393 540
393 541
393 542
393 544
393 547
393 549
393 551
393 554
393 555
393 556
393 558
393 560
393 561
393 563
393 564
393 565
393 566
393 568
393 571
393 573
393 577
393 578
393 580
393 581
393 582
393 585
393 586
393 588
393 590
393 591
393 593
393 595
393 599
393 600
393 608
393 613
393 614
393 616
393 620
393 623
393 624
393 625
393 626
393 630
393 631
393 633
393 634
393 638
393 639
393 641
393 642
393 644
393 645
393 648
393 650
393 651
393 652
393 654
393 655
393 657
393 659
393 661
393 662
393 663
393 664
393 668
393 671
393 672
393 673
393 674
393 675
393 679
393 681
393 683
393 687
393 688
393 689
393 692
393 696
393 697
393 698
393 701
393 702
393 704
393 708
393 710
393 711
393 713
393 715
393 716
393 718
393 721
393 725
393 729
393 730
393 734
393 735
393 738
393 743
393 744
393 745
393 747
393 748
393 749
393 750
393 751
393 753
393 754
393 755
393 764
393 767
393 771
393 778
393 779
393 780
393 781
393 782
393 783
393 785
393 786
393 790
393 791
393 793
393 795
393 796
393 798
393 800
394 403
394 404
394 406
394 407
394 409
394 410
394 411
394 414
394 416
394 417
394 419
394 420
394 421
394 422
394 423
394 424
394 425
394 426
394 427
394 428
394 432
394 435
394 436
394 437
394 438
394 440
394 441
394 443
394 444
394 445
394 449
394 450
394 451
394 454
394 457
394 458
394 460
394 461
394 464
394 466
394 471
394 473
394 476
394 477
394 478
394 480
394 485
394 486
394 487
394 492
394 494
394 496
394 500
394 502
394 503
394 504
394 505
394 506
394 507
394 511
394 514
394 515
394 516
394 518
394 519
394 523
394 525
394 526
394 532
394 533
394 535
394 538
394 541
394 542
394 543
394 547
394 549
394 550
394 551
394 552
394 554
394 555
394 557
394 559
394 560
394 561
394 562
394 566
394 567
394 571
394 572
394 573
394 574
394 575
394 577
394 581
394 582
394 583
394 591
394 594
394 595
394 596
394 598
394 599
394 600
394 601
394 603
394 605
394 609
394 612
394 618
394 619
394 622
394 624
394 625
394 626
394 628
394 630
394 632
394 633
394 634
394 641
394 642
394 644
394 645
394 646
394 647
394 650
394 653
394 659
394 661
394 664
394 666
394 667
394 669
394 670
394 674
394 675
394 676
394 677
394 680
394 682
394 685
394 689
394 690
394 694
394 695
394 700
394 701
394 702
394 708
394 712
394 714
394 715
394 716
394 717
394 718
394 720
394 724
394 732
394 733
394 734
394 735
394 736
394 737
394 739
394 740
394 741
394 743
394 744
394 745
394 746
394 751
394 752
394 753
394 756
394 757
394 758
394 761
394 762
394 763
394 767
394 774
394 775
394 780
394 783
394 786
394 787
394 788
394 790
394 792
394 796
394 798
395 401
395 402
395 403
395 404
395 405
395 406
395 407
395 410
395 413
395 417
395 420
395 422
395 425
395 428
395 429
395 430
395 431
395 439
395 441
395 443
395 444
395 448
395 450
395 451
395 456
395 457
395 458
395 459
395 460
395 462
395 463
395 464
395 465
395 470
395 471
395 473
395 475
395 477
395 481
395 486
395 487
395 490
395 493
395 497
395 498
395 499
395 500
395 505
395 506
395 507
395 509
395 510
395 515
395 516
395 517
395 522
395 523
395 525
395 527
395 528
395 529
395 531
395 534
395 535
395 536
395 537
395 539
395 542
395 547
395 550
395 553
395 556
395 558
395 562
395 563
395 565
395 566
395 567
395 569
395 571
395 572
395 575
395 578
395 579
395 581
395 582
395 584
395 587
395 589
395 592
395 595
395 596
395 599
395 600
395 602
395 603
395 605
395 606
395 607
395 609
395 610
395 613
395 614
395 615
395 616
395 619
395 620
395 623
395 624
395 626
395 627
395 629
395 631
395 637
395 638
395 639
395 640
395 643
395 646
395 647
395 650
395 651
395 652
395 653
395 656
395 658
395 662
395 663
395 669
395 671
395 673
395 674
395 676
395 677
395 678
395 679
395 680
395 681
395 682
395 684
395 686
395 689
395 690
395 691
395 693
395 694
395 695
395 697
395 698
395 699
395 700
395 701
395 707
395 708
395 709
395 711
395 712
395 716
395 717
395 718
395 719
395 720
395 722
395 723
395 724
395 728
395 736
395 738
395 739
395 740
395 741
395 742
395 743
395 745
395 750
395 751
395 753
395 756
395 757
395 759
395 762
395 764
395 765
395 769
395 771
395 772
395 774
395 775
395 776
395 778
395 780
395 783
395 784
395 785
395 787
395 790
395 791
395 792
395 793
395 795
395 797
395 800
396 402
396 403
396 404
396 405
396 407
396 410
396 412
396 413
396 416
396 418
396 420
396 421
396 422
396 423
396 424
396 427
396 429
396 431
396 432
396 433
396 434
396 435
396 437
396 438
396 444
396 448
396 449
396 451
396 452
396 454
396 455
396 456
396 460
396 461
396 462
396 463
396 468
396 470
396 472
396 473
396 474
396 477
396 478
396 479
396 480
396 481
396 484
396 485
396 487
396 489
396 490
396 492
396 493
396 494
396 495
396 496
396 499
396 500
396 501
396 503
396 505
396 511
396 512
396 513
396 514
396 515
396 516
396 522
396 523
396 525
396 526
396 527
396 528
396 532
396 533
396 535
396 536
396 540
396 541
396 542
396 543
396 545
396 546
396 547
396 548
396 550
396 551
396 552
396 555
396 557
396 558
396 560
396 562
396 566
396 567
396 570
396 572
396 575
396 577
396 579
396 581
396 584
396 587
396 588
396 590
396 591
396 592
396 593
396 595
396 596
396 597
396 603
396 604
396 608
396 610
396 612
396 613
396 614
396 615
396 616
396 618
396 619
396 621
396 625
396 627
396 630
396 631
396 632
396 633
396 635
396 638
396 641
396 642
396 646
396 647
396 649
396 650
396 655
396 659
396 661
396 667
396 671
396 672
396 673
396 674
396 675
396 678
396 681
396 683
396 684
396 686
396 688
396 689
396 694
396 696
396 700
396 702
396 703
396 704
396 707
396 708
396 709
396 710
396 715
396 717
396 718
396 722
396 726
396 727
396 728
396 730
396 732
396 733
396 735
396 736
396 737
396 739
396 741
396 742
396 744
396 745
396 747
396 749
396 752
396 756
396 757
396 762
396 765
396 767
396 768
396 769
396 771
396 772
396 773
396 777
396 778
396 783
396 785
396 787
396 788
396 789
396 791
396 792
396 796
396 797
396 798
396 799
396 800
397 401
397 404
397 406
397 407
397 411
397 413
397 414
397 415
397 416
397 420
397 421
397 422
397 423
397 425
397 426
397 429
397 431
397 432
397 435
397 436
397 439
397 441
397 442
397 443
397 450
397 451
397 452
397 456
397 459
397 465
397 466
397 467
397 469
397 470
397 472
397 473
397 474
397 475
397 482
397 483
397 486
397 490
397 493
397 495
397 496
397 503
397 504
397 505
397 508
397 512
397 515
397 519
397 521
397 523
397 525
397 526
397 527
397 528
397 530
397 531
397 532
397 533
397 535
397 536
397 537
397 538
397 541
397 542
397 544
397 546
397 547
397 550
397 552
397 555
397 557
397 558
397 559
397 562
397 563
397 566
397 568
397 569
397 571
397 572
397 573
397 576
397 578
397 580
397 581
397 582
397 585
397 589
397 593
397 595
397 596
397 597
397 598
397 599
397 601
397 602
397 604
397 605
397 606
397 607
397 609
397 610
397 612
397 614
397 615
397 619
397 621
397 622
397 623
397 627
397 628
397 631
397 635
397 637
397 638
397 643
397 645
397 649
397 651
397 653
397 654
397 656
397 658
397 659
397 661
397 662
397 665
397 667
397 669
397 670
397 672
397 673
397 675
397 677
397 679
397 683
397 684
397 686
397 687
397 690
397 692
397 694
397 696
397 697
397 700
397 702
397 706
397 710
397 711
397 713
397 714
397 715
397 717
397 718
397 719
397 720
397 722
397 725
397 728
397 732
397 733
397 734
397 737
397 739
397 740
397 741
397 743
397 744
397 745
397 746
397 747
397 750
397 751
397 752
397 754
397 755
397 757
397 759
397 761
397 762
397 763
397 764
397 765
397 768
397 769
397 771
397 772
397 774
397 775
397 777
397 778
397 780
397 782
397 784
397 787
397 790
397 792
397 793
397 794
397 799
398 401
398 403
398 405
398 406
398 408
398 409
398 410
398 413
398 416
398 417
398 418
398 420
398 424
398 425
398 426
398 427
398 428
398 429
398 430
398 435
398 436
398 437
398 439
398 441
398 442
398 443
398 444
398 445
398 447
398 449
398 450
398 451
398 453
398 455
398 456
398 458
398 460
398 461
398 462
398 463
398 464
398 466
398 468
398 471
398 474
398 475
398 480
398 481
398 482
398 483
398 485
398 486
398 487
398 488
398 490
398 492
398 494
398 499
398 504
398 509
398 510
398 512
398 513
398 515
398 516
398 519
398 520
398 521
398 523
398 524
398 525
398 526
398 527
398 528
398 529
398 531
398 532
398 533
398 534
398 537
398 539
398 541
398 546
398 548
398 551
398 552
398 553
398 554
398 555
398 556
398 558
398 565
398 566
398 567
398 568
398 569
398 571
398 572
398 573
398 574
398 575
398 577
398 578
398 579
398 582
398 586
398 590
398 592
398 593
398 596
398 598
398 599
398 600
398 601
398 603
398 604
398 607
398 610
398 611
398 613
398 614
398 618
398 619
398 621
398 622
398 623
398 624
398 626
398 627
398 628
398 630
398 635
398 636
398 637
398 638
398 639
398 640
398 641
398 643
398 645
398 646
398 647
398 648
398 649
398 654
398 657
398 658
398 660
398 664
398 670
398 671
398 672
398 675
398 676
398 682
398 684
398 685
398 686
398 687
398 688
398 689
398 691
398 694
398 698
398 699
398 701
398 702
398 704
398 709
398 710
398 711
398 712
398 713
398 714
398 715
398 716
398 719
398 720
398 722
398 723
398 724
398 727
398 729
398 733
398 734
398 735
398 736
398 737
398 738
398 739
398 740
398 742
398 743
398 744
398 749
398 750
398 751
398 752
398 753
398 756
398 766
398 769
398 774
398 776
398 777
398 778
398 779
398 782
398 784
398 788
398 790
398 791
398 792
398 795
398 797
399 401
399 402
399 403
399 409
399 410
399 411
399 415
399 417
399 419
399 422
399 426
399 427
399 428
399 429
399 430
399 432
399 434
399 435
399 436
399 439
399 443
399 444
399 445
399 447
399 448
399 454
399 455
399 458
399 459
399 461
399 462
399 464
399 465
399 469
399 470
399 476
399 480
399 482
399 484
399 485
399 486
399 488
399 490
399 495
399 505
399 506
399 507
399 509
399 511
399 512
399 513
399 515
399 516
399 517
399 518
399 521
399 522
399 528
399 529
399 532
399 533
399 535
399 536
399 537
399 545
399 548
399 549
399 552
399 553
399 554
399 555
399 558
399 559
399 560
399 561
399 562
399 564
399 565
399 566
399 569
399 570
399 571
399 572
399 573
399 576
399 577
399 578
399 579
399 581
399 585
399 586
399 587
399 588
399 589
399 590
399 591
399 593
399 594
399 595
399 597
399 600
399 601
399 602
399 604
399 605
399 606
399 607
399 609
399 610
399 611
399 613
399 614
399 615
399 616
399 617
399 619
399 621
399 625
399 629
399 631
399 635
399 636
399 638
399 639
399 640
399 641
399 642
399 643
399 644
399 645
399 646
399 648
399 649
399 651
399 652
399 655
399 656
399 657
399 658
399 664
399 666
399 669
399 670
399 675
399 676
399 679
399 680
399 686
399 688
399 689
399 690
399 691
399 693
399 696
399 697
399 698
399 699
399 702
399 705
399 706
399 707
399 709
399 711
399 715
399 716
399 717
399 718
399 719
399 722
399 723
399 724
399 725
399 726
399 728
399 729
399 732
399 733
399 735
399 738
399 743
399 744
399 746
399 747
399 751
399 752
399 753
399 755
399 759
399 760
399 765
399 769
399 771
399 772
399 773
399 776
399 777
399 778
399 779
399 780
399 783
399 784
399 787
399 788
399 790
399 791
399 792
399 793
399 797
399 798
400 401
400 405
400 406
400 407
400 408
400 409
400 410
400 411
400 414
400 415
400 417
400 418
400 421
400 423
400 428
400 429
400 430
400 431
400 434
400 435
400 439
400 440
400 442
400 443
400 444
400 445
400 446
400 449
400 451
400 455
400 461
400 462
400 463
400 467
400 468
400 471
400 472
400 473
400 476
400 477
400 484
400 486
400 488
400 490
400 494
400 495
400 497
400 499
400 500
400 501
400 502
400 503
400 504
400 507
400 508
400 511
400 512
400 516
400 523
400 524
400 526
400 529
400 530
400 531
400 535
400 536
400 537
400 538
400 539
400 541
400 542
400 543
400 544
400 546
400 554
400 556
400 557
400 559
400 560
400 563
400 565
400 570
400 571
400 572
400 577
400 578
400 580
400 581
400 583
400 584
400 587
400 592
400 595
400 596
400 600
400 601
400 602
400 603
400 608
400 609
400 610
400 611
400 613
400 615
400 616
400 617
400 618
400 620
400 621
400 622
400 623
400 625
400 633
400 635
400 636
400 639
400 640
400 642
400 644
400 649
400 650
400 652
400 653
400 654
400 655
400 656
400 657
400 658
400 661
400 663
400 664
400 665
400 667
400 669
400 670
400 672
400 674
400 675
400 678
400 684
400 685
400 686
400 687
400 688
400 689
400 690
400 691
400 692
400 696
400 697
400 700
400 701
400 706
400 709
400 711
400 712
400 714
400 715
400 716
400 718
400 722
400 723
400 731
400 732
400 733
400 734
400 735
400 736
400 741
400 742
400 744
400 745
400 748
400 750
400 751
400 753
400 756
400 757
400 758
400 759
400 765
400 766
400 767
400 768
400 769
400 770
400 772
400 774
400 775
400 776
400 779
400 780
400 781
400 786
400 787
400 790
400 791
400 793
400 794
400 795
400 799
400 800
