400 400 30
1 402
1 403
1 405
1 406
1 407
1 410
1 414
1 415
1 416
1 419
1 420
1 421
1 424
1 428
1 431
1 432
1 433
1 434
1 437
1 439
1 440
1 442
1 443
1 446
1 447
1 448
1 450
1 451
1 452
1 454
1 457
1 458
1 459
1 462
1 463
1 464
1 467
1 468
1 474
1 475
1 478
1 482
1 484
1 485
1 486
1 488
1 490
1 494
1 495
1 497
1 498
1 503
1 506
1 509
1 512
1 513
1 514
1 517
1 518
1 520
1 521
1 527
1 533
1 534
1 541
1 542
1 543
1 544
1 545
1 547
1 548
1 549
1 550
1 551
1 552
1 553
1 554
1 556
1 557
1 558
1 569
1 573
1 575
1 576
1 577
1 579
1 581
1 583
1 584
1 585
1 587
1 588
1 589
1 590
1 593
1 594
1 595
1 596
1 597
1 599
1 603
1 604
1 607
1 608
1 609
1 610
1 612
1 614
1 615
1 616
1 617
1 619
1 621
1 622
1 623
1 625
1 626
1 628
1 629
1 634
1 635
1 636
1 637
1 638
1 640
1 643
1 644
1 647
1 648
1 650
1 652
1 653
1 654
1 655
1 660
1 663
1 666
1 667
1 671
1 672
1 678
1 681
1 685
1 687
1 690
1 699
1 704
1 706
1 707
1 709
1 710
1 712
1 714
1 716
1 717
1 718
1 719
1 720
1 722
1 724
1 725
1 728
1 729
1 732
1 733
1 734
1 736
1 738
1 744
1 748
1 749
1 754
1 758
1 760
1 761
1 765
1 767
1 768
1 769
1 772
1 773
1 775
1 777
1 778
1 783
1 784
1 786
1 787
1 792
1 793
1 800
2 401
2 402
2 403
2 404
2 405
2 408
2 409
2 410
2 411
2 412
2 414
2 415
2 416
2 417
2 419
2 421
2 422
2 425
2 426
2 427
2 429
2 430
2 433
2 435
2 437
2 438
2 439
2 440
2 441
2 443
2 446
2 447
2 450
2 451
2 454
2 455
2 457
2 462
2 468
2 470
2 471
2 474
2 475
2 478
2 481
2 482
2 485
2 486
2 487
2 488
2 490
2 491
2 492
2 496
2 500
2 501
2 502
2 504
2 505
2 507
2 508
2 511
2 512
2 515
2 516
2 517
2 518
2 521
2 523
2 526
2 527
2 528
2 529
2 532
2 534
2 535
2 536
2 538
2 539
2 541
2 542
2 543
2 545
2 547
2 548
2 549
2 550
2 551
2 552
2 555
2 556
2 559
2 560
2 561
2 564
2 565
2 566
2 568
2 570
2 571
2 574
2 575
2 577
2 578
2 580
2 585
2 587
2 588
2 589
2 590
2 591
2 594
2 597
2 600
2 602
2 603
2 604
2 608
2 609
2 610
2 611
2 613
2 618
2 621
2 622
2 624
2 629
2 630
2 633
2 635
2 640
2 643
2 644
2 649
2 651
2 652
2 654
2 655
2 656
2 657
2 658
2 659
2 661
2 663
2 664
2 665
2 666
2 667
2 670
2 672
2 673
2 674
2 675
2 676
2 677
2 679
2 680
2 681
2 686
2 688
2 689
2 693
2 695
2 700
2 704
2 706
2 707
2 708
2 710
2 711
2 713
2 714
2 715
2 716
2 718
2 719
2 721
2 722
2 723
2 724
2 725
2 728
2 729
2 730
2 731
2 733
2 734
2 736
2 737
2 740
2 742
2 743
2 744
2 746
2 747
2 748
2 750
2 751
2 752
2 755
2 757
2 758
2 759
2 762
2 764
2 765
2 768
2 769
2 772
2 774
2 775
2 778
2 781
2 783
2 788
2 791
2 795
2 796
2 798
2 800
3 402
3 403
3 404
3 405
3 407
3 409
3 411
3 412
3 413
3 415
3 417
3 419
3 420
3 421
3 424
3 425
3 427
3 433
3 434
3 438
3 439
3 440
3 441
3 446
3 447
3 449
3 450
3 451
3 452
3 454
3 455
3 457
3 462
3 465
3 468
3 469
3 472
3 477
3 478
3 480
3 481
3 482
3 483
3 486
3 491
3 493
3 494
3 495
3 496
3 498
3 500
3 502
3 503
3 504
3 509
3 510
3 511
3 512
3 513
3 514
3 515
3 518
3 519
3 521
3 524
3 529
3 530
3 531
3 532
3 535
3 537
3 539
3 543
3 544
3 547
3 549
3 551
3 552
3 553
3 554
3 556
3 557
3 559
3 562
3 564
3 565
3 568
3 571
3 573
3 578
3 580
3 584
3 586
3 589
3 590
3 592
3 594
3 596
3 598
3 600
3 602
3 603
3 605
3 606
3 607
3 609
3 611
3 612
3 613
3 616
3 618
3 621
3 623
3 626
3 628
3 629
3 630
3 632
3 636
3 639
3 640
3 642
3 643
3 645
3 649
3 650
3 654
3 655
3 657
3 662
3 664
3 669
3 670
3 671
3 673
3 675
3 681
3 683
3 684
3 685
3 687
3 688
3 689
3 690
3 691
3 694
3 698
3 702
3 703
3 704
3 706
3 707
3 709
3 712
3 714
3 716
3 717
3 718
3 719
3 721
3 723
3 724
3 725
3 726
3 731
3 732
3 736
3 738
3 739
3 741
3 742
3 744
3 748
3 749
3 751
3 753
3 757
3 758
3 759
3 762
3 766
3 769
3 773
3 774
3 775
3 776
3 777
3 781
3 782
3 783
3 785
3 788
3 789
3 792
3 794
3 795
4 402
4 404
4 406
4 407
4 409
4 411
4 412
4 413
4 414
4 416
4 419
4 422
4 423
4 424
4 426
4 429
4 431
4 433
4 435
4 437
4 439
4 440
4 443
4 446
4 447
4 450
4 452
4 455
4 456
4 458
4 460
4 461
4 462
4 463
4 464
4 467
4 468
4 469
4 471
4 472
4 479
4 481
4 484
4 486
4 488
4 489
4 490
4 493
4 496
4 498
4 503
4 505
4 506
4 509
4 513
4 515
4 517
4 518
4 519
4 520
4 534
4 535
4 536
4 539
4 550
4 551
4 552
4 553
4 554
4 555
4 556
4 557
4 558
4 561
4 564
4 565
4 566
4 569
4 570
4 573
4 577
4 579
4 580
4 581
4 584
4 586
4 587
4 592
4 595
4 596
4 597
4 598
4 604
4 609
4 610
4 611
4 614
4 616
4 619
4 620
4 622
4 623
4 627
4 628
4 630
4 634
4 638
4 639
4 645
4 647
4 650
4 652
4 653
4 659
4 660
4 661
4 662
4 664
4 665
4 668
4 669
4 670
4 671
4 672
4 673
4 674
4 679
4 686
4 687
4 688
4 689
4 690
4 691
4 693
4 694
4 697
4 699
4 700
4 701
4 703
4 705
4 707
4 716
4 717
4 718
4 720
4 722
4 724
4 725
4 731
4 733
4 735
4 736
4 737
4 740
4 742
4 745
4 747
4 748
4 752
4 753
4 754
4 756
4 759
4 761
4 763
4 765
4 768
4 770
4 771
4 774
4 775
4 782
4 783
4 785
4 786
4 789
4 791
4 792
4 794
4 795
4 796
4 797
4 798
4 800
5 402
5 403
5 407
5 410
5 414
5 416
5 419
5 420
5 423
5 425
5 427
5 428
5 429
5 430
5 431
5 432
5 433
5 434
5 436
5 437
5 438
5 441
5 443
5 447
5 448
5 450
5 451
5 452
5 453
5 457
5 459
5 460
5 463
5 466
5 469
5 475
5 476
5 477
5 479
5 480
5 482
5 483
5 484
5 486
5 488
5 490
5 491
5 495
5 497
5 498
5 501
5 502
5 503
5 505
5 508
5 509
5 510
5 512
5 514
5 515
5 516
5 517
5 518
5 519
5 521
5 522
5 523
5 524
5 527
5 530
5 531
5 535
5 536
5 537
5 538
5 539
5 540
5 542
5 543
5 544
5 546
5 547
5 549
5 550
5 556
5 558
5 563
5 564
5 565
5 566
5 569
5 572
5 573
5 574
5 576
5 577
5 579
5 582
5 583
5 585
5 586
5 587
5 588
5 589
5 590
5 591
5 592
5 593
5 594
5 595
5 597
5 599
5 604
5 606
5 607
5 608
5 610
5 613
5 615
5 619
5 628
5 630
5 632
5 636
5 638
5 640
5 641
5 642
5 643
5 648
5 649
5 651
5 652
5 653
5 655
5 658
5 659
5 660
5 662
5 664
5 665
5 666
5 670
5 671
5 674
5 675
5 676
5 677
5 678
5 679
5 680
5 683
5 684
5 685
5 686
5 690
5 693
5 694
5 695
5 696
5 697
5 698
5 703
5 706
5 710
5 712
5 714
5 716
5 717
5 718
5 719
5 723
5 725
5 727
5 728
5 731
5 733
5 734
5 735
5 737
5 739
5 740
5 743
5 744
5 745
5 747
5 751
5 752
5 753
5 760
5 762
5 764
5 766
5 767
5 768
5 770
5 771
5 772
5 776
5 778
5 779
5 785
5 786
5 788
5 791
5 800
6 402
6 403
6 406
6 408
6 412
6 413
6 414
6 416
6 417
6 420
6 421
6 424
6 425
6 426
6 430
6 431
6 432
6 435
6 436
6 437
6 438
6 439
6 440
6 443
6 444
6 445
6 447
6 449
6 450
6 451
6 455
6 456
6 457
6 459
6 462
6 467
6 469
6 470
6 472
6 477
6 478
6 479
6 480
6 481
6 483
6 485
6 492
6 494
6 495
6 497
6 498
6 499
6 500
6 502
6 507
6 508
6 512
6 515
6 518
6 520
6 521
6 522
6 524
6 525
6 527
6 528
6 529
6 534
6 540
6 542
6 543
6 546
6 549
6 551
6 553
6 554
6 555
6 558
6 561
6 562
6 563
6 565
6 567
6 569
6 571
6 572
6 573
6 574
6 575
6 576
6 578
6 579
6 582
6 583
6 587
6 589
6 591
6 593
6 596
6 599
6 600
6 601
6 602
6 605
6 606
6 609
6 610
6 612
6 613
6 617
6 619
6 620
6 621
6 622
6 624
6 625
6 626
6 627
6 629
6 630
6 633
6 635
6 641
6 642
6 645
6 647
6 648
6 649
6 652
6 653
6 655
6 656
6 657
6 658
6 659
6 660
6 662
6 663
6 664
6 665
6 667
6 668
6 671
6 672
6 673
6 674
6 675
6 677
6 678
6 680
6 685
6 686
6 687
6 691
6 692
6 694
6 695
6 696
6 698
6 699
6 701
6 703
6 704
6 706
6 707
6 711
6 718
6 721
6 722
6 723
6 725
6 726
6 728
6 734
6 736
6 738
6 740
6 743
6 744
6 745
6 746
6 747
6 750
6 753
6 754
6 756
6 761
6 762
6 764
6 765
6 768
6 769
6 770
6 771
6 772
6 776
6 777
6 779
6 781
6 783
6 784
6 785
6 786
6 787
6 794
6 795
6 797
6 798
6 799
6 800
7 402
7 403
7 404
7 405
7 406
7 407
7 409
7 410
7 412
7 418
7 420
7 421
7 422
7 423
7 425
7 426
7 429
7 430
7 435
7 438
7 440
7 443
7 446
7 450
7 452
7 453
7 456
7 458
7 461
7 466
7 468
7 469
7 470
7 471
7 472
7 473
7 475
7 476
7 477
7 478
7 484
7 486
7 487
7 489
7 491
7 497
7 498
7 499
7 500
7 504
7 507
7 508
7 509
7 510
7 513
7 515
7 517
7 519
7 523
7 524
7 527
7 530
7 531
7 534
7 539
7 540
7 541
7 544
7 545
7 546
7 547
7 552
7 554
7 555
7 556
7 557
7 558
7 559
7 560
7 561
7 562
7 566
7 567
7 568
7 571
7 578
7 579
7 580
7 583
7 584
7 587
7 588
7 589
7 591
7 592
7 594
7 599
7 603
7 605
7 611
7 612
7 613
7 614
7 616
7 622
7 623
7 624
7 627
7 628
7 629
7 632
7 634
7 635
7 636
7 637
7 638
7 639
7 640
7 642
7 643
7 644
7 646
7 650
7 652
7 653
7 654
7 656
7 658
7 659
7 660
7 662
7 664
7 665
7 666
7 668
7 669
7 672
7 673
7 674
7 677
7 680
7 687
7 691
7 694
7 696
7 697
7 699
7 700
7 701
7 702
7 703
7 705
7 706
7 707
7 708
7 710
7 711
7 712
7 713
7 714
7 715
7 716
7 717
7 719
7 720
7 723
7 724
7 728
7 731
7 732
7 733
7 735
7 736
7 741
7 747
7 750
7 752
7 753
7 756
7 758
7 761
7 763
7 765
7 766
7 768
7 771
7 776
7 778
7 779
7 780
7 783
7 784
7 786
7 787
7 792
7 793
7 794
7 795
7 796
7 798
7 800
8 402
8 403
8 404
8 410
8 411
8 413
8 414
8 418
8 420
8 421
8 423
8 424
8 426
8 429
8 430
8 431
8 437
8 438
8 439
8 441
8 442
8 444
8 446
8 450
8 451
8 454
8 457
8 460
8 463
8 467
8 468
8 470
8 471
8 472
8 474
8 478
8 479
8 481
8 482
8 483
8 484
8 485
8 486
8 488
8 491
8 493
8 494
8 499
8 501
8 503
8 504
8 505
8 508
8 509
8 510
8 513
8 515
8 517
8 521
8 522
8 525
8 528
8 529
8 530
8 533
8 534
8 536
8 539
8 543
8 544
8 546
8 551
8 552
8 553
8 554
8 555
8 556
8 557
8 560
8 561
8 563
8 564
8 566
8 569
8 574
8 576
8 577
8 578
8 579
8 582
8 587
8 591
8 592
8 594
8 596
8 598
8 601
8 602
8 604
8 605
8 607
8 608
8 611
8 614
8 616
8 617
8 624
8 627
8 628
8 634
8 638
8 640
8 642
8 645
8 650
8 652
8 655
8 657
8 659
8 661
8 665
8 666
8 668
8 669
8 671
8 675
8 678
8 682
8 688
8 689
8 690
8 692
8 693
8 694
8 696
8 697
8 699
8 700
8 707
8 708
8 710
8 713
8 717
8 718
8 720
8 721
8 722
8 723
8 726
8 727
8 729
8 730
8 731
8 732
8 734
8 736
8 737
8 739
8 740
8 743
8 746
8 751
8 752
8 755
8 756
8 757
8 758
8 768
8 771
8 776
8 779
8 781
8 782
8 784
8 790
8 794
8 798
8 799
8 800
9 405
9 407
9 409
9 411
9 412
9 417
9 419
9 420
9 421
9 425
9 430
9 432
9 434
9 435
9 438
9 439
9 440
9 442
9 446
9 450
9 453
9 454
9 455
9 456
9 457
9 458
9 462
9 463
9 464
9 467
9 468
9 470
9 473
9 474
9 476
9 477
9 478
9 480
9 487
9 488
9 490
9 492
9 493
9 494
9 495
9 496
9 499
9 500
9 501
9 502
9 504
9 506
9 507
9 509
9 512
9 515
9 516
9 517
9 520
9 521
9 522
9 523
9 526
9 527
9 528
9 532
9 534
9 535
9 537
9 540
9 542
9 543
9 544
9 546
9 547
9 551
9 553
9 555
9 556
9 557
9 558
9 559
9 560
9 561
9 562
9 563
9 568
9 569
9 570
9 571
9 575
9 576
9 579
9 580
9 581
9 582
9 584
9 585
9 587
9 589
9 590
9 591
9 594
9 595
9 598
9 600
9 604
9 609
9 610
9 612
9 618
9 620
9 621
9 623
9 627
9 633
9 634
9 636
9 638
9 640
9 642
9 643
9 644
9 645
9 647
9 648
9 649
9 650
9 654
9 655
9 656
9 657
9 658
9 662
9 663
9 665
9 667
9 668
9 673
9 674
9 677
9 679
9 680
9 681
9 682
9 685
9 686
9 689
9 690
9 694
9 700
9 702
9 704
9 705
9 706
9 707
9 709
9 713
9 714
9 716
9 718
9 719
9 722
9 723
9 724
9 725
9 728
9 731
9 734
9 737
9 740
9 742
9 744
9 746
9 747
9 748
9 749
9 753
9 754
9 755
9 756
9 757
9 762
9 764
9 765
9 768
9 769
9 772
9 780
9 782
9 785
9 788
9 789
9 790
9 791
9 792
9 796
10 401
10 405
10 406
10 407
10 408
10 409
10 410
10 411
10 412
10 413
10 415
10 418
10 420
10 421
10 424
10 426
10 428
10 429
10 430
10 431
10 433
10 434
10 436
10 437
10 439
10 440
10 441
10 442
10 445
10 449
10 450
10 452
10 453
10 456
10 457
10 459
10 461
10 463
10 465
10 469
10 470
10 473
10 476
10 479
10 480
10 481
10 482
10 485
10 488
10 489
10 490
10 492
10 493
10 495
10 498
10 500
10 505
10 506
10 508
10 510
10 511
10 514
10 516
10 524
10 525
10 526
10 528
10 529
10 531
10 532
10 535
10 536
10 537
10 538
10 540
10 543
10 544
10 545
10 547
10 549
10 553
10 557
10 558
10 559
10 560
10 562
10 566
10 567
10 568
10 569
10 570
10 573
10 574
10 575
10 579
10 580
10 583
10 584
10 585
10 587
10 588
10 589
10 590
10 593
10 596
10 601
10 602
10 603
10 606
10 607
10 608
10 610
10 611
10 620
10 621
10 624
10 632
10 634
10 636
10 639
10 640
10 644
10 648
10 649
10 652
10 654
10 656
10 658
10 661
10 662
10 665
10 668
10 669
10 671
10 672
10 673
10 680
10 681
10 682
10 683
10 687
10 688
10 689
10 690
10 693
10 694
10 696
10 703
10 709
10 711
10 713
10 714
10 716
10 717
10 719
10 722
10 723
10 724
10 726
10 730
10 732
10 733
10 736
10 739
10 740
10 741
10 742
10 744
10 745
10 747
10 748
10 749
10 750
10 751
10 754
10 755
10 756
10 761
10 763
10 767
10 770
10 771
10 773
10 774
10 775
10 776
10 777
10 779
10 781
10 784
10 785
10 787
10 788
10 790
10 791
10 792
10 793
10 795
10 796
10 797
10 798
10 799
10 800
11 401
11 403
11 405
11 406
11 408
11 409
11 412
11 413
11 416
11 418
11 419
11 420
11 422
11 425
11 426
11 427
11 429
11 431
11 432
11 433
11 435
11 436
11 437
11 438
11 439
11 443
11 444
11 445
11 446
11 451
11 453
11 454
11 455
11 456
11 458
11 459
11 460
11 463
11 464
11 465
11 466
11 467
11 471
11 472
11 473
11 476
11 479
11 480
11 482
11 487
11 488
11 490
11 494
11 495
11 496
11 499
11 500
11 501
11 502
11 503
11 504
11 505
11 506
11 508
11 510
11 512
11 514
11 515
11 516
11 520
11 523
11 524
11 527
11 532
11 535
11 538
11 540
11 543
11 544
11 545
11 548
11 551
11 552
11 553
11 554
11 555
11 558
11 560
11 561
11 563
11 567
11 568
11 574
11 576
11 580
11 581
11 585
11 588
11 592
11 593
11 594
11 595
11 598
11 600
11 601
11 602
11 603
11 604
11 612
11 613
11 614
11 619
11 621
11 624
11 629
11 630
11 632
11 633
11 634
11 635
11 636
11 641
11 642
11 644
11 645
11 646
11 647
11 648
11 651
11 652
11 653
11 654
11 656
11 657
11 660
11 661
11 663
11 664
11 665
11 667
11 668
11 669
11 670
11 671
11 672
11 673
11 674
11 677
11 678
11 680
11 682
11 683
11 685
11 686
11 689
11 690
11 691
11 694
11 695
11 696
11 697
11 699
11 701
11 702
11 703
11 704
11 706
11 707
11 709
11 710
11 712
11 713
11 714
11 715
11 720
11 721
11 722
11 726
11 728
11 730
11 732
11 733
11 734
11 735
11 738
11 740
11 741
11 743
11 744
11 746
11 748
11 752
11 753
11 755
11 756
11 758
11 759
11 762
11 763
11 764
11 767
11 769
11 771
11 772
11 773
11 776
11 779
11 781
11 783
11 785
11 788
11 791
11 792
11 793
11 794
11 795
11 796
11 798
11 799
12 402
12 406
12 407
12 408
12 409
12 414
12 417
12 420
12 421
12 422
12 423
12 424
12 429
12 431
12 432
12 434
12 436
12 437
12 438
12 440
12 442
12 443
12 446
12 447
12 448
12 451
12 452
12 456
12 458
12 459
12 460
12 461
12 467
12 470
12 471
12 474
12 475
12 477
12 479
12 482
12 483
12 484
12 485
12 487
12 488
12 489
12 493
12 495
12 497
12 501
12 504
12 505
12 506
12 507
12 509
12 510
12 511
12 512
12 513
12 514
12 516
12 517
12 518
12 519
12 521
12 522
12 523
12 524
12 526
12 527
12 533
12 536
12 537
12 543
12 547
12 557
12 559
12 560
12 561
12 566
12 567
12 568
12 569
12 571
12 573
12 574
12 576
12 580
12 581
12 583
12 586
12 590
12 593
12 595
12 598
12 599
12 602
12 604
12 605
12 606
12 608
12 610
12 612
12 613
12 614
12 616
12 617
12 621
12 627
12 629
12 636
12 637
12 639
12 641
12 643
12 644
12 645
12 646
12 647
12 649
12 650
12 654
12 655
12 656
12 657
12 658
12 659
12 668
12 669
12 670
12 672
12 673
12 676
12 677
12 682
12 683
12 685
12 686
12 688
12 690
12 701
12 702
12 707
12 708
12 709
12 710
12 714
12 715
12 716
12 717
12 720
12 726
12 730
12 732
12 734
12 738
12 739
12 740
12 741
12 742
12 743
12 745
12 749
12 750
12 751
12 753
12 754
12 761
12 763
12 764
12 769
12 770
12 771
12 773
12 774
12 778
12 780
12 782
12 784
12 785
12 788
12 789
12 790
12 792
12 795
12 796
12 797
12 800
13 401
13 402
13 403
13 404
13 405
13 407
13 408
13 409
13 415
13 416
13 417
13 423
13 424
13 425
13 430
13 431
13 436
13 438
13 440
13 442
13 443
13 444
13 445
13 446
13 448
13 453
13 458
13 460
13 461
13 462
13 464
13 465
13 466
13 467
13 470
13 472
13 473
13 474
13 477
13 478
13 482
13 484
13 485
13 487
13 489
13 491
13 494
13 496
13 497
13 499
13 501
13 502
13 503
13 504
13 505
13 506
13 507
13 511
13 512
13 517
13 519
13 525
13 527
13 530
13 533
13 535
13 537
13 541
13 544
13 545
13 546
13 547
13 548
13 550
13 553
13 554
13 556
13 558
13 561
13 562
13 564
13 565
13 566
13 568
13 569
13 571
13 577
13 582
13 583
13 584
13 586
13 590
13 592
13 593
13 594
13 596
13 599
13 602
13 603
13 604
13 605
13 606
13 608
13 610
13 614
13 622
13 623
13 625
13 628
13 629
13 630
13 631
13 634
13 636
13 638
13 640
13 641
13 643
13 647
13 650
13 652
13 653
13 654
13 656
13 658
13 659
13 660
13 665
13 666
13 667
13 668
13 670
13 672
13 674
13 675
13 678
13 681
13 686
13 688
13 690
13 691
13 693
13 695
13 700
13 701
13 702
13 705
13 708
13 709
13 710
13 711
13 717
13 718
13 722
13 723
13 727
13 729
13 731
13 732
13 736
13 738
13 744
13 747
13 751
13 753
13 756
13 757
13 760
13 761
13 762
13 764
13 766
13 768
13 769
13 770
13 771
13 773
13 775
13 776
13 778
13 779
13 781
13 782
13 784
13 785
13 788
13 789
13 790
13 791
13 792
13 793
13 794
13 799
14 401
14 404
14 406
14 409
14 410
14 411
14 414
14 415
14 416
14 420
14 422
14 423
14 424
14 427
14 428
14 432
14 434
14 436
14 438
14 442
14 443
14 444
14 445
14 447
14 448
14 453
14 454
14 455
14 458
14 459
14 460
14 461
14 465
14 469
14 471
14 472
14 473
14 476
14 477
14 482
14 483
14 491
14 493
14 496
14 498
14 500
14 502
14 503
14 504
14 505
14 506
14 507
14 509
14 510
14 512
14 513
14 515
14 516
14 517
14 518
14 519
14 528
14 531
14 532
14 536
14 539
14 540
14 544
14 545
14 546
14 548
14 550
14 551
14 553
14 558
14 559
14 562
14 564
14 566
14 568
14 571
14 572
14 573
14 575
14 579
14 580
14 583
14 585
14 588
14 590
14 591
14 593
14 594
14 595
14 599
14 603
14 605
14 609
14 611
14 612
14 615
14 618
14 621
14 623
14 624
14 628
14 629
14 632
14 636
14 637
14 639
14 646
14 647
14 648
14 649
14 653
14 656
14 663
14 665
14 666
14 667
14 668
14 673
14 674
14 675
14 677
14 678
14 681
14 686
14 687
14 690
14 693
14 694
14 696
14 699
14 703
14 704
14 705
14 706
14 707
14 708
14 709
14 712
14 713
14 714
14 715
14 720
14 723
14 726
14 727
14 728
14 729
14 731
14 732
14 735
14 738
14 739
14 745
14 747
14 748
14 749
14 751
14 754
14 757
14 758
14 759
14 761
14 764
14 766
14 768
14 769
14 770
14 771
14 772
14 773
14 774
14 775
14 776
14 777
14 779
14 783
14 784
14 786
14 787
14 788
14 800
15 401
15 402
15 404
15 408
15 410
15 411
15 412
15 413
15 415
15 416
15 419
15 421
15 422
15 423
15 425
15 428
15 430
15 433
15 434
15 437
15 438
15 440
15 441
15 446
15 448
15 449
15 450
15 451
15 452
15 453
15 455
15 458
15 460
15 467
15 468
15 470
15 471
15 472
15 473
15 475
15 476
15 478
15 479
15 480
15 484
15 488
15 490
15 492
15 493
15 494
15 497
15 498
15 499
15 500
15 501
15 502
15 503
15 508
15 510
15 511
15 512
15 513
15 514
15 518
15 519
15 522
15 523
15 524
15 525
15 528
15 530
15 534
15 535
15 537
15 540
15 542
15 543
15 544
15 545
15 546
15 547
15 548
15 550
15 553
15 554
15 555
15 559
15 560
15 561
15 570
15 572
15 576
15 579
15 582
15 584
15 586
15 587
15 588
15 589
15 590
15 594
15 596
15 599
15 600
15 601
15 603
15 604
15 605
15 606
15 608
15 609
15 611
15 613
15 614
15 617
15 621
15 623
15 624
15 625
15 626
15 627
15 629
15 630
15 634
15 640
15 643
15 644
15 647
15 648
15 650
15 651
15 653
15 654
15 657
15 658
15 660
15 661
15 662
15 663
15 666
15 667
15 669
15 671
15 674
15 676
15 684
15 687
15 692
15 694
15 697
15 698
15 701
15 702
15 703
15 710
15 713
15 715
15 716
15 717
15 721
15 723
15 724
15 726
15 728
15 730
15 731
15 734
15 735
15 736
15 738
15 739
15 741
15 743
15 749
15 751
15 752
15 753
15 754
15 755
15 756
15 759
15 761
15 762
15 765
15 766
15 767
15 773
15 774
15 775
15 776
15 779
15 784
15 790
15 792
15 793
15 795
15 797
15 799
16 401
16 404
16 407
16 410
16 411
16 415
16 416
16 418
16 420
16 421
16 422
16 429
16 432
16 433
16 436
16 437
16 439
16 440
16 442
16 445
16 447
16 448
16 449
16 450
16 452
16 454
16 455
16 457
16 459
16 460
16 461
16 463
16 470
16 471
16 472
16 473
16 474
16 476
16 478
16 481
16 486
16 489
16 494
16 497
16 499
16 500
16 503
16 505
16 508
16 510
16 511
16 512
16 514
16 515
16 517
16 519
16 521
16 522
16 523
16 528
16 532
16 533
16 534
16 536
16 537
16 538
16 543
16 546
16 547
16 551
16 552
16 553
16 555
16 559
16 560
16 564
16 565
16 568
16 569
16 570
16 571
16 574
16 575
16 579
16 584
16 585
16 586
16 587
16 592
16 593
16 595
16 596
16 598
16 599
16 601
16 602
16 605
16 607
16 608
16 610
16 619
16 620
16 630
16 634
16 636
16 640
16 641
16 642
16 643
16 645
16 646
16 648
16 650
16 655
16 657
16 659
16 660
16 662
16 664
16 668
16 671
16 672
16 674
16 675
16 676
16 677
16 678
16 680
16 681
16 682
16 683
16 687
16 689
16 690
16 691
16 692
16 694
16 696
16 697
16 698
16 701
16 702
16 706
16 709
16 711
16 714
16 715
16 716
16 718
16 720
16 722
16 725
16 730
16 734
16 735
16 740
16 741
16 745
16 746
16 747
16 750
16 751
16 752
16 754
16 755
16 764
16 765
16 766
16 767
16 772
16 775
16 776
16 778
16 785
16 788
16 790
16 791
16 792
16 794
16 796
16 799
17 401
17 402
17 405
17 409
17 411
17 415
17 419
17 423
17 424
17 426
17 427
17 429
17 430
17 431
17 432
17 433
17 434
17 436
17 437
17 438
17 439
17 440
17 442
17 443
17 445
17 447
17 450
17 451
17 457
17 458
17 460
17 461
17 465
17 468
17 469
17 472
17 474
17 475
17 476
17 481
17 485
17 490
17 491
17 493
17 499
17 505
17 506
17 507
17 509
17 511
17 513
17 519
17 520
17 522
17 524
17 526
17 530
17 535
17 538
17 540
17 541
17 544
17 545
17 547
17 548
17 550
17 552
17 554
17 556
17 559
17 562
17 565
17 566
17 567
17 568
17 574
17 577
17 580
17 582
17 587
17 588
17 589
17 590
17 592
17 595
17 598
17 599
17 601
17 602
17 603
17 604
17 605
17 606
17 607
17 612
17 613
17 614
17 618
17 619
17 623
17 624
17 626
17 627
17 628
17 629
17 630
17 631
17 635
17 640
17 641
17 644
17 647
17 649
17 652
17 654
17 655
17 657
17 658
17 661
17 662
17 665
17 671
17 674
17 675
17 676
17 677
17 679
17 680
17 682
17 684
17 685
17 687
17 688
17 692
17 694
17 695
17 696
17 701
17 707
17 709
17 711
17 712
17 716
17 717
17 719
17 720
17 722
17 723
17 728
17 729
17 733
17 734
17 735
17 737
17 739
17 743
17 744
17 745
17 748
17 749
17 751
17 752
17 754
17 755
17 756
17 757
17 762
17 768
17 771
17 773
17 774
17 779
17 781
17 782
17 786
17 788
17 790
17 792
17 793
17 794
17 795
17 797
18 401
18 402
18 403
18 405
18 406
18 407
18 408
18 410
18 415
18 416
18 417
18 418
18 421
18 422
18 423
18 424
18 427
18 428
18 432
18 433
18 436
18 441
18 448
18 449
18 450
18 454
18 457
18 458
18 459
18 463
18 466
18 467
18 469
18 470
18 473
18 476
18 481
18 483
18 486
18 488
18 489
18 490
18 494
18 495
18 497
18 498
18 499
18 504
18 506
18 508
18 509
18 510
18 511
18 514
18 515
18 516
18 517
18 518
18 519
18 520
18 521
18 524
18 526
18 529
18 535
18 536
18 537
18 540
18 541
18 542
18 543
18 547
18 548
18 550
18 551
18 553
18 554
18 556
18 557
18 562
18 563
18 567
18 570
18 571
18 572
18 576
18 577
18 579
18 581
18 582
18 583
18 589
18 590
18 593
18 596
18 598
18 601
18 602
18 604
18 605
18 607
18 608
18 609
18 610
18 613
18 614
18 615
18 616
18 618
18 619
18 621
18 624
18 626
18 628
18 630
18 634
18 635
18 636
18 637
18 640
18 643
18 644
18 646
18 648
18 649
18 651
18 654
18 655
18 661
18 662
18 664
18 666
18 668
18 672
18 673
18 675
18 678
18 679
18 685
18 687
18 688
18 690
18 691
18 694
18 695
18 696
18 697
18 699
18 700
18 703
18 705
18 707
18 708
18 711
18 712
18 715
18 716
18 719
18 721
18 722
18 723
18 724
18 726
18 728
18 729
18 730
18 731
18 736
18 739
18 743
18 744
18 746
18 751
18 753
18 754
18 755
18 756
18 757
18 759
18 762
18 764
18 767
18 769
18 771
18 774
18 778
18 780
18 781
18 783
18 784
18 785
18 791
18 792
18 794
18 796
18 797
18 798
19 401
19 402
19 403
19 408
19 409
19 413
19 414
19 415
19 417
19 418
19 419
19 420
19 421
19 424
19 426
19 430
19 431
19 434
19 436
19 439
19 442
19 444
19 445
19 453
19 454
19 455
19 458
19 461
19 468
19 470
19 471
19 472
19 474
19 475
19 476
19 477
19 480
19 481
19 485
19 487
19 489
19 490
19 491
19 492
19 497
19 499
19 500
19 501
19 502
19 503
19 504
19 505
19 507
19 509
19 511
19 512
19 513
19 515
19 516
19 522
19 523
19 526
19 527
19 529
19 530
19 533
19 535
19 536
19 537
19 538
19 539
19 540
19 541
19 544
19 546
19 552
19 553
19 554
19 556
19 558
19 561
19 562
19 564
19 565
19 566
19 568
19 577
19 578
19 580
19 583
19 584
19 585
19 590
19 593
19 596
19 597
19 598
19 601
19 602
19 603
19 604
19 605
19 608
19 609
19 614
19 615
19 618
19 621
19 623
19 625
19 627
19 628
19 629
19 630
19 631
19 632
19 633
19 635
19 640
19 647
19 648
19 651
19 652
19 653
19 654
19 655
19 656
19 659
19 660
19 662
19 664
19 665
19 668
19 669
19 671
19 672
19 673
19 674
19 676
19 677
19 684
19 685
19 687
19 688
19 690
19 691
19 695
19 703
19 705
19 707
19 708
19 711
19 712
19 713
19 718
19 720
19 721
19 725
19 726
19 728
19 731
19 737
19 738
19 739
19 740
19 741
19 742
19 745
19 750
19 751
19 753
19 756
19 758
19 760
19 761
19 762
19 763
19 767
19 768
19 769
19 771
19 772
19 774
19 775
19 776
19 779
19 780
19 782
19 784
19 785
19 786
19 787
19 788
19 789
19 792
19 794
19 797
19 799
19 800
20 402
20 403
20 408
20 410
20 411
20 415
20 416
20 417
20 420
20 421
20 422
20 423
20 424
20 433
20 438
20 440
20 441
20 442
20 447
20 448
20 452
20 453
20 454
20 455
20 456
20 459
20 460
20 462
20 464
20 465
20 469
20 470
20 471
20 472
20 476
20 478
20 479
20 480
20 481
20 485
20 486
20 488
20 489
20 490
20 491
20 492
20 493
20 494
20 495
20 496
20 497
20 501
20 502
20 504
20 506
20 507
20 508
20 516
20 518
20 521
20 523
20 526
20 530
20 532
20 535
20 538
20 539
20 540
20 542
20 548
20 550
20 552
20 553
20 554
20 555
20 557
20 558
20 563
20 566
20 567
20 568
20 569
20 570
20 571
20 573
20 575
20 576
20 578
20 581
20 582
20 584
20 587
20 588
20 589
20 590
20 591
20 592
20 593
20 594
20 595
20 596
20 598
20 600
20 601
20 602
20 604
20 605
20 606
20 607
20 608
20 610
20 611
20 612
20 613
20 614
20 616
20 618
20 620
20 625
20 627
20 628
20 629
20 630
20 632
20 635
20 637
20 640
20 643
20 645
20 649
20 652
20 654
20 657
20 658
20 659
20 662
20 666
20 667
20 668
20 670
20 672
20 676
20 678
20 680
20 683
20 684
20 685
20 686
20 688
20 689
20 690
20 691
20 699
20 701
20 703
20 708
20 709
20 710
20 712
20 715
20 716
20 718
20 719
20 720
20 721
20 722
20 723
20 724
20 725
20 726
20 729
20 732
20 734
20 735
20 736
20 738
20 739
20 740
20 742
20 744
20 745
20 746
20 747
20 748
20 749
20 751
20 752
20 753
20 754
20 755
20 756
20 757
20 759
20 760
20 761
20 763
20 765
20 767
20 769
20 771
20 774
20 778
20 779
20 780
20 781
20 782
20 784
20 786
20 787
20 788
20 791
20 792
20 795
20 796
20 797
20 798
21 402
21 405
21 406
21 407
21 411
21 412
21 413
21 418
21 420
21 422
21 428
21 429
21 431
21 436
21 437
21 439
21 441
21 442
21 443
21 444
21 445
21 449
21 450
21 452
21 453
21 455
21 456
21 458
21 459
21 462
21 465
21 469
21 470
21 471
21 477
21 478
21 479
21 480
21 482
21 483
21 484
21 485
21 486
21 487
21 488
21 492
21 493
21 494
21 495
21 496
21 497
21 498
21 500
21 502
21 504
21 506
21 507
21 510
21 511
21 512
21 513
21 515
21 517
21 518
21 520
21 523
21 524
21 525
21 528
21 533
21 534
21 535
21 536
21 537
21 538
21 540
21 541
21 542
21 544
21 547
21 548
21 550
21 555
21 557
21 560
21 562
21 563
21 566
21 567
21 568
21 569
21 571
21 575
21 577
21 579
21 582
21 583
21 586
21 587
21 589
21 590
21 592
21 593
21 596
21 598
21 599
21 603
21 605
21 606
21 607
21 609
21 610
21 612
21 613
21 614
21 615
21 616
21 617
21 618
21 619
21 621
21 625
21 627
21 628
21 630
21 633
21 634
21 635
21 636
21 642
21 643
21 645
21 647
21 650
21 652
21 656
21 657
21 658
21 660
21 662
21 663
21 664
21 668
21 669
21 672
21 674
21 677
21 682
21 683
21 684
21 685
21 686
21 687
21 691
21 692
21 693
21 694
21 696
21 697
21 699
21 701
21 704
21 705
21 710
21 711
21 712
21 713
21 715
21 716
21 717
21 721
21 722
21 723
21 724
21 725
21 726
21 727
21 728
21 730
21 736
21 737
21 738
21 739
21 742
21 744
21 746
21 749
21 751
21 753
21 754
21 755
21 756
21 758
21 759
21 761
21 764
21 768
21 769
21 770
21 771
21 772
21 773
21 775
21 777
21 778
21 780
21 782
21 784
21 786
21 788
21 794
21 795
21 796
21 797
21 798
22 403
22 404
22 409
22 411
22 412
22 413
22 414
22 415
22 416
22 417
22 418
22 419
22 420
22 423
22 426
22 428
22 430
22 432
22 434
22 435
22 436
22 437
22 438
22 439
22 442
22 443
22 448
22 449
22 450
22 451
22 454
22 457
22 459
22 464
22 465
22 466
22 469
22 470
22 471
22 476
22 477
22 479
22 480
22 482
22 483
22 487
22 488
22 492
22 493
22 495
22 498
22 499
22 500
22 502
22 504
22 505
22 509
22 511
22 512
22 515
22 516
22 517
22 519
22 520
22 521
22 522
22 525
22 526
22 528
22 530
22 531
22 533
22 534
22 541
22 544
22 546
22 547
22 549
22 555
22 556
22 558
22 562
22 563
22 570
22 571
22 572
22 573
22 574
22 578
22 582
22 583
22 584
22 585
22 590
22 594
22 595
22 601
22 604
22 607
22 609
22 613
22 618
22 619
22 622
22 623
22 625
22 626
22 627
22 630
22 631
22 632
22 636
22 640
22 641
22 644
22 645
22 647
22 648
22 649
22 650
22 651
22 653
22 656
22 657
22 658
22 659
22 663
22 666
22 667
22 668
22 669
22 677
22 678
22 680
22 684
22 686
22 687
22 688
22 689
22 691
22 694
22 699
22 701
22 706
22 707
22 708
22 709
22 714
22 717
22 723
22 724
22 726
22 727
22 728
22 732
22 733
22 735
22 736
22 738
22 739
22 744
22 745
22 748
22 749
22 750
22 751
22 752
22 754
22 755
22 756
22 757
22 760
22 762
22 768
22 770
22 773
22 774
22 777
22 779
22 781
22 782
22 783
22 787
22 789
22 790
22 794
22 797
22 800
23 401
23 403
23 406
23 407
23 408
23 409
23 410
23 411
23 414
23 416
23 417
23 421
23 425
23 426
23 428
23 430
23 432
23 434
23 435
23 437
23 440
23 441
23 445
23 447
23 448
23 449
23 450
23 455
23 456
23 457
23 458
23 460
23 461
23 462
23 464
23 465
23 467
23 468
23 470
23 471
23 472
23 473
23 474
23 475
23 477
23 484
23 486
23 487
23 492
23 498
23 499
23 500
23 502
23 503
23 504
23 507
23 508
23 509
23 511
23 513
23 515
23 517
23 525
23 526
23 527
23 528
23 529
23 532
23 534
23 538
23 539
23 541
23 543
23 544
23 545
23 547
23 548
23 549
23 550
23 554
23 556
23 557
23 566
23 567
23 569
23 571
23 574
23 575
23 576
23 579
23 585
23 586
23 590
23 592
23 593
23 594
23 595
23 596
23 600
23 603
23 604
23 605
23 608
23 610
23 611
23 612
23 615
23 616
23 617
23 618
23 620
23 622
23 624
23 627
23 628
23 631
23 632
23 635
23 637
23 639
23 641
23 643
23 644
23 645
23 646
23 648
23 649
23 653
23 658
23 661
23 662
23 663
23 664
23 666
23 667
23 668
23 669
23 670
23 673
23 676
23 678
23 679
23 680
23 688
23 692
23 695
23 696
23 699
23 700
23 702
23 703
23 704
23 706
23 708
23 709
23 712
23 713
23 714
23 716
23 717
23 719
23 720
23 726
23 727
23 728
23 730
23 734
23 735
23 736
23 738
23 740
23 741
23 742
23 747
23 749
23 750
23 751
23 753
23 754
23 755
23 756
23 761
23 769
23 770
23 771
23 772
23 773
23 776
23 777
23 778
23 779
23 780
23 781
23 782
23 783
23 784
23 785
23 786
23 788
23 789
23 792
23 793
23 795
23 798
23 799
24 402
24 404
24 405
24 408
24 409
24 412
24 413
24 414
24 415
24 417
24 418
24 422
24 424
24 426
24 427
24 428
24 429
24 432
24 433
24 434
24 436
24 439
24 441
24 442
24 443
24 449
24 450
24 451
24 452
24 454
24 456
24 457
24 458
24 459
24 460
24 461
24 462
24 466
24 470
24 471
24 474
24 480
24 482
24 483
24 484
24 485
24 487
24 488
24 489
24 491
24 492
24 494
24 495
24 496
24 497
24 498
24 500
24 503
24 506
24 507
24 512
24 516
24 518
24 520
24 521
24 523
24 525
24 527
24 529
24 535
24 536
24 538
24 541
24 544
24 545
24 546
24 547
24 550
24 551
24 554
24 555
24 556
24 558
24 560
24 561
24 563
24 564
24 566
24 568
24 570
24 573
24 577
24 582
24 585
24 586
24 587
24 589
24 590
24 592
24 594
24 595
24 596
24 598
24 599
24 600
24 602
24 605
24 607
24 609
24 610
24 612
24 614
24 615
24 619
24 620
24 625
24 626
24 630
24 631
24 632
24 633
24 635
24 636
24 637
24 638
24 640
24 641
24 642
24 647
24 648
24 650
24 651
24 652
24 653
24 654
24 655
24 656
24 657
24 659
24 662
24 663
24 666
24 668
24 669
24 672
24 673
24 675
24 677
24 678
24 679
24 681
24 686
24 690
24 691
24 692
24 694
24 695
24 696
24 699
24 703
24 706
24 708
24 710
24 713
24 714
24 715
24 717
24 719
24 722
24 724
24 725
24 726
24 733
24 734
24 737
24 739
24 743
24 745
24 747
24 748
24 750
24 754
24 755
24 756
24 761
24 762
24 764
24 765
24 768
24 771
24 772
24 775
24 776
24 777
24 780
24 781
24 782
24 783
24 784
24 788
24 789
24 791
24 792
24 794
24 796
24 797
24 798
24 799
24 800
25 402
25 403
25 405
25 406
25 407
25 408
25 409
25 412
25 416
25 417
25 418
25 420
25 421
25 423
25 424
25 426
25 431
25 433
25 435
25 436
25 437
25 439
25 442
25 445
25 448
25 450
25 452
25 454
25 455
25 457
25 466
25 473
25 475
25 476
25 479
25 480
25 482
25 486
25 488
25 489
25 491
25 493
25 495
25 497
25 499
25 500
25 503
25 504
25 505
25 507
25 508
25 511
25 514
25 518
25 519
25 520
25 523
25 527
25 528
25 529
25 531
25 533
25 535
25 537
25 538
25 540
25 541
25 542
25 543
25 545
25 546
25 548
25 549
25 551
25 553
25 556
25 558
25 560
25 562
25 563
25 564
25 565
25 566
25 567
25 568
25 569
25 574
25 575
25 576
25 577
25 578
25 579
25 580
25 581
25 582
25 586
25 587
25 588
25 589
25 593
25 598
25 599
25 600
25 601
25 602
25 603
25 604
25 607
25 608
25 611
25 612
25 613
25 614
25 615
25 616
25 618
25 619
25 621
25 623
25 624
25 625
25 627
25 629
25 631
25 632
25 634
25 635
25 636
25 637
25 639
25 641
25 642
25 643
25 644
25 646
25 650
25 654
25 655
25 656
25 657
25 659
25 661
25 663
25 665
25 666
25 668
25 669
25 672
25 674
25 675
25 676
25 677
25 678
25 679
25 681
25 682
25 685
25 687
25 688
25 692
25 694
25 696
25 697
25 701
25 704
25 705
25 707
25 710
25 713
25 715
25 718
25 720
25 721
25 723
25 724
25 727
25 730
25 731
25 732
25 733
25 734
25 735
25 736
25 737
25 741
25 742
25 748
25 749
25 751
25 753
25 757
25 758
25 759
25 760
25 761
25 763
25 765
25 766
25 767
25 768
25 769
25 772
25 773
25 777
25 778
25 782
25 783
25 784
25 785
25 786
25 788
25 791
25 794
25 795
25 799
25 800
26 401
26 402
26 403
26 404
26 408
26 409
26 410
26 412
26 417
26 420
26 422
26 423
26 427
26 429
26 430
26 431
26 434
26 436
26 438
26 440
26 441
26 443
26 444
26 445
26 446
26 449
26 451
26 456
26 461
26 462
26 463
26 464
26 466
26 473
26 474
26 475
26 478
26 480
26 481
26 484
26 487
26 490
26 491
26 492
26 494
26 496
26 497
26 498
26 503
26 504
26 507
26 508
26 509
26 510
26 511
26 512
26 513
26 514
26 516
26 518
26 519
26 520
26 521
26 523
26 525
26 526
26 527
26 529
26 530
26 531
26 532
26 534
26 535
26 536
26 538
26 539
26 542
26 544
26 547
26 549
26 550
26 551
26 552
26 553
26 554
26 556
26 558
26 559
26 560
26 561
26 565
26 566
26 569
26 570
26 571
26 573
26 574
26 575
26 577
26 581
26 583
26 586
26 587
26 588
26 590
26 592
26 594
26 595
26 596
26 599
26 600
26 601
26 602
26 607
26 609
26 610
26 611
26 613
26 614
26 617
26 618
26 621
26 622
26 625
26 627
26 631
26 632
26 633
26 634
26 635
26 636
26 639
26 640
26 641
26 642
26 645
26 646
26 647
26 649
26 653
26 654
26 659
26 660
26 662
26 664
26 665
26 667
26 668
26 670
26 671
26 673
26 675
26 676
26 680
26 682
26 683
26 685
26 686
26 687
26 688
26 689
26 693
26 695
26 696
26 698
26 705
26 707
26 708
26 710
26 711
26 712
26 713
26 714
26 722
26 724
26 726
26 727
26 728
26 729
26 730
26 731
26 732
26 733
26 737
26 741
26 743
26 745
26 749
26 752
26 753
26 754
26 755
26 756
26 757
26 758
26 759
26 760
26 761
26 763
26 766
26 769
26 770
26 771
26 772
26 777
26 779
26 781
26 783
26 784
26 786
26 790
26 793
26 794
26 796
26 797
26 799
27 401
27 402
27 403
27 404
27 411
27 412
27 417
27 419
27 422
27 423
27 428
27 430
27 431
27 432
27 435
27 438
27 439
27 441
27 442
27 443
27 445
27 446
27 447
27 449
27 450
27 452
27 455
27 456
27 460
27 462
27 463
27 465
27 466
27 468
27 469
27 470
27 473
27 474
27 477
27 478
27 479
27 481
27 482
27 483
27 485
27 486
27 489
27 492
27 493
27 496
27 497
27 498
27 504
27 508
27 509
27 511
27 514
27 515
27 518
27 520
27 521
27 522
27 523
27 525
27 527
27 530
27 532
27 537
27 538
27 539
27 540
27 541
27 545
27 546
27 551
27 558
27 559
27 560
27 562
27 565
27 566
27 567
27 570
27 576
27 577
27 578
27 579
27 580
27 582
27 584
27 585
27 587
27 588
27 589
27 590
27 592
27 595
27 597
27 600
27 604
27 605
27 607
27 608
27 609
27 610
27 611
27 613
27 615
27 616
27 618
27 624
27 627
27 629
27 634
27 635
27 636
27 637
27 638
27 639
27 640
27 642
27 645
27 646
27 647
27 649
27 652
27 653
27 654
27 655
27 660
27 662
27 663
27 664
27 665
27 667
27 668
27 670
27 671
27 672
27 673
27 676
27 677
27 678
27 680
27 681
27 682
27 683
27 685
27 686
27 688
27 690
27 697
27 698
27 701
27 702
27 707
27 708
27 709
27 710
27 715
27 716
27 717
27 720
27 725
27 726
27 728
27 730
27 732
27 735
27 739
27 741
27 742
27 744
27 745
27 746
27 747
27 750
27 755
27 756
27 758
27 759
27 760
27 763
27 764
27 768
27 769
27 771
27 772
27 774
27 775
27 776
27 779
27 780
27 789
27 790
27 791
27 792
27 793
27 794
27 796
27 797
27 798
27 799
27 800
28 402
28 403
28 406
28 414
28 415
28 416
28 417
28 420
28 421
28 423
28 424
28 425
28 426
28 428
28 429
28 432
28 434
28 436
28 437
28 438
28 442
28 443
28 444
28 445
28 446
28 449
28 450
28 453
28 454
28 455
28 457
28 465
28 467
28 469
28 471
28 473
28 474
28 475
28 476
28 477
28 483
28 485
28 486
28 487
28 488
28 491
28 493
28 494
28 496
28 497
28 503
28 505
28 506
28 507
28 509
28 511
28 513
28 515
28 517
28 520
28 521
28 522
28 523
28 525
28 527
28 528
28 530
28 532
28 539
28 542
28 544
28 546
28 548
28 550
28 553
28 554
28 555
28 557
28 559
28 561
28 562
28 565
28 567
28 568
28 569
28 571
28 574
28 576
28 577
28 582
28 584
28 586
28 588
28 589
28 590
28 591
28 593
28 596
28 598
28 599
28 600
28 606
28 607
28 609
28 611
28 612
28 614
28 616
28 617
28 618
28 621
28 622
28 626
28 627
28 629
28 633
28 634
28 635
28 636
28 640
28 641
28 643
28 644
28 645
28 646
28 650
28 654
28 662
28 666
28 667
28 668
28 671
28 673
28 677
28 680
28 681
28 682
28 684
28 685
28 686
28 687
28 689
28 690
28 691
28 693
28 696
28 701
28 703
28 705
28 709
28 710
28 712
28 714
28 717
28 718
28 722
28 723
28 725
28 726
28 728
28 732
28 736
28 740
28 741
28 742
28 748
28 752
28 756
28 757
28 758
28 761
28 762
28 763
28 764
28 766
28 767
28 768
28 770
28 774
28 776
28 777
28 778
28 779
28 780
28 781
28 782
28 784
28 787
28 791
28 793
28 794
28 797
28 799
28 800
29 405
29 406
29 407
29 410
29 411
29 413
29 414
29 416
29 419
29 423
29 424
29 426
29 430
29 431
29 434
29 437
29 439
29 441
29 444
29 446
29 447
29 449
29 450
29 452
29 455
29 456
29 463
29 465
29 468
29 470
29 471
29 474
29 476
29 478
29 480
29 484
29 487
29 495
29 497
29 499
29 502
29 503
29 505
29 507
29 511
29 512
29 518
29 519
29 521
29 526
29 531
29 532
29 534
29 537
29 539
29 540
29 541
29 542
29 544
29 545
29 546
29 547
29 548
29 549
29 551
29 553
29 554
29 555
29 557
29 558
29 560
29 561
29 563
29 564
29 565
29 566
29 567
29 569
29 570
29 572
29 573
29 574
29 575
29 576
29 577
29 580
29 581
29 582
29 586
29 587
29 588
29 591
29 592
29 594
29 595
29 598
29 602
29 603
29 604
29 605
29 608
29 610
29 612
29 614
29 617
29 619
29 620
29 622
29 623
29 625
29 626
29 631
29 632
29 633
29 634
29 642
29 643
29 644
29 645
29 646
29 649
29 651
29 652
29 653
29 656
29 657
29 658
29 659
29 664
29 666
29 669
29 670
29 671
29 672
29 674
29 675
29 676
29 678
29 679
29 680
29 681
29 682
29 683
29 684
29 685
29 686
29 687
29 688
29 692
29 693
29 694
29 698
29 700
29 709
29 710
29 713
29 715
29 717
29 721
29 722
29 723
29 724
29 727
29 728
29 731
29 733
29 735
29 736
29 737
29 738
29 739
29 740
29 744
29 746
29 747
29 748
29 749
29 750
29 752
29 754
29 757
29 758
29 759
29 761
29 762
29 764
29 765
29 766
29 767
29 768
29 769
29 771
29 772
29 775
29 778
29 779
29 783
29 785
29 788
29 789
29 790
29 791
29 799
29 800
30 404
30 405
30 408
30 410
30 411
30 418
30 419
30 420
30 423
30 425
30 426
30 428
30 430
30 432
30 433
30 434
30 437
30 439
30 440
30 444
30 445
30 446
30 448
30 450
30 451
30 452
30 454
30 455
30 461
30 464
30 466
30 467
30 468
30 470
30 475
30 476
30 479
30 484
30 488
30 489
30 492
30 493
30 495
30 496
30 497
30 499
30 501
30 502
30 503
30 504
30 507
30 508
30 511
30 513
30 520
30 521
30 522
30 526
30 528
30 529
30 533
30 536
30 537
30 538
30 541
30 542
30 543
30 547
30 549
30 557
30 558
30 559
30 564
30 567
30 570
30 571
30 573
30 579
30 581
30 584
30 585
30 586
30 588
30 593
30 595
30 597
30 598
30 601
30 603
30 606
30 607
30 608
30 611
30 614
30 615
30 617
30 626
30 628
30 632
30 633
30 635
30 636
30 637
30 638
30 639
30 641
30 642
30 646
30 647
30 649
30 650
30 651
30 657
30 658
30 662
30 665
30 666
30 667
30 668
30 669
30 670
30 672
30 673
30 675
30 676
30 678
30 681
30 682
30 683
30 685
30 686
30 687
30 688
30 692
30 695
30 696
30 697
30 698
30 699
30 703
30 705
30 706
30 708
30 709
30 711
30 712
30 713
30 715
30 716
30 717
30 718
30 719
30 720
30 722
30 723
30 724
30 726
30 727
30 728
30 733
30 734
30 735
30 737
30 740
30 742
30 744
30 745
30 746
30 748
30 749
30 750
30 751
30 752
30 753
30 758
30 760
30 761
30 764
30 766
30 768
30 769
30 770
30 771
30 772
30 773
30 774
30 775
30 776
30 783
30 784
30 785
30 787
30 788
30 789
30 790
30 791
30 793
30 794
30 795
30 798
31 403
31 406
31 407
31 409
31 410
31 411
31 412
31 418
31 420
31 421
31 425
31 426
31 427
31 428
31 429
31 430
31 432
31 433
31 434
31 435
31 436
31 437
31 438
31 439
31 440
31 442
31 443
31 446
31 448
31 450
31 451
31 456
31 457
31 459
31 460
31 461
31 462
31 465
31 467
31 471
31 473
31 476
31 480
31 481
31 483
31 484
31 485
31 492
31 494
31 495
31 496
31 500
31 503
31 504
31 505
31 507
31 508
31 510
31 511
31 512
31 514
31 515
31 517
31 519
31 520
31 522
31 523
31 525
31 527
31 529
31 530
31 532
31 533
31 534
31 535
31 536
31 538
31 543
31 544
31 545
31 546
31 549
31 550
31 553
31 554
31 555
31 557
31 561
31 565
31 567
31 568
31 569
31 571
31 573
31 574
31 575
31 576
31 578
31 582
31 583
31 587
31 589
31 591
31 592
31 593
31 594
31 595
31 596
31 597
31 598
31 600
31 601
31 602
31 603
31 605
31 607
31 608
31 609
31 610
31 613
31 614
31 615
31 616
31 617
31 619
31 621
31 622
31 624
31 627
31 628
31 629
31 631
31 633
31 635
31 638
31 641
31 646
31 648
31 649
31 652
31 653
31 655
31 656
31 662
31 663
31 665
31 667
31 668
31 669
31 670
31 672
31 673
31 675
31 676
31 679
31 681
31 682
31 687
31 692
31 694
31 695
31 698
31 701
31 702
31 703
31 704
31 705
31 706
31 707
31 710
31 712
31 715
31 716
31 719
31 720
31 721
31 722
31 727
31 728
31 729
31 731
31 734
31 735
31 738
31 741
31 746
31 747
31 749
31 752
31 753
31 757
31 758
31 759
31 760
31 761
31 762
31 767
31 768
31 772
31 775
31 779
31 780
31 781
31 788
31 790
31 791
31 793
31 796
32 402
32 409
32 410
32 411
32 413
32 414
32 415
32 417
32 419
32 420
32 422
32 423
32 425
32 426
32 430
32 433
32 434
32 439
32 440
32 444
32 446
32 447
32 449
32 451
32 453
32 455
32 458
32 460
32 471
32 472
32 473
32 475
32 477
32 478
32 479
32 480
32 481
32 482
32 486
32 489
32 490
32 494
32 495
32 496
32 497
32 498
32 499
32 500
32 504
32 505
32 506
32 509
32 510
32 511
32 514
32 516
32 519
32 524
32 526
32 528
32 531
32 532
32 533
32 535
32 537
32 539
32 540
32 541
32 542
32 544
32 545
32 549
32 552
32 556
32 558
32 566
32 568
32 571
32 573
32 575
32 576
32 577
32 579
32 581
32 584
32 586
32 587
32 588
32 593
32 596
32 597
32 599
32 600
32 601
32 602
32 604
32 605
32 607
32 608
32 610
32 612
32 613
32 614
32 619
32 625
32 626
32 627
32 630
32 634
32 636
32 637
32 638
32 639
32 640
32 642
32 643
32 647
32 648
32 649
32 651
32 653
32 656
32 661
32 664
32 667
32 670
32 672
32 673
32 674
32 675
32 677
32 678
32 684
32 686
32 688
32 690
32 691
32 693
32 695
32 696
32 700
32 702
32 705
32 706
32 707
32 710
32 712
32 713
32 714
32 718
32 719
32 721
32 726
32 727
32 729
32 731
32 733
32 742
32 743
32 744
32 745
32 747
32 748
32 752
32 753
32 754
32 755
32 756
32 757
32 758
32 759
32 760
32 761
32 765
32 766
32 768
32 769
32 770
32 772
32 774
32 776
32 777
32 782
32 783
32 786
32 787
32 788
32 789
32 791
32 793
32 796
33 401
33 404
33 406
33 409
33 411
33 413
33 414
33 415
33 416
33 420
33 421
33 422
33 423
33 424
33 430
33 433
33 434
33 435
33 437
33 438
33 441
33 442
33 444
33 445
33 447
33 449
33 450
33 453
33 454
33 457
33 462
33 463
33 465
33 466
33 468
33 478
33 480
33 481
33 482
33 491
33 493
33 494
33 496
33 497
33 500
33 502
33 504
33 505
33 507
33 508
33 512
33 513
33 514
33 515
33 516
33 517
33 519
33 521
33 524
33 525
33 528
33 531
33 535
33 537
33 538
33 541
33 542
33 544
33 549
33 552
33 553
33 554
33 556
33 559
33 561
33 562
33 565
33 567
33 569
33 576
33 577
33 578
33 580
33 582
33 585
33 588
33 589
33 591
33 592
33 593
33 595
33 596
33 597
33 598
33 599
33 602
33 603
33 604
33 608
33 609
33 611
33 612
33 613
33 614
33 615
33 616
33 617
33 618
33 619
33 628
33 630
33 631
33 632
33 633
33 634
33 638
33 642
33 643
33 646
33 648
33 650
33 652
33 654
33 660
33 665
33 666
33 667
33 669
33 670
33 672
33 673
33 676
33 677
33 678
33 679
33 681
33 683
33 684
33 685
33 687
33 689
33 690
33 692
33 693
33 696
33 700
33 702
33 703
33 704
33 705
33 707
33 709
33 710
33 711
33 713
33 714
33 715
33 717
33 719
33 720
33 722
33 725
33 727
33 728
33 730
33 737
33 738
33 739
33 743
33 744
33 748
33 752
33 753
33 754
33 761
33 762
33 763
33 764
33 765
33 766
33 771
33 772
33 773
33 777
33 781
33 783
33 784
33 787
33 788
33 789
33 790
33 791
33 796
33 797
33 798
33 799
34 402
34 408
34 409
34 411
34 412
34 422
34 426
34 427
34 432
34 433
34 434
34 436
34 438
34 439
34 441
34 444
34 445
34 446
34 447
34 448
34 453
34 455
34 456
34 457
34 459
34 460
34 464
34 473
34 474
34 475
34 476
34 480
34 481
34 483
34 485
34 490
34 496
34 498
34 502
34 508
34 509
34 515
34 516
34 520
34 524
34 525
34 526
34 527
34 530
34 531
34 532
34 533
34 534
34 536
34 539
34 541
34 542
34 544
34 545
34 547
34 548
34 552
34 553
34 554
34 556
34 559
34 561
34 562
34 566
34 572
34 575
34 576
34 580
34 583
34 585
34 586
34 587
34 588
34 589
34 591
34 592
34 593
34 595
34 597
34 598
34 600
34 605
34 606
34 607
34 609
34 610
34 612
34 613
34 614
34 615
34 616
34 625
34 629
34 632
34 633
34 634
34 641
34 642
34 643
34 644
34 645
34 646
34 649
34 650
34 653
34 654
34 658
34 660
34 661
34 662
34 663
34 664
34 665
34 666
34 670
34 671
34 672
34 675
34 676
34 677
34 678
34 679
34 680
34 681
34 682
34 683
34 684
34 687
34 690
34 691
34 692
34 694
34 696
34 698
34 701
34 702
34 703
34 704
34 705
34 707
34 708
34 709
34 710
34 714
34 716
34 720
34 721
34 722
34 723
34 725
34 726
34 728
34 729
34 733
34 734
34 735
34 738
34 741
34 742
34 743
34 746
34 748
34 750
34 752
34 754
34 755
34 756
34 757
34 759
34 763
34 764
34 766
34 767
34 768
34 769
34 770
34 772
34 773
34 775
34 777
34 778
34 780
34 782
34 784
34 785
34 786
34 788
34 792
34 793
34 795
34 796
34 800
35 401
35 403
35 404
35 405
35 407
35 410
35 411
35 412
35 415
35 416
35 418
35 420
35 422
35 424
35 429
35 430
35 432
35 435
35 436
35 438
35 439
35 443
35 444
35 448
35 450
35 454
35 455
35 456
35 458
35 461
35 465
35 467
35 470
35 471
35 474
35 475
35 476
35 477
35 480
35 483
35 484
35 486
35 487
35 488
35 490
35 496
35 497
35 498
35 499
35 501
35 504
35 507
35 508
35 510
35 513
35 525
35 526
35 528
35 531
35 533
35 534
35 536
35 537
35 538
35 539
35 541
35 542
35 543
35 546
35 547
35 549
35 551
35 555
35 559
35 561
35 562
35 564
35 566
35 567
35 568
35 570
35 571
35 575
35 577
35 579
35 582
35 583
35 584
35 585
35 587
35 589
35 591
35 592
35 593
35 595
35 596
35 597
35 599
35 602
35 606
35 608
35 609
35 610
35 612
35 613
35 619
35 620
35 622
35 623
35 626
35 627
35 631
35 635
35 638
35 640
35 641
35 643
35 644
35 647
35 651
35 654
35 655
35 656
35 657
35 658
35 659
35 662
35 663
35 664
35 665
35 666
35 668
35 669
35 671
35 677
35 678
35 680
35 682
35 684
35 686
35 689
35 691
35 694
35 695
35 696
35 697
35 700
35 701
35 703
35 704
35 705
35 708
35 712
35 716
35 718
35 719
35 720
35 721
35 723
35 724
35 729
35 730
35 732
35 735
35 741
35 743
35 744
35 745
35 750
35 751
35 752
35 754
35 758
35 761
35 763
35 764
35 766
35 767
35 768
35 770
35 772
35 774
35 775
35 776
35 779
35 781
35 782
35 783
35 784
35 785
35 788
35 793
35 795
35 796
35 797
36 404
36 408
36 410
36 411
36 412
36 414
36 415
36 416
36 418
36 420
36 421
36 422
36 423
36 425
36 426
36 429
36 431
36 432
36 433
36 434
36 436
36 437
36 439
36 440
36 441
36 442
36 445
36 446
36 448
36 449
36 450
36 451
36 452
36 453
36 454
36 455
36 458
36 461
36 463
36 465
36 467
36 469
36 470
36 472
36 473
36 476
36 477
36 479
36 484
36 486
36 488
36 489
36 490
36 491
36 492
36 495
36 496
36 498
36 501
36 503
36 505
36 509
36 510
36 512
36 513
36 516
36 518
36 519
36 520
36 521
36 522
36 524
36 533
36 536
36 537
36 541
36 542
36 543
36 544
36 548
36 549
36 550
36 551
36 555
36 558
36 559
36 560
36 564
36 565
36 567
36 570
36 572
36 576
36 577
36 578
36 579
36 581
36 584
36 585
36 586
36 587
36 588
36 589
36 591
36 593
36 596
36 598
36 603
36 608
36 609
36 612
36 614
36 615
36 616
36 617
36 618
36 620
36 622
36 623
36 624
36 626
36 627
36 629
36 630
36 631
36 633
36 634
36 635
36 636
36 637
36 638
36 642
36 644
36 645
36 646
36 648
36 649
36 651
36 655
36 656
36 658
36 659
36 660
36 661
36 665
36 666
36 669
36 671
36 672
36 673
36 674
36 676
36 681
36 682
36 683
36 684
36 685
36 688
36 693
36 695
36 697
36 698
36 699
36 702
36 706
36 708
36 711
36 712
36 715
36 716
36 717
36 718
36 724
36 726
36 729
36 730
36 733
36 735
36 736
36 737
36 738
36 740
36 741
36 743
36 745
36 746
36 747
36 748
36 752
36 754
36 757
36 758
36 762
36 763
36 764
36 765
36 766
36 767
36 769
36 770
36 772
36 779
36 781
36 782
36 783
36 785
36 790
36 792
36 793
36 796
36 797
37 401
37 405
37 406
37 409
37 413
37 414
37 415
37 418
37 419
37 420
37 424
37 425
37 426
37 427
37 429
37 431
37 432
37 433
37 434
37 435
37 437
37 439
37 441
37 443
37 444
37 445
37 449
37 451
37 453
37 456
37 464
37 465
37 466
37 468
37 470
37 473
37 478
37 479
37 481
37 482
37 485
37 489
37 490
37 492
37 497
37 498
37 500
37 501
37 502
37 503
37 504
37 505
37 506
37 508
37 509
37 510
37 512
37 513
37 515
37 516
37 522
37 524
37 526
37 528
37 529
37 530
37 532
37 533
37 536
37 537
37 540
37 545
37 549
37 551
37 553
37 556
37 557
37 559
37 561
37 562
37 566
37 567
37 568
37 569
37 570
37 571
37 572
37 574
37 575
37 576
37 577
37 579
37 580
37 584
37 586
37 587
37 589
37 590
37 592
37 594
37 595
37 597
37 599
37 600
37 601
37 602
37 606
37 608
37 613
37 614
37 615
37 617
37 618
37 622
37 623
37 625
37 626
37 631
37 632
37 633
37 636
37 637
37 638
37 641
37 644
37 646
37 649
37 653
37 657
37 659
37 662
37 663
37 669
37 671
37 672
37 676
37 678
37 681
37 682
37 683
37 684
37 686
37 688
37 691
37 692
37 697
37 699
37 701
37 703
37 707
37 709
37 713
37 717
37 720
37 722
37 723
37 728
37 729
37 731
37 734
37 735
37 737
37 739
37 740
37 743
37 747
37 748
37 749
37 754
37 756
37 757
37 759
37 761
37 762
37 764
37 766
37 768
37 769
37 772
37 773
37 774
37 775
37 780
37 781
37 785
37 789
37 790
37 793
37 799
38 401
38 402
38 404
38 406
38 407
38 408
38 409
38 412
38 414
38 416
38 418
38 420
38 421
38 423
38 425
38 427
38 428
38 429
38 436
38 446
38 447
38 451
38 453
38 455
38 456
38 457
38 458
38 459
38 462
38 466
38 467
38 470
38 471
38 472
38 476
38 480
38 482
38 483
38 484
38 485
38 487
38 488
38 494
38 495
38 496
38 499
38 500
38 501
38 504
38 506
38 507
38 508
38 512
38 513
38 517
38 518
38 519
38 525
38 526
38 527
38 530
38 531
38 532
38 533
38 535
38 537
38 540
38 541
38 542
38 543
38 545
38 546
38 548
38 551
38 552
38 553
38 555
38 557
38 559
38 560
38 561
38 565
38 566
38 567
38 570
38 572
38 573
38 576
38 578
38 579
38 580
38 581
38 584
38 586
38 590
38 591
38 592
38 593
38 595
38 597
38 601
38 602
38 606
38 607
38 609
38 611
38 612
38 616
38 617
38 619
38 620
38 622
38 623
38 624
38 627
38 629
38 632
38 633
38 634
38 635
38 636
38 637
38 638
38 639
38 640
38 642
38 643
38 646
38 647
38 648
38 649
38 653
38 656
38 658
38 659
38 660
38 664
38 665
38 666
38 667
38 669
38 671
38 672
38 673
38 674
38 675
38 676
38 679
38 680
38 681
38 683
38 686
38 687
38 688
38 691
38 693
38 695
38 696
38 702
38 703
38 704
38 710
38 711
38 713
38 716
38 717
38 718
38 719
38 720
38 723
38 725
38 728
38 731
38 732
38 736
38 737
38 739
38 740
38 742
38 745
38 746
38 747
38 748
38 749
38 753
38 754
38 758
38 760
38 762
38 764
38 765
38 766
38 773
38 774
38 778
38 779
38 780
38 781
38 783
38 785
38 787
38 788
38 790
38 791
38 792
38 794
38 795
38 798
39 401
39 402
39 403
39 404
39 406
39 407
39 409
39 413
39 414
39 415
39 416
39 418
39 419
39 421
39 422
39 424
39 426
39 427
39 428
39 429
39 431
39 432
39 433
39 434
39 438
39 439
39 443
39 444
39 447
39 450
39 453
39 454
39 456
39 457
39 462
39 464
39 466
39 469
39 471
39 472
39 479
39 480
39 481
39 482
39 484
39 486
39 489
39 490
39 491
39 495
39 496
39 498
39 499
39 501
39 502
39 506
39 507
39 508
39 509
39 511
39 512
39 513
39 515
39 517
39 520
39 522
39 523
39 524
39 527
39 529
39 532
39 534
39 535
39 538
39 539
39 546
39 548
39 549
39 551
39 552
39 553
39 554
39 559
39 560
39 561
39 562
39 563
39 564
39 566
39 567
39 568
39 569
39 570
39 571
39 572
39 573
39 574
39 582
39 585
39 586
39 587
39 588
39 589
39 591
39 592
39 593
39 594
39 595
39 596
39 598
39 600
39 601
39 602
39 603
39 605
39 607
39 608
39 610
39 611
39 612
39 613
39 614
39 622
39 623
39 626
39 627
39 628
39 629
39 630
39 632
39 634
39 635
39 637
39 641
39 642
39 644
39 645
39 651
39 654
39 655
39 657
39 661
39 662
39 663
39 666
39 669
39 670
39 671
39 674
39 675
39 677
39 679
39 680
39 683
39 685
39 687
39 689
39 690
39 692
39 693
39 695
39 697
39 698
39 700
39 701
39 705
39 706
39 707
39 708
39 709
39 710
39 713
39 715
39 722
39 724
39 727
39 728
39 729
39 730
39 731
39 732
39 734
39 735
39 738
39 740
39 741
39 745
39 746
39 754
39 758
39 759
39 762
39 764
39 765
39 766
39 768
39 769
39 770
39 772
39 773
39 774
39 775
39 777
39 778
39 780
39 782
39 784
39 785
39 786
39 787
39 788
39 789
39 791
39 792
39 794
39 795
39 796
39 798
39 800
40 401
40 402
40 403
40 407
40 412
40 414
40 417
40 418
40 419
40 422
40 425
40 426
40 427
40 429
40 432
40 433
40 436
40 437
40 440
40 445
40 450
40 452
40 453
40 454
40 455
40 456
40 457
40 458
40 460
40 461
40 462
40 463
40 467
40 469
40 470
40 471
40 472
40 474
40 475
40 479
40 480
40 482
40 484
40 486
40 488
40 489
40 490
40 492
40 494
40 495
40 496
40 499
40 506
40 510
40 513
40 517
40 519
40 522
40 523
40 524
40 526
40 527
40 531
40 533
40 536
40 538
40 539
40 541
40 552
40 554
40 555
40 557
40 558
40 560
40 561
40 562
40 565
40 567
40 568
40 570
40 571
40 574
40 576
40 577
40 578
40 580
40 581
40 583
40 586
40 588
40 591
40 592
40 595
40 600
40 603
40 604
40 606
40 607
40 608
40 609
40 610
40 611
40 612
40 614
40 615
40 616
40 619
40 623
40 625
40 627
40 630
40 631
40 635
40 636
40 641
40 643
40 644
40 646
40 648
40 650
40 651
40 652
40 653
40 657
40 660
40 661
40 665
40 666
40 667
40 669
40 670
40 671
40 673
40 674
40 676
40 677
40 678
40 680
40 681
40 683
40 684
40 686
40 687
40 688
40 691
40 692
40 693
40 694
40 695
40 696
40 697
40 700
40 701
40 703
40 705
40 707
40 708
40 711
40 713
40 714
40 715
40 718
40 719
40 720
40 721
40 722
40 724
40 725
40 726
40 728
40 729
40 731
40 736
40 738
40 739
40 742
40 743
40 746
40 747
40 748
40 751
40 752
40 753
40 756
40 760
40 763
40 765
40 766
40 767
40 768
40 769
40 771
40 772
40 775
40 777
40 779
40 782
40 784
40 788
40 789
40 790
40 793
40 794
40 796
40 797
40 799
41 401
41 402
41 405
41 406
41 408
41 409
41 412
41 414
41 415
41 416
41 417
41 418
41 420
41 421
41 423
41 428
41 430
41 431
41 432
41 433
41 437
41 439
41 440
41 443
41 445
41 448
41 449
41 450
41 455
41 457
41 458
41 460
41 461
41 462
41 464
41 465
41 470
41 472
41 473
41 475
41 476
41 479
41 482
41 485
41 487
41 489
41 490
41 491
41 494
41 498
41 500
41 501
41 503
41 504
41 507
41 508
41 514
41 518
41 520
41 526
41 528
41 529
41 531
41 532
41 536
41 537
41 539
41 540
41 541
41 542
41 544
41 545
41 546
41 547
41 549
41 550
41 552
41 553
41 554
41 555
41 557
41 560
41 563
41 564
41 569
41 571
41 575
41 576
41 580
41 585
41 586
41 588
41 591
41 593
41 596
41 598
41 599
41 600
41 602
41 605
41 607
41 608
41 612
41 613
41 614
41 616
41 620
41 622
41 626
41 627
41 628
41 632
41 633
41 634
41 635
41 636
41 637
41 638
41 639
41 640
41 641
41 642
41 646
41 648
41 650
41 651
41 652
41 656
41 658
41 661
41 662
41 663
41 665
41 666
41 670
41 671
41 672
41 673
41 674
41 678
41 681
41 686
41 689
41 690
41 693
41 694
41 697
41 698
41 700
41 704
41 707
41 709
41 713
41 714
41 716
41 717
41 718
41 721
41 722
41 723
41 724
41 725
41 727
41 728
41 729
41 730
41 732
41 733
41 734
41 735
41 738
41 740
41 741
41 742
41 743
41 744
41 745
41 746
41 751
41 752
41 754
41 755
41 756
41 758
41 760
41 761
41 763
41 764
41 767
41 768
41 770
41 771
41 773
41 776
41 779
41 780
41 781
41 785
41 786
41 787
41 792
41 793
41 794
41 795
41 798
41 799
41 800
42 401
42 402
42 408
42 410
42 411
42 412
42 414
42 415
42 419
42 426
42 429
42 431
42 433
42 435
42 436
42 439
42 441
42 442
42 443
42 444
42 445
42 447
42 448
42 449
42 452
42 454
42 456
42 457
42 458
42 461
42 463
42 464
42 466
42 468
42 469
42 470
42 471
42 472
42 473
42 475
42 477
42 478
42 479
42 481
42 484
42 488
42 489
42 491
42 492
42 494
42 495
42 498
42 507
42 509
42 510
42 511
42 512
42 513
42 514
42 515
42 519
42 520
42 521
42 522
42 524
42 526
42 527
42 529
42 530
42 533
42 534
42 535
42 539
42 541
42 542
42 545
42 546
42 548
42 549
42 556
42 560
42 561
42 563
42 565
42 566
42 569
42 570
42 571
42 572
42 576
42 579
42 580
42 581
42 583
42 584
42 585
42 590
42 592
42 594
42 596
42 598
42 603
42 608
42 612
42 613
42 614
42 619
42 620
42 622
42 623
42 626
42 627
42 629
42 630
42 632
42 633
42 634
42 640
42 642
42 644
42 646
42 648
42 653
42 654
42 655
42 659
42 660
42 661
42 663
42 664
42 665
42 666
42 670
42 673
42 674
42 678
42 679
42 680
42 682
42 683
42 685
42 686
42 687
42 688
42 689
42 691
42 692
42 694
42 695
42 697
42 698
42 702
42 703
42 704
42 705
42 706
42 711
42 713
42 714
42 715
42 716
42 721
42 723
42 727
42 728
42 730
42 731
42 733
42 739
42 740
42 741
42 742
42 743
42 748
42 749
42 751
42 752
42 754
42 755
42 756
42 757
42 758
42 759
42 760
42 767
42 769
42 770
42 771
42 773
42 775
42 776
42 777
42 780
42 784
42 786
42 787
42 788
42 789
42 790
42 791
42 792
42 799
42 800
43 401
43 403
43 405
43 406
43 410
43 411
43 412
43 413
43 416
43 420
43 422
43 423
43 424
43 425
43 426
43 427
43 428
43 429
43 430
43 433
43 434
43 435
43 436
43 439
43 440
43 442
43 449
43 451
43 453
43 457
43 458
43 460
43 465
43 466
43 469
43 470
43 471
43 472
43 473
43 477
43 478
43 479
43 480
43 481
43 482
43 483
43 484
43 486
43 489
43 494
43 496
43 497
43 499
43 500
43 501
43 502
43 503
43 504
43 505
43 506
43 509
43 512
43 513
43 515
43 516
43 518
43 521
43 523
43 524
43 528
43 531
43 532
43 533
43 538
43 541
43 542
43 545
43 546
43 547
43 550
43 551
43 552
43 553
43 556
43 557
43 560
43 561
43 562
43 565
43 569
43 570
43 572
43 575
43 577
43 582
43 585
43 587
43 588
43 589
43 591
43 592
43 594
43 595
43 596
43 597
43 599
43 601
43 602
43 607
43 614
43 615
43 616
43 620
43 622
43 623
43 625
43 627
43 629
43 634
43 635
43 636
43 637
43 639
43 640
43 641
43 643
43 647
43 649
43 650
43 651
43 652
43 654
43 657
43 658
43 660
43 661
43 663
43 664
43 665
43 666
43 668
43 669
43 671
43 673
43 675
43 676
43 677
43 678
43 679
43 682
43 684
43 685
43 688
43 690
43 691
43 696
43 699
43 700
43 701
43 702
43 704
43 712
43 713
43 715
43 717
43 724
43 725
43 727
43 729
43 732
43 733
43 736
43 738
43 740
43 742
43 743
43 744
43 746
43 747
43 753
43 754
43 758
43 762
43 763
43 764
43 767
43 768
43 769
43 770
43 771
43 773
43 774
43 776
43 777
43 780
43 782
43 785
43 787
43 788
43 790
43 791
43 793
43 796
43 800
44 402
44 403
44 404
44 406
44 408
44 409
44 410
44 415
44 416
44 417
44 421
44 424
44 428
44 429
44 430
44 431
44 434
44 436
44 443
44 446
44 448
44 449
44 453
44 461
44 465
44 466
44 468
44 469
44 471
44 473
44 474
44 476
44 481
44 483
44 485
44 486
44 488
44 489
44 491
44 492
44 493
44 495
44 496
44 497
44 499
44 500
44 502
44 503
44 506
44 507
44 510
44 513
44 514
44 515
44 518
44 520
44 521
44 523
44 526
44 527
44 528
44 529
44 530
44 531
44 532
44 533
44 537
44 538
44 539
44 541
44 544
44 546
44 547
44 549
44 550
44 552
44 553
44 555
44 556
44 557
44 558
44 559
44 563
44 564
44 565
44 566
44 567
44 568
44 570
44 571
44 572
44 573
44 574
44 576
44 578
44 579
44 580
44 581
44 583
44 585
44 586
44 587
44 588
44 589
44 591
44 592
44 593
44 594
44 595
44 597
44 598
44 601
44 602
44 603
44 605
44 606
44 609
44 611
44 616
44 618
44 620
44 621
44 623
44 626
44 628
44 630
44 631
44 632
44 634
44 640
44 641
44 643
44 644
44 645
44 650
44 657
44 659
44 660
44 662
44 665
44 666
44 668
44 669
44 670
44 674
44 675
44 677
44 678
44 683
44 684
44 685
44 687
44 688
44 689
44 691
44 692
44 693
44 694
44 695
44 696
44 698
44 700
44 702
44 703
44 704
44 706
44 707
44 709
44 711
44 712
44 714
44 715
44 716
44 717
44 718
44 720
44 724
44 726
44 727
44 728
44 729
44 732
44 733
44 734
44 737
44 739
44 741
44 742
44 743
44 744
44 745
44 746
44 747
44 748
44 751
44 752
44 755
44 758
44 759
44 761
44 763
44 765
44 766
44 767
44 768
44 770
44 771
44 772
44 773
44 774
44 776
44 778
44 787
44 789
44 791
44 793
44 794
44 795
44 798
45 402
45 403
45 405
45 406
45 407
45 408
45 410
45 412
45 413
45 414
45 416
45 423
45 424
45 426
45 428
45 430
45 431
45 433
45 434
45 435
45 436
45 437
45 438
45 442
45 443
45 444
45 449
45 450
45 452
45 454
45 455
45 456
45 457
45 458
45 460
45 464
45 465
45 466
45 469
45 475
45 476
45 479
45 481
45 482
45 483
45 484
45 485
45 486
45 487
45 489
45 493
45 494
45 497
45 499
45 501
45 502
45 503
45 505
45 507
45 508
45 514
45 516
45 519
45 520
45 522
45 525
45 526
45 532
45 534
45 538
45 539
45 540
45 541
45 542
45 544
45 545
45 547
45 552
45 553
45 554
45 558
45 560
45 561
45 562
45 563
45 564
45 565
45 566
45 568
45 572
45 574
45 575
45 583
45 585
45 588
45 589
45 592
45 594
45 595
45 597
45 599
45 602
45 603
45 606
45 607
45 618
45 619
45 621
45 622
45 623
45 626
45 627
45 628
45 630
45 632
45 633
45 634
45 636
45 640
45 646
45 647
45 648
45 652
45 654
45 657
45 659
45 661
45 669
45 671
45 672
45 674
45 675
45 676
45 677
45 678
45 679
45 680
45 681
45 682
45 683
45 685
45 689
45 690
45 693
45 694
45 696
45 700
45 703
45 704
45 710
45 713
45 714
45 715
45 717
45 718
45 719
45 720
45 723
45 724
45 725
45 726
45 727
45 730
45 732
45 735
45 737
45 742
45 743
45 744
45 746
45 747
45 748
45 752
45 753
45 754
45 757
45 758
45 759
45 761
45 762
45 763
45 764
45 766
45 767
45 770
45 771
45 773
45 776
45 778
45 779
45 781
45 782
45 783
45 785
45 789
45 793
45 797
45 798
45 800
46 401
46 403
46 405
46 408
46 409
46 410
46 411
46 412
46 416
46 417
46 418
46 419
46 420
46 425
46 426
46 429
46 430
46 432
46 433
46 436
46 440
46 441
46 447
46 448
46 450
46 457
46 458
46 460
46 461
46 462
46 463
46 464
46 465
46 467
46 468
46 470
46 472
46 473
46 474
46 475
46 476
46 477
46 479
46 480
46 482
46 483
46 484
46 486
46 487
46 488
46 489
46 497
46 498
46 501
46 502
46 504
46 506
46 507
46 509
46 510
46 511
46 512
46 513
46 515
46 517
46 518
46 525
46 526
46 528
46 529
46 531
46 534
46 535
46 537
46 539
46 540
46 541
46 542
46 543
46 545
46 546
46 548
46 553
46 554
46 555
46 557
46 558
46 562
46 563
46 564
46 565
46 566
46 569
46 571
46 572
46 573
46 577
46 579
46 581
46 583
46 584
46 587
46 589
46 590
46 592
46 594
46 595
46 596
46 600
46 602
46 604
46 606
46 608
46 614
46 618
46 619
46 622
46 623
46 630
46 631
46 635
46 637
46 640
46 643
46 644
46 647
46 652
46 653
46 654
46 655
46 659
46 660
46 661
46 662
46 664
46 670
46 672
46 674
46 675
46 676
46 677
46 684
46 686
46 687
46 690
46 691
46 693
46 695
46 699
46 700
46 703
46 708
46 709
46 711
46 712
46 713
46 718
46 722
46 723
46 724
46 725
46 732
46 735
46 736
46 740
46 741
46 744
46 747
46 750
46 751
46 752
46 755
46 759
46 762
46 763
46 766
46 769
46 770
46 771
46 773
46 775
46 779
46 780
46 783
46 784
46 789
46 790
46 791
46 794
46 795
46 796
46 797
46 798
47 402
47 403
47 405
47 406
47 407
47 408
47 411
47 412
47 413
47 415
47 416
47 417
47 420
47 423
47 426
47 429
47 431
47 433
47 435
47 437
47 440
47 441
47 442
47 444
47 449
47 450
47 456
47 457
47 458
47 459
47 461
47 463
47 464
47 466
47 467
47 468
47 469
47 473
47 475
47 476
47 478
47 479
47 483
47 485
47 486
47 487
47 488
47 494
47 495
47 496
47 497
47 499
47 500
47 501
47 502
47 508
47 509
47 510
47 514
47 515
47 516
47 517
47 519
47 520
47 521
47 522
47 524
47 526
47 528
47 532
47 535
47 536
47 537
47 543
47 544
47 546
47 547
47 550
47 551
47 552
47 556
47 559
47 560
47 563
47 564
47 565
47 566
47 568
47 571
47 572
47 573
47 574
47 576
47 577
47 583
47 584
47 585
47 586
47 589
47 591
47 595
47 596
47 599
47 600
47 602
47 603
47 604
47 605
47 606
47 613
47 614
47 615
47 617
47 619
47 622
47 625
47 628
47 632
47 634
47 635
47 640
47 641
47 643
47 644
47 645
47 647
47 654
47 657
47 658
47 659
47 661
47 663
47 664
47 666
47 668
47 669
47 673
47 674
47 675
47 676
47 677
47 682
47 685
47 688
47 691
47 693
47 694
47 698
47 701
47 702
47 703
47 705
47 706
47 709
47 710
47 711
47 712
47 713
47 715
47 717
47 718
47 721
47 722
47 725
47 728
47 730
47 731
47 733
47 734
47 736
47 737
47 739
47 742
47 744
47 745
47 746
47 748
47 749
47 752
47 753
47 755
47 757
47 758
47 762
47 763
47 764
47 765
47 766
47 767
47 768
47 769
47 770
47 772
47 776
47 778
47 779
47 787
47 788
47 789
47 790
47 791
47 792
47 793
47 794
47 796
47 798
47 799
47 800
48 404
48 405
48 411
48 413
48 414
48 416
48 417
48 418
48 419
48 422
48 425
48 426
48 427
48 428
48 433
48 437
48 438
48 439
48 440
48 441
48 443
48 449
48 451
48 452
48 453
48 455
48 456
48 458
48 460
48 462
48 463
48 467
48 469
48 470
48 473
48 474
48 475
48 479
48 481
48 482
48 483
48 485
48 488
48 489
48 490
48 491
48 492
48 493
48 494
48 496
48 497
48 498
48 503
48 504
48 507
48 509
48 511
48 513
48 514
48 515
48 517
48 518
48 520
48 523
48 525
48 529
48 530
48 531
48 533
48 536
48 537
48 538
48 540
48 541
48 543
48 545
48 546
48 550
48 553
48 560
48 561
48 562
48 564
48 565
48 568
48 571
48 572
48 576
48 581
48 585
48 589
48 591
48 594
48 599
48 600
48 601
48 602
48 603
48 608
48 612
48 613
48 614
48 618
48 622
48 624
48 625
48 626
48 627
48 629
48 630
48 632
48 633
48 635
48 636
48 637
48 638
48 639
48 641
48 643
48 646
48 653
48 654
48 656
48 657
48 659
48 660
48 661
48 662
48 664
48 665
48 667
48 670
48 672
48 677
48 679
48 680
48 683
48 684
48 685
48 688
48 689
48 691
48 692
48 693
48 696
48 698
48 699
48 701
48 702
48 703
48 705
48 707
48 708
48 711
48 712
48 713
48 715
48 717
48 719
48 720
48 721
48 722
48 724
48 725
48 727
48 732
48 737
48 739
48 745
48 746
48 747
48 749
48 750
48 752
48 753
48 754
48 755
48 758
48 760
48 761
48 762
48 763
48 766
48 767
48 768
48 773
48 774
48 775
48 776
48 777
48 780
48 781
48 782
48 785
48 788
48 789
48 790
48 792
48 795
48 796
48 798
48 799
48 800
49 403
49 407
49 410
49 412
49 413
49 414
49 415
49 417
49 418
49 420
49 421
49 424
49 425
49 426
49 427
49 428
49 430
49 432
49 435
49 440
49 445
49 447
49 449
49 450
49 453
49 455
49 457
49 460
49 465
49 466
49 472
49 476
49 477
49 478
49 481
49 483
49 484
49 485
49 487
49 489
49 490
49 491
49 494
49 495
49 498
49 502
49 503
49 504
49 508
49 509
49 510
49 511
49 516
49 518
49 519
49 520
49 522
49 523
49 525
49 526
49 527
49 533
49 534
49 536
49 537
49 541
49 543
49 544
49 545
49 546
49 547
49 548
49 549
49 552
49 554
49 556
49 557
49 558
49 561
49 564
49 565
49 566
49 567
49 568
49 569
49 572
49 575
49 577
49 578
49 580
49 582
49 583
49 584
49 585
49 586
49 588
49 590
49 593
49 594
49 595
49 597
49 600
49 601
49 604
49 606
49 607
49 608
49 609
49 613
49 614
49 615
49 616
49 617
49 621
49 622
49 623
49 624
49 626
49 627
49 632
49 636
49 637
49 638
49 641
49 642
49 643
49 645
49 646
49 647
49 648
49 650
49 654
49 657
49 660
49 662
49 663
49 666
49 667
49 668
49 669
49 673
49 674
49 675
49 676
49 677
49 678
49 679
49 681
49 682
49 683
49 684
49 685
49 687
49 688
49 689
49 691
49 692
49 694
49 696
49 698
49 700
49 703
49 704
49 707
49 708
49 710
49 711
49 713
49 717
49 718
49 720
49 721
49 726
49 727
49 729
49 730
49 731
49 732
49 734
49 736
49 737
49 738
49 740
49 742
49 743
49 744
49 747
49 748
49 749
49 750
49 753
49 755
49 759
49 760
49 761
49 762
49 766
49 768
49 770
49 771
49 773
49 775
49 777
49 779
49 781
49 785
49 787
49 790
49 794
49 795
49 796
49 798
49 799
50 402
50 405
50 407
50 408
50 409
50 410
50 411
50 414
50 415
50 416
50 418
50 420
50 422
50 426
50 427
50 429
50 430
50 433
50 434
50 435
50 437
50 438
50 439
50 440
50 441
50 442
50 443
50 445
50 447
50 450
50 451
50 452
50 453
50 457
50 458
50 459
50 463
50 464
50 466
50 469
50 470
50 472
50 475
50 476
50 477
50 478
50 482
50 485
50 488
50 489
50 495
50 496
50 497
50 498
50 499
50 500
50 501
50 504
50 505
50 507
50 510
50 511
50 513
50 514
50 518
50 519
50 526
50 529
50 532
50 534
50 536
50 538
50 541
50 542
50 544
50 549
50 551
50 552
50 553
50 554
50 559
50 560
50 561
50 566
50 567
50 568
50 569
50 571
50 574
50 576
50 577
50 582
50 585
50 587
50 588
50 591
50 593
50 598
50 604
50 607
50 609
50 610
50 611
50 614
50 617
50 618
50 619
50 620
50 621
50 622
50 623
50 628
50 629
50 631
50 633
50 635
50 636
50 637
50 638
50 640
50 643
50 644
50 645
50 646
50 647
50 650
50 651
50 652
50 655
50 656
50 657
50 661
50 662
50 664
50 665
50 666
50 673
50 675
50 677
50 678
50 680
50 682
50 683
50 685
50 686
50 687
50 689
50 690
50 691
50 694
50 695
50 697
50 698
50 701
50 702
50 703
50 704
50 705
50 706
50 712
50 713
50 714
50 715
50 716
50 717
50 722
50 727
50 730
50 731
50 732
50 734
50 735
50 738
50 742
50 746
50 748
50 749
50 750
50 751
50 755
50 758
50 760
50 761
50 762
50 767
50 768
50 770
50 772
50 773
50 774
50 778
50 779
50 784
50 786
50 788
50 790
50 793
50 794
50 798
50 800
51 401
51 403
51 404
51 410
51 413
51 419
51 424
51 431
51 433
51 435
51 436
51 437
51 438
51 442
51 443
51 449
51 450
51 452
51 453
51 456
51 459
51 461
51 465
51 467
51 468
51 471
51 474
51 476
51 477
51 480
51 482
51 486
51 487
51 488
51 489
51 490
51 492
51 493
51 494
51 495
51 496
51 497
51 498
51 500
51 502
51 503
51 504
51 505
51 509
51 511
51 512
51 516
51 520
51 523
51 525
51 529
51 530
51 535
51 536
51 539
51 540
51 541
51 543
51 544
51 545
51 546
51 547
51 550
51 552
51 554
51 555
51 556
51 562
51 564
51 565
51 566
51 569
51 570
51 571
51 577
51 578
51 580
51 581
51 584
51 589
51 593
51 594
51 596
51 599
51 600
51 601
51 602
51 604
51 608
51 611
51 613
51 614
51 615
51 616
51 618
51 623
51 624
51 626
51 629
51 630
51 634
51 635
51 637
51 638
51 639
51 643
51 644
51 645
51 646
51 648
51 651
51 652
51 657
51 658
51 659
51 660
51 661
51 663
51 665
51 667
51 669
51 671
51 674
51 676
51 678
51 680
51 685
51 686
51 689
51 691
51 696
51 697
51 698
51 699
51 700
51 701
51 702
51 703
51 707
51 710
51 711
51 712
51 714
51 715
51 716
51 722
51 724
51 726
51 729
51 732
51 735
51 736
51 737
51 738
51 741
51 742
51 743
51 745
51 747
51 749
51 750
51 751
51 757
51 761
51 766
51 768
51 770
51 771
51 772
51 773
51 777
51 779
51 780
51 782
51 783
51 784
51 786
51 787
51 791
51 792
51 793
51 795
51 796
51 797
51 799
51 800
52 401
52 403
52 405
52 408
52 411
52 416
52 418
52 420
52 421
52 422
52 423
52 425
52 428
52 430
52 431
52 432
52 438
52 439
52 440
52 441
52 444
52 447
52 450
52 451
52 452
52 457
52 461
52 464
52 466
52 467
52 471
52 472
52 473
52 476
52 478
52 481
52 484
52 485
52 486
52 487
52 488
52 489
52 491
52 494
52 495
52 496
52 497
52 498
52 499
52 501
52 504
52 506
52 508
52 512
52 515
52 517
52 519
52 520
52 521
52 522
52 523
52 524
52 525
52 528
52 530
52 532
52 533
52 534
52 535
52 537
52 538
52 541
52 542
52 550
52 552
52 555
52 556
52 557
52 560
52 563
52 564
52 567
52 572
52 574
52 577
52 578
52 580
52 584
52 586
52 587
52 589
52 591
52 593
52 596
52 598
52 600
52 601
52 602
52 603
52 605
52 607
52 608
52 609
52 611
52 614
52 615
52 617
52 618
52 622
52 623
52 626
52 627
52 629
52 630
52 632
52 637
52 638
52 642
52 644
52 649
52 653
52 654
52 656
52 660
52 661
52 665
52 666
52 669
52 671
52 680
52 688
52 689
52 693
52 695
52 696
52 697
52 698
52 701
52 705
52 706
52 707
52 708
52 711
52 713
52 719
52 720
52 722
52 723
52 725
52 727
52 733
52 734
52 737
52 739
52 741
52 743
52 747
52 749
52 750
52 751
52 754
52 760
52 762
52 763
52 764
52 767
52 768
52 770
52 772
52 774
52 775
52 776
52 781
52 785
52 788
52 789
52 790
52 793
52 794
52 795
52 799
53 401
53 402
53 403
53 404
53 405
53 407
53 408
53 411
53 413
53 414
53 415
53 419
53 422
53 424
53 427
53 431
53 432
53 433
53 434
53 438
53 439
53 441
53 448
53 449
53 455
53 457
53 458
53 459
53 464
53 469
53 470
53 472
53 473
53 474
53 477
53 478
53 479
53 480
53 481
53 482
53 484
53 485
53 489
53 490
53 491
53 492
53 493
53 494
53 495
53 497
53 500
53 501
53 502
53 504
53 506
53 507
53 508
53 509
53 510
53 514
53 516
53 517
53 521
53 524
53 525
53 526
53 527
53 531
53 533
53 537
53 538
53 542
53 543
53 545
53 547
53 549
53 551
53 556
53 557
53 558
53 559
53 560
53 561
53 562
53 563
53 565
53 566
53 567
53 568
53 570
53 571
53 573
53 577
53 579
53 581
53 582
53 584
53 585
53 587
53 588
53 589
53 591
53 592
53 597
53 600
53 601
53 602
53 605
53 606
53 608
53 609
53 610
53 612
53 614
53 615
53 616
53 618
53 619
53 621
53 622
53 623
53 624
53 627
53 630
53 631
53 632
53 634
53 638
53 639
53 640
53 641
53 642
53 643
53 645
53 652
53 654
53 655
53 657
53 659
53 663
53 666
53 667
53 669
53 670
53 671
53 673
53 677
53 678
53 679
53 680
53 684
53 685
53 686
53 687
53 690
53 691
53 692
53 694
53 696
53 699
53 700
53 701
53 703
53 706
53 708
53 709
53 710
53 712
53 714
53 715
53 716
53 717
53 719
53 720
53 724
53 727
53 728
53 729
53 730
53 731
53 732
53 734
53 735
53 736
53 738
53 745
53 750
53 751
53 752
53 754
53 759
53 769
53 776
53 779
53 782
53 784
53 785
53 787
53 791
53 793
53 796
53 797
53 799
53 800
54 401
54 402
54 403
54 404
54 408
54 409
54 411
54 412
54 416
54 418
54 422
54 424
54 426
54 427
54 428
54 429
54 431
54 433
54 434
54 439
54 449
54 452
54 453
54 454
54 459
54 460
54 462
54 468
54 469
54 470
54 471
54 475
54 478
54 479
54 482
54 483
54 484
54 485
54 489
54 490
54 492
54 493
54 495
54 496
54 498
54 500
54 503
54 504
54 506
54 507
54 508
54 509
54 511
54 512
54 513
54 516
54 519
54 520
54 521
54 523
54 527
54 528
54 529
54 530
54 533
54 539
54 544
54 545
54 546
54 549
54 552
54 553
54 554
54 555
54 556
54 557
54 559
54 560
54 561
54 563
54 566
54 568
54 569
54 572
54 573
54 575
54 577
54 578
54 579
54 581
54 587
54 588
54 594
54 597
54 598
54 599
54 601
54 603
54 606
54 614
54 615
54 617
54 621
54 623
54 626
54 627
54 629
54 630
54 631
54 634
54 636
54 639
54 640
54 642
54 643
54 645
54 647
54 648
54 650
54 652
54 654
54 656
54 657
54 658
54 660
54 666
54 667
54 668
54 670
54 671
54 672
54 675
54 676
54 677
54 678
54 679
54 680
54 683
54 685
54 687
54 688
54 689
54 690
54 693
54 694
54 695
54 697
54 698
54 700
54 702
54 703
54 706
54 708
54 709
54 710
54 711
54 713
54 715
54 717
54 719
54 720
54 721
54 725
54 726
54 727
54 728
54 729
54 730
54 731
54 734
54 735
54 737
54 740
54 741
54 745
54 746
54 750
54 751
54 753
54 758
54 759
54 760
54 763
54 764
54 766
54 767
54 768
54 769
54 771
54 773
54 774
54 775
54 776
54 777
54 778
54 779
54 782
54 783
54 787
54 789
54 791
54 792
54 793
54 794
54 797
54 799
55 402
55 404
55 408
55 409
55 410
55 411
55 415
55 417
55 418
55 420
55 425
55 426
55 427
55 431
55 435
55 436
55 437
55 441
55 445
55 446
55 448
55 450
55 451
55 454
55 456
55 457
55 458
55 459
55 461
55 462
55 464
55 465
55 467
55 469
55 472
55 473
55 475
55 479
55 482
55 483
55 489
55 491
55 492
55 494
55 496
55 497
55 499
55 500
55 502
55 505
55 506
55 512
55 513
55 514
55 515
55 517
55 518
55 520
55 523
55 524
55 526
55 529
55 534
55 537
55 539
55 540
55 543
55 544
55 547
55 551
55 553
55 554
55 556
55 558
55 563
55 564
55 568
55 569
55 571
55 572
55 576
55 578
55 579
55 583
55 587
55 588
55 589
55 592
55 594
55 595
55 596
55 597
55 599
55 600
55 601
55 603
55 606
55 607
55 608
55 610
55 611
55 612
55 618
55 620
55 621
55 622
55 624
55 627
55 628
55 629
55 632
55 634
55 636
55 639
55 641
55 642
55 646
55 649
55 650
55 653
55 657
55 658
55 659
55 661
55 662
55 664
55 668
55 671
55 672
55 674
55 676
55 678
55 680
55 682
55 683
55 684
55 688
55 689
55 691
55 693
55 694
55 695
55 699
55 701
55 702
55 703
55 706
55 707
55 710
55 716
55 720
55 725
55 726
55 727
55 730
55 732
55 737
55 741
55 742
55 743
55 746
55 749
55 750
55 752
55 753
55 754
55 756
55 758
55 760
55 761
55 762
55 763
55 764
55 766
55 767
55 771
55 773
55 774
55 776
55 777
55 779
55 781
55 782
55 783
55 790
55 791
55 794
55 797
55 798
55 800
56 401
56 403
56 404
56 408
56 409
56 410
56 413
56 415
56 417
56 419
56 425
56 426
56 427
56 428
56 431
56 432
56 433
56 434
56 438
56 439
56 441
56 445
56 450
56 451
56 453
56 455
56 458
56 459
56 460
56 462
56 464
56 466
56 470
56 471
56 472
56 476
56 477
56 478
56 479
56 480
56 483
56 487
56 488
56 489
56 492
56 493
56 495
56 496
56 498
56 501
56 509
56 510
56 511
56 512
56 514
56 516
56 524
56 525
56 529
56 530
56 531
56 534
56 539
56 541
56 545
56 550
56 554
56 556
56 560
56 562
56 563
56 565
56 566
56 569
56 570
56 573
56 577
56 580
56 582
56 583
56 584
56 585
56 587
56 589
56 592
56 597
56 598
56 599
56 603
56 605
56 607
56 609
56 611
56 612
56 613
56 614
56 619
56 622
56 623
56 624
56 625
56 626
56 630
56 631
56 633
56 635
56 640
56 642
56 644
56 648
56 649
56 653
56 654
56 655
56 657
56 658
56 659
56 661
56 666
56 668
56 669
56 670
56 672
56 673
56 674
56 675
56 676
56 677
56 680
56 682
56 684
56 690
56 691
56 693
56 696
56 697
56 699
56 706
56 707
56 708
56 712
56 713
56 714
56 715
56 716
56 717
56 718
56 719
56 720
56 721
56 724
56 725
56 728
56 732
56 734
56 735
56 736
56 739
56 741
56 742
56 743
56 747
56 749
56 758
56 761
56 767
56 769
56 770
56 771
56 773
56 774
56 775
56 776
56 777
56 780
56 783
56 784
56 785
56 787
56 792
56 793
56 797
56 799
57 402
57 403
57 404
57 405
57 407
57 409
57 410
57 414
57 415
57 420
57 422
57 423
57 428
57 431
57 432
57 433
57 434
57 435
57 436
57 437
57 438
57 440
57 441
57 442
57 444
57 446
57 451
57 452
57 456
57 457
57 458
57 463
57 467
57 469
57 471
57 472
57 475
57 479
57 480
57 481
57 485
57 486
57 487
57 489
57 491
57 495
57 502
57 505
57 506
57 509
57 512
57 513
57 514
57 515
57 517
57 519
57 520
57 522
57 523
57 524
57 525
57 532
57 536
57 542
57 546
57 549
57 550
57 551
57 554
57 557
57 559
57 560
57 562
57 570
57 573
57 574
57 575
57 576
57 577
57 582
57 586
57 587
57 589
57 592
57 593
57 596
57 597
57 598
57 599
57 600
57 601
57 606
57 613
57 617
57 618
57 619
57 622
57 623
57 624
57 628
57 629
57 630
57 634
57 635
57 637
57 638
57 640
57 641
57 642
57 644
57 647
57 649
57 652
57 653
57 654
57 655
57 657
57 660
57 663
57 668
57 669
57 676
57 677
57 688
57 689
57 691
57 693
57 695
57 696
57 700
57 702
57 705
57 706
57 708
57 709
57 710
57 711
57 712
57 714
57 719
57 722
57 723
57 726
57 728
57 729
57 730
57 732
57 733
57 734
57 735
57 736
57 738
57 739
57 745
57 747
57 750
57 752
57 753
57 754
57 756
57 759
57 762
57 767
57 769
57 774
57 775
57 777
57 781
57 782
57 784
57 785
57 788
57 789
57 792
57 793
57 794
57 797
57 800
58 404
58 406
58 408
58 416
58 424
58 425
58 426
58 427
58 428
58 429
58 433
58 435
58 437
58 438
58 439
58 440
58 442
58 445
58 446
58 450
58 451
58 452
58 453
58 455
58 457
58 460
58 465
58 467
58 468
58 472
58 473
58 476
58 477
58 478
58 484
58 485
58 488
58 489
58 490
58 493
58 495
58 496
58 498
58 502
58 505
58 509
58 511
58 512
58 513
58 516
58 518
58 520
58 523
58 525
58 527
58 530
58 533
58 534
58 538
58 542
58 543
58 545
58 546
58 548
58 549
58 550
58 552
58 555
58 556
58 557
58 558
58 560
58 563
58 565
58 566
58 568
58 569
58 570
58 573
58 575
58 577
58 582
58 584
58 588
58 589
58 590
58 591
58 592
58 594
58 595
58 596
58 597
58 598
58 599
58 602
58 604
58 607
58 608
58 610
58 614
58 616
58 617
58 621
58 624
58 626
58 632
58 635
58 641
58 643
58 644
58 646
58 649
58 650
58 652
58 656
58 659
58 660
58 661
58 664
58 670
58 674
58 676
58 678
58 679
58 680
58 682
58 685
58 689
58 690
58 691
58 692
58 693
58 694
58 696
58 698
58 700
58 702
58 703
58 708
58 710
58 711
58 713
58 715
58 717
58 718
58 724
58 729
58 730
58 731
58 732
58 733
58 736
58 741
58 742
58 743
58 744
58 745
58 748
58 749
58 751
58 756
58 759
58 765
58 770
58 773
58 774
58 778
58 779
58 780
58 782
58 784
58 786
58 787
58 788
58 792
58 794
58 796
58 800
59 401
59 403
59 404
59 406
59 408
59 409
59 411
59 412
59 414
59 416
59 418
59 419
59 422
59 423
59 425
59 426
59 428
59 432
59 435
59 437
59 439
59 440
59 444
59 445
59 448
59 449
59 450
59 453
59 458
59 459
59 465
59 467
59 469
59 470
59 473
59 474
59 476
59 478
59 482
59 483
59 484
59 486
59 490
59 492
59 496
59 498
59 499
59 502
59 507
59 509
59 510
59 512
59 515
59 520
59 521
59 522
59 525
59 527
59 529
59 530
59 532
59 539
59 540
59 542
59 543
59 544
59 545
59 546
59 554
59 556
59 557
59 558
59 560
59 561
59 562
59 563
59 564
59 565
59 566
59 567
59 570
59 573
59 577
59 579
59 582
59 585
59 587
59 588
59 589
59 590
59 591
59 593
59 594
59 596
59 598
59 600
59 604
59 605
59 610
59 612
59 613
59 614
59 617
59 619
59 621
59 622
59 623
59 624
59 626
59 627
59 628
59 630
59 631
59 632
59 634
59 638
59 639
59 640
59 641
59 642
59 643
59 644
59 645
59 649
59 651
59 652
59 653
59 654
59 662
59 664
59 665
59 667
59 668
59 670
59 671
59 675
59 678
59 682
59 684
59 685
59 686
59 687
59 690
59 691
59 693
59 696
59 697
59 699
59 702
59 704
59 705
59 707
59 708
59 715
59 716
59 718
59 720
59 721
59 722
59 723
59 726
59 727
59 728
59 729
59 730
59 731
59 734
59 735
59 736
59 737
59 740
59 741
59 746
59 750
59 751
59 752
59 753
59 754
59 755
59 759
59 760
59 761
59 764
59 765
59 766
59 767
59 768
59 770
59 773
59 778
59 783
59 784
59 785
59 786
59 787
59 789
59 791
59 792
59 794
59 795
59 797
60 402
60 404
60 409
60 410
60 411
60 412
60 413
60 414
60 416
60 417
60 419
60 420
60 421
60 423
60 424
60 425
60 426
60 429
60 430
60 431
60 433
60 434
60 436
60 438
60 439
60 441
60 442
60 443
60 444
60 445
60 447
60 448
60 453
60 454
60 455
60 456
60 458
60 460
60 461
60 465
60 466
60 468
60 471
60 472
60 473
60 474
60 477
60 478
60 479
60 480
60 482
60 485
60 487
60 488
60 490
60 491
60 493
60 495
60 497
60 500
60 501
60 502
60 503
60 505
60 508
60 510
60 516
60 519
60 520
60 522
60 523
60 524
60 525
60 526
60 528
60 532
60 533
60 538
60 540
60 542
60 543
60 544
60 548
60 549
60 550
60 551
60 556
60 557
60 560
60 563
60 565
60 566
60 568
60 571
60 573
60 574
60 581
60 582
60 583
60 585
60 586
60 588
60 596
60 597
60 598
60 599
60 603
60 604
60 610
60 611
60 612
60 613
60 614
60 618
60 620
60 621
60 625
60 627
60 628
60 630
60 634
60 635
60 637
60 641
60 643
60 644
60 645
60 646
60 647
60 649
60 650
60 651
60 653
60 654
60 656
60 657
60 658
60 659
60 663
60 664
60 666
60 669
60 670
60 672
60 673
60 675
60 678
60 679
60 680
60 681
60 684
60 687
60 689
60 690
60 691
60 696
60 697
60 699
60 701
60 702
60 703
60 706
60 708
60 714
60 716
60 717
60 718
60 719
60 720
60 722
60 723
60 724
60 727
60 730
60 737
60 738
60 739
60 740
60 741
60 744
60 745
60 747
60 751
60 752
60 755
60 756
60 758
60 759
60 760
60 764
60 767
60 770
60 771
60 773
60 774
60 775
60 776
60 777
60 779
60 782
60 783
60 784
60 785
60 788
60 792
60 795
60 797
60 798
61 401
61 404
61 406
61 408
61 409
61 411
61 412
61 413
61 416
61 419
61 421
61 422
61 423
61 426
61 427
61 428
61 431
61 433
61 436
61 438
61 439
61 443
61 449
61 450
61 454
61 457
61 458
61 460
61 461
61 462
61 463
61 466
61 467
61 468
61 471
61 474
61 475
61 476
61 477
61 478
61 482
61 484
61 485
61 489
61 491
61 494
61 495
61 498
61 499
61 501
61 504
61 506
61 509
61 510
61 511
61 516
61 518
61 519
61 520
61 521
61 522
61 524
61 525
61 530
61 531
61 533
61 534
61 536
61 537
61 538
61 539
61 541
61 542
61 544
61 546
61 547
61 553
61 554
61 556
61 558
61 561
61 562
61 563
61 564
61 566
61 568
61 569
61 570
61 572
61 577
61 579
61 580
61 581
61 584
61 585
61 586
61 587
61 592
61 596
61 597
61 599
61 600
61 603
61 605
61 606
61 609
61 613
61 617
61 619
61 621
61 624
61 626
61 629
61 631
61 632
61 633
61 634
61 637
61 638
61 639
61 640
61 647
61 648
61 650
61 652
61 655
61 656
61 658
61 659
61 663
61 665
61 668
61 672
61 674
61 677
61 679
61 680
61 681
61 684
61 686
61 687
61 689
61 690
61 691
61 692
61 693
61 694
61 695
61 697
61 698
61 700
61 701
61 702
61 703
61 705
61 707
61 709
61 710
61 711
61 715
61 716
61 717
61 721
61 722
61 724
61 725
61 727
61 728
61 730
61 731
61 732
61 733
61 734
61 735
61 743
61 744
61 746
61 748
61 749
61 750
61 753
61 756
61 759
61 761
61 763
61 764
61 765
61 766
61 767
61 769
61 770
61 771
61 773
61 774
61 775
61 778
61 779
61 781
61 783
61 785
61 786
61 787
61 788
61 790
61 791
61 793
61 797
61 799
61 800
62 402
62 403
62 404
62 406
62 407
62 408
62 410
62 411
62 412
62 413
62 414
62 415
62 416
62 420
62 421
62 422
62 423
62 424
62 425
62 426
62 427
62 432
62 433
62 438
62 439
62 440
62 442
62 443
62 444
62 445
62 448
62 451
62 452
62 454
62 455
62 458
62 459
62 462
62 463
62 464
62 465
62 466
62 474
62 476
62 478
62 479
62 480
62 482
62 485
62 486
62 487
62 488
62 489
62 490
62 494
62 499
62 502
62 504
62 505
62 506
62 510
62 511
62 513
62 516
62 517
62 522
62 523
62 524
62 525
62 529
62 530
62 532
62 535
62 536
62 537
62 540
62 542
62 544
62 547
62 548
62 552
62 553
62 555
62 557
62 558
62 560
62 561
62 563
62 566
62 567
62 568
62 571
62 572
62 573
62 574
62 575
62 576
62 578
62 579
62 582
62 584
62 589
62 590
62 591
62 592
62 595
62 596
62 599
62 604
62 605
62 607
62 609
62 612
62 619
62 620
62 623
62 625
62 627
62 632
62 633
62 634
62 635
62 639
62 640
62 642
62 644
62 646
62 649
62 652
62 656
62 657
62 658
62 662
62 665
62 667
62 668
62 669
62 674
62 675
62 678
62 679
62 680
62 684
62 686
62 689
62 690
62 695
62 700
62 701
62 702
62 703
62 708
62 709
62 711
62 712
62 714
62 718
62 719
62 722
62 724
62 725
62 726
62 729
62 732
62 735
62 736
62 737
62 740
62 742
62 744
62 745
62 746
62 748
62 752
62 753
62 759
62 760
62 761
62 763
62 764
62 767
62 772
62 776
62 777
62 781
62 782
62 783
62 784
62 787
62 788
62 795
62 799
62 800
63 408
63 410
63 412
63 416
63 418
63 419
63 422
63 424
63 425
63 429
63 433
63 440
63 441
63 442
63 443
63 447
63 449
63 452
63 454
63 458
63 459
63 462
63 468
63 469
63 472
63 474
63 476
63 478
63 480
63 481
63 484
63 487
63 488
63 489
63 490
63 491
63 493
63 496
63 501
63 505
63 507
63 513
63 515
63 517
63 519
63 520
63 521
63 522
63 524
63 525
63 526
63 530
63 531
63 533
63 534
63 535
63 537
63 538
63 539
63 542
63 543
63 545
63 546
63 548
63 550
63 551
63 554
63 556
63 559
63 560
63 562
63 563
63 566
63 568
63 569
63 571
63 573
63 574
63 575
63 576
63 584
63 585
63 587
63 589
63 590
63 591
63 593
63 599
63 600
63 601
63 603
63 605
63 606
63 607
63 608
63 609
63 610
63 614
63 615
63 618
63 619
63 620
63 621
63 624
63 630
63 631
63 635
63 637
63 639
63 640
63 641
63 642
63 643
63 644
63 645
63 646
63 650
63 653
63 654
63 655
63 657
63 660
63 662
63 663
63 664
63 665
63 668
63 671
63 673
63 675
63 676
63 678
63 680
63 684
63 685
63 686
63 687
63 688
63 691
63 692
63 694
63 695
63 696
63 700
63 702
63 704
63 705
63 707
63 708
63 710
63 713
63 714
63 718
63 720
63 721
63 723
63 724
63 725
63 727
63 730
63 731
63 733
63 735
63 737
63 738
63 739
63 741
63 743
63 748
63 749
63 751
63 752
63 754
63 755
63 756
63 759
63 761
63 765
63 766
63 770
63 771
63 773
63 775
63 777
63 784
63 786
63 788
63 791
63 793
63 795
63 796
63 798
63 799
64 401
64 403
64 404
64 405
64 406
64 407
64 410
64 411
64 413
64 414
64 415
64 416
64 418
64 419
64 421
64 427
64 432
64 435
64 437
64 438
64 439
64 442
64 445
64 448
64 450
64 452
64 455
64 456
64 461
64 462
64 466
64 470
64 472
64 477
64 479
64 480
64 482
64 483
64 491
64 496
64 498
64 499
64 500
64 501
64 502
64 505
64 508
64 510
64 512
64 516
64 519
64 521
64 522
64 525
64 528
64 530
64 531
64 534
64 535
64 536
64 537
64 538
64 540
64 541
64 542
64 545
64 546
64 548
64 554
64 557
64 562
64 565
64 566
64 567
64 570
64 571
64 573
64 577
64 579
64 580
64 581
64 582
64 583
64 584
64 585
64 586
64 587
64 589
64 590
64 592
64 594
64 600
64 603
64 605
64 608
64 613
64 615
64 618
64 620
64 624
64 626
64 628
64 630
64 634
64 636
64 639
64 640
64 645
64 647
64 649
64 651
64 652
64 654
64 657
64 659
64 661
64 665
64 666
64 669
64 670
64 674
64 675
64 676
64 679
64 685
64 686
64 687
64 688
64 690
64 693
64 695
64 698
64 699
64 700
64 701
64 704
64 710
64 711
64 713
64 714
64 717
64 718
64 719
64 720
64 722
64 729
64 732
64 736
64 737
64 738
64 740
64 742
64 744
64 745
64 747
64 748
64 749
64 751
64 753
64 754
64 755
64 756
64 758
64 759
64 760
64 761
64 762
64 771
64 772
64 774
64 775
64 777
64 779
64 781
64 782
64 783
64 789
64 791
64 793
64 794
64 795
64 797
64 799
64 800
65 401
65 402
65 405
65 409
65 411
65 412
65 413
65 414
65 416
65 417
65 418
65 419
65 420
65 423
65 426
65 429
65 431
65 433
65 434
65 435
65 437
65 441
65 444
65 445
65 446
65 447
65 448
65 449
65 452
65 453
65 454
65 455
65 458
65 461
65 463
65 466
65 473
65 474
65 475
65 476
65 479
65 480
65 481
65 482
65 483
65 485
65 487
65 489
65 490
65 492
65 493
65 494
65 495
65 496
65 497
65 499
65 500
65 501
65 502
65 505
65 512
65 514
65 515
65 520
65 524
65 526
65 528
65 530
65 532
65 533
65 534
65 537
65 538
65 539
65 544
65 550
65 551
65 552
65 554
65 556
65 557
65 559
65 560
65 562
65 564
65 565
65 567
65 568
65 570
65 573
65 574
65 575
65 578
65 579
65 580
65 581
65 582
65 583
65 584
65 586
65 587
65 588
65 590
65 593
65 594
65 597
65 598
65 599
65 601
65 606
65 608
65 614
65 616
65 618
65 619
65 620
65 622
65 624
65 626
65 629
65 630
65 631
65 635
65 639
65 640
65 643
65 644
65 645
65 646
65 647
65 650
65 654
65 656
65 659
65 660
65 661
65 666
65 667
65 668
65 669
65 671
65 672
65 673
65 674
65 675
65 676
65 677
65 679
65 682
65 683
65 684
65 685
65 688
65 689
65 690
65 693
65 694
65 695
65 698
65 705
65 706
65 709
65 710
65 713
65 715
65 719
65 720
65 722
65 726
65 727
65 731
65 732
65 733
65 735
65 738
65 739
65 740
65 741
65 743
65 744
65 746
65 747
65 748
65 750
65 751
65 752
65 753
65 754
65 755
65 756
65 758
65 759
65 762
65 763
65 764
65 767
65 768
65 770
65 771
65 778
65 779
65 780
65 781
65 783
65 784
65 785
65 786
65 787
65 788
65 789
65 790
65 793
65 794
65 795
65 796
65 798
66 402
66 403
66 406
66 409
66 411
66 413
66 414
66 417
66 419
66 420
66 424
66 425
66 426
66 427
66 429
66 431
66 432
66 433
66 434
66 435
66 436
66 438
66 442
66 444
66 445
66 450
66 451
66 453
66 454
66 455
66 456
66 458
66 461
66 462
66 463
66 464
66 465
66 467
66 470
66 471
66 472
66 475
66 476
66 477
66 481
66 485
66 490
66 493
66 497
66 499
66 501
66 505
66 506
66 509
66 510
66 511
66 514
66 515
66 516
66 520
66 524
66 525
66 528
66 530
66 531
66 532
66 533
66 534
66 535
66 536
66 537
66 539
66 540
66 541
66 542
66 544
66 546
66 549
66 550
66 551
66 552
66 554
66 556
66 557
66 559
66 564
66 571
66 574
66 575
66 576
66 579
66 584
66 586
66 590
66 591
66 594
66 595
66 597
66 598
66 599
66 600
66 605
66 608
66 612
66 613
66 614
66 619
66 620
66 622
66 625
66 626
66 629
66 633
66 634
66 636
66 639
66 640
66 642
66 643
66 644
66 647
66 649
66 650
66 651
66 653
66 656
66 660
66 661
66 662
66 664
66 666
66 668
66 670
66 671
66 672
66 676
66 677
66 678
66 680
66 681
66 687
66 693
66 694
66 698
66 700
66 701
66 702
66 706
66 709
66 712
66 715
66 716
66 718
66 719
66 721
66 722
66 723
66 725
66 730
66 732
66 733
66 735
66 736
66 738
66 739
66 741
66 743
66 744
66 745
66 747
66 748
66 750
66 754
66 759
66 760
66 764
66 765
66 766
66 768
66 769
66 770
66 771
66 772
66 774
66 775
66 776
66 777
66 778
66 780
66 782
66 783
66 785
66 789
66 794
66 796
66 797
66 798
67 405
67 407
67 409
67 415
67 418
67 419
67 420
67 424
67 426
67 427
67 428
67 429
67 430
67 436
67 437
67 438
67 441
67 442
67 445
67 446
67 447
67 448
67 449
67 452
67 453
67 454
67 465
67 466
67 467
67 471
67 472
67 475
67 476
67 478
67 481
67 484
67 485
67 488
67 489
67 490
67 491
67 492
67 496
67 498
67 499
67 502
67 503
67 504
67 505
67 507
67 510
67 511
67 512
67 516
67 517
67 518
67 522
67 523
67 525
67 528
67 534
67 535
67 536
67 537
67 544
67 545
67 547
67 548
67 549
67 552
67 554
67 560
67 561
67 562
67 564
67 566
67 567
67 570
67 572
67 573
67 576
67 580
67 583
67 584
67 585
67 587
67 589
67 592
67 596
67 598
67 601
67 602
67 604
67 609
67 611
67 612
67 613
67 617
67 620
67 621
67 622
67 623
67 626
67 627
67 629
67 630
67 631
67 632
67 633
67 636
67 638
67 641
67 643
67 644
67 645
67 646
67 647
67 650
67 651
67 652
67 654
67 655
67 656
67 657
67 658
67 659
67 661
67 666
67 667
67 673
67 674
67 678
67 679
67 682
67 684
67 685
67 689
67 690
67 691
67 692
67 694
67 695
67 698
67 700
67 702
67 704
67 705
67 707
67 711
67 712
67 713
67 714
67 715
67 716
67 719
67 723
67 724
67 727
67 728
67 730
67 731
67 733
67 734
67 736
67 739
67 740
67 741
67 743
67 744
67 747
67 748
67 749
67 751
67 752
67 753
67 754
67 757
67 761
67 763
67 765
67 767
67 768
67 769
67 771
67 772
67 774
67 775
67 776
67 777
67 778
67 780
67 781
67 782
67 783
67 784
67 785
67 786
67 789
67 791
67 792
67 793
67 795
67 797
68 403
68 404
68 408
68 410
68 411
68 412
68 413
68 415
68 416
68 417
68 418
68 419
68 428
68 429
68 430
68 431
68 433
68 434
68 436
68 437
68 438
68 439
68 441
68 442
68 443
68 445
68 446
68 447
68 450
68 451
68 453
68 454
68 455
68 456
68 457
68 458
68 459
68 462
68 465
68 466
68 468
68 469
68 473
68 474
68 476
68 479
68 483
68 486
68 490
68 492
68 493
68 495
68 496
68 499
68 501
68 504
68 505
68 509
68 513
68 514
68 515
68 516
68 517
68 519
68 523
68 524
68 528
68 529
68 534
68 536
68 538
68 539
68 542
68 544
68 546
68 547
68 550
68 551
68 552
68 555
68 557
68 558
68 560
68 562
68 563
68 564
68 567
68 570
68 571
68 573
68 575
68 576
68 577
68 578
68 580
68 583
68 584
68 588
68 590
68 591
68 592
68 593
68 595
68 598
68 599
68 600
68 602
68 603
68 604
68 606
68 609
68 610
68 612
68 615
68 616
68 621
68 624
68 625
68 631
68 633
68 635
68 637
68 638
68 639
68 641
68 642
68 645
68 646
68 648
68 654
68 655
68 657
68 659
68 664
68 665
68 666
68 667
68 670
68 672
68 674
68 677
68 679
68 680
68 681
68 682
68 685
68 689
68 690
68 691
68 692
68 693
68 695
68 697
68 700
68 701
68 703
68 704
68 707
68 708
68 709
68 710
68 711
68 714
68 715
68 716
68 717
68 718
68 719
68 721
68 723
68 725
68 726
68 728
68 731
68 733
68 738
68 739
68 740
68 742
68 743
68 746
68 751
68 753
68 754
68 756
68 757
68 758
68 761
68 764
68 765
68 767
68 768
68 769
68 773
68 774
68 776
68 777
68 779
68 781
68 786
68 788
68 789
68 790
68 791
68 792
68 795
68 796
68 798
68 799
68 800
69 401
69 406
69 407
69 408
69 414
69 416
69 417
69 418
69 420
69 422
69 423
69 424
69 425
69 427
69 429
69 431
69 432
69 433
69 434
69 435
69 442
69 443
69 444
69 446
69 447
69 448
69 449
69 450
69 451
69 452
69 456
69 457
69 459
69 461
69 463
69 465
69 468
69 469
69 472
69 473
69 474
69 477
69 480
69 481
69 482
69 483
69 485
69 488
69 489
69 492
69 494
69 497
69 498
69 500
69 501
69 502
69 503
69 505
69 512
69 515
69 516
69 518
69 519
69 524
69 528
69 529
69 530
69 532
69 533
69 534
69 541
69 542
69 544
69 546
69 548
69 550
69 551
69 554
69 558
69 562
69 563
69 565
69 567
69 568
69 569
69 571
69 572
69 575
69 578
69 581
69 582
69 584
69 585
69 586
69 588
69 590
69 592
69 596
69 597
69 599
69 600
69 601
69 608
69 610
69 611
69 615
69 620
69 621
69 625
69 626
69 627
69 630
69 633
69 634
69 635
69 636
69 637
69 638
69 640
69 642
69 644
69 646
69 649
69 650
69 651
69 652
69 653
69 654
69 656
69 658
69 660
69 664
69 665
69 666
69 667
69 668
69 669
69 670
69 672
69 675
69 676
69 678
69 679
69 680
69 681
69 683
69 684
69 685
69 687
69 691
69 693
69 697
69 700
69 705
69 706
69 707
69 708
69 709
69 712
69 716
69 717
69 720
69 721
69 722
69 723
69 725
69 726
69 728
69 729
69 730
69 731
69 732
69 735
69 737
69 741
69 743
69 745
69 748
69 750
69 751
69 752
69 754
69 755
69 759
69 763
69 765
69 767
69 768
69 769
69 771
69 773
69 774
69 775
69 776
69 779
69 780
69 785
69 787
69 788
69 795
69 796
69 797
69 798
70 402
70 405
70 406
70 407
70 408
70 410
70 411
70 412
70 414
70 418
70 419
70 420
70 424
70 425
70 426
70 428
70 432
70 437
70 438
70 439
70 440
70 441
70 442
70 447
70 454
70 455
70 456
70 458
70 460
70 464
70 465
70 470
70 473
70 474
70 475
70 477
70 479
70 485
70 487
70 488
70 489
70 490
70 491
70 496
70 498
70 499
70 500
70 502
70 503
70 504
70 505
70 506
70 507
70 508
70 510
70 514
70 517
70 519
70 521
70 522
70 524
70 529
70 530
70 533
70 537
70 541
70 542
70 543
70 546
70 547
70 550
70 551
70 554
70 557
70 558
70 561
70 562
70 564
70 565
70 571
70 573
70 576
70 577
70 578
70 580
70 581
70 582
70 584
70 587
70 588
70 589
70 590
70 591
70 592
70 593
70 594
70 599
70 600
70 601
70 604
70 605
70 606
70 608
70 609
70 614
70 616
70 619
70 620
70 621
70 622
70 623
70 627
70 628
70 629
70 632
70 634
70 638
70 639
70 644
70 645
70 646
70 647
70 649
70 650
70 651
70 652
70 653
70 654
70 655
70 656
70 657
70 658
70 660
70 661
70 666
70 667
70 669
70 671
70 672
70 673
70 674
70 675
70 676
70 680
70 684
70 687
70 689
70 693
70 694
70 695
70 700
70 701
70 703
70 705
70 708
70 710
70 713
70 714
70 719
70 720
70 721
70 723
70 724
70 725
70 726
70 729
70 731
70 733
70 735
70 736
70 737
70 738
70 741
70 744
70 745
70 752
70 754
70 756
70 760
70 761
70 763
70 764
70 767
70 769
70 770
70 771
70 772
70 781
70 783
70 784
70 788
70 790
70 792
70 794
70 795
71 402
71 403
71 404
71 405
71 406
71 407
71 408
71 409
71 413
71 424
71 427
71 429
71 430
71 433
71 435
71 436
71 438
71 439
71 440
71 441
71 443
71 444
71 446
71 448
71 450
71 451
71 453
71 454
71 456
71 457
71 459
71 462
71 463
71 465
71 466
71 467
71 468
71 469
71 470
71 474
71 476
71 482
71 483
71 484
71 489
71 491
71 503
71 504
71 505
71 508
71 509
71 510
71 511
71 513
71 516
71 517
71 518
71 521
71 522
71 523
71 525
71 526
71 528
71 529
71 530
71 531
71 533
71 534
71 535
71 537
71 538
71 539
71 542
71 543
71 545
71 547
71 549
71 551
71 553
71 555
71 559
71 562
71 564
71 566
71 568
71 571
71 572
71 573
71 577
71 579
71 580
71 582
71 583
71 584
71 585
71 589
71 590
71 592
71 596
71 598
71 599
71 600
71 601
71 607
71 610
71 611
71 615
71 619
71 620
71 621
71 624
71 625
71 630
71 632
71 634
71 636
71 637
71 639
71 640
71 641
71 642
71 645
71 646
71 648
71 649
71 650
71 652
71 654
71 655
71 656
71 657
71 659
71 660
71 662
71 665
71 667
71 668
71 669
71 670
71 674
71 675
71 678
71 682
71 686
71 687
71 689
71 690
71 691
71 692
71 697
71 699
71 701
71 703
71 704
71 707
71 710
71 712
71 713
71 714
71 715
71 716
71 717
71 718
71 719
71 721
71 724
71 731
71 732
71 736
71 737
71 738
71 740
71 741
71 742
71 745
71 749
71 752
71 753
71 754
71 758
71 759
71 760
71 761
71 762
71 765
71 766
71 768
71 770
71 771
71 773
71 774
71 775
71 777
71 778
71 779
71 781
71 782
71 784
71 786
71 787
71 792
71 794
71 799
72 401
72 403
72 404
72 406
72 409
72 410
72 411
72 412
72 413
72 416
72 417
72 418
72 419
72 421
72 424
72 427
72 428
72 430
72 432
72 433
72 435
72 437
72 439
72 440
72 442
72 444
72 445
72 446
72 447
72 448
72 450
72 451
72 454
72 458
72 460
72 461
72 462
72 465
72 469
72 477
72 478
72 483
72 487
72 489
72 490
72 498
72 502
72 503
72 505
72 506
72 511
72 514
72 515
72 518
72 520
72 521
72 522
72 524
72 526
72 529
72 530
72 531
72 532
72 533
72 539
72 541
72 542
72 543
72 550
72 551
72 552
72 553
72 554
72 556
72 560
72 569
72 570
72 571
72 573
72 574
72 575
72 576
72 577
72 578
72 579
72 580
72 581
72 582
72 584
72 585
72 586
72 587
72 588
72 590
72 592
72 593
72 594
72 595
72 596
72 605
72 606
72 607
72 608
72 613
72 614
72 616
72 618
72 619
72 620
72 623
72 624
72 625
72 630
72 632
72 636
72 639
72 642
72 645
72 648
72 649
72 650
72 653
72 654
72 656
72 659
72 660
72 661
72 664
72 667
72 668
72 669
72 670
72 673
72 676
72 682
72 683
72 686
72 688
72 693
72 695
72 696
72 697
72 698
72 699
72 701
72 703
72 704
72 705
72 706
72 708
72 709
72 712
72 713
72 715
72 718
72 719
72 720
72 721
72 725
72 729
72 730
72 731
72 733
72 734
72 739
72 740
72 742
72 743
72 745
72 746
72 748
72 749
72 751
72 754
72 756
72 759
72 761
72 763
72 765
72 766
72 767
72 768
72 770
72 775
72 776
72 778
72 779
72 788
72 791
72 793
72 794
72 796
72 799
72 800
73 402
73 403
73 404
73 405
73 407
73 408
73 409
73 410
73 411
73 416
73 418
73 422
73 423
73 425
73 426
73 427
73 429
73 430
73 431
73 434
73 435
73 436
73 437
73 438
73 439
73 440
73 444
73 445
73 447
73 449
73 451
73 452
73 454
73 457
73 459
73 465
73 467
73 468
73 469
73 470
73 471
73 472
73 473
73 474
73 475
73 477
73 478
73 479
73 480
73 481
73 482
73 484
73 485
73 488
73 489
73 492
73 494
73 495
73 497
73 499
73 501
73 504
73 506
73 507
73 508
73 509
73 510
73 512
73 515
73 517
73 518
73 522
73 525
73 526
73 530
73 531
73 532
73 533
73 536
73 537
73 541
73 543
73 544
73 546
73 547
73 548
73 549
73 550
73 554
73 555
73 556
73 557
73 558
73 560
73 561
73 562
73 564
73 565
73 569
73 570
73 572
73 573
73 574
73 575
73 579
73 582
73 583
73 587
73 589
73 593
73 595
73 601
73 603
73 604
73 605
73 607
73 609
73 611
73 612
73 614
73 620
73 621
73 622
73 625
73 626
73 627
73 629
73 631
73 634
73 635
73 636
73 640
73 644
73 649
73 650
73 652
73 654
73 658
73 661
73 662
73 665
73 668
73 669
73 670
73 672
73 674
73 676
73 679
73 680
73 681
73 683
73 685
73 686
73 687
73 688
73 689
73 691
73 692
73 694
73 698
73 703
73 710
73 711
73 717
73 724
73 725
73 726
73 728
73 729
73 730
73 731
73 733
73 735
73 742
73 744
73 745
73 748
73 749
73 752
73 753
73 758
73 765
73 767
73 768
73 772
73 774
73 777
73 779
73 780
73 781
73 782
73 783
73 784
73 786
73 789
73 790
73 792
73 793
73 795
73 797
73 798
73 800
74 402
74 403
74 404
74 406
74 410
74 411
74 412
74 414
74 415
74 416
74 418
74 420
74 421
74 423
74 426
74 428
74 430
74 432
74 433
74 434
74 435
74 437
74 439
74 444
74 445
74 446
74 448
74 449
74 450
74 455
74 456
74 459
74 461
74 462
74 463
74 465
74 468
74 469
74 471
74 472
74 473
74 475
74 476
74 479
74 481
74 482
74 483
74 486
74 487
74 490
74 492
74 493
74 495
74 499
74 502
74 504
74 505
74 506
74 512
74 513
74 516
74 517
74 518
74 520
74 521
74 525
74 526
74 527
74 528
74 529
74 530
74 531
74 532
74 534
74 535
74 537
74 539
74 540
74 545
74 546
74 547
74 551
74 552
74 556
74 558
74 559
74 560
74 563
74 564
74 565
74 567
74 568
74 570
74 571
74 577
74 589
74 591
74 594
74 595
74 596
74 597
74 598
74 599
74 601
74 602
74 605
74 606
74 607
74 608
74 611
74 612
74 614
74 615
74 616
74 617
74 619
74 622
74 623
74 625
74 627
74 632
74 634
74 637
74 638
74 639
74 641
74 644
74 645
74 649
74 654
74 655
74 657
74 660
74 662
74 665
74 669
74 670
74 671
74 672
74 675
74 676
74 678
74 679
74 681
74 684
74 686
74 688
74 689
74 693
74 696
74 698
74 704
74 706
74 707
74 708
74 709
74 710
74 712
74 714
74 719
74 723
74 724
74 726
74 728
74 733
74 734
74 739
74 740
74 744
74 749
74 751
74 752
74 753
74 755
74 757
74 758
74 761
74 764
74 765
74 768
74 769
74 771
74 772
74 774
74 776
74 778
74 783
74 786
74 787
74 789
74 795
74 799
74 800
75 401
75 406
75 407
75 408
75 409
75 410
75 413
75 414
75 416
75 418
75 419
75 420
75 422
75 423
75 424
75 426
75 428
75 432
75 433
75 434
75 439
75 440
75 441
75 442
75 443
75 445
75 448
75 449
75 452
75 453
75 454
75 455
75 456
75 458
75 459
75 460
75 462
75 463
75 464
75 465
75 469
75 471
75 474
75 475
75 477
75 481
75 483
75 484
75 485
75 487
75 488
75 490
75 492
75 494
75 496
75 497
75 499
75 504
75 505
75 506
75 507
75 508
75 509
75 512
75 513
75 514
75 515
75 516
75 517
75 518
75 520
75 521
75 522
75 523
75 525
75 527
75 530
75 532
75 533
75 535
75 536
75 537
75 539
75 541
75 542
75 543
75 544
75 545
75 546
75 547
75 548
75 551
75 552
75 553
75 555
75 556
75 557
75 558
75 560
75 563
75 565
75 569
75 573
75 579
75 581
75 582
75 583
75 585
75 588
75 589
75 591
75 593
75 594
75 597
75 598
75 600
75 602
75 603
75 604
75 605
75 607
75 608
75 610
75 612
75 614
75 615
75 617
75 618
75 619
75 622
75 624
75 628
75 636
75 637
75 638
75 639
75 640
75 641
75 644
75 647
75 649
75 652
75 653
75 656
75 657
75 661
75 664
75 667
75 668
75 669
75 671
75 676
75 678
75 679
75 680
75 683
75 686
75 687
75 690
75 693
75 696
75 697
75 698
75 699
75 700
75 701
75 702
75 704
75 706
75 708
75 709
75 710
75 711
75 713
75 714
75 717
75 718
75 720
75 725
75 726
75 728
75 729
75 731
75 733
75 735
75 736
75 737
75 738
75 739
75 740
75 741
75 742
75 743
75 748
75 750
75 751
75 753
75 754
75 756
75 757
75 758
75 764
75 769
75 770
75 772
75 773
75 776
75 778
75 780
75 781
75 782
75 783
75 784
75 786
75 789
75 790
75 793
75 794
75 795
75 796
75 799
75 800
76 401
76 403
76 406
76 408
76 409
76 410
76 411
76 412
76 415
76 416
76 417
76 420
76 421
76 423
76 424
76 425
76 427
76 428
76 429
76 436
76 437
76 438
76 439
76 440
76 442
76 444
76 446
76 449
76 450
76 451
76 452
76 453
76 455
76 456
76 457
76 458
76 463
76 464
76 467
76 469
76 470
76 471
76 473
76 475
76 481
76 482
76 483
76 484
76 485
76 490
76 491
76 495
76 496
76 497
76 498
76 504
76 505
76 507
76 508
76 509
76 511
76 512
76 514
76 517
76 519
76 520
76 522
76 526
76 527
76 529
76 531
76 534
76 536
76 537
76 539
76 540
76 541
76 543
76 545
76 548
76 551
76 553
76 558
76 563
76 564
76 568
76 569
76 572
76 573
76 578
76 579
76 581
76 583
76 584
76 585
76 589
76 590
76 591
76 594
76 595
76 596
76 599
76 600
76 603
76 606
76 608
76 612
76 614
76 615
76 620
76 622
76 623
76 624
76 625
76 626
76 629
76 631
76 633
76 634
76 635
76 638
76 642
76 643
76 644
76 645
76 649
76 650
76 655
76 657
76 663
76 664
76 666
76 667
76 670
76 671
76 672
76 673
76 675
76 676
76 686
76 687
76 688
76 690
76 697
76 699
76 702
76 704
76 705
76 716
76 719
76 720
76 722
76 725
76 726
76 727
76 728
76 729
76 732
76 733
76 735
76 736
76 738
76 741
76 742
76 745
76 746
76 750
76 752
76 753
76 756
76 757
76 759
76 760
76 765
76 766
76 768
76 772
76 773
76 774
76 775
76 776
76 779
76 782
76 783
76 790
76 793
76 794
76 795
76 797
76 799
77 408
77 412
77 414
77 415
77 420
77 421
77 422
77 423
77 424
77 429
77 430
77 432
77 433
77 434
77 435
77 436
77 438
77 441
77 444
77 446
77 447
77 450
77 453
77 454
77 455
77 456
77 458
77 459
77 460
77 461
77 464
77 465
77 469
77 471
77 475
77 477
77 478
77 481
77 482
77 483
77 484
77 485
77 486
77 487
77 490
77 493
77 494
77 496
77 500
77 502
77 503
77 509
77 510
77 512
77 514
77 515
77 516
77 517
77 519
77 522
77 523
77 528
77 534
77 535
77 536
77 539
77 540
77 542
77 543
77 546
77 548
77 553
77 555
77 556
77 564
77 565
77 566
77 567
77 573
77 574
77 578
77 579
77 585
77 587
77 593
77 595
77 597
77 599
77 601
77 602
77 603
77 606
77 607
77 608
77 609
77 610
77 611
77 614
77 616
77 617
77 618
77 619
77 622
77 625
77 626
77 628
77 632
77 635
77 637
77 641
77 644
77 645
77 646
77 648
77 653
77 656
77 658
77 666
77 668
77 672
77 673
77 675
77 676
77 683
77 685
77 690
77 691
77 692
77 693
77 695
77 696
77 698
77 699
77 700
77 702
77 704
77 706
77 708
77 709
77 710
77 711
77 713
77 714
77 715
77 716
77 720
77 721
77 722
77 725
77 727
77 731
77 733
77 735
77 736
77 742
77 743
77 745
77 749
77 753
77 754
77 755
77 757
77 758
77 762
77 765
77 767
77 768
77 771
77 778
77 782
77 783
77 784
77 785
77 788
77 793
77 794
77 795
77 797
77 799
77 800
78 403
78 407
78 408
78 409
78 410
78 411
78 413
78 416
78 417
78 418
78 419
78 420
78 421
78 422
78 424
78 427
78 428
78 429
78 432
78 433
78 437
78 439
78 441
78 442
78 443
78 445
78 446
78 451
78 457
78 458
78 459
78 461
78 462
78 463
78 465
78 467
78 469
78 474
78 476
78 478
78 480
78 482
78 483
78 485
78 488
78 489
78 492
78 494
78 496
78 497
78 498
78 499
78 501
78 503
78 504
78 506
78 507
78 508
78 509
78 510
78 511
78 513
78 519
78 520
78 522
78 524
78 525
78 527
78 528
78 530
78 532
78 534
78 536
78 537
78 538
78 540
78 541
78 543
78 544
78 546
78 547
78 550
78 555
78 556
78 557
78 560
78 563
78 564
78 565
78 567
78 568
78 569
78 574
78 575
78 578
78 579
78 580
78 583
78 584
78 586
78 587
78 588
78 589
78 590
78 591
78 593
78 594
78 595
78 596
78 597
78 598
78 600
78 602
78 604
78 606
78 610
78 611
78 612
78 613
78 616
78 618
78 619
78 620
78 621
78 625
78 628
78 630
78 631
78 632
78 634
78 636
78 641
78 643
78 644
78 645
78 646
78 649
78 650
78 652
78 653
78 656
78 657
78 658
78 659
78 661
78 662
78 663
78 668
78 670
78 674
78 675
78 678
78 679
78 682
78 683
78 685
78 689
78 690
78 691
78 693
78 694
78 695
78 698
78 703
78 706
78 708
78 709
78 713
78 717
78 719
78 721
78 722
78 729
78 730
78 731
78 732
78 733
78 735
78 737
78 739
78 740
78 741
78 742
78 744
78 746
78 749
78 750
78 751
78 755
78 756
78 760
78 763
78 764
78 765
78 767
78 769
78 771
78 773
78 778
78 780
78 781
78 782
78 783
78 784
78 785
78 786
78 788
78 790
78 792
78 794
78 795
78 797
78 798
78 800
79 406
79 408
79 409
79 412
79 413
79 417
79 418
79 419
79 420
79 421
79 422
79 423
79 425
79 427
79 430
79 432
79 433
79 434
79 439
79 442
79 443
79 444
79 447
79 448
79 449
79 452
79 454
79 456
79 457
79 459
79 460
79 461
79 463
79 465
79 468
79 469
79 470
79 472
79 473
79 474
79 479
79 481
79 483
79 485
79 486
79 489
79 491
79 492
79 493
79 495
79 496
79 497
79 498
79 500
79 503
79 504
79 507
79 508
79 509
79 510
79 511
79 517
79 519
79 521
79 526
79 530
79 531
79 532
79 533
79 537
79 540
79 544
79 545
79 546
79 547
79 550
79 551
79 555
79 556
79 563
79 566
79 569
79 571
79 574
79 575
79 576
79 581
79 583
79 586
79 591
79 594
79 595
79 597
79 598
79 601
79 602
79 604
79 605
79 609
79 610
79 611
79 616
79 618
79 622
79 625
79 627
79 628
79 633
79 634
79 637
79 639
79 640
79 641
79 642
79 645
79 647
79 648
79 650
79 654
79 656
79 657
79 658
79 661
79 662
79 663
79 665
79 668
79 671
79 672
79 674
79 675
79 676
79 677
79 678
79 679
79 680
79 682
79 685
79 687
79 689
79 694
79 695
79 696
79 697
79 702
79 704
79 705
79 709
79 710
79 711
79 714
79 715
79 717
79 718
79 719
79 722
79 723
79 724
79 725
79 726
79 728
79 730
79 732
79 733
79 734
79 736
79 738
79 739
79 743
79 748
79 749
79 751
79 752
79 753
79 754
79 755
79 758
79 760
79 761
79 762
79 763
79 764
79 767
79 768
79 769
79 772
79 773
79 774
79 775
79 776
79 778
79 780
79 783
79 784
79 790
79 792
79 793
79 794
79 795
79 796
79 799
79 800
80 401
80 403
80 404
80 407
80 411
80 412
80 413
80 414
80 417
80 418
80 423
80 425
80 426
80 427
80 430
80 433
80 434
80 437
80 439
80 445
80 447
80 449
80 450
80 451
80 452
80 454
80 455
80 456
80 460
80 463
80 464
80 465
80 467
80 468
80 469
80 471
80 473
80 474
80 477
80 478
80 480
80 482
80 483
80 484
80 488
80 489
80 492
80 493
80 495
80 498
80 499
80 500
80 503
80 506
80 507
80 508
80 514
80 515
80 516
80 517
80 518
80 519
80 520
80 522
80 524
80 526
80 528
80 529
80 531
80 534
80 535
80 537
80 542
80 544
80 546
80 547
80 548
80 549
80 550
80 555
80 558
80 559
80 560
80 562
80 564
80 566
80 571
80 572
80 573
80 574
80 575
80 581
80 586
80 587
80 588
80 589
80 590
80 591
80 592
80 593
80 596
80 598
80 599
80 600
80 602
80 603
80 604
80 605
80 608
80 610
80 611
80 615
80 617
80 618
80 626
80 628
80 631
80 634
80 635
80 637
80 639
80 640
80 642
80 645
80 648
80 649
80 650
80 655
80 656
80 660
80 661
80 662
80 663
80 670
80 671
80 674
80 676
80 679
80 680
80 683
80 688
80 689
80 690
80 694
80 695
80 696
80 700
80 701
80 702
80 705
80 706
80 707
80 709
80 712
80 713
80 714
80 721
80 722
80 729
80 732
80 733
80 734
80 735
80 737
80 740
80 741
80 744
80 745
80 749
80 755
80 762
80 764
80 766
80 767
80 769
80 772
80 776
80 777
80 778
80 780
80 782
80 785
80 786
80 787
80 788
80 789
80 790
80 791
80 794
80 795
80 796
81 403
81 407
81 409
81 412
81 413
81 415
81 416
81 418
81 419
81 420
81 421
81 425
81 429
81 431
81 432
81 433
81 435
81 436
81 437
81 440
81 441
81 442
81 447
81 449
81 450
81 454
81 455
81 457
81 460
81 462
81 466
81 467
81 477
81 478
81 479
81 481
81 483
81 484
81 485
81 486
81 488
81 490
81 491
81 494
81 498
81 499
81 500
81 502
81 505
81 506
81 507
81 510
81 511
81 514
81 516
81 517
81 518
81 519
81 520
81 522
81 524
81 525
81 530
81 533
81 534
81 537
81 538
81 541
81 542
81 544
81 546
81 547
81 549
81 553
81 554
81 555
81 559
81 560
81 562
81 563
81 564
81 565
81 568
81 569
81 571
81 574
81 575
81 577
81 578
81 579
81 580
81 581
81 582
81 589
81 591
81 592
81 593
81 595
81 596
81 597
81 600
81 601
81 602
81 604
81 605
81 606
81 607
81 608
81 610
81 611
81 612
81 615
81 616
81 617
81 620
81 621
81 622
81 624
81 625
81 626
81 627
81 630
81 631
81 633
81 637
81 638
81 646
81 647
81 652
81 653
81 654
81 655
81 658
81 660
81 662
81 663
81 665
81 666
81 667
81 668
81 669
81 673
81 677
81 679
81 684
81 685
81 691
81 693
81 694
81 696
81 699
81 702
81 704
81 705
81 706
81 714
81 718
81 719
81 724
81 725
81 726
81 727
81 728
81 729
81 731
81 734
81 738
81 740
81 743
81 744
81 745
81 746
81 747
81 748
81 749
81 751
81 754
81 755
81 756
81 758
81 759
81 760
81 762
81 763
81 765
81 766
81 767
81 769
81 776
81 777
81 779
81 780
81 784
81 787
81 790
81 791
81 793
81 794
81 795
81 797
81 799
82 402
82 405
82 408
82 410
82 412
82 413
82 415
82 416
82 418
82 419
82 424
82 425
82 427
82 429
82 430
82 437
82 438
82 441
82 443
82 446
82 449
82 451
82 452
82 453
82 454
82 456
82 459
82 460
82 462
82 463
82 464
82 468
82 470
82 477
82 482
82 484
82 485
82 486
82 489
82 490
82 491
82 492
82 494
82 497
82 498
82 499
82 501
82 502
82 504
82 506
82 507
82 508
82 509
82 510
82 515
82 516
82 517
82 519
82 520
82 522
82 523
82 526
82 527
82 530
82 532
82 533
82 535
82 537
82 540
82 543
82 545
82 547
82 548
82 551
82 554
82 556
82 563
82 564
82 565
82 566
82 567
82 568
82 570
82 571
82 573
82 576
82 579
82 580
82 581
82 582
82 584
82 587
82 589
82 595
82 598
82 601
82 603
82 606
82 607
82 608
82 609
82 610
82 612
82 615
82 616
82 619
82 620
82 622
82 623
82 624
82 626
82 627
82 628
82 630
82 633
82 635
82 636
82 637
82 639
82 640
82 641
82 642
82 643
82 644
82 645
82 649
82 651
82 653
82 654
82 656
82 657
82 664
82 666
82 667
82 670
82 671
82 672
82 675
82 676
82 680
82 681
82 689
82 690
82 691
82 692
82 694
82 698
82 699
82 701
82 702
82 705
82 708
82 709
82 714
82 717
82 718
82 719
82 720
82 721
82 722
82 723
82 725
82 728
82 732
82 733
82 734
82 738
82 741
82 743
82 744
82 745
82 747
82 748
82 750
82 751
82 752
82 758
82 760
82 761
82 764
82 765
82 766
82 767
82 770
82 772
82 773
82 775
82 779
82 781
82 783
82 784
82 786
82 787
82 788
82 790
82 792
82 796
82 797
82 798
82 799
83 403
83 404
83 406
83 407
83 408
83 409
83 410
83 412
83 413
83 414
83 415
83 418
83 420
83 423
83 424
83 427
83 429
83 432
83 434
83 435
83 437
83 439
83 440
83 441
83 443
83 445
83 448
83 449
83 450
83 451
83 452
83 454
83 459
83 460
83 461
83 463
83 464
83 470
83 473
83 475
83 480
83 481
83 483
83 485
83 489
83 490
83 491
83 495
83 499
83 502
83 503
83 504
83 506
83 509
83 512
83 513
83 514
83 515
83 517
83 518
83 520
83 522
83 523
83 525
83 527
83 528
83 530
83 532
83 535
83 538
83 539
83 541
83 543
83 544
83 545
83 547
83 548
83 549
83 550
83 551
83 554
83 555
83 559
83 560
83 563
83 564
83 566
83 568
83 576
83 577
83 578
83 580
83 581
83 583
83 584
83 585
83 586
83 587
83 591
83 594
83 596
83 597
83 598
83 599
83 601
83 602
83 603
83 605
83 607
83 610
83 612
83 613
83 614
83 615
83 617
83 618
83 619
83 620
83 621
83 622
83 623
83 627
83 629
83 632
83 636
83 637
83 639
83 640
83 642
83 648
83 652
83 653
83 654
83 655
83 656
83 657
83 659
83 660
83 665
83 667
83 670
83 671
83 673
83 674
83 675
83 676
83 677
83 678
83 679
83 682
83 683
83 684
83 686
83 688
83 689
83 690
83 695
83 696
83 700
83 703
83 704
83 705
83 706
83 707
83 708
83 709
83 713
83 715
83 716
83 717
83 718
83 720
83 721
83 723
83 724
83 726
83 727
83 728
83 729
83 730
83 732
83 734
83 735
83 743
83 744
83 746
83 748
83 750
83 755
83 757
83 759
83 760
83 761
83 762
83 764
83 765
83 766
83 767
83 769
83 770
83 771
83 772
83 774
83 775
83 776
83 777
83 783
83 789
83 790
83 792
83 794
83 795
83 796
83 797
83 798
83 799
83 800
84 403
84 404
84 411
84 412
84 413
84 414
84 415
84 419
84 420
84 422
84 427
84 430
84 433
84 435
84 436
84 440
84 441
84 442
84 444
84 447
84 448
84 452
84 454
84 455
84 456
84 458
84 461
84 462
84 463
84 464
84 465
84 466
84 467
84 470
84 471
84 473
84 474
84 475
84 476
84 478
84 480
84 481
84 482
84 484
84 489
84 491
84 495
84 496
84 499
84 500
84 501
84 503
84 504
84 509
84 511
84 512
84 520
84 522
84 523
84 525
84 526
84 527
84 528
84 529
84 530
84 531
84 532
84 537
84 542
84 544
84 545
84 546
84 548
84 549
84 551
84 554
84 557
84 558
84 559
84 561
84 564
84 565
84 568
84 569
84 570
84 571
84 573
84 575
84 577
84 578
84 580
84 584
84 585
84 586
84 598
84 599
84 602
84 603
84 605
84 606
84 607
84 608
84 611
84 614
84 616
84 618
84 619
84 625
84 626
84 628
84 629
84 631
84 633
84 634
84 638
84 640
84 647
84 649
84 650
84 651
84 652
84 654
84 655
84 656
84 659
84 660
84 663
84 664
84 667
84 668
84 669
84 671
84 672
84 673
84 674
84 676
84 677
84 684
84 685
84 686
84 687
84 690
84 694
84 695
84 696
84 698
84 699
84 701
84 704
84 706
84 709
84 711
84 713
84 716
84 720
84 722
84 723
84 724
84 725
84 726
84 727
84 728
84 729
84 730
84 732
84 737
84 738
84 739
84 740
84 741
84 742
84 744
84 747
84 748
84 757
84 760
84 765
84 766
84 767
84 768
84 770
84 773
84 775
84 776
84 778
84 779
84 780
84 782
84 784
84 787
84 791
84 794
84 797
84 799
84 800
85 401
85 403
85 406
85 407
85 409
85 413
85 415
85 416
85 419
85 422
85 425
85 427
85 428
85 429
85 434
85 438
85 440
85 441
85 443
85 444
85 445
85 446
85 449
85 450
85 452
85 453
85 454
85 457
85 458
85 459
85 460
85 461
85 467
85 468
85 471
85 472
85 473
85 474
85 476
85 478
85 480
85 483
85 487
85 489
85 490
85 491
85 497
85 498
85 501
85 502
85 504
85 506
85 507
85 508
85 511
85 512
85 514
85 516
85 518
85 519
85 520
85 523
85 524
85 525
85 527
85 528
85 531
85 532
85 533
85 535
85 537
85 541
85 544
85 549
85 551
85 552
85 554
85 555
85 556
85 558
85 559
85 561
85 562
85 567
85 568
85 572
85 573
85 574
85 577
85 579
85 582
85 583
85 584
85 589
85 590
85 591
85 592
85 594
85 595
85 596
85 597
85 598
85 599
85 600
85 601
85 602
85 603
85 604
85 608
85 610
85 614
85 615
85 617
85 618
85 619
85 620
85 626
85 631
85 632
85 634
85 635
85 636
85 638
85 640
85 644
85 646
85 647
85 652
85 653
85 654
85 655
85 657
85 660
85 663
85 666
85 667
85 668
85 669
85 671
85 672
85 681
85 682
85 683
85 684
85 688
85 690
85 691
85 692
85 693
85 700
85 701
85 704
85 705
85 706
85 707
85 709
85 712
85 713
85 714
85 719
85 720
85 721
85 723
85 724
85 725
85 728
85 730
85 734
85 735
85 737
85 739
85 740
85 741
85 745
85 753
85 755
85 756
85 758
85 760
85 763
85 772
85 773
85 774
85 775
85 777
85 780
85 784
85 786
85 787
85 789
85 794
85 795
85 797
85 799
85 800
86 401
86 406
86 408
86 415
86 420
86 421
86 422
86 424
86 425
86 426
86 428
86 429
86 436
86 438
86 439
86 441
86 442
86 444
86 445
86 449
86 452
86 455
86 456
86 458
86 460
86 461
86 465
86 469
86 470
86 475
86 480
86 483
86 485
86 486
86 487
86 489
86 493
86 498
86 499
86 501
86 502
86 503
86 506
86 510
86 511
86 512
86 513
86 515
86 517
86 519
86 523
86 525
86 533
86 539
86 540
86 542
86 544
86 547
86 550
86 555
86 556
86 557
86 559
86 563
86 564
86 565
86 567
86 568
86 572
86 574
86 576
86 577
86 581
86 584
86 585
86 589
86 590
86 593
86 598
86 599
86 601
86 602
86 604
86 605
86 608
86 614
86 618
86 620
86 624
86 625
86 629
86 632
86 634
86 637
86 638
86 639
86 641
86 643
86 649
86 652
86 656
86 657
86 658
86 659
86 661
86 662
86 664
86 668
86 670
86 672
86 673
86 674
86 675
86 676
86 681
86 686
86 687
86 688
86 689
86 691
86 692
86 693
86 694
86 696
86 698
86 699
86 704
86 713
86 714
86 718
86 719
86 722
86 724
86 727
86 729
86 731
86 732
86 733
86 737
86 740
86 741
86 744
86 745
86 746
86 747
86 750
86 751
86 752
86 753
86 754
86 755
86 757
86 763
86 764
86 765
86 767
86 773
86 776
86 777
86 779
86 780
86 781
86 782
86 783
86 784
86 785
86 786
86 788
86 789
86 790
86 792
86 793
86 798
86 799
86 800
87 402
87 403
87 405
87 407
87 409
87 413
87 414
87 417
87 418
87 421
87 422
87 427
87 428
87 429
87 431
87 434
87 436
87 437
87 440
87 444
87 445
87 450
87 451
87 453
87 454
87 455
87 457
87 460
87 462
87 463
87 466
87 467
87 472
87 473
87 474
87 475
87 478
87 479
87 481
87 482
87 483
87 487
87 489
87 490
87 491
87 492
87 495
87 496
87 497
87 498
87 499
87 500
87 501
87 504
87 505
87 506
87 507
87 511
87 513
87 516
87 517
87 519
87 520
87 523
87 524
87 527
87 528
87 529
87 530
87 532
87 535
87 537
87 539
87 540
87 542
87 543
87 544
87 545
87 546
87 548
87 549
87 550
87 551
87 552
87 556
87 557
87 558
87 559
87 560
87 564
87 565
87 567
87 568
87 570
87 571
87 579
87 581
87 582
87 584
87 587
87 588
87 589
87 595
87 596
87 597
87 599
87 602
87 603
87 604
87 606
87 609
87 611
87 612
87 613
87 614
87 615
87 617
87 620
87 624
87 625
87 626
87 628
87 629
87 633
87 635
87 636
87 637
87 638
87 639
87 641
87 642
87 644
87 646
87 649
87 650
87 652
87 655
87 659
87 662
87 665
87 667
87 670
87 671
87 675
87 676
87 677
87 680
87 681
87 683
87 684
87 689
87 690
87 691
87 692
87 693
87 694
87 695
87 698
87 699
87 700
87 702
87 703
87 706
87 707
87 708
87 709
87 710
87 712
87 713
87 714
87 716
87 718
87 719
87 720
87 723
87 724
87 726
87 730
87 732
87 733
87 734
87 736
87 739
87 740
87 741
87 746
87 751
87 758
87 760
87 762
87 763
87 765
87 766
87 769
87 770
87 772
87 773
87 774
87 775
87 777
87 778
87 779
87 780
87 781
87 782
87 784
87 785
87 786
87 788
87 789
87 790
87 791
87 794
87 797
87 798
87 799
87 800
88 403
88 404
88 409
88 411
88 412
88 413
88 414
88 417
88 420
88 422
88 423
88 424
88 425
88 427
88 428
88 429
88 431
88 432
88 433
88 434
88 435
88 436
88 438
88 440
88 441
88 442
88 444
88 446
88 449
88 450
88 451
88 454
88 457
88 458
88 460
88 466
88 470
88 471
88 472
88 474
88 475
88 477
88 478
88 479
88 484
88 486
88 487
88 488
88 489
88 490
88 493
88 494
88 495
88 500
88 501
88 507
88 510
88 513
88 514
88 515
88 516
88 517
88 519
88 521
88 522
88 523
88 524
88 526
88 528
88 533
88 535
88 536
88 538
88 540
88 542
88 543
88 545
88 547
88 549
88 550
88 551
88 552
88 553
88 554
88 555
88 556
88 559
88 560
88 561
88 563
88 564
88 567
88 568
88 577
88 579
88 581
88 583
88 587
88 589
88 590
88 592
88 593
88 594
88 604
88 605
88 606
88 607
88 612
88 613
88 617
88 619
88 623
88 626
88 627
88 631
88 636
88 637
88 638
88 642
88 651
88 653
88 654
88 657
88 658
88 661
88 662
88 663
88 664
88 665
88 666
88 667
88 668
88 669
88 670
88 671
88 673
88 674
88 676
88 677
88 678
88 680
88 681
88 683
88 686
88 688
88 690
88 691
88 692
88 693
88 694
88 696
88 697
88 698
88 701
88 703
88 704
88 705
88 706
88 709
88 710
88 711
88 713
88 717
88 718
88 722
88 724
88 725
88 726
88 727
88 730
88 731
88 739
88 740
88 742
88 744
88 745
88 746
88 748
88 749
88 750
88 751
88 755
88 757
88 758
88 761
88 764
88 765
88 766
88 768
88 773
88 776
88 777
88 783
88 785
88 787
88 788
88 789
88 790
88 792
88 794
88 795
88 796
88 797
88 798
88 800
89 402
89 405
89 407
89 408
89 412
89 415
89 417
89 418
89 419
89 422
89 423
89 424
89 425
89 427
89 429
89 432
89 433
89 434
89 436
89 437
89 438
89 440
89 442
89 443
89 445
89 451
89 452
89 453
89 455
89 457
89 459
89 463
89 464
89 465
89 466
89 470
89 471
89 472
89 474
89 475
89 476
89 477
89 481
89 485
89 486
89 488
89 489
89 490
89 492
89 493
89 495
89 496
89 497
89 499
89 500
89 501
89 505
89 507
89 509
89 511
89 512
89 514
89 515
89 516
89 518
89 519
89 520
89 523
89 524
89 525
89 527
89 528
89 530
89 532
89 535
89 537
89 538
89 540
89 545
89 546
89 547
89 549
89 552
89 554
89 555
89 557
89 559
89 560
89 562
89 563
89 564
89 565
89 566
89 567
89 568
89 571
89 572
89 574
89 575
89 577
89 579
89 581
89 582
89 584
89 589
89 592
89 593
89 594
89 595
89 596
89 597
89 599
89 600
89 602
89 603
89 604
89 606
89 609
89 611
89 614
89 615
89 616
89 617
89 619
89 620
89 621
89 622
89 626
89 627
89 628
89 634
89 637
89 642
89 644
89 646
89 647
89 650
89 651
89 654
89 656
89 658
89 660
89 663
89 664
89 666
89 667
89 668
89 670
89 671
89 674
89 677
89 679
89 680
89 682
89 684
89 687
89 691
89 694
89 696
89 697
89 698
89 702
89 704
89 706
89 707
89 709
89 710
89 713
89 714
89 716
89 719
89 720
89 721
89 722
89 727
89 728
89 729
89 730
89 731
89 732
89 734
89 735
89 737
89 740
89 741
89 742
89 744
89 747
89 748
89 749
89 751
89 752
89 753
89 755
89 758
89 762
89 765
89 767
89 769
89 770
89 771
89 773
89 774
89 775
89 776
89 777
89 778
89 779
89 781
89 783
89 784
89 785
89 786
89 788
89 789
89 790
89 791
89 797
90 401
90 405
90 407
90 408
90 411
90 415
90 418
90 419
90 420
90 423
90 425
90 426
90 427
90 428
90 429
90 430
90 433
90 434
90 436
90 437
90 445
90 446
90 447
90 448
90 450
90 454
90 456
90 460
90 465
90 469
90 470
90 471
90 476
90 477
90 478
90 479
90 483
90 486
90 488
90 491
90 492
90 493
90 498
90 499
90 500
90 501
90 502
90 505
90 506
90 508
90 509
90 511
90 512
90 513
90 518
90 519
90 520
90 521
90 522
90 523
90 526
90 529
90 530
90 531
90 532
90 536
90 539
90 541
90 543
90 545
90 546
90 548
90 551
90 553
90 555
90 557
90 558
90 561
90 563
90 566
90 567
90 568
90 569
90 573
90 578
90 580
90 582
90 583
90 585
90 588
90 590
90 591
90 592
90 594
90 595
90 597
90 599
90 601
90 602
90 603
90 605
90 607
90 608
90 610
90 615
90 616
90 618
90 619
90 624
90 629
90 631
90 635
90 637
90 638
90 639
90 640
90 644
90 646
90 649
90 651
90 652
90 655
90 656
90 658
90 659
90 661
90 664
90 665
90 666
90 667
90 668
90 670
90 671
90 673
90 675
90 676
90 677
90 679
90 680
90 681
90 683
90 685
90 686
90 688
90 689
90 690
90 694
90 698
90 699
90 701
90 702
90 703
90 704
90 706
90 707
90 709
90 710
90 712
90 714
90 715
90 716
90 719
90 721
90 722
90 724
90 728
90 732
90 734
90 738
90 741
90 744
90 745
90 746
90 747
90 748
90 749
90 750
90 752
90 763
90 765
90 766
90 768
90 769
90 771
90 775
90 777
90 778
90 780
90 783
90 784
90 786
90 789
90 790
90 793
90 794
90 795
90 796
90 797
90 798
90 799
90 800
91 401
91 403
91 404
91 406
91 407
91 408
91 410
91 413
91 414
91 415
91 418
91 420
91 426
91 430
91 433
91 435
91 436
91 437
91 439
91 442
91 443
91 446
91 447
91 449
91 450
91 451
91 454
91 457
91 458
91 459
91 461
91 463
91 466
91 467
91 468
91 469
91 472
91 474
91 475
91 478
91 479
91 480
91 483
91 484
91 488
91 492
91 493
91 497
91 498
91 499
91 500
91 501
91 505
91 508
91 509
91 510
91 513
91 514
91 515
91 516
91 519
91 520
91 522
91 524
91 527
91 528
91 529
91 530
91 533
91 538
91 540
91 541
91 543
91 545
91 547
91 548
91 549
91 553
91 556
91 561
91 562
91 563
91 564
91 566
91 567
91 568
91 569
91 572
91 573
91 576
91 579
91 580
91 581
91 583
91 584
91 585
91 586
91 588
91 589
91 590
91 592
91 593
91 595
91 597
91 600
91 601
91 602
91 603
91 604
91 605
91 608
91 609
91 610
91 613
91 615
91 617
91 618
91 626
91 628
91 629
91 630
91 631
91 633
91 634
91 635
91 640
91 641
91 643
91 645
91 650
91 652
91 655
91 656
91 657
91 660
91 663
91 664
91 665
91 671
91 673
91 674
91 677
91 679
91 680
91 681
91 683
91 684
91 685
91 687
91 688
91 690
91 691
91 692
91 693
91 694
91 695
91 696
91 702
91 703
91 704
91 705
91 708
91 709
91 712
91 714
91 715
91 716
91 718
91 720
91 727
91 729
91 732
91 734
91 736
91 737
91 741
91 748
91 749
91 752
91 754
91 759
91 762
91 764
91 765
91 766
91 767
91 771
91 772
91 774
91 777
91 779
91 780
91 782
91 787
91 788
91 789
91 790
91 795
91 797
91 798
91 799
91 800
92 404
92 406
92 407
92 408
92 409
92 411
92 412
92 413
92 416
92 419
92 420
92 423
92 425
92 426
92 427
92 428
92 430
92 432
92 436
92 437
92 439
92 440
92 441
92 443
92 444
92 455
92 456
92 457
92 458
92 460
92 465
92 466
92 470
92 471
92 472
92 473
92 475
92 476
92 477
92 478
92 481
92 484
92 485
92 487
92 488
92 489
92 490
92 491
92 492
92 496
92 497
92 501
92 502
92 503
92 506
92 508
92 512
92 514
92 515
92 517
92 522
92 523
92 524
92 525
92 527
92 529
92 530
92 531
92 532
92 533
92 536
92 540
92 541
92 547
92 550
92 551
92 553
92 555
92 556
92 561
92 562
92 563
92 565
92 566
92 567
92 569
92 570
92 571
92 572
92 575
92 578
92 580
92 581
92 582
92 583
92 589
92 595
92 597
92 599
92 600
92 603
92 607
92 608
92 609
92 610
92 611
92 613
92 618
92 620
92 622
92 623
92 625
92 626
92 630
92 635
92 636
92 637
92 639
92 643
92 644
92 646
92 648
92 650
92 651
92 652
92 653
92 660
92 661
92 662
92 663
92 664
92 666
92 668
92 670
92 672
92 674
92 676
92 677
92 679
92 680
92 682
92 686
92 687
92 689
92 690
92 693
92 696
92 697
92 698
92 699
92 701
92 709
92 710
92 711
92 714
92 715
92 716
92 718
92 720
92 721
92 728
92 731
92 737
92 738
92 741
92 744
92 745
92 747
92 748
92 749
92 751
92 753
92 755
92 757
92 758
92 762
92 763
92 764
92 766
92 767
92 768
92 769
92 770
92 771
92 775
92 780
92 786
92 788
92 789
92 790
92 791
92 793
92 796
92 797
92 798
93 405
93 407
93 408
93 409
93 411
93 412
93 414
93 416
93 417
93 419
93 423
93 424
93 428
93 430
93 431
93 433
93 434
93 435
93 436
93 437
93 439
93 442
93 446
93 447
93 448
93 449
93 450
93 451
93 452
93 453
93 457
93 458
93 459
93 463
93 464
93 470
93 471
93 474
93 475
93 477
93 479
93 481
93 482
93 484
93 486
93 489
93 491
93 493
93 494
93 505
93 506
93 512
93 515
93 516
93 519
93 520
93 521
93 522
93 526
93 527
93 529
93 535
93 540
93 544
93 545
93 546
93 547
93 548
93 549
93 554
93 557
93 558
93 561
93 563
93 565
93 566
93 567
93 568
93 569
93 570
93 571
93 574
93 575
93 577
93 578
93 580
93 581
93 582
93 583
93 587
93 588
93 589
93 590
93 592
93 594
93 598
93 603
93 604
93 605
93 606
93 608
93 610
93 612
93 615
93 618
93 622
93 623
93 624
93 629
93 630
93 634
93 639
93 642
93 645
93 646
93 650
93 652
93 654
93 656
93 657
93 658
93 659
93 660
93 662
93 663
93 664
93 667
93 668
93 669
93 671
93 674
93 675
93 677
93 679
93 681
93 684
93 686
93 687
93 690
93 691
93 692
93 695
93 697
93 698
93 699
93 701
93 703
93 704
93 705
93 708
93 710
93 711
93 713
93 714
93 715
93 718
93 719
93 721
93 722
93 723
93 724
93 726
93 727
93 728
93 729
93 730
93 731
93 732
93 733
93 734
93 735
93 738
93 740
93 741
93 742
93 744
93 745
93 746
93 749
93 750
93 752
93 754
93 755
93 758
93 759
93 760
93 762
93 763
93 764
93 765
93 767
93 769
93 772
93 774
93 778
93 779
93 781
93 783
93 785
93 787
93 788
93 789
93 793
93 795
93 796
93 797
94 402
94 403
94 404
94 408
94 410
94 412
94 413
94 414
94 417
94 420
94 421
94 424
94 425
94 426
94 427
94 428
94 433
94 435
94 438
94 442
94 444
94 447
94 452
94 453
94 454
94 455
94 456
94 458
94 459
94 461
94 462
94 463
94 464
94 466
94 467
94 468
94 469
94 470
94 473
94 474
94 475
94 478
94 479
94 481
94 483
94 485
94 486
94 487
94 490
94 493
94 496
94 498
94 499
94 504
94 505
94 507
94 510
94 516
94 517
94 519
94 520
94 527
94 529
94 530
94 534
94 535
94 536
94 539
94 540
94 541
94 542
94 544
94 545
94 546
94 547
94 549
94 550
94 551
94 552
94 554
94 558
94 559
94 563
94 570
94 571
94 574
94 575
94 580
94 581
94 582
94 584
94 586
94 588
94 590
94 592
94 593
94 595
94 596
94 601
94 605
94 606
94 610
94 611
94 612
94 613
94 614
94 616
94 617
94 619
94 623
94 626
94 629
94 632
94 634
94 639
94 644
94 645
94 648
94 651
94 654
94 655
94 657
94 661
94 664
94 667
94 669
94 670
94 673
94 674
94 679
94 681
94 683
94 685
94 687
94 688
94 689
94 691
94 694
94 697
94 699
94 701
94 702
94 704
94 709
94 710
94 711
94 712
94 713
94 718
94 721
94 722
94 723
94 725
94 726
94 727
94 728
94 730
94 731
94 734
94 736
94 737
94 738
94 739
94 740
94 742
94 743
94 744
94 747
94 749
94 752
94 753
94 756
94 757
94 758
94 760
94 761
94 763
94 766
94 767
94 768
94 771
94 772
94 774
94 783
94 784
94 785
94 789
94 791
94 794
94 795
94 796
94 797
94 799
95 402
95 403
95 407
95 410
95 414
95 416
95 419
95 420
95 421
95 422
95 423
95 428
95 429
95 431
95 432
95 433
95 434
95 435
95 436
95 438
95 439
95 441
95 444
95 446
95 447
95 448
95 449
95 452
95 454
95 457
95 458
95 460
95 461
95 466
95 469
95 470
95 471
95 475
95 478
95 479
95 481
95 482
95 483
95 484
95 485
95 488
95 489
95 491
95 492
95 494
95 497
95 498
95 499
95 502
95 503
95 504
95 506
95 508
95 509
95 510
95 517
95 518
95 519
95 520
95 525
95 527
95 528
95 530
95 532
95 533
95 534
95 538
95 540
95 544
95 548
95 550
95 551
95 552
95 553
95 555
95 557
95 560
95 561
95 563
95 564
95 566
95 567
95 568
95 570
95 573
95 574
95 575
95 578
95 579
95 580
95 581
95 582
95 583
95 584
95 585
95 586
95 587
95 590
95 592
95 593
95 601
95 602
95 603
95 605
95 606
95 608
95 609
95 614
95 616
95 617
95 620
95 623
95 624
95 625
95 626
95 628
95 629
95 632
95 634
95 635
95 636
95 638
95 641
95 642
95 643
95 645
95 646
95 649
95 650
95 651
95 654
95 657
95 660
95 661
95 662
95 664
95 665
95 666
95 667
95 668
95 675
95 676
95 677
95 679
95 680
95 684
95 685
95 687
95 690
95 694
95 697
95 702
95 706
95 713
95 714
95 717
95 719
95 720
95 721
95 722
95 723
95 724
95 725
95 726
95 727
95 728
95 732
95 738
95 739
95 740
95 741
95 744
95 745
95 748
95 749
95 750
95 751
95 753
95 754
95 755
95 757
95 761
95 762
95 766
95 767
95 770
95 777
95 780
95 781
95 782
95 783
95 784
95 785
95 789
95 791
95 792
95 793
95 795
95 796
95 797
95 798
95 799
95 800
96 401
96 405
96 406
96 410
96 413
96 414
96 417
96 420
96 424
96 425
96 429
96 431
96 433
96 434
96 441
96 444
96 445
96 447
96 448
96 449
96 450
96 452
96 453
96 455
96 458
96 463
96 465
96 468
96 469
96 472
96 475
96 478
96 480
96 481
96 485
96 490
96 493
96 494
96 497
96 499
96 502
96 503
96 505
96 508
96 510
96 517
96 519
96 521
96 522
96 527
96 530
96 531
96 532
96 533
96 535
96 536
96 537
96 539
96 540
96 542
96 543
96 551
96 553
96 560
96 561
96 562
96 563
96 564
96 565
96 566
96 567
96 568
96 569
96 570
96 571
96 572
96 574
96 577
96 586
96 587
96 589
96 591
96 592
96 594
96 595
96 596
96 597
96 598
96 599
96 601
96 602
96 603
96 607
96 610
96 612
96 615
96 618
96 620
96 622
96 624
96 625
96 626
96 628
96 630
96 631
96 634
96 638
96 646
96 648
96 651
96 653
96 657
96 659
96 660
96 661
96 663
96 664
96 665
96 668
96 671
96 675
96 678
96 681
96 682
96 683
96 684
96 685
96 689
96 690
96 693
96 695
96 701
96 704
96 706
96 707
96 708
96 709
96 712
96 713
96 715
96 718
96 719
96 721
96 723
96 724
96 726
96 727
96 729
96 731
96 733
96 736
96 743
96 744
96 747
96 750
96 752
96 753
96 754
96 755
96 757
96 758
96 762
96 763
96 764
96 773
96 775
96 776
96 777
96 780
96 781
96 783
96 786
96 789
96 790
96 791
96 793
96 794
96 795
96 796
96 798
96 799
96 800
97 401
97 402
97 404
97 406
97 407
97 408
97 409
97 410
97 412
97 413
97 422
97 424
97 426
97 431
97 433
97 434
97 435
97 437
97 438
97 439
97 440
97 442
97 444
97 448
97 450
97 452
97 454
97 455
97 460
97 462
97 463
97 465
97 466
97 468
97 469
97 471
97 474
97 478
97 479
97 480
97 487
97 488
97 489
97 490
97 491
97 492
97 493
97 496
97 497
97 500
97 502
97 504
97 505
97 506
97 510
97 512
97 514
97 516
97 517
97 519
97 520
97 527
97 530
97 531
97 533
97 534
97 535
97 542
97 543
97 544
97 547
97 548
97 550
97 553
97 554
97 561
97 562
97 564
97 568
97 572
97 573
97 574
97 575
97 578
97 579
97 580
97 581
97 582
97 584
97 585
97 586
97 587
97 588
97 592
97 593
97 595
97 596
97 597
97 599
97 600
97 601
97 604
97 605
97 606
97 608
97 611
97 612
97 613
97 614
97 617
97 619
97 621
97 623
97 624
97 625
97 628
97 630
97 632
97 633
97 636
97 638
97 640
97 642
97 643
97 645
97 647
97 648
97 651
97 652
97 653
97 654
97 657
97 658
97 659
97 664
97 665
97 666
97 667
97 668
97 669
97 670
97 673
97 674
97 675
97 680
97 681
97 682
97 683
97 687
97 690
97 692
97 696
97 698
97 699
97 703
97 704
97 708
97 709
97 711
97 713
97 714
97 715
97 718
97 720
97 721
97 722
97 723
97 724
97 726
97 729
97 731
97 734
97 736
97 737
97 739
97 740
97 741
97 745
97 750
97 751
97 752
97 754
97 755
97 759
97 760
97 761
97 767
97 768
97 770
97 772
97 773
97 774
97 775
97 776
97 780
97 781
97 786
97 789
97 790
97 793
97 794
97 795
97 797
97 798
97 800
98 403
98 404
98 407
98 408
98 410
98 412
98 413
98 415
98 419
98 421
98 422
98 423
98 425
98 426
98 429
98 435
98 438
98 441
98 443
98 446
98 452
98 454
98 455
98 457
98 458
98 460
98 461
98 464
98 465
98 467
98 471
98 474
98 476
98 477
98 480
98 482
98 484
98 485
98 488
98 489
98 490
98 492
98 493
98 495
98 499
98 502
98 504
98 506
98 508
98 509
98 511
98 513
98 514
98 515
98 517
98 519
98 522
98 524
98 528
98 529
98 530
98 531
98 533
98 534
98 538
98 541
98 542
98 543
98 544
98 546
98 547
98 549
98 553
98 556
98 558
98 561
98 562
98 564
98 565
98 566
98 568
98 572
98 576
98 577
98 578
98 580
98 581
98 582
98 584
98 585
98 586
98 590
98 595
98 598
98 599
98 606
98 607
98 608
98 611
98 613
98 615
98 616
98 618
98 619
98 622
98 623
98 625
98 638
98 639
98 641
98 642
98 643
98 644
98 646
98 650
98 652
98 653
98 655
98 658
98 659
98 660
98 664
98 667
98 668
98 669
98 671
98 673
98 674
98 675
98 676
98 678
98 679
98 680
98 683
98 685
98 686
98 688
98 690
98 695
98 696
98 698
98 700
98 705
98 708
98 709
98 710
98 713
98 714
98 716
98 717
98 718
98 719
98 720
98 721
98 723
98 724
98 725
98 727
98 728
98 734
98 738
98 741
98 742
98 746
98 748
98 749
98 753
98 756
98 757
98 759
98 760
98 761
98 762
98 763
98 767
98 769
98 777
98 778
98 780
98 781
98 784
98 786
98 787
98 790
98 793
98 795
98 796
98 797
98 800
99 401
99 402
99 403
99 404
99 407
99 408
99 409
99 410
99 411
99 413
99 415
99 417
99 418
99 419
99 420
99 422
99 423
99 424
99 425
99 427
99 428
99 429
99 431
99 432
99 434
99 435
99 438
99 440
99 441
99 443
99 444
99 445
99 446
99 447
99 448
99 449
99 452
99 455
99 456
99 457
99 458
99 459
99 460
99 462
99 464
99 466
99 467
99 471
99 472
99 473
99 477
99 479
99 482
99 485
99 487
99 488
99 490
99 491
99 494
99 495
99 499
99 502
99 503
99 504
99 506
99 508
99 509
99 511
99 512
99 513
99 514
99 516
99 517
99 518
99 522
99 527
99 529
99 531
99 533
99 535
99 536
99 537
99 542
99 543
99 545
99 550
99 551
99 553
99 554
99 555
99 557
99 558
99 559
99 560
99 561
99 562
99 563
99 564
99 565
99 566
99 568
99 569
99 570
99 575
99 576
99 577
99 578
99 579
99 585
99 586
99 587
99 589
99 593
99 596
99 597
99 598
99 599
99 602
99 603
99 609
99 612
99 613
99 616
99 617
99 618
99 619
99 621
99 625
99 626
99 627
99 631
99 634
99 635
99 636
99 639
99 641
99 644
99 646
99 648
99 649
99 650
99 653
99 656
99 658
99 659
99 662
99 663
99 665
99 666
99 668
99 676
99 678
99 680
99 681
99 682
99 684
99 685
99 686
99 687
99 688
99 689
99 694
99 696
99 697
99 699
99 701
99 702
99 704
99 705
99 708
99 709
99 711
99 712
99 713
99 715
99 716
99 717
99 719
99 720
99 721
99 722
99 723
99 727
99 729
99 733
99 744
99 747
99 749
99 751
99 753
99 756
99 757
99 758
99 761
99 764
99 765
99 767
99 768
99 771
99 772
99 773
99 774
99 775
99 778
99 780
99 783
99 785
99 790
99 791
99 792
99 795
99 796
99 797
100 404
100 406
100 407
100 408
100 409
100 413
100 414
100 417
100 420
100 422
100 423
100 424
100 426
100 428
100 429
100 431
100 435
100 437
100 438
100 442
100 443
100 447
100 448
100 449
100 450
100 451
100 454
100 455
100 456
100 457
100 459
100 460
100 462
100 463
100 464
100 467
100 472
100 473
100 475
100 476
100 477
100 478
100 480
100 484
100 485
100 491
100 492
100 496
100 501
100 502
100 507
100 511
100 513
100 514
100 515
100 516
100 517
100 519
100 520
100 523
100 524
100 525
100 526
100 527
100 533
100 534
100 537
100 538
100 540
100 544
100 545
100 546
100 547
100 550
100 551
100 553
100 554
100 556
100 557
100 559
100 566
100 569
100 572
100 574
100 575
100 576
100 577
100 578
100 581
100 586
100 589
100 592
100 593
100 596
100 597
100 599
100 602
100 608
100 610
100 612
100 613
100 614
100 615
100 616
100 619
100 621
100 623
100 624
100 628
100 630
100 631
100 633
100 634
100 635
100 636
100 639
100 642
100 644
100 645
100 647
100 650
100 651
100 652
100 655
100 659
100 663
100 670
100 673
100 674
100 677
100 678
100 680
100 681
100 683
100 684
100 685
100 686
100 690
100 693
100 696
100 698
100 701
100 702
100 704
100 706
100 710
100 711
100 712
100 713
100 714
100 716
100 718
100 720
100 724
100 725
100 726
100 729
100 732
100 734
100 736
100 738
100 739
100 743
100 746
100 750
100 751
100 754
100 755
100 756
100 760
100 761
100 762
100 763
100 764
100 765
100 767
100 769
100 770
100 774
100 779
100 782
100 783
100 785
100 786
100 787
100 789
100 792
100 793
100 794
100 796
101 401
101 404
101 410
101 413
101 414
101 416
101 417
101 422
101 423
101 425
101 428
101 429
101 431
101 432
101 435
101 436
101 438
101 439
101 441
101 443
101 444
101 446
101 448
101 450
101 451
101 452
101 453
101 456
101 465
101 466
101 467
101 468
101 469
101 470
101 471
101 472
101 473
101 474
101 476
101 477
101 478
101 479
101 482
101 485
101 486
101 488
101 489
101 490
101 492
101 494
101 495
101 499
101 500
101 503
101 504
101 506
101 510
101 512
101 513
101 514
101 515
101 517
101 519
101 520
101 521
101 522
101 523
101 525
101 526
101 527
101 529
101 530
101 531
101 533
101 534
101 536
101 537
101 540
101 542
101 544
101 549
101 550
101 552
101 553
101 556
101 560
101 561
101 562
101 565
101 568
101 569
101 571
101 572
101 573
101 575
101 576
101 578
101 582
101 588
101 589
101 591
101 593
101 594
101 595
101 602
101 605
101 606
101 607
101 609
101 613
101 617
101 619
101 620
101 624
101 626
101 628
101 629
101 630
101 631
101 633
101 634
101 636
101 638
101 642
101 643
101 644
101 645
101 646
101 647
101 648
101 649
101 651
101 655
101 660
101 661
101 662
101 664
101 667
101 669
101 672
101 674
101 675
101 677
101 681
101 682
101 684
101 686
101 688
101 689
101 693
101 694
101 701
101 705
101 706
101 707
101 708
101 710
101 711
101 714
101 716
101 717
101 723
101 726
101 727
101 728
101 729
101 730
101 735
101 739
101 740
101 743
101 753
101 755
101 756
101 759
101 761
101 762
101 764
101 765
101 768
101 769
101 771
101 772
101 774
101 775
101 776
101 777
101 778
101 779
101 785
101 787
101 788
101 792
101 794
101 795
101 796
101 797
101 798
102 401
102 402
102 403
102 404
102 405
102 406
102 411
102 412
102 414
102 417
102 418
102 421
102 423
102 424
102 427
102 430
102 431
102 433
102 435
102 436
102 437
102 438
102 440
102 443
102 446
102 448
102 452
102 459
102 460
102 462
102 467
102 468
102 471
102 472
102 476
102 477
102 480
102 484
102 486
102 488
102 490
102 492
102 494
102 496
102 497
102 500
102 501
102 503
102 504
102 508
102 509
102 511
102 512
102 513
102 515
102 518
102 519
102 522
102 523
102 524
102 527
102 530
102 533
102 535
102 536
102 538
102 539
102 541
102 545
102 548
102 549
102 552
102 557
102 560
102 562
102 566
102 568
102 569
102 572
102 575
102 576
102 583
102 584
102 585
102 587
102 590
102 592
102 593
102 594
102 595
102 596
102 600
102 603
102 604
102 606
102 608
102 609
102 610
102 613
102 615
102 616
102 619
102 624
102 625
102 626
102 632
102 633
102 635
102 636
102 643
102 645
102 646
102 649
102 651
102 652
102 653
102 655
102 657
102 659
102 662
102 664
102 666
102 667
102 668
102 673
102 674
102 676
102 682
102 685
102 687
102 688
102 689
102 691
102 696
102 697
102 699
102 701
102 704
102 706
102 707
102 709
102 710
102 712
102 716
102 717
102 719
102 720
102 721
102 724
102 725
102 727
102 728
102 730
102 732
102 733
102 734
102 736
102 737
102 739
102 742
102 743
102 745
102 749
102 750
102 752
102 753
102 755
102 756
102 759
102 762
102 763
102 764
102 765
102 766
102 767
102 768
102 770
102 771
102 775
102 776
102 777
102 780
102 781
102 783
102 787
102 788
102 789
102 790
102 792
102 794
102 795
102 796
102 799
102 800
103 401
103 402
103 403
103 404
103 405
103 407
103 409
103 412
103 420
103 421
103 422
103 424
103 428
103 430
103 434
103 435
103 438
103 439
103 440
103 441
103 446
103 448
103 450
103 451
103 456
103 457
103 458
103 459
103 461
103 462
103 463
103 464
103 465
103 468
103 470
103 472
103 473
103 476
103 479
103 481
103 483
103 485
103 486
103 487
103 488
103 489
103 491
103 493
103 496
103 497
103 499
103 500
103 502
103 503
103 505
103 506
103 508
103 509
103 513
103 514
103 515
103 517
103 519
103 521
103 522
103 525
103 526
103 527
103 529
103 530
103 531
103 534
103 535
103 536
103 537
103 538
103 540
103 541
103 542
103 543
103 547
103 548
103 550
103 551
103 554
103 556
103 558
103 561
103 562
103 564
103 565
103 566
103 567
103 568
103 570
103 571
103 572
103 575
103 576
103 578
103 580
103 581
103 582
103 585
103 587
103 589
103 590
103 591
103 593
103 595
103 596
103 597
103 598
103 599
103 601
103 602
103 603
103 604
103 611
103 612
103 615
103 617
103 619
103 621
103 623
103 624
103 625
103 629
103 634
103 636
103 638
103 639
103 640
103 645
103 648
103 650
103 652
103 655
103 658
103 659
103 661
103 662
103 665
103 669
103 670
103 673
103 676
103 678
103 680
103 681
103 683
103 684
103 685
103 686
103 687
103 688
103 691
103 693
103 694
103 695
103 697
103 700
103 702
103 703
103 706
103 708
103 709
103 713
103 716
103 718
103 721
103 722
103 723
103 725
103 726
103 727
103 728
103 729
103 732
103 734
103 738
103 739
103 741
103 743
103 744
103 745
103 746
103 747
103 748
103 751
103 752
103 756
103 757
103 759
103 762
103 765
103 767
103 768
103 770
103 771
103 772
103 775
103 776
103 777
103 779
103 781
103 782
103 783
103 784
103 786
103 788
103 789
103 792
103 794
103 795
103 796
103 798
103 799
103 800
104 401
104 405
104 409
104 410
104 412
104 418
104 420
104 422
104 423
104 424
104 428
104 429
104 430
104 431
104 433
104 434
104 435
104 437
104 439
104 440
104 442
104 443
104 446
104 448
104 449
104 450
104 452
104 453
104 454
104 456
104 460
104 464
104 468
104 472
104 473
104 475
104 479
104 483
104 485
104 486
104 488
104 489
104 490
104 491
104 492
104 495
104 497
104 498
104 499
104 500
104 503
104 504
104 506
104 510
104 511
104 514
104 515
104 517
104 518
104 521
104 523
104 525
104 527
104 528
104 529
104 531
104 532
104 533
104 535
104 536
104 537
104 539
104 540
104 549
104 550
104 551
104 553
104 556
104 557
104 558
104 559
104 564
104 565
104 569
104 570
104 571
104 572
104 574
104 576
104 577
104 578
104 579
104 581
104 584
104 586
104 587
104 589
104 592
104 597
104 599
104 601
104 604
104 605
104 609
104 611
104 614
104 616
104 619
104 622
104 625
104 626
104 629
104 630
104 634
104 636
104 637
104 638
104 641
104 644
104 646
104 649
104 652
104 653
104 654
104 656
104 659
104 660
104 661
104 662
104 663
104 664
104 669
104 675
104 676
104 677
104 678
104 681
104 683
104 686
104 689
104 690
104 691
104 693
104 694
104 696
104 698
104 701
104 702
104 710
104 711
104 712
104 713
104 714
104 716
104 717
104 718
104 720
104 721
104 722
104 723
104 725
104 732
104 735
104 736
104 737
104 738
104 739
104 740
104 741
104 742
104 750
104 752
104 753
104 755
104 756
104 757
104 758
104 760
104 761
104 764
104 765
104 767
104 769
104 771
104 773
104 774
104 775
104 776
104 778
104 780
104 781
104 783
104 784
104 787
104 792
104 795
104 797
104 799
105 402
105 403
105 407
105 408
105 409
105 410
105 412
105 415
105 416
105 419
105 421
105 422
105 425
105 428
105 432
105 437
105 438
105 439
105 443
105 444
105 448
105 449
105 456
105 458
105 462
105 463
105 464
105 465
105 466
105 467
105 468
105 473
105 474
105 475
105 476
105 477
105 478
105 481
105 483
105 485
105 486
105 487
105 488
105 489
105 492
105 495
105 497
105 498
105 499
105 504
105 505
105 508
105 511
105 513
105 516
105 518
105 519
105 520
105 525
105 526
105 527
105 529
105 531
105 532
105 535
105 537
105 544
105 545
105 546
105 548
105 549
105 551
105 553
105 555
105 557
105 558
105 559
105 564
105 566
105 568
105 575
105 578
105 580
105 583
105 584
105 585
105 588
105 591
105 593
105 594
105 595
105 597
105 598
105 599
105 600
105 601
105 602
105 604
105 605
105 610
105 611
105 612
105 613
105 615
105 616
105 617
105 619
105 620
105 621
105 622
105 625
105 628
105 634
105 636
105 637
105 638
105 639
105 643
105 645
105 646
105 647
105 648
105 649
105 652
105 653
105 654
105 655
105 657
105 658
105 659
105 661
105 662
105 663
105 664
105 665
105 668
105 669
105 674
105 675
105 677
105 682
105 684
105 685
105 688
105 691
105 693
105 694
105 695
105 700
105 701
105 702
105 703
105 704
105 706
105 708
105 709
105 710
105 713
105 715
105 718
105 719
105 721
105 723
105 724
105 729
105 731
105 736
105 737
105 740
105 742
105 743
105 744
105 746
105 747
105 748
105 749
105 750
105 751
105 752
105 756
105 763
105 764
105 765
105 768
105 769
105 771
105 774
105 778
105 781
105 783
105 785
105 786
105 789
105 790
105 792
105 793
105 794
105 796
105 798
105 799
105 800
106 402
106 403
106 404
106 405
106 407
106 409
106 410
106 412
106 416
106 421
106 426
106 429
106 430
106 431
106 432
106 436
106 437
106 439
106 444
106 446
106 449
106 450
106 455
106 456
106 457
106 458
106 465
106 471
106 473
106 474
106 476
106 478
106 480
106 481
106 483
106 486
106 489
106 490
106 492
106 494
106 495
106 500
106 502
106 503
106 504
106 506
106 507
106 508
106 509
106 510
106 511
106 514
106 516
106 518
106 520
106 522
106 523
106 524
106 525
106 526
106 530
106 532
106 533
106 535
106 536
106 540
106 544
106 545
106 548
106 551
106 555
106 556
106 557
106 560
106 563
106 566
106 567
106 568
106 569
106 571
106 572
106 573
106 575
106 577
106 578
106 579
106 582
106 583
106 585
106 586
106 587
106 591
106 594
106 597
106 598
106 599
106 604
106 606
106 607
106 608
106 609
106 611
106 613
106 615
106 617
106 620
106 626
106 630
106 633
106 637
106 639
106 640
106 641
106 642
106 643
106 648
106 650
106 653
106 655
106 656
106 657
106 658
106 659
106 660
106 661
106 663
106 669
106 670
106 671
106 673
106 674
106 677
106 678
106 679
106 680
106 681
106 682
106 683
106 685
106 687
106 688
106 696
106 698
106 699
106 700
106 702
106 703
106 704
106 706
106 709
106 710
106 712
106 713
106 715
106 716
106 717
106 720
106 721
106 722
106 723
106 725
106 726
106 729
106 730
106 731
106 732
106 733
106 734
106 735
106 742
106 743
106 746
106 747
106 749
106 750
106 751
106 756
106 761
106 766
106 767
106 768
106 769
106 772
106 773
106 775
106 776
106 777
106 779
106 781
106 782
106 784
106 786
106 788
106 789
106 790
106 791
106 792
106 793
106 795
106 796
106 798
106 799
107 405
107 409
107 410
107 412
107 417
107 420
107 423
107 425
107 426
107 427
107 428
107 429
107 430
107 432
107 434
107 437
107 439
107 441
107 445
107 447
107 448
107 449
107 451
107 452
107 453
107 456
107 457
107 458
107 460
107 463
107 467
107 469
107 470
107 476
107 478
107 479
107 480
107 481
107 484
107 486
107 487
107 488
107 489
107 491
107 493
107 496
107 498
107 501
107 503
107 504
107 506
107 507
107 511
107 512
107 514
107 521
107 524
107 525
107 529
107 530
107 534
107 537
107 538
107 539
107 540
107 542
107 543
107 544
107 545
107 548
107 550
107 552
107 553
107 555
107 558
107 560
107 564
107 567
107 570
107 571
107 576
107 577
107 578
107 580
107 582
107 583
107 584
107 586
107 589
107 590
107 592
107 593
107 594
107 596
107 597
107 598
107 601
107 602
107 604
107 606
107 608
107 613
107 616
107 618
107 621
107 622
107 623
107 624
107 625
107 626
107 628
107 629
107 631
107 632
107 633
107 634
107 635
107 636
107 637
107 639
107 640
107 646
107 647
107 649
107 650
107 651
107 652
107 653
107 657
107 658
107 660
107 661
107 662
107 663
107 665
107 666
107 669
107 670
107 674
107 676
107 678
107 679
107 680
107 683
107 685
107 687
107 693
107 694
107 695
107 696
107 699
107 700
107 702
107 703
107 704
107 714
107 715
107 717
107 721
107 722
107 727
107 728
107 729
107 730
107 732
107 736
107 740
107 741
107 742
107 745
107 746
107 749
107 750
107 754
107 755
107 756
107 758
107 759
107 761
107 764
107 765
107 766
107 769
107 771
107 772
107 776
107 777
107 778
107 779
107 785
107 786
107 787
107 788
107 789
107 792
107 794
107 796
108 406
108 408
108 411
108 414
108 416
108 417
108 418
108 419
108 421
108 422
108 428
108 429
108 430
108 432
108 435
108 436
108 437
108 438
108 442
108 447
108 448
108 452
108 458
108 459
108 460
108 463
108 466
108 467
108 468
108 470
108 471
108 473
108 474
108 475
108 478
108 480
108 481
108 482
108 485
108 486
108 488
108 489
108 493
108 494
108 495
108 497
108 498
108 500
108 501
108 502
108 503
108 504
108 505
108 506
108 507
108 510
108 511
108 512
108 518
108 519
108 522
108 524
108 525
108 526
108 529
108 530
108 535
108 537
108 539
108 540
108 542
108 543
108 544
108 547
108 548
108 549
108 550
108 553
108 558
108 561
108 564
108 570
108 571
108 573
108 574
108 577
108 578
108 579
108 580
108 581
108 582
108 583
108 584
108 585
108 587
108 589
108 591
108 595
108 599
108 601
108 604
108 606
108 607
108 610
108 611
108 612
108 613
108 616
108 619
108 623
108 625
108 626
108 627
108 628
108 630
108 632
108 634
108 635
108 636
108 637
108 638
108 639
108 640
108 641
108 643
108 645
108 646
108 649
108 653
108 654
108 655
108 658
108 660
108 663
108 664
108 665
108 667
108 669
108 670
108 672
108 674
108 677
108 678
108 679
108 680
108 681
108 682
108 683
108 685
108 688
108 690
108 693
108 695
108 696
108 697
108 699
108 701
108 702
108 703
108 706
108 709
108 711
108 714
108 715
108 716
108 717
108 718
108 719
108 725
108 727
108 728
108 729
108 732
108 735
108 736
108 737
108 739
108 741
108 742
108 743
108 745
108 746
108 748
108 751
108 753
108 755
108 757
108 760
108 761
108 763
108 764
108 767
108 768
108 769
108 770
108 771
108 772
108 773
108 774
108 777
108 778
108 780
108 784
108 785
108 787
108 789
108 791
108 792
108 794
108 795
108 797
108 798
108 799
108 800
109 401
109 403
109 405
109 406
109 409
109 410
109 411
109 413
109 415
109 416
109 418
109 421
109 422
109 423
109 424
109 426
109 427
109 430
109 431
109 433
109 434
109 437
109 440
109 442
109 444
109 445
109 446
109 448
109 450
109 451
109 452
109 454
109 455
109 456
109 457
109 458
109 459
109 461
109 462
109 464
109 470
109 471
109 475
109 477
109 479
109 480
109 484
109 486
109 487
109 491
109 494
109 498
109 499
109 500
109 502
109 504
109 505
109 506
109 508
109 509
109 511
109 512
109 513
109 515
109 516
109 517
109 518
109 519
109 520
109 524
109 525
109 526
109 528
109 532
109 533
109 537
109 538
109 539
109 540
109 543
109 544
109 546
109 547
109 548
109 553
109 555
109 557
109 559
109 563
109 567
109 570
109 572
109 574
109 575
109 579
109 581
109 582
109 583
109 584
109 588
109 589
109 590
109 592
109 594
109 595
109 596
109 601
109 603
109 606
109 607
109 608
109 610
109 611
109 612
109 615
109 617
109 618
109 620
109 626
109 627
109 630
109 631
109 633
109 635
109 636
109 639
109 642
109 644
109 646
109 648
109 651
109 652
109 653
109 656
109 657
109 658
109 659
109 660
109 666
109 667
109 669
109 670
109 673
109 674
109 676
109 678
109 679
109 680
109 683
109 685
109 686
109 688
109 690
109 694
109 695
109 697
109 698
109 699
109 704
109 706
109 707
109 708
109 710
109 712
109 717
109 719
109 720
109 721
109 725
109 726
109 729
109 733
109 736
109 737
109 740
109 742
109 743
109 744
109 746
109 747
109 748
109 749
109 751
109 752
109 753
109 754
109 756
109 759
109 760
109 763
109 766
109 767
109 768
109 771
109 772
109 774
109 777
109 778
109 779
109 781
109 783
109 784
109 787
109 789
109 790
109 792
109 794
109 796
109 799
110 401
110 402
110 410
110 412
110 414
110 415
110 416
110 417
110 419
110 420
110 421
110 422
110 423
110 426
110 428
110 429
110 430
110 435
110 439
110 443
110 444
110 448
110 450
110 451
110 452
110 456
110 460
110 461
110 462
110 463
110 464
110 467
110 468
110 469
110 472
110 473
110 475
110 476
110 480
110 482
110 483
110 486
110 491
110 493
110 495
110 500
110 501
110 502
110 503
110 505
110 507
110 513
110 514
110 515
110 517
110 518
110 519
110 521
110 526
110 527
110 532
110 536
110 538
110 539
110 540
110 542
110 543
110 546
110 547
110 549
110 551
110 552
110 555
110 556
110 557
110 558
110 561
110 562
110 564
110 566
110 567
110 568
110 569
110 572
110 573
110 575
110 576
110 577
110 578
110 581
110 582
110 587
110 590
110 591
110 594
110 595
110 597
110 598
110 599
110 600
110 602
110 603
110 606
110 607
110 608
110 609
110 615
110 616
110 617
110 618
110 619
110 620
110 630
110 631
110 632
110 633
110 634
110 636
110 643
110 644
110 646
110 647
110 648
110 649
110 655
110 657
110 658
110 659
110 660
110 662
110 663
110 665
110 666
110 667
110 671
110 672
110 678
110 683
110 684
110 685
110 686
110 687
110 688
110 689
110 690
110 692
110 693
110 694
110 698
110 699
110 700
110 701
110 703
110 707
110 709
110 710
110 711
110 712
110 714
110 717
110 719
110 721
110 722
110 723
110 725
110 732
110 733
110 735
110 738
110 742
110 743
110 744
110 745
110 747
110 748
110 752
110 753
110 755
110 758
110 765
110 766
110 768
110 769
110 773
110 774
110 775
110 776
110 781
110 782
110 784
110 785
110 786
110 787
110 788
110 789
110 791
110 794
110 795
110 797
110 798
110 799
111 402
111 403
111 407
111 413
111 414
111 415
111 416
111 418
111 419
111 421
111 425
111 427
111 428
111 429
111 433
111 434
111 437
111 438
111 439
111 441
111 442
111 445
111 446
111 448
111 453
111 454
111 457
111 458
111 460
111 461
111 464
111 465
111 467
111 468
111 469
111 471
111 473
111 474
111 475
111 477
111 478
111 479
111 483
111 485
111 489
111 490
111 492
111 493
111 494
111 495
111 498
111 499
111 502
111 504
111 506
111 510
111 511
111 512
111 513
111 514
111 515
111 518
111 519
111 520
111 522
111 526
111 529
111 530
111 531
111 533
111 534
111 536
111 537
111 538
111 540
111 541
111 542
111 544
111 545
111 546
111 547
111 550
111 551
111 553
111 555
111 559
111 561
111 563
111 567
111 571
111 574
111 575
111 577
111 578
111 579
111 581
111 584
111 585
111 586
111 587
111 588
111 591
111 595
111 596
111 598
111 599
111 600
111 601
111 604
111 608
111 609
111 610
111 615
111 617
111 619
111 620
111 621
111 625
111 626
111 627
111 628
111 629
111 634
111 635
111 636
111 637
111 638
111 639
111 641
111 649
111 650
111 651
111 652
111 653
111 655
111 656
111 658
111 659
111 660
111 665
111 666
111 667
111 671
111 672
111 673
111 675
111 676
111 678
111 679
111 684
111 686
111 687
111 688
111 691
111 692
111 694
111 695
111 696
111 698
111 700
111 702
111 703
111 704
111 706
111 707
111 709
111 712
111 713
111 715
111 717
111 719
111 721
111 723
111 725
111 729
111 732
111 736
111 738
111 739
111 741
111 742
111 747
111 748
111 749
111 753
111 755
111 756
111 762
111 763
111 766
111 768
111 769
111 770
111 771
111 773
111 774
111 776
111 778
111 780
111 784
111 787
111 789
111 795
111 797
111 798
111 799
111 800
112 403
112 406
112 409
112 412
112 413
112 417
112 418
112 419
112 421
112 422
112 423
112 428
112 433
112 434
112 435
112 436
112 439
112 440
112 445
112 446
112 447
112 450
112 451
112 452
112 455
112 459
112 460
112 461
112 465
112 469
112 470
112 471
112 472
112 474
112 477
112 478
112 481
112 482
112 488
112 490
112 491
112 492
112 494
112 495
112 496
112 497
112 500
112 501
112 502
112 505
112 507
112 512
112 517
112 518
112 520
112 521
112 522
112 525
112 527
112 530
112 532
112 533
112 536
112 541
112 542
112 543
112 546
112 548
112 552
112 553
112 556
112 558
112 560
112 564
112 565
112 567
112 570
112 572
112 574
112 575
112 577
112 580
112 581
112 582
112 585
112 587
112 589
112 591
112 592
112 593
112 595
112 600
112 602
112 603
112 604
112 605
112 606
112 611
112 612
112 614
112 615
112 616
112 618
112 619
112 620
112 621
112 626
112 627
112 629
112 630
112 633
112 634
112 635
112 636
112 637
112 641
112 642
112 643
112 645
112 646
112 647
112 649
112 653
112 655
112 659
112 661
112 663
112 667
112 668
112 669
112 670
112 672
112 676
112 677
112 682
112 683
112 684
112 688
112 689
112 691
112 693
112 697
112 699
112 701
112 704
112 706
112 708
112 713
112 714
112 715
112 716
112 719
112 720
112 727
112 728
112 729
112 731
112 732
112 733
112 734
112 736
112 742
112 743
112 745
112 747
112 748
112 750
112 752
112 753
112 757
112 761
112 765
112 768
112 769
112 770
112 773
112 776
112 779
112 780
112 782
112 783
112 785
112 790
112 791
112 792
112 793
112 795
112 796
112 799
112 800
113 402
113 404
113 407
113 408
113 409
113 411
113 412
113 414
113 415
113 416
113 417
113 419
113 420
113 421
113 423
113 425
113 426
113 429
113 431
113 432
113 433
113 434
113 436
113 437
113 439
113 442
113 443
113 444
113 445
113 447
113 452
113 454
113 455
113 456
113 458
113 459
113 460
113 461
113 465
113 466
113 468
113 470
113 471
113 472
113 473
113 474
113 475
113 477
113 478
113 479
113 481
113 488
113 489
113 490
113 493
113 494
113 496
113 499
113 500
113 501
113 502
113 503
113 505
113 506
113 509
113 510
113 511
113 514
113 516
113 517
113 518
113 521
113 523
113 526
113 529
113 530
113 531
113 533
113 538
113 540
113 542
113 543
113 548
113 551
113 553
113 556
113 559
113 562
113 563
113 565
113 571
113 572
113 579
113 580
113 581
113 582
113 587
113 588
113 589
113 591
113 592
113 594
113 595
113 597
113 598
113 599
113 600
113 602
113 606
113 607
113 609
113 610
113 615
113 618
113 621
113 622
113 623
113 625
113 628
113 629
113 632
113 633
113 636
113 637
113 642
113 643
113 646
113 647
113 648
113 649
113 651
113 653
113 654
113 657
113 658
113 659
113 660
113 662
113 663
113 664
113 665
113 668
113 670
113 673
113 676
113 677
113 678
113 679
113 680
113 681
113 682
113 683
113 686
113 687
113 688
113 689
113 691
113 692
113 693
113 695
113 698
113 699
113 703
113 704
113 708
113 710
113 713
113 715
113 719
113 722
113 724
113 725
113 729
113 730
113 732
113 733
113 735
113 736
113 737
113 739
113 740
113 742
113 746
113 753
113 755
113 756
113 757
113 758
113 762
113 766
113 769
113 774
113 776
113 777
113 778
113 782
113 783
113 785
113 788
113 792
113 795
113 796
113 800
114 401
114 403
114 405
114 406
114 408
114 413
114 414
114 417
114 418
114 420
114 423
114 424
114 430
114 433
114 436
114 439
114 441
114 443
114 444
114 445
114 450
114 451
114 452
114 453
114 455
114 460
114 461
114 463
114 466
114 467
114 468
114 475
114 478
114 481
114 485
114 486
114 489
114 490
114 491
114 497
114 498
114 499
114 501
114 502
114 503
114 504
114 506
114 507
114 510
114 511
114 515
114 517
114 518
114 519
114 520
114 525
114 526
114 529
114 530
114 532
114 535
114 536
114 541
114 543
114 545
114 546
114 548
114 549
114 550
114 552
114 553
114 556
114 558
114 560
114 561
114 563
114 567
114 568
114 570
114 572
114 573
114 574
114 580
114 581
114 582
114 583
114 586
114 591
114 592
114 595
114 596
114 597
114 599
114 602
114 605
114 608
114 610
114 611
114 613
114 618
114 619
114 620
114 625
114 628
114 629
114 631
114 636
114 641
114 642
114 643
114 644
114 645
114 646
114 647
114 649
114 650
114 652
114 665
114 667
114 670
114 672
114 680
114 681
114 687
114 689
114 690
114 692
114 694
114 695
114 699
114 700
114 703
114 704
114 705
114 708
114 709
114 710
114 711
114 712
114 713
114 714
114 715
114 719
114 723
114 724
114 727
114 729
114 731
114 736
114 738
114 739
114 740
114 741
114 743
114 744
114 747
114 751
114 752
114 754
114 756
114 758
114 759
114 761
114 765
114 767
114 769
114 775
114 778
114 779
114 781
114 783
114 785
114 788
114 790
114 791
114 798
114 799
114 800
115 403
115 405
115 407
115 408
115 409
115 415
115 416
115 417
115 418
115 419
115 420
115 421
115 422
115 424
115 425
115 428
115 430
115 437
115 438
115 439
115 440
115 442
115 444
115 446
115 451
115 453
115 455
115 456
115 459
115 461
115 462
115 465
115 467
115 468
115 469
115 472
115 473
115 476
115 477
115 478
115 479
115 481
115 484
115 485
115 486
115 487
115 490
115 492
115 495
115 496
115 498
115 500
115 502
115 503
115 504
115 506
115 507
115 508
115 509
115 511
115 516
115 517
115 519
115 520
115 523
115 524
115 526
115 532
115 534
115 535
115 536
115 537
115 538
115 540
115 542
115 543
115 544
115 545
115 546
115 551
115 553
115 555
115 556
115 560
115 561
115 565
115 570
115 571
115 572
115 576
115 578
115 579
115 582
115 584
115 585
115 586
115 587
115 588
115 589
115 590
115 591
115 592
115 594
115 601
115 602
115 603
115 604
115 605
115 606
115 610
115 611
115 612
115 616
115 617
115 618
115 620
115 626
115 627
115 628
115 630
115 631
115 634
115 636
115 637
115 640
115 642
115 650
115 651
115 652
115 656
115 658
115 659
115 660
115 661
115 662
115 664
115 665
115 666
115 667
115 669
115 670
115 674
115 676
115 677
115 682
115 686
115 687
115 688
115 689
115 691
115 692
115 693
115 695
115 696
115 698
115 699
115 703
115 705
115 709
115 710
115 712
115 715
115 716
115 718
115 720
115 724
115 726
115 728
115 730
115 731
115 733
115 734
115 736
115 738
115 740
115 743
115 744
115 746
115 747
115 749
115 750
115 751
115 755
115 758
115 759
115 760
115 769
115 771
115 773
115 774
115 775
115 776
115 779
115 783
115 784
115 788
115 789
115 797
115 798
115 800
116 401
116 402
116 403
116 407
116 409
116 411
116 413
116 414
116 418
116 422
116 424
116 425
116 428
116 430
116 432
116 433
116 435
116 436
116 438
116 439
116 441
116 444
116 445
116 447
116 449
116 452
116 453
116 455
116 457
116 459
116 464
116 468
116 469
116 474
116 475
116 480
116 481
116 483
116 484
116 485
116 486
116 487
116 488
116 492
116 494
116 495
116 497
116 498
116 499
116 500
116 504
116 505
116 506
116 508
116 509
116 513
116 514
116 516
116 518
116 519
116 523
116 524
116 526
116 528
116 529
116 530
116 533
116 534
116 535
116 536
116 539
116 541
116 542
116 543
116 548
116 551
116 552
116 555
116 559
116 560
116 561
116 562
116 564
116 566
116 569
116 573
116 577
116 581
116 582
116 583
116 584
116 588
116 589
116 592
116 593
116 594
116 601
116 603
116 604
116 607
116 608
116 609
116 612
116 614
116 615
116 617
116 618
116 619
116 620
116 622
116 627
116 629
116 631
116 632
116 633
116 634
116 637
116 640
116 641
116 642
116 647
116 651
116 653
116 656
116 664
116 665
116 672
116 673
116 674
116 679
116 680
116 681
116 685
116 688
116 690
116 692
116 694
116 695
116 700
116 701
116 703
116 705
116 707
116 710
116 711
116 712
116 714
116 720
116 721
116 722
116 723
116 724
116 726
116 729
116 731
116 737
116 739
116 741
116 745
116 747
116 751
116 753
116 755
116 759
116 760
116 761
116 762
116 763
116 765
116 766
116 768
116 769
116 770
116 772
116 774
116 776
116 777
116 783
116 784
116 785
116 788
116 792
116 796
117 403
117 404
117 407
117 410
117 411
117 412
117 413
117 418
117 427
117 429
117 431
117 434
117 436
117 439
117 441
117 443
117 444
117 445
117 447
117 451
117 453
117 455
117 457
117 458
117 459
117 461
117 463
117 464
117 466
117 467
117 469
117 470
117 471
117 475
117 476
117 477
117 478
117 480
117 482
117 483
117 486
117 488
117 491
117 492
117 495
117 500
117 501
117 502
117 506
117 507
117 508
117 511
117 512
117 514
117 515
117 518
117 520
117 523
117 530
117 534
117 536
117 538
117 539
117 541
117 542
117 546
117 548
117 556
117 561
117 562
117 563
117 565
117 567
117 569
117 570
117 573
117 574
117 580
117 581
117 587
117 588
117 590
117 594
117 595
117 596
117 599
117 601
117 602
117 603
117 604
117 606
117 611
117 614
117 616
117 620
117 622
117 625
117 627
117 628
117 631
117 633
117 634
117 636
117 638
117 640
117 641
117 645
117 646
117 647
117 648
117 649
117 650
117 652
117 654
117 655
117 656
117 660
117 665
117 669
117 671
117 672
117 673
117 675
117 676
117 678
117 679
117 680
117 681
117 683
117 684
117 686
117 687
117 689
117 690
117 691
117 692
117 693
117 694
117 695
117 698
117 699
117 703
117 706
117 708
117 709
117 710
117 711
117 713
117 716
117 718
117 720
117 724
117 727
117 731
117 735
117 739
117 740
117 741
117 742
117 743
117 745
117 746
117 748
117 749
117 751
117 752
117 753
117 760
117 762
117 763
117 767
117 769
117 772
117 774
117 776
117 777
117 779
117 782
117 783
117 785
117 788
117 789
117 790
117 792
117 793
117 797
117 798
117 799
117 800
118 401
118 402
118 408
118 412
118 413
118 414
118 418
118 419
118 422
118 423
118 426
118 428
118 429
118 432
118 433
118 434
118 436
118 437
118 438
118 439
118 441
118 442
118 444
118 445
118 450
118 451
118 452
118 454
118 460
118 461
118 464
118 465
118 469
118 471
118 472
118 473
118 477
118 487
118 489
118 490
118 491
118 494
118 496
118 498
118 506
118 510
118 511
118 512
118 513
118 514
118 516
118 517
118 519
118 520
118 521
118 522
118 525
118 526
118 528
118 529
118 530
118 532
118 533
118 538
118 541
118 550
118 551
118 555
118 561
118 562
118 564
118 565
118 567
118 572
118 573
118 582
118 584
118 588
118 589
118 590
118 593
118 595
118 599
118 601
118 602
118 606
118 610
118 611
118 612
118 613
118 614
118 616
118 620
118 622
118 623
118 624
118 627
118 628
118 629
118 630
118 631
118 632
118 635
118 637
118 639
118 640
118 643
118 646
118 648
118 650
118 652
118 654
118 655
118 656
118 657
118 658
118 659
118 660
118 668
118 672
118 673
118 675
118 678
118 681
118 682
118 685
118 687
118 688
118 690
118 692
118 696
118 700
118 704
118 706
118 709
118 710
118 712
118 713
118 716
118 718
118 719
118 720
118 723
118 726
118 729
118 732
118 733
118 734
118 735
118 736
118 738
118 739
118 740
118 745
118 746
118 749
118 755
118 761
118 763
118 764
118 765
118 766
118 772
118 777
118 778
118 780
118 782
118 783
118 784
118 786
118 787
118 789
118 797
118 798
118 799
118 800
119 403
119 407
119 408
119 410
119 412
119 413
119 415
119 417
119 419
119 420
119 423
119 427
119 428
119 430
119 436
119 438
119 440
119 443
119 446
119 448
119 454
119 455
119 456
119 457
119 458
119 459
119 460
119 461
119 463
119 464
119 467
119 470
119 473
119 478
119 479
119 481
119 482
119 483
119 484
119 485
119 487
119 488
119 489
119 490
119 492
119 493
119 494
119 498
119 499
119 502
119 504
119 505
119 506
119 507
119 508
119 509
119 510
119 511
119 512
119 514
119 515
119 516
119 517
119 520
119 521
119 523
119 524
119 525
119 526
119 531
119 533
119 534
119 538
119 539
119 542
119 547
119 548
119 549
119 550
119 552
119 559
119 563
119 564
119 565
119 567
119 568
119 570
119 571
119 573
119 574
119 575
119 578
119 579
119 580
119 581
119 582
119 584
119 585
119 592
119 594
119 597
119 600
119 603
119 604
119 605
119 607
119 608
119 615
119 616
119 618
119 620
119 621
119 622
119 624
119 625
119 626
119 627
119 628
119 629
119 630
119 631
119 632
119 636
119 637
119 638
119 639
119 640
119 642
119 644
119 646
119 647
119 649
119 650
119 653
119 655
119 658
119 660
119 662
119 663
119 664
119 666
119 669
119 672
119 674
119 677
119 678
119 682
119 683
119 685
119 686
119 688
119 689
119 690
119 693
119 694
119 706
119 707
119 708
119 710
119 715
119 723
119 724
119 725
119 727
119 728
119 731
119 732
119 738
119 740
119 745
119 746
119 748
119 750
119 753
119 755
119 756
119 760
119 761
119 762
119 764
119 769
119 770
119 771
119 778
119 780
119 781
119 782
119 786
119 789
119 793
119 794
119 795
119 797
120 401
120 402
120 403
120 404
120 405
120 407
120 408
120 410
120 412
120 413
120 414
120 415
120 416
120 421
120 423
120 427
120 429
120 430
120 432
120 433
120 434
120 435
120 436
120 439
120 440
120 441
120 442
120 445
120 446
120 447
120 448
120 450
120 451
120 454
120 456
120 458
120 459
120 460
120 461
120 462
120 468
120 469
120 470
120 471
120 472
120 476
120 477
120 482
120 483
120 485
120 486
120 488
120 489
120 496
120 497
120 499
120 500
120 501
120 502
120 503
120 504
120 510
120 512
120 513
120 514
120 516
120 519
120 521
120 524
120 526
120 527
120 532
120 533
120 535
120 536
120 538
120 539
120 541
120 542
120 544
120 545
120 546
120 547
120 548
120 549
120 550
120 551
120 552
120 554
120 558
120 562
120 566
120 567
120 571
120 572
120 573
120 574
120 576
120 577
120 578
120 581
120 583
120 584
120 585
120 586
120 588
120 590
120 592
120 593
120 594
120 596
120 599
120 601
120 602
120 603
120 605
120 606
120 607
120 608
120 610
120 612
120 614
120 615
120 616
120 617
120 621
120 623
120 625
120 627
120 630
120 631
120 632
120 633
120 634
120 635
120 636
120 637
120 638
120 641
120 642
120 644
120 646
120 647
120 648
120 649
120 654
120 657
120 662
120 666
120 667
120 669
120 670
120 671
120 673
120 675
120 679
120 680
120 683
120 686
120 688
120 693
120 696
120 698
120 699
120 705
120 706
120 708
120 710
120 712
120 713
120 717
120 718
120 719
120 724
120 726
120 728
120 731
120 732
120 733
120 734
120 735
120 736
120 739
120 742
120 743
120 744
120 745
120 746
120 747
120 748
120 751
120 754
120 755
120 757
120 758
120 759
120 762
120 764
120 765
120 766
120 768
120 770
120 771
120 772
120 773
120 774
120 777
120 779
120 781
120 782
120 783
120 784
120 785
120 786
120 787
120 788
120 790
120 791
120 794
120 795
120 797
121 405
121 407
121 408
121 409
121 411
121 414
121 416
121 417
121 418
121 420
121 421
121 422
121 424
121 425
121 426
121 427
121 428
121 429
121 432
121 433
121 434
121 435
121 436
121 438
121 440
121 444
121 445
121 451
121 452
121 456
121 457
121 458
121 460
121 464
121 465
121 466
121 467
121 471
121 473
121 474
121 476
121 478
121 481
121 483
121 485
121 486
121 490
121 491
121 493
121 494
121 495
121 498
121 499
121 501
121 503
121 505
121 506
121 507
121 509
121 510
121 511
121 512
121 518
121 519
121 520
121 522
121 529
121 531
121 532
121 534
121 535
121 540
121 544
121 545
121 548
121 550
121 551
121 552
121 553
121 554
121 555
121 556
121 557
121 559
121 561
121 565
121 567
121 572
121 573
121 580
121 582
121 583
121 584
121 587
121 589
121 590
121 591
121 593
121 594
121 598
121 601
121 603
121 607
121 608
121 612
121 613
121 616
121 619
121 622
121 623
121 624
121 625
121 626
121 627
121 628
121 630
121 634
121 640
121 641
121 642
121 644
121 645
121 646
121 647
121 649
121 650
121 651
121 653
121 654
121 656
121 659
121 662
121 663
121 665
121 669
121 673
121 674
121 676
121 679
121 681
121 683
121 684
121 685
121 686
121 691
121 695
121 696
121 698
121 702
121 705
121 706
121 708
121 711
121 714
121 716
121 717
121 718
121 720
121 721
121 722
121 725
121 726
121 727
121 728
121 730
121 731
121 736
121 737
121 738
121 740
121 741
121 742
121 745
121 746
121 748
121 749
121 750
121 751
121 752
121 755
121 756
121 758
121 759
121 760
121 761
121 763
121 765
121 766
121 769
121 772
121 777
121 778
121 781
121 783
121 784
121 785
121 786
121 788
121 790
121 791
121 792
121 794
121 795
121 797
122 401
122 403
122 404
122 405
122 409
122 410
122 411
122 412
122 413
122 416
122 417
122 418
122 419
122 422
122 423
122 430
122 433
122 438
122 439
122 440
122 441
122 444
122 446
122 448
122 450
122 452
122 454
122 455
122 459
122 461
122 463
122 469
122 470
122 471
122 472
122 474
122 476
122 477
122 478
122 479
122 480
122 481
122 482
122 485
122 486
122 487
122 488
122 490
122 494
122 495
122 497
122 498
122 500
122 502
122 505
122 507
122 511
122 512
122 513
122 517
122 518
122 521
122 522
122 526
122 528
122 533
122 539
122 540
122 541
122 543
122 545
122 548
122 549
122 550
122 551
122 553
122 558
122 559
122 561
122 562
122 563
122 564
122 565
122 566
122 567
122 568
122 572
122 574
122 578
122 579
122 584
122 585
122 588
122 591
122 593
122 597
122 598
122 600
122 601
122 602
122 603
122 604
122 606
122 610
122 612
122 616
122 617
122 620
122 624
122 625
122 626
122 628
122 629
122 635
122 636
122 638
122 639
122 641
122 643
122 646
122 647
122 651
122 653
122 654
122 661
122 663
122 664
122 665
122 670
122 671
122 675
122 676
122 677
122 678
122 680
122 681
122 684
122 685
122 686
122 690
122 694
122 695
122 697
122 698
122 700
122 701
122 703
122 706
122 708
122 709
122 712
122 714
122 715
122 717
122 718
122 719
122 728
122 729
122 730
122 731
122 732
122 733
122 734
122 736
122 737
122 743
122 746
122 749
122 752
122 755
122 758
122 759
122 760
122 761
122 762
122 763
122 764
122 768
122 773
122 775
122 777
122 779
122 780
122 787
122 788
122 789
122 791
122 792
122 794
122 796
123 403
123 404
123 410
123 413
123 416
123 421
123 422
123 429
123 432
123 433
123 434
123 435
123 437
123 438
123 441
123 445
123 446
123 449
123 453
123 458
123 462
123 463
123 464
123 465
123 468
123 470
123 473
123 475
123 477
123 479
123 480
123 481
123 485
123 486
123 487
123 488
123 489
123 493
123 494
123 497
123 498
123 501
123 503
123 505
123 506
123 512
123 513
123 514
123 517
123 520
123 521
123 523
123 524
123 526
123 528
123 529
123 530
123 532
123 533
123 536
123 537
123 541
123 548
123 550
123 551
123 552
123 553
123 554
123 556
123 557
123 558
123 561
123 563
123 567
123 568
123 569
123 570
123 571
123 572
123 579
123 581
123 582
123 584
123 587
123 589
123 590
123 591
123 594
123 596
123 597
123 598
123 600
123 606
123 607
123 610
123 611
123 613
123 617
123 618
123 619
123 621
123 623
123 624
123 625
123 630
123 634
123 635
123 639
123 640
123 641
123 644
123 646
123 650
123 655
123 656
123 658
123 659
123 660
123 662
123 664
123 666
123 668
123 670
123 672
123 676
123 681
123 685
123 686
123 691
123 692
123 694
123 695
123 701
123 703
123 706
123 709
123 710
123 711
123 712
123 713
123 714
123 715
123 716
123 718
123 722
123 723
123 724
123 727
123 728
123 729
123 730
123 731
123 733
123 734
123 735
123 737
123 740
123 743
123 745
123 747
123 749
123 750
123 752
123 754
123 755
123 756
123 758
123 760
123 761
123 762
123 764
123 766
123 768
123 769
123 770
123 774
123 777
123 778
123 779
123 780
123 782
123 783
123 784
123 785
123 786
123 787
123 793
123 796
123 798
124 401
124 404
124 407
124 411
124 412
124 413
124 416
124 418
124 421
124 422
124 424
124 433
124 437
124 438
124 439
124 443
124 446
124 448
124 449
124 450
124 451
124 452
124 454
124 455
124 457
124 460
124 462
124 463
124 465
124 466
124 467
124 470
124 472
124 473
124 474
124 475
124 477
124 480
124 482
124 483
124 485
124 486
124 487
124 488
124 491
124 504
124 505
124 508
124 510
124 512
124 516
124 517
124 518
124 519
124 522
124 524
124 527
124 528
124 530
124 532
124 534
124 536
124 537
124 539
124 542
124 543
124 544
124 546
124 549
124 550
124 551
124 553
124 556
124 558
124 559
124 565
124 567
124 568
124 569
124 572
124 573
124 574
124 575
124 576
124 577
124 578
124 579
124 582
124 584
124 585
124 587
124 589
124 590
124 592
124 595
124 596
124 598
124 601
124 604
124 607
124 609
124 612
124 613
124 614
124 615
124 617
124 618
124 619
124 620
124 622
124 623
124 624
124 625
124 626
124 627
124 628
124 630
124 634
124 637
124 638
124 639
124 646
124 650
124 652
124 655
124 656
124 658
124 659
124 662
124 670
124 671
124 673
124 675
124 676
124 680
124 682
124 683
124 684
124 685
124 686
124 687
124 690
124 691
124 692
124 694
124 695
124 697
124 698
124 699
124 700
124 701
124 705
124 707
124 708
124 709
124 713
124 714
124 717
124 719
124 720
124 721
124 722
124 724
124 725
124 731
124 732
124 738
124 742
124 746
124 748
124 749
124 750
124 751
124 752
124 753
124 755
124 758
124 759
124 761
124 763
124 766
124 767
124 768
124 769
124 771
124 777
124 778
124 779
124 781
124 782
124 784
124 785
124 786
124 787
124 789
124 791
124 792
124 794
124 799
124 800
125 402
125 406
125 407
125 409
125 410
125 412
125 413
125 414
125 416
125 417
125 418
125 419
125 421
125 423
125 425
125 426
125 427
125 431
125 432
125 433
125 436
125 437
125 438
125 439
125 440
125 441
125 443
125 445
125 446
125 447
125 449
125 450
125 451
125 452
125 453
125 456
125 458
125 463
125 464
125 468
125 469
125 470
125 471
125 473
125 474
125 477
125 479
125 480
125 483
125 484
125 485
125 489
125 491
125 495
125 496
125 498
125 499
125 500
125 501
125 508
125 509
125 510
125 513
125 514
125 515
125 521
125 522
125 523
125 524
125 526
125 528
125 529
125 531
125 533
125 534
125 541
125 543
125 544
125 545
125 547
125 550
125 556
125 557
125 560
125 564
125 569
125 571
125 572
125 573
125 574
125 577
125 578
125 580
125 581
125 587
125 589
125 591
125 592
125 594
125 595
125 597
125 599
125 602
125 605
125 610
125 612
125 620
125 621
125 622
125 624
125 627
125 631
125 633
125 637
125 638
125 639
125 641
125 644
125 645
125 647
125 649
125 650
125 652
125 653
125 656
125 657
125 660
125 662
125 663
125 665
125 667
125 668
125 669
125 671
125 672
125 673
125 675
125 676
125 677
125 678
125 681
125 685
125 686
125 688
125 690
125 695
125 696
125 698
125 702
125 704
125 706
125 708
125 712
125 715
125 721
125 723
125 725
125 727
125 728
125 729
125 732
125 733
125 736
125 737
125 738
125 739
125 740
125 742
125 745
125 746
125 750
125 751
125 752
125 753
125 756
125 757
125 758
125 759
125 760
125 761
125 762
125 763
125 765
125 766
125 772
125 773
125 776
125 781
125 782
125 784
125 785
125 786
125 787
125 788
125 791
125 794
125 797
125 798
125 799
126 402
126 403
126 404
126 405
126 407
126 409
126 410
126 411
126 412
126 413
126 417
126 418
126 419
126 423
126 424
126 426
126 428
126 431
126 434
126 435
126 437
126 438
126 440
126 441
126 442
126 446
126 450
126 452
126 453
126 459
126 463
126 465
126 467
126 470
126 472
126 475
126 477
126 478
126 480
126 488
126 489
126 493
126 494
126 496
126 498
126 499
126 502
126 503
126 504
126 505
126 506
126 507
126 510
126 511
126 512
126 514
126 518
126 519
126 520
126 522
126 523
126 524
126 526
126 527
126 528
126 529
126 532
126 533
126 534
126 536
126 539
126 540
126 542
126 543
126 544
126 548
126 550
126 552
126 553
126 554
126 555
126 558
126 560
126 561
126 562
126 566
126 568
126 569
126 570
126 571
126 573
126 574
126 578
126 579
126 581
126 584
126 589
126 590
126 591
126 593
126 594
126 595
126 596
126 597
126 598
126 599
126 601
126 603
126 605
126 606
126 607
126 608
126 610
126 611
126 614
126 615
126 620
126 622
126 624
126 625
126 629
126 630
126 632
126 634
126 635
126 638
126 640
126 641
126 644
126 647
126 649
126 654
126 656
126 663
126 664
126 667
126 668
126 672
126 673
126 674
126 676
126 681
126 682
126 686
126 687
126 689
126 693
126 696
126 697
126 698
126 699
126 702
126 703
126 705
126 706
126 707
126 711
126 712
126 714
126 718
126 719
126 720
126 722
126 725
126 726
126 727
126 728
126 730
126 735
126 736
126 737
126 739
126 740
126 741
126 745
126 749
126 752
126 753
126 754
126 764
126 769
126 771
126 772
126 773
126 774
126 776
126 777
126 781
126 784
126 789
126 793
126 799
126 800
127 402
127 403
127 404
127 405
127 407
127 408
127 411
127 412
127 413
127 415
127 416
127 417
127 419
127 421
127 422
127 423
127 424
127 427
127 429
127 435
127 437
127 439
127 440
127 441
127 442
127 443
127 444
127 445
127 446
127 447
127 452
127 454
127 456
127 457
127 458
127 460
127 461
127 462
127 463
127 466
127 470
127 471
127 472
127 474
127 476
127 479
127 482
127 483
127 484
127 485
127 487
127 491
127 492
127 494
127 495
127 497
127 498
127 501
127 502
127 504
127 508
127 511
127 512
127 514
127 519
127 525
127 527
127 535
127 542
127 543
127 545
127 546
127 547
127 555
127 557
127 558
127 559
127 562
127 567
127 570
127 571
127 573
127 574
127 575
127 578
127 584
127 585
127 587
127 588
127 590
127 591
127 592
127 594
127 596
127 598
127 599
127 600
127 604
127 607
127 608
127 611
127 612
127 614
127 616
127 619
127 620
127 621
127 622
127 630
127 631
127 634
127 635
127 642
127 643
127 644
127 647
127 652
127 658
127 662
127 666
127 668
127 669
127 671
127 672
127 673
127 675
127 677
127 678
127 681
127 686
127 687
127 688
127 691
127 693
127 696
127 699
127 702
127 703
127 704
127 705
127 706
127 710
127 711
127 715
127 717
127 718
127 719
127 721
127 723
127 724
127 725
127 726
127 728
127 729
127 732
127 734
127 735
127 737
127 741
127 744
127 745
127 747
127 748
127 749
127 750
127 754
127 755
127 759
127 762
127 764
127 765
127 768
127 771
127 773
127 774
127 777
127 779
127 782
127 786
127 787
127 788
127 793
127 797
127 798
127 799
127 800
128 403
128 405
128 407
128 410
128 411
128 412
128 413
128 416
128 417
128 419
128 420
128 422
128 423
128 424
128 426
128 429
128 431
128 435
128 440
128 441
128 443
128 446
128 448
128 450
128 451
128 459
128 460
128 461
128 463
128 466
128 468
128 469
128 475
128 476
128 478
128 479
128 482
128 484
128 485
128 486
128 488
128 489
128 490
128 491
128 492
128 494
128 495
128 499
128 500
128 504
128 506
128 507
128 509
128 510
128 515
128 516
128 518
128 519
128 521
128 523
128 525
128 528
128 532
128 535
128 536
128 537
128 539
128 541
128 542
128 543
128 547
128 548
128 550
128 552
128 556
128 557
128 564
128 565
128 566
128 567
128 568
128 569
128 570
128 571
128 573
128 574
128 575
128 576
128 577
128 579
128 581
128 583
128 585
128 586
128 587
128 590
128 591
128 595
128 596
128 598
128 599
128 602
128 603
128 604
128 605
128 606
128 607
128 608
128 609
128 612
128 614
128 615
128 616
128 617
128 618
128 621
128 624
128 626
128 629
128 630
128 632
128 634
128 635
128 637
128 638
128 639
128 640
128 643
128 644
128 645
128 646
128 647
128 651
128 652
128 653
128 656
128 657
128 658
128 661
128 663
128 664
128 670
128 671
128 672
128 673
128 675
128 676
128 677
128 678
128 680
128 682
128 683
128 685
128 694
128 698
128 699
128 707
128 711
128 714
128 715
128 717
128 718
128 720
128 721
128 723
128 724
128 726
128 729
128 735
128 737
128 740
128 741
128 742
128 744
128 745
128 749
128 750
128 752
128 753
128 754
128 756
128 757
128 758
128 759
128 760
128 765
128 768
128 769
128 773
128 775
128 778
128 783
128 785
128 787
128 791
128 792
128 794
128 798
129 403
129 404
129 407
129 409
129 415
129 419
129 421
129 423
129 424
129 426
129 432
129 435
129 436
129 437
129 438
129 440
129 441
129 442
129 443
129 444
129 446
129 447
129 450
129 452
129 453
129 454
129 455
129 456
129 457
129 458
129 459
129 462
129 463
129 464
129 466
129 467
129 468
129 471
129 473
129 475
129 476
129 481
129 482
129 484
129 486
129 487
129 489
129 490
129 491
129 492
129 493
129 494
129 496
129 497
129 498
129 499
129 502
129 506
129 507
129 508
129 511
129 521
129 522
129 523
129 524
129 526
129 528
129 532
129 533
129 535
129 536
129 540
129 542
129 543
129 544
129 547
129 548
129 551
129 552
129 553
129 554
129 560
129 563
129 564
129 565
129 567
129 568
129 569
129 571
129 578
129 581
129 588
129 590
129 591
129 592
129 593
129 596
129 598
129 599
129 605
129 606
129 607
129 608
129 610
129 613
129 617
129 618
129 620
129 626
129 627
129 628
129 632
129 634
129 636
129 637
129 640
129 641
129 642
129 644
129 645
129 647
129 649
129 650
129 652
129 653
129 654
129 655
129 657
129 660
129 662
129 665
129 666
129 671
129 672
129 675
129 677
129 678
129 679
129 682
129 683
129 686
129 689
129 690
129 691
129 694
129 698
129 700
129 701
129 704
129 708
129 710
129 711
129 712
129 713
129 714
129 715
129 716
129 717
129 719
129 721
129 722
129 723
129 725
129 728
129 729
129 732
129 733
129 736
129 745
129 746
129 747
129 748
129 750
129 756
129 757
129 760
129 761
129 762
129 764
129 766
129 768
129 772
129 774
129 777
129 778
129 779
129 783
129 784
129 785
129 788
129 791
129 793
129 794
129 795
129 797
129 798
129 799
130 403
130 413
130 416
130 417
130 419
130 420
130 421
130 422
130 425
130 428
130 431
130 432
130 433
130 437
130 442
130 443
130 444
130 447
130 449
130 450
130 451
130 453
130 454
130 455
130 459
130 460
130 462
130 465
130 466
130 467
130 468
130 476
130 477
130 481
130 482
130 486
130 491
130 492
130 493
130 496
130 497
130 498
130 500
130 501
130 503
130 504
130 509
130 512
130 513
130 514
130 515
130 519
130 520
130 521
130 524
130 526
130 527
130 529
130 530
130 532
130 533
130 534
130 535
130 539
130 543
130 545
130 546
130 548
130 552
130 554
130 557
130 559
130 560
130 562
130 563
130 564
130 566
130 567
130 572
130 573
130 574
130 575
130 576
130 579
130 582
130 584
130 586
130 592
130 594
130 600
130 601
130 602
130 604
130 605
130 606
130 610
130 613
130 614
130 616
130 617
130 619
130 620
130 622
130 623
130 627
130 629
130 630
130 632
130 634
130 636
130 640
130 643
130 644
130 645
130 647
130 648
130 650
130 655
130 657
130 659
130 660
130 661
130 664
130 665
130 666
130 667
130 670
130 671
130 672
130 673
130 674
130 676
130 679
130 680
130 682
130 684
130 685
130 688
130 692
130 693
130 694
130 695
130 701
130 706
130 708
130 709
130 717
130 718
130 720
130 722
130 725
130 726
130 729
130 730
130 734
130 737
130 740
130 741
130 746
130 748
130 753
130 755
130 756
130 757
130 761
130 762
130 763
130 764
130 769
130 773
130 774
130 775
130 776
130 778
130 779
130 780
130 781
130 786
130 787
130 788
130 789
130 791
130 794
130 795
130 797
130 798
130 799
130 800
131 403
131 404
131 409
131 410
131 412
131 416
131 418
131 420
131 421
131 423
131 426
131 428
131 429
131 431
131 432
131 435
131 436
131 437
131 438
131 439
131 442
131 443
131 444
131 446
131 448
131 451
131 452
131 456
131 457
131 458
131 459
131 464
131 469
131 471
131 472
131 475
131 476
131 479
131 481
131 482
131 483
131 485
131 486
131 487
131 490
131 493
131 494
131 495
131 497
131 500
131 503
131 505
131 506
131 508
131 509
131 510
131 512
131 513
131 514
131 517
131 518
131 519
131 520
131 522
131 523
131 524
131 525
131 526
131 528
131 529
131 530
131 531
131 534
131 535
131 536
131 537
131 540
131 541
131 544
131 548
131 551
131 553
131 556
131 557
131 558
131 560
131 561
131 565
131 570
131 571
131 572
131 574
131 576
131 578
131 580
131 582
131 583
131 584
131 585
131 586
131 587
131 589
131 591
131 593
131 594
131 596
131 599
131 601
131 602
131 603
131 607
131 612
131 615
131 616
131 617
131 620
131 622
131 625
131 627
131 628
131 630
131 631
131 632
131 634
131 636
131 638
131 640
131 642
131 643
131 645
131 646
131 647
131 648
131 649
131 651
131 654
131 655
131 657
131 658
131 661
131 668
131 671
131 674
131 686
131 691
131 692
131 695
131 699
131 700
131 701
131 702
131 703
131 706
131 708
131 709
131 711
131 712
131 715
131 716
131 717
131 720
131 722
131 723
131 725
131 726
131 730
131 731
131 744
131 745
131 747
131 751
131 752
131 753
131 758
131 759
131 760
131 762
131 763
131 765
131 766
131 767
131 768
131 769
131 770
131 771
131 772
131 773
131 776
131 778
131 779
131 780
131 785
131 786
131 787
131 790
131 791
131 792
131 793
131 794
131 798
131 799
132 405
132 408
132 409
132 411
132 413
132 414
132 415
132 421
132 422
132 428
132 429
132 431
132 432
132 433
132 434
132 435
132 436
132 438
132 439
132 442
132 444
132 445
132 449
132 451
132 452
132 455
132 457
132 460
132 462
132 463
132 464
132 465
132 466
132 468
132 469
132 471
132 473
132 474
132 475
132 476
132 477
132 480
132 481
132 482
132 483
132 484
132 486
132 488
132 489
132 490
132 503
132 504
132 510
132 512
132 513
132 515
132 517
132 518
132 519
132 524
132 527
132 529
132 530
132 531
132 532
132 535
132 536
132 537
132 538
132 541
132 543
132 549
132 550
132 551
132 552
132 553
132 554
132 555
132 560
132 563
132 567
132 569
132 571
132 573
132 575
132 576
132 579
132 580
132 581
132 582
132 583
132 584
132 589
132 591
132 592
132 593
132 596
132 598
132 599
132 600
132 601
132 602
132 603
132 605
132 606
132 608
132 614
132 619
132 621
132 625
132 626
132 627
132 628
132 629
132 630
132 631
132 632
132 633
132 637
132 638
132 640
132 641
132 642
132 643
132 644
132 645
132 646
132 647
132 648
132 650
132 651
132 655
132 658
132 659
132 660
132 661
132 662
132 666
132 668
132 670
132 671
132 673
132 674
132 677
132 680
132 683
132 686
132 690
132 691
132 692
132 694
132 697
132 699
132 701
132 702
132 704
132 705
132 706
132 707
132 709
132 710
132 713
132 715
132 717
132 719
132 720
132 722
132 725
132 728
132 729
132 734
132 735
132 737
132 741
132 742
132 744
132 745
132 747
132 748
132 749
132 750
132 752
132 753
132 755
132 756
132 757
132 759
132 760
132 761
132 763
132 765
132 768
132 769
132 770
132 772
132 773
132 776
132 779
132 784
132 792
132 795
132 796
132 799
133 405
133 406
133 409
133 410
133 411
133 417
133 419
133 421
133 422
133 425
133 432
133 433
133 434
133 440
133 442
133 444
133 445
133 447
133 449
133 453
133 454
133 455
133 456
133 457
133 460
133 461
133 462
133 463
133 464
133 467
133 471
133 473
133 476
133 478
133 479
133 480
133 481
133 483
133 484
133 486
133 487
133 493
133 494
133 495
133 496
133 498
133 500
133 504
133 507
133 508
133 509
133 510
133 511
133 512
133 513
133 516
133 519
133 521
133 524
133 526
133 530
133 531
133 534
133 535
133 537
133 538
133 539
133 542
133 543
133 545
133 546
133 547
133 548
133 549
133 550
133 551
133 552
133 553
133 560
133 563
133 565
133 567
133 568
133 569
133 571
133 573
133 574
133 577
133 578
133 579
133 582
133 584
133 585
133 588
133 591
133 592
133 593
133 594
133 596
133 597
133 598
133 599
133 601
133 602
133 603
133 607
133 609
133 613
133 614
133 617
133 621
133 624
133 625
133 626
133 627
133 628
133 629
133 630
133 632
133 634
133 636
133 638
133 639
133 641
133 642
133 644
133 646
133 648
133 650
133 651
133 654
133 657
133 658
133 661
133 662
133 663
133 665
133 667
133 670
133 671
133 672
133 675
133 679
133 680
133 682
133 683
133 684
133 685
133 688
133 690
133 692
133 695
133 697
133 700
133 702
133 705
133 706
133 707
133 711
133 712
133 717
133 718
133 722
133 723
133 724
133 725
133 726
133 727
133 731
133 732
133 739
133 742
133 743
133 744
133 745
133 747
133 748
133 749
133 750
133 752
133 757
133 760
133 761
133 764
133 767
133 769
133 770
133 771
133 772
133 773
133 774
133 776
133 779
133 782
133 784
133 786
133 788
133 790
133 791
133 795
133 797
133 798
133 799
134 401
134 403
134 404
134 407
134 409
134 413
134 415
134 418
134 419
134 423
134 424
134 427
134 428
134 429
134 430
134 431
134 432
134 433
134 434
134 435
134 437
134 441
134 446
134 451
134 454
134 455
134 456
134 459
134 460
134 464
134 465
134 467
134 468
134 470
134 471
134 475
134 477
134 478
134 481
134 483
134 485
134 486
134 487
134 489
134 491
134 492
134 493
134 494
134 498
134 500
134 501
134 502
134 503
134 504
134 506
134 512
134 514
134 515
134 517
134 520
134 521
134 522
134 523
134 524
134 525
134 526
134 528
134 529
134 530
134 532
134 533
134 534
134 535
134 536
134 537
134 539
134 541
134 542
134 543
134 545
134 546
134 547
134 549
134 554
134 555
134 557
134 558
134 563
134 564
134 565
134 567
134 568
134 569
134 573
134 574
134 581
134 582
134 583
134 587
134 588
134 589
134 590
134 592
134 594
134 595
134 600
134 601
134 602
134 605
134 606
134 607
134 608
134 609
134 611
134 612
134 615
134 616
134 617
134 618
134 620
134 622
134 625
134 633
134 639
134 640
134 641
134 642
134 643
134 644
134 645
134 646
134 647
134 649
134 650
134 651
134 658
134 659
134 662
134 665
134 667
134 671
134 672
134 673
134 674
134 676
134 680
134 681
134 686
134 687
134 688
134 689
134 690
134 692
134 694
134 695
134 698
134 699
134 701
134 703
134 706
134 707
134 709
134 714
134 716
134 718
134 719
134 720
134 721
134 723
134 726
134 730
134 731
134 733
134 736
134 737
134 738
134 739
134 746
134 747
134 748
134 750
134 752
134 753
134 754
134 757
134 759
134 760
134 762
134 763
134 764
134 766
134 767
134 768
134 772
134 773
134 776
134 778
134 780
134 784
134 786
134 788
134 789
134 791
134 795
134 796
134 800
135 402
135 403
135 409
135 410
135 412
135 420
135 422
135 423
135 425
135 426
135 429
135 431
135 434
135 438
135 440
135 441
135 442
135 449
135 452
135 453
135 456
135 457
135 458
135 462
135 463
135 464
135 473
135 475
135 477
135 479
135 482
135 483
135 484
135 485
135 486
135 487
135 488
135 490
135 496
135 497
135 498
135 500
135 502
135 505
135 506
135 509
135 514
135 515
135 517
135 519
135 523
135 525
135 529
135 530
135 531
135 533
135 535
135 536
135 540
135 541
135 542
135 543
135 546
135 547
135 548
135 549
135 550
135 553
135 554
135 555
135 557
135 558
135 560
135 561
135 563
135 565
135 571
135 572
135 573
135 576
135 577
135 578
135 581
135 582
135 585
135 587
135 588
135 590
135 591
135 592
135 593
135 595
135 597
135 602
135 605
135 608
135 609
135 612
135 613
135 615
135 616
135 617
135 619
135 620
135 622
135 625
135 626
135 629
135 630
135 632
135 637
135 639
135 640
135 641
135 642
135 643
135 645
135 647
135 649
135 650
135 651
135 652
135 653
135 658
135 659
135 660
135 663
135 664
135 666
135 670
135 673
135 675
135 677
135 678
135 679
135 680
135 683
135 684
135 686
135 691
135 692
135 693
135 694
135 695
135 696
135 698
135 699
135 702
135 705
135 706
135 708
135 709
135 712
135 713
135 715
135 717
135 718
135 720
135 721
135 722
135 726
135 727
135 728
135 729
135 733
135 735
135 736
135 737
135 738
135 739
135 740
135 742
135 744
135 746
135 747
135 748
135 749
135 750
135 752
135 753
135 754
135 755
135 759
135 760
135 765
135 767
135 770
135 773
135 774
135 776
135 777
135 779
135 780
135 782
135 783
135 784
135 786
135 792
135 793
135 794
135 795
135 797
135 798
135 799
135 800
136 403
136 405
136 407
136 409
136 410
136 412
136 413
136 414
136 419
136 421
136 423
136 424
136 428
136 429
136 434
136 436
136 439
136 441
136 445
136 446
136 448
136 449
136 450
136 451
136 452
136 456
136 457
136 459
136 461
136 463
136 465
136 471
136 473
136 474
136 480
136 481
136 483
136 484
136 487
136 488
136 490
136 494
136 497
136 498
136 499
136 500
136 502
136 503
136 506
136 507
136 510
136 515
136 517
136 523
136 525
136 529
136 533
136 534
136 535
136 538
136 539
136 540
136 541
136 542
136 548
136 550
136 551
136 552
136 555
136 556
136 557
136 558
136 561
136 562
136 563
136 567
136 573
136 574
136 576
136 577
136 578
136 579
136 580
136 583
136 584
136 586
136 587
136 590
136 591
136 592
136 596
136 597
136 598
136 600
136 602
136 603
136 605
136 606
136 608
136 610
136 611
136 613
136 614
136 620
136 624
136 625
136 626
136 628
136 631
136 634
136 638
136 639
136 641
136 643
136 646
136 648
136 650
136 651
136 652
136 654
136 655
136 656
136 657
136 662
136 663
136 666
136 668
136 669
136 670
136 671
136 673
136 674
136 675
136 679
136 682
136 684
136 685
136 686
136 690
136 692
136 695
136 697
136 698
136 700
136 702
136 705
136 709
136 714
136 715
136 716
136 717
136 719
136 720
136 722
136 723
136 727
136 734
136 735
136 738
136 740
136 743
136 745
136 747
136 751
136 753
136 757
136 758
136 761
136 762
136 764
136 765
136 768
136 771
136 774
136 777
136 778
136 783
136 785
136 787
136 788
136 790
136 792
136 793
136 794
136 797
136 798
136 800
137 401
137 405
137 406
137 407
137 410
137 411
137 412
137 414
137 415
137 416
137 417
137 419
137 420
137 424
137 426
137 427
137 428
137 429
137 433
137 434
137 435
137 436
137 438
137 443
137 445
137 447
137 451
137 452
137 454
137 457
137 458
137 460
137 464
137 465
137 471
137 474
137 475
137 477
137 479
137 480
137 481
137 483
137 485
137 486
137 487
137 492
137 493
137 494
137 497
137 498
137 499
137 504
137 505
137 506
137 508
137 509
137 510
137 513
137 515
137 517
137 518
137 520
137 522
137 523
137 524
137 525
137 530
137 531
137 533
137 534
137 536
137 537
137 539
137 542
137 543
137 544
137 545
137 546
137 547
137 549
137 552
137 555
137 558
137 560
137 561
137 562
137 563
137 564
137 568
137 569
137 570
137 574
137 578
137 581
137 582
137 584
137 585
137 586
137 587
137 592
137 594
137 597
137 600
137 604
137 605
137 606
137 608
137 610
137 612
137 614
137 615
137 616
137 617
137 618
137 620
137 622
137 624
137 625
137 626
137 629
137 631
137 632
137 633
137 634
137 636
137 640
137 641
137 648
137 651
137 652
137 653
137 655
137 657
137 659
137 661
137 663
137 665
137 666
137 667
137 669
137 670
137 671
137 673
137 674
137 677
137 678
137 679
137 680
137 681
137 682
137 687
137 688
137 690
137 691
137 693
137 695
137 697
137 698
137 700
137 702
137 703
137 704
137 705
137 709
137 714
137 716
137 720
137 722
137 724
137 729
137 734
137 735
137 738
137 739
137 743
137 744
137 747
137 749
137 750
137 751
137 754
137 756
137 761
137 762
137 763
137 764
137 765
137 767
137 770
137 776
137 778
137 779
137 787
137 788
137 790
137 791
137 793
137 797
137 798
138 402
138 406
138 407
138 409
138 410
138 413
138 416
138 420
138 421
138 422
138 424
138 429
138 430
138 432
138 433
138 435
138 437
138 444
138 447
138 450
138 453
138 455
138 458
138 459
138 461
138 463
138 470
138 472
138 474
138 475
138 478
138 479
138 480
138 481
138 485
138 487
138 488
138 490
138 491
138 492
138 493
138 496
138 498
138 499
138 501
138 503
138 504
138 506
138 508
138 511
138 515
138 517
138 522
138 524
138 525
138 526
138 528
138 530
138 533
138 534
138 535
138 537
138 539
138 540
138 541
138 545
138 547
138 551
138 552
138 553
138 554
138 555
138 560
138 561
138 562
138 565
138 568
138 570
138 571
138 572
138 573
138 575
138 581
138 582
138 584
138 586
138 587
138 588
138 589
138 595
138 597
138 599
138 602
138 603
138 604
138 605
138 606
138 611
138 612
138 613
138 614
138 616
138 618
138 621
138 622
138 624
138 626
138 627
138 628
138 629
138 630
138 633
138 634
138 636
138 637
138 638
138 640
138 642
138 643
138 644
138 646
138 647
138 653
138 657
138 658
138 660
138 661
138 662
138 664
138 665
138 669
138 670
138 671
138 674
138 675
138 676
138 677
138 678
138 681
138 682
138 684
138 686
138 687
138 690
138 692
138 693
138 694
138 695
138 696
138 697
138 698
138 699
138 700
138 702
138 703
138 706
138 709
138 711
138 714
138 715
138 718
138 719
138 720
138 721
138 723
138 724
138 725
138 726
138 727
138 730
138 733
138 735
138 736
138 739
138 740
138 741
138 742
138 743
138 745
138 746
138 748
138 751
138 753
138 754
138 755
138 756
138 757
138 759
138 760
138 761
138 762
138 763
138 765
138 769
138 770
138 771
138 772
138 773
138 774
138 775
138 778
138 780
138 782
138 786
138 787
138 788
138 791
138 795
138 800
139 402
139 405
139 406
139 409
139 410
139 421
139 423
139 424
139 425
139 427
139 428
139 429
139 430
139 431
139 432
139 434
139 435
139 436
139 439
139 445
139 447
139 448
139 449
139 453
139 454
139 456
139 457
139 458
139 459
139 460
139 462
139 464
139 467
139 470
139 471
139 472
139 474
139 475
139 476
139 478
139 480
139 487
139 488
139 489
139 490
139 491
139 492
139 495
139 498
139 499
139 503
139 504
139 510
139 512
139 515
139 518
139 520
139 524
139 525
139 526
139 528
139 530
139 531
139 532
139 534
139 535
139 536
139 537
139 544
139 545
139 546
139 548
139 550
139 551
139 553
139 555
139 556
139 558
139 559
139 561
139 566
139 571
139 575
139 577
139 579
139 581
139 585
139 586
139 587
139 589
139 590
139 591
139 592
139 593
139 594
139 595
139 596
139 598
139 610
139 612
139 614
139 616
139 617
139 618
139 619
139 621
139 622
139 623
139 629
139 633
139 634
139 636
139 637
139 638
139 643
139 644
139 645
139 646
139 647
139 649
139 650
139 652
139 654
139 655
139 656
139 660
139 662
139 663
139 664
139 665
139 672
139 673
139 675
139 676
139 679
139 680
139 681
139 683
139 685
139 687
139 697
139 698
139 699
139 700
139 706
139 707
139 710
139 714
139 715
139 717
139 718
139 719
139 720
139 721
139 722
139 723
139 724
139 725
139 726
139 731
139 733
139 735
139 736
139 737
139 738
139 739
139 742
139 743
139 744
139 748
139 749
139 751
139 752
139 753
139 754
139 755
139 756
139 757
139 758
139 761
139 764
139 767
139 768
139 770
139 773
139 774
139 776
139 777
139 778
139 780
139 783
139 786
139 788
139 790
139 791
139 792
139 794
139 795
139 800
140 401
140 402
140 403
140 407
140 410
140 411
140 414
140 415
140 416
140 418
140 420
140 421
140 423
140 424
140 428
140 429
140 430
140 431
140 434
140 435
140 439
140 440
140 443
140 445
140 449
140 450
140 452
140 453
140 455
140 457
140 458
140 460
140 461
140 465
140 469
140 474
140 475
140 477
140 478
140 479
140 480
140 482
140 483
140 485
140 488
140 489
140 490
140 491
140 496
140 500
140 502
140 504
140 505
140 506
140 508
140 510
140 511
140 513
140 514
140 515
140 516
140 517
140 519
140 520
140 522
140 523
140 526
140 527
140 529
140 530
140 532
140 533
140 534
140 535
140 537
140 540
140 541
140 542
140 544
140 545
140 547
140 549
140 553
140 554
140 555
140 558
140 559
140 560
140 563
140 566
140 569
140 570
140 571
140 577
140 582
140 583
140 585
140 586
140 588
140 591
140 592
140 593
140 594
140 598
140 599
140 600
140 603
140 605
140 607
140 608
140 609
140 610
140 611
140 612
140 616
140 618
140 623
140 626
140 628
140 630
140 631
140 632
140 633
140 635
140 641
140 642
140 643
140 645
140 647
140 649
140 652
140 653
140 654
140 659
140 660
140 662
140 663
140 664
140 665
140 667
140 668
140 669
140 671
140 674
140 675
140 682
140 684
140 685
140 687
140 689
140 693
140 694
140 696
140 706
140 710
140 712
140 713
140 715
140 722
140 723
140 733
140 735
140 736
140 737
140 740
140 742
140 743
140 744
140 745
140 746
140 749
140 750
140 752
140 756
140 758
140 759
140 760
140 764
140 767
140 769
140 771
140 772
140 773
140 774
140 778
140 781
140 783
140 790
140 791
140 792
140 793
140 794
140 795
140 796
140 797
140 799
141 401
141 402
141 405
141 406
141 408
141 409
141 410
141 411
141 413
141 414
141 415
141 416
141 417
141 418
141 420
141 421
141 422
141 423
141 424
141 425
141 429
141 431
141 433
141 434
141 436
141 437
141 439
141 440
141 441
141 442
141 444
141 445
141 447
141 449
141 450
141 452
141 453
141 455
141 456
141 458
141 464
141 466
141 467
141 468
141 469
141 471
141 473
141 475
141 476
141 477
141 479
141 481
141 482
141 483
141 486
141 488
141 489
141 490
141 491
141 492
141 494
141 495
141 496
141 497
141 499
141 500
141 502
141 503
141 504
141 507
141 508
141 509
141 510
141 511
141 512
141 513
141 514
141 516
141 520
141 521
141 523
141 527
141 528
141 530
141 531
141 533
141 538
141 539
141 540
141 541
141 544
141 545
141 554
141 555
141 558
141 559
141 561
141 563
141 564
141 565
141 566
141 568
141 569
141 571
141 572
141 573
141 576
141 577
141 584
141 586
141 588
141 590
141 591
141 592
141 594
141 595
141 596
141 598
141 599
141 601
141 603
141 604
141 608
141 609
141 611
141 612
141 613
141 616
141 617
141 618
141 619
141 621
141 622
141 623
141 626
141 631
141 632
141 633
141 634
141 636
141 637
141 638
141 639
141 643
141 646
141 647
141 650
141 651
141 654
141 656
141 657
141 658
141 660
141 661
141 662
141 663
141 664
141 665
141 669
141 670
141 671
141 672
141 674
141 675
141 678
141 682
141 683
141 686
141 687
141 689
141 690
141 693
141 694
141 697
141 698
141 699
141 701
141 702
141 706
141 710
141 711
141 712
141 713
141 714
141 717
141 719
141 720
141 721
141 722
141 723
141 724
141 725
141 727
141 729
141 730
141 731
141 732
141 733
141 734
141 735
141 737
141 738
141 740
141 744
141 745
141 747
141 749
141 750
141 752
141 754
141 755
141 756
141 758
141 762
141 764
141 766
141 767
141 769
141 772
141 773
141 775
141 776
141 779
141 780
141 782
141 785
141 786
141 787
141 792
141 795
141 797
141 798
141 799
142 402
142 405
142 406
142 407
142 408
142 409
142 412
142 413
142 416
142 417
142 418
142 422
142 424
142 425
142 426
142 428
142 430
142 431
142 432
142 434
142 435
142 438
142 439
142 441
142 442
142 443
142 444
142 445
142 446
142 447
142 449
142 453
142 454
142 456
142 457
142 458
142 460
142 463
142 464
142 465
142 466
142 469
142 475
142 477
142 478
142 479
142 481
142 484
142 486
142 487
142 489
142 492
142 493
142 494
142 495
142 497
142 498
142 499
142 501
142 502
142 505
142 506
142 509
142 510
142 511
142 512
142 515
142 516
142 518
142 519
142 520
142 523
142 525
142 526
142 528
142 530
142 533
142 536
142 538
142 542
142 544
142 545
142 548
142 549
142 552
142 554
142 556
142 559
142 560
142 562
142 563
142 564
142 565
142 566
142 569
142 570
142 571
142 572
142 574
142 575
142 578
142 582
142 586
142 588
142 590
142 593
142 594
142 595
142 596
142 599
142 600
142 602
142 606
142 608
142 611
142 612
142 613
142 614
142 617
142 618
142 619
142 623
142 624
142 625
142 627
142 628
142 630
142 631
142 633
142 634
142 635
142 636
142 641
142 644
142 645
142 646
142 648
142 652
142 653
142 655
142 656
142 658
142 660
142 663
142 665
142 667
142 669
142 670
142 671
142 673
142 676
142 681
142 682
142 684
142 687
142 688
142 689
142 697
142 698
142 699
142 700
142 705
142 708
142 709
142 711
142 715
142 718
142 719
142 722
142 724
142 725
142 728
142 729
142 730
142 734
142 737
142 743
142 745
142 746
142 747
142 748
142 749
142 751
142 753
142 754
142 755
142 756
142 757
142 760
142 761
142 762
142 763
142 765
142 767
142 769
142 770
142 771
142 772
142 775
142 776
142 777
142 779
142 781
142 782
142 783
142 784
142 786
142 788
142 790
142 791
142 796
142 797
142 798
142 799
143 402
143 403
143 406
143 407
143 409
143 410
143 411
143 413
143 419
143 420
143 422
143 424
143 426
143 428
143 429
143 431
143 436
143 437
143 438
143 440
143 441
143 444
143 446
143 447
143 448
143 450
143 453
143 455
143 457
143 458
143 462
143 464
143 466
143 467
143 470
143 471
143 472
143 475
143 476
143 478
143 479
143 483
143 486
143 488
143 493
143 495
143 501
143 503
143 504
143 511
143 512
143 513
143 517
143 518
143 520
143 521
143 523
143 525
143 526
143 527
143 528
143 529
143 530
143 532
143 533
143 534
143 535
143 536
143 537
143 540
143 542
143 544
143 545
143 546
143 547
143 549
143 550
143 551
143 554
143 558
143 560
143 562
143 565
143 566
143 568
143 570
143 572
143 573
143 574
143 575
143 576
143 577
143 579
143 580
143 581
143 583
143 584
143 585
143 586
143 589
143 590
143 592
143 595
143 596
143 598
143 599
143 602
143 605
143 606
143 607
143 610
143 613
143 614
143 617
143 618
143 620
143 621
143 623
143 626
143 628
143 631
143 633
143 634
143 638
143 640
143 641
143 642
143 649
143 650
143 652
143 653
143 654
143 655
143 657
143 658
143 664
143 665
143 668
143 669
143 672
143 674
143 675
143 676
143 679
143 681
143 682
143 683
143 687
143 688
143 691
143 692
143 693
143 696
143 697
143 699
143 700
143 704
143 705
143 707
143 708
143 709
143 710
143 711
143 712
143 713
143 717
143 719
143 720
143 722
143 724
143 727
143 728
143 729
143 731
143 733
143 734
143 736
143 737
143 738
143 743
143 744
143 745
143 746
143 747
143 752
143 753
143 754
143 756
143 757
143 758
143 759
143 761
143 762
143 763
143 765
143 766
143 767
143 768
143 769
143 773
143 775
143 777
143 778
143 779
143 783
143 784
143 785
143 791
143 792
143 794
143 795
143 799
143 800
144 402
144 403
144 405
144 407
144 408
144 411
144 413
144 414
144 416
144 419
144 423
144 427
144 430
144 432
144 433
144 435
144 437
144 438
144 439
144 441
144 442
144 443
144 445
144 446
144 448
144 449
144 450
144 451
144 453
144 455
144 456
144 460
144 461
144 462
144 464
144 470
144 473
144 474
144 478
144 479
144 480
144 487
144 488
144 489
144 494
144 495
144 501
144 502
144 503
144 506
144 507
144 508
144 509
144 513
144 514
144 516
144 518
144 520
144 522
144 523
144 524
144 525
144 526
144 528
144 530
144 536
144 537
144 539
144 544
144 545
144 546
144 549
144 550
144 554
144 555
144 558
144 560
144 562
144 567
144 569
144 570
144 571
144 572
144 575
144 576
144 577
144 578
144 581
144 582
144 587
144 589
144 590
144 592
144 593
144 594
144 595
144 598
144 599
144 601
144 602
144 603
144 608
144 609
144 610
144 612
144 613
144 617
144 618
144 619
144 620
144 621
144 622
144 623
144 624
144 625
144 626
144 627
144 629
144 630
144 637
144 640
144 643
144 644
144 645
144 650
144 651
144 654
144 655
144 663
144 664
144 666
144 668
144 670
144 674
144 678
144 679
144 680
144 681
144 682
144 684
144 689
144 691
144 692
144 693
144 698
144 701
144 704
144 705
144 706
144 708
144 710
144 711
144 712
144 714
144 715
144 716
144 717
144 720
144 725
144 732
144 734
144 735
144 736
144 737
144 740
144 747
144 748
144 749
144 751
144 753
144 754
144 757
144 758
144 759
144 761
144 762
144 765
144 766
144 767
144 768
144 769
144 770
144 771
144 772
144 773
144 778
144 779
144 780
144 782
144 784
144 785
144 786
144 787
144 789
144 790
144 792
144 796
144 797
144 798
144 799
145 401
145 402
145 406
145 408
145 409
145 413
145 417
145 418
145 419
145 421
145 422
145 424
145 431
145 432
145 433
145 438
145 439
145 440
145 441
145 446
145 447
145 450
145 451
145 452
145 453
145 455
145 457
145 458
145 459
145 460
145 462
145 463
145 467
145 469
145 470
145 472
145 473
145 481
145 482
145 484
145 486
145 488
145 489
145 490
145 492
145 494
145 496
145 498
145 499
145 502
145 503
145 507
145 509
145 510
145 511
145 512
145 514
145 516
145 518
145 519
145 520
145 522
145 526
145 529
145 530
145 531
145 532
145 533
145 534
145 535
145 538
145 539
145 540
145 544
145 547
145 548
145 549
145 552
145 553
145 554
145 555
145 556
145 560
145 561
145 569
145 573
145 576
145 577
145 579
145 582
145 583
145 584
145 589
145 590
145 591
145 593
145 595
145 596
145 597
145 598
145 602
145 604
145 605
145 607
145 609
145 618
145 622
145 623
145 624
145 625
145 628
145 632
145 633
145 638
145 643
145 644
145 645
145 647
145 649
145 654
145 655
145 656
145 658
145 661
145 662
145 666
145 668
145 671
145 672
145 673
145 678
145 680
145 681
145 682
145 683
145 684
145 686
145 692
145 693
145 694
145 695
145 697
145 698
145 700
145 701
145 704
145 706
145 707
145 708
145 709
145 710
145 711
145 719
145 720
145 722
145 725
145 730
145 731
145 732
145 733
145 738
145 740
145 741
145 742
145 745
145 746
145 747
145 748
145 749
145 752
145 755
145 756
145 757
145 762
145 764
145 768
145 771
145 775
145 776
145 778
145 779
145 780
145 782
145 783
145 784
145 785
145 786
145 791
145 792
145 793
145 796
145 798
145 799
146 405
146 407
146 408
146 409
146 410
146 411
146 412
146 415
146 416
146 417
146 421
146 422
146 424
146 425
146 426
146 430
146 431
146 433
146 434
146 435
146 436
146 437
146 440
146 443
146 445
146 446
146 447
146 448
146 451
146 454
146 455
146 456
146 458
146 460
146 461
146 462
146 465
146 466
146 467
146 469
146 470
146 471
146 474
146 475
146 476
146 477
146 478
146 479
146 481
146 482
146 483
146 485
146 486
146 489
146 490
146 495
146 496
146 497
146 498
146 499
146 502
146 503
146 505
146 506
146 507
146 508
146 510
146 512
146 515
146 518
146 520
146 521
146 524
146 525
146 526
146 528
146 529
146 530
146 531
146 533
146 535
146 537
146 538
146 539
146 540
146 541
146 543
146 545
146 546
146 550
146 551
146 555
146 556
146 557
146 559
146 561
146 562
146 563
146 564
146 565
146 566
146 567
146 571
146 574
146 577
146 578
146 580
146 581
146 582
146 585
146 586
146 588
146 590
146 593
146 594
146 596
146 597
146 599
146 600
146 603
146 609
146 611
146 612
146 613
146 614
146 616
146 618
146 619
146 621
146 622
146 623
146 624
146 625
146 628
146 629
146 633
146 635
146 639
146 642
146 645
146 646
146 648
146 649
146 651
146 653
146 655
146 656
146 657
146 658
146 659
146 660
146 662
146 663
146 665
146 670
146 673
146 676
146 677
146 679
146 681
146 682
146 683
146 687
146 688
146 691
146 692
146 694
146 696
146 703
146 704
146 705
146 706
146 709
146 710
146 714
146 715
146 717
146 720
146 721
146 722
146 723
146 725
146 728
146 730
146 731
146 734
146 736
146 737
146 738
146 744
146 750
146 751
146 753
146 754
146 755
146 756
146 757
146 759
146 762
146 763
146 769
146 771
146 772
146 774
146 775
146 780
146 781
146 783
146 784
146 785
146 787
146 789
146 790
146 793
146 796
146 798
146 800
147 401
147 403
147 404
147 405
147 407
147 408
147 411
147 412
147 413
147 414
147 415
147 416
147 418
147 419
147 420
147 421
147 423
147 426
147 429
147 430
147 432
147 434
147 438
147 441
147 445
147 448
147 449
147 453
147 454
147 455
147 456
147 458
147 460
147 461
147 464
147 465
147 475
147 479
147 481
147 483
147 485
147 488
147 489
147 492
147 493
147 494
147 496
147 497
147 498
147 502
147 506
147 510
147 511
147 517
147 518
147 519
147 521
147 522
147 523
147 525
147 528
147 534
147 537
147 538
147 539
147 540
147 541
147 542
147 544
147 545
147 546
147 547
147 549
147 551
147 557
147 558
147 559
147 560
147 561
147 562
147 563
147 565
147 566
147 570
147 571
147 572
147 573
147 575
147 576
147 578
147 579
147 581
147 582
147 583
147 584
147 585
147 586
147 588
147 589
147 591
147 592
147 593
147 595
147 600
147 601
147 602
147 603
147 604
147 610
147 612
147 614
147 615
147 616
147 618
147 620
147 623
147 625
147 630
147 633
147 635
147 636
147 637
147 640
147 641
147 642
147 643
147 645
147 647
147 648
147 649
147 651
147 654
147 655
147 658
147 659
147 663
147 666
147 672
147 674
147 678
147 681
147 683
147 684
147 685
147 687
147 689
147 690
147 691
147 692
147 693
147 696
147 697
147 700
147 701
147 702
147 703
147 705
147 706
147 716
147 717
147 719
147 720
147 725
147 726
147 727
147 729
147 731
147 732
147 733
147 734
147 737
147 738
147 742
147 746
147 747
147 748
147 751
147 753
147 756
147 760
147 761
147 762
147 764
147 769
147 772
147 774
147 777
147 778
147 779
147 784
147 785
147 786
147 787
147 788
147 790
147 794
147 797
147 798
147 800
148 401
148 402
148 403
148 404
148 405
148 406
148 415
148 416
148 418
148 419
148 421
148 426
148 427
148 428
148 429
148 430
148 431
148 436
148 439
148 441
148 442
148 446
148 447
148 451
148 452
148 454
148 457
148 461
148 462
148 464
148 465
148 466
148 467
148 470
148 472
148 473
148 474
148 475
148 478
148 481
148 483
148 484
148 486
148 487
148 488
148 491
148 494
148 497
148 498
148 500
148 501
148 502
148 504
148 506
148 509
148 510
148 515
148 518
148 520
148 526
148 529
148 532
148 533
148 534
148 536
148 537
148 540
148 541
148 543
148 546
148 549
148 550
148 552
148 554
148 555
148 559
148 563
148 570
148 574
148 575
148 576
148 577
148 578
148 582
148 583
148 586
148 587
148 588
148 590
148 592
148 593
148 594
148 595
148 596
148 597
148 598
148 602
148 604
148 608
148 613
148 614
148 615
148 616
148 617
148 620
148 623
148 626
148 629
148 631
148 633
148 635
148 637
148 639
148 641
148 643
148 657
148 660
148 663
148 664
148 666
148 667
148 668
148 669
148 670
148 671
148 673
148 674
148 681
148 682
148 683
148 688
148 689
148 693
148 695
148 696
148 699
148 701
148 704
148 707
148 708
148 711
148 712
148 713
148 715
148 720
148 721
148 722
148 728
148 729
148 734
148 738
148 739
148 740
148 743
148 744
148 748
148 749
148 751
148 753
148 754
148 755
148 756
148 757
148 759
148 760
148 762
148 763
148 765
148 771
148 772
148 775
148 776
148 777
148 778
148 779
148 780
148 786
148 787
148 789
148 791
148 794
148 795
148 796
148 799
148 800
149 403
149 404
149 406
149 408
149 410
149 416
149 418
149 429
149 430
149 431
149 433
149 437
149 439
149 442
149 443
149 444
149 445
149 447
149 450
149 453
149 456
149 458
149 459
149 461
149 466
149 467
149 468
149 469
149 470
149 474
149 476
149 480
149 482
149 483
149 486
149 489
149 490
149 492
149 494
149 497
149 498
149 499
149 500
149 503
149 504
149 505
149 510
149 512
149 513
149 514
149 517
149 518
149 519
149 521
149 523
149 524
149 527
149 533
149 535
149 538
149 539
149 541
149 542
149 543
149 544
149 545
149 546
149 547
149 550
149 552
149 553
149 554
149 555
149 559
149 563
149 569
149 571
149 575
149 576
149 577
149 579
149 580
149 581
149 587
149 588
149 589
149 591
149 592
149 594
149 595
149 597
149 598
149 600
149 604
149 606
149 607
149 608
149 611
149 612
149 613
149 615
149 617
149 621
149 625
149 627
149 631
149 632
149 633
149 636
149 637
149 638
149 640
149 642
149 643
149 645
149 649
149 650
149 651
149 653
149 654
149 657
149 658
149 661
149 664
149 667
149 672
149 673
149 674
149 676
149 682
149 683
149 684
149 685
149 686
149 687
149 689
149 692
149 695
149 696
149 699
149 701
149 702
149 704
149 705
149 706
149 707
149 709
149 710
149 711
149 712
149 713
149 715
149 716
149 717
149 719
149 721
149 722
149 725
149 726
149 728
149 729
149 730
149 731
149 733
149 734
149 736
149 738
149 746
149 747
149 749
149 750
149 751
149 756
149 757
149 759
149 760
149 761
149 763
149 764
149 765
149 767
149 768
149 770
149 771
149 772
149 774
149 776
149 777
149 783
149 785
149 786
149 789
149 791
149 794
149 796
149 797
149 798
149 800
150 401
150 402
150 403
150 404
150 406
150 407
150 408
150 409
150 412
150 413
150 414
150 418
150 419
150 420
150 424
150 425
150 428
150 429
150 430
150 431
150 433
150 434
150 435
150 436
150 438
150 439
150 442
150 443
150 444
150 445
150 446
150 449
150 450
150 454
150 455
150 460
150 463
150 464
150 465
150 468
150 469
150 470
150 472
150 473
150 475
150 476
150 477
150 478
150 482
150 484
150 485
150 488
150 489
150 490
150 491
150 492
150 493
150 500
150 501
150 503
150 506
150 507
150 512
150 513
150 519
150 521
150 523
150 524
150 527
150 528
150 529
150 531
150 532
150 536
150 538
150 540
150 541
150 543
150 546
150 548
150 552
150 554
150 557
150 566
150 567
150 571
150 572
150 573
150 574
150 577
150 579
150 581
150 583
150 586
150 590
150 591
150 592
150 593
150 596
150 599
150 601
150 603
150 606
150 607
150 609
150 610
150 612
150 613
150 614
150 616
150 619
150 620
150 622
150 623
150 624
150 626
150 631
150 632
150 634
150 635
150 638
150 639
150 640
150 643
150 645
150 647
150 651
150 652
150 653
150 654
150 655
150 656
150 658
150 660
150 664
150 665
150 667
150 668
150 670
150 671
150 673
150 675
150 677
150 678
150 680
150 681
150 682
150 683
150 684
150 685
150 686
150 687
150 690
150 692
150 693
150 694
150 695
150 696
150 700
150 701
150 702
150 703
150 704
150 705
150 707
150 708
150 709
150 710
150 713
150 716
150 717
150 718
150 720
150 724
150 726
150 730
150 731
150 734
150 736
150 737
150 738
150 741
150 742
150 746
150 747
150 748
150 749
150 750
150 752
150 753
150 758
150 761
150 765
150 766
150 770
150 771
150 773
150 775
150 779
150 780
150 781
150 782
150 785
150 786
150 787
150 788
150 789
150 791
150 792
150 793
150 794
150 795
150 796
150 798
150 799
151 402
151 403
151 406
151 407
151 409
151 411
151 413
151 414
151 417
151 419
151 421
151 424
151 425
151 428
151 429
151 430
151 431
151 434
151 435
151 437
151 439
151 445
151 447
151 448
151 449
151 450
151 451
151 453
151 455
151 458
151 459
151 460
151 461
151 462
151 464
151 468
151 470
151 472
151 474
151 475
151 479
151 485
151 487
151 489
151 490
151 492
151 493
151 494
151 495
151 503
151 504
151 505
151 507
151 508
151 509
151 510
151 512
151 514
151 516
151 521
151 523
151 524
151 525
151 527
151 531
151 536
151 538
151 540
151 542
151 544
151 546
151 550
151 553
151 554
151 557
151 559
151 560
151 562
151 564
151 567
151 571
151 572
151 575
151 577
151 578
151 580
151 581
151 582
151 583
151 586
151 588
151 592
151 598
151 599
151 600
151 603
151 606
151 607
151 611
151 618
151 619
151 620
151 621
151 624
151 625
151 628
151 629
151 631
151 632
151 633
151 634
151 637
151 639
151 643
151 644
151 645
151 646
151 647
151 650
151 653
151 655
151 656
151 657
151 659
151 660
151 661
151 662
151 666
151 667
151 672
151 673
151 674
151 675
151 676
151 677
151 678
151 680
151 681
151 683
151 685
151 687
151 688
151 690
151 691
151 692
151 697
151 701
151 704
151 706
151 709
151 711
151 715
151 716
151 717
151 719
151 720
151 721
151 723
151 724
151 726
151 727
151 728
151 730
151 734
151 735
151 736
151 737
151 739
151 740
151 742
151 744
151 746
151 749
151 752
151 753
151 754
151 757
151 760
151 761
151 763
151 764
151 767
151 774
151 775
151 777
151 781
151 788
151 791
151 795
151 797
151 798
151 799
151 800
152 405
152 406
152 407
152 410
152 413
152 414
152 415
152 416
152 422
152 424
152 430
152 434
152 435
152 437
152 441
152 446
152 447
152 449
152 451
152 452
152 454
152 455
152 457
152 458
152 462
152 463
152 464
152 467
152 471
152 474
152 480
152 484
152 487
152 488
152 489
152 492
152 494
152 495
152 496
152 498
152 500
152 502
152 503
152 504
152 506
152 508
152 511
152 512
152 514
152 515
152 520
152 522
152 524
152 525
152 526
152 529
152 531
152 537
152 538
152 540
152 542
152 545
152 546
152 551
152 553
152 556
152 559
152 560
152 562
152 563
152 564
152 565
152 571
152 573
152 575
152 576
152 577
152 578
152 579
152 580
152 583
152 584
152 588
152 590
152 591
152 593
152 594
152 596
152 598
152 600
152 603
152 604
152 608
152 610
152 611
152 616
152 617
152 618
152 620
152 621
152 622
152 624
152 625
152 626
152 627
152 628
152 629
152 630
152 633
152 636
152 638
152 640
152 642
152 644
152 645
152 647
152 650
152 651
152 652
152 653
152 655
152 656
152 657
152 658
152 662
152 663
152 664
152 665
152 666
152 669
152 672
152 679
152 680
152 683
152 685
152 686
152 688
152 690
152 691
152 692
152 693
152 695
152 696
152 698
152 699
152 700
152 701
152 703
152 704
152 705
152 706
152 710
152 711
152 713
152 714
152 715
152 716
152 717
152 718
152 720
152 722
152 723
152 725
152 727
152 729
152 730
152 733
152 734
152 735
152 737
152 739
152 740
152 741
152 742
152 748
152 750
152 751
152 752
152 756
152 758
152 760
152 761
152 762
152 763
152 764
152 765
152 766
152 775
152 778
152 779
152 780
152 784
152 785
152 789
152 792
152 799
153 402
153 403
153 404
153 406
153 407
153 408
153 414
153 416
153 418
153 420
153 421
153 422
153 423
153 424
153 425
153 427
153 429
153 430
153 433
153 436
153 437
153 440
153 441
153 442
153 443
153 444
153 446
153 450
153 452
153 455
153 456
153 458
153 459
153 461
153 462
153 464
153 465
153 466
153 467
153 468
153 469
153 473
153 474
153 475
153 476
153 477
153 478
153 479
153 481
153 482
153 483
153 484
153 485
153 487
153 488
153 489
153 491
153 493
153 494
153 500
153 501
153 503
153 504
153 505
153 509
153 511
153 512
153 514
153 515
153 516
153 518
153 519
153 520
153 523
153 524
153 525
153 527
153 529
153 530
153 537
153 538
153 539
153 540
153 542
153 547
153 550
153 553
153 557
153 558
153 560
153 561
153 563
153 566
153 567
153 568
153 569
153 570
153 571
153 573
153 576
153 578
153 579
153 580
153 581
153 583
153 586
153 588
153 593
153 596
153 598
153 601
153 604
153 607
153 608
153 610
153 612
153 614
153 615
153 617
153 618
153 619
153 621
153 622
153 625
153 626
153 627
153 628
153 629
153 630
153 631
153 632
153 633
153 634
153 635
153 636
153 639
153 640
153 647
153 651
153 653
153 656
153 657
153 660
153 663
153 667
153 668
153 671
153 673
153 677
153 678
153 679
153 680
153 685
153 687
153 693
153 695
153 697
153 699
153 700
153 701
153 703
153 704
153 705
153 708
153 709
153 710
153 712
153 715
153 716
153 717
153 718
153 719
153 722
153 723
153 724
153 725
153 726
153 727
153 728
153 729
153 730
153 732
153 735
153 738
153 739
153 745
153 746
153 751
153 753
153 755
153 760
153 761
153 763
153 765
153 767
153 768
153 769
153 770
153 771
153 772
153 773
153 774
153 776
153 778
153 779
153 780
153 781
153 784
153 785
153 787
153 791
153 792
153 794
153 795
153 796
154 401
154 408
154 412
154 413
154 414
154 421
154 423
154 427
154 428
154 430
154 432
154 433
154 438
154 440
154 441
154 444
154 445
154 447
154 449
154 458
154 459
154 460
154 461
154 463
154 464
154 466
154 468
154 470
154 474
154 475
154 476
154 478
154 479
154 481
154 484
154 485
154 487
154 488
154 491
154 496
154 497
154 499
154 501
154 502
154 503
154 505
154 506
154 507
154 511
154 513
154 518
154 521
154 524
154 525
154 532
154 533
154 535
154 536
154 537
154 539
154 542
154 544
154 545
154 549
154 551
154 554
154 555
154 556
154 557
154 560
154 563
154 565
154 566
154 569
154 571
154 572
154 573
154 574
154 576
154 578
154 586
154 591
154 592
154 593
154 595
154 596
154 598
154 599
154 600
154 601
154 602
154 603
154 604
154 605
154 606
154 607
154 610
154 615
154 616
154 618
154 621
154 622
154 623
154 625
154 627
154 628
154 630
154 631
154 632
154 633
154 634
154 636
154 637
154 640
154 646
154 648
154 650
154 652
154 655
154 657
154 658
154 659
154 660
154 663
154 667
154 668
154 670
154 671
154 673
154 674
154 677
154 678
154 680
154 684
154 686
154 688
154 690
154 691
154 693
154 694
154 698
154 700
154 701
154 703
154 705
154 706
154 707
154 708
154 710
154 711
154 713
154 714
154 715
154 725
154 727
154 729
154 732
154 733
154 735
154 737
154 742
154 749
154 751
154 753
154 755
154 757
154 758
154 759
154 760
154 763
154 764
154 766
154 767
154 771
154 773
154 776
154 777
154 779
154 781
154 784
154 787
154 788
154 792
154 793
154 794
154 795
154 797
154 799
154 800
155 401
155 402
155 403
155 404
155 405
155 406
155 408
155 409
155 410
155 411
155 412
155 414
155 416
155 417
155 422
155 424
155 425
155 431
155 436
155 438
155 444
155 446
155 448
155 452
155 455
155 457
155 458
155 460
155 461
155 463
155 465
155 466
155 467
155 468
155 469
155 471
155 473
155 474
155 475
155 477
155 478
155 481
155 483
155 489
155 491
155 492
155 493
155 494
155 496
155 497
155 502
155 503
155 504
155 506
155 507
155 513
155 517
155 519
155 523
155 525
155 526
155 527
155 528
155 529
155 530
155 531
155 534
155 537
155 539
155 541
155 542
155 543
155 544
155 546
155 547
155 548
155 550
155 552
155 555
155 556
155 557
155 559
155 560
155 561
155 565
155 566
155 567
155 570
155 571
155 572
155 573
155 574
155 575
155 578
155 581
155 583
155 584
155 585
155 587
155 588
155 590
155 594
155 595
155 596
155 598
155 599
155 600
155 601
155 602
155 603
155 604
155 605
155 607
155 610
155 612
155 613
155 614
155 622
155 625
155 626
155 630
155 632
155 634
155 637
155 638
155 643
155 644
155 645
155 646
155 647
155 648
155 651
155 652
155 653
155 654
155 655
155 657
155 661
155 664
155 666
155 667
155 668
155 669
155 670
155 674
155 675
155 676
155 679
155 680
155 681
155 683
155 684
155 686
155 687
155 688
155 690
155 691
155 692
155 693
155 696
155 697
155 701
155 703
155 705
155 707
155 709
155 711
155 712
155 713
155 716
155 718
155 722
155 725
155 726
155 727
155 728
155 729
155 730
155 731
155 732
155 735
155 736
155 737
155 739
155 740
155 741
155 744
155 746
155 747
155 749
155 751
155 753
155 754
155 757
155 760
155 762
155 771
155 773
155 775
155 776
155 777
155 778
155 779
155 780
155 782
155 783
155 786
155 788
155 793
155 795
155 796
155 797
155 798
155 799
156 401
156 406
156 407
156 409
156 411
156 412
156 413
156 415
156 418
156 420
156 423
156 425
156 426
156 428
156 430
156 436
156 437
156 438
156 440
156 442
156 443
156 444
156 445
156 447
156 452
156 454
156 455
156 456
156 458
156 459
156 460
156 463
156 464
156 468
156 469
156 474
156 475
156 478
156 481
156 483
156 485
156 486
156 487
156 488
156 489
156 492
156 493
156 495
156 496
156 501
156 507
156 508
156 509
156 511
156 513
156 514
156 515
156 517
156 518
156 523
156 526
156 528
156 529
156 530
156 532
156 533
156 534
156 536
156 539
156 541
156 545
156 546
156 547
156 548
156 551
156 552
156 553
156 554
156 555
156 556
156 557
156 558
156 559
156 561
156 563
156 565
156 567
156 569
156 570
156 572
156 575
156 579
156 583
156 584
156 586
156 591
156 592
156 593
156 594
156 596
156 598
156 600
156 601
156 604
156 606
156 607
156 608
156 613
156 614
156 615
156 616
156 617
156 619
156 621
156 623
156 624
156 626
156 628
156 632
156 633
156 635
156 637
156 638
156 644
156 645
156 646
156 647
156 651
156 652
156 655
156 656
156 658
156 661
156 663
156 664
156 666
156 668
156 670
156 671
156 672
156 674
156 676
156 677
156 678
156 680
156 683
156 684
156 686
156 688
156 690
156 692
156 693
156 694
156 696
156 697
156 698
156 700
156 702
156 705
156 706
156 707
156 708
156 710
156 713
156 716
156 718
156 719
156 722
156 724
156 725
156 729
156 730
156 733
156 735
156 736
156 737
156 738
156 739
156 740
156 741
156 742
156 743
156 744
156 747
156 754
156 757
156 758
156 759
156 760
156 761
156 762
156 765
156 768
156 772
156 778
156 779
156 785
156 786
156 787
156 790
156 791
156 793
156 795
156 797
156 799
157 402
157 405
157 407
157 408
157 410
157 414
157 422
157 423
157 425
157 426
157 427
157 429
157 430
157 433
157 434
157 437
157 439
157 442
157 443
157 444
157 445
157 446
157 450
157 453
157 454
157 455
157 456
157 457
157 460
157 464
157 465
157 466
157 470
157 471
157 473
157 474
157 477
157 478
157 479
157 480
157 482
157 483
157 484
157 485
157 487
157 493
157 495
157 500
157 501
157 502
157 503
157 504
157 505
157 507
157 509
157 513
157 516
157 521
157 522
157 523
157 524
157 526
157 528
157 530
157 531
157 536
157 537
157 538
157 542
157 544
157 545
157 546
157 547
157 548
157 552
157 553
157 557
157 559
157 561
157 568
157 569
157 573
157 575
157 578
157 580
157 581
157 583
157 584
157 586
157 587
157 588
157 590
157 591
157 596
157 597
157 599
157 600
157 601
157 603
157 606
157 607
157 609
157 610
157 613
157 617
157 619
157 620
157 621
157 624
157 625
157 626
157 627
157 629
157 630
157 632
157 633
157 634
157 635
157 637
157 644
157 645
157 647
157 648
157 649
157 653
157 654
157 655
157 656
157 659
157 660
157 662
157 664
157 670
157 675
157 682
157 683
157 685
157 687
157 688
157 689
157 692
157 694
157 695
157 696
157 697
157 698
157 699
157 703
157 704
157 710
157 714
157 716
157 720
157 724
157 726
157 727
157 728
157 729
157 730
157 731
157 733
157 736
157 737
157 740
157 741
157 742
157 743
157 744
157 746
157 748
157 750
157 751
157 753
157 755
157 758
157 760
157 761
157 764
157 765
157 767
157 768
157 771
157 773
157 774
157 776
157 779
157 781
157 783
157 785
157 786
157 790
157 793
157 795
157 797
157 798
158 401
158 403
158 404
158 405
158 408
158 410
158 412
158 413
158 414
158 415
158 417
158 418
158 420
158 424
158 425
158 429
158 430
158 431
158 432
158 435
158 437
158 439
158 440
158 441
158 443
158 446
158 447
158 448
158 453
158 456
158 459
158 461
158 462
158 463
158 464
158 465
158 468
158 469
158 472
158 473
158 476
158 478
158 479
158 480
158 481
158 488
158 489
158 492
158 495
158 496
158 497
158 498
158 501
158 502
158 503
158 504
158 506
158 507
158 508
158 510
158 512
158 513
158 514
158 516
158 517
158 518
158 519
158 520
158 521
158 523
158 524
158 525
158 527
158 528
158 532
158 533
158 534
158 537
158 540
158 543
158 545
158 546
158 548
158 551
158 557
158 559
158 560
158 562
158 565
158 568
158 569
158 571
158 574
158 575
158 576
158 578
158 580
158 582
158 583
158 587
158 590
158 591
158 592
158 594
158 597
158 598
158 599
158 600
158 601
158 602
158 603
158 606
158 607
158 608
158 609
158 611
158 612
158 613
158 615
158 617
158 618
158 622
158 625
158 627
158 629
158 630
158 631
158 632
158 633
158 634
158 636
158 639
158 640
158 641
158 643
158 647
158 649
158 650
158 652
158 653
158 655
158 656
158 657
158 660
158 662
158 663
158 664
158 667
158 669
158 676
158 677
158 680
158 681
158 683
158 684
158 686
158 691
158 692
158 693
158 694
158 696
158 699
158 700
158 703
158 706
158 707
158 708
158 709
158 710
158 711
158 712
158 713
158 714
158 716
158 718
158 719
158 720
158 723
158 725
158 728
158 729
158 730
158 731
158 735
158 736
158 737
158 738
158 739
158 740
158 741
158 742
158 743
158 745
158 746
158 747
158 754
158 755
158 757
158 758
158 759
158 760
158 761
158 767
158 771
158 773
158 774
158 777
158 778
158 781
158 782
158 783
158 786
158 787
158 788
158 793
158 794
158 797
158 798
158 799
158 800
159 402
159 403
159 406
159 407
159 408
159 409
159 410
159 412
159 413
159 414
159 415
159 416
159 420
159 421
159 422
159 423
159 425
159 429
159 430
159 432
159 433
159 437
159 439
159 441
159 442
159 443
159 444
159 448
159 451
159 452
159 453
159 454
159 455
159 457
159 458
159 459
159 461
159 462
159 463
159 464
159 465
159 471
159 482
159 485
159 486
159 490
159 491
159 493
159 496
159 501
159 503
159 504
159 506
159 508
159 510
159 511
159 512
159 515
159 517
159 521
159 523
159 524
159 526
159 529
159 530
159 531
159 535
159 537
159 539
159 540
159 543
159 548
159 549
159 551
159 556
159 558
159 559
159 560
159 561
159 566
159 569
159 570
159 571
159 573
159 577
159 578
159 579
159 580
159 581
159 582
159 585
159 586
159 587
159 588
159 590
159 592
159 593
159 594
159 595
159 596
159 599
159 603
159 604
159 607
159 610
159 611
159 612
159 614
159 615
159 623
159 624
159 626
159 628
159 631
159 636
159 640
159 642
159 643
159 648
159 649
159 650
159 653
159 654
159 655
159 656
159 658
159 659
159 661
159 662
159 663
159 665
159 666
159 669
159 670
159 671
159 674
159 675
159 677
159 682
159 684
159 687
159 689
159 690
159 693
159 696
159 697
159 700
159 701
159 704
159 709
159 710
159 712
159 713
159 714
159 717
159 720
159 723
159 725
159 727
159 730
159 731
159 732
159 733
159 734
159 736
159 737
159 739
159 741
159 743
159 744
159 746
159 747
159 749
159 752
159 756
159 758
159 759
159 762
159 763
159 768
159 769
159 770
159 772
159 773
159 774
159 777
159 778
159 780
159 782
159 784
159 786
159 788
159 790
159 792
159 795
159 797
159 798
160 402
160 404
160 405
160 408
160 410
160 411
160 423
160 425
160 429
160 432
160 433
160 434
160 437
160 439
160 441
160 446
160 447
160 448
160 450
160 451
160 452
160 457
160 458
160 461
160 463
160 468
160 469
160 472
160 475
160 479
160 482
160 485
160 488
160 491
160 492
160 495
160 496
160 498
160 501
160 504
160 507
160 509
160 510
160 511
160 512
160 514
160 515
160 516
160 518
160 520
160 521
160 523
160 525
160 527
160 528
160 529
160 530
160 531
160 533
160 534
160 536
160 537
160 538
160 540
160 542
160 549
160 550
160 551
160 552
160 553
160 556
160 557
160 558
160 559
160 560
160 563
160 564
160 567
160 569
160 570
160 571
160 572
160 573
160 575
160 576
160 577
160 578
160 579
160 582
160 584
160 585
160 587
160 588
160 589
160 594
160 595
160 597
160 598
160 599
160 600
160 603
160 605
160 607
160 608
160 609
160 610
160 612
160 613
160 618
160 619
160 621
160 623
160 624
160 625
160 631
160 632
160 636
160 637
160 638
160 639
160 640
160 641
160 642
160 646
160 654
160 655
160 656
160 657
160 659
160 661
160 662
160 663
160 665
160 666
160 667
160 668
160 670
160 674
160 675
160 677
160 681
160 683
160 684
160 685
160 687
160 689
160 690
160 693
160 694
160 700
160 701
160 705
160 708
160 709
160 710
160 713
160 716
160 717
160 718
160 720
160 721
160 723
160 726
160 729
160 730
160 731
160 732
160 735
160 737
160 740
160 743
160 744
160 745
160 746
160 748
160 750
160 751
160 753
160 754
160 760
160 763
160 765
160 766
160 769
160 770
160 772
160 773
160 775
160 777
160 778
160 779
160 781
160 783
160 784
160 785
160 786
160 787
160 788
160 791
160 793
160 797
160 799
161 401
161 402
161 404
161 408
161 409
161 410
161 412
161 416
161 419
161 422
161 423
161 425
161 426
161 429
161 431
161 433
161 434
161 436
161 439
161 441
161 443
161 446
161 449
161 451
161 452
161 453
161 456
161 458
161 459
161 461
161 462
161 463
161 465
161 468
161 469
161 470
161 471
161 473
161 474
161 475
161 476
161 481
161 482
161 484
161 485
161 486
161 487
161 489
161 492
161 495
161 497
161 499
161 501
161 504
161 505
161 506
161 507
161 508
161 510
161 512
161 515
161 518
161 521
161 522
161 523
161 525
161 528
161 531
161 532
161 535
161 540
161 543
161 544
161 545
161 546
161 547
161 549
161 550
161 553
161 560
161 561
161 567
161 569
161 570
161 574
161 575
161 576
161 577
161 579
161 580
161 583
161 584
161 585
161 586
161 587
161 596
161 600
161 601
161 602
161 603
161 605
161 607
161 609
161 611
161 612
161 613
161 615
161 619
161 626
161 627
161 628
161 629
161 630
161 631
161 632
161 635
161 636
161 637
161 641
161 646
161 647
161 648
161 649
161 650
161 652
161 653
161 654
161 655
161 656
161 657
161 661
161 666
161 667
161 668
161 670
161 673
161 676
161 678
161 682
161 684
161 685
161 686
161 687
161 689
161 691
161 692
161 693
161 694
161 699
161 700
161 701
161 702
161 703
161 704
161 705
161 707
161 708
161 711
161 712
161 715
161 720
161 721
161 722
161 723
161 726
161 730
161 732
161 734
161 735
161 739
161 744
161 745
161 747
161 749
161 750
161 752
161 753
161 754
161 757
161 762
161 763
161 767
161 768
161 769
161 770
161 775
161 777
161 778
161 779
161 782
161 783
161 784
161 785
161 789
161 790
161 791
161 796
161 797
161 798
161 799
161 800
162 404
162 405
162 406
162 407
162 408
162 410
162 411
162 412
162 413
162 416
162 417
162 418
162 419
162 420
162 421
162 427
162 428
162 432
162 433
162 434
162 436
162 437
162 438
162 443
162 444
162 445
162 446
162 448
162 449
162 450
162 451
162 453
162 454
162 458
162 461
162 466
162 467
162 468
162 469
162 470
162 471
162 474
162 475
162 476
162 479
162 484
162 486
162 488
162 490
162 491
162 494
162 495
162 496
162 499
162 500
162 502
162 505
162 506
162 507
162 508
162 509
162 510
162 511
162 514
162 515
162 516
162 520
162 521
162 523
162 524
162 525
162 529
162 530
162 533
162 535
162 536
162 537
162 538
162 539
162 543
162 544
162 546
162 547
162 551
162 552
162 555
162 556
162 557
162 559
162 560
162 564
162 566
162 568
162 570
162 573
162 578
162 579
162 582
162 584
162 585
162 586
162 587
162 589
162 593
162 596
162 598
162 599
162 604
162 605
162 607
162 608
162 615
162 616
162 624
162 631
162 633
162 634
162 635
162 640
162 646
162 647
162 652
162 655
162 656
162 657
162 660
162 663
162 665
162 670
162 673
162 676
162 680
162 681
162 684
162 685
162 686
162 689
162 690
162 691
162 692
162 693
162 695
162 696
162 700
162 701
162 703
162 705
162 710
162 711
162 712
162 713
162 715
162 716
162 717
162 718
162 720
162 721
162 724
162 725
162 728
162 731
162 735
162 737
162 739
162 741
162 742
162 743
162 744
162 745
162 746
162 747
162 748
162 749
162 750
162 752
162 756
162 760
162 762
162 763
162 764
162 766
162 768
162 769
162 773
162 774
162 775
162 776
162 781
162 782
162 784
162 785
162 786
162 788
162 789
162 791
162 793
162 794
162 795
162 797
162 798
162 799
163 403
163 404
163 405
163 410
163 411
163 413
163 416
163 417
163 419
163 420
163 423
163 425
163 431
163 433
163 438
163 439
163 440
163 444
163 445
163 447
163 448
163 451
163 452
163 453
163 454
163 455
163 456
163 457
163 458
163 459
163 462
163 463
163 464
163 466
163 469
163 470
163 471
163 473
163 474
163 478
163 480
163 482
163 484
163 485
163 487
163 491
163 492
163 493
163 495
163 496
163 497
163 498
163 500
163 502
163 503
163 504
163 507
163 508
163 510
163 512
163 514
163 518
163 519
163 521
163 522
163 523
163 524
163 525
163 526
163 528
163 529
163 530
163 531
163 535
163 538
163 541
163 544
163 547
163 549
163 550
163 551
163 552
163 553
163 554
163 555
163 556
163 557
163 559
163 561
163 566
163 571
163 573
163 574
163 575
163 576
163 577
163 578
163 580
163 581
163 582
163 586
163 587
163 589
163 590
163 592
163 598
163 599
163 601
163 613
163 617
163 619
163 621
163 624
163 625
163 627
163 628
163 631
163 632
163 637
163 639
163 641
163 642
163 643
163 644
163 647
163 649
163 654
163 655
163 656
163 657
163 658
163 659
163 661
163 662
163 663
163 666
163 667
163 672
163 673
163 674
163 675
163 680
163 681
163 682
163 683
163 684
163 687
163 689
163 695
163 697
163 701
163 702
163 704
163 706
163 707
163 708
163 709
163 710
163 711
163 712
163 713
163 715
163 717
163 718
163 719
163 721
163 723
163 725
163 728
163 730
163 731
163 732
163 740
163 741
163 742
163 743
163 745
163 747
163 749
163 752
163 753
163 754
163 757
163 758
163 760
163 764
163 771
163 775
163 778
163 779
163 780
163 783
163 784
163 791
163 792
163 793
163 795
163 798
163 799
164 407
164 409
164 410
164 415
164 416
164 417
164 422
164 425
164 426
164 427
164 429
164 433
164 435
164 437
164 443
164 444
164 445
164 448
164 450
164 453
164 455
164 456
164 457
164 458
164 460
164 462
164 465
164 468
164 470
164 471
164 474
164 475
164 477
164 478
164 480
164 481
164 482
164 488
164 489
164 491
164 492
164 493
164 501
164 502
164 503
164 504
164 505
164 507
164 512
164 517
164 521
164 522
164 526
164 529
164 530
164 539
164 540
164 541
164 542
164 543
164 545
164 546
164 547
164 548
164 549
164 551
164 552
164 555
164 557
164 558
164 559
164 560
164 562
164 563
164 564
164 568
164 572
164 573
164 574
164 576
164 582
164 588
164 589
164 590
164 592
164 594
164 595
164 598
164 601
164 602
164 603
164 604
164 605
164 606
164 608
164 611
164 615
164 620
164 621
164 623
164 624
164 625
164 626
164 628
164 633
164 634
164 635
164 636
164 638
164 640
164 641
164 644
164 645
164 646
164 647
164 649
164 655
164 656
164 657
164 658
164 663
164 666
164 667
164 668
164 669
164 675
164 676
164 678
164 679
164 680
164 681
164 682
164 683
164 685
164 686
164 688
164 691
164 693
164 694
164 695
164 697
164 700
164 703
164 704
164 705
164 706
164 707
164 708
164 709
164 710
164 714
164 715
164 716
164 717
164 720
164 721
164 722
164 723
164 725
164 726
164 730
164 735
164 738
164 740
164 742
164 743
164 745
164 747
164 748
164 751
164 752
164 754
164 756
164 758
164 761
164 762
164 764
164 766
164 767
164 769
164 770
164 773
164 774
164 775
164 778
164 781
164 788
164 789
164 792
164 793
164 794
164 795
164 798
164 799
164 800
165 401
165 404
165 406
165 407
165 408
165 409
165 411
165 412
165 414
165 415
165 416
165 418
165 419
165 422
165 423
165 425
165 428
165 429
165 430
165 432
165 434
165 437
165 441
165 443
165 446
165 447
165 453
165 458
165 460
165 463
165 465
165 468
165 470
165 471
165 474
165 475
165 481
165 482
165 483
165 486
165 487
165 489
165 492
165 493
165 495
165 496
165 497
165 498
165 499
165 500
165 501
165 502
165 503
165 504
165 507
165 508
165 510
165 515
165 516
165 519
165 521
165 522
165 525
165 526
165 529
165 533
165 534
165 535
165 536
165 537
165 538
165 541
165 542
165 543
165 546
165 549
165 550
165 553
165 555
165 556
165 557
165 558
165 559
165 563
165 567
165 570
165 571
165 573
165 576
165 577
165 578
165 580
165 581
165 584
165 585
165 587
165 599
165 602
165 603
165 604
165 605
165 609
165 610
165 611
165 612
165 615
165 616
165 617
165 618
165 619
165 622
165 623
165 625
165 626
165 627
165 631
165 635
165 636
165 640
165 641
165 642
165 643
165 644
165 645
165 646
165 647
165 648
165 649
165 652
165 654
165 657
165 658
165 659
165 660
165 661
165 665
165 666
165 669
165 670
165 671
165 672
165 673
165 675
165 677
165 678
165 681
165 682
165 685
165 686
165 688
165 692
165 694
165 696
165 697
165 699
165 700
165 702
165 703
165 704
165 713
165 714
165 717
165 720
165 721
165 723
165 725
165 726
165 728
165 732
165 733
165 734
165 735
165 737
165 738
165 739
165 740
165 742
165 744
165 745
165 746
165 752
165 755
165 757
165 759
165 761
165 762
165 763
165 764
165 765
165 766
165 772
165 773
165 774
165 777
165 778
165 779
165 780
165 783
165 784
165 786
165 788
165 791
165 792
165 793
165 794
165 795
165 799
165 800
166 401
166 405
166 411
166 413
166 414
166 415
166 416
166 417
166 418
166 419
166 421
166 425
166 426
166 427
166 431
166 432
166 433
166 436
166 437
166 439
166 441
166 443
166 444
166 445
166 446
166 448
166 449
166 450
166 453
166 454
166 458
166 460
166 462
166 464
166 465
166 467
166 470
166 471
166 472
166 475
166 478
166 479
166 480
166 483
166 487
166 488
166 489
166 490
166 491
166 493
166 497
166 498
166 499
166 501
166 502
166 504
166 505
166 507
166 508
166 509
166 512
166 515
166 516
166 518
166 520
166 521
166 522
166 523
166 525
166 527
166 528
166 531
166 534
166 535
166 536
166 539
166 540
166 541
166 542
166 543
166 545
166 546
166 547
166 548
166 556
166 558
166 569
166 572
166 573
166 575
166 576
166 582
166 586
166 590
166 591
166 592
166 593
166 594
166 595
166 597
166 599
166 601
166 602
166 603
166 607
166 609
166 611
166 612
166 613
166 614
166 615
166 619
166 620
166 626
166 627
166 633
166 635
166 636
166 637
166 642
166 644
166 645
166 646
166 648
166 649
166 655
166 657
166 658
166 659
166 661
166 663
166 667
166 668
166 670
166 671
166 674
166 676
166 677
166 680
166 684
166 685
166 686
166 688
166 691
166 692
166 693
166 696
166 699
166 702
166 703
166 704
166 705
166 706
166 708
166 714
166 715
166 716
166 721
166 722
166 723
166 724
166 725
166 732
166 735
166 738
166 740
166 744
166 746
166 747
166 751
166 753
166 754
166 755
166 757
166 760
166 762
166 764
166 766
166 767
166 768
166 774
166 775
166 776
166 777
166 778
166 779
166 781
166 784
166 787
166 788
166 790
166 791
166 792
166 793
166 794
166 798
166 799
166 800
167 406
167 410
167 414
167 415
167 417
167 418
167 419
167 421
167 424
167 426
167 427
167 430
167 431
167 432
167 433
167 438
167 440
167 441
167 442
167 444
167 445
167 446
167 447
167 449
167 451
167 453
167 458
167 459
167 460
167 461
167 462
167 463
167 464
167 465
167 466
167 467
167 468
167 469
167 471
167 473
167 475
167 476
167 478
167 479
167 483
167 485
167 486
167 487
167 488
167 489
167 490
167 491
167 493
167 494
167 495
167 496
167 497
167 498
167 499
167 500
167 502
167 503
167 504
167 507
167 510
167 511
167 513
167 514
167 516
167 518
167 522
167 523
167 525
167 526
167 527
167 528
167 529
167 533
167 535
167 536
167 537
167 538
167 539
167 542
167 543
167 544
167 546
167 547
167 555
167 556
167 557
167 558
167 560
167 562
167 567
167 568
167 570
167 571
167 574
167 577
167 578
167 584
167 588
167 590
167 593
167 596
167 599
167 600
167 602
167 603
167 604
167 607
167 608
167 610
167 612
167 613
167 614
167 615
167 617
167 619
167 620
167 623
167 624
167 626
167 628
167 629
167 633
167 636
167 638
167 639
167 643
167 647
167 648
167 649
167 651
167 653
167 655
167 656
167 659
167 660
167 662
167 663
167 668
167 669
167 677
167 679
167 680
167 682
167 683
167 684
167 685
167 688
167 689
167 690
167 693
167 697
167 698
167 699
167 700
167 701
167 703
167 704
167 707
167 709
167 710
167 712
167 713
167 714
167 715
167 718
167 719
167 720
167 721
167 722
167 726
167 727
167 730
167 731
167 733
167 734
167 735
167 736
167 738
167 739
167 741
167 743
167 744
167 745
167 746
167 748
167 755
167 757
167 760
167 763
167 765
167 766
167 769
167 770
167 772
167 773
167 774
167 775
167 776
167 781
167 782
167 784
167 787
167 788
167 793
167 797
167 799
168 401
168 402
168 405
168 407
168 408
168 409
168 411
168 412
168 415
168 416
168 421
168 422
168 423
168 426
168 431
168 432
168 435
168 438
168 441
168 443
168 445
168 446
168 448
168 450
168 452
168 453
168 454
168 456
168 459
168 460
168 462
168 463
168 464
168 466
168 467
168 469
168 472
168 473
168 477
168 478
168 484
168 487
168 488
168 491
168 493
168 494
168 496
168 497
168 498
168 500
168 501
168 505
168 506
168 507
168 510
168 513
168 514
168 517
168 520
168 522
168 523
168 526
168 528
168 534
168 535
168 536
168 537
168 538
168 544
168 547
168 548
168 549
168 551
168 554
168 557
168 558
168 559
168 563
168 564
168 566
168 567
168 570
168 572
168 573
168 575
168 576
168 577
168 578
168 580
168 584
168 585
168 587
168 588
168 589
168 592
168 593
168 594
168 598
168 599
168 600
168 603
168 605
168 606
168 608
168 610
168 611
168 612
168 613
168 616
168 620
168 621
168 623
168 629
168 634
168 635
168 636
168 638
168 641
168 642
168 643
168 644
168 647
168 648
168 650
168 652
168 653
168 654
168 658
168 659
168 661
168 665
168 666
168 667
168 669
168 670
168 671
168 672
168 674
168 675
168 676
168 677
168 679
168 681
168 685
168 686
168 688
168 689
168 690
168 691
168 694
168 695
168 702
168 704
168 710
168 711
168 712
168 713
168 718
168 720
168 722
168 725
168 726
168 727
168 728
168 729
168 731
168 732
168 733
168 734
168 735
168 740
168 741
168 742
168 744
168 745
168 746
168 748
168 749
168 753
168 755
168 756
168 757
168 760
168 761
168 763
168 768
168 769
168 771
168 772
168 773
168 774
168 775
168 776
168 777
168 778
168 782
168 786
168 788
168 789
168 790
168 791
168 792
168 793
168 794
168 795
168 798
169 401
169 402
169 403
169 404
169 409
169 410
169 412
169 413
169 414
169 415
169 418
169 419
169 420
169 421
169 422
169 423
169 424
169 430
169 431
169 435
169 437
169 439
169 440
169 443
169 444
169 445
169 449
169 450
169 451
169 452
169 453
169 456
169 457
169 458
169 460
169 461
169 463
169 467
169 468
169 469
169 471
169 476
169 478
169 479
169 480
169 481
169 483
169 485
169 486
169 488
169 489
169 490
169 491
169 492
169 495
169 498
169 500
169 501
169 503
169 505
169 507
169 508
169 509
169 511
169 512
169 513
169 514
169 517
169 518
169 519
169 522
169 523
169 529
169 532
169 533
169 536
169 538
169 539
169 541
169 545
169 547
169 548
169 552
169 555
169 557
169 559
169 560
169 561
169 566
169 568
169 572
169 574
169 576
169 579
169 580
169 583
169 584
169 585
169 586
169 587
169 592
169 594
169 596
169 599
169 600
169 601
169 602
169 603
169 604
169 605
169 606
169 607
169 608
169 609
169 610
169 612
169 615
169 616
169 617
169 618
169 619
169 620
169 623
169 626
169 631
169 633
169 634
169 636
169 640
169 641
169 643
169 645
169 646
169 647
169 648
169 649
169 651
169 652
169 655
169 657
169 659
169 660
169 663
169 664
169 665
169 667
169 668
169 669
169 671
169 672
169 674
169 675
169 676
169 679
169 680
169 683
169 685
169 689
169 690
169 692
169 703
169 704
169 706
169 707
169 708
169 709
169 710
169 711
169 712
169 713
169 714
169 718
169 721
169 722
169 723
169 730
169 732
169 734
169 737
169 740
169 742
169 744
169 746
169 747
169 748
169 750
169 757
169 760
169 763
169 764
169 765
169 766
169 767
169 769
169 770
169 772
169 777
169 780
169 781
169 782
169 783
169 784
169 785
169 789
169 790
169 796
169 798
169 799
170 404
170 405
170 407
170 408
170 409
170 413
170 414
170 415
170 416
170 417
170 418
170 420
170 422
170 424
170 426
170 428
170 431
170 433
170 435
170 438
170 440
170 441
170 443
170 444
170 446
170 447
170 450
170 452
170 453
170 457
170 462
170 465
170 466
170 468
170 470
170 472
170 474
170 475
170 476
170 478
170 480
170 481
170 484
170 487
170 492
170 493
170 494
170 495
170 496
170 499
170 501
170 503
170 504
170 507
170 508
170 509
170 510
170 511
170 512
170 516
170 517
170 520
170 522
170 524
170 528
170 529
170 530
170 531
170 536
170 538
170 540
170 543
170 544
170 545
170 546
170 548
170 549
170 550
170 555
170 559
170 566
170 567
170 568
170 569
170 573
170 574
170 575
170 576
170 578
170 582
170 583
170 586
170 587
170 588
170 589
170 593
170 595
170 596
170 598
170 599
170 600
170 603
170 605
170 606
170 607
170 608
170 611
170 612
170 613
170 614
170 615
170 616
170 617
170 620
170 621
170 622
170 623
170 625
170 630
170 631
170 632
170 634
170 636
170 637
170 638
170 642
170 643
170 645
170 652
170 654
170 655
170 656
170 658
170 665
170 666
170 668
170 671
170 672
170 673
170 676
170 678
170 680
170 683
170 684
170 685
170 687
170 690
170 693
170 694
170 695
170 698
170 699
170 700
170 704
170 705
170 708
170 711
170 712
170 714
170 718
170 719
170 720
170 721
170 722
170 723
170 726
170 728
170 729
170 732
170 733
170 734
170 736
170 738
170 739
170 740
170 742
170 744
170 746
170 748
170 751
170 752
170 753
170 754
170 756
170 757
170 759
170 762
170 764
170 765
170 766
170 769
170 770
170 771
170 774
170 776
170 779
170 781
170 783
170 784
170 785
170 787
170 789
170 791
170 793
170 794
170 797
170 798
171 402
171 403
171 405
171 408
171 410
171 414
171 418
171 422
171 423
171 424
171 425
171 426
171 428
171 429
171 430
171 431
171 437
171 439
171 441
171 442
171 445
171 446
171 455
171 458
171 463
171 465
171 467
171 468
171 469
171 470
171 474
171 475
171 477
171 478
171 480
171 481
171 483
171 484
171 490
171 493
171 494
171 496
171 500
171 505
171 508
171 510
171 512
171 513
171 515
171 516
171 517
171 519
171 520
171 521
171 522
171 525
171 528
171 529
171 534
171 537
171 540
171 542
171 544
171 546
171 547
171 548
171 549
171 550
171 556
171 557
171 561
171 570
171 573
171 574
171 577
171 578
171 581
171 582
171 585
171 586
171 587
171 588
171 589
171 592
171 594
171 597
171 598
171 601
171 604
171 605
171 606
171 610
171 612
171 615
171 616
171 618
171 619
171 620
171 621
171 624
171 626
171 627
171 628
171 629
171 630
171 633
171 635
171 637
171 638
171 640
171 641
171 642
171 648
171 651
171 652
171 653
171 654
171 655
171 657
171 659
171 662
171 664
171 665
171 666
171 670
171 671
171 672
171 673
171 675
171 677
171 678
171 681
171 682
171 683
171 684
171 688
171 690
171 691
171 692
171 694
171 696
171 697
171 698
171 699
171 700
171 701
171 702
171 706
171 709
171 710
171 712
171 713
171 714
171 717
171 718
171 720
171 721
171 723
171 724
171 725
171 726
171 727
171 728
171 729
171 735
171 737
171 740
171 741
171 744
171 745
171 747
171 749
171 750
171 751
171 752
171 753
171 755
171 763
171 764
171 765
171 766
171 770
171 774
171 775
171 778
171 779
171 781
171 783
171 784
171 785
171 790
171 791
171 794
171 796
171 798
171 800
172 403
172 404
172 407
172 411
172 412
172 413
172 414
172 415
172 416
172 417
172 418
172 419
172 420
172 421
172 422
172 424
172 429
172 430
172 431
172 432
172 433
172 436
172 443
172 447
172 448
172 449
172 453
172 454
172 460
172 461
172 462
172 463
172 464
172 465
172 466
172 467
172 472
172 473
172 475
172 478
172 479
172 481
172 482
172 484
172 485
172 486
172 488
172 490
172 493
172 494
172 499
172 503
172 506
172 507
172 508
172 511
172 513
172 514
172 517
172 520
172 523
172 527
172 528
172 529
172 532
172 534
172 537
172 540
172 541
172 542
172 543
172 544
172 545
172 547
172 548
172 550
172 551
172 553
172 556
172 558
172 561
172 562
172 563
172 564
172 567
172 568
172 569
172 570
172 571
172 574
172 576
172 577
172 578
172 579
172 580
172 581
172 584
172 586
172 588
172 589
172 590
172 591
172 595
172 596
172 599
172 600
172 603
172 605
172 607
172 608
172 612
172 613
172 614
172 616
172 617
172 619
172 620
172 627
172 628
172 630
172 631
172 632
172 633
172 634
172 635
172 636
172 637
172 638
172 642
172 643
172 644
172 647
172 651
172 652
172 653
172 654
172 655
172 656
172 657
172 660
172 661
172 667
172 672
172 673
172 674
172 675
172 676
172 679
172 680
172 685
172 688
172 692
172 693
172 696
172 697
172 701
172 705
172 706
172 707
172 711
172 713
172 715
172 716
172 723
172 724
172 730
172 731
172 732
172 734
172 736
172 737
172 738
172 740
172 742
172 744
172 745
172 749
172 750
172 754
172 755
172 760
172 763
172 764
172 767
172 768
172 769
172 771
172 778
172 779
172 781
172 782
172 785
172 786
172 787
172 789
172 790
172 793
172 794
172 797
172 800
173 401
173 402
173 404
173 406
173 411
173 414
173 415
173 417
173 419
173 420
173 421
173 422
173 425
173 427
173 428
173 431
173 432
173 433
173 435
173 438
173 441
173 443
173 444
173 446
173 447
173 449
173 451
173 452
173 454
173 455
173 456
173 457
173 458
173 459
173 460
173 463
173 464
173 465
173 466
173 469
173 473
173 474
173 475
173 477
173 478
173 482
173 484
173 488
173 491
173 492
173 495
173 497
173 498
173 500
173 501
173 502
173 504
173 506
173 507
173 508
173 509
173 513
173 515
173 519
173 520
173 521
173 522
173 523
173 527
173 534
173 535
173 540
173 542
173 544
173 547
173 548
173 553
173 555
173 556
173 557
173 559
173 560
173 561
173 563
173 566
173 567
173 568
173 570
173 572
173 576
173 579
173 580
173 581
173 582
173 583
173 585
173 586
173 588
173 589
173 592
173 593
173 596
173 597
173 598
173 599
173 601
173 602
173 604
173 606
173 611
173 612
173 613
173 615
173 616
173 617
173 618
173 620
173 622
173 623
173 624
173 626
173 627
173 628
173 630
173 632
173 634
173 635
173 636
173 637
173 638
173 645
173 646
173 647
173 650
173 653
173 654
173 655
173 656
173 657
173 659
173 660
173 664
173 665
173 675
173 682
173 683
173 687
173 688
173 690
173 691
173 692
173 693
173 694
173 696
173 699
173 701
173 702
173 703
173 704
173 706
173 708
173 709
173 712
173 713
173 714
173 715
173 716
173 718
173 719
173 720
173 721
173 724
173 725
173 728
173 730
173 731
173 734
173 735
173 739
173 741
173 744
173 749
173 751
173 755
173 756
173 758
173 759
173 760
173 762
173 765
173 767
173 768
173 770
173 771
173 774
173 778
173 779
173 780
173 783
173 795
173 797
173 799
174 403
174 404
174 407
174 409
174 411
174 412
174 415
174 416
174 417
174 418
174 421
174 422
174 425
174 428
174 430
174 433
174 434
174 440
174 443
174 444
174 448
174 450
174 452
174 453
174 458
174 462
174 464
174 465
174 468
174 469
174 471
174 472
174 475
174 476
174 478
174 483
174 485
174 486
174 488
174 490
174 492
174 493
174 497
174 498
174 499
174 500
174 501
174 503
174 504
174 505
174 506
174 510
174 511
174 512
174 513
174 515
174 516
174 518
174 527
174 528
174 529
174 530
174 532
174 534
174 536
174 537
174 542
174 543
174 544
174 545
174 548
174 550
174 552
174 553
174 556
174 557
174 558
174 562
174 565
174 566
174 568
174 569
174 570
174 571
174 572
174 573
174 574
174 575
174 576
174 579
174 580
174 583
174 584
174 586
174 588
174 591
174 592
174 593
174 595
174 597
174 598
174 599
174 600
174 601
174 604
174 606
174 607
174 608
174 610
174 611
174 613
174 614
174 617
174 620
174 627
174 629
174 632
174 633
174 634
174 637
174 638
174 641
174 642
174 644
174 645
174 647
174 651
174 652
174 653
174 654
174 655
174 656
174 657
174 660
174 661
174 664
174 668
174 669
174 670
174 673
174 674
174 677
174 681
174 684
174 686
174 688
174 690
174 695
174 697
174 700
174 702
174 703
174 704
174 706
174 709
174 712
174 714
174 715
174 718
174 720
174 721
174 723
174 725
174 727
174 728
174 729
174 731
174 732
174 734
174 735
174 737
174 740
174 741
174 743
174 748
174 751
174 755
174 757
174 759
174 766
174 768
174 769
174 770
174 772
174 773
174 774
174 775
174 776
174 777
174 778
174 780
174 784
174 788
174 791
174 792
174 793
174 794
174 796
174 798
175 401
175 402
175 405
175 407
175 408
175 410
175 412
175 414
175 416
175 417
175 420
175 423
175 424
175 425
175 426
175 430
175 431
175 432
175 434
175 437
175 438
175 441
175 442
175 445
175 451
175 452
175 453
175 456
175 457
175 459
175 460
175 465
175 467
175 470
175 471
175 472
175 474
175 479
175 482
175 483
175 484
175 487
175 488
175 489
175 490
175 491
175 492
175 493
175 495
175 496
175 498
175 502
175 504
175 505
175 506
175 507
175 508
175 509
175 515
175 518
175 520
175 522
175 524
175 525
175 526
175 527
175 529
175 530
175 535
175 537
175 538
175 539
175 540
175 542
175 544
175 545
175 548
175 551
175 552
175 555
175 558
175 560
175 562
175 563
175 565
175 567
175 568
175 572
175 575
175 577
175 581
175 585
175 586
175 591
175 595
175 596
175 597
175 599
175 600
175 603
175 604
175 605
175 606
175 609
175 610
175 612
175 613
175 614
175 616
175 622
175 624
175 625
175 627
175 629
175 630
175 632
175 633
175 635
175 636
175 638
175 639
175 643
175 648
175 649
175 652
175 655
175 656
175 658
175 661
175 662
175 663
175 664
175 667
175 670
175 671
175 672
175 675
175 676
175 679
175 685
175 687
175 688
175 691
175 693
175 694
175 695
175 696
175 700
175 701
175 704
175 706
175 709
175 710
175 711
175 713
175 714
175 715
175 716
175 717
175 718
175 719
175 720
175 722
175 723
175 725
175 726
175 727
175 728
175 730
175 732
175 735
175 738
175 739
175 740
175 741
175 742
175 744
175 745
175 746
175 747
175 749
175 750
175 751
175 753
175 754
175 755
175 756
175 759
175 761
175 762
175 764
175 765
175 768
175 769
175 774
175 776
175 779
175 780
175 781
175 783
175 784
175 786
175 787
175 789
175 793
175 794
175 795
175 799
176 402
176 403
176 405
176 407
176 409
176 410
176 412
176 413
176 414
176 416
176 417
176 421
176 425
176 426
176 427
176 429
176 430
176 431
176 436
176 437
176 439
176 443
176 446
176 448
176 450
176 455
176 456
176 457
176 459
176 460
176 462
176 464
176 465
176 466
176 467
176 468
176 470
176 471
176 472
176 480
176 481
176 483
176 484
176 486
176 487
176 489
176 491
176 492
176 495
176 496
176 497
176 499
176 500
176 502
176 503
176 504
176 505
176 506
176 507
176 512
176 513
176 515
176 517
176 518
176 519
176 528
176 529
176 531
176 533
176 537
176 538
176 540
176 541
176 546
176 547
176 550
176 551
176 554
176 555
176 557
176 559
176 560
176 561
176 562
176 565
176 566
176 568
176 569
176 570
176 571
176 574
176 576
176 579
176 581
176 583
176 584
176 586
176 587
176 589
176 592
176 593
176 597
176 600
176 601
176 603
176 606
176 607
176 609
176 610
176 613
176 615
176 616
176 617
176 618
176 619
176 620
176 623
176 624
176 625
176 626
176 627
176 628
176 632
176 635
176 636
176 638
176 639
176 640
176 642
176 645
176 649
176 650
176 653
176 657
176 658
176 659
176 662
176 663
176 665
176 668
176 674
176 675
176 678
176 681
176 683
176 685
176 686
176 689
176 691
176 692
176 693
176 694
176 695
176 696
176 697
176 698
176 699
176 700
176 701
176 702
176 703
176 704
176 706
176 711
176 712
176 713
176 716
176 718
176 719
176 720
176 725
176 727
176 730
176 733
176 734
176 735
176 737
176 738
176 740
176 741
176 743
176 744
176 746
176 747
176 749
176 752
176 753
176 754
176 755
176 758
176 759
176 761
176 763
176 764
176 766
176 767
176 769
176 774
176 775
176 776
176 777
176 780
176 783
176 785
176 786
176 789
176 792
176 795
176 798
177 401
177 402
177 403
177 405
177 409
177 410
177 411
177 414
177 415
177 419
177 420
177 421
177 422
177 424
177 425
177 427
177 429
177 430
177 434
177 438
177 441
177 442
177 444
177 445
177 446
177 447
177 449
177 452
177 454
177 455
177 460
177 461
177 462
177 463
177 465
177 467
177 469
177 471
177 473
177 476
177 477
177 478
177 479
177 481
177 484
177 487
177 488
177 489
177 492
177 494
177 497
177 502
177 504
177 505
177 506
177 509
177 514
177 515
177 516
177 517
177 520
177 521
177 524
177 526
177 527
177 530
177 532
177 536
177 538
177 540
177 544
177 546
177 548
177 552
177 553
177 554
177 555
177 556
177 557
177 558
177 559
177 561
177 562
177 563
177 564
177 565
177 568
177 569
177 570
177 571
177 573
177 574
177 575
177 576
177 587
177 588
177 591
177 592
177 595
177 596
177 597
177 598
177 600
177 602
177 603
177 604
177 606
177 607
177 612
177 614
177 617
177 618
177 619
177 620
177 621
177 625
177 631
177 633
177 634
177 636
177 637
177 638
177 639
177 640
177 644
177 646
177 647
177 649
177 652
177 653
177 654
177 655
177 658
177 659
177 661
177 662
177 663
177 665
177 666
177 673
177 674
177 677
177 678
177 686
177 689
177 691
177 692
177 694
177 696
177 697
177 698
177 699
177 701
177 704
177 706
177 707
177 708
177 710
177 711
177 712
177 713
177 714
177 716
177 717
177 718
177 720
177 721
177 722
177 725
177 726
177 727
177 729
177 730
177 732
177 736
177 738
177 739
177 740
177 741
177 742
177 744
177 750
177 751
177 752
177 753
177 754
177 755
177 757
177 758
177 761
177 763
177 765
177 767
177 768
177 769
177 773
177 774
177 776
177 777
177 780
177 781
177 784
177 785
177 786
177 787
177 790
177 791
177 792
177 793
177 794
177 796
177 797
177 800
178 401
178 403
178 404
178 406
178 407
178 408
178 410
178 411
178 412
178 413
178 415
178 419
178 423
178 424
178 426
178 429
178 430
178 431
178 432
178 434
178 435
178 437
178 440
178 443
178 446
178 447
178 450
178 452
178 453
178 454
178 457
178 458
178 459
178 460
178 461
178 463
178 464
178 469
178 470
178 471
178 473
178 475
178 478
178 480
178 481
178 486
178 494
178 496
178 497
178 499
178 501
178 504
178 505
178 506
178 507
178 509
178 510
178 512
178 513
178 518
178 521
178 524
178 525
178 529
178 531
178 536
178 539
178 541
178 542
178 543
178 546
178 548
178 550
178 552
178 553
178 559
178 562
178 563
178 568
178 571
178 573
178 578
178 581
178 584
178 585
178 587
178 591
178 593
178 596
178 597
178 601
178 602
178 603
178 605
178 606
178 608
178 615
178 616
178 617
178 618
178 619
178 623
178 624
178 630
178 631
178 632
178 633
178 634
178 636
178 638
178 639
178 641
178 642
178 644
178 645
178 648
178 649
178 653
178 654
178 657
178 658
178 659
178 661
178 662
178 663
178 664
178 666
178 667
178 669
178 673
178 674
178 676
178 678
178 680
178 681
178 682
178 684
178 687
178 691
178 692
178 695
178 699
178 701
178 702
178 704
178 705
178 706
178 709
178 710
178 711
178 717
178 724
178 726
178 727
178 729
178 730
178 731
178 732
178 736
178 737
178 738
178 740
178 747
178 748
178 750
178 751
178 752
178 753
178 754
178 755
178 757
178 758
178 764
178 766
178 768
178 769
178 771
178 773
178 774
178 776
178 777
178 779
178 780
178 781
178 782
178 783
178 784
178 792
178 797
178 798
179 404
179 407
179 409
179 410
179 413
179 415
179 416
179 427
179 428
179 429
179 435
179 437
179 438
179 442
179 443
179 444
179 448
179 451
179 452
179 455
179 456
179 457
179 458
179 459
179 461
179 464
179 465
179 466
179 470
179 473
179 477
179 478
179 479
179 483
179 484
179 485
179 489
179 492
179 493
179 494
179 495
179 496
179 498
179 499
179 500
179 501
179 503
179 505
179 507
179 508
179 511
179 512
179 513
179 514
179 515
179 516
179 520
179 521
179 523
179 524
179 525
179 532
179 533
179 534
179 537
179 538
179 540
179 541
179 542
179 543
179 544
179 547
179 549
179 553
179 556
179 558
179 560
179 566
179 568
179 571
179 573
179 574
179 576
179 578
179 579
179 581
179 584
179 586
179 588
179 589
179 593
179 594
179 595
179 596
179 599
179 600
179 602
179 603
179 604
179 605
179 609
179 611
179 612
179 613
179 614
179 617
179 618
179 620
179 621
179 623
179 624
179 625
179 626
179 628
179 634
179 635
179 636
179 637
179 640
179 642
179 643
179 644
179 647
179 651
179 654
179 655
179 657
179 658
179 659
179 662
179 663
179 666
179 667
179 670
179 671
179 673
179 676
179 677
179 679
179 682
179 686
179 689
179 690
179 691
179 692
179 694
179 696
179 697
179 698
179 702
179 705
179 706
179 707
179 708
179 709
179 712
179 713
179 715
179 716
179 718
179 720
179 721
179 722
179 723
179 724
179 726
179 728
179 729
179 730
179 731
179 734
179 735
179 736
179 741
179 742
179 749
179 751
179 752
179 753
179 754
179 755
179 756
179 757
179 763
179 765
179 766
179 767
179 768
179 769
179 771
179 774
179 775
179 777
179 778
179 779
179 780
179 781
179 782
179 783
179 788
179 791
179 792
179 798
179 799
179 800
180 401
180 402
180 404
180 406
180 407
180 408
180 409
180 410
180 412
180 413
180 414
180 418
180 420
180 421
180 422
180 423
180 426
180 429
180 432
180 434
180 437
180 438
180 439
180 440
180 441
180 443
180 444
180 447
180 451
180 454
180 455
180 456
180 459
180 460
180 462
180 463
180 464
180 471
180 473
180 475
180 479
180 480
180 482
180 486
180 487
180 489
180 490
180 491
180 494
180 496
180 499
180 502
180 504
180 507
180 508
180 510
180 515
180 519
180 524
180 528
180 529
180 530
180 531
180 532
180 535
180 538
180 541
180 542
180 543
180 544
180 545
180 550
180 551
180 552
180 553
180 555
180 558
180 564
180 565
180 567
180 568
180 569
180 572
180 573
180 577
180 581
180 584
180 587
180 589
180 593
180 595
180 596
180 597
180 598
180 600
180 602
180 603
180 605
180 608
180 609
180 611
180 612
180 614
180 615
180 616
180 617
180 618
180 624
180 626
180 631
180 633
180 634
180 635
180 638
180 639
180 640
180 642
180 650
180 653
180 657
180 658
180 659
180 660
180 661
180 662
180 663
180 665
180 672
180 673
180 674
180 675
180 677
180 678
180 682
180 683
180 684
180 688
180 689
180 693
180 694
180 695
180 697
180 699
180 701
180 702
180 703
180 708
180 709
180 710
180 711
180 712
180 713
180 714
180 716
180 717
180 720
180 722
180 723
180 727
180 729
180 730
180 731
180 733
180 735
180 736
180 737
180 742
180 743
180 745
180 747
180 751
180 760
180 761
180 762
180 765
180 767
180 769
180 772
180 773
180 778
180 779
180 781
180 783
180 784
180 787
180 789
180 791
180 792
180 793
180 795
181 401
181 404
181 405
181 407
181 408
181 409
181 412
181 413
181 414
181 415
181 417
181 423
181 426
181 430
181 435
181 436
181 440
181 445
181 446
181 448
181 450
181 451
181 453
181 456
181 457
181 458
181 459
181 468
181 470
181 471
181 473
181 474
181 475
181 476
181 478
181 480
181 481
181 484
181 485
181 489
181 491
181 492
181 493
181 494
181 495
181 496
181 498
181 501
181 502
181 503
181 504
181 505
181 506
181 508
181 509
181 511
181 512
181 513
181 517
181 518
181 519
181 520
181 522
181 524
181 525
181 526
181 527
181 529
181 530
181 531
181 533
181 534
181 537
181 538
181 539
181 540
181 541
181 543
181 544
181 546
181 547
181 548
181 549
181 550
181 551
181 552
181 554
181 559
181 562
181 563
181 565
181 568
181 570
181 572
181 573
181 577
181 579
181 580
181 583
181 585
181 588
181 589
181 592
181 595
181 598
181 599
181 603
181 606
181 608
181 610
181 612
181 614
181 615
181 618
181 619
181 623
181 627
181 628
181 629
181 630
181 631
181 634
181 636
181 640
181 641
181 642
181 643
181 645
181 648
181 650
181 656
181 657
181 658
181 662
181 665
181 667
181 674
181 675
181 678
181 681
181 682
181 685
181 686
181 688
181 691
181 692
181 693
181 694
181 695
181 697
181 698
181 700
181 701
181 702
181 707
181 708
181 711
181 714
181 716
181 719
181 720
181 724
181 726
181 727
181 728
181 729
181 731
181 733
181 734
181 737
181 738
181 739
181 740
181 743
181 746
181 749
181 750
181 757
181 760
181 764
181 765
181 767
181 771
181 772
181 779
181 780
181 783
181 785
181 786
181 787
181 790
181 793
181 796
181 797
181 799
182 401
182 402
182 403
182 404
182 406
182 407
182 412
182 414
182 415
182 416
182 418
182 421
182 422
182 423
182 424
182 427
182 436
182 437
182 439
182 440
182 441
182 443
182 445
182 450
182 451
182 454
182 456
182 457
182 459
182 460
182 462
182 464
182 466
182 469
182 470
182 471
182 472
182 475
182 477
182 478
182 481
182 483
182 484
182 489
182 490
182 491
182 493
182 497
182 500
182 501
182 502
182 505
182 508
182 509
182 510
182 511
182 514
182 515
182 518
182 520
182 522
182 523
182 524
182 525
182 527
182 528
182 531
182 533
182 535
182 536
182 537
182 543
182 544
182 546
182 547
182 548
182 549
182 551
182 552
182 553
182 554
182 557
182 558
182 559
182 561
182 562
182 563
182 566
182 567
182 570
182 575
182 576
182 577
182 579
182 580
182 581
182 584
182 585
182 586
182 590
182 591
182 592
182 593
182 594
182 596
182 603
182 604
182 606
182 607
182 609
182 610
182 611
182 612
182 614
182 615
182 616
182 624
182 625
182 626
182 627
182 628
182 635
182 636
182 637
182 640
182 641
182 644
182 645
182 646
182 647
182 650
182 652
182 656
182 657
182 658
182 660
182 661
182 663
182 665
182 666
182 667
182 669
182 670
182 675
182 676
182 677
182 679
182 681
182 682
182 684
182 686
182 687
182 690
182 692
182 693
182 696
182 699
182 700
182 702
182 707
182 711
182 715
182 716
182 721
182 724
182 726
182 727
182 730
182 731
182 732
182 733
182 734
182 735
182 736
182 739
182 742
182 743
182 744
182 745
182 746
182 751
182 754
182 755
182 756
182 757
182 759
182 761
182 762
182 767
182 769
182 772
182 774
182 776
182 777
182 778
182 779
182 780
182 783
182 784
182 787
182 788
182 790
182 791
182 795
182 797
182 799
182 800
183 401
183 404
183 405
183 406
183 407
183 410
183 411
183 415
183 418
183 419
183 420
183 424
183 425
183 426
183 427
183 428
183 430
183 431
183 432
183 433
183 436
183 439
183 440
183 441
183 443
183 444
183 446
183 447
183 449
183 451
183 454
183 455
183 458
183 459
183 460
183 462
183 463
183 469
183 478
183 479
183 483
183 484
183 485
183 486
183 487
183 491
183 492
183 495
183 496
183 497
183 498
183 501
183 503
183 505
183 506
183 508
183 511
183 512
183 513
183 515
183 518
183 519
183 520
183 523
183 524
183 525
183 526
183 529
183 530
183 531
183 534
183 538
183 540
183 543
183 545
183 546
183 547
183 554
183 556
183 557
183 559
183 560
183 562
183 563
183 564
183 565
183 566
183 568
183 569
183 576
183 577
183 578
183 580
183 583
183 585
183 588
183 590
183 591
183 593
183 594
183 596
183 598
183 599
183 602
183 603
183 604
183 607
183 608
183 610
183 612
183 613
183 615
183 617
183 619
183 622
183 623
183 624
183 625
183 626
183 630
183 635
183 639
183 642
183 644
183 646
183 648
183 649
183 650
183 651
183 652
183 653
183 654
183 658
183 660
183 661
183 662
183 663
183 666
183 667
183 668
183 670
183 671
183 672
183 674
183 675
183 676
183 678
183 680
183 681
183 684
183 690
183 694
183 695
183 698
183 707
183 709
183 710
183 711
183 712
183 713
183 718
183 720
183 722
183 723
183 725
183 726
183 727
183 728
183 730
183 732
183 736
183 737
183 738
183 742
183 744
183 748
183 749
183 750
183 753
183 756
183 757
183 759
183 760
183 761
183 764
183 769
183 773
183 775
183 779
183 780
183 782
183 783
183 784
183 787
183 788
183 789
183 790
183 793
183 794
183 795
183 797
183 799
183 800
184 402
184 405
184 406
184 411
184 412
184 416
184 417
184 418
184 419
184 426
184 427
184 429
184 432
184 434
184 443
184 445
184 446
184 449
184 450
184 452
184 455
184 456
184 457
184 461
184 464
184 465
184 467
184 468
184 469
184 473
184 474
184 475
184 476
184 478
184 479
184 481
184 482
184 483
184 484
184 487
184 488
184 491
184 493
184 496
184 499
184 505
184 506
184 510
184 513
184 515
184 516
184 524
184 526
184 527
184 528
184 529
184 530
184 533
184 534
184 539
184 540
184 541
184 551
184 555
184 561
184 564
184 565
184 567
184 569
184 571
184 572
184 577
184 578
184 580
184 581
184 582
184 583
184 584
184 585
184 586
184 588
184 592
184 593
184 594
184 595
184 599
184 600
184 601
184 602
184 603
184 604
184 605
184 608
184 611
184 612
184 615
184 619
184 625
184 626
184 629
184 631
184 636
184 637
184 641
184 642
184 645
184 648
184 651
184 652
184 653
184 654
184 657
184 658
184 660
184 661
184 664
184 666
184 668
184 669
184 670
184 671
184 672
184 674
184 675
184 677
184 681
184 688
184 690
184 692
184 693
184 694
184 697
184 699
184 700
184 702
184 704
184 705
184 707
184 708
184 712
184 713
184 714
184 715
184 720
184 723
184 724
184 725
184 726
184 727
184 731
184 732
184 734
184 739
184 740
184 743
184 744
184 745
184 748
184 752
184 753
184 755
184 756
184 757
184 761
184 762
184 763
184 764
184 770
184 771
184 772
184 773
184 775
184 779
184 784
184 786
184 787
184 789
184 790
184 791
184 792
184 794
184 798
184 799
184 800
185 403
185 409
185 412
185 413
185 414
185 417
185 421
185 423
185 425
185 426
185 427
185 429
185 430
185 432
185 433
185 437
185 438
185 439
185 442
185 445
185 446
185 447
185 448
185 450
185 453
185 454
185 455
185 458
185 460
185 466
185 467
185 469
185 470
185 471
185 472
185 473
185 476
185 477
185 478
185 482
185 484
185 485
185 486
185 487
185 488
185 492
185 495
185 496
185 497
185 499
185 500
185 505
185 507
185 509
185 512
185 514
185 516
185 518
185 519
185 522
185 523
185 524
185 525
185 526
185 534
185 536
185 537
185 540
185 541
185 544
185 545
185 547
185 548
185 549
185 551
185 552
185 558
185 559
185 560
185 562
185 566
185 567
185 568
185 570
185 572
185 574
185 577
185 578
185 579
185 581
185 582
185 584
185 585
185 586
185 588
185 590
185 594
185 601
185 605
185 606
185 608
185 610
185 611
185 612
185 614
185 615
185 621
185 623
185 624
185 626
185 627
185 628
185 632
185 638
185 642
185 646
185 648
185 649
185 650
185 651
185 653
185 658
185 659
185 660
185 661
185 663
185 668
185 671
185 673
185 674
185 675
185 676
185 678
185 679
185 686
185 687
185 688
185 690
185 691
185 694
185 695
185 698
185 699
185 700
185 702
185 705
185 706
185 711
185 713
185 716
185 718
185 719
185 720
185 721
185 722
185 725
185 726
185 727
185 729
185 731
185 734
185 735
185 738
185 739
185 740
185 741
185 743
185 744
185 746
185 747
185 748
185 749
185 751
185 754
185 755
185 756
185 757
185 758
185 761
185 763
185 769
185 776
185 778
185 782
185 783
185 784
185 786
185 787
185 796
185 797
185 798
185 800
186 401
186 402
186 403
186 404
186 405
186 410
186 412
186 414
186 415
186 422
186 423
186 424
186 432
186 434
186 436
186 440
186 441
186 444
186 445
186 450
186 452
186 457
186 458
186 461
186 462
186 464
186 467
186 471
186 472
186 474
186 477
186 478
186 480
186 481
186 483
186 486
186 488
186 489
186 490
186 494
186 496
186 500
186 501
186 506
186 507
186 508
186 511
186 516
186 517
186 518
186 519
186 520
186 522
186 523
186 526
186 528
186 529
186 531
186 533
186 536
186 540
186 544
186 546
186 548
186 550
186 551
186 555
186 557
186 558
186 562
186 563
186 564
186 568
186 569
186 571
186 573
186 578
186 579
186 580
186 583
186 585
186 589
186 592
186 595
186 596
186 601
186 602
186 603
186 604
186 607
186 609
186 610
186 612
186 615
186 616
186 617
186 618
186 622
186 624
186 625
186 626
186 627
186 629
186 630
186 634
186 635
186 636
186 637
186 639
186 641
186 643
186 646
186 650
186 652
186 654
186 656
186 657
186 659
186 661
186 663
186 664
186 668
186 669
186 671
186 673
186 674
186 678
186 680
186 681
186 682
186 684
186 685
186 687
186 688
186 689
186 691
186 692
186 693
186 696
186 699
186 700
186 702
186 704
186 706
186 709
186 710
186 712
186 713
186 714
186 715
186 720
186 723
186 724
186 726
186 727
186 731
186 734
186 736
186 738
186 740
186 741
186 743
186 744
186 745
186 746
186 747
186 749
186 751
186 752
186 753
186 754
186 755
186 756
186 757
186 758
186 759
186 761
186 763
186 764
186 766
186 768
186 769
186 771
186 773
186 775
186 777
186 779
186 781
186 782
186 787
186 789
186 790
186 793
186 795
186 796
186 797
186 798
186 800
187 401
187 402
187 406
187 407
187 411
187 413
187 417
187 418
187 420
187 421
187 422
187 423
187 424
187 425
187 426
187 427
187 428
187 429
187 432
187 435
187 436
187 437
187 439
187 440
187 442
187 443
187 444
187 445
187 447
187 449
187 451
187 452
187 453
187 454
187 455
187 461
187 463
187 464
187 465
187 467
187 470
187 471
187 472
187 473
187 474
187 476
187 477
187 478
187 480
187 481
187 482
187 484
187 485
187 487
187 488
187 491
187 493
187 495
187 496
187 498
187 499
187 500
187 504
187 505
187 507
187 509
187 512
187 517
187 518
187 519
187 520
187 522
187 523
187 524
187 526
187 527
187 533
187 534
187 535
187 536
187 539
187 540
187 543
187 546
187 547
187 550
187 552
187 554
187 555
187 556
187 557
187 558
187 560
187 563
187 564
187 566
187 567
187 570
187 571
187 572
187 573
187 574
187 575
187 576
187 577
187 578
187 582
187 583
187 584
187 588
187 590
187 591
187 597
187 600
187 601
187 607
187 610
187 611
187 612
187 614
187 615
187 616
187 617
187 621
187 622
187 623
187 632
187 636
187 637
187 639
187 640
187 644
187 649
187 652
187 654
187 656
187 658
187 663
187 664
187 665
187 666
187 667
187 669
187 671
187 672
187 673
187 675
187 677
187 678
187 680
187 681
187 682
187 685
187 686
187 687
187 688
187 692
187 693
187 694
187 699
187 701
187 704
187 705
187 712
187 715
187 718
187 724
187 730
187 732
187 738
187 739
187 742
187 744
187 748
187 749
187 750
187 751
187 752
187 758
187 759
187 761
187 767
187 770
187 772
187 774
187 775
187 776
187 777
187 782
187 783
187 789
187 791
187 792
187 793
187 794
187 795
187 796
188 403
188 408
188 410
188 414
188 415
188 417
188 419
188 421
188 422
188 423
188 424
188 425
188 426
188 430
188 432
188 437
188 440
188 442
188 443
188 444
188 445
188 446
188 447
188 451
188 455
188 456
188 457
188 458
188 459
188 462
188 464
188 465
188 469
188 470
188 472
188 476
188 477
188 480
188 483
188 484
188 486
188 488
188 491
188 494
188 495
188 496
188 498
188 501
188 502
188 504
188 507
188 508
188 509
188 510
188 512
188 515
188 516
188 518
188 519
188 520
188 522
188 524
188 525
188 527
188 528
188 530
188 531
188 532
188 534
188 537
188 538
188 539
188 541
188 542
188 543
188 544
188 547
188 548
188 549
188 550
188 551
188 552
188 554
188 556
188 557
188 558
188 561
188 563
188 569
188 570
188 572
188 574
188 576
188 577
188 580
188 584
188 585
188 589
188 592
188 593
188 594
188 597
188 600
188 601
188 602
188 604
188 605
188 607
188 608
188 612
188 614
188 616
188 619
188 620
188 621
188 622
188 623
188 624
188 625
188 628
188 629
188 631
188 632
188 633
188 634
188 635
188 642
188 644
188 646
188 649
188 651
188 652
188 654
188 655
188 656
188 657
188 659
188 660
188 662
188 665
188 666
188 667
188 668
188 670
188 675
188 678
188 679
188 680
188 682
188 683
188 685
188 686
188 687
188 688
188 690
188 694
188 696
188 699
188 701
188 702
188 706
188 707
188 709
188 710
188 711
188 715
188 716
188 717
188 719
188 720
188 724
188 725
188 726
188 728
188 734
188 735
188 739
188 740
188 741
188 742
188 746
188 748
188 749
188 750
188 752
188 753
188 754
188 756
188 759
188 761
188 762
188 766
188 773
188 774
188 776
188 779
188 780
188 782
188 783
188 785
188 786
188 790
188 791
188 792
188 794
188 795
188 796
188 798
188 799
189 402
189 404
189 407
189 408
189 410
189 414
189 415
189 416
189 418
189 419
189 420
189 422
189 423
189 424
189 425
189 426
189 428
189 430
189 433
189 434
189 436
189 438
189 439
189 440
189 446
189 449
189 451
189 452
189 454
189 455
189 458
189 460
189 461
189 463
189 465
189 466
189 467
189 469
189 471
189 474
189 475
189 476
189 478
189 487
189 490
189 491
189 492
189 493
189 494
189 496
189 497
189 498
189 499
189 505
189 506
189 509
189 511
189 514
189 515
189 516
189 517
189 518
189 522
189 523
189 524
189 526
189 529
189 531
189 534
189 535
189 538
189 539
189 540
189 541
189 546
189 549
189 550
189 552
189 556
189 557
189 559
189 560
189 561
189 562
189 563
189 564
189 566
189 567
189 572
189 573
189 578
189 579
189 580
189 582
189 583
189 584
189 585
189 594
189 595
189 596
189 597
189 600
189 601
189 602
189 603
189 604
189 606
189 607
189 612
189 614
189 616
189 617
189 620
189 621
189 623
189 624
189 625
189 628
189 632
189 633
189 635
189 636
189 642
189 644
189 645
189 646
189 649
189 650
189 651
189 655
189 656
189 657
189 658
189 659
189 661
189 663
189 666
189 667
189 669
189 670
189 672
189 676
189 681
189 682
189 683
189 685
189 686
189 693
189 696
189 698
189 699
189 703
189 705
189 706
189 707
189 708
189 709
189 710
189 711
189 712
189 713
189 714
189 715
189 720
189 721
189 723
189 724
189 730
189 731
189 732
189 734
189 739
189 740
189 741
189 746
189 747
189 749
189 753
189 754
189 755
189 756
189 757
189 758
189 759
189 760
189 761
189 764
189 768
189 770
189 777
189 780
189 781
189 783
189 785
189 786
189 788
189 789
189 791
189 793
189 795
189 797
189 799
189 800
190 401
190 403
190 404
190 408
190 409
190 411
190 414
190 415
190 417
190 418
190 421
190 422
190 423
190 425
190 427
190 430
190 431
190 432
190 434
190 435
190 437
190 438
190 441
190 445
190 446
190 448
190 449
190 450
190 452
190 455
190 456
190 459
190 460
190 461
190 464
190 466
190 467
190 468
190 471
190 474
190 475
190 476
190 478
190 480
190 483
190 486
190 488
190 489
190 490
190 494
190 496
190 498
190 499
190 500
190 501
190 503
190 505
190 508
190 513
190 516
190 518
190 520
190 522
190 523
190 526
190 527
190 529
190 530
190 532
190 533
190 534
190 536
190 537
190 538
190 540
190 541
190 542
190 546
190 549
190 552
190 554
190 555
190 559
190 565
190 567
190 569
190 570
190 571
190 572
190 576
190 577
190 580
190 583
190 585
190 586
190 589
190 593
190 598
190 601
190 602
190 603
190 605
190 610
190 611
190 612
190 614
190 616
190 619
190 620
190 621
190 622
190 623
190 624
190 625
190 626
190 627
190 630
190 631
190 635
190 637
190 639
190 640
190 641
190 648
190 649
190 650
190 651
190 653
190 655
190 657
190 660
190 661
190 663
190 665
190 668
190 669
190 671
190 673
190 674
190 675
190 676
190 678
190 683
190 684
190 687
190 688
190 689
190 691
190 693
190 694
190 696
190 698
190 699
190 701
190 703
190 704
190 705
190 706
190 708
190 709
190 712
190 716
190 717
190 718
190 720
190 721
190 722
190 725
190 726
190 730
190 733
190 736
190 737
190 738
190 739
190 740
190 741
190 742
190 744
190 745
190 748
190 750
190 753
190 754
190 756
190 758
190 761
190 764
190 765
190 767
190 769
190 770
190 775
190 776
190 777
190 778
190 779
190 782
190 784
190 786
190 789
190 791
190 793
190 797
190 799
190 800
191 401
191 403
191 405
191 407
191 409
191 412
191 415
191 416
191 418
191 420
191 423
191 424
191 425
191 431
191 432
191 435
191 438
191 439
191 443
191 444
191 445
191 447
191 448
191 450
191 451
191 452
191 453
191 455
191 456
191 457
191 460
191 461
191 462
191 463
191 464
191 466
191 468
191 469
191 470
191 472
191 473
191 475
191 476
191 478
191 480
191 481
191 483
191 488
191 490
191 491
191 492
191 494
191 496
191 502
191 503
191 505
191 506
191 510
191 513
191 514
191 516
191 518
191 519
191 520
191 521
191 522
191 523
191 525
191 526
191 527
191 532
191 533
191 534
191 535
191 536
191 537
191 538
191 539
191 540
191 542
191 544
191 545
191 546
191 547
191 549
191 552
191 553
191 555
191 556
191 557
191 558
191 561
191 562
191 563
191 566
191 567
191 572
191 576
191 577
191 580
191 582
191 583
191 584
191 585
191 588
191 590
191 591
191 592
191 595
191 600
191 601
191 602
191 603
191 604
191 605
191 606
191 608
191 614
191 615
191 617
191 621
191 625
191 627
191 628
191 631
191 634
191 635
191 637
191 639
191 640
191 641
191 649
191 650
191 651
191 652
191 653
191 654
191 657
191 658
191 660
191 664
191 666
191 668
191 669
191 673
191 675
191 676
191 679
191 680
191 681
191 685
191 690
191 694
191 696
191 697
191 698
191 701
191 705
191 707
191 709
191 710
191 711
191 712
191 713
191 715
191 717
191 720
191 722
191 726
191 728
191 731
191 734
191 735
191 737
191 738
191 740
191 745
191 746
191 747
191 749
191 752
191 754
191 755
191 762
191 765
191 766
191 767
191 768
191 769
191 772
191 773
191 774
191 775
191 776
191 779
191 782
191 786
191 787
191 790
191 792
191 793
191 796
191 797
191 800
192 401
192 404
192 405
192 407
192 408
192 409
192 410
192 412
192 413
192 414
192 416
192 418
192 419
192 420
192 421
192 422
192 423
192 425
192 426
192 427
192 429
192 431
192 434
192 435
192 437
192 438
192 440
192 444
192 448
192 451
192 454
192 459
192 461
192 465
192 468
192 469
192 470
192 471
192 472
192 473
192 474
192 477
192 480
192 481
192 482
192 486
192 487
192 490
192 491
192 493
192 496
192 499
192 501
192 502
192 505
192 506
192 508
192 509
192 511
192 513
192 515
192 516
192 517
192 519
192 523
192 525
192 526
192 532
192 534
192 536
192 537
192 538
192 539
192 543
192 544
192 545
192 546
192 549
192 550
192 552
192 553
192 554
192 555
192 558
192 559
192 560
192 562
192 567
192 569
192 570
192 571
192 575
192 576
192 578
192 579
192 581
192 582
192 583
192 587
192 589
192 590
192 591
192 595
192 597
192 598
192 599
192 601
192 604
192 605
192 609
192 614
192 615
192 617
192 618
192 620
192 621
192 622
192 623
192 626
192 627
192 629
192 630
192 632
192 633
192 635
192 638
192 639
192 641
192 644
192 645
192 647
192 650
192 653
192 657
192 661
192 662
192 663
192 664
192 665
192 666
192 667
192 668
192 669
192 673
192 674
192 676
192 679
192 681
192 682
192 683
192 684
192 686
192 688
192 689
192 691
192 692
192 693
192 695
192 701
192 702
192 703
192 705
192 706
192 707
192 710
192 715
192 717
192 718
192 722
192 729
192 732
192 733
192 734
192 736
192 738
192 739
192 742
192 743
192 744
192 749
192 751
192 752
192 753
192 754
192 755
192 758
192 759
192 760
192 761
192 763
192 765
192 766
192 768
192 769
192 771
192 775
192 776
192 778
192 781
192 783
192 784
192 785
192 787
192 792
192 793
192 795
192 796
192 798
193 403
193 404
193 406
193 407
193 408
193 409
193 411
193 412
193 413
193 415
193 418
193 419
193 420
193 422
193 424
193 425
193 428
193 432
193 434
193 436
193 437
193 439
193 444
193 445
193 446
193 448
193 450
193 451
193 452
193 456
193 457
193 459
193 460
193 461
193 462
193 463
193 466
193 468
193 469
193 474
193 475
193 479
193 482
193 485
193 486
193 490
193 492
193 493
193 494
193 497
193 503
193 506
193 509
193 510
193 514
193 515
193 516
193 520
193 522
193 523
193 524
193 525
193 529
193 530
193 531
193 533
193 537
193 538
193 540
193 541
193 543
193 545
193 547
193 549
193 552
193 554
193 557
193 559
193 561
193 564
193 565
193 570
193 571
193 572
193 574
193 575
193 577
193 578
193 579
193 580
193 581
193 582
193 586
193 588
193 590
193 592
193 595
193 596
193 598
193 603
193 607
193 608
193 611
193 616
193 618
193 620
193 621
193 624
193 625
193 627
193 629
193 630
193 634
193 636
193 638
193 640
193 644
193 646
193 650
193 651
193 652
193 654
193 655
193 656
193 657
193 658
193 660
193 661
193 665
193 667
193 668
193 669
193 670
193 675
193 676
193 678
193 679
193 681
193 685
193 687
193 688
193 689
193 690
193 692
193 695
193 696
193 697
193 699
193 700
193 701
193 702
193 703
193 704
193 705
193 706
193 707
193 708
193 709
193 713
193 714
193 716
193 717
193 720
193 721
193 725
193 726
193 727
193 730
193 731
193 733
193 734
193 738
193 739
193 744
193 747
193 748
193 751
193 752
193 754
193 759
193 760
193 761
193 762
193 766
193 771
193 774
193 776
193 778
193 780
193 784
193 785
193 786
193 792
193 794
193 795
193 798
194 405
194 407
194 414
194 416
194 417
194 418
194 420
194 421
194 422
194 423
194 427
194 429
194 430
194 431
194 432
194 433
194 434
194 436
194 438
194 439
194 440
194 441
194 444
194 445
194 449
194 457
194 458
194 463
194 465
194 468
194 470
194 471
194 472
194 474
194 476
194 478
194 480
194 481
194 482
194 483
194 485
194 486
194 490
194 491
194 493
194 494
194 495
194 496
194 497
194 502
194 503
194 504
194 506
194 508
194 509
194 513
194 516
194 520
194 524
194 527
194 532
194 533
194 536
194 537
194 538
194 541
194 543
194 549
194 554
194 555
194 559
194 560
194 561
194 566
194 569
194 571
194 572
194 573
194 574
194 575
194 576
194 578
194 579
194 580
194 581
194 584
194 585
194 586
194 588
194 591
194 596
194 597
194 600
194 604
194 606
194 613
194 614
194 615
194 616
194 620
194 625
194 626
194 630
194 631
194 633
194 637
194 638
194 640
194 642
194 647
194 648
194 650
194 652
194 654
194 659
194 661
194 664
194 675
194 677
194 678
194 681
194 682
194 683
194 686
194 690
194 692
194 693
194 696
194 697
194 698
194 699
194 700
194 703
194 704
194 705
194 708
194 709
194 710
194 711
194 712
194 717
194 718
194 719
194 721
194 723
194 724
194 729
194 730
194 734
194 735
194 737
194 738
194 743
194 746
194 747
194 749
194 750
194 751
194 752
194 753
194 754
194 755
194 758
194 760
194 762
194 763
194 764
194 765
194 766
194 768
194 769
194 773
194 775
194 776
194 780
194 781
194 782
194 783
194 784
194 791
194 792
194 796
194 797
194 798
194 799
195 401
195 402
195 403
195 404
195 405
195 407
195 410
195 411
195 412
195 414
195 415
195 416
195 421
195 427
195 429
195 430
195 431
195 432
195 433
195 434
195 436
195 437
195 441
195 442
195 444
195 445
195 446
195 447
195 450
195 452
195 455
195 456
195 457
195 460
195 461
195 462
195 463
195 464
195 465
195 468
195 475
195 478
195 479
195 482
195 484
195 487
195 491
195 493
195 495
195 496
195 497
195 499
195 500
195 503
195 506
195 509
195 512
195 515
195 516
195 518
195 519
195 522
195 523
195 526
195 531
195 532
195 533
195 539
195 542
195 544
195 547
195 548
195 550
195 555
195 556
195 559
195 560
195 561
195 566
195 570
195 571
195 572
195 573
195 574
195 577
195 579
195 582
195 583
195 586
195 588
195 590
195 592
195 596
195 597
195 598
195 599
195 606
195 608
195 610
195 611
195 615
195 616
195 619
195 621
195 622
195 623
195 624
195 625
195 628
195 630
195 631
195 632
195 633
195 635
195 637
195 642
195 643
195 645
195 647
195 648
195 649
195 650
195 654
195 655
195 656
195 657
195 658
195 662
195 664
195 666
195 668
195 669
195 671
195 672
195 673
195 675
195 678
195 680
195 683
195 684
195 686
195 688
195 689
195 690
195 692
195 693
195 699
195 700
195 703
195 705
195 708
195 709
195 711
195 714
195 716
195 717
195 718
195 725
195 726
195 727
195 728
195 730
195 738
195 740
195 741
195 743
195 744
195 747
195 749
195 750
195 752
195 754
195 755
195 761
195 762
195 763
195 766
195 768
195 769
195 772
195 776
195 782
195 786
195 787
195 790
195 792
195 793
195 796
195 797
195 798
195 800
196 401
196 404
196 405
196 408
196 410
196 412
196 414
196 417
196 420
196 422
196 423
196 425
196 426
196 430
196 431
196 434
196 436
196 438
196 441
196 442
196 445
196 448
196 449
196 450
196 451
196 453
196 454
196 456
196 459
196 460
196 461
196 462
196 463
196 464
196 465
196 466
196 467
196 471
196 476
196 479
196 482
196 484
196 486
196 487
196 488
196 489
196 491
196 492
196 493
196 496
196 497
196 499
196 500
196 501
196 502
196 505
196 507
196 509
196 512
196 514
196 515
196 518
196 519
196 521
196 522
196 523
196 525
196 526
196 527
196 529
196 532
196 537
196 539
196 542
196 543
196 546
196 547
196 549
196 551
196 554
196 555
196 562
196 564
196 565
196 570
196 571
196 574
196 575
196 576
196 577
196 579
196 580
196 582
196 584
196 588
196 589
196 591
196 592
196 595
196 596
196 599
196 600
196 602
196 605
196 606
196 609
196 613
196 614
196 615
196 617
196 619
196 624
196 627
196 628
196 632
196 633
196 635
196 636
196 639
196 642
196 643
196 644
196 646
196 651
196 652
196 662
196 663
196 664
196 667
196 669
196 672
196 674
196 675
196 676
196 677
196 678
196 680
196 681
196 682
196 683
196 684
196 685
196 687
196 688
196 689
196 690
196 691
196 692
196 697
196 699
196 701
196 703
196 704
196 705
196 706
196 711
196 713
196 714
196 716
196 718
196 719
196 723
196 724
196 727
196 730
196 732
196 734
196 739
196 740
196 742
196 743
196 744
196 745
196 750
196 751
196 752
196 754
196 755
196 756
196 757
196 759
196 760
196 766
196 767
196 771
196 772
196 773
196 774
196 777
196 779
196 780
196 781
196 782
196 790
196 791
196 795
196 797
196 798
196 799
196 800
197 405
197 406
197 408
197 411
197 412
197 415
197 416
197 419
197 424
197 425
197 426
197 428
197 438
197 439
197 441
197 443
197 449
197 451
197 452
197 453
197 460
197 461
197 467
197 469
197 472
197 477
197 478
197 479
197 483
197 484
197 485
197 486
197 487
197 488
197 490
197 491
197 494
197 498
197 499
197 501
197 502
197 503
197 506
197 507
197 508
197 509
197 511
197 515
197 516
197 517
197 518
197 521
197 523
197 524
197 525
197 526
197 528
197 530
197 532
197 534
197 536
197 537
197 538
197 539
197 542
197 543
197 545
197 549
197 553
197 554
197 555
197 556
197 557
197 559
197 560
197 563
197 565
197 568
197 570
197 572
197 573
197 576
197 577
197 578
197 579
197 581
197 583
197 585
197 586
197 587
197 588
197 591
197 592
197 595
197 600
197 605
197 606
197 608
197 609
197 612
197 613
197 614
197 617
197 618
197 621
197 625
197 626
197 627
197 628
197 629
197 634
197 635
197 640
197 642
197 644
197 647
197 648
197 650
197 652
197 654
197 655
197 660
197 661
197 662
197 673
197 674
197 675
197 677
197 678
197 681
197 684
197 685
197 687
197 689
197 691
197 692
197 693
197 695
197 699
197 702
197 703
197 704
197 706
197 711
197 713
197 714
197 718
197 721
197 722
197 723
197 728
197 730
197 734
197 738
197 742
197 745
197 748
197 755
197 756
197 757
197 758
197 760
197 761
197 762
197 764
197 765
197 767
197 768
197 769
197 776
197 777
197 778
197 780
197 781
197 783
197 785
197 786
197 788
197 789
197 790
197 792
197 794
197 796
197 797
197 798
197 799
198 402
198 404
198 405
198 409
198 410
198 411
198 415
198 417
198 419
198 421
198 424
198 425
198 427
198 428
198 431
198 432
198 434
198 435
198 436
198 439
198 441
198 442
198 443
198 444
198 445
198 447
198 449
198 451
198 452
198 454
198 455
198 456
198 457
198 459
198 464
198 466
198 467
198 469
198 471
198 474
198 475
198 476
198 478
198 481
198 484
198 485
198 486
198 487
198 488
198 489
198 490
198 492
198 496
198 498
198 502
198 504
198 505
198 510
198 511
198 512
198 513
198 514
198 518
198 519
198 520
198 521
198 522
198 526
198 531
198 532
198 534
198 536
198 538
198 539
198 540
198 545
198 547
198 548
198 550
198 552
198 553
198 554
198 556
198 557
198 559
198 561
198 562
198 563
198 566
198 570
198 571
198 572
198 573
198 574
198 575
198 576
198 577
198 578
198 579
198 580
198 586
198 587
198 588
198 590
198 597
198 598
198 602
198 604
198 605
198 607
198 608
198 609
198 610
198 611
198 612
198 614
198 615
198 618
198 619
198 622
198 626
198 629
198 634
198 639
198 640
198 641
198 642
198 645
198 648
198 649
198 652
198 653
198 654
198 655
198 658
198 661
198 663
198 664
198 667
198 668
198 669
198 670
198 671
198 676
198 683
198 684
198 685
198 686
198 687
198 691
198 694
198 695
198 696
198 697
198 700
198 702
198 703
198 706
198 707
198 708
198 714
198 716
198 717
198 719
198 721
198 724
198 725
198 729
198 731
198 735
198 738
198 739
198 742
198 744
198 747
198 748
198 749
198 750
198 751
198 752
198 753
198 754
198 756
198 758
198 760
198 761
198 765
198 767
198 768
198 773
198 779
198 787
198 789
198 790
198 791
198 792
198 793
198 794
198 795
198 796
198 797
198 800
199 401
199 405
199 408
199 409
199 410
199 411
199 412
199 415
199 416
199 417
199 418
199 419
199 420
199 423
199 424
199 428
199 430
199 431
199 433
199 434
199 435
199 436
199 439
199 444
199 445
199 446
199 448
199 449
199 450
199 452
199 453
199 456
199 457
199 459
199 461
199 464
199 465
199 466
199 472
199 473
199 478
199 479
199 480
199 482
199 483
199 485
199 486
199 490
199 492
199 493
199 494
199 495
199 496
199 498
199 504
199 505
199 506
199 509
199 511
199 512
199 514
199 516
199 518
199 519
199 520
199 522
199 523
199 525
199 526
199 529
199 532
199 534
199 535
199 536
199 539
199 541
199 542
199 550
199 552
199 553
199 554
199 557
199 558
199 561
199 564
199 565
199 569
199 572
199 574
199 575
199 576
199 580
199 582
199 586
199 590
199 591
199 593
199 594
199 598
199 599
199 605
199 606
199 608
199 609
199 617
199 621
199 622
199 623
199 624
199 626
199 630
199 631
199 636
199 637
199 640
199 641
199 644
199 651
199 652
199 654
199 655
199 656
199 657
199 658
199 659
199 662
199 663
199 667
199 669
199 671
199 674
199 675
199 678
199 679
199 682
199 683
199 687
199 688
199 691
199 693
199 694
199 697
199 698
199 700
199 701
199 704
199 707
199 708
199 709
199 711
199 712
199 714
199 716
199 717
199 718
199 719
199 720
199 722
199 723
199 724
199 731
199 735
199 740
199 741
199 742
199 745
199 747
199 749
199 754
199 755
199 756
199 757
199 763
199 764
199 766
199 767
199 768
199 770
199 773
199 776
199 777
199 778
199 779
199 783
199 785
199 787
199 789
199 793
199 795
199 797
199 800
200 402
200 403
200 404
200 406
200 409
200 410
200 413
200 414
200 415
200 417
200 418
200 420
200 426
200 427
200 432
200 435
200 436
200 437
200 440
200 441
200 442
200 443
200 447
200 448
200 450
200 452
200 454
200 455
200 456
200 461
200 463
200 464
200 470
200 471
200 472
200 473
200 478
200 480
200 481
200 482
200 484
200 487
200 488
200 490
200 494
200 495
200 496
200 499
200 500
200 502
200 504
200 505
200 506
200 507
200 509
200 510
200 516
200 517
200 520
200 524
200 526
200 528
200 529
200 531
200 535
200 537
200 538
200 540
200 545
200 547
200 548
200 549
200 551
200 552
200 553
200 555
200 558
200 559
200 561
200 562
200 566
200 568
200 569
200 571
200 575
200 577
200 579
200 580
200 584
200 585
200 586
200 589
200 591
200 592
200 594
200 596
200 597
200 598
200 600
200 601
200 602
200 604
200 605
200 606
200 609
200 610
200 612
200 613
200 614
200 616
200 617
200 618
200 619
200 625
200 631
200 632
200 637
200 640
200 645
200 647
200 649
200 650
200 651
200 652
200 654
200 658
200 659
200 660
200 662
200 664
200 665
200 666
200 669
200 670
200 672
200 673
200 675
200 676
200 677
200 678
200 681
200 682
200 684
200 685
200 686
200 689
200 690
200 691
200 692
200 693
200 694
200 696
200 698
200 701
200 703
200 704
200 705
200 706
200 708
200 710
200 713
200 716
200 717
200 718
200 719
200 720
200 721
200 723
200 724
200 725
200 726
200 727
200 728
200 731
200 734
200 736
200 740
200 741
200 745
200 748
200 750
200 752
200 754
200 755
200 759
200 761
200 763
200 764
200 768
200 769
200 770
200 771
200 774
200 775
200 777
200 778
200 779
200 780
200 782
200 783
200 784
200 785
200 788
200 789
200 791
200 792
200 797
200 798
200 800
201 404
201 405
201 410
201 411
201 415
201 418
201 420
201 421
201 422
201 429
201 430
201 431
201 433
201 434
201 437
201 440
201 442
201 444
201 445
201 446
201 447
201 453
201 456
201 465
201 466
201 467
201 472
201 475
201 477
201 481
201 482
201 483
201 484
201 485
201 486
201 487
201 494
201 495
201 497
201 499
201 500
201 502
201 503
201 507
201 509
201 510
201 512
201 513
201 515
201 516
201 517
201 518
201 521
201 523
201 524
201 528
201 529
201 530
201 532
201 533
201 539
201 543
201 544
201 548
201 549
201 551
201 552
201 553
201 554
201 556
201 559
201 561
201 562
201 565
201 566
201 570
201 571
201 573
201 577
201 578
201 580
201 581
201 582
201 586
201 587
201 588
201 590
201 591
201 592
201 593
201 602
201 603
201 604
201 605
201 607
201 608
201 611
201 613
201 614
201 616
201 618
201 619
201 620
201 626
201 627
201 628
201 629
201 631
201 632
201 633
201 634
201 635
201 644
201 645
201 647
201 648
201 657
201 659
201 662
201 663
201 664
201 666
201 667
201 669
201 670
201 671
201 672
201 673
201 674
201 675
201 676
201 677
201 679
201 680
201 682
201 686
201 688
201 690
201 692
201 693
201 695
201 696
201 697
201 698
201 701
201 702
201 705
201 709
201 710
201 712
201 714
201 715
201 717
201 720
201 723
201 724
201 725
201 730
201 732
201 734
201 735
201 736
201 737
201 746
201 748
201 749
201 754
201 758
201 760
201 761
201 762
201 763
201 765
201 772
201 773
201 776
201 782
201 783
201 787
201 788
201 789
201 791
201 792
201 793
201 795
201 797
201 799
202 402
202 404
202 407
202 408
202 409
202 410
202 411
202 412
202 414
202 416
202 419
202 423
202 425
202 426
202 427
202 429
202 431
202 434
202 435
202 437
202 438
202 440
202 441
202 442
202 443
202 446
202 447
202 451
202 452
202 453
202 454
202 456
202 457
202 458
202 459
202 462
202 463
202 464
202 467
202 469
202 470
202 471
202 472
202 474
202 475
202 477
202 479
202 481
202 485
202 487
202 488
202 489
202 493
202 496
202 498
202 500
202 501
202 502
202 505
202 506
202 507
202 508
202 509
202 514
202 515
202 516
202 517
202 520
202 521
202 523
202 524
202 527
202 530
202 531
202 532
202 536
202 537
202 539
202 541
202 542
202 545
202 550
202 552
202 554
202 558
202 559
202 560
202 561
202 563
202 567
202 568
202 571
202 572
202 573
202 575
202 579
202 580
202 581
202 582
202 585
202 588
202 590
202 592
202 593
202 596
202 597
202 598
202 599
202 602
202 606
202 609
202 611
202 612
202 613
202 614
202 615
202 616
202 617
202 618
202 619
202 621
202 624
202 626
202 632
202 634
202 636
202 637
202 639
202 642
202 643
202 644
202 645
202 647
202 648
202 651
202 653
202 654
202 656
202 657
202 658
202 659
202 660
202 663
202 664
202 665
202 666
202 667
202 669
202 671
202 672
202 673
202 675
202 678
202 680
202 681
202 683
202 685
202 686
202 687
202 689
202 691
202 692
202 693
202 697
202 698
202 699
202 700
202 703
202 704
202 705
202 706
202 708
202 711
202 712
202 713
202 716
202 718
202 720
202 723
202 724
202 727
202 728
202 729
202 730
202 733
202 734
202 737
202 738
202 739
202 740
202 745
202 746
202 747
202 748
202 749
202 752
202 759
202 764
202 770
202 771
202 772
202 780
202 783
202 786
202 788
202 794
202 796
202 797
202 799
203 402
203 403
203 404
203 406
203 409
203 412
203 413
203 418
203 420
203 422
203 426
203 427
203 428
203 430
203 431
203 433
203 435
203 437
203 440
203 441
203 445
203 446
203 447
203 451
203 452
203 454
203 455
203 457
203 465
203 467
203 468
203 472
203 474
203 475
203 476
203 477
203 478
203 479
203 480
203 482
203 486
203 490
203 492
203 493
203 494
203 498
203 499
203 500
203 501
203 502
203 505
203 507
203 508
203 509
203 510
203 513
203 514
203 517
203 520
203 522
203 523
203 526
203 527
203 528
203 529
203 532
203 533
203 534
203 535
203 536
203 537
203 539
203 540
203 543
203 544
203 546
203 547
203 548
203 552
203 559
203 560
203 561
203 562
203 563
203 569
203 570
203 571
203 572
203 573
203 574
203 575
203 576
203 577
203 580
203 581
203 584
203 585
203 586
203 587
203 590
203 591
203 592
203 594
203 595
203 596
203 598
203 599
203 600
203 601
203 602
203 607
203 608
203 609
203 610
203 611
203 612
203 614
203 615
203 616
203 622
203 624
203 626
203 627
203 629
203 630
203 631
203 632
203 635
203 636
203 638
203 639
203 641
203 642
203 643
203 650
203 652
203 653
203 654
203 656
203 657
203 658
203 659
203 661
203 663
203 664
203 665
203 667
203 671
203 673
203 674
203 677
203 679
203 680
203 685
203 686
203 687
203 689
203 690
203 694
203 695
203 696
203 697
203 699
203 702
203 703
203 705
203 709
203 710
203 711
203 715
203 716
203 718
203 719
203 723
203 724
203 728
203 729
203 730
203 733
203 736
203 737
203 738
203 739
203 743
203 748
203 749
203 750
203 752
203 753
203 755
203 756
203 757
203 758
203 759
203 761
203 763
203 765
203 767
203 768
203 773
203 774
203 775
203 777
203 782
203 783
203 784
203 791
203 795
203 797
203 799
204 404
204 407
204 408
204 411
204 412
204 413
204 415
204 416
204 417
204 419
204 422
204 423
204 425
204 426
204 429
204 431
204 432
204 433
204 435
204 436
204 437
204 438
204 439
204 440
204 441
204 442
204 443
204 444
204 446
204 448
204 453
204 454
204 455
204 458
204 459
204 462
204 463
204 466
204 467
204 469
204 470
204 471
204 473
204 475
204 476
204 479
204 480
204 481
204 483
204 485
204 488
204 490
204 494
204 495
204 497
204 498
204 499
204 500
204 501
204 502
204 503
204 509
204 511
204 514
204 515
204 516
204 518
204 520
204 521
204 522
204 523
204 530
204 531
204 532
204 533
204 534
204 536
204 537
204 539
204 540
204 541
204 542
204 543
204 546
204 548
204 552
204 555
204 556
204 558
204 561
204 562
204 563
204 566
204 569
204 570
204 573
204 574
204 578
204 580
204 582
204 586
204 588
204 589
204 590
204 592
204 593
204 594
204 595
204 596
204 597
204 598
204 600
204 602
204 604
204 605
204 606
204 607
204 613
204 614
204 615
204 616
204 619
204 620
204 622
204 624
204 625
204 629
204 630
204 632
204 635
204 637
204 640
204 641
204 642
204 643
204 644
204 647
204 649
204 650
204 651
204 654
204 656
204 663
204 665
204 666
204 668
204 671
204 673
204 674
204 675
204 676
204 677
204 678
204 679
204 680
204 683
204 684
204 686
204 687
204 689
204 690
204 691
204 692
204 693
204 694
204 696
204 699
204 700
204 703
204 704
204 705
204 706
204 707
204 712
204 713
204 715
204 716
204 718
204 719
204 720
204 723
204 725
204 727
204 729
204 734
204 736
204 739
204 743
204 745
204 746
204 749
204 751
204 752
204 753
204 755
204 758
204 761
204 764
204 766
204 771
204 772
204 773
204 774
204 775
204 777
204 779
204 780
204 783
204 784
204 786
204 788
204 789
204 790
204 793
204 794
204 795
204 796
204 799
205 403
205 407
205 408
205 411
205 412
205 413
205 414
205 415
205 416
205 417
205 419
205 420
205 422
205 424
205 425
205 426
205 427
205 428
205 429
205 432
205 434
205 437
205 439
205 440
205 441
205 442
205 444
205 447
205 448
205 452
205 453
205 455
205 457
205 459
205 460
205 461
205 462
205 467
205 468
205 469
205 470
205 471
205 472
205 474
205 475
205 477
205 483
205 485
205 487
205 488
205 490
205 493
205 495
205 496
205 499
205 500
205 501
205 502
205 504
205 506
205 508
205 509
205 510
205 511
205 513
205 514
205 515
205 516
205 519
205 520
205 521
205 524
205 526
205 527
205 528
205 529
205 532
205 535
205 536
205 537
205 538
205 540
205 543
205 546
205 548
205 551
205 555
205 556
205 559
205 562
205 564
205 569
205 570
205 571
205 572
205 573
205 575
205 577
205 578
205 579
205 580
205 584
205 586
205 590
205 591
205 592
205 593
205 596
205 597
205 600
205 602
205 604
205 605
205 606
205 607
205 608
205 609
205 611
205 613
205 617
205 618
205 619
205 621
205 622
205 623
205 624
205 625
205 627
205 628
205 630
205 632
205 635
205 637
205 638
205 639
205 640
205 644
205 646
205 648
205 652
205 653
205 654
205 656
205 657
205 663
205 665
205 666
205 668
205 669
205 670
205 672
205 678
205 679
205 683
205 686
205 687
205 689
205 690
205 696
205 698
205 701
205 702
205 703
205 708
205 709
205 711
205 712
205 713
205 714
205 715
205 717
205 719
205 720
205 721
205 722
205 724
205 725
205 727
205 728
205 730
205 733
205 734
205 735
205 741
205 743
205 744
205 746
205 748
205 750
205 751
205 753
205 754
205 755
205 759
205 763
205 764
205 765
205 767
205 769
205 780
205 781
205 784
205 789
205 792
205 794
205 799
205 800
206 405
206 406
206 407
206 411
206 412
206 413
206 414
206 415
206 417
206 420
206 422
206 428
206 435
206 437
206 438
206 439
206 441
206 442
206 443
206 444
206 447
206 451
206 453
206 455
206 458
206 459
206 461
206 462
206 463
206 464
206 465
206 466
206 472
206 474
206 476
206 478
206 482
206 484
206 486
206 489
206 494
206 495
206 499
206 500
206 504
206 505
206 508
206 509
206 510
206 512
206 519
206 520
206 521
206 524
206 525
206 528
206 530
206 534
206 535
206 536
206 537
206 542
206 543
206 548
206 550
206 551
206 552
206 553
206 554
206 559
206 560
206 561
206 565
206 566
206 570
206 572
206 574
206 577
206 579
206 583
206 584
206 585
206 587
206 593
206 594
206 595
206 596
206 597
206 599
206 600
206 601
206 602
206 605
206 607
206 608
206 609
206 610
206 614
206 616
206 617
206 619
206 621
206 622
206 623
206 624
206 625
206 626
206 628
206 633
206 634
206 636
206 637
206 642
206 644
206 645
206 647
206 648
206 649
206 650
206 652
206 655
206 656
206 657
206 660
206 663
206 668
206 669
206 670
206 672
206 677
206 680
206 681
206 683
206 687
206 691
206 692
206 696
206 697
206 698
206 699
206 701
206 702
206 703
206 705
206 708
206 711
206 712
206 715
206 718
206 720
206 721
206 726
206 728
206 729
206 732
206 733
206 734
206 737
206 738
206 739
206 741
206 742
206 745
206 747
206 751
206 753
206 754
206 755
206 757
206 758
206 763
206 764
206 765
206 766
206 767
206 771
206 772
206 774
206 777
206 778
206 779
206 784
206 787
206 788
206 791
206 794
206 795
206 796
206 798
206 800
207 402
207 409
207 415
207 418
207 419
207 420
207 423
207 424
207 427
207 430
207 431
207 432
207 433
207 435
207 437
207 438
207 439
207 440
207 442
207 443
207 446
207 447
207 449
207 452
207 453
207 457
207 458
207 459
207 461
207 462
207 463
207 465
207 467
207 473
207 475
207 476
207 477
207 478
207 480
207 481
207 483
207 484
207 485
207 486
207 488
207 489
207 491
207 492
207 493
207 496
207 498
207 502
207 505
207 507
207 514
207 515
207 518
207 519
207 520
207 521
207 522
207 524
207 528
207 529
207 530
207 531
207 538
207 539
207 540
207 541
207 542
207 543
207 544
207 545
207 548
207 549
207 551
207 555
207 558
207 561
207 562
207 563
207 566
207 567
207 568
207 574
207 575
207 578
207 581
207 582
207 584
207 585
207 590
207 591
207 596
207 598
207 599
207 600
207 602
207 603
207 604
207 606
207 607
207 609
207 610
207 611
207 612
207 613
207 617
207 621
207 622
207 623
207 624
207 625
207 627
207 629
207 632
207 636
207 637
207 639
207 640
207 642
207 644
207 646
207 648
207 649
207 650
207 655
207 660
207 661
207 663
207 664
207 671
207 674
207 677
207 678
207 679
207 680
207 682
207 683
207 685
207 689
207 690
207 691
207 694
207 695
207 696
207 699
207 700
207 702
207 703
207 705
207 706
207 708
207 709
207 710
207 711
207 715
207 717
207 719
207 720
207 721
207 723
207 724
207 726
207 729
207 730
207 731
207 734
207 735
207 738
207 744
207 745
207 749
207 754
207 756
207 758
207 765
207 770
207 776
207 777
207 778
207 779
207 781
207 782
207 784
207 785
207 787
207 788
207 791
207 793
207 798
207 799
208 401
208 402
208 403
208 404
208 408
208 409
208 410
208 412
208 415
208 418
208 420
208 422
208 423
208 424
208 428
208 431
208 436
208 438
208 444
208 446
208 448
208 449
208 451
208 452
208 455
208 456
208 458
208 461
208 462
208 463
208 465
208 466
208 467
208 468
208 469
208 471
208 479
208 480
208 481
208 485
208 487
208 488
208 489
208 490
208 491
208 492
208 493
208 494
208 496
208 502
208 506
208 508
208 511
208 513
208 516
208 517
208 519
208 525
208 526
208 527
208 528
208 533
208 534
208 536
208 537
208 540
208 541
208 542
208 545
208 547
208 549
208 551
208 552
208 553
208 556
208 557
208 560
208 561
208 564
208 566
208 568
208 569
208 572
208 574
208 575
208 576
208 577
208 580
208 581
208 583
208 585
208 586
208 587
208 588
208 590
208 591
208 594
208 595
208 598
208 599
208 601
208 602
208 603
208 605
208 606
208 608
208 610
208 611
208 612
208 613
208 614
208 615
208 619
208 620
208 621
208 623
208 624
208 626
208 628
208 631
208 633
208 635
208 636
208 637
208 638
208 640
208 642
208 643
208 644
208 645
208 649
208 651
208 652
208 654
208 655
208 656
208 659
208 660
208 661
208 662
208 664
208 665
208 669
208 670
208 672
208 675
208 676
208 677
208 678
208 679
208 680
208 683
208 684
208 686
208 687
208 689
208 690
208 696
208 698
208 699
208 701
208 703
208 704
208 705
208 707
208 711
208 715
208 717
208 719
208 721
208 725
208 726
208 728
208 729
208 730
208 731
208 732
208 733
208 735
208 739
208 741
208 742
208 744
208 751
208 755
208 756
208 758
208 760
208 761
208 764
208 765
208 768
208 769
208 770
208 772
208 775
208 777
208 781
208 784
208 785
208 786
208 787
208 789
208 793
208 794
208 796
208 799
209 401
209 402
209 403
209 406
209 408
209 410
209 412
209 413
209 417
209 418
209 419
209 420
209 422
209 423
209 430
209 432
209 436
209 437
209 438
209 440
209 442
209 443
209 444
209 445
209 447
209 452
209 453
209 455
209 456
209 457
209 459
209 460
209 462
209 463
209 465
209 467
209 468
209 475
209 478
209 480
209 481
209 488
209 489
209 490
209 491
209 494
209 495
209 497
209 501
209 502
209 503
209 504
209 506
209 507
209 508
209 509
209 512
209 514
209 515
209 517
209 518
209 523
209 524
209 525
209 527
209 529
209 530
209 534
209 536
209 539
209 540
209 541
209 543
209 544
209 547
209 550
209 552
209 554
209 555
209 561
209 563
209 566
209 567
209 568
209 571
209 572
209 575
209 576
209 579
209 580
209 581
209 582
209 587
209 590
209 593
209 594
209 596
209 600
209 603
209 606
209 607
209 609
209 610
209 611
209 612
209 613
209 615
209 617
209 620
209 621
209 623
209 625
209 631
209 632
209 636
209 637
209 638
209 639
209 640
209 641
209 642
209 644
209 646
209 649
209 650
209 652
209 653
209 655
209 657
209 660
209 662
209 663
209 664
209 667
209 670
209 671
209 672
209 677
209 678
209 679
209 680
209 682
209 684
209 686
209 692
209 693
209 694
209 695
209 698
209 699
209 701
209 702
209 703
209 706
209 707
209 708
209 711
209 712
209 713
209 714
209 716
209 717
209 718
209 719
209 720
209 729
209 732
209 735
209 739
209 740
209 742
209 747
209 748
209 750
209 751
209 754
209 756
209 762
209 764
209 765
209 767
209 769
209 771
209 772
209 773
209 776
209 777
209 779
209 780
209 781
209 783
209 784
209 785
209 787
209 791
209 792
209 794
209 796
209 799
209 800
210 401
210 402
210 403
210 404
210 406
210 407
210 408
210 409
210 410
210 411
210 414
210 416
210 422
210 423
210 427
210 428
210 430
210 431
210 433
210 435
210 436
210 438
210 439
210 440
210 443
210 444
210 446
210 447
210 448
210 449
210 451
210 452
210 454
210 457
210 459
210 461
210 463
210 464
210 466
210 467
210 470
210 472
210 473
210 475
210 477
210 478
210 479
210 480
210 481
210 483
210 484
210 486
210 493
210 498
210 499
210 500
210 503
210 505
210 514
210 516
210 517
210 519
210 523
210 524
210 525
210 526
210 527
210 529
210 530
210 531
210 536
210 540
210 542
210 543
210 544
210 546
210 547
210 549
210 551
210 554
210 555
210 557
210 559
210 560
210 561
210 564
210 567
210 568
210 569
210 570
210 577
210 578
210 579
210 581
210 583
210 584
210 587
210 590
210 592
210 594
210 597
210 598
210 606
210 608
210 609
210 611
210 612
210 615
210 618
210 619
210 622
210 623
210 624
210 625
210 627
210 629
210 630
210 631
210 632
210 633
210 636
210 638
210 641
210 644
210 648
210 650
210 652
210 653
210 657
210 658
210 659
210 664
210 665
210 666
210 667
210 668
210 669
210 672
210 673
210 676
210 678
210 679
210 681
210 682
210 683
210 691
210 695
210 696
210 699
210 702
210 703
210 707
210 708
210 709
210 710
210 711
210 712
210 715
210 716
210 718
210 719
210 721
210 725
210 726
210 728
210 730
210 731
210 733
210 736
210 737
210 739
210 740
210 741
210 742
210 745
210 746
210 747
210 748
210 751
210 752
210 753
210 754
210 755
210 756
210 760
210 762
210 763
210 765
210 766
210 769
210 770
210 771
210 773
210 776
210 779
210 781
210 782
210 786
210 792
210 794
210 796
210 798
210 799
211 404
211 407
211 410
211 411
211 412
211 413
211 414
211 416
211 418
211 421
211 423
211 424
211 427
211 428
211 430
211 433
211 435
211 436
211 437
211 446
211 448
211 450
211 453
211 455
211 457
211 458
211 462
211 463
211 467
211 470
211 474
211 475
211 478
211 479
211 480
211 481
211 484
211 489
211 491
211 492
211 494
211 497
211 499
211 500
211 502
211 503
211 505
211 506
211 509
211 511
211 512
211 513
211 515
211 517
211 519
211 523
211 524
211 526
211 528
211 532
211 534
211 540
211 542
211 543
211 544
211 545
211 549
211 550
211 553
211 555
211 557
211 559
211 562
211 563
211 564
211 565
211 566
211 569
211 570
211 571
211 572
211 575
211 576
211 579
211 581
211 582
211 583
211 585
211 586
211 589
211 593
211 594
211 597
211 598
211 599
211 600
211 603
211 605
211 608
211 609
211 610
211 613
211 617
211 620
211 623
211 625
211 628
211 634
211 636
211 637
211 638
211 639
211 643
211 645
211 648
211 650
211 655
211 656
211 659
211 660
211 663
211 664
211 667
211 676
211 678
211 679
211 684
211 687
211 688
211 693
211 698
211 699
211 700
211 701
211 707
211 711
211 712
211 715
211 717
211 719
211 721
211 723
211 724
211 725
211 727
211 729
211 731
211 733
211 734
211 736
211 740
211 741
211 744
211 746
211 747
211 749
211 752
211 753
211 755
211 756
211 757
211 761
211 764
211 765
211 767
211 768
211 769
211 771
211 772
211 777
211 779
211 781
211 782
211 788
211 792
211 797
211 799
212 403
212 404
212 405
212 406
212 407
212 411
212 414
212 417
212 418
212 421
212 423
212 428
212 439
212 440
212 443
212 444
212 447
212 448
212 449
212 454
212 456
212 457
212 459
212 460
212 461
212 462
212 464
212 467
212 468
212 469
212 470
212 472
212 473
212 475
212 477
212 480
212 481
212 486
212 488
212 490
212 492
212 493
212 495
212 500
212 502
212 505
212 506
212 507
212 509
212 510
212 512
212 513
212 514
212 515
212 516
212 518
212 521
212 524
212 528
212 530
212 532
212 533
212 539
212 541
212 545
212 547
212 549
212 550
212 551
212 552
212 554
212 555
212 556
212 557
212 558
212 559
212 560
212 562
212 563
212 565
212 570
212 571
212 573
212 574
212 577
212 578
212 579
212 580
212 582
212 585
212 586
212 587
212 590
212 591
212 592
212 595
212 597
212 599
212 600
212 601
212 602
212 603
212 605
212 606
212 607
212 609
212 611
212 612
212 617
212 624
212 625
212 626
212 629
212 630
212 633
212 634
212 635
212 636
212 637
212 641
212 645
212 647
212 648
212 652
212 653
212 655
212 661
212 663
212 665
212 666
212 670
212 671
212 673
212 675
212 677
212 678
212 683
212 684
212 686
212 689
212 690
212 693
212 694
212 695
212 697
212 698
212 700
212 701
212 705
212 706
212 708
212 709
212 711
212 713
212 714
212 716
212 717
212 718
212 719
212 720
212 723
212 725
212 728
212 730
212 732
212 733
212 736
212 738
212 740
212 741
212 742
212 746
212 749
212 753
212 754
212 755
212 756
212 761
212 762
212 763
212 764
212 766
212 767
212 769
212 770
212 773
212 775
212 776
212 779
212 780
212 781
212 782
212 783
212 786
212 787
212 788
212 789
212 790
212 794
212 796
212 797
212 798
212 799
213 401
213 406
213 407
213 409
213 411
213 412
213 417
213 422
213 423
213 425
213 427
213 431
213 433
213 436
213 437
213 438
213 439
213 440
213 441
213 443
213 446
213 447
213 452
213 453
213 455
213 459
213 460
213 465
213 467
213 469
213 471
213 473
213 475
213 476
213 480
213 482
213 484
213 485
213 486
213 487
213 489
213 490
213 492
213 493
213 496
213 497
213 502
213 503
213 504
213 508
213 510
213 511
213 513
213 515
213 517
213 521
213 524
213 526
213 529
213 537
213 539
213 540
213 541
213 544
213 545
213 546
213 547
213 548
213 551
213 552
213 554
213 556
213 557
213 558
213 561
213 563
213 564
213 566
213 569
213 570
213 572
213 575
213 576
213 577
213 578
213 581
213 588
213 589
213 593
213 595
213 596
213 599
213 600
213 601
213 602
213 603
213 606
213 610
213 611
213 613
213 614
213 615
213 617
213 623
213 624
213 625
213 628
213 629
213 633
213 634
213 635
213 637
213 638
213 640
213 641
213 644
213 645
213 646
213 651
213 652
213 659
213 660
213 662
213 668
213 669
213 673
213 674
213 676
213 677
213 680
213 682
213 689
213 690
213 692
213 694
213 696
213 697
213 698
213 699
213 700
213 701
213 702
213 703
213 706
213 712
213 716
213 717
213 718
213 726
213 728
213 731
213 732
213 734
213 736
213 737
213 744
213 745
213 746
213 751
213 754
213 755
213 757
213 759
213 760
213 764
213 765
213 767
213 769
213 770
213 771
213 773
213 775
213 776
213 777
213 778
213 781
213 782
213 785
213 787
213 790
213 792
213 795
213 798
213 799
214 404
214 405
214 411
214 415
214 418
214 419
214 421
214 422
214 424
214 426
214 428
214 429
214 430
214 431
214 433
214 436
214 438
214 440
214 444
214 449
214 450
214 451
214 452
214 453
214 454
214 456
214 457
214 464
214 465
214 466
214 467
214 468
214 469
214 470
214 471
214 472
214 473
214 478
214 481
214 482
214 483
214 485
214 486
214 489
214 490
214 494
214 499
214 501
214 503
214 504
214 508
214 511
214 517
214 519
214 520
214 522
214 524
214 526
214 527
214 528
214 531
214 534
214 535
214 538
214 540
214 542
214 544
214 547
214 548
214 549
214 552
214 553
214 554
214 556
214 558
214 559
214 560
214 562
214 563
214 564
214 567
214 568
214 570
214 573
214 574
214 576
214 577
214 578
214 583
214 586
214 587
214 588
214 589
214 590
214 593
214 595
214 597
214 600
214 601
214 602
214 603
214 607
214 608
214 611
214 613
214 616
214 618
214 619
214 621
214 623
214 627
214 630
214 632
214 641
214 643
214 645
214 646
214 647
214 649
214 650
214 651
214 653
214 655
214 657
214 661
214 663
214 664
214 668
214 670
214 673
214 674
214 675
214 678
214 679
214 681
214 684
214 686
214 687
214 688
214 690
214 692
214 694
214 695
214 696
214 698
214 700
214 703
214 704
214 705
214 706
214 712
214 713
214 714
214 715
214 716
214 718
214 719
214 722
214 723
214 729
214 731
214 732
214 734
214 736
214 739
214 742
214 744
214 745
214 746
214 749
214 754
214 757
214 758
214 759
214 760
214 761
214 763
214 765
214 766
214 767
214 768
214 770
214 771
214 773
214 774
214 775
214 777
214 780
214 781
214 783
214 784
214 787
214 788
214 789
214 791
214 792
214 795
214 796
214 797
215 401
215 402
215 403
215 404
215 406
215 407
215 408
215 409
215 410
215 418
215 420
215 421
215 423
215 424
215 425
215 426
215 428
215 431
215 432
215 433
215 435
215 440
215 442
215 444
215 449
215 450
215 451
215 452
215 457
215 458
215 460
215 463
215 465
215 466
215 467
215 469
215 470
215 472
215 475
215 477
215 478
215 479
215 480
215 484
215 486
215 488
215 489
215 497
215 499
215 501
215 502
215 503
215 507
215 509
215 512
215 514
215 516
215 522
215 524
215 526
215 527
215 528
215 529
215 530
215 532
215 535
215 536
215 537
215 538
215 539
215 541
215 542
215 546
215 549
215 550
215 551
215 552
215 554
215 556
215 557
215 561
215 564
215 565
215 566
215 567
215 568
215 570
215 571
215 572
215 575
215 576
215 578
215 580
215 585
215 586
215 587
215 592
215 593
215 596
215 597
215 602
215 604
215 605
215 607
215 608
215 609
215 611
215 612
215 613
215 615
215 617
215 618
215 621
215 624
215 625
215 627
215 632
215 634
215 638
215 642
215 643
215 644
215 646
215 648
215 649
215 655
215 656
215 657
215 658
215 664
215 665
215 668
215 672
215 673
215 675
215 678
215 680
215 684
215 685
215 686
215 692
215 699
215 701
215 702
215 704
215 705
215 706
215 707
215 708
215 709
215 710
215 711
215 712
215 713
215 716
215 718
215 722
215 724
215 725
215 727
215 731
215 732
215 738
215 739
215 742
215 743
215 746
215 747
215 748
215 749
215 750
215 752
215 753
215 754
215 755
215 759
215 762
215 763
215 765
215 767
215 768
215 769
215 770
215 772
215 774
215 778
215 779
215 780
215 783
215 787
215 788
215 789
215 790
215 791
215 792
215 795
215 796
215 800
216 401
216 410
216 411
216 412
216 413
216 415
216 416
216 420
216 421
216 424
216 426
216 428
216 429
216 431
216 432
216 433
216 436
216 437
216 438
216 439
216 441
216 444
216 445
216 450
216 452
216 454
216 456
216 457
216 459
216 460
216 461
216 464
216 465
216 466
216 469
216 472
216 474
216 477
216 478
216 479
216 480
216 482
216 483
216 484
216 487
216 488
216 490
216 492
216 494
216 495
216 497
216 500
216 503
216 504
216 507
216 509
216 513
216 522
216 525
216 528
216 529
216 531
216 532
216 535
216 537
216 538
216 539
216 540
216 542
216 543
216 547
216 548
216 550
216 551
216 552
216 554
216 555
216 557
216 560
216 565
216 566
216 567
216 570
216 571
216 572
216 575
216 577
216 579
216 583
216 587
216 588
216 590
216 593
216 594
216 595
216 597
216 598
216 600
216 601
216 606
216 607
216 609
216 610
216 611
216 613
216 615
216 619
216 623
216 627
216 628
216 629
216 631
216 632
216 633
216 635
216 637
216 639
216 640
216 642
216 644
216 648
216 649
216 650
216 652
216 653
216 654
216 656
216 658
216 659
216 663
216 664
216 666
216 669
216 670
216 672
216 673
216 674
216 676
216 678
216 681
216 683
216 685
216 686
216 689
216 690
216 691
216 701
216 706
216 708
216 709
216 710
216 712
216 714
216 718
216 719
216 720
216 721
216 728
216 730
216 731
216 732
216 734
216 735
216 736
216 737
216 738
216 740
216 743
216 745
216 746
216 748
216 750
216 751
216 754
216 755
216 757
216 762
216 765
216 768
216 770
216 771
216 776
216 777
216 781
216 784
216 785
216 786
216 788
216 789
216 790
216 791
216 793
216 794
216 796
216 800
217 401
217 402
217 405
217 406
217 409
217 413
217 415
217 416
217 418
217 419
217 421
217 424
217 425
217 426
217 428
217 432
217 433
217 434
217 435
217 441
217 445
217 447
217 448
217 453
217 456
217 458
217 459
217 460
217 463
217 464
217 465
217 467
217 468
217 469
217 470
217 472
217 473
217 474
217 477
217 480
217 481
217 484
217 485
217 488
217 489
217 490
217 493
217 495
217 498
217 500
217 501
217 502
217 505
217 521
217 522
217 523
217 527
217 528
217 530
217 532
217 533
217 534
217 535
217 539
217 540
217 541
217 542
217 544
217 546
217 548
217 549
217 550
217 558
217 562
217 564
217 566
217 567
217 568
217 570
217 572
217 573
217 574
217 577
217 579
217 585
217 586
217 587
217 589
217 590
217 591
217 593
217 596
217 597
217 599
217 601
217 602
217 603
217 604
217 605
217 608
217 609
217 612
217 615
217 620
217 624
217 626
217 630
217 631
217 632
217 633
217 634
217 636
217 640
217 641
217 643
217 645
217 646
217 647
217 650
217 651
217 655
217 657
217 659
217 660
217 661
217 663
217 664
217 665
217 666
217 667
217 670
217 673
217 674
217 675
217 677
217 679
217 682
217 684
217 685
217 691
217 693
217 695
217 696
217 697
217 698
217 706
217 709
217 710
217 711
217 712
217 713
217 717
217 720
217 723
217 726
217 729
217 730
217 731
217 732
217 736
217 738
217 739
217 742
217 743
217 745
217 746
217 747
217 748
217 749
217 750
217 751
217 753
217 754
217 755
217 757
217 758
217 759
217 761
217 762
217 764
217 767
217 769
217 773
217 774
217 775
217 780
217 781
217 783
217 786
217 787
217 788
217 789
217 792
217 794
217 796
217 798
217 800
218 402
218 403
218 404
218 406
218 409
218 410
218 411
218 412
218 414
218 415
218 417
218 419
218 421
218 422
218 426
218 427
218 428
218 430
218 431
218 434
218 436
218 437
218 440
218 441
218 444
218 446
218 450
218 453
218 454
218 458
218 461
218 462
218 463
218 465
218 467
218 472
218 473
218 474
218 477
218 480
218 482
218 483
218 484
218 487
218 489
218 490
218 493
218 494
218 495
218 497
218 498
218 501
218 503
218 504
218 505
218 509
218 510
218 511
218 513
218 517
218 518
218 520
218 521
218 522
218 523
218 524
218 525
218 526
218 529
218 530
218 532
218 533
218 537
218 539
218 540
218 542
218 548
218 549
218 550
218 551
218 552
218 553
218 554
218 556
218 558
218 561
218 562
218 563
218 564
218 570
218 572
218 573
218 574
218 577
218 580
218 581
218 587
218 589
218 590
218 591
218 593
218 594
218 596
218 597
218 598
218 599
218 600
218 606
218 607
218 609
218 619
218 621
218 622
218 624
218 628
218 629
218 630
218 633
218 636
218 639
218 640
218 641
218 644
218 645
218 646
218 647
218 648
218 650
218 651
218 654
218 657
218 661
218 664
218 666
218 668
218 670
218 671
218 672
218 674
218 675
218 678
218 679
218 681
218 682
218 684
218 687
218 691
218 692
218 693
218 694
218 695
218 696
218 697
218 698
218 699
218 702
218 709
218 710
218 711
218 715
218 717
218 718
218 720
218 721
218 722
218 723
218 724
218 725
218 726
218 728
218 729
218 731
218 735
218 739
218 742
218 743
218 744
218 745
218 747
218 748
218 749
218 751
218 752
218 754
218 755
218 756
218 757
218 761
218 763
218 765
218 766
218 767
218 769
218 770
218 771
218 773
218 774
218 775
218 780
218 781
218 782
218 785
218 786
218 789
218 794
218 796
218 798
218 799
219 402
219 403
219 404
219 405
219 407
219 414
219 415
219 417
219 422
219 428
219 429
219 430
219 433
219 438
219 439
219 441
219 442
219 447
219 451
219 453
219 454
219 455
219 458
219 459
219 463
219 467
219 475
219 476
219 478
219 480
219 482
219 485
219 488
219 489
219 493
219 495
219 498
219 499
219 503
219 505
219 506
219 508
219 510
219 512
219 513
219 517
219 518
219 520
219 523
219 525
219 530
219 531
219 532
219 533
219 534
219 535
219 536
219 538
219 539
219 541
219 542
219 543
219 545
219 547
219 548
219 550
219 552
219 553
219 554
219 559
219 560
219 562
219 565
219 569
219 571
219 574
219 575
219 576
219 577
219 582
219 583
219 584
219 587
219 589
219 590
219 593
219 595
219 596
219 597
219 601
219 603
219 605
219 612
219 613
219 614
219 616
219 617
219 618
219 620
219 626
219 631
219 632
219 634
219 636
219 639
219 640
219 642
219 643
219 645
219 648
219 651
219 656
219 657
219 658
219 659
219 662
219 663
219 667
219 668
219 669
219 670
219 671
219 672
219 673
219 675
219 677
219 681
219 682
219 686
219 689
219 691
219 693
219 694
219 697
219 705
219 708
219 710
219 717
219 718
219 719
219 723
219 725
219 726
219 727
219 728
219 732
219 733
219 734
219 735
219 736
219 737
219 740
219 742
219 744
219 745
219 747
219 748
219 749
219 751
219 752
219 753
219 754
219 755
219 758
219 760
219 762
219 764
219 766
219 767
219 772
219 775
219 776
219 777
219 778
219 780
219 781
219 782
219 783
219 784
219 785
219 788
219 791
219 795
219 798
220 402
220 404
220 405
220 406
220 408
220 412
220 415
220 417
220 420
220 423
220 424
220 425
220 426
220 427
220 431
220 432
220 434
220 435
220 439
220 441
220 443
220 444
220 447
220 448
220 451
220 452
220 454
220 460
220 461
220 462
220 464
220 465
220 466
220 467
220 469
220 470
220 473
220 475
220 480
220 481
220 482
220 487
220 488
220 497
220 498
220 500
220 503
220 504
220 506
220 507
220 511
220 512
220 514
220 520
220 521
220 525
220 526
220 527
220 528
220 532
220 533
220 534
220 536
220 539
220 541
220 542
220 544
220 545
220 547
220 550
220 551
220 552
220 553
220 555
220 562
220 568
220 569
220 571
220 572
220 574
220 575
220 580
220 581
220 582
220 583
220 584
220 585
220 586
220 590
220 596
220 597
220 598
220 599
220 600
220 603
220 607
220 609
220 610
220 611
220 612
220 615
220 619
220 620
220 623
220 625
220 627
220 633
220 635
220 636
220 640
220 643
220 646
220 648
220 649
220 651
220 652
220 653
220 656
220 657
220 658
220 659
220 660
220 663
220 664
220 665
220 666
220 667
220 669
220 670
220 672
220 673
220 677
220 680
220 683
220 684
220 688
220 693
220 699
220 701
220 703
220 705
220 706
220 707
220 710
220 711
220 713
220 715
220 724
220 726
220 727
220 729
220 730
220 732
220 734
220 735
220 737
220 739
220 741
220 743
220 744
220 746
220 747
220 750
220 752
220 753
220 754
220 756
220 759
220 762
220 766
220 768
220 769
220 772
220 773
220 774
220 775
220 776
220 778
220 780
220 781
220 782
220 783
220 784
220 785
220 787
220 788
220 791
220 794
220 795
220 796
220 797
221 403
221 405
221 406
221 411
221 416
221 418
221 421
221 424
221 425
221 426
221 427
221 429
221 432
221 436
221 438
221 447
221 448
221 449
221 450
221 451
221 452
221 454
221 456
221 460
221 462
221 467
221 468
221 471
221 473
221 475
221 477
221 479
221 481
221 482
221 483
221 485
221 487
221 489
221 490
221 493
221 496
221 498
221 500
221 502
221 503
221 505
221 507
221 511
221 512
221 514
221 515
221 517
221 521
221 522
221 527
221 528
221 532
221 537
221 539
221 544
221 545
221 546
221 548
221 551
221 552
221 555
221 557
221 558
221 559
221 563
221 564
221 566
221 569
221 570
221 571
221 572
221 574
221 575
221 576
221 577
221 579
221 580
221 581
221 582
221 583
221 585
221 588
221 589
221 590
221 592
221 593
221 594
221 597
221 599
221 600
221 602
221 604
221 607
221 609
221 611
221 613
221 616
221 618
221 619
221 621
221 624
221 629
221 630
221 631
221 633
221 634
221 637
221 638
221 640
221 643
221 646
221 648
221 649
221 650
221 653
221 654
221 655
221 656
221 657
221 658
221 661
221 662
221 664
221 665
221 666
221 670
221 671
221 672
221 673
221 674
221 678
221 679
221 682
221 683
221 685
221 688
221 689
221 690
221 691
221 692
221 693
221 694
221 695
221 696
221 697
221 698
221 701
221 702
221 703
221 705
221 706
221 708
221 709
221 713
221 715
221 717
221 718
221 719
221 720
221 723
221 725
221 727
221 728
221 729
221 730
221 737
221 738
221 742
221 743
221 746
221 747
221 748
221 749
221 750
221 752
221 755
221 756
221 758
221 760
221 761
221 764
221 771
221 772
221 774
221 777
221 778
221 779
221 780
221 782
221 783
221 785
221 786
221 788
221 790
221 791
221 794
221 797
222 401
222 402
222 414
222 415
222 418
222 420
222 421
222 422
222 424
222 426
222 427
222 429
222 430
222 433
222 434
222 435
222 438
222 439
222 440
222 444
222 451
222 452
222 453
222 454
222 455
222 456
222 459
222 460
222 461
222 463
222 465
222 468
222 469
222 473
222 480
222 483
222 484
222 485
222 487
222 490
222 493
222 495
222 499
222 500
222 501
222 502
222 503
222 504
222 505
222 506
222 511
222 512
222 516
222 517
222 519
222 521
222 523
222 525
222 526
222 527
222 534
222 538
222 539
222 540
222 541
222 543
222 544
222 547
222 549
222 550
222 551
222 552
222 554
222 555
222 556
222 557
222 559
222 560
222 564
222 565
222 568
222 569
222 570
222 572
222 573
222 575
222 581
222 582
222 585
222 587
222 589
222 590
222 594
222 595
222 597
222 598
222 599
222 600
222 605
222 609
222 610
222 612
222 613
222 614
222 617
222 618
222 620
222 621
222 623
222 624
222 625
222 627
222 631
222 632
222 635
222 638
222 639
222 640
222 641
222 643
222 647
222 648
222 654
222 655
222 656
222 658
222 659
222 662
222 663
222 665
222 666
222 668
222 669
222 671
222 672
222 673
222 675
222 681
222 685
222 686
222 688
222 689
222 691
222 693
222 694
222 695
222 696
222 703
222 705
222 706
222 707
222 713
222 715
222 717
222 719
222 721
222 723
222 724
222 727
222 728
222 732
222 733
222 735
222 736
222 739
222 740
222 742
222 744
222 745
222 747
222 749
222 750
222 751
222 752
222 753
222 754
222 755
222 759
222 760
222 761
222 763
222 765
222 766
222 768
222 769
222 770
222 775
222 776
222 781
222 782
222 784
222 785
222 787
222 788
222 789
222 792
222 793
222 795
222 799
222 800
223 401
223 402
223 403
223 406
223 408
223 410
223 411
223 414
223 418
223 419
223 420
223 424
223 425
223 426
223 427
223 428
223 430
223 431
223 433
223 434
223 435
223 437
223 438
223 440
223 442
223 444
223 446
223 447
223 448
223 450
223 451
223 452
223 453
223 455
223 458
223 459
223 460
223 462
223 464
223 466
223 467
223 468
223 470
223 471
223 474
223 476
223 482
223 484
223 491
223 492
223 493
223 494
223 495
223 496
223 497
223 498
223 499
223 500
223 502
223 503
223 504
223 507
223 508
223 509
223 510
223 515
223 516
223 517
223 518
223 519
223 523
223 524
223 529
223 530
223 532
223 535
223 536
223 539
223 541
223 542
223 544
223 546
223 548
223 550
223 551
223 552
223 553
223 556
223 560
223 561
223 563
223 578
223 583
223 584
223 585
223 588
223 591
223 592
223 595
223 598
223 600
223 602
223 603
223 610
223 612
223 615
223 616
223 617
223 625
223 626
223 627
223 631
223 632
223 633
223 634
223 635
223 639
223 642
223 644
223 646
223 647
223 648
223 649
223 650
223 662
223 664
223 665
223 666
223 667
223 670
223 671
223 673
223 675
223 676
223 677
223 678
223 679
223 681
223 682
223 683
223 685
223 686
223 688
223 689
223 691
223 692
223 694
223 698
223 700
223 706
223 707
223 708
223 710
223 711
223 714
223 715
223 717
223 719
223 720
223 721
223 723
223 724
223 728
223 731
223 732
223 734
223 735
223 736
223 738
223 739
223 740
223 746
223 749
223 750
223 753
223 757
223 762
223 764
223 766
223 776
223 777
223 778
223 781
223 783
223 784
223 785
223 786
223 787
223 788
223 789
223 790
223 798
223 799
223 800
224 401
224 402
224 407
224 412
224 413
224 415
224 416
224 418
224 422
224 423
224 424
224 425
224 427
224 429
224 430
224 431
224 432
224 433
224 439
224 440
224 444
224 446
224 447
224 448
224 450
224 452
224 453
224 454
224 456
224 458
224 459
224 461
224 462
224 463
224 464
224 465
224 468
224 469
224 470
224 472
224 473
224 474
224 479
224 480
224 482
224 487
224 493
224 494
224 495
224 504
224 505
224 508
224 510
224 512
224 514
224 515
224 516
224 517
224 520
224 521
224 522
224 525
224 530
224 531
224 532
224 533
224 534
224 536
224 541
224 542
224 543
224 544
224 546
224 547
224 550
224 551
224 552
224 555
224 556
224 558
224 559
224 560
224 562
224 565
224 567
224 569
224 570
224 571
224 573
224 575
224 576
224 577
224 578
224 580
224 581
224 583
224 586
224 592
224 595
224 596
224 603
224 606
224 610
224 612
224 614
224 616
224 617
224 618
224 619
224 620
224 622
224 623
224 624
224 625
224 627
224 631
224 632
224 633
224 635
224 637
224 640
224 642
224 643
224 645
224 646
224 648
224 651
224 653
224 655
224 661
224 662
224 664
224 665
224 667
224 668
224 669
224 671
224 672
224 673
224 675
224 677
224 679
224 682
224 683
224 684
224 685
224 686
224 687
224 688
224 692
224 695
224 707
224 708
224 709
224 711
224 712
224 713
224 715
224 716
224 720
224 721
224 726
224 727
224 731
224 732
224 735
224 741
224 743
224 745
224 746
224 747
224 752
224 754
224 755
224 756
224 758
224 759
224 761
224 762
224 764
224 765
224 768
224 769
224 771
224 773
224 774
224 775
224 777
224 778
224 779
224 780
224 781
224 782
224 783
224 785
224 786
224 787
224 788
224 791
224 792
224 793
224 797
224 798
224 800
225 403
225 404
225 405
225 408
225 410
225 411
225 412
225 413
225 415
225 418
225 419
225 420
225 421
225 422
225 425
225 426
225 427
225 432
225 435
225 438
225 439
225 441
225 443
225 444
225 447
225 448
225 449
225 450
225 452
225 453
225 455
225 458
225 461
225 466
225 467
225 468
225 470
225 471
225 472
225 473
225 474
225 475
225 477
225 478
225 479
225 481
225 483
225 486
225 490
225 492
225 494
225 497
225 500
225 501
225 505
225 507
225 508
225 513
225 516
225 517
225 519
225 521
225 523
225 524
225 531
225 533
225 538
225 543
225 549
225 550
225 551
225 552
225 553
225 555
225 559
225 560
225 562
225 565
225 567
225 570
225 571
225 574
225 576
225 579
225 585
225 586
225 587
225 590
225 592
225 593
225 594
225 595
225 596
225 599
225 602
225 604
225 606
225 607
225 608
225 610
225 611
225 612
225 614
225 616
225 618
225 619
225 622
225 624
225 627
225 628
225 629
225 632
225 633
225 634
225 635
225 636
225 637
225 642
225 645
225 648
225 649
225 650
225 653
225 658
225 662
225 664
225 666
225 667
225 669
225 673
225 677
225 685
225 686
225 689
225 693
225 694
225 696
225 697
225 699
225 704
225 709
225 710
225 711
225 712
225 714
225 715
225 717
225 720
225 722
225 724
225 725
225 727
225 728
225 729
225 730
225 731
225 733
225 735
225 738
225 744
225 745
225 747
225 748
225 749
225 750
225 752
225 754
225 755
225 756
225 758
225 760
225 762
225 765
225 767
225 769
225 770
225 771
225 774
225 776
225 777
225 779
225 782
225 783
225 793
225 798
225 799
225 800
226 402
226 404
226 406
226 407
226 408
226 411
226 413
226 415
226 416
226 419
226 420
226 421
226 422
226 424
226 426
226 431
226 434
226 436
226 437
226 438
226 439
226 440
226 444
226 445
226 447
226 448
226 449
226 452
226 453
226 454
226 455
226 456
226 459
226 461
226 462
226 463
226 464
226 465
226 466
226 467
226 468
226 469
226 470
226 472
226 475
226 479
226 480
226 481
226 483
226 484
226 488
226 489
226 490
226 492
226 497
226 498
226 502
226 504
226 506
226 508
226 512
226 513
226 515
226 517
226 518
226 520
226 521
226 525
226 526
226 530
226 533
226 534
226 535
226 536
226 538
226 540
226 541
226 545
226 554
226 555
226 561
226 562
226 563
226 564
226 565
226 566
226 568
226 572
226 577
226 578
226 579
226 581
226 583
226 584
226 585
226 590
226 591
226 594
226 595
226 597
226 601
226 602
226 603
226 606
226 609
226 611
226 613
226 614
226 615
226 616
226 619
226 626
226 629
226 631
226 632
226 636
226 637
226 643
226 646
226 647
226 648
226 649
226 651
226 655
226 656
226 658
226 662
226 666
226 667
226 668
226 670
226 676
226 678
226 681
226 683
226 684
226 686
226 690
226 692
226 695
226 698
226 701
226 703
226 704
226 705
226 708
226 709
226 710
226 712
226 714
226 716
226 717
226 720
226 721
226 726
226 727
226 729
226 732
226 733
226 734
226 735
226 736
226 737
226 738
226 740
226 741
226 743
226 745
226 747
226 749
226 750
226 752
226 753
226 759
226 760
226 762
226 765
226 768
226 772
226 773
226 777
226 778
226 780
226 787
226 788
226 789
226 790
226 791
226 793
226 795
226 796
226 797
226 799
226 800
227 401
227 407
227 408
227 409
227 410
227 413
227 415
227 419
227 421
227 423
227 424
227 425
227 427
227 428
227 429
227 431
227 433
227 434
227 435
227 436
227 441
227 443
227 445
227 447
227 450
227 452
227 453
227 456
227 457
227 458
227 459
227 461
227 462
227 463
227 466
227 467
227 471
227 473
227 474
227 476
227 477
227 478
227 480
227 481
227 483
227 484
227 487
227 490
227 491
227 493
227 497
227 498
227 500
227 501
227 502
227 503
227 504
227 509
227 513
227 515
227 516
227 517
227 518
227 521
227 524
227 525
227 527
227 528
227 531
227 533
227 534
227 536
227 537
227 539
227 540
227 541
227 542
227 543
227 544
227 545
227 546
227 548
227 549
227 552
227 553
227 554
227 556
227 557
227 558
227 560
227 563
227 565
227 568
227 569
227 570
227 571
227 572
227 574
227 575
227 577
227 578
227 582
227 586
227 593
227 599
227 606
227 608
227 610
227 613
227 614
227 620
227 621
227 624
227 625
227 626
227 627
227 628
227 632
227 634
227 642
227 646
227 648
227 653
227 654
227 656
227 662
227 669
227 673
227 675
227 679
227 680
227 681
227 688
227 690
227 691
227 692
227 694
227 697
227 698
227 699
227 701
227 702
227 705
227 706
227 710
227 711
227 712
227 715
227 717
227 718
227 719
227 722
227 723
227 724
227 726
227 727
227 729
227 733
227 734
227 736
227 737
227 739
227 741
227 745
227 747
227 749
227 750
227 751
227 752
227 753
227 754
227 755
227 756
227 758
227 759
227 760
227 762
227 770
227 772
227 773
227 777
227 779
227 780
227 785
227 786
227 787
227 788
227 790
227 793
227 797
227 800
228 401
228 406
228 409
228 410
228 413
228 416
228 419
228 420
228 421
228 423
228 424
228 426
228 427
228 428
228 429
228 430
228 431
228 433
228 434
228 435
228 437
228 438
228 439
228 441
228 442
228 443
228 444
228 445
228 447
228 448
228 450
228 452
228 453
228 454
228 455
228 456
228 457
228 459
228 460
228 462
228 468
228 469
228 473
228 474
228 475
228 477
228 481
228 485
228 486
228 490
228 493
228 495
228 498
228 499
228 500
228 501
228 505
228 506
228 507
228 512
228 513
228 516
228 517
228 519
228 520
228 521
228 529
228 531
228 533
228 534
228 535
228 538
228 539
228 542
228 543
228 544
228 545
228 547
228 549
228 550
228 553
228 558
228 559
228 560
228 561
228 563
228 564
228 565
228 566
228 569
228 570
228 571
228 572
228 575
228 576
228 578
228 579
228 580
228 581
228 583
228 584
228 585
228 586
228 587
228 588
228 589
228 590
228 591
228 594
228 596
228 597
228 599
228 602
228 603
228 604
228 606
228 608
228 610
228 611
228 612
228 614
228 615
228 619
228 620
228 621
228 622
228 623
228 624
228 626
228 627
228 628
228 629
228 630
228 631
228 632
228 633
228 634
228 635
228 636
228 638
228 640
228 646
228 648
228 651
228 654
228 657
228 658
228 659
228 660
228 662
228 663
228 664
228 667
228 669
228 670
228 671
228 672
228 673
228 674
228 675
228 676
228 678
228 679
228 680
228 681
228 682
228 683
228 686
228 688
228 690
228 694
228 696
228 697
228 698
228 699
228 700
228 701
228 705
228 706
228 708
228 712
228 714
228 715
228 717
228 718
228 719
228 721
228 725
228 728
228 729
228 732
228 734
228 737
228 738
228 741
228 745
228 746
228 748
228 749
228 750
228 755
228 756
228 760
228 761
228 764
228 765
228 769
228 771
228 772
228 774
228 776
228 778
228 779
228 780
228 782
228 785
228 787
228 789
228 790
228 792
228 795
228 796
228 797
229 401
229 402
229 403
229 406
229 408
229 410
229 411
229 414
229 415
229 416
229 417
229 418
229 419
229 420
229 426
229 427
229 429
229 431
229 433
229 434
229 437
229 442
229 444
229 445
229 446
229 448
229 450
229 453
229 454
229 458
229 459
229 460
229 461
229 471
229 472
229 474
229 478
229 482
229 483
229 484
229 485
229 486
229 492
229 494
229 495
229 497
229 499
229 501
229 504
229 508
229 509
229 511
229 512
229 514
229 515
229 517
229 520
229 521
229 522
229 523
229 524
229 526
229 528
229 529
229 530
229 532
229 534
229 535
229 540
229 541
229 545
229 546
229 547
229 548
229 549
229 550
229 551
229 555
229 558
229 560
229 561
229 567
229 569
229 570
229 571
229 572
229 574
229 577
229 581
229 584
229 585
229 587
229 588
229 589
229 590
229 591
229 596
229 597
229 602
229 603
229 604
229 606
229 607
229 609
229 610
229 611
229 612
229 613
229 615
229 617
229 620
229 621
229 623
229 624
229 626
229 630
229 633
229 635
229 636
229 640
229 642
229 644
229 645
229 646
229 647
229 649
229 651
229 655
229 656
229 658
229 662
229 663
229 664
229 666
229 667
229 668
229 669
229 670
229 673
229 674
229 677
229 678
229 680
229 682
229 685
229 687
229 688
229 689
229 691
229 692
229 701
229 703
229 706
229 709
229 714
229 715
229 718
229 721
229 724
229 725
229 727
229 731
229 735
229 736
229 737
229 740
229 741
229 742
229 743
229 745
229 747
229 749
229 750
229 751
229 753
229 754
229 755
229 758
229 760
229 762
229 770
229 771
229 772
229 773
229 775
229 776
229 778
229 781
229 784
229 786
229 791
229 794
229 797
229 798
230 402
230 403
230 404
230 405
230 408
230 410
230 413
230 416
230 419
230 420
230 421
230 422
230 423
230 424
230 425
230 426
230 427
230 428
230 429
230 434
230 435
230 438
230 439
230 440
230 442
230 443
230 444
230 446
230 448
230 449
230 454
230 458
230 462
230 463
230 464
230 466
230 468
230 469
230 472
230 473
230 475
230 477
230 479
230 483
230 485
230 488
230 491
230 492
230 494
230 497
230 498
230 499
230 500
230 502
230 510
230 511
230 513
230 514
230 515
230 517
230 518
230 519
230 520
230 521
230 522
230 523
230 524
230 525
230 528
230 530
230 532
230 533
230 534
230 535
230 538
230 539
230 540
230 543
230 545
230 548
230 549
230 550
230 551
230 554
230 557
230 558
230 559
230 560
230 562
230 563
230 564
230 566
230 569
230 570
230 571
230 572
230 574
230 575
230 576
230 577
230 578
230 581
230 583
230 584
230 585
230 587
230 588
230 591
230 595
230 600
230 603
230 605
230 607
230 611
230 612
230 615
230 617
230 618
230 619
230 620
230 622
230 623
230 626
230 627
230 628
230 631
230 636
230 641
230 642
230 644
230 646
230 647
230 648
230 649
230 651
230 654
230 655
230 656
230 664
230 665
230 666
230 667
230 668
230 671
230 674
230 678
230 679
230 680
230 684
230 685
230 686
230 687
230 691
230 692
230 696
230 699
230 700
230 704
230 705
230 707
230 708
230 709
230 711
230 714
230 717
230 718
230 719
230 721
230 722
230 723
230 724
230 725
230 729
230 732
230 734
230 737
230 739
230 740
230 741
230 745
230 746
230 747
230 749
230 750
230 751
230 752
230 753
230 754
230 756
230 759
230 761
230 763
230 771
230 773
230 776
230 778
230 779
230 782
230 783
230 785
230 786
230 787
230 788
230 789
230 790
230 791
230 792
230 796
230 798
230 799
230 800
231 401
231 404
231 405
231 407
231 409
231 410
231 414
231 415
231 416
231 417
231 418
231 421
231 423
231 424
231 428
231 430
231 433
231 434
231 437
231 438
231 440
231 446
231 448
231 454
231 455
231 457
231 458
231 459
231 462
231 464
231 467
231 468
231 469
231 470
231 471
231 474
231 475
231 476
231 478
231 482
231 485
231 487
231 488
231 490
231 494
231 495
231 498
231 502
231 503
231 506
231 509
231 510
231 511
231 516
231 518
231 519
231 521
231 523
231 524
231 525
231 526
231 529
231 530
231 532
231 541
231 542
231 543
231 544
231 545
231 549
231 550
231 551
231 553
231 554
231 558
231 565
231 570
231 572
231 574
231 577
231 579
231 581
231 582
231 583
231 584
231 587
231 589
231 590
231 591
231 593
231 594
231 596
231 598
231 602
231 605
231 606
231 608
231 614
231 615
231 616
231 620
231 621
231 622
231 623
231 624
231 626
231 629
231 631
231 632
231 633
231 635
231 637
231 641
231 643
231 645
231 646
231 648
231 650
231 652
231 653
231 654
231 660
231 661
231 662
231 663
231 664
231 665
231 666
231 667
231 670
231 671
231 672
231 674
231 676
231 677
231 681
231 683
231 686
231 687
231 688
231 689
231 690
231 691
231 693
231 694
231 702
231 705
231 708
231 710
231 712
231 714
231 715
231 716
231 718
231 721
231 722
231 723
231 725
231 726
231 728
231 730
231 731
231 735
231 736
231 738
231 739
231 741
231 745
231 746
231 750
231 752
231 756
231 760
231 763
231 764
231 765
231 766
231 767
231 770
231 771
231 778
231 779
231 780
231 782
231 786
231 790
231 791
231 792
231 793
231 795
231 796
231 800
232 404
232 406
232 411
232 413
232 414
232 415
232 416
232 417
232 418
232 421
232 424
232 426
232 432
232 434
232 435
232 439
232 441
232 444
232 446
232 447
232 448
232 449
232 452
232 453
232 455
232 456
232 457
232 458
232 460
232 465
232 466
232 467
232 468
232 470
232 473
232 474
232 476
232 477
232 483
232 484
232 485
232 487
232 491
232 493
232 494
232 496
232 498
232 500
232 503
232 504
232 505
232 507
232 510
232 511
232 514
232 516
232 517
232 518
232 519
232 522
232 523
232 525
232 526
232 528
232 529
232 530
232 531
232 532
232 535
232 536
232 537
232 544
232 545
232 547
232 548
232 549
232 551
232 552
232 556
232 557
232 559
232 561
232 563
232 565
232 566
232 567
232 571
232 572
232 574
232 578
232 580
232 587
232 593
232 598
232 599
232 603
232 604
232 606
232 607
232 608
232 610
232 615
232 617
232 619
232 620
232 621
232 622
232 623
232 626
232 627
232 630
232 631
232 632
232 633
232 634
232 636
232 637
232 638
232 639
232 640
232 641
232 644
232 645
232 649
232 650
232 651
232 656
232 657
232 658
232 659
232 660
232 661
232 662
232 664
232 667
232 670
232 672
232 673
232 675
232 676
232 678
232 679
232 684
232 689
232 691
232 692
232 694
232 696
232 700
232 701
232 704
232 706
232 708
232 710
232 714
232 715
232 716
232 720
232 721
232 722
232 723
232 724
232 728
232 732
232 736
232 737
232 738
232 739
232 741
232 742
232 745
232 747
232 748
232 750
232 752
232 753
232 757
232 758
232 760
232 761
232 762
232 763
232 765
232 766
232 767
232 768
232 769
232 770
232 771
232 774
232 776
232 778
232 780
232 782
232 783
232 785
232 786
232 788
232 789
232 790
232 791
232 792
232 794
232 800
233 401
233 403
233 405
233 406
233 407
233 408
233 409
233 414
233 416
233 417
233 420
233 421
233 424
233 426
233 427
233 428
233 430
233 432
233 438
233 439
233 443
233 444
233 452
233 453
233 454
233 455
233 456
233 463
233 470
233 471
233 472
233 473
233 475
233 476
233 477
233 485
233 486
233 488
233 489
233 491
233 493
233 496
233 503
233 506
233 507
233 508
233 510
233 513
233 516
233 517
233 518
233 520
233 524
233 526
233 527
233 528
233 532
233 534
233 540
233 541
233 542
233 543
233 544
233 545
233 546
233 549
233 550
233 551
233 552
233 555
233 556
233 558
233 559
233 561
233 563
233 566
233 567
233 570
233 571
233 572
233 573
233 574
233 575
233 578
233 579
233 580
233 581
233 582
233 587
233 589
233 591
233 592
233 596
233 597
233 601
233 604
233 608
233 609
233 610
233 611
233 612
233 613
233 614
233 615
233 617
233 620
233 621
233 627
233 629
233 632
233 635
233 639
233 640
233 643
233 645
233 646
233 647
233 648
233 651
233 652
233 653
233 655
233 658
233 659
233 660
233 661
233 662
233 664
233 665
233 666
233 667
233 668
233 669
233 671
233 672
233 674
233 675
233 676
233 677
233 678
233 682
233 683
233 686
233 687
233 690
233 692
233 693
233 695
233 696
233 698
233 699
233 701
233 702
233 704
233 705
233 706
233 707
233 709
233 710
233 714
233 716
233 717
233 718
233 719
233 720
233 721
233 722
233 723
233 724
233 725
233 726
233 728
233 729
233 730
233 731
233 733
233 734
233 737
233 739
233 740
233 742
233 744
233 745
233 748
233 749
233 750
233 751
233 753
233 754
233 755
233 759
233 762
233 765
233 766
233 767
233 768
233 769
233 770
233 772
233 773
233 775
233 776
233 777
233 778
233 780
233 781
233 782
233 784
233 786
233 787
233 792
233 793
233 795
233 796
234 402
234 403
234 405
234 406
234 407
234 409
234 410
234 411
234 412
234 413
234 414
234 418
234 420
234 431
234 434
234 436
234 437
234 438
234 441
234 442
234 445
234 448
234 449
234 450
234 451
234 452
234 453
234 454
234 455
234 461
234 463
234 466
234 467
234 468
234 471
234 472
234 475
234 476
234 478
234 479
234 480
234 481
234 482
234 483
234 485
234 486
234 491
234 492
234 493
234 494
234 496
234 497
234 498
234 501
234 505
234 508
234 509
234 510
234 511
234 513
234 514
234 515
234 519
234 520
234 524
234 526
234 527
234 528
234 529
234 533
234 535
234 536
234 537
234 542
234 543
234 544
234 548
234 549
234 552
234 553
234 555
234 556
234 558
234 560
234 561
234 562
234 563
234 564
234 565
234 569
234 577
234 581
234 584
234 586
234 587
234 588
234 591
234 595
234 596
234 597
234 602
234 603
234 604
234 608
234 609
234 612
234 613
234 615
234 616
234 617
234 618
234 621
234 622
234 623
234 626
234 628
234 629
234 633
234 635
234 636
234 640
234 641
234 644
234 646
234 649
234 651
234 654
234 660
234 662
234 663
234 664
234 665
234 666
234 667
234 668
234 671
234 672
234 674
234 676
234 682
234 683
234 684
234 686
234 687
234 690
234 691
234 693
234 695
234 696
234 698
234 700
234 701
234 709
234 711
234 716
234 717
234 718
234 719
234 722
234 723
234 724
234 726
234 727
234 728
234 731
234 739
234 742
234 744
234 746
234 750
234 751
234 755
234 761
234 763
234 764
234 766
234 767
234 768
234 769
234 770
234 774
234 775
234 785
234 786
234 789
234 791
234 794
234 797
234 800
235 402
235 403
235 405
235 407
235 408
235 409
235 415
235 416
235 418
235 419
235 420
235 422
235 424
235 426
235 427
235 429
235 430
235 431
235 432
235 434
235 435
235 436
235 437
235 439
235 441
235 442
235 443
235 445
235 447
235 451
235 456
235 457
235 459
235 460
235 461
235 462
235 464
235 466
235 468
235 470
235 471
235 474
235 477
235 478
235 479
235 483
235 485
235 491
235 492
235 494
235 496
235 498
235 499
235 501
235 503
235 504
235 506
235 509
235 511
235 516
235 520
235 522
235 523
235 525
235 530
235 531
235 532
235 533
235 534
235 535
235 536
235 540
235 541
235 545
235 547
235 550
235 551
235 552
235 553
235 554
235 555
235 558
235 560
235 561
235 567
235 571
235 573
235 579
235 581
235 582
235 583
235 584
235 586
235 587
235 588
235 590
235 592
235 595
235 597
235 598
235 608
235 609
235 615
235 617
235 618
235 620
235 622
235 624
235 626
235 631
235 633
235 634
235 635
235 638
235 639
235 641
235 643
235 645
235 646
235 648
235 651
235 653
235 657
235 658
235 659
235 660
235 661
235 664
235 665
235 666
235 670
235 671
235 673
235 675
235 676
235 677
235 679
235 680
235 681
235 682
235 684
235 686
235 687
235 688
235 693
235 695
235 696
235 697
235 698
235 701
235 705
235 708
235 715
235 716
235 717
235 719
235 722
235 723
235 727
235 728
235 730
235 731
235 732
235 734
235 735
235 736
235 737
235 740
235 745
235 746
235 747
235 749
235 750
235 751
235 754
235 755
235 756
235 757
235 761
235 764
235 766
235 768
235 769
235 774
235 775
235 776
235 779
235 780
235 782
235 783
235 787
235 792
235 793
235 795
235 798
235 800
236 401
236 403
236 405
236 406
236 408
236 411
236 415
236 416
236 419
236 420
236 421
236 422
236 424
236 425
236 427
236 428
236 433
236 436
236 437
236 438
236 440
236 441
236 442
236 447
236 448
236 451
236 452
236 453
236 454
236 456
236 458
236 460
236 464
236 465
236 467
236 469
236 470
236 471
236 472
236 474
236 479
236 481
236 482
236 484
236 485
236 487
236 489
236 492
236 494
236 496
236 497
236 499
236 501
236 503
236 504
236 506
236 507
236 508
236 510
236 512
236 514
236 515
236 516
236 517
236 518
236 519
236 521
236 524
236 525
236 529
236 533
236 535
236 536
236 537
236 541
236 543
236 544
236 546
236 547
236 552
236 554
236 555
236 563
236 564
236 565
236 566
236 568
236 572
236 573
236 574
236 578
236 579
236 580
236 581
236 582
236 583
236 587
236 588
236 589
236 591
236 592
236 593
236 594
236 598
236 600
236 604
236 605
236 607
236 609
236 610
236 611
236 612
236 613
236 617
236 618
236 621
236 623
236 624
236 626
236 627
236 628
236 629
236 630
236 632
236 633
236 635
236 636
236 639
236 640
236 641
236 643
236 644
236 647
236 649
236 652
236 653
236 658
236 660
236 661
236 662
236 664
236 665
236 670
236 672
236 674
236 676
236 680
236 681
236 682
236 684
236 687
236 688
236 690
236 691
236 694
236 696
236 700
236 701
236 706
236 707
236 708
236 711
236 715
236 716
236 717
236 720
236 723
236 724
236 726
236 728
236 729
236 732
236 733
236 734
236 735
236 742
236 745
236 747
236 750
236 755
236 759
236 761
236 765
236 768
236 769
236 770
236 772
236 774
236 777
236 778
236 779
236 781
236 782
236 785
236 786
236 789
236 790
236 791
236 792
236 795
236 797
236 798
237 401
237 405
237 409
237 412
237 415
237 416
237 420
237 421
237 422
237 423
237 429
237 433
237 440
237 444
237 446
237 447
237 448
237 449
237 450
237 452
237 453
237 454
237 456
237 459
237 461
237 462
237 463
237 465
237 468
237 469
237 471
237 472
237 473
237 474
237 475
237 476
237 477
237 483
237 485
237 486
237 487
237 489
237 494
237 495
237 497
237 498
237 499
237 501
237 503
237 507
237 509
237 510
237 512
237 513
237 515
237 518
237 519
237 521
237 524
237 526
237 527
237 531
237 532
237 534
237 535
237 536
237 538
237 539
237 540
237 542
237 552
237 553
237 555
237 557
237 558
237 559
237 561
237 562
237 567
237 570
237 571
237 573
237 579
237 581
237 582
237 583
237 584
237 586
237 587
237 588
237 589
237 590
237 592
237 593
237 596
237 598
237 600
237 602
237 603
237 604
237 605
237 606
237 607
237 608
237 614
237 615
237 617
237 620
237 621
237 622
237 623
237 625
237 626
237 627
237 629
237 634
237 637
237 638
237 639
237 640
237 641
237 643
237 645
237 648
237 649
237 650
237 651
237 654
237 656
237 657
237 658
237 660
237 662
237 663
237 665
237 666
237 667
237 668
237 670
237 671
237 672
237 675
237 677
237 678
237 681
237 682
237 686
237 690
237 691
237 692
237 695
237 696
237 697
237 698
237 702
237 709
237 712
237 713
237 716
237 718
237 719
237 726
237 727
237 732
237 737
237 742
237 743
237 747
237 748
237 749
237 751
237 752
237 753
237 754
237 757
237 758
237 759
237 764
237 765
237 769
237 770
237 771
237 776
237 777
237 778
237 781
237 782
237 783
237 786
237 787
237 790
237 793
237 797
237 798
237 800
238 403
238 405
238 408
238 410
238 411
238 413
238 416
238 425
238 427
238 429
238 430
238 431
238 435
238 436
238 437
238 440
238 445
238 447
238 448
238 452
238 453
238 454
238 455
238 457
238 458
238 460
238 464
238 467
238 470
238 471
238 472
238 475
238 478
238 479
238 481
238 483
238 484
238 486
238 489
238 493
238 495
238 497
238 499
238 501
238 502
238 505
238 506
238 507
238 508
238 510
238 512
238 513
238 515
238 516
238 519
238 523
238 524
238 526
238 528
238 533
238 534
238 535
238 536
238 538
238 542
238 544
238 548
238 549
238 551
238 552
238 553
238 558
238 559
238 561
238 564
238 566
238 567
238 568
238 573
238 575
238 576
238 578
238 579
238 582
238 586
238 588
238 591
238 596
238 597
238 598
238 600
238 601
238 602
238 604
238 608
238 610
238 615
238 617
238 618
238 621
238 622
238 623
238 626
238 627
238 628
238 634
238 635
238 636
238 639
238 640
238 642
238 645
238 646
238 648
238 651
238 652
238 653
238 656
238 659
238 660
238 662
238 663
238 666
238 668
238 669
238 673
238 674
238 675
238 678
238 679
238 685
238 686
238 689
238 691
238 693
238 695
238 696
238 699
238 701
238 704
238 705
238 707
238 708
238 709
238 711
238 714
238 721
238 723
238 728
238 732
238 735
238 737
238 738
238 739
238 740
238 742
238 743
238 744
238 745
238 747
238 748
238 749
238 750
238 752
238 755
238 759
238 761
238 762
238 764
238 766
238 767
238 768
238 770
238 772
238 776
238 777
238 778
238 780
238 781
238 782
238 783
238 788
238 789
238 790
238 792
238 793
238 794
238 795
238 796
238 797
239 401
239 402
239 407
239 409
239 410
239 412
239 413
239 416
239 417
239 420
239 423
239 424
239 426
239 428
239 431
239 433
239 435
239 436
239 437
239 438
239 439
239 440
239 442
239 448
239 449
239 450
239 451
239 453
239 455
239 456
239 458
239 460
239 461
239 470
239 471
239 475
239 476
239 477
239 480
239 481
239 484
239 485
239 486
239 487
239 489
239 490
239 491
239 493
239 494
239 495
239 496
239 497
239 498
239 501
239 504
239 505
239 506
239 507
239 511
239 512
239 514
239 516
239 518
239 519
239 520
239 522
239 523
239 524
239 525
239 527
239 528
239 529
239 531
239 535
239 536
239 538
239 540
239 542
239 543
239 544
239 545
239 546
239 554
239 556
239 557
239 558
239 559
239 561
239 566
239 567
239 569
239 570
239 571
239 572
239 574
239 576
239 577
239 579
239 580
239 583
239 586
239 589
239 591
239 592
239 594
239 596
239 597
239 600
239 601
239 602
239 606
239 607
239 610
239 611
239 612
239 613
239 619
239 620
239 622
239 625
239 631
239 633
239 634
239 640
239 642
239 646
239 647
239 648
239 650
239 651
239 652
239 655
239 656
239 662
239 663
239 664
239 666
239 669
239 673
239 674
239 675
239 680
239 681
239 684
239 685
239 686
239 688
239 690
239 691
239 692
239 695
239 696
239 699
239 703
239 704
239 707
239 708
239 711
239 713
239 715
239 716
239 717
239 718
239 719
239 720
239 722
239 724
239 726
239 727
239 728
239 735
239 736
239 738
239 740
239 743
239 746
239 747
239 752
239 753
239 757
239 758
239 759
239 760
239 761
239 762
239 764
239 767
239 772
239 773
239 774
239 776
239 777
239 778
239 779
239 780
239 783
239 785
239 787
239 790
239 799
239 800
240 402
240 404
240 406
240 407
240 413
240 415
240 418
240 419
240 420
240 425
240 429
240 430
240 432
240 434
240 435
240 436
240 444
240 445
240 447
240 449
240 450
240 451
240 452
240 453
240 455
240 456
240 457
240 459
240 466
240 468
240 469
240 470
240 473
240 474
240 476
240 477
240 479
240 485
240 488
240 492
240 493
240 494
240 495
240 500
240 501
240 504
240 505
240 506
240 508
240 511
240 513
240 515
240 518
240 519
240 521
240 522
240 523
240 524
240 526
240 528
240 529
240 532
240 537
240 538
240 543
240 545
240 549
240 550
240 551
240 552
240 553
240 555
240 556
240 557
240 559
240 560
240 564
240 565
240 566
240 569
240 571
240 573
240 575
240 576
240 577
240 579
240 582
240 583
240 585
240 592
240 594
240 595
240 596
240 599
240 600
240 603
240 604
240 605
240 606
240 609
240 611
240 612
240 615
240 616
240 619
240 620
240 621
240 625
240 626
240 627
240 629
240 630
240 631
240 632
240 637
240 638
240 639
240 641
240 642
240 643
240 644
240 646
240 648
240 651
240 652
240 654
240 655
240 656
240 660
240 662
240 663
240 665
240 666
240 669
240 671
240 672
240 673
240 674
240 677
240 678
240 679
240 680
240 688
240 690
240 692
240 694
240 703
240 704
240 707
240 709
240 711
240 715
240 716
240 718
240 719
240 721
240 724
240 725
240 726
240 727
240 728
240 729
240 730
240 731
240 732
240 733
240 734
240 735
240 736
240 742
240 744
240 751
240 752
240 754
240 755
240 759
240 760
240 763
240 766
240 769
240 770
240 771
240 773
240 774
240 775
240 776
240 777
240 779
240 782
240 783
240 786
240 789
240 791
240 796
240 797
240 798
240 799
240 800
241 403
241 404
241 405
241 407
241 408
241 412
241 413
241 415
241 416
241 417
241 418
241 419
241 420
241 421
241 424
241 426
241 430
241 433
241 434
241 435
241 437
241 439
241 440
241 442
241 446
241 448
241 449
241 450
241 451
241 452
241 453
241 455
241 456
241 458
241 459
241 461
241 464
241 469
241 471
241 472
241 474
241 476
241 477
241 479
241 480
241 482
241 483
241 485
241 486
241 487
241 488
241 490
241 495
241 496
241 500
241 503
241 504
241 505
241 507
241 508
241 509
241 510
241 512
241 514
241 520
241 521
241 523
241 525
241 526
241 527
241 528
241 529
241 531
241 532
241 533
241 534
241 536
241 538
241 539
241 540
241 541
241 542
241 543
241 545
241 548
241 551
241 552
241 553
241 554
241 555
241 558
241 559
241 560
241 561
241 563
241 567
241 568
241 569
241 573
241 574
241 575
241 576
241 578
241 580
241 581
241 582
241 585
241 587
241 592
241 596
241 597
241 598
241 603
241 604
241 607
241 608
241 610
241 611
241 614
241 617
241 619
241 620
241 621
241 622
241 625
241 626
241 627
241 632
241 633
241 635
241 636
241 637
241 638
241 640
241 643
241 645
241 646
241 648
241 652
241 653
241 655
241 656
241 659
241 660
241 662
241 663
241 665
241 666
241 670
241 674
241 681
241 686
241 692
241 694
241 697
241 699
241 700
241 701
241 706
241 709
241 711
241 713
241 714
241 719
241 720
241 724
241 726
241 727
241 730
241 732
241 734
241 735
241 736
241 740
241 742
241 743
241 744
241 747
241 749
241 751
241 752
241 754
241 755
241 757
241 758
241 767
241 769
241 770
241 775
241 777
241 780
241 781
241 783
241 785
241 786
241 791
241 793
241 795
241 797
241 800
242 401
242 402
242 406
242 407
242 408
242 409
242 411
242 414
242 415
242 420
242 421
242 422
242 423
242 424
242 426
242 427
242 428
242 429
242 430
242 431
242 434
242 439
242 441
242 445
242 446
242 447
242 448
242 449
242 451
242 456
242 457
242 461
242 463
242 467
242 469
242 470
242 473
242 474
242 476
242 477
242 478
242 479
242 480
242 481
242 488
242 489
242 490
242 491
242 493
242 496
242 497
242 500
242 501
242 502
242 503
242 505
242 506
242 508
242 509
242 512
242 514
242 517
242 520
242 521
242 524
242 525
242 527
242 530
242 532
242 533
242 534
242 535
242 537
242 538
242 539
242 540
242 541
242 545
242 546
242 548
242 550
242 551
242 553
242 556
242 557
242 561
242 562
242 563
242 564
242 565
242 566
242 567
242 570
242 571
242 572
242 573
242 576
242 577
242 580
242 583
242 584
242 585
242 587
242 588
242 589
242 591
242 592
242 593
242 595
242 596
242 597
242 598
242 599
242 607
242 608
242 609
242 613
242 615
242 617
242 618
242 619
242 621
242 622
242 623
242 624
242 625
242 626
242 627
242 632
242 634
242 636
242 637
242 638
242 643
242 644
242 647
242 648
242 653
242 656
242 657
242 659
242 660
242 661
242 662
242 663
242 665
242 666
242 667
242 668
242 670
242 671
242 672
242 674
242 676
242 677
242 678
242 679
242 681
242 684
242 685
242 686
242 691
242 693
242 698
242 701
242 703
242 707
242 712
242 713
242 716
242 719
242 725
242 727
242 728
242 730
242 732
242 733
242 735
242 736
242 737
242 740
242 741
242 744
242 745
242 746
242 747
242 754
242 757
242 759
242 761
242 764
242 767
242 768
242 769
242 771
242 774
242 776
242 777
242 779
242 781
242 785
242 787
242 790
242 791
242 793
242 794
242 797
242 798
242 799
243 404
243 405
243 406
243 409
243 411
243 412
243 413
243 414
243 415
243 416
243 417
243 418
243 419
243 427
243 431
243 432
243 436
243 439
243 442
243 444
243 445
243 449
243 450
243 457
243 458
243 459
243 460
243 463
243 465
243 468
243 471
243 472
243 473
243 475
243 476
243 480
243 481
243 482
243 483
243 485
243 486
243 487
243 498
243 502
243 504
243 505
243 510
243 511
243 513
243 516
243 518
243 520
243 522
243 523
243 524
243 525
243 528
243 529
243 530
243 531
243 537
243 538
243 539
243 540
243 541
243 542
243 543
243 545
243 546
243 547
243 548
243 552
243 553
243 554
243 558
243 562
243 563
243 565
243 566
243 569
243 570
243 571
243 575
243 578
243 579
243 580
243 587
243 588
243 589
243 593
243 598
243 599
243 600
243 601
243 602
243 603
243 604
243 605
243 607
243 608
243 609
243 613
243 618
243 620
243 622
243 623
243 624
243 625
243 626
243 627
243 628
243 629
243 630
243 633
243 634
243 635
243 638
243 640
243 642
243 644
243 645
243 648
243 650
243 651
243 654
243 656
243 658
243 661
243 665
243 667
243 669
243 670
243 677
243 679
243 680
243 683
243 684
243 687
243 688
243 689
243 691
243 693
243 695
243 698
243 701
243 703
243 704
243 706
243 708
243 709
243 710
243 711
243 713
243 715
243 717
243 727
243 729
243 731
243 732
243 735
243 737
243 744
243 745
243 746
243 747
243 749
243 751
243 755
243 756
243 757
243 760
243 761
243 763
243 765
243 766
243 772
243 773
243 776
243 778
243 779
243 782
243 784
243 786
243 788
243 789
243 790
243 793
243 794
243 797
243 798
244 401
244 402
244 404
244 407
244 409
244 410
244 411
244 412
244 413
244 415
244 418
244 419
244 422
244 423
244 425
244 427
244 429
244 430
244 432
244 437
244 438
244 439
244 445
244 448
244 451
244 452
244 453
244 455
244 457
244 458
244 462
244 464
244 465
244 468
244 470
244 471
244 472
244 473
244 475
244 477
244 478
244 480
244 482
244 483
244 484
244 485
244 487
244 489
244 490
244 491
244 492
244 493
244 494
244 497
244 499
244 501
244 502
244 503
244 506
244 507
244 508
244 509
244 510
244 512
244 513
244 518
244 519
244 525
244 527
244 528
244 529
244 534
244 535
244 536
244 538
244 540
244 541
244 542
244 544
244 545
244 546
244 549
244 550
244 552
244 553
244 554
244 555
244 556
244 557
244 559
244 560
244 561
244 562
244 563
244 564
244 565
244 566
244 567
244 568
244 572
244 573
244 574
244 576
244 578
244 582
244 586
244 587
244 588
244 590
244 593
244 594
244 597
244 598
244 599
244 600
244 601
244 602
244 604
244 607
244 608
244 609
244 610
244 611
244 612
244 613
244 615
244 616
244 621
244 625
244 626
244 627
244 629
244 630
244 632
244 634
244 635
244 637
244 641
244 642
244 643
244 644
244 648
244 649
244 650
244 652
244 653
244 654
244 655
244 656
244 659
244 663
244 665
244 666
244 668
244 669
244 670
244 671
244 675
244 676
244 677
244 678
244 679
244 680
244 683
244 684
244 685
244 686
244 689
244 693
244 695
244 700
244 703
244 705
244 706
244 708
244 710
244 715
244 716
244 717
244 719
244 720
244 721
244 722
244 723
244 725
244 726
244 734
244 735
244 737
244 738
244 739
244 740
244 742
244 743
244 745
244 746
244 747
244 748
244 752
244 755
244 757
244 760
244 761
244 762
244 764
244 765
244 768
244 769
244 770
244 774
244 778
244 779
244 780
244 781
244 782
244 784
244 785
244 786
244 787
244 791
244 792
244 793
244 794
244 797
244 798
244 799
245 402
245 403
245 404
245 405
245 407
245 409
245 412
245 413
245 414
245 415
245 416
245 417
245 420
245 423
245 424
245 425
245 427
245 429
245 430
245 431
245 433
245 435
245 436
245 439
245 442
245 445
245 448
245 451
245 452
245 453
245 454
245 460
245 463
245 466
245 467
245 468
245 469
245 473
245 474
245 476
245 479
245 481
245 485
245 486
245 487
245 489
245 490
245 499
245 500
245 506
245 508
245 511
245 512
245 514
245 515
245 519
245 520
245 523
245 524
245 527
245 532
245 533
245 537
245 540
245 541
245 545
245 547
245 548
245 550
245 551
245 554
245 556
245 557
245 561
245 563
245 570
245 571
245 574
245 575
245 576
245 578
245 579
245 580
245 581
245 586
245 588
245 589
245 590
245 592
245 593
245 594
245 595
245 597
245 600
245 602
245 603
245 606
245 608
245 609
245 611
245 615
245 616
245 618
245 619
245 620
245 621
245 623
245 628
245 631
245 635
245 636
245 637
245 639
245 640
245 642
245 643
245 644
245 647
245 652
245 654
245 656
245 660
245 662
245 665
245 667
245 669
245 672
245 674
245 676
245 679
245 681
245 682
245 684
245 695
245 697
245 700
245 703
245 704
245 706
245 710
245 712
245 713
245 715
245 716
245 717
245 719
245 720
245 721
245 722
245 725
245 727
245 728
245 729
245 731
245 733
245 734
245 736
245 738
245 739
245 741
245 744
245 745
245 746
245 747
245 748
245 753
245 754
245 757
245 761
245 762
245 764
245 769
245 770
245 771
245 772
245 774
245 775
245 777
245 778
245 781
245 782
245 784
245 786
245 788
245 793
245 798
245 800
246 403
246 404
246 407
246 408
246 409
246 411
246 412
246 414
246 418
246 420
246 421
246 426
246 427
246 428
246 430
246 433
246 436
246 437
246 438
246 439
246 440
246 441
246 444
246 445
246 447
246 448
246 449
246 450
246 451
246 452
246 455
246 456
246 458
246 460
246 461
246 463
246 465
246 468
246 476
246 477
246 479
246 481
246 482
246 483
246 484
246 485
246 486
246 489
246 490
246 491
246 493
246 495
246 497
246 498
246 501
246 503
246 504
246 508
246 514
246 522
246 523
246 525
246 528
246 529
246 530
246 531
246 532
246 534
246 536
246 541
246 545
246 547
246 551
246 552
246 553
246 554
246 555
246 556
246 558
246 559
246 560
246 562
246 563
246 565
246 566
246 568
246 569
246 571
246 572
246 574
246 575
246 576
246 577
246 578
246 579
246 582
246 584
246 590
246 591
246 597
246 600
246 601
246 602
246 604
246 605
246 606
246 608
246 609
246 610
246 611
246 612
246 613
246 614
246 615
246 618
246 619
246 620
246 621
246 622
246 626
246 627
246 632
246 634
246 637
246 639
246 640
246 641
246 642
246 643
246 645
246 653
246 655
246 656
246 659
246 661
246 665
246 666
246 667
246 668
246 669
246 672
246 673
246 677
246 680
246 681
246 683
246 686
246 687
246 688
246 689
246 690
246 695
246 696
246 699
246 700
246 702
246 706
246 713
246 718
246 722
246 723
246 726
246 728
246 729
246 734
246 736
246 739
246 741
246 745
246 748
246 753
246 756
246 768
246 769
246 772
246 774
246 775
246 776
246 777
246 778
246 779
246 782
246 790
246 791
246 792
246 793
246 794
246 796
246 799
247 403
247 404
247 406
247 408
247 410
247 411
247 412
247 414
247 415
247 416
247 417
247 419
247 420
247 421
247 423
247 424
247 425
247 426
247 427
247 429
247 431
247 435
247 436
247 437
247 438
247 439
247 440
247 441
247 443
247 444
247 445
247 446
247 450
247 452
247 453
247 454
247 455
247 457
247 459
247 460
247 461
247 464
247 465
247 466
247 468
247 475
247 478
247 482
247 483
247 485
247 490
247 491
247 493
247 497
247 498
247 505
247 507
247 511
247 513
247 515
247 517
247 518
247 520
247 521
247 523
247 526
247 527
247 529
247 530
247 531
247 532
247 539
247 540
247 542
247 544
247 547
247 548
247 551
247 552
247 554
247 556
247 557
247 558
247 559
247 562
247 563
247 564
247 565
247 568
247 569
247 570
247 574
247 576
247 577
247 578
247 580
247 581
247 583
247 584
247 585
247 586
247 589
247 590
247 591
247 593
247 594
247 596
247 597
247 602
247 605
247 606
247 607
247 608
247 610
247 617
247 619
247 621
247 623
247 624
247 626
247 628
247 629
247 630
247 631
247 632
247 633
247 634
247 636
247 639
247 640
247 641
247 642
247 644
247 645
247 654
247 656
247 657
247 658
247 664
247 665
247 671
247 672
247 675
247 676
247 677
247 683
247 684
247 687
247 689
247 693
247 696
247 697
247 698
247 699
247 700
247 701
247 702
247 703
247 704
247 705
247 708
247 710
247 711
247 712
247 724
247 725
247 726
247 727
247 728
247 730
247 733
247 735
247 736
247 737
247 739
247 743
247 747
247 750
247 753
247 756
247 758
247 759
247 761
247 762
247 764
247 765
247 766
247 767
247 768
247 769
247 771
247 772
247 777
247 778
247 779
247 781
247 782
247 785
247 790
247 791
247 795
247 799
247 800
248 401
248 404
248 406
248 410
248 412
248 413
248 414
248 415
248 416
248 417
248 418
248 423
248 425
248 426
248 428
248 430
248 431
248 436
248 437
248 438
248 441
248 444
248 446
248 450
248 452
248 453
248 462
248 463
248 464
248 465
248 471
248 472
248 481
248 484
248 486
248 489
248 491
248 492
248 493
248 494
248 495
248 496
248 497
248 500
248 501
248 502
248 505
248 506
248 511
248 512
248 516
248 521
248 522
248 524
248 527
248 528
248 529
248 531
248 535
248 539
248 540
248 542
248 544
248 545
248 546
248 547
248 549
248 554
248 555
248 557
248 558
248 559
248 561
248 563
248 564
248 567
248 570
248 571
248 572
248 573
248 574
248 575
248 579
248 584
248 585
248 586
248 589
248 590
248 591
248 593
248 594
248 597
248 598
248 599
248 602
248 603
248 605
248 606
248 608
248 611
248 613
248 614
248 616
248 618
248 619
248 621
248 624
248 626
248 628
248 630
248 631
248 634
248 636
248 639
248 640
248 642
248 643
248 644
248 647
248 648
248 650
248 651
248 653
248 662
248 663
248 666
248 672
248 673
248 677
248 679
248 680
248 681
248 683
248 687
248 689
248 690
248 691
248 694
248 696
248 698
248 699
248 700
248 701
248 702
248 703
248 708
248 714
248 717
248 718
248 720
248 721
248 722
248 724
248 726
248 727
248 729
248 731
248 733
248 735
248 738
248 740
248 741
248 742
248 744
248 747
248 748
248 749
248 750
248 754
248 756
248 759
248 764
248 765
248 766
248 768
248 770
248 773
248 775
248 779
248 781
248 785
248 789
248 790
248 792
248 793
248 794
248 795
248 797
248 798
248 799
249 403
249 405
249 406
249 407
249 408
249 410
249 411
249 413
249 414
249 416
249 417
249 419
249 421
249 422
249 423
249 426
249 428
249 430
249 431
249 435
249 437
249 439
249 441
249 442
249 443
249 445
249 448
249 449
249 453
249 455
249 457
249 458
249 459
249 460
249 461
249 465
249 467
249 470
249 471
249 472
249 474
249 475
249 478
249 481
249 482
249 483
249 487
249 490
249 493
249 494
249 495
249 496
249 498
249 502
249 503
249 504
249 506
249 508
249 509
249 510
249 512
249 513
249 514
249 515
249 516
249 523
249 525
249 528
249 533
249 534
249 535
249 539
249 540
249 542
249 543
249 545
249 546
249 547
249 548
249 549
249 555
249 556
249 558
249 559
249 561
249 563
249 565
249 566
249 568
249 569
249 570
249 574
249 579
249 581
249 584
249 586
249 587
249 588
249 592
249 593
249 595
249 598
249 599
249 600
249 602
249 604
249 609
249 611
249 612
249 613
249 614
249 615
249 616
249 619
249 620
249 621
249 622
249 625
249 627
249 628
249 629
249 631
249 633
249 636
249 638
249 639
249 643
249 644
249 645
249 646
249 650
249 653
249 655
249 656
249 657
249 658
249 659
249 660
249 661
249 665
249 666
249 669
249 670
249 673
249 675
249 676
249 677
249 683
249 686
249 687
249 688
249 689
249 690
249 691
249 692
249 693
249 694
249 697
249 698
249 700
249 706
249 707
249 709
249 710
249 711
249 713
249 714
249 715
249 716
249 718
249 720
249 723
249 726
249 728
249 729
249 730
249 731
249 735
249 736
249 738
249 739
249 740
249 743
249 745
249 746
249 747
249 748
249 749
249 750
249 751
249 754
249 756
249 759
249 760
249 761
249 763
249 764
249 765
249 768
249 769
249 770
249 774
249 775
249 779
249 780
249 783
249 784
249 788
249 792
249 796
249 797
249 798
249 799
250 402
250 406
250 407
250 408
250 411
250 412
250 414
250 415
250 418
250 421
250 422
250 428
250 429
250 431
250 432
250 434
250 435
250 436
250 438
250 439
250 441
250 442
250 445
250 446
250 447
250 450
250 452
250 454
250 456
250 457
250 460
250 461
250 463
250 469
250 474
250 476
250 478
250 480
250 482
250 485
250 489
250 492
250 493
250 496
250 497
250 499
250 500
250 501
250 505
250 506
250 508
250 509
250 513
250 514
250 516
250 517
250 521
250 523
250 527
250 528
250 529
250 530
250 531
250 532
250 533
250 534
250 538
250 541
250 542
250 543
250 546
250 550
250 551
250 553
250 555
250 556
250 557
250 560
250 561
250 564
250 565
250 568
250 569
250 570
250 572
250 573
250 580
250 586
250 587
250 588
250 590
250 592
250 594
250 595
250 597
250 598
250 599
250 600
250 601
250 604
250 605
250 606
250 609
250 614
250 616
250 617
250 618
250 620
250 624
250 625
250 627
250 629
250 630
250 631
250 632
250 633
250 634
250 636
250 639
250 645
250 646
250 647
250 649
250 651
250 652
250 653
250 657
250 659
250 660
250 662
250 664
250 665
250 666
250 670
250 671
250 672
250 673
250 675
250 677
250 681
250 682
250 685
250 688
250 690
250 693
250 694
250 695
250 696
250 701
250 706
250 707
250 708
250 712
250 714
250 717
250 718
250 720
250 721
250 723
250 725
250 727
250 728
250 729
250 734
250 735
250 738
250 739
250 741
250 744
250 746
250 748
250 751
250 752
250 753
250 755
250 757
250 758
250 761
250 765
250 768
250 769
250 771
250 772
250 773
250 775
250 776
250 777
250 779
250 780
250 784
250 785
250 786
250 787
250 791
250 792
250 793
250 794
250 796
250 797
250 798
250 799
251 404
251 406
251 409
251 410
251 412
251 415
251 418
251 419
251 420
251 422
251 423
251 424
251 425
251 426
251 427
251 430
251 432
251 433
251 434
251 436
251 439
251 443
251 445
251 447
251 450
251 451
251 453
251 454
251 455
251 459
251 461
251 462
251 464
251 465
251 470
251 478
251 480
251 483
251 484
251 485
251 487
251 492
251 497
251 498
251 499
251 503
251 508
251 510
251 511
251 512
251 513
251 514
251 515
251 516
251 517
251 518
251 519
251 520
251 521
251 522
251 523
251 527
251 529
251 534
251 536
251 537
251 540
251 541
251 542
251 543
251 544
251 546
251 547
251 548
251 549
251 550
251 551
251 552
251 554
251 555
251 556
251 559
251 561
251 565
251 567
251 568
251 572
251 573
251 576
251 581
251 583
251 586
251 587
251 588
251 590
251 597
251 598
251 602
251 603
251 605
251 607
251 609
251 611
251 612
251 613
251 614
251 617
251 621
251 623
251 624
251 626
251 627
251 629
251 634
251 635
251 637
251 639
251 640
251 641
251 642
251 647
251 648
251 651
251 652
251 653
251 655
251 656
251 657
251 658
251 659
251 663
251 664
251 665
251 667
251 668
251 669
251 670
251 671
251 673
251 677
251 680
251 681
251 684
251 686
251 690
251 691
251 692
251 693
251 697
251 700
251 701
251 703
251 708
251 710
251 713
251 714
251 717
251 719
251 720
251 721
251 722
251 723
251 724
251 726
251 729
251 732
251 734
251 737
251 739
251 741
251 743
251 745
251 746
251 748
251 750
251 754
251 755
251 759
251 760
251 762
251 766
251 767
251 768
251 770
251 771
251 772
251 773
251 774
251 775
251 776
251 779
251 781
251 782
251 784
251 785
251 786
251 787
251 789
251 791
251 793
251 794
251 797
251 799
251 800
252 402
252 404
252 407
252 409
252 410
252 415
252 416
252 421
252 423
252 424
252 426
252 428
252 429
252 430
252 435
252 436
252 441
252 444
252 446
252 453
252 454
252 455
252 459
252 460
252 461
252 462
252 463
252 464
252 465
252 466
252 467
252 472
252 474
252 476
252 477
252 478
252 480
252 483
252 484
252 485
252 487
252 489
252 490
252 491
252 494
252 496
252 497
252 498
252 500
252 502
252 504
252 511
252 512
252 514
252 516
252 518
252 519
252 524
252 526
252 529
252 534
252 535
252 539
252 547
252 548
252 549
252 550
252 551
252 552
252 554
252 555
252 556
252 557
252 560
252 566
252 570
252 572
252 573
252 576
252 578
252 579
252 580
252 582
252 584
252 589
252 590
252 592
252 595
252 599
252 603
252 607
252 609
252 616
252 617
252 618
252 619
252 620
252 621
252 624
252 625
252 627
252 631
252 634
252 637
252 638
252 642
252 643
252 645
252 650
252 651
252 655
252 657
252 658
252 659
252 660
252 663
252 666
252 667
252 671
252 672
252 675
252 676
252 677
252 680
252 682
252 683
252 684
252 686
252 688
252 689
252 691
252 692
252 693
252 694
252 696
252 697
252 699
252 701
252 703
252 705
252 706
252 708
252 709
252 710
252 711
252 713
252 716
252 718
252 719
252 721
252 724
252 725
252 726
252 729
252 730
252 734
252 737
252 739
252 741
252 743
252 744
252 745
252 746
252 751
252 755
252 758
252 759
252 760
252 761
252 765
252 770
252 773
252 774
252 776
252 779
252 780
252 783
252 784
252 785
252 787
252 788
252 791
252 792
252 793
252 794
252 795
252 799
252 800
253 402
253 405
253 406
253 412
253 414
253 416
253 418
253 419
253 421
253 422
253 424
253 426
253 427
253 428
253 430
253 433
253 434
253 437
253 440
253 441
253 442
253 444
253 446
253 447
253 448
253 449
253 451
253 452
253 454
253 455
253 457
253 462
253 463
253 465
253 466
253 467
253 472
253 473
253 474
253 476
253 477
253 480
253 482
253 483
253 486
253 491
253 492
253 494
253 495
253 496
253 503
253 504
253 506
253 508
253 509
253 511
253 512
253 514
253 516
253 522
253 523
253 525
253 527
253 532
253 537
253 539
253 540
253 541
253 543
253 546
253 548
253 549
253 550
253 551
253 557
253 562
253 566
253 567
253 577
253 578
253 580
253 583
253 584
253 588
253 594
253 595
253 597
253 599
253 611
253 614
253 616
253 619
253 621
253 623
253 624
253 626
253 627
253 630
253 631
253 633
253 637
253 638
253 639
253 642
253 643
253 644
253 648
253 652
253 653
253 654
253 659
253 662
253 665
253 667
253 668
253 669
253 670
253 676
253 679
253 685
253 686
253 687
253 688
253 689
253 690
253 691
253 693
253 694
253 695
253 696
253 700
253 702
253 703
253 705
253 706
253 708
253 711
253 713
253 714
253 715
253 720
253 721
253 722
253 728
253 729
253 730
253 731
253 732
253 734
253 735
253 736
253 737
253 738
253 739
253 740
253 748
253 749
253 753
253 754
253 757
253 758
253 759
253 760
253 761
253 762
253 767
253 770
253 771
253 772
253 775
253 776
253 778
253 779
253 782
253 783
253 785
253 787
253 788
253 789
253 790
253 796
253 798
253 800
254 401
254 403
254 407
254 408
254 409
254 413
254 415
254 416
254 419
254 420
254 421
254 423
254 424
254 425
254 426
254 427
254 429
254 433
254 436
254 438
254 440
254 441
254 444
254 446
254 447
254 450
254 453
254 454
254 458
254 463
254 464
254 465
254 469
254 470
254 471
254 473
254 474
254 477
254 479
254 480
254 484
254 486
254 490
254 492
254 494
254 495
254 496
254 497
254 498
254 500
254 503
254 505
254 509
254 518
254 519
254 520
254 521
254 522
254 523
254 528
254 529
254 530
254 535
254 536
254 537
254 539
254 540
254 544
254 546
254 547
254 548
254 549
254 550
254 552
254 553
254 555
254 556
254 557
254 558
254 559
254 560
254 562
254 565
254 569
254 570
254 571
254 574
254 576
254 579
254 584
254 589
254 590
254 591
254 593
254 594
254 597
254 598
254 599
254 601
254 602
254 604
254 605
254 606
254 609
254 610
254 611
254 613
254 614
254 615
254 616
254 618
254 619
254 624
254 627
254 630
254 631
254 632
254 633
254 637
254 640
254 642
254 643
254 644
254 645
254 647
254 648
254 649
254 650
254 651
254 652
254 653
254 655
254 656
254 659
254 661
254 664
254 669
254 670
254 671
254 672
254 673
254 674
254 676
254 678
254 679
254 681
254 684
254 685
254 691
254 696
254 697
254 698
254 699
254 703
254 705
254 706
254 711
254 712
254 715
254 716
254 717
254 718
254 719
254 720
254 721
254 722
254 724
254 726
254 729
254 730
254 731
254 732
254 733
254 735
254 736
254 737
254 743
254 744
254 745
254 746
254 748
254 750
254 751
254 752
254 754
254 756
254 757
254 758
254 762
254 768
254 770
254 773
254 774
254 777
254 778
254 783
254 785
254 786
254 787
254 789
254 790
254 791
254 792
254 793
254 794
254 795
254 800
255 402
255 404
255 405
255 408
255 409
255 410
255 411
255 413
255 414
255 417
255 420
255 421
255 424
255 425
255 428
255 429
255 430
255 431
255 432
255 433
255 436
255 437
255 439
255 445
255 446
255 447
255 448
255 452
255 454
255 459
255 460
255 461
255 462
255 463
255 465
255 466
255 470
255 471
255 475
255 476
255 479
255 481
255 482
255 483
255 484
255 486
255 490
255 492
255 493
255 494
255 495
255 496
255 498
255 500
255 501
255 502
255 506
255 507
255 508
255 509
255 510
255 513
255 515
255 516
255 517
255 520
255 521
255 522
255 524
255 526
255 528
255 530
255 531
255 532
255 533
255 535
255 536
255 540
255 543
255 548
255 550
255 551
255 553
255 554
255 556
255 557
255 558
255 559
255 560
255 561
255 562
255 564
255 565
255 568
255 570
255 572
255 574
255 576
255 578
255 579
255 584
255 586
255 587
255 589
255 590
255 591
255 592
255 593
255 594
255 596
255 597
255 598
255 601
255 602
255 606
255 607
255 608
255 609
255 610
255 613
255 620
255 622
255 623
255 628
255 630
255 631
255 632
255 633
255 634
255 636
255 640
255 643
255 648
255 649
255 650
255 652
255 653
255 655
255 656
255 657
255 658
255 660
255 662
255 663
255 665
255 666
255 668
255 669
255 671
255 672
255 677
255 679
255 681
255 682
255 684
255 687
255 688
255 689
255 694
255 695
255 697
255 698
255 699
255 700
255 702
255 703
255 705
255 706
255 707
255 708
255 709
255 713
255 715
255 717
255 725
255 726
255 729
255 731
255 735
255 743
255 744
255 745
255 746
255 747
255 750
255 752
255 754
255 755
255 757
255 758
255 760
255 762
255 763
255 764
255 766
255 767
255 769
255 770
255 772
255 777
255 779
255 781
255 782
255 783
255 786
255 790
255 791
255 793
255 795
255 797
255 798
255 800
256 401
256 402
256 403
256 404
256 406
256 407
256 409
256 410
256 413
256 414
256 417
256 420
256 422
256 423
256 424
256 426
256 427
256 428
256 430
256 432
256 433
256 435
256 438
256 441
256 442
256 444
256 445
256 446
256 447
256 448
256 450
256 451
256 453
256 454
256 456
256 457
256 459
256 460
256 466
256 468
256 469
256 470
256 471
256 472
256 473
256 474
256 475
256 482
256 483
256 484
256 485
256 486
256 487
256 489
256 491
256 493
256 495
256 496
256 497
256 498
256 500
256 501
256 503
256 505
256 506
256 507
256 508
256 509
256 512
256 514
256 515
256 516
256 518
256 519
256 520
256 521
256 522
256 523
256 524
256 526
256 527
256 528
256 531
256 534
256 535
256 537
256 538
256 541
256 545
256 549
256 550
256 551
256 552
256 555
256 559
256 561
256 565
256 566
256 569
256 572
256 574
256 575
256 579
256 581
256 583
256 584
256 585
256 588
256 589
256 590
256 592
256 594
256 597
256 598
256 602
256 603
256 608
256 610
256 611
256 615
256 616
256 617
256 619
256 621
256 622
256 623
256 624
256 626
256 629
256 630
256 631
256 634
256 637
256 638
256 639
256 646
256 647
256 648
256 652
256 653
256 655
256 657
256 658
256 660
256 662
256 663
256 666
256 668
256 669
256 670
256 671
256 672
256 673
256 674
256 676
256 677
256 678
256 683
256 686
256 687
256 689
256 691
256 692
256 693
256 697
256 698
256 703
256 704
256 707
256 709
256 712
256 717
256 718
256 719
256 720
256 721
256 722
256 728
256 730
256 731
256 733
256 738
256 740
256 741
256 742
256 744
256 746
256 749
256 750
256 751
256 754
256 755
256 756
256 757
256 761
256 762
256 763
256 765
256 766
256 767
256 769
256 772
256 775
256 777
256 778
256 779
256 780
256 783
256 784
256 785
256 786
256 788
256 790
256 792
256 795
256 796
256 800
257 402
257 405
257 406
257 407
257 408
257 411
257 413
257 417
257 418
257 419
257 421
257 426
257 427
257 428
257 432
257 433
257 434
257 436
257 437
257 441
257 442
257 443
257 444
257 446
257 447
257 449
257 450
257 451
257 454
257 458
257 459
257 465
257 466
257 467
257 468
257 469
257 470
257 471
257 472
257 473
257 479
257 480
257 481
257 484
257 485
257 488
257 490
257 493
257 495
257 499
257 500
257 506
257 507
257 508
257 511
257 512
257 513
257 515
257 517
257 519
257 520
257 521
257 522
257 524
257 526
257 528
257 529
257 530
257 536
257 537
257 543
257 544
257 547
257 551
257 552
257 554
257 555
257 559
257 563
257 567
257 569
257 572
257 573
257 576
257 581
257 583
257 584
257 587
257 588
257 590
257 592
257 594
257 597
257 598
257 601
257 603
257 604
257 605
257 610
257 616
257 617
257 618
257 620
257 623
257 624
257 625
257 628
257 629
257 630
257 631
257 632
257 634
257 636
257 638
257 641
257 642
257 644
257 645
257 647
257 650
257 651
257 653
257 654
257 662
257 663
257 665
257 667
257 668
257 670
257 673
257 674
257 675
257 677
257 678
257 680
257 681
257 682
257 683
257 685
257 688
257 689
257 690
257 691
257 692
257 693
257 694
257 697
257 698
257 700
257 701
257 702
257 703
257 704
257 710
257 711
257 715
257 719
257 720
257 721
257 722
257 725
257 728
257 729
257 732
257 734
257 735
257 736
257 737
257 740
257 742
257 743
257 744
257 746
257 748
257 750
257 751
257 753
257 754
257 761
257 762
257 764
257 766
257 768
257 769
257 772
257 773
257 776
257 777
257 779
257 780
257 781
257 784
257 785
257 786
257 787
257 788
257 791
257 793
257 797
257 799
257 800
258 407
258 408
258 409
258 412
258 414
258 418
258 420
258 422
258 424
258 425
258 426
258 429
258 432
258 433
258 434
258 435
258 437
258 438
258 443
258 444
258 446
258 452
258 453
258 454
258 457
258 465
258 467
258 468
258 469
258 470
258 473
258 474
258 475
258 477
258 480
258 482
258 485
258 486
258 487
258 488
258 489
258 490
258 492
258 493
258 497
258 500
258 501
258 502
258 505
258 507
258 508
258 511
258 512
258 514
258 516
258 517
258 520
258 521
258 522
258 523
258 530
258 531
258 532
258 534
258 535
258 536
258 537
258 540
258 541
258 543
258 545
258 546
258 547
258 548
258 550
258 557
258 559
258 560
258 561
258 562
258 563
258 564
258 565
258 567
258 571
258 573
258 574
258 575
258 577
258 578
258 585
258 587
258 591
258 592
258 594
258 595
258 596
258 597
258 598
258 600
258 603
258 604
258 607
258 611
258 616
258 617
258 622
258 623
258 624
258 626
258 629
258 630
258 631
258 634
258 635
258 638
258 639
258 642
258 645
258 649
258 650
258 651
258 653
258 654
258 656
258 658
258 660
258 662
258 665
258 666
258 667
258 670
258 672
258 674
258 678
258 679
258 680
258 681
258 682
258 685
258 686
258 687
258 689
258 691
258 696
258 702
258 703
258 704
258 705
258 710
258 712
258 714
258 717
258 719
258 720
258 721
258 724
258 729
258 736
258 737
258 739
258 741
258 746
258 748
258 749
258 751
258 753
258 756
258 761
258 763
258 766
258 767
258 770
258 772
258 773
258 776
258 778
258 779
258 781
258 782
258 783
258 787
258 788
258 792
258 793
258 795
258 797
258 798
258 799
259 401
259 404
259 409
259 411
259 412
259 413
259 416
259 417
259 418
259 421
259 422
259 424
259 426
259 427
259 428
259 429
259 430
259 431
259 432
259 433
259 436
259 438
259 441
259 443
259 444
259 448
259 449
259 450
259 451
259 455
259 459
259 460
259 462
259 463
259 467
259 468
259 469
259 471
259 472
259 474
259 475
259 476
259 478
259 479
259 481
259 482
259 483
259 485
259 488
259 489
259 490
259 491
259 492
259 494
259 495
259 498
259 499
259 501
259 502
259 503
259 504
259 506
259 507
259 508
259 509
259 510
259 511
259 512
259 513
259 514
259 515
259 516
259 517
259 518
259 521
259 523
259 524
259 525
259 527
259 530
259 536
259 537
259 541
259 542
259 544
259 545
259 555
259 558
259 559
259 561
259 565
259 566
259 567
259 570
259 571
259 572
259 574
259 578
259 580
259 581
259 585
259 588
259 590
259 593
259 595
259 596
259 599
259 600
259 601
259 604
259 605
259 607
259 610
259 611
259 615
259 617
259 623
259 624
259 628
259 630
259 635
259 636
259 638
259 639
259 640
259 641
259 643
259 644
259 646
259 648
259 653
259 655
259 656
259 658
259 659
259 660
259 662
259 667
259 669
259 671
259 672
259 673
259 674
259 676
259 681
259 683
259 684
259 685
259 690
259 691
259 692
259 694
259 695
259 698
259 699
259 700
259 701
259 703
259 706
259 707
259 708
259 711
259 713
259 714
259 715
259 716
259 721
259 722
259 723
259 724
259 725
259 727
259 730
259 733
259 735
259 736
259 738
259 740
259 742
259 743
259 746
259 747
259 748
259 749
259 751
259 752
259 753
259 754
259 755
259 758
259 759
259 760
259 761
259 762
259 765
259 766
259 767
259 770
259 774
259 775
259 777
259 778
259 779
259 781
259 782
259 783
259 784
259 786
259 787
259 789
259 791
259 793
259 795
259 796
259 797
260 406
260 407
260 410
260 412
260 413
260 414
260 415
260 419
260 421
260 424
260 425
260 426
260 427
260 428
260 430
260 431
260 434
260 436
260 437
260 438
260 439
260 440
260 441
260 442
260 449
260 450
260 452
260 453
260 459
260 460
260 461
260 462
260 464
260 465
260 466
260 467
260 468
260 469
260 473
260 476
260 477
260 479
260 480
260 483
260 486
260 489
260 493
260 494
260 496
260 500
260 502
260 509
260 510
260 512
260 515
260 518
260 519
260 520
260 523
260 525
260 527
260 529
260 531
260 532
260 534
260 535
260 537
260 540
260 542
260 544
260 548
260 549
260 550
260 553
260 555
260 556
260 558
260 559
260 562
260 563
260 564
260 566
260 570
260 572
260 573
260 576
260 577
260 578
260 580
260 583
260 584
260 585
260 586
260 587
260 589
260 590
260 593
260 598
260 601
260 602
260 603
260 604
260 605
260 606
260 609
260 610
260 611
260 615
260 617
260 618
260 619
260 621
260 622
260 624
260 626
260 630
260 631
260 634
260 637
260 640
260 641
260 642
260 643
260 645
260 647
260 649
260 650
260 651
260 652
260 653
260 654
260 655
260 657
260 658
260 660
260 661
260 662
260 663
260 664
260 665
260 666
260 667
260 668
260 669
260 671
260 672
260 673
260 674
260 675
260 678
260 680
260 682
260 685
260 686
260 688
260 689
260 690
260 691
260 696
260 697
260 703
260 704
260 705
260 707
260 708
260 709
260 710
260 711
260 712
260 713
260 714
260 717
260 718
260 721
260 723
260 729
260 730
260 732
260 735
260 739
260 741
260 742
260 745
260 747
260 748
260 750
260 753
260 754
260 755
260 757
260 765
260 766
260 767
260 768
260 769
260 770
260 771
260 772
260 773
260 775
260 776
260 779
260 786
260 787
260 792
260 793
260 795
260 796
260 797
260 799
260 800
261 402
261 403
261 406
261 408
261 411
261 412
261 414
261 418
261 421
261 422
261 425
261 426
261 427
261 428
261 429
261 435
261 436
261 438
261 439
261 440
261 442
261 443
261 446
261 447
261 449
261 450
261 451
261 453
261 457
261 458
261 462
261 463
261 464
261 470
261 471
261 474
261 476
261 478
261 482
261 485
261 487
261 488
261 489
261 490
261 491
261 494
261 496
261 497
261 501
261 502
261 503
261 505
261 507
261 508
261 510
261 512
261 515
261 517
261 518
261 519
261 520
261 521
261 522
261 526
261 527
261 528
261 529
261 531
261 532
261 533
261 535
261 536
261 537
261 538
261 539
261 541
261 542
261 545
261 546
261 548
261 553
261 555
261 556
261 558
261 560
261 561
261 562
261 565
261 566
261 567
261 568
261 570
261 571
261 572
261 573
261 574
261 575
261 576
261 577
261 579
261 580
261 581
261 582
261 583
261 584
261 589
261 591
261 593
261 594
261 595
261 600
261 601
261 602
261 603
261 605
261 606
261 607
261 608
261 609
261 611
261 612
261 614
261 615
261 616
261 618
261 621
261 622
261 623
261 625
261 628
261 630
261 631
261 632
261 633
261 635
261 636
261 638
261 639
261 640
261 641
261 644
261 649
261 650
261 651
261 652
261 653
261 656
261 659
261 660
261 662
261 663
261 664
261 666
261 667
261 670
261 671
261 673
261 674
261 675
261 676
261 682
261 683
261 684
261 685
261 686
261 687
261 690
261 692
261 694
261 697
261 699
261 700
261 702
261 703
261 706
261 711
261 712
261 713
261 714
261 715
261 717
261 718
261 723
261 724
261 725
261 727
261 729
261 734
261 735
261 737
261 738
261 739
261 740
261 742
261 744
261 745
261 747
261 749
261 752
261 753
261 755
261 756
261 760
261 761
261 765
261 767
261 769
261 770
261 772
261 773
261 778
261 779
261 783
261 785
261 786
261 787
261 788
261 794
261 795
261 799
262 401
262 403
262 405
262 406
262 407
262 408
262 409
262 410
262 412
262 413
262 414
262 415
262 423
262 424
262 425
262 427
262 430
262 431
262 433
262 435
262 438
262 439
262 440
262 442
262 443
262 444
262 448
262 449
262 451
262 452
262 456
262 458
262 461
262 462
262 463
262 464
262 465
262 466
262 467
262 468
262 471
262 472
262 476
262 478
262 479
262 480
262 481
262 482
262 483
262 486
262 490
262 493
262 498
262 499
262 501
262 502
262 503
262 505
262 506
262 509
262 510
262 511
262 512
262 513
262 514
262 515
262 517
262 519
262 520
262 521
262 523
262 524
262 528
262 529
262 530
262 532
262 533
262 534
262 535
262 536
262 537
262 540
262 542
262 545
262 548
262 549
262 553
262 555
262 556
262 559
262 561
262 563
262 564
262 565
262 567
262 572
262 573
262 574
262 575
262 578
262 579
262 583
262 584
262 587
262 589
262 590
262 591
262 594
262 595
262 596
262 597
262 600
262 602
262 604
262 605
262 607
262 619
262 621
262 622
262 624
262 625
262 628
262 630
262 631
262 632
262 633
262 634
262 637
262 638
262 640
262 641
262 644
262 646
262 647
262 648
262 650
262 653
262 655
262 656
262 657
262 658
262 659
262 661
262 662
262 663
262 664
262 665
262 667
262 668
262 669
262 674
262 675
262 680
262 683
262 685
262 686
262 693
262 694
262 695
262 698
262 699
262 700
262 703
262 706
262 710
262 711
262 712
262 716
262 717
262 718
262 721
262 723
262 724
262 725
262 726
262 728
262 729
262 731
262 732
262 734
262 735
262 739
262 745
262 747
262 748
262 749
262 754
262 756
262 757
262 758
262 759
262 763
262 764
262 766
262 767
262 773
262 778
262 779
262 781
262 782
262 784
262 787
262 789
262 790
262 793
262 797
262 799
263 407
263 408
263 411
263 413
263 414
263 416
263 419
263 420
263 422
263 424
263 431
263 434
263 436
263 443
263 445
263 448
263 451
263 452
263 453
263 455
263 456
263 457
263 458
263 459
263 460
263 461
263 462
263 464
263 465
263 467
263 469
263 470
263 473
263 474
263 480
263 482
263 484
263 486
263 487
263 489
263 490
263 492
263 493
263 494
263 499
263 500
263 503
263 504
263 505
263 507
263 508
263 510
263 511
263 521
263 522
263 523
263 524
263 529
263 530
263 533
263 537
263 538
263 540
263 541
263 543
263 545
263 546
263 548
263 549
263 553
263 554
263 555
263 557
263 559
263 562
263 564
263 565
263 566
263 568
263 576
263 577
263 579
263 580
263 583
263 587
263 588
263 591
263 592
263 596
263 599
263 600
263 601
263 603
263 606
263 610
263 613
263 614
263 619
263 622
263 623
263 626
263 629
263 630
263 632
263 636
263 647
263 651
263 652
263 653
263 656
263 658
263 661
263 663
263 664
263 666
263 667
263 668
263 669
263 672
263 673
263 674
263 675
263 680
263 683
263 685
263 686
263 688
263 689
263 693
263 694
263 695
263 697
263 699
263 700
263 701
263 703
263 706
263 707
263 708
263 711
263 714
263 715
263 719
263 721
263 723
263 724
263 725
263 729
263 731
263 732
263 734
263 738
263 739
263 741
263 744
263 745
263 747
263 748
263 749
263 750
263 751
263 752
263 753
263 756
263 759
263 761
263 764
263 767
263 768
263 769
263 771
263 773
263 774
263 775
263 776
263 777
263 779
263 780
263 781
263 782
263 783
263 785
263 786
263 790
263 792
263 794
263 796
263 797
264 402
264 403
264 410
264 411
264 414
264 415
264 418
264 419
264 423
264 424
264 425
264 429
264 430
264 433
264 435
264 436
264 437
264 438
264 439
264 443
264 445
264 450
264 452
264 455
264 457
264 458
264 463
264 465
264 466
264 467
264 471
264 472
264 474
264 475
264 476
264 478
264 481
264 482
264 483
264 485
264 488
264 491
264 494
264 495
264 496
264 498
264 501
264 503
264 504
264 505
264 506
264 507
264 509
264 511
264 513
264 515
264 519
264 521
264 522
264 525
264 528
264 529
264 530
264 532
264 534
264 537
264 538
264 539
264 541
264 544
264 547
264 553
264 557
264 558
264 560
264 561
264 562
264 563
264 564
264 565
264 566
264 571
264 572
264 573
264 584
264 587
264 588
264 591
264 592
264 594
264 595
264 596
264 602
264 603
264 605
264 607
264 608
264 609
264 610
264 611
264 613
264 619
264 621
264 623
264 624
264 625
264 631
264 632
264 633
264 635
264 637
264 642
264 643
264 645
264 646
264 651
264 655
264 656
264 657
264 658
264 659
264 661
264 663
264 667
264 670
264 671
264 672
264 673
264 675
264 677
264 681
264 683
264 684
264 690
264 693
264 696
264 697
264 700
264 701
264 702
264 704
264 705
264 708
264 710
264 711
264 712
264 714
264 715
264 716
264 717
264 719
264 720
264 721
264 723
264 724
264 725
264 728
264 733
264 735
264 736
264 740
264 741
264 747
264 748
264 749
264 750
264 755
264 757
264 759
264 763
264 765
264 766
264 770
264 773
264 774
264 776
264 777
264 779
264 781
264 783
264 786
264 787
264 789
264 790
264 793
264 796
264 797
264 800
265 401
265 403
265 404
265 407
265 411
265 412
265 413
265 414
265 415
265 416
265 418
265 420
265 421
265 423
265 424
265 425
265 426
265 427
265 428
265 429
265 432
265 433
265 436
265 437
265 438
265 440
265 445
265 447
265 449
265 450
265 451
265 454
265 455
265 460
265 465
265 466
265 467
265 471
265 472
265 473
265 475
265 478
265 482
265 485
265 486
265 488
265 489
265 492
265 493
265 497
265 499
265 500
265 501
265 503
265 504
265 506
265 507
265 508
265 510
265 511
265 515
265 516
265 518
265 520
265 522
265 525
265 528
265 529
265 530
265 534
265 535
265 536
265 537
265 538
265 539
265 543
265 544
265 545
265 546
265 548
265 552
265 554
265 555
265 556
265 558
265 560
265 562
265 564
265 565
265 567
265 568
265 570
265 574
265 576
265 577
265 580
265 581
265 583
265 584
265 585
265 586
265 587
265 591
265 592
265 593
265 594
265 595
265 598
265 599
265 602
265 604
265 607
265 612
265 614
265 616
265 619
265 621
265 625
265 626
265 628
265 629
265 635
265 636
265 639
265 643
265 646
265 647
265 648
265 654
265 656
265 657
265 658
265 659
265 662
265 663
265 664
265 665
265 666
265 667
265 669
265 670
265 672
265 674
265 678
265 680
265 681
265 682
265 685
265 686
265 687
265 689
265 691
265 692
265 697
265 701
265 703
265 707
265 711
265 715
265 717
265 721
265 723
265 727
265 728
265 730
265 733
265 735
265 736
265 737
265 740
265 741
265 743
265 747
265 750
265 752
265 753
265 757
265 758
265 763
265 765
265 770
265 773
265 776
265 778
265 779
265 782
265 783
265 784
265 785
265 790
265 791
265 793
265 794
265 796
265 797
265 798
266 403
266 404
266 405
266 406
266 407
266 408
266 409
266 410
266 411
266 414
266 415
266 417
266 418
266 420
266 422
266 425
266 426
266 429
266 430
266 432
266 434
266 435
266 436
266 440
266 441
266 442
266 445
266 447
266 448
266 449
266 450
266 451
266 452
266 453
266 454
266 455
266 457
266 459
266 460
266 465
266 468
266 470
266 471
266 472
266 473
266 477
266 479
266 480
266 483
266 485
266 492
266 494
266 495
266 497
266 498
266 499
266 500
266 501
266 502
266 505
266 506
266 508
266 509
266 512
266 517
266 518
266 519
266 521
266 522
266 523
266 524
266 525
266 526
266 527
266 528
266 529
266 530
266 531
266 532
266 534
266 535
266 536
266 537
266 540
266 541
266 544
266 545
266 546
266 548
266 549
266 550
266 557
266 559
266 561
266 563
266 564
266 565
266 566
266 568
266 569
266 570
266 572
266 573
266 574
266 576
266 577
266 578
266 579
266 585
266 587
266 588
266 589
266 590
266 591
266 592
266 593
266 594
266 595
266 599
266 600
266 602
266 604
266 605
266 606
266 607
266 608
266 610
266 611
266 612
266 613
266 618
266 621
266 623
266 624
266 629
266 631
266 633
266 634
266 637
266 638
266 641
266 642
266 643
266 644
266 645
266 646
266 648
266 650
266 651
266 655
266 656
266 657
266 658
266 659
266 664
266 666
266 668
266 674
266 675
266 676
266 678
266 679
266 681
266 683
266 684
266 685
266 686
266 688
266 689
266 690
266 691
266 693
266 694
266 698
266 699
266 701
266 703
266 704
266 705
266 707
266 708
266 711
266 712
266 713
266 714
266 723
266 726
266 727
266 736
266 737
266 739
266 740
266 742
266 745
266 746
266 747
266 749
266 750
266 752
266 754
266 757
266 760
266 762
266 765
266 767
266 770
266 771
266 773
266 775
266 776
266 777
266 781
266 783
266 784
266 785
266 787
266 791
266 793
266 794
266 796
266 797
266 798
267 401
267 402
267 404
267 406
267 409
267 410
267 412
267 416
267 417
267 420
267 421
267 422
267 426
267 427
267 428
267 430
267 431
267 437
267 439
267 443
267 444
267 447
267 450
267 453
267 454
267 455
267 460
267 463
267 468
267 477
267 478
267 479
267 480
267 481
267 485
267 486
267 487
267 489
267 491
267 493
267 495
267 496
267 497
267 500
267 502
267 504
267 505
267 509
267 511
267 512
267 514
267 515
267 516
267 518
267 520
267 521
267 522
267 523
267 525
267 526
267 527
267 528
267 531
267 532
267 534
267 537
267 541
267 544
267 545
267 548
267 550
267 551
267 552
267 553
267 555
267 558
267 562
267 563
267 566
267 568
267 574
267 575
267 576
267 578
267 581
267 582
267 583
267 587
267 588
267 589
267 592
267 593
267 594
267 596
267 599
267 600
267 603
267 604
267 605
267 610
267 611
267 613
267 614
267 615
267 617
267 618
267 619
267 621
267 622
267 623
267 626
267 628
267 630
267 631
267 633
267 635
267 636
267 638
267 641
267 642
267 646
267 647
267 649
267 651
267 657
267 658
267 661
267 662
267 672
267 679
267 680
267 681
267 688
267 691
267 695
267 700
267 701
267 703
267 704
267 711
267 713
267 714
267 716
267 717
267 719
267 720
267 721
267 724
267 725
267 728
267 731
267 735
267 736
267 739
267 740
267 741
267 743
267 744
267 746
267 747
267 748
267 752
267 753
267 754
267 758
267 759
267 763
267 765
267 767
267 768
267 770
267 773
267 777
267 780
267 781
267 782
267 784
267 785
267 787
267 790
267 792
267 794
267 797
268 407
268 409
268 411
268 413
268 415
268 416
268 418
268 421
268 423
268 425
268 426
268 427
268 428
268 432
268 433
268 436
268 437
268 438
268 439
268 441
268 442
268 447
268 449
268 452
268 453
268 455
268 456
268 460
268 463
268 465
268 470
268 472
268 474
268 475
268 476
268 477
268 478
268 480
268 481
268 482
268 484
268 485
268 486
268 488
268 490
268 492
268 494
268 496
268 499
268 500
268 502
268 504
268 505
268 506
268 508
268 510
268 511
268 512
268 514
268 517
268 518
268 519
268 521
268 522
268 523
268 524
268 525
268 526
268 527
268 528
268 529
268 531
268 532
268 533
268 537
268 539
268 543
268 544
268 545
268 547
268 550
268 551
268 552
268 553
268 556
268 557
268 558
268 559
268 564
268 565
268 569
268 570
268 571
268 573
268 574
268 575
268 576
268 578
268 580
268 584
268 586
268 596
268 601
268 602
268 603
268 605
268 607
268 609
268 610
268 611
268 615
268 616
268 617
268 619
268 620
268 622
268 626
268 627
268 628
268 630
268 633
268 635
268 638
268 640
268 641
268 642
268 643
268 644
268 646
268 652
268 653
268 654
268 658
268 662
268 666
268 667
268 668
268 670
268 671
268 672
268 674
268 675
268 676
268 678
268 680
268 683
268 684
268 685
268 687
268 688
268 691
268 692
268 693
268 694
268 697
268 698
268 699
268 700
268 702
268 704
268 707
268 709
268 710
268 714
268 718
268 720
268 723
268 724
268 727
268 730
268 735
268 736
268 737
268 738
268 739
268 740
268 741
268 746
268 747
268 748
268 752
268 753
268 754
268 756
268 757
268 758
268 759
268 764
268 765
268 770
268 772
268 774
268 778
268 780
268 781
268 785
268 786
268 790
268 791
268 792
268 798
268 800
269 401
269 406
269 407
269 409
269 411
269 413
269 415
269 416
269 419
269 422
269 423
269 425
269 427
269 428
269 429
269 431
269 432
269 435
269 436
269 438
269 441
269 446
269 449
269 451
269 452
269 453
269 454
269 456
269 459
269 460
269 461
269 462
269 464
269 465
269 466
269 468
269 469
269 473
269 474
269 475
269 477
269 478
269 479
269 482
269 488
269 489
269 490
269 493
269 495
269 496
269 498
269 501
269 503
269 505
269 508
269 509
269 511
269 513
269 514
269 515
269 517
269 519
269 524
269 525
269 527
269 529
269 531
269 532
269 534
269 535
269 536
269 537
269 538
269 540
269 542
269 546
269 548
269 550
269 554
269 555
269 556
269 557
269 558
269 559
269 562
269 564
269 565
269 569
269 571
269 572
269 573
269 574
269 579
269 581
269 582
269 584
269 585
269 587
269 588
269 590
269 591
269 592
269 593
269 595
269 596
269 597
269 598
269 600
269 601
269 602
269 605
269 612
269 614
269 615
269 616
269 618
269 621
269 622
269 623
269 624
269 625
269 626
269 628
269 629
269 630
269 634
269 637
269 638
269 640
269 641
269 643
269 644
269 646
269 647
269 648
269 649
269 651
269 653
269 657
269 659
269 664
269 668
269 672
269 673
269 674
269 678
269 679
269 680
269 681
269 682
269 684
269 687
269 688
269 689
269 690
269 691
269 695
269 696
269 697
269 698
269 701
269 704
269 705
269 706
269 707
269 710
269 712
269 716
269 717
269 718
269 719
269 720
269 722
269 724
269 725
269 726
269 731
269 734
269 736
269 737
269 739
269 740
269 742
269 743
269 744
269 745
269 749
269 750
269 751
269 752
269 753
269 754
269 756
269 757
269 762
269 765
269 768
269 769
269 770
269 771
269 773
269 776
269 777
269 783
269 785
269 786
269 787
269 788
269 789
269 792
269 794
269 796
269 797
269 800
270 408
270 409
270 410
270 413
270 414
270 415
270 416
270 417
270 422
270 423
270 426
270 427
270 428
270 430
270 433
270 434
270 435
270 437
270 441
270 444
270 445
270 447
270 449
270 450
270 454
270 456
270 457
270 458
270 459
270 462
270 465
270 466
270 468
270 469
270 470
270 471
270 473
270 478
270 479
270 481
270 482
270 483
270 484
270 486
270 488
270 489
270 492
270 494
270 497
270 504
270 506
270 508
270 513
270 514
270 515
270 518
270 520
270 523
270 527
270 528
270 529
270 530
270 531
270 533
270 534
270 535
270 536
270 537
270 542
270 543
270 544
270 546
270 547
270 551
270 553
270 555
270 558
270 559
270 562
270 565
270 566
270 567
270 569
270 576
270 577
270 580
270 581
270 583
270 585
270 588
270 591
270 592
270 597
270 605
270 607
270 611
270 614
270 617
270 622
270 623
270 625
270 628
270 629
270 630
270 633
270 635
270 637
270 638
270 640
270 642
270 645
270 649
270 650
270 651
270 652
270 653
270 655
270 656
270 660
270 662
270 665
270 666
270 669
270 670
270 671
270 672
270 673
270 674
270 675
270 676
270 677
270 679
270 680
270 684
270 685
270 686
270 687
270 689
270 691
270 693
270 694
270 695
270 696
270 697
270 698
270 700
270 704
270 707
270 710
270 711
270 713
270 714
270 715
270 717
270 719
270 723
270 726
270 727
270 729
270 730
270 732
270 733
270 734
270 735
270 736
270 741
270 742
270 743
270 744
270 745
270 747
270 748
270 749
270 750
270 756
270 759
270 761
270 762
270 763
270 764
270 767
270 768
270 769
270 770
270 771
270 773
270 777
270 778
270 783
270 784
270 785
270 789
270 790
270 794
270 797
270 798
270 799
270 800
271 402
271 405
271 406
271 407
271 408
271 410
271 412
271 413
271 420
271 421
271 422
271 423
271 426
271 427
271 428
271 429
271 430
271 431
271 434
271 436
271 440
271 443
271 446
271 447
271 448
271 449
271 450
271 451
271 452
271 454
271 455
271 459
271 460
271 462
271 463
271 465
271 466
271 468
271 470
271 471
271 472
271 477
271 482
271 483
271 484
271 486
271 489
271 491
271 492
271 493
271 494
271 501
271 508
271 509
271 510
271 512
271 513
271 515
271 517
271 520
271 525
271 527
271 528
271 530
271 531
271 535
271 536
271 542
271 547
271 548
271 551
271 554
271 555
271 561
271 562
271 563
271 566
271 570
271 575
271 577
271 589
271 593
271 594
271 597
271 598
271 600
271 603
271 604
271 608
271 609
271 613
271 614
271 615
271 617
271 624
271 625
271 628
271 629
271 632
271 633
271 634
271 636
271 639
271 640
271 641
271 642
271 645
271 647
271 648
271 655
271 656
271 658
271 659
271 660
271 662
271 668
271 669
271 670
271 672
271 673
271 675
271 677
271 682
271 683
271 684
271 687
271 688
271 689
271 691
271 692
271 693
271 694
271 695
271 698
271 700
271 703
271 707
271 708
271 709
271 710
271 713
271 715
271 716
271 718
271 719
271 720
271 721
271 725
271 726
271 728
271 729
271 730
271 731
271 732
271 733
271 737
271 743
271 746
271 747
271 748
271 749
271 754
271 755
271 756
271 760
271 761
271 765
271 773
271 779
271 780
271 781
271 782
271 783
271 784
271 785
271 787
271 791
271 792
271 795
271 796
272 404
272 406
272 407
272 408
272 411
272 413
272 415
272 417
272 418
272 421
272 423
272 426
272 427
272 430
272 431
272 433
272 434
272 436
272 438
272 439
272 440
272 444
272 446
272 450
272 453
272 455
272 457
272 458
272 459
272 460
272 461
272 462
272 464
272 470
272 471
272 472
272 473
272 474
272 475
272 477
272 480
272 482
272 483
272 484
272 485
272 488
272 489
272 490
272 491
272 493
272 494
272 497
272 498
272 499
272 501
272 502
272 504
272 505
272 506
272 509
272 510
272 518
272 520
272 524
272 525
272 527
272 529
272 533
272 535
272 540
272 543
272 548
272 550
272 552
272 553
272 559
272 560
272 563
272 567
272 569
272 570
272 571
272 572
272 573
272 574
272 575
272 580
272 581
272 583
272 585
272 586
272 587
272 588
272 590
272 592
272 595
272 596
272 600
272 602
272 603
272 604
272 608
272 611
272 613
272 616
272 621
272 622
272 623
272 624
272 626
272 628
272 633
272 634
272 635
272 637
272 638
272 639
272 641
272 642
272 643
272 647
272 648
272 651
272 653
272 657
272 658
272 659
272 662
272 664
272 665
272 666
272 667
272 668
272 669
272 670
272 671
272 672
272 675
272 677
272 678
272 679
272 680
272 681
272 684
272 686
272 688
272 689
272 690
272 692
272 697
272 701
272 703
272 704
272 706
272 711
272 712
272 714
272 715
272 718
272 721
272 725
272 728
272 729
272 731
272 732
272 733
272 735
272 736
272 737
272 738
272 739
272 740
272 741
272 742
272 744
272 745
272 748
272 750
272 751
272 752
272 753
272 755
272 756
272 759
272 761
272 763
272 764
272 767
272 772
272 774
272 776
272 777
272 779
272 784
272 786
272 789
272 792
272 794
272 796
272 798
272 799
272 800
273 401
273 402
273 404
273 405
273 407
273 410
273 413
273 426
273 427
273 431
273 435
273 437
273 441
273 442
273 443
273 447
273 448
273 449
273 451
273 456
273 458
273 460
273 461
273 462
273 463
273 464
273 466
273 469
273 474
273 475
273 477
273 479
273 480
273 481
273 483
273 484
273 485
273 487
273 488
273 492
273 493
273 495
273 499
273 502
273 503
273 509
273 511
273 512
273 513
273 517
273 518
273 522
273 525
273 526
273 530
273 532
273 535
273 537
273 538
273 539
273 540
273 541
273 542
273 549
273 551
273 554
273 555
273 557
273 560
273 566
273 567
273 568
273 570
273 574
273 575
273 576
273 577
273 578
273 581
273 582
273 583
273 584
273 586
273 587
273 590
273 594
273 596
273 597
273 599
273 601
273 603
273 606
273 607
273 609
273 612
273 614
273 616
273 618
273 619
273 623
273 624
273 627
273 629
273 630
273 631
273 632
273 633
273 635
273 636
273 638
273 639
273 641
273 642
273 644
273 645
273 647
273 648
273 649
273 654
273 655
273 659
273 661
273 662
273 663
273 664
273 666
273 667
273 669
273 671
273 672
273 673
273 674
273 675
273 676
273 677
273 680
273 681
273 682
273 683
273 686
273 687
273 688
273 689
273 690
273 691
273 693
273 695
273 697
273 701
273 703
273 705
273 708
273 710
273 712
273 713
273 714
273 715
273 716
273 717
273 718
273 719
273 720
273 722
273 723
273 726
273 729
273 730
273 732
273 733
273 736
273 739
273 740
273 741
273 742
273 745
273 748
273 753
273 754
273 761
273 764
273 765
273 769
273 770
273 771
273 772
273 774
273 775
273 776
273 778
273 781
273 782
273 783
273 786
273 788
273 789
273 791
273 792
273 794
273 797
273 798
273 800
274 401
274 405
274 406
274 407
274 408
274 410
274 413
274 414
274 416
274 419
274 420
274 422
274 423
274 424
274 426
274 427
274 429
274 433
274 434
274 437
274 438
274 439
274 442
274 444
274 448
274 451
274 453
274 457
274 459
274 460
274 461
274 463
274 466
274 467
274 468
274 469
274 470
274 471
274 472
274 474
274 478
274 480
274 481
274 489
274 492
274 493
274 494
274 496
274 498
274 502
274 506
274 507
274 509
274 510
274 511
274 514
274 515
274 516
274 517
274 519
274 522
274 525
274 526
274 528
274 529
274 537
274 538
274 539
274 541
274 544
274 546
274 547
274 550
274 553
274 555
274 557
274 560
274 561
274 562
274 563
274 565
274 567
274 570
274 573
274 574
274 576
274 577
274 581
274 582
274 583
274 585
274 587
274 588
274 592
274 593
274 595
274 596
274 600
274 601
274 602
274 604
274 607
274 608
274 609
274 611
274 614
274 617
274 618
274 619
274 620
274 621
274 622
274 623
274 624
274 625
274 626
274 627
274 628
274 629
274 632
274 635
274 637
274 641
274 643
274 644
274 645
274 654
274 655
274 657
274 659
274 660
274 661
274 663
274 666
274 668
274 669
274 672
274 673
274 674
274 676
274 677
274 678
274 679
274 683
274 692
274 695
274 697
274 698
274 699
274 701
274 702
274 704
274 705
274 707
274 708
274 710
274 711
274 714
274 716
274 717
274 719
274 720
274 721
274 723
274 724
274 726
274 733
274 735
274 738
274 739
274 743
274 745
274 746
274 747
274 748
274 750
274 751
274 752
274 753
274 755
274 757
274 758
274 759
274 760
274 762
274 763
274 765
274 766
274 767
274 772
274 777
274 780
274 782
274 783
274 787
274 793
274 794
274 795
274 798
274 799
275 401
275 404
275 406
275 407
275 410
275 413
275 415
275 416
275 421
275 422
275 424
275 425
275 429
275 430
275 431
275 434
275 438
275 444
275 445
275 447
275 451
275 454
275 455
275 456
275 457
275 458
275 459
275 463
275 465
275 466
275 468
275 469
275 472
275 476
275 481
275 485
275 488
275 489
275 490
275 492
275 493
275 495
275 496
275 500
275 503
275 505
275 508
275 509
275 510
275 514
275 515
275 516
275 517
275 518
275 519
275 522
275 525
275 536
275 537
275 539
275 544
275 545
275 550
275 552
275 557
275 560
275 561
275 562
275 565
275 568
275 569
275 570
275 571
275 573
275 575
275 576
275 578
275 579
275 580
275 581
275 582
275 585
275 587
275 589
275 590
275 592
275 593
275 595
275 598
275 601
275 602
275 603
275 605
275 606
275 611
275 612
275 616
275 618
275 624
275 630
275 635
275 639
275 640
275 645
275 650
275 655
275 656
275 666
275 667
275 668
275 669
275 670
275 673
275 676
275 679
275 685
275 687
275 689
275 692
275 693
275 697
275 699
275 700
275 703
275 706
275 708
275 709
275 711
275 713
275 714
275 716
275 717
275 719
275 720
275 721
275 726
275 727
275 729
275 731
275 733
275 736
275 737
275 738
275 739
275 740
275 741
275 743
275 747
275 748
275 749
275 750
275 752
275 753
275 754
275 756
275 757
275 760
275 761
275 764
275 766
275 769
275 770
275 771
275 772
275 773
275 775
275 777
275 778
275 779
275 784
275 785
275 787
275 788
275 790
275 794
275 795
275 798
275 799
276 402
276 403
276 404
276 406
276 407
276 408
276 410
276 411
276 413
276 415
276 418
276 419
276 421
276 423
276 426
276 427
276 428
276 429
276 430
276 431
276 432
276 433
276 436
276 437
276 439
276 441
276 443
276 446
276 447
276 451
276 453
276 454
276 457
276 458
276 459
276 460
276 463
276 466
276 467
276 468
276 469
276 471
276 472
276 473
276 474
276 478
276 479
276 481
276 483
276 486
276 488
276 491
276 492
276 493
276 494
276 497
276 498
276 504
276 507
276 509
276 511
276 514
276 516
276 518
276 519
276 520
276 523
276 524
276 526
276 527
276 529
276 530
276 532
276 534
276 535
276 537
276 540
276 541
276 543
276 544
276 545
276 546
276 547
276 548
276 550
276 551
276 552
276 553
276 554
276 555
276 556
276 558
276 561
276 563
276 564
276 566
276 570
276 573
276 574
276 576
276 577
276 579
276 589
276 590
276 592
276 594
276 598
276 599
276 600
276 602
276 604
276 605
276 607
276 608
276 610
276 611
276 615
276 616
276 618
276 620
276 624
276 626
276 629
276 632
276 633
276 636
276 638
276 639
276 642
276 644
276 645
276 646
276 648
276 651
276 652
276 653
276 655
276 658
276 659
276 660
276 664
276 665
276 667
276 668
276 670
276 671
276 673
276 674
276 675
276 676
276 681
276 684
276 685
276 686
276 687
276 688
276 690
276 693
276 694
276 697
276 701
276 702
276 703
276 704
276 705
276 707
276 709
276 712
276 714
276 715
276 720
276 722
276 724
276 725
276 726
276 727
276 729
276 730
276 735
276 738
276 740
276 741
276 743
276 748
276 749
276 750
276 751
276 753
276 756
276 757
276 758
276 759
276 760
276 761
276 764
276 765
276 768
276 769
276 770
276 773
276 774
276 777
276 778
276 779
276 785
276 790
276 792
276 795
276 796
276 797
276 799
277 404
277 405
277 408
277 409
277 410
277 413
277 415
277 416
277 417
277 419
277 420
277 424
277 426
277 428
277 429
277 432
277 434
277 436
277 437
277 439
277 442
277 443
277 444
277 445
277 448
277 449
277 451
277 452
277 456
277 458
277 459
277 462
277 463
277 465
277 466
277 468
277 469
277 472
277 474
277 475
277 476
277 477
277 478
277 482
277 485
277 488
277 490
277 491
277 497
277 500
277 501
277 502
277 503
277 505
277 506
277 513
277 514
277 515
277 516
277 517
277 518
277 520
277 521
277 523
277 525
277 527
277 529
277 532
277 533
277 534
277 540
277 543
277 544
277 547
277 550
277 553
277 554
277 556
277 558
277 563
277 564
277 566
277 568
277 569
277 570
277 573
277 575
277 577
277 582
277 583
277 586
277 587
277 588
277 589
277 592
277 595
277 596
277 598
277 599
277 600
277 601
277 604
277 606
277 607
277 608
277 609
277 610
277 611
277 613
277 614
277 615
277 617
277 625
277 628
277 629
277 630
277 632
277 633
277 634
277 635
277 641
277 642
277 645
277 648
277 649
277 650
277 651
277 652
277 654
277 655
277 657
277 661
277 666
277 667
277 668
277 669
277 670
277 673
277 675
277 680
277 681
277 682
277 683
277 684
277 686
277 688
277 689
277 692
277 694
277 696
277 698
277 702
277 703
277 706
277 707
277 709
277 711
277 713
277 717
277 718
277 723
277 724
277 725
277 726
277 727
277 728
277 729
277 732
277 735
277 738
277 739
277 740
277 743
277 744
277 745
277 746
277 748
277 749
277 753
277 755
277 760
277 761
277 762
277 764
277 765
277 766
277 768
277 770
277 771
277 773
277 780
277 782
277 783
277 784
277 785
277 787
277 788
277 789
277 790
277 792
277 794
277 795
277 797
277 798
277 799
277 800
278 403
278 404
278 406
278 407
278 410
278 411
278 418
278 419
278 421
278 428
278 430
278 431
278 434
278 435
278 437
278 438
278 441
278 443
278 444
278 448
278 449
278 450
278 454
278 457
278 461
278 465
278 466
278 470
278 471
278 472
278 475
278 477
278 478
278 483
278 489
278 490
278 492
278 493
278 497
278 499
278 500
278 502
278 503
278 504
278 506
278 509
278 510
278 511
278 512
278 513
278 517
278 520
278 521
278 522
278 524
278 525
278 527
278 529
278 530
278 535
278 537
278 542
278 549
278 550
278 554
278 555
278 557
278 559
278 560
278 561
278 566
278 569
278 573
278 574
278 576
278 578
278 579
278 580
278 583
278 586
278 587
278 588
278 591
278 592
278 595
278 601
278 602
278 603
278 605
278 606
278 607
278 608
278 609
278 610
278 611
278 614
278 617
278 618
278 621
278 622
278 625
278 630
278 633
278 636
278 637
278 640
278 641
278 642
278 643
278 644
278 647
278 651
278 652
278 653
278 655
278 656
278 658
278 659
278 661
278 662
278 663
278 668
278 669
278 670
278 671
278 675
278 682
278 684
278 686
278 687
278 689
278 691
278 696
278 697
278 699
278 700
278 701
278 702
278 704
278 705
278 711
278 713
278 715
278 716
278 718
278 719
278 721
278 724
278 726
278 727
278 728
278 729
278 730
278 731
278 732
278 735
278 738
278 739
278 741
278 742
278 745
278 746
278 747
278 748
278 749
278 751
278 752
278 758
278 760
278 762
278 764
278 765
278 774
278 776
278 780
278 781
278 782
278 783
278 787
278 789
278 790
278 792
278 794
278 798
278 799
279 401
279 402
279 403
279 405
279 407
279 409
279 412
279 413
279 414
279 416
279 417
279 419
279 420
279 422
279 425
279 426
279 428
279 430
279 433
279 435
279 437
279 438
279 448
279 454
279 455
279 457
279 459
279 461
279 462
279 464
279 465
279 466
279 467
279 468
279 469
279 471
279 473
279 475
279 477
279 479
279 480
279 481
279 484
279 485
279 486
279 487
279 490
279 492
279 493
279 494
279 498
279 499
279 500
279 501
279 503
279 507
279 508
279 509
279 512
279 515
279 516
279 517
279 519
279 520
279 522
279 523
279 524
279 525
279 526
279 528
279 529
279 537
279 538
279 539
279 540
279 541
279 542
279 544
279 547
279 548
279 551
279 552
279 557
279 558
279 559
279 560
279 562
279 565
279 566
279 568
279 569
279 570
279 573
279 575
279 576
279 578
279 580
279 581
279 582
279 586
279 587
279 590
279 591
279 592
279 593
279 594
279 595
279 596
279 598
279 602
279 604
279 606
279 607
279 608
279 610
279 611
279 612
279 614
279 615
279 616
279 620
279 621
279 622
279 623
279 624
279 625
279 627
279 629
279 630
279 631
279 636
279 640
279 644
279 646
279 648
279 649
279 650
279 651
279 652
279 653
279 654
279 657
279 658
279 659
279 661
279 663
279 664
279 665
279 666
279 667
279 670
279 671
279 677
279 678
279 680
279 681
279 683
279 685
279 687
279 690
279 693
279 695
279 696
279 697
279 703
279 705
279 707
279 709
279 713
279 714
279 715
279 716
279 717
279 719
279 721
279 723
279 724
279 725
279 730
279 734
279 737
279 738
279 743
279 745
279 746
279 747
279 748
279 749
279 750
279 754
279 755
279 756
279 757
279 760
279 762
279 763
279 765
279 766
279 770
279 771
279 772
279 775
279 780
279 782
279 783
279 784
279 787
279 788
279 789
279 792
279 794
279 795
279 796
279 797
279 799
280 402
280 408
280 410
280 412
280 413
280 415
280 416
280 417
280 419
280 421
280 423
280 424
280 426
280 429
280 431
280 432
280 434
280 437
280 445
280 446
280 450
280 452
280 453
280 454
280 455
280 456
280 458
280 460
280 462
280 463
280 465
280 467
280 470
280 472
280 474
280 476
280 478
280 484
280 486
280 488
280 490
280 491
280 493
280 495
280 496
280 497
280 499
280 504
280 507
280 509
280 516
280 517
280 519
280 525
280 526
280 529
280 533
280 534
280 537
280 538
280 541
280 545
280 546
280 554
280 556
280 558
280 559
280 560
280 562
280 565
280 567
280 568
280 569
280 570
280 572
280 574
280 575
280 580
280 581
280 582
280 585
280 591
280 592
280 593
280 594
280 595
280 598
280 600
280 604
280 605
280 608
280 609
280 612
280 613
280 614
280 615
280 616
280 617
280 618
280 619
280 620
280 622
280 623
280 624
280 626
280 628
280 629
280 630
280 631
280 632
280 634
280 635
280 642
280 643
280 647
280 648
280 649
280 651
280 654
280 655
280 656
280 658
280 659
280 660
280 662
280 663
280 670
280 676
280 677
280 679
280 680
280 683
280 685
280 687
280 688
280 690
280 691
280 694
280 696
280 701
280 704
280 705
280 706
280 707
280 708
280 709
280 710
280 714
280 718
280 721
280 722
280 725
280 726
280 727
280 734
280 735
280 737
280 739
280 742
280 743
280 744
280 745
280 749
280 750
280 756
280 758
280 759
280 761
280 762
280 766
280 767
280 770
280 772
280 776
280 778
280 781
280 782
280 783
280 784
280 789
280 791
280 792
280 793
280 794
280 795
280 800
281 404
281 405
281 407
281 412
281 413
281 422
281 424
281 425
281 426
281 427
281 430
281 431
281 437
281 439
281 440
281 441
281 444
281 448
281 449
281 450
281 452
281 454
281 455
281 457
281 458
281 459
281 462
281 463
281 465
281 468
281 469
281 470
281 471
281 478
281 479
281 480
281 486
281 490
281 491
281 493
281 494
281 496
281 500
281 504
281 505
281 507
281 511
281 512
281 513
281 516
281 517
281 518
281 520
281 521
281 522
281 524
281 525
281 527
281 528
281 533
281 538
281 539
281 540
281 541
281 546
281 551
281 552
281 553
281 554
281 557
281 558
281 559
281 561
281 562
281 563
281 564
281 565
281 569
281 571
281 574
281 576
281 578
281 579
281 584
281 586
281 587
281 590
281 591
281 592
281 595
281 597
281 598
281 600
281 605
281 606
281 610
281 611
281 612
281 614
281 615
281 617
281 618
281 622
281 624
281 629
281 636
281 641
281 644
281 645
281 647
281 648
281 651
281 652
281 654
281 655
281 657
281 658
281 659
281 660
281 663
281 664
281 665
281 666
281 667
281 668
281 669
281 670
281 671
281 673
281 675
281 676
281 680
281 681
281 683
281 684
281 686
281 687
281 691
281 695
281 697
281 698
281 699
281 702
281 703
281 707
281 708
281 709
281 713
281 715
281 716
281 717
281 718
281 719
281 722
281 723
281 726
281 728
281 729
281 731
281 733
281 735
281 736
281 737
281 738
281 739
281 740
281 741
281 743
281 746
281 749
281 753
281 756
281 758
281 759
281 763
281 764
281 766
281 767
281 768
281 769
281 771
281 774
281 777
281 781
281 782
281 791
281 796
281 797
281 798
281 799
281 800
282 403
282 406
282 408
282 413
282 414
282 416
282 417
282 418
282 420
282 421
282 424
282 425
282 428
282 430
282 431
282 432
282 433
282 434
282 440
282 442
282 445
282 449
282 450
282 451
282 453
282 454
282 458
282 461
282 462
282 464
282 466
282 478
282 480
282 488
282 489
282 490
282 491
282 492
282 495
282 496
282 497
282 499
282 502
282 504
282 505
282 507
282 510
282 511
282 513
282 516
282 517
282 518
282 520
282 522
282 527
282 528
282 529
282 530
282 532
282 533
282 534
282 535
282 537
282 538
282 540
282 542
282 543
282 545
282 546
282 548
282 549
282 550
282 555
282 556
282 559
282 560
282 564
282 566
282 572
282 575
282 577
282 582
282 585
282 586
282 592
282 593
282 595
282 596
282 598
282 600
282 601
282 602
282 603
282 605
282 607
282 609
282 610
282 612
282 613
282 616
282 617
282 625
282 627
282 628
282 630
282 631
282 634
282 635
282 637
282 639
282 640
282 641
282 642
282 643
282 645
282 647
282 648
282 651
282 654
282 655
282 656
282 658
282 661
282 663
282 664
282 667
282 668
282 671
282 676
282 678
282 679
282 683
282 684
282 685
282 686
282 687
282 688
282 689
282 690
282 692
282 693
282 695
282 697
282 702
282 703
282 705
282 709
282 710
282 711
282 714
282 715
282 717
282 719
282 720
282 722
282 723
282 725
282 730
282 732
282 733
282 736
282 738
282 741
282 744
282 745
282 747
282 748
282 751
282 752
282 753
282 755
282 756
282 757
282 760
282 762
282 767
282 769
282 772
282 774
282 776
282 779
282 784
282 785
282 787
282 789
282 791
282 792
282 793
282 794
282 796
282 798
282 800
283 401
283 403
283 404
283 406
283 407
283 409
283 411
283 412
283 413
283 414
283 415
283 416
283 419
283 422
283 423
283 424
283 430
283 431
283 432
283 433
283 434
283 435
283 436
283 442
283 443
283 444
283 451
283 453
283 454
283 455
283 457
283 459
283 461
283 464
283 466
283 468
283 473
283 476
283 477
283 478
283 480
283 481
283 483
283 485
283 486
283 489
283 490
283 491
283 492
283 495
283 497
283 501
283 504
283 505
283 506
283 507
283 508
283 510
283 511
283 514
283 515
283 516
283 519
283 520
283 522
283 524
283 526
283 532
283 533
283 535
283 536
283 538
283 539
283 540
283 543
283 544
283 553
283 556
283 559
283 560
283 561
283 566
283 567
283 572
283 573
283 576
283 578
283 580
283 581
283 583
283 584
283 586
283 590
283 591
283 592
283 595
283 596
283 598
283 600
283 601
283 602
283 603
283 606
283 607
283 608
283 609
283 611
283 612
283 613
283 617
283 618
283 619
283 620
283 622
283 623
283 624
283 628
283 632
283 634
283 638
283 639
283 640
283 642
283 643
283 644
283 645
283 646
283 648
283 649
283 652
283 653
283 654
283 656
283 657
283 659
283 662
283 663
283 664
283 666
283 667
283 668
283 677
283 681
283 683
283 684
283 686
283 687
283 689
283 691
283 692
283 693
283 695
283 697
283 700
283 701
283 702
283 704
283 705
283 706
283 711
283 712
283 715
283 717
283 719
283 720
283 721
283 724
283 725
283 726
283 729
283 732
283 733
283 735
283 737
283 738
283 740
283 741
283 748
283 749
283 750
283 756
283 760
283 761
283 765
283 768
283 770
283 774
283 777
283 778
283 782
283 783
283 784
283 787
283 789
283 790
283 793
283 794
283 795
283 797
283 798
283 800
284 401
284 402
284 404
284 405
284 406
284 407
284 408
284 411
284 412
284 413
284 416
284 417
284 420
284 422
284 427
284 428
284 429
284 430
284 431
284 435
284 437
284 438
284 440
284 446
284 447
284 449
284 454
284 455
284 457
284 459
284 461
284 462
284 463
284 466
284 468
284 470
284 471
284 473
284 474
284 475
284 478
284 479
284 481
284 482
284 483
284 484
284 485
284 486
284 488
284 489
284 491
284 492
284 493
284 495
284 498
284 499
284 500
284 508
284 512
284 513
284 514
284 516
284 517
284 518
284 519
284 520
284 521
284 522
284 526
284 527
284 530
284 532
284 533
284 538
284 539
284 540
284 541
284 543
284 547
284 548
284 549
284 552
284 554
284 555
284 559
284 560
284 561
284 566
284 567
284 569
284 571
284 572
284 577
284 579
284 580
284 585
284 588
284 589
284 591
284 592
284 595
284 596
284 598
284 602
284 607
284 608
284 609
284 610
284 611
284 613
284 616
284 618
284 619
284 620
284 623
284 626
284 627
284 628
284 629
284 631
284 632
284 633
284 635
284 638
284 640
284 646
284 649
284 650
284 651
284 652
284 653
284 656
284 660
284 661
284 663
284 664
284 665
284 671
284 678
284 682
284 684
284 687
284 692
284 696
284 698
284 699
284 700
284 702
284 703
284 704
284 706
284 709
284 716
284 717
284 719
284 720
284 721
284 722
284 724
284 725
284 727
284 728
284 729
284 730
284 731
284 740
284 742
284 744
284 745
284 747
284 749
284 751
284 752
284 756
284 759
284 760
284 761
284 762
284 763
284 766
284 767
284 768
284 770
284 771
284 773
284 777
284 778
284 779
284 780
284 783
284 787
284 788
284 789
284 791
284 792
284 796
284 800
285 401
285 402
285 407
285 408
285 409
285 411
285 414
285 415
285 418
285 420
285 421
285 422
285 423
285 424
285 425
285 429
285 432
285 434
285 435
285 437
285 444
285 447
285 449
285 450
285 453
285 455
285 456
285 457
285 459
285 460
285 461
285 462
285 463
285 466
285 469
285 470
285 471
285 473
285 477
285 478
285 479
285 481
285 483
285 487
285 490
285 491
285 493
285 496
285 497
285 498
285 500
285 505
285 507
285 509
285 514
285 516
285 517
285 520
285 521
285 522
285 525
285 528
285 529
285 531
285 532
285 533
285 535
285 536
285 539
285 542
285 544
285 551
285 553
285 555
285 556
285 559
285 560
285 563
285 564
285 565
285 567
285 573
285 576
285 577
285 579
285 581
285 584
285 585
285 586
285 588
285 590
285 591
285 592
285 593
285 597
285 601
285 602
285 604
285 605
285 606
285 607
285 610
285 611
285 612
285 614
285 615
285 616
285 620
285 621
285 625
285 632
285 633
285 638
285 639
285 640
285 642
285 643
285 644
285 645
285 649
285 653
285 654
285 656
285 664
285 665
285 667
285 668
285 670
285 671
285 672
285 677
285 679
285 681
285 682
285 686
285 687
285 689
285 690
285 692
285 693
285 696
285 700
285 704
285 705
285 715
285 718
285 719
285 720
285 721
285 724
285 726
285 727
285 728
285 732
285 734
285 735
285 736
285 738
285 739
285 741
285 742
285 743
285 744
285 745
285 747
285 748
285 749
285 750
285 752
285 757
285 758
285 760
285 763
285 764
285 765
285 768
285 772
285 774
285 776
285 778
285 780
285 782
285 784
285 787
285 789
285 791
285 793
285 795
285 799
285 800
286 401
286 403
286 406
286 407
286 408
286 409
286 410
286 411
286 412
286 413
286 414
286 415
286 416
286 419
286 420
286 421
286 422
286 423
286 425
286 426
286 428
286 429
286 430
286 431
286 432
286 434
286 439
286 442
286 446
286 452
286 453
286 455
286 456
286 457
286 458
286 459
286 460
286 461
286 462
286 463
286 469
286 471
286 472
286 473
286 477
286 480
286 481
286 482
286 483
286 484
286 487
286 490
286 491
286 492
286 493
286 494
286 495
286 496
286 499
286 500
286 502
286 504
286 506
286 507
286 509
286 513
286 514
286 515
286 517
286 518
286 522
286 524
286 525
286 526
286 528
286 530
286 534
286 537
286 539
286 540
286 542
286 545
286 546
286 548
286 549
286 550
286 551
286 556
286 557
286 559
286 561
286 563
286 564
286 566
286 568
286 570
286 571
286 573
286 574
286 576
286 577
286 578
286 586
286 589
286 591
286 594
286 596
286 598
286 600
286 602
286 604
286 605
286 607
286 608
286 610
286 612
286 613
286 614
286 616
286 618
286 619
286 620
286 622
286 625
286 626
286 628
286 631
286 632
286 635
286 638
286 643
286 644
286 646
286 654
286 656
286 657
286 658
286 659
286 660
286 662
286 663
286 664
286 666
286 667
286 669
286 673
286 674
286 675
286 678
286 679
286 680
286 682
286 685
286 686
286 688
286 690
286 691
286 692
286 693
286 696
286 702
286 703
286 704
286 705
286 707
286 708
286 709
286 715
286 716
286 717
286 720
286 721
286 722
286 724
286 725
286 726
286 727
286 728
286 729
286 733
286 736
286 739
286 741
286 742
286 745
286 746
286 747
286 750
286 756
286 757
286 758
286 759
286 760
286 762
286 764
286 765
286 766
286 767
286 768
286 769
286 770
286 774
286 776
286 778
286 780
286 781
286 782
286 784
286 785
286 786
286 787
286 788
286 790
286 791
286 792
286 794
286 795
286 800
287 401
287 403
287 404
287 405
287 406
287 409
287 410
287 411
287 413
287 414
287 417
287 418
287 420
287 421
287 422
287 426
287 427
287 428
287 430
287 435
287 436
287 439
287 441
287 443
287 445
287 446
287 449
287 451
287 453
287 455
287 456
287 457
287 458
287 459
287 460
287 461
287 462
287 464
287 465
287 466
287 468
287 469
287 474
287 475
287 476
287 478
287 479
287 482
287 483
287 485
287 488
287 489
287 491
287 492
287 493
287 494
287 496
287 499
287 500
287 501
287 502
287 503
287 506
287 507
287 509
287 510
287 511
287 516
287 520
287 521
287 524
287 525
287 527
287 528
287 530
287 532
287 534
287 535
287 536
287 537
287 539
287 540
287 541
287 542
287 543
287 545
287 546
287 548
287 549
287 550
287 553
287 554
287 556
287 558
287 559
287 561
287 562
287 566
287 567
287 571
287 572
287 573
287 574
287 578
287 579
287 580
287 581
287 583
287 584
287 590
287 591
287 592
287 593
287 596
287 597
287 598
287 602
287 603
287 604
287 609
287 617
287 618
287 620
287 622
287 624
287 625
287 629
287 630
287 631
287 636
287 639
287 643
287 644
287 646
287 647
287 649
287 650
287 653
287 654
287 655
287 657
287 659
287 661
287 662
287 665
287 666
287 667
287 671
287 676
287 680
287 681
287 684
287 686
287 687
287 689
287 692
287 693
287 694
287 695
287 697
287 703
287 704
287 705
287 706
287 707
287 708
287 712
287 714
287 715
287 718
287 719
287 721
287 722
287 723
287 727
287 729
287 731
287 736
287 744
287 745
287 746
287 748
287 751
287 752
287 755
287 757
287 761
287 762
287 765
287 766
287 770
287 771
287 773
287 775
287 777
287 779
287 781
287 786
287 789
287 790
287 792
287 795
287 796
287 797
287 799
288 403
288 405
288 406
288 407
288 408
288 409
288 411
288 412
288 414
288 415
288 420
288 424
288 425
288 429
288 433
288 437
288 438
288 440
288 442
288 443
288 444
288 445
288 446
288 448
288 449
288 450
288 451
288 452
288 454
288 456
288 461
288 463
288 466
288 473
288 474
288 475
288 476
288 477
288 480
288 482
288 483
288 484
288 485
288 486
288 487
288 493
288 496
288 497
288 499
288 501
288 504
288 507
288 508
288 509
288 511
288 513
288 516
288 519
288 520
288 521
288 522
288 523
288 525
288 527
288 528
288 530
288 531
288 532
288 534
288 538
288 539
288 540
288 541
288 544
288 545
288 549
288 551
288 559
288 561
288 564
288 565
288 566
288 567
288 568
288 569
288 570
288 574
288 577
288 578
288 581
288 582
288 583
288 584
288 586
288 587
288 590
288 591
288 594
288 596
288 597
288 599
288 600
288 601
288 603
288 605
288 607
288 612
288 615
288 616
288 617
288 618
288 620
288 622
288 623
288 624
288 625
288 626
288 631
288 632
288 633
288 634
288 635
288 637
288 638
288 641
288 645
288 647
288 650
288 651
288 653
288 654
288 655
288 656
288 658
288 662
288 663
288 664
288 665
288 666
288 668
288 669
288 670
288 671
288 672
288 674
288 675
288 679
288 685
288 686
288 689
288 691
288 692
288 693
288 696
288 697
288 698
288 699
288 700
288 701
288 702
288 705
288 707
288 708
288 710
288 715
288 716
288 718
288 719
288 720
288 721
288 723
288 726
288 727
288 732
288 733
288 734
288 737
288 738
288 740
288 743
288 744
288 745
288 747
288 750
288 751
288 753
288 756
288 758
288 759
288 760
288 762
288 763
288 764
288 766
288 767
288 768
288 771
288 774
288 776
288 777
288 780
288 781
288 782
288 784
288 786
288 787
288 789
288 790
288 792
288 793
288 794
288 797
288 800
289 402
289 405
289 410
289 412
289 414
289 415
289 417
289 418
289 419
289 420
289 421
289 423
289 425
289 426
289 428
289 431
289 434
289 435
289 436
289 439
289 441
289 442
289 443
289 445
289 448
289 449
289 450
289 451
289 453
289 454
289 457
289 460
289 463
289 464
289 465
289 466
289 469
289 470
289 471
289 474
289 477
289 482
289 483
289 489
289 492
289 493
289 495
289 496
289 498
289 499
289 501
289 502
289 504
289 505
289 506
289 507
289 508
289 509
289 513
289 514
289 515
289 516
289 517
289 518
289 521
289 524
289 528
289 529
289 533
289 536
289 542
289 545
289 546
289 547
289 549
289 551
289 554
289 558
289 559
289 561
289 562
289 565
289 568
289 569
289 570
289 571
289 573
289 574
289 578
289 579
289 580
289 585
289 587
289 588
289 589
289 591
289 592
289 593
289 594
289 595
289 600
289 602
289 603
289 604
289 607
289 608
289 609
289 614
289 616
289 617
289 618
289 619
289 622
289 623
289 625
289 631
289 632
289 633
289 637
289 638
289 639
289 640
289 641
289 643
289 647
289 651
289 652
289 653
289 654
289 657
289 658
289 660
289 661
289 665
289 666
289 668
289 670
289 671
289 672
289 674
289 676
289 677
289 678
289 680
289 683
289 686
289 688
289 690
289 692
289 693
289 695
289 697
289 698
289 699
289 703
289 709
289 710
289 711
289 712
289 713
289 715
289 716
289 718
289 719
289 721
289 722
289 724
289 725
289 726
289 727
289 729
289 733
289 735
289 737
289 740
289 742
289 744
289 746
289 749
289 756
289 757
289 760
289 762
289 763
289 767
289 768
289 770
289 771
289 772
289 773
289 774
289 775
289 778
289 787
289 788
289 790
289 793
289 795
289 796
289 797
289 799
289 800
290 402
290 403
290 404
290 405
290 408
290 410
290 413
290 414
290 415
290 416
290 419
290 422
290 425
290 427
290 430
290 431
290 432
290 434
290 436
290 437
290 438
290 439
290 441
290 442
290 445
290 446
290 448
290 449
290 452
290 455
290 456
290 457
290 459
290 461
290 462
290 463
290 464
290 465
290 466
290 470
290 472
290 473
290 474
290 475
290 476
290 478
290 485
290 486
290 489
290 490
290 491
290 492
290 496
290 497
290 499
290 500
290 501
290 506
290 510
290 512
290 516
290 521
290 522
290 524
290 526
290 528
290 530
290 537
290 540
290 541
290 545
290 547
290 548
290 549
290 550
290 551
290 553
290 554
290 555
290 556
290 559
290 561
290 563
290 566
290 567
290 568
290 570
290 571
290 572
290 574
290 575
290 576
290 577
290 579
290 580
290 581
290 586
290 590
290 591
290 592
290 593
290 594
290 596
290 599
290 600
290 601
290 602
290 604
290 605
290 606
290 607
290 617
290 618
290 621
290 622
290 624
290 628
290 629
290 630
290 639
290 641
290 643
290 645
290 647
290 649
290 650
290 653
290 655
290 656
290 660
290 662
290 664
290 665
290 666
290 669
290 670
290 671
290 675
290 676
290 680
290 682
290 683
290 684
290 687
290 690
290 692
290 694
290 695
290 699
290 703
290 705
290 706
290 707
290 708
290 710
290 713
290 714
290 715
290 716
290 717
290 718
290 721
290 722
290 723
290 724
290 725
290 726
290 728
290 729
290 731
290 732
290 734
290 736
290 737
290 740
290 743
290 747
290 750
290 751
290 753
290 754
290 755
290 757
290 759
290 761
290 762
290 763
290 764
290 768
290 769
290 770
290 771
290 772
290 773
290 777
290 780
290 784
290 785
290 786
290 788
290 789
290 794
290 795
290 798
290 799
290 800
291 403
291 404
291 409
291 410
291 411
291 412
291 414
291 416
291 419
291 421
291 422
291 426
291 429
291 430
291 432
291 433
291 434
291 435
291 442
291 443
291 444
291 448
291 449
291 451
291 452
291 453
291 460
291 461
291 463
291 464
291 465
291 466
291 468
291 470
291 471
291 473
291 474
291 475
291 477
291 478
291 480
291 482
291 486
291 487
291 488
291 491
291 495
291 497
291 498
291 500
291 501
291 503
291 505
291 506
291 507
291 509
291 513
291 515
291 519
291 522
291 523
291 525
291 526
291 527
291 529
291 530
291 531
291 534
291 535
291 539
291 542
291 549
291 553
291 559
291 560
291 561
291 562
291 563
291 565
291 571
291 572
291 574
291 575
291 579
291 581
291 586
291 588
291 589
291 590
291 592
291 595
291 597
291 598
291 599
291 601
291 604
291 605
291 606
291 607
291 609
291 610
291 613
291 616
291 617
291 618
291 619
291 620
291 621
291 624
291 625
291 627
291 628
291 630
291 631
291 633
291 636
291 637
291 641
291 642
291 644
291 646
291 648
291 649
291 650
291 651
291 652
291 653
291 654
291 655
291 656
291 657
291 659
291 661
291 665
291 671
291 672
291 674
291 677
291 678
291 681
291 684
291 687
291 688
291 690
291 692
291 693
291 694
291 697
291 698
291 702
291 704
291 706
291 708
291 709
291 710
291 718
291 720
291 721
291 724
291 725
291 727
291 728
291 729
291 732
291 733
291 738
291 740
291 741
291 742
291 743
291 744
291 745
291 753
291 754
291 759
291 760
291 763
291 765
291 767
291 771
291 773
291 776
291 777
291 780
291 782
291 783
291 785
291 787
291 792
291 794
291 796
291 797
291 798
291 799
291 800
292 402
292 405
292 406
292 410
292 411
292 412
292 413
292 414
292 415
292 416
292 418
292 425
292 426
292 427
292 429
292 432
292 437
292 438
292 439
292 444
292 445
292 447
292 449
292 454
292 456
292 458
292 459
292 460
292 461
292 462
292 466
292 467
292 468
292 469
292 470
292 471
292 475
292 476
292 477
292 479
292 480
292 482
292 483
292 485
292 487
292 488
292 489
292 491
292 492
292 494
292 495
292 498
292 503
292 504
292 509
292 511
292 512
292 519
292 520
292 521
292 522
292 526
292 527
292 529
292 530
292 531
292 532
292 533
292 535
292 537
292 542
292 543
292 547
292 552
292 553
292 554
292 555
292 557
292 558
292 559
292 561
292 562
292 564
292 565
292 567
292 568
292 569
292 570
292 571
292 573
292 575
292 577
292 578
292 579
292 580
292 585
292 587
292 588
292 591
292 592
292 593
292 595
292 599
292 600
292 604
292 605
292 607
292 608
292 609
292 610
292 612
292 613
292 614
292 618
292 620
292 625
292 630
292 632
292 635
292 637
292 638
292 641
292 643
292 645
292 648
292 649
292 650
292 651
292 652
292 657
292 658
292 659
292 661
292 663
292 664
292 665
292 666
292 671
292 674
292 678
292 679
292 680
292 681
292 685
292 686
292 692
292 694
292 696
292 697
292 698
292 699
292 702
292 703
292 704
292 705
292 706
292 707
292 709
292 711
292 713
292 715
292 716
292 717
292 718
292 720
292 721
292 725
292 726
292 727
292 728
292 729
292 730
292 733
292 734
292 736
292 738
292 742
292 743
292 748
292 750
292 751
292 753
292 754
292 755
292 757
292 761
292 763
292 764
292 765
292 766
292 767
292 769
292 770
292 773
292 774
292 781
292 782
292 785
292 788
292 789
292 790
292 791
292 793
292 794
292 795
292 799
292 800
293 404
293 406
293 408
293 411
293 413
293 414
293 416
293 419
293 421
293 423
293 427
293 429
293 430
293 432
293 434
293 435
293 437
293 441
293 442
293 445
293 446
293 448
293 449
293 451
293 455
293 458
293 459
293 460
293 463
293 464
293 470
293 471
293 476
293 479
293 481
293 483
293 488
293 489
293 490
293 494
293 496
293 499
293 501
293 502
293 505
293 507
293 508
293 510
293 512
293 514
293 516
293 518
293 522
293 523
293 524
293 528
293 529
293 531
293 532
293 534
293 535
293 536
293 537
293 538
293 539
293 541
293 544
293 545
293 547
293 552
293 553
293 554
293 555
293 560
293 561
293 562
293 566
293 569
293 571
293 575
293 577
293 581
293 582
293 585
293 587
293 590
293 597
293 598
293 599
293 601
293 602
293 605
293 608
293 612
293 614
293 616
293 618
293 619
293 620
293 621
293 622
293 623
293 628
293 629
293 631
293 632
293 633
293 634
293 635
293 636
293 637
293 642
293 643
293 645
293 648
293 649
293 654
293 656
293 657
293 658
293 661
293 664
293 666
293 669
293 671
293 674
293 675
293 677
293 678
293 681
293 682
293 685
293 686
293 687
293 690
293 693
293 695
293 697
293 698
293 700
293 703
293 704
293 706
293 707
293 709
293 710
293 711
293 714
293 715
293 722
293 724
293 726
293 727
293 728
293 729
293 730
293 731
293 732
293 733
293 734
293 736
293 737
293 738
293 739
293 740
293 745
293 749
293 750
293 754
293 756
293 758
293 761
293 764
293 768
293 769
293 771
293 772
293 773
293 774
293 775
293 777
293 779
293 782
293 783
293 784
293 786
293 787
293 788
293 790
293 791
293 792
293 796
293 797
294 401
294 403
294 405
294 410
294 413
294 414
294 418
294 420
294 422
294 424
294 425
294 427
294 428
294 431
294 432
294 434
294 436
294 437
294 442
294 447
294 448
294 449
294 451
294 452
294 454
294 458
294 459
294 464
294 466
294 468
294 470
294 474
294 476
294 479
294 482
294 486
294 488
294 490
294 494
294 495
294 498
294 502
294 507
294 508
294 514
294 515
294 516
294 517
294 518
294 520
294 521
294 522
294 523
294 524
294 527
294 530
294 531
294 535
294 537
294 539
294 543
294 547
294 548
294 555
294 558
294 561
294 562
294 565
294 568
294 569
294 571
294 572
294 575
294 576
294 577
294 580
294 583
294 584
294 585
294 586
294 587
294 588
294 589
294 592
294 594
294 596
294 597
294 598
294 599
294 602
294 608
294 609
294 610
294 614
294 615
294 617
294 618
294 621
294 622
294 623
294 625
294 626
294 627
294 630
294 631
294 634
294 643
294 646
294 650
294 651
294 654
294 655
294 657
294 661
294 662
294 663
294 664
294 667
294 668
294 670
294 673
294 674
294 675
294 677
294 678
294 679
294 681
294 682
294 684
294 685
294 688
294 692
294 696
294 699
294 700
294 701
294 703
294 704
294 705
294 707
294 712
294 713
294 715
294 717
294 718
294 721
294 724
294 725
294 727
294 728
294 734
294 737
294 739
294 740
294 741
294 742
294 745
294 748
294 749
294 750
294 751
294 754
294 756
294 757
294 759
294 760
294 765
294 767
294 768
294 770
294 771
294 773
294 774
294 779
294 781
294 784
294 785
294 786
294 788
294 789
294 794
294 795
294 797
294 799
295 402
295 403
295 406
295 411
295 413
295 414
295 415
295 416
295 417
295 420
295 421
295 422
295 423
295 425
295 429
295 431
295 436
295 438
295 440
295 441
295 442
295 444
295 445
295 446
295 447
295 450
295 451
295 452
295 453
295 455
295 456
295 457
295 458
295 459
295 460
295 463
295 464
295 465
295 468
295 471
295 473
295 474
295 475
295 478
295 481
295 482
295 483
295 485
295 492
295 495
295 496
295 498
295 501
295 503
295 507
295 509
295 510
295 514
295 515
295 523
295 525
295 528
295 529
295 531
295 532
295 533
295 534
295 536
295 537
295 538
295 539
295 540
295 541
295 542
295 544
295 545
295 549
295 551
295 553
295 554
295 555
295 556
295 557
295 561
295 563
295 564
295 565
295 569
295 575
295 578
295 579
295 580
295 582
295 584
295 586
295 587
295 592
295 593
295 594
295 595
295 596
295 598
295 599
295 600
295 601
295 605
295 606
295 608
295 612
295 614
295 615
295 616
295 618
295 620
295 621
295 622
295 627
295 630
295 631
295 633
295 636
295 639
295 643
295 646
295 647
295 648
295 649
295 651
295 653
295 659
295 660
295 661
295 662
295 665
295 667
295 668
295 669
295 674
295 675
295 676
295 677
295 680
295 683
295 686
295 687
295 689
295 693
295 697
295 698
295 699
295 701
295 702
295 703
295 704
295 706
295 709
295 710
295 711
295 712
295 713
295 714
295 715
295 716
295 717
295 721
295 722
295 723
295 724
295 725
295 728
295 729
295 730
295 731
295 736
295 737
295 738
295 742
295 743
295 744
295 747
295 754
295 755
295 761
295 765
295 769
295 772
295 773
295 774
295 775
295 778
295 779
295 786
295 791
295 796
296 403
296 404
296 406
296 407
296 408
296 411
296 412
296 413
296 414
296 415
296 416
296 417
296 418
296 419
296 421
296 425
296 428
296 431
296 432
296 433
296 434
296 436
296 439
296 440
296 441
296 444
296 445
296 447
296 449
296 453
296 456
296 457
296 460
296 462
296 463
296 467
296 470
296 474
296 476
296 478
296 480
296 481
296 483
296 484
296 485
296 486
296 487
296 489
296 490
296 491
296 492
296 496
296 500
296 501
296 503
296 504
296 505
296 507
296 508
296 510
296 514
296 515
296 517
296 518
296 519
296 525
296 526
296 528
296 530
296 532
296 534
296 535
296 536
296 539
296 540
296 544
296 545
296 546
296 548
296 549
296 550
296 551
296 554
296 556
296 558
296 559
296 562
296 563
296 565
296 567
296 569
296 571
296 573
296 575
296 576
296 577
296 579
296 581
296 582
296 583
296 584
296 585
296 586
296 587
296 594
296 596
296 597
296 600
296 601
296 602
296 606
296 607
296 608
296 609
296 610
296 611
296 614
296 616
296 618
296 619
296 622
296 623
296 625
296 626
296 627
296 628
296 630
296 632
296 635
296 636
296 637
296 639
296 640
296 642
296 644
296 648
296 649
296 653
296 655
296 663
296 665
296 666
296 668
296 669
296 672
296 675
296 676
296 677
296 678
296 679
296 680
296 682
296 683
296 684
296 685
296 686
296 688
296 689
296 690
296 693
296 694
296 695
296 698
296 699
296 700
296 701
296 704
296 705
296 706
296 707
296 708
296 710
296 711
296 712
296 715
296 717
296 724
296 725
296 726
296 727
296 729
296 730
296 735
296 736
296 739
296 740
296 741
296 743
296 744
296 745
296 746
296 749
296 752
296 754
296 755
296 756
296 758
296 761
296 766
296 767
296 769
296 772
296 773
296 776
296 778
296 779
296 780
296 781
296 782
296 783
296 785
296 786
296 788
296 789
296 791
296 793
296 795
296 797
296 799
296 800
297 401
297 407
297 408
297 412
297 414
297 416
297 418
297 419
297 425
297 426
297 427
297 428
297 430
297 431
297 432
297 433
297 435
297 438
297 439
297 441
297 442
297 445
297 447
297 450
297 453
297 454
297 456
297 457
297 458
297 459
297 460
297 461
297 462
297 465
297 468
297 469
297 470
297 474
297 476
297 478
297 480
297 481
297 482
297 485
297 486
297 487
297 491
297 492
297 493
297 495
297 497
297 498
297 499
297 502
297 503
297 506
297 508
297 510
297 512
297 513
297 514
297 515
297 517
297 520
297 521
297 523
297 524
297 525
297 526
297 527
297 528
297 529
297 532
297 533
297 536
297 537
297 541
297 542
297 544
297 549
297 550
297 553
297 555
297 557
297 561
297 562
297 564
297 565
297 569
297 573
297 576
297 578
297 581
297 582
297 584
297 585
297 587
297 591
297 594
297 596
297 599
297 600
297 601
297 602
297 604
297 605
297 606
297 608
297 611
297 618
297 619
297 620
297 621
297 622
297 624
297 625
297 628
297 630
297 642
297 643
297 644
297 647
297 649
297 652
297 653
297 656
297 657
297 658
297 662
297 663
297 664
297 669
297 672
297 674
297 675
297 678
297 683
297 684
297 687
297 691
297 695
297 698
297 700
297 702
297 705
297 707
297 708
297 713
297 714
297 715
297 716
297 718
297 721
297 723
297 724
297 725
297 727
297 729
297 735
297 736
297 737
297 738
297 739
297 741
297 742
297 745
297 746
297 747
297 749
297 751
297 753
297 755
297 756
297 758
297 759
297 760
297 761
297 762
297 765
297 768
297 769
297 771
297 776
297 778
297 779
297 782
297 783
297 785
297 790
297 791
297 794
297 796
297 800
298 406
298 407
298 411
298 416
298 417
298 420
298 422
298 423
298 427
298 428
298 430
298 433
298 437
298 438
298 439
298 440
298 447
298 452
298 453
298 454
298 456
298 457
298 458
298 459
298 463
298 465
298 466
298 467
298 470
298 476
298 477
298 481
298 482
298 488
298 493
298 494
298 496
298 498
298 501
298 503
298 504
298 505
298 507
298 509
298 510
298 511
298 512
298 514
298 516
298 517
298 519
298 523
298 524
298 525
298 526
298 527
298 530
298 531
298 532
298 533
298 535
298 536
298 539
298 541
298 543
298 549
298 550
298 552
298 554
298 558
298 561
298 566
298 567
298 569
298 571
298 572
298 573
298 575
298 576
298 586
298 587
298 589
298 591
298 592
298 594
298 599
298 600
298 607
298 609
298 612
298 613
298 614
298 615
298 616
298 618
298 620
298 621
298 623
298 625
298 626
298 627
298 628
298 629
298 632
298 633
298 634
298 636
298 639
298 640
298 641
298 642
298 645
298 646
298 649
298 650
298 652
298 653
298 654
298 655
298 656
298 657
298 658
298 659
298 660
298 661
298 662
298 665
298 666
298 669
298 670
298 673
298 675
298 678
298 679
298 680
298 681
298 682
298 683
298 684
298 685
298 686
298 689
298 690
298 691
298 693
298 696
298 700
298 703
298 704
298 705
298 706
298 713
298 715
298 716
298 717
298 722
298 724
298 725
298 728
298 729
298 731
298 732
298 735
298 736
298 739
298 742
298 746
298 748
298 751
298 752
298 754
298 758
298 759
298 760
298 761
298 762
298 765
298 766
298 769
298 772
298 773
298 777
298 778
298 779
298 780
298 782
298 783
298 787
298 788
298 789
298 790
298 791
298 792
298 793
298 794
298 795
298 797
299 401
299 404
299 406
299 409
299 412
299 413
299 414
299 415
299 416
299 418
299 419
299 420
299 422
299 423
299 424
299 426
299 428
299 431
299 432
299 443
299 445
299 446
299 447
299 451
299 452
299 454
299 458
299 459
299 460
299 461
299 462
299 464
299 466
299 467
299 469
299 470
299 471
299 472
299 473
299 476
299 479
299 481
299 484
299 485
299 487
299 488
299 492
299 495
299 497
299 499
299 500
299 502
299 503
299 505
299 506
299 508
299 509
299 513
299 514
299 515
299 516
299 524
299 525
299 526
299 527
299 528
299 533
299 535
299 536
299 537
299 538
299 539
299 541
299 544
299 546
299 550
299 552
299 553
299 556
299 557
299 559
299 560
299 561
299 564
299 566
299 570
299 571
299 584
299 586
299 587
299 588
299 591
299 597
299 598
299 601
299 602
299 603
299 604
299 607
299 609
299 613
299 615
299 616
299 618
299 620
299 621
299 622
299 623
299 627
299 629
299 630
299 631
299 632
299 633
299 635
299 639
299 643
299 644
299 645
299 646
299 647
299 648
299 649
299 651
299 652
299 657
299 659
299 662
299 663
299 664
299 665
299 666
299 668
299 669
299 670
299 671
299 672
299 673
299 675
299 678
299 679
299 680
299 682
299 683
299 684
299 687
299 688
299 690
299 691
299 692
299 693
299 695
299 696
299 697
299 698
299 699
299 700
299 701
299 703
299 704
299 705
299 707
299 708
299 709
299 713
299 716
299 717
299 720
299 722
299 724
299 727
299 730
299 734
299 735
299 736
299 737
299 739
299 741
299 742
299 744
299 745
299 747
299 758
299 760
299 763
299 764
299 766
299 768
299 769
299 771
299 772
299 777
299 778
299 781
299 782
299 783
299 784
299 787
299 788
299 789
299 791
299 793
299 796
299 800
300 403
300 405
300 407
300 408
300 409
300 410
300 416
300 420
300 421
300 422
300 423
300 428
300 430
300 434
300 438
300 439
300 440
300 441
300 442
300 443
300 445
300 446
300 449
300 456
300 457
300 458
300 461
300 476
300 478
300 482
300 484
300 486
300 489
300 491
300 494
300 495
300 496
300 497
300 500
300 502
300 503
300 504
300 506
300 510
300 511
300 515
300 518
300 520
300 521
300 523
300 524
300 525
300 527
300 528
300 531
300 533
300 534
300 535
300 537
300 539
300 541
300 542
300 543
300 544
300 546
300 547
300 549
300 552
300 554
300 557
300 558
300 559
300 561
300 562
300 565
300 566
300 567
300 568
300 569
300 570
300 571
300 572
300 574
300 583
300 584
300 586
300 588
300 589
300 591
300 592
300 594
300 595
300 597
300 598
300 602
300 605
300 607
300 608
300 610
300 613
300 614
300 615
300 617
300 621
300 625
300 627
300 628
300 631
300 635
300 636
300 637
300 638
300 643
300 644
300 646
300 647
300 648
300 649
300 650
300 653
300 656
300 659
300 662
300 663
300 664
300 666
300 668
300 672
300 673
300 678
300 679
300 683
300 684
300 685
300 696
300 699
300 700
300 702
300 703
300 706
300 707
300 709
300 710
300 712
300 713
300 715
300 716
300 717
300 719
300 723
300 725
300 727
300 732
300 735
300 736
300 737
300 739
300 740
300 742
300 747
300 748
300 752
300 754
300 757
300 758
300 760
300 761
300 762
300 763
300 767
300 776
300 777
300 779
300 783
300 784
300 789
300 796
300 798
300 800
301 401
301 402
301 403
301 406
301 410
301 411
301 412
301 413
301 416
301 421
301 422
301 423
301 426
301 429
301 431
301 433
301 434
301 435
301 439
301 440
301 441
301 442
301 445
301 447
301 448
301 449
301 450
301 453
301 459
301 460
301 464
301 465
301 466
301 467
301 468
301 469
301 470
301 471
301 472
301 475
301 477
301 487
301 488
301 490
301 491
301 494
301 495
301 496
301 499
301 502
301 503
301 516
301 517
301 520
301 521
301 522
301 523
301 525
301 527
301 529
301 536
301 539
301 541
301 543
301 544
301 545
301 547
301 549
301 556
301 559
301 560
301 561
301 564
301 566
301 567
301 568
301 571
301 572
301 574
301 575
301 576
301 585
301 586
301 588
301 590
301 593
301 596
301 597
301 598
301 602
301 610
301 615
301 616
301 617
301 618
301 620
301 621
301 622
301 624
301 625
301 626
301 629
301 630
301 631
301 632
301 635
301 637
301 638
301 639
301 641
301 642
301 644
301 645
301 646
301 647
301 648
301 649
301 650
301 651
301 654
301 655
301 656
301 657
301 658
301 661
301 663
301 665
301 668
301 669
301 672
301 674
301 675
301 676
301 677
301 678
301 679
301 681
301 684
301 685
301 686
301 687
301 689
301 690
301 693
301 694
301 695
301 696
301 697
301 698
301 699
301 700
301 701
301 707
301 710
301 712
301 713
301 715
301 717
301 718
301 719
301 720
301 721
301 722
301 724
301 725
301 727
301 728
301 730
301 732
301 734
301 736
301 739
301 740
301 741
301 742
301 745
301 748
301 749
301 750
301 751
301 755
301 757
301 759
301 761
301 763
301 764
301 765
301 766
301 767
301 768
301 769
301 770
301 771
301 772
301 782
301 784
301 786
301 787
301 789
301 790
301 791
301 792
301 795
301 797
301 799
301 800
302 407
302 408
302 410
302 414
302 417
302 419
302 420
302 421
302 423
302 424
302 428
302 429
302 430
302 431
302 432
302 433
302 434
302 438
302 440
302 442
302 443
302 447
302 449
302 452
302 453
302 454
302 455
302 460
302 464
302 467
302 468
302 472
302 473
302 474
302 475
302 478
302 480
302 481
302 482
302 483
302 484
302 486
302 488
302 491
302 494
302 501
302 502
302 504
302 508
302 510
302 511
302 512
302 513
302 514
302 517
302 519
302 521
302 523
302 525
302 526
302 528
302 529
302 530
302 531
302 532
302 533
302 536
302 539
302 541
302 545
302 546
302 548
302 550
302 551
302 553
302 554
302 556
302 557
302 558
302 563
302 564
302 569
302 571
302 573
302 575
302 577
302 580
302 581
302 582
302 585
302 587
302 589
302 590
302 591
302 592
302 593
302 596
302 597
302 598
302 599
302 602
302 603
302 604
302 607
302 608
302 610
302 612
302 613
302 614
302 616
302 618
302 620
302 622
302 626
302 627
302 628
302 629
302 631
302 632
302 635
302 639
302 640
302 642
302 645
302 647
302 648
302 649
302 650
302 652
302 656
302 659
302 660
302 667
302 669
302 670
302 671
302 674
302 675
302 676
302 677
302 680
302 681
302 684
302 685
302 686
302 690
302 691
302 693
302 694
302 695
302 696
302 697
302 703
302 704
302 705
302 709
302 711
302 713
302 715
302 719
302 721
302 726
302 728
302 729
302 731
302 733
302 734
302 735
302 737
302 738
302 739
302 740
302 743
302 745
302 752
302 753
302 754
302 756
302 762
302 763
302 764
302 765
302 766
302 768
302 769
302 770
302 771
302 772
302 775
302 777
302 778
302 780
302 786
302 787
302 788
302 795
302 797
302 798
302 799
303 401
303 403
303 404
303 406
303 407
303 409
303 413
303 414
303 416
303 419
303 421
303 426
303 427
303 429
303 431
303 432
303 433
303 434
303 435
303 436
303 439
303 440
303 441
303 442
303 443
303 445
303 447
303 450
303 451
303 455
303 458
303 460
303 463
303 464
303 465
303 466
303 470
303 472
303 476
303 477
303 478
303 479
303 480
303 483
303 484
303 486
303 488
303 489
303 493
303 494
303 495
303 498
303 499
303 500
303 502
303 503
303 504
303 505
303 507
303 508
303 509
303 511
303 512
303 515
303 516
303 517
303 520
303 522
303 524
303 526
303 528
303 529
303 530
303 531
303 534
303 536
303 541
303 544
303 546
303 547
303 551
303 552
303 553
303 559
303 561
303 562
303 564
303 566
303 569
303 570
303 571
303 574
303 575
303 577
303 578
303 579
303 580
303 581
303 582
303 594
303 595
303 597
303 601
303 602
303 604
303 605
303 606
303 607
303 609
303 611
303 612
303 614
303 619
303 620
303 621
303 622
303 624
303 628
303 630
303 635
303 639
303 641
303 643
303 644
303 649
303 653
303 655
303 656
303 658
303 659
303 660
303 663
303 664
303 665
303 668
303 669
303 673
303 674
303 676
303 680
303 682
303 684
303 687
303 688
303 689
303 690
303 691
303 695
303 697
303 702
303 703
303 704
303 705
303 707
303 708
303 709
303 710
303 712
303 713
303 714
303 717
303 719
303 722
303 723
303 726
303 727
303 731
303 734
303 736
303 737
303 738
303 741
303 742
303 744
303 745
303 746
303 747
303 748
303 751
303 753
303 754
303 757
303 761
303 762
303 764
303 765
303 766
303 767
303 769
303 773
303 775
303 776
303 781
303 782
303 783
303 787
303 789
303 790
303 791
303 795
303 799
303 800
304 401
304 402
304 403
304 405
304 406
304 408
304 410
304 412
304 413
304 414
304 420
304 421
304 423
304 425
304 429
304 433
304 435
304 436
304 437
304 438
304 439
304 441
304 443
304 447
304 451
304 453
304 458
304 459
304 461
304 462
304 465
304 467
304 468
304 469
304 472
304 473
304 477
304 478
304 479
304 480
304 482
304 486
304 488
304 491
304 492
304 493
304 494
304 495
304 499
304 500
304 501
304 503
304 505
304 507
304 509
304 510
304 514
304 515
304 516
304 517
304 518
304 519
304 520
304 523
304 526
304 529
304 533
304 534
304 537
304 538
304 540
304 549
304 551
304 553
304 554
304 555
304 556
304 559
304 561
304 563
304 564
304 565
304 566
304 569
304 571
304 574
304 577
304 579
304 580
304 581
304 582
304 584
304 586
304 588
304 589
304 590
304 591
304 592
304 594
304 596
304 597
304 599
304 604
304 606
304 607
304 608
304 609
304 610
304 611
304 612
304 613
304 615
304 616
304 617
304 620
304 623
304 624
304 626
304 627
304 628
304 629
304 630
304 632
304 637
304 643
304 646
304 647
304 648
304 649
304 653
304 655
304 656
304 658
304 659
304 660
304 661
304 666
304 668
304 669
304 670
304 673
304 675
304 676
304 678
304 679
304 680
304 681
304 684
304 685
304 687
304 688
304 691
304 693
304 696
304 699
304 700
304 701
304 705
304 706
304 707
304 709
304 710
304 711
304 712
304 713
304 714
304 715
304 718
304 722
304 723
304 724
304 730
304 731
304 732
304 733
304 736
304 737
304 738
304 739
304 743
304 744
304 745
304 749
304 750
304 751
304 752
304 754
304 755
304 757
304 760
304 761
304 762
304 763
304 765
304 766
304 768
304 769
304 771
304 772
304 774
304 779
304 781
304 782
304 785
304 789
304 790
304 793
304 795
304 797
304 798
304 800
305 405
305 406
305 408
305 409
305 414
305 417
305 421
305 422
305 423
305 424
305 427
305 429
305 432
305 434
305 435
305 437
305 438
305 439
305 440
305 445
305 446
305 447
305 448
305 450
305 453
305 454
305 455
305 456
305 457
305 458
305 459
305 461
305 472
305 473
305 476
305 477
305 479
305 480
305 490
305 492
305 494
305 498
305 499
305 500
305 501
305 506
305 509
305 513
305 515
305 516
305 519
305 520
305 524
305 525
305 527
305 529
305 530
305 532
305 533
305 534
305 535
305 537
305 538
305 541
305 543
305 544
305 546
305 549
305 551
305 552
305 553
305 554
305 555
305 559
305 560
305 562
305 563
305 564
305 565
305 566
305 567
305 568
305 571
305 575
305 576
305 577
305 580
305 582
305 583
305 584
305 585
305 586
305 587
305 588
305 589
305 593
305 594
305 595
305 596
305 597
305 599
305 600
305 604
305 608
305 609
305 611
305 612
305 617
305 618
305 619
305 620
305 621
305 622
305 624
305 626
305 627
305 629
305 630
305 637
305 638
305 639
305 641
305 646
305 648
305 650
305 652
305 654
305 655
305 657
305 660
305 666
305 667
305 668
305 670
305 673
305 678
305 679
305 680
305 681
305 685
305 686
305 688
305 690
305 691
305 692
305 696
305 699
305 704
305 705
305 706
305 708
305 710
305 711
305 712
305 713
305 714
305 715
305 717
305 718
305 720
305 725
305 728
305 733
305 734
305 736
305 738
305 739
305 740
305 741
305 745
305 746
305 747
305 750
305 752
305 760
305 762
305 763
305 767
305 774
305 775
305 776
305 779
305 780
305 789
305 791
305 792
306 404
306 406
306 407
306 408
306 409
306 410
306 412
306 413
306 414
306 417
306 419
306 420
306 421
306 424
306 429
306 431
306 432
306 433
306 436
306 438
306 439
306 441
306 442
306 443
306 444
306 445
306 447
306 448
306 451
306 453
306 456
306 458
306 459
306 460
306 461
306 463
306 467
306 474
306 477
306 478
306 479
306 480
306 485
306 486
306 487
306 488
306 489
306 491
306 494
306 498
306 500
306 503
306 507
306 509
306 510
306 511
306 512
306 513
306 515
306 516
306 527
306 528
306 529
306 530
306 533
306 536
306 537
306 538
306 539
306 542
306 546
306 551
306 554
306 555
306 565
306 566
306 567
306 569
306 572
306 573
306 576
306 578
306 579
306 581
306 582
306 585
306 586
306 587
306 594
306 597
306 599
306 602
306 603
306 605
306 606
306 607
306 608
306 609
306 612
306 618
306 619
306 620
306 622
306 627
306 629
306 634
306 635
306 636
306 638
306 639
306 642
306 644
306 645
306 647
306 648
306 649
306 650
306 652
306 654
306 655
306 658
306 659
306 660
306 661
306 662
306 665
306 669
306 672
306 676
306 677
306 679
306 680
306 682
306 683
306 685
306 686
306 687
306 688
306 690
306 691
306 692
306 694
306 695
306 696
306 698
306 701
306 703
306 705
306 710
306 713
306 714
306 715
306 717
306 718
306 719
306 720
306 725
306 726
306 728
306 731
306 732
306 737
306 741
306 744
306 746
306 747
306 749
306 750
306 753
306 754
306 755
306 757
306 760
306 761
306 762
306 769
306 773
306 775
306 776
306 779
306 783
306 784
306 787
306 789
306 794
306 795
306 796
306 799
306 800
307 401
307 402
307 403
307 404
307 407
307 409
307 410
307 412
307 415
307 416
307 417
307 418
307 419
307 420
307 422
307 424
307 425
307 427
307 429
307 435
307 436
307 437
307 439
307 441
307 442
307 443
307 446
307 447
307 448
307 449
307 450
307 456
307 459
307 460
307 461
307 462
307 464
307 467
307 471
307 472
307 473
307 474
307 476
307 477
307 481
307 482
307 485
307 486
307 487
307 488
307 489
307 492
307 493
307 495
307 496
307 497
307 501
307 502
307 503
307 504
307 515
307 518
307 520
307 522
307 526
307 527
307 528
307 529
307 530
307 531
307 533
307 536
307 539
307 541
307 544
307 545
307 546
307 547
307 549
307 551
307 552
307 553
307 556
307 558
307 561
307 563
307 571
307 572
307 573
307 576
307 577
307 578
307 579
307 582
307 585
307 586
307 589
307 591
307 598
307 601
307 602
307 604
307 607
307 612
307 614
307 620
307 621
307 626
307 630
307 632
307 633
307 634
307 635
307 636
307 639
307 641
307 644
307 647
307 656
307 657
307 658
307 659
307 661
307 664
307 665
307 669
307 671
307 672
307 674
307 675
307 676
307 677
307 679
307 682
307 683
307 685
307 686
307 688
307 689
307 691
307 692
307 694
307 696
307 698
307 699
307 706
307 709
307 711
307 712
307 713
307 716
307 717
307 718
307 720
307 722
307 723
307 724
307 725
307 726
307 727
307 729
307 730
307 731
307 733
307 734
307 736
307 737
307 738
307 740
307 741
307 742
307 743
307 744
307 748
307 751
307 752
307 753
307 755
307 758
307 759
307 763
307 764
307 765
307 768
307 769
307 770
307 771
307 772
307 773
307 775
307 776
307 778
307 782
307 783
307 784
307 787
307 788
307 789
307 790
307 791
307 792
307 794
307 797
307 798
308 401
308 404
308 407
308 408
308 410
308 412
308 413
308 414
308 415
308 416
308 417
308 418
308 422
308 423
308 424
308 426
308 430
308 431
308 433
308 434
308 436
308 438
308 440
308 441
308 444
308 446
308 447
308 448
308 451
308 452
308 453
308 454
308 457
308 458
308 459
308 462
308 465
308 466
308 467
308 470
308 471
308 474
308 475
308 480
308 481
308 482
308 483
308 484
308 486
308 487
308 489
308 491
308 492
308 493
308 495
308 500
308 503
308 509
308 510
308 511
308 512
308 514
308 515
308 516
308 518
308 519
308 521
308 522
308 529
308 531
308 534
308 536
308 537
308 538
308 539
308 541
308 542
308 543
308 545
308 546
308 548
308 549
308 552
308 553
308 554
308 556
308 557
308 559
308 562
308 564
308 565
308 566
308 570
308 572
308 573
308 574
308 575
308 576
308 578
308 580
308 581
308 582
308 583
308 586
308 589
308 595
308 596
308 597
308 598
308 602
308 603
308 604
308 606
308 607
308 613
308 615
308 616
308 618
308 622
308 623
308 624
308 629
308 638
308 639
308 640
308 642
308 645
308 646
308 648
308 651
308 652
308 654
308 659
308 662
308 663
308 664
308 665
308 666
308 670
308 672
308 674
308 678
308 679
308 682
308 683
308 685
308 686
308 687
308 688
308 689
308 690
308 694
308 698
308 699
308 701
308 702
308 704
308 706
308 708
308 709
308 713
308 714
308 715
308 716
308 719
308 721
308 722
308 724
308 725
308 727
308 728
308 729
308 732
308 734
308 735
308 736
308 737
308 738
308 739
308 740
308 742
308 745
308 746
308 751
308 758
308 759
308 760
308 762
308 765
308 766
308 769
308 771
308 774
308 775
308 776
308 781
308 784
308 786
308 787
308 789
308 790
308 796
308 797
308 799
309 404
309 405
309 406
309 408
309 409
309 410
309 411
309 415
309 417
309 418
309 419
309 422
309 426
309 427
309 428
309 432
309 435
309 438
309 439
309 440
309 443
309 449
309 451
309 454
309 455
309 456
309 457
309 460
309 461
309 462
309 463
309 465
309 467
309 469
309 470
309 472
309 474
309 475
309 479
309 482
309 483
309 484
309 485
309 486
309 489
309 491
309 496
309 498
309 499
309 500
309 501
309 504
309 508
309 510
309 512
309 513
309 518
309 519
309 522
309 523
309 525
309 527
309 528
309 530
309 533
309 535
309 539
309 541
309 544
309 545
309 546
309 549
309 552
309 554
309 556
309 557
309 559
309 561
309 565
309 566
309 567
309 570
309 571
309 572
309 574
309 575
309 581
309 582
309 584
309 586
309 589
309 590
309 591
309 596
309 597
309 598
309 600
309 601
309 604
309 605
309 606
309 608
309 609
309 611
309 612
309 616
309 617
309 622
309 623
309 626
309 628
309 629
309 630
309 633
309 634
309 636
309 637
309 638
309 639
309 641
309 642
309 647
309 650
309 651
309 656
309 657
309 663
309 664
309 667
309 676
309 677
309 678
309 679
309 681
309 683
309 685
309 687
309 689
309 694
309 695
309 696
309 697
309 698
309 699
309 700
309 704
309 706
309 710
309 712
309 717
309 719
309 721
309 725
309 729
309 731
309 733
309 734
309 735
309 736
309 737
309 740
309 741
309 742
309 745
309 750
309 752
309 755
309 756
309 757
309 758
309 760
309 762
309 765
309 766
309 767
309 769
309 771
309 774
309 775
309 776
309 778
309 779
309 780
309 782
309 783
309 784
309 787
309 790
309 791
309 793
309 795
309 796
309 797
309 798
309 799
310 401
310 405
310 406
310 407
310 412
310 413
310 416
310 417
310 418
310 419
310 421
310 425
310 426
310 428
310 429
310 430
310 435
310 445
310 451
310 452
310 454
310 456
310 457
310 458
310 459
310 460
310 462
310 464
310 466
310 467
310 469
310 470
310 472
310 475
310 477
310 479
310 482
310 484
310 485
310 487
310 488
310 491
310 492
310 494
310 495
310 498
310 501
310 503
310 505
310 507
310 508
310 510
310 514
310 515
310 516
310 518
310 519
310 520
310 522
310 523
310 526
310 531
310 533
310 535
310 536
310 540
310 543
310 544
310 546
310 547
310 548
310 550
310 555
310 558
310 560
310 564
310 565
310 566
310 567
310 569
310 572
310 574
310 579
310 581
310 582
310 585
310 592
310 593
310 594
310 596
310 597
310 598
310 599
310 602
310 603
310 604
310 605
310 607
310 609
310 610
310 611
310 612
310 614
310 616
310 617
310 618
310 619
310 622
310 623
310 627
310 628
310 631
310 633
310 634
310 635
310 636
310 642
310 645
310 646
310 648
310 649
310 654
310 658
310 659
310 664
310 665
310 667
310 673
310 676
310 679
310 681
310 683
310 684
310 687
310 688
310 690
310 694
310 695
310 696
310 698
310 699
310 700
310 701
310 703
310 711
310 713
310 714
310 715
310 716
310 718
310 720
310 723
310 725
310 726
310 727
310 729
310 730
310 733
310 736
310 739
310 741
310 742
310 743
310 748
310 749
310 750
310 751
310 752
310 754
310 757
310 759
310 761
310 764
310 771
310 772
310 773
310 774
310 779
310 780
310 781
310 783
310 786
310 788
310 789
310 792
310 793
310 794
310 796
310 798
310 799
311 401
311 403
311 404
311 405
311 407
311 409
311 411
311 414
311 415
311 419
311 421
311 422
311 427
311 429
311 430
311 432
311 434
311 435
311 440
311 441
311 442
311 443
311 444
311 446
311 448
311 449
311 450
311 451
311 453
311 454
311 458
311 459
311 461
311 462
311 463
311 466
311 468
311 469
311 474
311 475
311 476
311 478
311 479
311 480
311 482
311 483
311 484
311 485
311 487
311 488
311 489
311 490
311 492
311 493
311 498
311 499
311 500
311 504
311 510
311 511
311 513
311 514
311 516
311 519
311 520
311 522
311 523
311 525
311 530
311 531
311 533
311 535
311 536
311 537
311 540
311 543
311 544
311 545
311 546
311 547
311 549
311 552
311 553
311 558
311 559
311 560
311 561
311 563
311 567
311 568
311 570
311 574
311 578
311 581
311 585
311 586
311 588
311 589
311 590
311 591
311 593
311 594
311 596
311 597
311 603
311 605
311 607
311 610
311 612
311 613
311 614
311 615
311 616
311 617
311 618
311 619
311 620
311 622
311 623
311 626
311 628
311 629
311 630
311 633
311 638
311 639
311 644
311 645
311 648
311 649
311 650
311 657
311 658
311 659
311 664
311 666
311 667
311 669
311 675
311 676
311 677
311 678
311 680
311 682
311 683
311 684
311 687
311 688
311 689
311 690
311 692
311 693
311 694
311 696
311 697
311 698
311 699
311 700
311 701
311 703
311 704
311 705
311 706
311 707
311 708
311 711
311 713
311 714
311 716
311 717
311 719
311 720
311 722
311 727
311 730
311 731
311 733
311 734
311 741
311 742
311 744
311 745
311 746
311 748
311 749
311 755
311 756
311 757
311 758
311 760
311 764
311 765
311 767
311 769
311 775
311 777
311 780
311 782
311 786
311 787
311 788
311 789
311 793
311 795
311 797
311 798
311 799
311 800
312 401
312 403
312 405
312 411
312 412
312 414
312 418
312 421
312 422
312 423
312 425
312 427
312 428
312 431
312 432
312 433
312 434
312 435
312 439
312 440
312 441
312 442
312 443
312 444
312 445
312 448
312 451
312 453
312 454
312 456
312 458
312 459
312 461
312 462
312 464
312 465
312 468
312 471
312 475
312 477
312 482
312 484
312 485
312 487
312 489
312 493
312 494
312 495
312 499
312 502
312 503
312 505
312 506
312 510
312 511
312 512
312 515
312 516
312 519
312 520
312 523
312 527
312 528
312 529
312 530
312 532
312 534
312 535
312 538
312 539
312 540
312 541
312 545
312 551
312 552
312 554
312 556
312 557
312 558
312 560
312 561
312 563
312 564
312 565
312 566
312 569
312 572
312 575
312 580
312 582
312 583
312 584
312 586
312 587
312 591
312 592
312 593
312 597
312 599
312 605
312 608
312 611
312 613
312 615
312 617
312 618
312 620
312 621
312 623
312 624
312 627
312 628
312 629
312 630
312 633
312 636
312 637
312 639
312 640
312 644
312 646
312 647
312 648
312 651
312 652
312 654
312 655
312 656
312 659
312 660
312 662
312 663
312 664
312 671
312 674
312 675
312 677
312 678
312 679
312 683
312 687
312 690
312 693
312 694
312 695
312 699
312 702
312 703
312 705
312 706
312 708
312 711
312 712
312 716
312 717
312 718
312 720
312 726
312 728
312 729
312 731
312 734
312 740
312 742
312 743
312 746
312 749
312 750
312 751
312 757
312 759
312 762
312 763
312 766
312 767
312 771
312 772
312 773
312 774
312 781
312 785
312 786
312 788
312 790
312 794
312 796
312 797
312 799
313 401
313 402
313 403
313 405
313 407
313 408
313 409
313 412
313 413
313 415
313 417
313 418
313 419
313 420
313 421
313 422
313 423
313 424
313 425
313 426
313 428
313 429
313 430
313 431
313 432
313 433
313 435
313 436
313 437
313 438
313 439
313 440
313 441
313 442
313 443
313 444
313 445
313 446
313 448
313 449
313 450
313 452
313 453
313 454
313 455
313 456
313 461
313 462
313 463
313 464
313 470
313 471
313 472
313 475
313 478
313 479
313 480
313 481
313 485
313 486
313 487
313 488
313 491
313 492
313 499
313 500
313 501
313 502
313 503
313 504
313 506
313 507
313 508
313 514
313 516
313 521
313 526
313 530
313 531
313 533
313 534
313 535
313 538
313 542
313 544
313 545
313 546
313 548
313 549
313 551
313 554
313 556
313 560
313 564
313 566
313 567
313 570
313 571
313 572
313 575
313 577
313 578
313 579
313 584
313 585
313 588
313 595
313 596
313 597
313 598
313 600
313 602
313 603
313 606
313 607
313 608
313 609
313 611
313 615
313 616
313 620
313 621
313 624
313 626
313 627
313 629
313 631
313 632
313 633
313 634
313 637
313 640
313 641
313 642
313 643
313 644
313 645
313 646
313 647
313 648
313 651
313 652
313 656
313 657
313 658
313 659
313 660
313 666
313 669
313 671
313 672
313 673
313 676
313 683
313 685
313 687
313 690
313 697
313 698
313 699
313 700
313 703
313 706
313 709
313 710
313 712
313 716
313 720
313 722
313 723
313 727
313 728
313 730
313 734
313 735
313 736
313 739
313 740
313 741
313 742
313 743
313 744
313 745
313 746
313 747
313 748
313 752
313 754
313 756
313 757
313 761
313 762
313 765
313 766
313 767
313 768
313 778
313 779
313 780
313 783
313 784
313 786
313 789
313 790
313 799
314 403
314 405
314 406
314 407
314 411
314 412
314 415
314 416
314 419
314 420
314 423
314 425
314 427
314 430
314 432
314 434
314 436
314 441
314 443
314 446
314 447
314 448
314 449
314 450
314 451
314 455
314 459
314 462
314 463
314 464
314 466
314 468
314 469
314 472
314 477
314 479
314 484
314 486
314 487
314 488
314 489
314 490
314 491
314 493
314 494
314 497
314 500
314 504
314 506
314 507
314 508
314 511
314 513
314 515
314 517
314 520
314 521
314 522
314 525
314 526
314 529
314 531
314 533
314 534
314 535
314 536
314 538
314 539
314 540
314 541
314 542
314 543
314 544
314 546
314 547
314 548
314 552
314 553
314 555
314 558
314 562
314 564
314 570
314 572
314 573
314 574
314 576
314 577
314 579
314 580
314 581
314 582
314 585
314 587
314 590
314 593
314 595
314 597
314 599
314 601
314 604
314 607
314 608
314 609
314 610
314 611
314 612
314 613
314 615
314 616
314 618
314 619
314 622
314 624
314 627
314 629
314 630
314 634
314 635
314 639
314 642
314 645
314 646
314 647
314 648
314 651
314 652
314 654
314 657
314 659
314 661
314 662
314 663
314 665
314 667
314 668
314 670
314 672
314 674
314 679
314 683
314 684
314 685
314 688
314 689
314 693
314 694
314 695
314 696
314 697
314 699
314 700
314 706
314 709
314 710
314 711
314 712
314 714
314 717
314 719
314 720
314 724
314 728
314 731
314 732
314 736
314 742
314 743
314 744
314 745
314 746
314 747
314 748
314 749
314 750
314 751
314 754
314 755
314 757
314 758
314 763
314 764
314 765
314 771
314 774
314 775
314 776
314 779
314 782
314 785
314 786
314 787
314 788
314 789
314 792
314 793
314 795
314 797
314 800
315 401
315 402
315 406
315 407
315 410
315 411
315 416
315 418
315 419
315 422
315 423
315 427
315 428
315 429
315 430
315 435
315 436
315 440
315 451
315 452
315 453
315 457
315 458
315 460
315 462
315 467
315 473
315 478
315 483
315 485
315 489
315 491
315 493
315 494
315 495
315 498
315 500
315 502
315 505
315 508
315 509
315 512
315 515
315 518
315 519
315 521
315 522
315 523
315 524
315 525
315 526
315 528
315 531
315 533
315 534
315 536
315 540
315 541
315 542
315 546
315 547
315 552
315 554
315 555
315 556
315 557
315 558
315 560
315 561
315 562
315 563
315 568
315 571
315 572
315 573
315 576
315 577
315 578
315 580
315 583
315 584
315 585
315 586
315 588
315 589
315 591
315 592
315 594
315 597
315 599
315 602
315 603
315 605
315 609
315 610
315 614
315 618
315 620
315 623
315 624
315 625
315 627
315 629
315 630
315 631
315 634
315 637
315 639
315 640
315 641
315 642
315 644
315 646
315 648
315 649
315 651
315 652
315 653
315 654
315 657
315 659
315 660
315 662
315 663
315 664
315 666
315 667
315 668
315 671
315 672
315 676
315 679
315 680
315 681
315 682
315 683
315 684
315 685
315 686
315 689
315 690
315 692
315 698
315 700
315 701
315 702
315 703
315 704
315 705
315 706
315 709
315 710
315 716
315 724
315 725
315 726
315 727
315 728
315 734
315 735
315 736
315 740
315 741
315 745
315 748
315 749
315 750
315 751
315 753
315 754
315 758
315 760
315 763
315 764
315 766
315 767
315 769
315 776
315 777
315 778
315 780
315 781
315 784
315 786
315 787
315 790
315 791
315 792
315 795
315 796
315 797
316 403
316 407
316 412
316 413
316 415
316 416
316 417
316 418
316 419
316 420
316 421
316 422
316 423
316 424
316 426
316 427
316 429
316 431
316 432
316 434
316 435
316 436
316 444
316 445
316 446
316 449
316 450
316 456
316 457
316 458
316 461
316 463
316 464
316 465
316 468
316 470
316 473
316 474
316 481
316 483
316 487
316 488
316 492
316 493
316 494
316 495
316 502
316 504
316 506
316 508
316 509
316 510
316 511
316 512
316 514
316 515
316 516
316 517
316 519
316 520
316 522
316 525
316 526
316 530
316 537
316 544
316 545
316 547
316 550
316 551
316 552
316 553
316 554
316 556
316 557
316 558
316 559
316 560
316 561
316 562
316 563
316 565
316 567
316 568
316 569
316 570
316 571
316 573
316 579
316 580
316 581
316 582
316 586
316 587
316 590
316 591
316 594
316 595
316 597
316 599
316 600
316 602
316 603
316 604
316 605
316 606
316 607
316 609
316 611
316 613
316 614
316 620
316 623
316 624
316 626
316 630
316 631
316 632
316 633
316 635
316 636
316 639
316 640
316 642
316 643
316 645
316 646
316 648
316 650
316 651
316 652
316 653
316 656
316 658
316 660
316 661
316 662
316 665
316 666
316 673
316 675
316 679
316 680
316 682
316 683
316 687
316 691
316 693
316 694
316 696
316 697
316 701
316 705
316 710
316 712
316 714
316 715
316 719
316 720
316 723
316 724
316 725
316 732
316 737
316 740
316 744
316 747
316 748
316 751
316 752
316 753
316 754
316 756
316 757
316 758
316 759
316 760
316 761
316 762
316 765
316 769
316 771
316 777
316 778
316 779
316 782
316 783
316 785
316 787
316 789
316 790
316 791
316 794
316 797
316 798
316 799
316 800
317 402
317 406
317 408
317 409
317 410
317 411
317 412
317 415
317 416
317 417
317 420
317 421
317 422
317 423
317 424
317 428
317 432
317 435
317 436
317 442
317 443
317 445
317 448
317 451
317 452
317 454
317 456
317 457
317 459
317 460
317 461
317 465
317 466
317 467
317 468
317 469
317 470
317 472
317 473
317 477
317 479
317 480
317 484
317 486
317 489
317 492
317 494
317 495
317 496
317 497
317 498
317 499
317 500
317 502
317 504
317 507
317 509
317 513
317 514
317 515
317 516
317 520
317 522
317 523
317 525
317 527
317 529
317 530
317 531
317 540
317 546
317 548
317 551
317 552
317 555
317 557
317 559
317 561
317 562
317 564
317 565
317 566
317 567
317 571
317 572
317 574
317 577
317 579
317 588
317 589
317 590
317 591
317 594
317 596
317 598
317 599
317 600
317 603
317 606
317 609
317 615
317 616
317 621
317 622
317 623
317 625
317 626
317 628
317 631
317 632
317 633
317 641
317 644
317 645
317 646
317 647
317 648
317 650
317 651
317 652
317 653
317 654
317 655
317 656
317 657
317 658
317 659
317 661
317 662
317 664
317 666
317 668
317 671
317 679
317 680
317 685
317 687
317 692
317 696
317 697
317 700
317 703
317 704
317 705
317 707
317 710
317 714
317 716
317 719
317 721
317 724
317 725
317 726
317 728
317 731
317 732
317 733
317 734
317 735
317 736
317 737
317 742
317 743
317 745
317 748
317 750
317 754
317 757
317 758
317 759
317 765
317 769
317 770
317 771
317 773
317 775
317 777
317 782
317 783
317 784
317 785
317 786
317 787
317 789
317 790
317 795
317 797
317 798
317 799
318 405
318 406
318 407
318 408
318 409
318 414
318 415
318 416
318 420
318 424
318 425
318 427
318 429
318 433
318 434
318 435
318 437
318 439
318 440
318 441
318 442
318 445
318 446
318 448
318 452
318 454
318 456
318 457
318 458
318 459
318 461
318 463
318 464
318 465
318 467
318 468
318 470
318 472
318 475
318 477
318 478
318 479
318 483
318 488
318 490
318 491
318 492
318 495
318 498
318 499
318 501
318 504
318 505
318 506
318 507
318 508
318 509
318 510
318 511
318 515
318 516
318 518
318 521
318 524
318 532
318 534
318 535
318 537
318 541
318 543
318 544
318 545
318 546
318 548
318 550
318 552
318 555
318 557
318 558
318 559
318 560
318 562
318 563
318 564
318 568
318 569
318 571
318 575
318 576
318 577
318 578
318 580
318 582
318 584
318 588
318 589
318 590
318 591
318 593
318 595
318 596
318 598
318 599
318 600
318 605
318 607
318 608
318 609
318 611
318 612
318 613
318 614
318 618
318 619
318 620
318 626
318 627
318 631
318 632
318 633
318 634
318 636
318 639
318 640
318 645
318 646
318 649
318 651
318 652
318 654
318 657
318 659
318 665
318 666
318 667
318 668
318 669
318 673
318 674
318 676
318 677
318 678
318 681
318 684
318 688
318 692
318 693
318 695
318 696
318 697
318 698
318 699
318 700
318 702
318 703
318 704
318 705
318 708
318 709
318 710
318 711
318 712
318 713
318 716
318 718
318 719
318 721
318 723
318 724
318 726
318 727
318 729
318 732
318 737
318 739
318 742
318 743
318 749
318 751
318 753
318 754
318 755
318 757
318 758
318 759
318 761
318 762
318 763
318 767
318 768
318 774
318 776
318 777
318 779
318 781
318 782
318 783
318 784
318 788
318 793
318 795
318 796
319 401
319 403
319 405
319 406
319 407
319 412
319 418
319 420
319 432
319 434
319 436
319 437
319 438
319 439
319 440
319 441
319 442
319 444
319 446
319 448
319 452
319 453
319 457
319 461
319 462
319 465
319 466
319 467
319 471
319 472
319 473
319 475
319 476
319 481
319 482
319 483
319 485
319 487
319 489
319 490
319 491
319 492
319 493
319 494
319 495
319 498
319 499
319 502
319 504
319 507
319 514
319 516
319 518
319 520
319 521
319 524
319 526
319 527
319 529
319 530
319 531
319 537
319 538
319 539
319 540
319 542
319 543
319 544
319 546
319 550
319 551
319 552
319 553
319 555
319 556
319 558
319 561
319 568
319 570
319 575
319 578
319 581
319 585
319 588
319 591
319 592
319 593
319 594
319 596
319 597
319 598
319 599
319 602
319 603
319 604
319 605
319 614
319 616
319 617
319 618
319 619
319 623
319 626
319 627
319 629
319 631
319 633
319 636
319 637
319 638
319 639
319 640
319 641
319 643
319 644
319 649
319 650
319 651
319 660
319 662
319 665
319 666
319 668
319 670
319 671
319 675
319 676
319 677
319 678
319 679
319 680
319 681
319 683
319 687
319 689
319 692
319 696
319 697
319 701
319 703
319 706
319 708
319 712
319 719
319 720
319 724
319 726
319 729
319 730
319 734
319 736
319 738
319 739
319 740
319 743
319 745
319 747
319 750
319 756
319 758
319 760
319 763
319 765
319 767
319 769
319 772
319 773
319 775
319 776
319 777
319 779
319 783
319 785
319 786
319 787
319 788
319 789
319 790
319 793
319 794
319 795
319 798
319 799
319 800
320 402
320 403
320 404
320 409
320 411
320 413
320 416
320 417
320 419
320 422
320 424
320 425
320 426
320 427
320 429
320 431
320 432
320 434
320 436
320 437
320 438
320 439
320 441
320 445
320 446
320 447
320 450
320 451
320 452
320 453
320 456
320 457
320 460
320 462
320 463
320 465
320 466
320 468
320 469
320 470
320 473
320 475
320 476
320 477
320 486
320 493
320 495
320 496
320 502
320 504
320 505
320 506
320 507
320 508
320 509
320 510
320 513
320 514
320 515
320 517
320 520
320 525
320 527
320 528
320 529
320 530
320 531
320 532
320 533
320 534
320 537
320 538
320 541
320 543
320 544
320 545
320 548
320 551
320 553
320 554
320 555
320 557
320 559
320 560
320 565
320 568
320 569
320 570
320 572
320 573
320 574
320 575
320 577
320 580
320 581
320 583
320 590
320 591
320 592
320 593
320 594
320 595
320 596
320 600
320 601
320 604
320 605
320 606
320 607
320 608
320 609
320 612
320 614
320 616
320 620
320 621
320 622
320 623
320 625
320 627
320 629
320 630
320 634
320 635
320 640
320 642
320 643
320 646
320 647
320 649
320 650
320 651
320 652
320 653
320 656
320 658
320 660
320 661
320 662
320 663
320 667
320 669
320 670
320 671
320 674
320 676
320 677
320 678
320 680
320 681
320 682
320 683
320 685
320 686
320 688
320 690
320 694
320 695
320 697
320 698
320 701
320 703
320 705
320 706
320 707
320 708
320 709
320 710
320 713
320 714
320 716
320 721
320 722
320 723
320 725
320 728
320 729
320 731
320 732
320 736
320 737
320 740
320 741
320 747
320 748
320 749
320 750
320 751
320 752
320 753
320 754
320 755
320 756
320 757
320 758
320 763
320 766
320 768
320 773
320 775
320 776
320 781
320 782
320 783
320 784
320 785
320 787
320 788
320 789
320 795
320 797
320 798
320 800
321 403
321 404
321 405
321 406
321 408
321 413
321 417
321 418
321 420
321 421
321 422
321 423
321 425
321 426
321 428
321 437
321 442
321 443
321 447
321 448
321 449
321 450
321 451
321 452
321 454
321 455
321 456
321 457
321 458
321 461
321 462
321 464
321 465
321 466
321 469
321 471
321 474
321 476
321 477
321 478
321 479
321 480
321 481
321 482
321 483
321 485
321 486
321 487
321 489
321 491
321 498
321 500
321 503
321 507
321 508
321 511
321 512
321 515
321 516
321 517
321 518
321 519
321 520
321 521
321 522
321 523
321 524
321 525
321 528
321 529
321 532
321 534
321 536
321 538
321 539
321 540
321 542
321 546
321 547
321 548
321 549
321 551
321 553
321 554
321 557
321 558
321 561
321 562
321 563
321 564
321 565
321 568
321 569
321 571
321 573
321 574
321 577
321 579
321 580
321 581
321 584
321 587
321 590
321 591
321 594
321 595
321 598
321 601
321 604
321 606
321 607
321 609
321 610
321 611
321 612
321 613
321 614
321 617
321 618
321 623
321 624
321 625
321 626
321 627
321 633
321 634
321 635
321 637
321 642
321 648
321 652
321 654
321 655
321 656
321 657
321 660
321 661
321 662
321 666
321 671
321 674
321 676
321 679
321 680
321 681
321 683
321 684
321 686
321 688
321 691
321 692
321 694
321 695
321 697
321 701
321 703
321 704
321 705
321 706
321 707
321 709
321 711
321 712
321 714
321 718
321 719
321 722
321 724
321 730
321 731
321 733
321 735
321 736
321 739
321 740
321 742
321 746
321 752
321 753
321 757
321 759
321 761
321 763
321 765
321 768
321 769
321 770
321 771
321 773
321 774
321 776
321 779
321 780
321 781
321 783
321 784
321 785
321 787
321 788
321 789
321 790
321 791
321 792
321 793
321 795
321 797
321 799
322 404
322 405
322 406
322 407
322 409
322 411
322 413
322 414
322 415
322 417
322 418
322 420
322 426
322 431
322 434
322 437
322 439
322 441
322 442
322 445
322 446
322 448
322 450
322 451
322 453
322 454
322 456
322 460
322 461
322 462
322 464
322 466
322 467
322 468
322 469
322 470
322 471
322 472
322 478
322 479
322 480
322 481
322 483
322 484
322 485
322 487
322 490
322 494
322 495
322 496
322 497
322 505
322 507
322 509
322 511
322 512
322 513
322 519
322 520
322 521
322 522
322 523
322 525
322 527
322 528
322 536
322 539
322 542
322 543
322 544
322 545
322 549
322 550
322 553
322 562
322 563
322 564
322 567
322 569
322 571
322 573
322 576
322 578
322 579
322 581
322 582
322 583
322 584
322 585
322 588
322 591
322 592
322 593
322 595
322 596
322 597
322 598
322 602
322 606
322 609
322 611
322 612
322 615
322 617
322 619
322 620
322 622
322 623
322 624
322 625
322 627
322 629
322 630
322 633
322 634
322 636
322 638
322 642
322 643
322 644
322 647
322 648
322 649
322 650
322 651
322 654
322 655
322 657
322 658
322 660
322 663
322 664
322 665
322 668
322 672
322 674
322 679
322 680
322 682
322 685
322 686
322 689
322 690
322 692
322 693
322 695
322 696
322 697
322 699
322 701
322 703
322 705
322 708
322 709
322 712
322 714
322 715
322 716
322 717
322 719
322 720
322 722
322 723
322 724
322 726
322 729
322 734
322 736
322 737
322 740
322 741
322 747
322 748
322 752
322 753
322 755
322 756
322 757
322 758
322 759
322 762
322 763
322 764
322 766
322 767
322 769
322 771
322 775
322 777
322 779
322 782
322 784
322 792
322 796
322 797
322 798
322 799
323 401
323 404
323 405
323 407
323 408
323 411
323 412
323 413
323 414
323 415
323 421
323 423
323 424
323 427
323 429
323 430
323 431
323 433
323 434
323 435
323 436
323 437
323 438
323 443
323 444
323 445
323 446
323 448
323 450
323 452
323 453
323 454
323 455
323 457
323 464
323 470
323 471
323 473
323 477
323 478
323 483
323 485
323 486
323 488
323 491
323 493
323 496
323 497
323 499
323 509
323 512
323 513
323 515
323 517
323 519
323 522
323 523
323 524
323 527
323 535
323 538
323 544
323 546
323 548
323 551
323 552
323 554
323 560
323 561
323 563
323 564
323 565
323 567
323 568
323 569
323 571
323 572
323 581
323 582
323 584
323 585
323 587
323 588
323 589
323 593
323 594
323 595
323 597
323 598
323 599
323 603
323 604
323 605
323 606
323 608
323 612
323 613
323 614
323 615
323 616
323 618
323 625
323 627
323 630
323 633
323 634
323 637
323 638
323 639
323 642
323 643
323 644
323 645
323 646
323 647
323 648
323 649
323 655
323 659
323 660
323 661
323 662
323 665
323 667
323 668
323 669
323 671
323 675
323 679
323 680
323 681
323 685
323 686
323 689
323 690
323 699
323 700
323 704
323 705
323 706
323 707
323 712
323 715
323 717
323 719
323 720
323 721
323 726
323 729
323 730
323 731
323 735
323 737
323 738
323 739
323 740
323 743
323 747
323 748
323 749
323 750
323 753
323 756
323 758
323 760
323 762
323 764
323 765
323 767
323 771
323 772
323 774
323 776
323 779
323 780
323 781
323 782
323 784
323 788
323 789
323 791
323 797
323 798
323 800
324 405
324 406
324 407
324 410
324 411
324 415
324 418
324 420
324 423
324 424
324 426
324 427
324 428
324 429
324 435
324 436
324 437
324 438
324 439
324 440
324 441
324 442
324 443
324 444
324 445
324 448
324 452
324 454
324 456
324 460
324 461
324 462
324 463
324 464
324 465
324 466
324 467
324 469
324 470
324 472
324 473
324 474
324 475
324 476
324 477
324 478
324 479
324 482
324 485
324 486
324 487
324 491
324 495
324 497
324 498
324 499
324 501
324 503
324 505
324 506
324 507
324 508
324 509
324 510
324 515
324 516
324 518
324 519
324 527
324 528
324 530
324 533
324 534
324 536
324 539
324 540
324 543
324 546
324 547
324 548
324 549
324 550
324 551
324 552
324 553
324 554
324 556
324 557
324 561
324 564
324 565
324 566
324 568
324 569
324 571
324 572
324 574
324 575
324 577
324 578
324 580
324 582
324 584
324 585
324 586
324 587
324 588
324 590
324 593
324 594
324 595
324 597
324 599
324 603
324 605
324 608
324 609
324 612
324 613
324 614
324 615
324 618
324 619
324 620
324 622
324 623
324 625
324 627
324 630
324 631
324 634
324 637
324 640
324 643
324 645
324 648
324 650
324 652
324 655
324 656
324 657
324 658
324 660
324 661
324 662
324 663
324 664
324 666
324 667
324 668
324 669
324 671
324 675
324 677
324 678
324 680
324 681
324 683
324 686
324 687
324 688
324 692
324 693
324 696
324 697
324 701
324 702
324 704
324 706
324 710
324 711
324 716
324 722
324 723
324 724
324 726
324 727
324 729
324 730
324 731
324 733
324 734
324 736
324 740
324 745
324 746
324 747
324 748
324 749
324 750
324 751
324 754
324 756
324 759
324 760
324 764
324 768
324 773
324 774
324 775
324 776
324 778
324 779
324 782
324 785
324 786
324 788
324 789
324 791
324 794
324 795
324 796
324 797
324 798
324 799
325 401
325 402
325 405
325 406
325 410
325 411
325 416
325 418
325 420
325 423
325 424
325 426
325 429
325 432
325 433
325 435
325 438
325 440
325 441
325 444
325 445
325 446
325 451
325 452
325 454
325 456
325 458
325 460
325 462
325 464
325 466
325 467
325 469
325 471
325 473
325 474
325 475
325 476
325 479
325 483
325 485
325 488
325 489
325 491
325 492
325 493
325 494
325 498
325 499
325 500
325 501
325 502
325 503
325 509
325 510
325 511
325 512
325 513
325 514
325 517
325 518
325 519
325 521
325 525
325 526
325 529
325 530
325 532
325 533
325 534
325 537
325 540
325 543
325 544
325 546
325 548
325 550
325 551
325 552
325 554
325 555
325 557
325 559
325 562
325 563
325 564
325 566
325 567
325 569
325 573
325 574
325 579
325 581
325 582
325 584
325 585
325 586
325 588
325 590
325 591
325 593
325 595
325 598
325 599
325 605
325 606
325 607
325 611
325 612
325 614
325 616
325 617
325 618
325 621
325 622
325 623
325 624
325 625
325 629
325 630
325 635
325 639
325 641
325 644
325 646
325 647
325 650
325 653
325 654
325 656
325 659
325 661
325 662
325 665
325 669
325 672
325 673
325 674
325 676
325 681
325 682
325 685
325 687
325 688
325 689
325 691
325 692
325 695
325 698
325 699
325 700
325 701
325 705
325 707
325 710
325 711
325 712
325 713
325 715
325 716
325 717
325 718
325 719
325 721
325 723
325 729
325 733
325 734
325 735
325 737
325 738
325 743
325 744
325 745
325 746
325 749
325 752
325 753
325 754
325 755
325 757
325 758
325 759
325 762
325 765
325 767
325 769
325 771
325 772
325 773
325 776
325 777
325 778
325 784
325 785
325 786
325 790
325 791
325 794
325 795
325 796
325 799
326 407
326 408
326 410
326 411
326 412
326 415
326 416
326 417
326 419
326 423
326 424
326 425
326 426
326 427
326 431
326 432
326 435
326 436
326 440
326 442
326 443
326 445
326 446
326 447
326 449
326 453
326 454
326 455
326 456
326 457
326 458
326 460
326 462
326 463
326 464
326 465
326 467
326 468
326 469
326 471
326 476
326 477
326 489
326 490
326 492
326 495
326 497
326 500
326 501
326 506
326 508
326 509
326 511
326 512
326 513
326 514
326 516
326 518
326 520
326 522
326 523
326 524
326 525
326 527
326 528
326 529
326 530
326 531
326 535
326 536
326 537
326 539
326 541
326 542
326 544
326 547
326 550
326 551
326 553
326 554
326 555
326 558
326 559
326 561
326 562
326 565
326 566
326 567
326 568
326 571
326 573
326 574
326 579
326 580
326 583
326 588
326 589
326 590
326 592
326 595
326 596
326 599
326 601
326 603
326 607
326 608
326 609
326 612
326 613
326 614
326 617
326 618
326 620
326 624
326 626
326 627
326 628
326 630
326 631
326 632
326 634
326 635
326 638
326 640
326 641
326 642
326 643
326 644
326 647
326 649
326 652
326 656
326 659
326 662
326 663
326 666
326 673
326 675
326 677
326 678
326 680
326 683
326 684
326 686
326 687
326 689
326 694
326 695
326 696
326 697
326 700
326 701
326 702
326 703
326 705
326 708
326 711
326 713
326 714
326 718
326 722
326 725
326 730
326 732
326 734
326 735
326 736
326 738
326 743
326 745
326 747
326 748
326 749
326 751
326 753
326 754
326 758
326 759
326 760
326 762
326 763
326 768
326 773
326 774
326 777
326 778
326 779
326 780
326 781
326 782
326 785
326 786
326 787
326 788
326 789
326 790
326 793
326 800
327 401
327 402
327 403
327 404
327 406
327 408
327 411
327 412
327 413
327 414
327 424
327 426
327 427
327 428
327 431
327 434
327 435
327 436
327 437
327 438
327 440
327 441
327 442
327 444
327 445
327 447
327 448
327 449
327 451
327 458
327 462
327 465
327 470
327 472
327 474
327 475
327 476
327 477
327 478
327 482
327 486
327 489
327 492
327 493
327 494
327 496
327 499
327 503
327 505
327 506
327 507
327 508
327 509
327 510
327 512
327 513
327 514
327 518
327 521
327 522
327 523
327 524
327 528
327 529
327 531
327 536
327 537
327 539
327 540
327 541
327 543
327 544
327 545
327 546
327 547
327 548
327 550
327 552
327 553
327 554
327 556
327 557
327 560
327 561
327 563
327 564
327 565
327 566
327 567
327 568
327 572
327 573
327 574
327 575
327 577
327 580
327 585
327 586
327 587
327 589
327 590
327 592
327 595
327 596
327 602
327 603
327 606
327 607
327 611
327 614
327 615
327 617
327 620
327 621
327 623
327 627
327 628
327 629
327 632
327 636
327 637
327 638
327 640
327 641
327 642
327 646
327 648
327 649
327 651
327 655
327 657
327 658
327 668
327 669
327 672
327 673
327 675
327 676
327 677
327 678
327 679
327 682
327 683
327 686
327 689
327 690
327 691
327 693
327 695
327 697
327 698
327 699
327 700
327 701
327 703
327 705
327 706
327 707
327 708
327 710
327 711
327 712
327 715
327 716
327 717
327 719
327 722
327 723
327 726
327 727
327 728
327 730
327 731
327 733
327 734
327 736
327 737
327 744
327 745
327 748
327 750
327 751
327 752
327 753
327 755
327 756
327 759
327 761
327 764
327 766
327 768
327 769
327 770
327 771
327 772
327 773
327 777
327 778
327 779
327 780
327 781
327 782
327 783
327 785
327 786
327 787
327 789
327 795
327 796
327 797
327 799
328 401
328 402
328 409
328 417
328 418
328 422
328 423
328 424
328 425
328 426
328 429
328 431
328 432
328 433
328 434
328 438
328 439
328 440
328 442
328 443
328 446
328 447
328 448
328 450
328 451
328 452
328 453
328 454
328 455
328 456
328 457
328 458
328 459
328 460
328 462
328 463
328 464
328 466
328 467
328 470
328 471
328 472
328 473
328 476
328 477
328 479
328 481
328 482
328 488
328 490
328 492
328 493
328 494
328 495
328 497
328 498
328 499
328 500
328 501
328 503
328 504
328 505
328 509
328 511
328 512
328 515
328 519
328 520
328 521
328 525
328 528
328 533
328 538
328 540
328 541
328 542
328 544
328 548
328 552
328 555
328 556
328 557
328 558
328 560
328 563
328 564
328 566
328 568
328 569
328 571
328 573
328 574
328 575
328 578
328 579
328 580
328 581
328 582
328 584
328 585
328 589
328 591
328 592
328 594
328 595
328 599
328 603
328 604
328 605
328 606
328 607
328 608
328 613
328 614
328 615
328 621
328 623
328 625
328 626
328 627
328 630
328 631
328 633
328 635
328 636
328 637
328 638
328 639
328 640
328 641
328 643
328 644
328 648
328 651
328 655
328 660
328 661
328 662
328 664
328 665
328 666
328 667
328 670
328 671
328 672
328 677
328 678
328 680
328 682
328 683
328 684
328 687
328 688
328 690
328 691
328 693
328 701
328 702
328 703
328 705
328 706
328 708
328 711
328 714
328 716
328 718
328 720
328 723
328 727
328 728
328 729
328 730
328 731
328 732
328 733
328 734
328 737
328 740
328 742
328 743
328 748
328 749
328 750
328 751
328 752
328 756
328 757
328 760
328 761
328 763
328 767
328 768
328 769
328 771
328 772
328 773
328 781
328 782
328 784
328 785
328 786
328 790
328 792
328 794
328 797
328 799
329 401
329 405
329 406
329 407
329 412
329 413
329 414
329 415
329 416
329 417
329 419
329 421
329 425
329 427
329 429
329 433
329 434
329 436
329 438
329 440
329 442
329 444
329 445
329 446
329 454
329 455
329 458
329 459
329 461
329 465
329 468
329 471
329 473
329 474
329 475
329 476
329 479
329 480
329 483
329 486
329 487
329 488
329 489
329 493
329 495
329 496
329 497
329 498
329 499
329 500
329 501
329 504
329 505
329 507
329 508
329 509
329 511
329 512
329 516
329 517
329 519
329 520
329 521
329 523
329 524
329 525
329 526
329 528
329 530
329 533
329 534
329 535
329 542
329 543
329 545
329 547
329 549
329 551
329 552
329 554
329 555
329 563
329 568
329 569
329 571
329 572
329 573
329 575
329 576
329 577
329 579
329 581
329 584
329 591
329 592
329 593
329 594
329 595
329 596
329 599
329 603
329 605
329 606
329 607
329 608
329 613
329 617
329 618
329 621
329 624
329 630
329 631
329 634
329 635
329 636
329 638
329 641
329 647
329 653
329 654
329 659
329 662
329 663
329 665
329 666
329 669
329 670
329 672
329 673
329 674
329 675
329 677
329 678
329 680
329 681
329 682
329 684
329 686
329 689
329 690
329 692
329 694
329 695
329 699
329 701
329 702
329 705
329 706
329 707
329 709
329 710
329 711
329 712
329 717
329 718
329 721
329 723
329 724
329 725
329 727
329 728
329 729
329 730
329 731
329 735
329 736
329 737
329 738
329 740
329 743
329 744
329 749
329 753
329 757
329 758
329 760
329 761
329 763
329 768
329 771
329 772
329 773
329 774
329 775
329 776
329 777
329 779
329 786
329 787
329 789
329 791
329 793
329 794
329 799
330 401
330 408
330 409
330 412
330 415
330 416
330 417
330 420
330 421
330 427
330 429
330 430
330 432
330 435
330 436
330 439
330 441
330 444
330 449
330 451
330 453
330 454
330 456
330 457
330 458
330 460
330 461
330 463
330 465
330 467
330 470
330 472
330 473
330 475
330 476
330 479
330 481
330 482
330 484
330 485
330 488
330 490
330 493
330 494
330 495
330 496
330 497
330 500
330 504
330 508
330 509
330 510
330 515
330 516
330 517
330 519
330 520
330 521
330 524
330 527
330 530
330 533
330 534
330 537
330 540
330 544
330 545
330 546
330 547
330 548
330 553
330 554
330 558
330 559
330 561
330 563
330 564
330 565
330 567
330 570
330 571
330 572
330 574
330 575
330 577
330 579
330 580
330 581
330 587
330 590
330 591
330 593
330 594
330 595
330 596
330 600
330 601
330 602
330 603
330 605
330 606
330 609
330 610
330 611
330 613
330 615
330 617
330 618
330 619
330 620
330 621
330 624
330 628
330 633
330 636
330 637
330 639
330 640
330 642
330 643
330 644
330 646
330 649
330 651
330 655
330 658
330 659
330 661
330 664
330 665
330 669
330 670
330 671
330 673
330 676
330 677
330 678
330 682
330 683
330 684
330 685
330 686
330 688
330 690
330 694
330 699
330 700
330 704
330 705
330 706
330 708
330 709
330 713
330 714
330 715
330 716
330 718
330 723
330 726
330 727
330 728
330 730
330 732
330 733
330 740
330 742
330 749
330 750
330 751
330 754
330 757
330 761
330 762
330 764
330 771
330 772
330 775
330 777
330 778
330 781
330 782
330 785
330 788
330 789
330 790
330 791
330 796
330 797
331 401
331 402
331 403
331 405
331 407
331 408
331 409
331 410
331 414
331 415
331 416
331 418
331 421
331 424
331 425
331 430
331 434
331 435
331 436
331 438
331 439
331 441
331 442
331 445
331 446
331 447
331 448
331 449
331 451
331 452
331 454
331 457
331 458
331 462
331 463
331 464
331 466
331 468
331 470
331 471
331 472
331 474
331 475
331 479
331 481
331 483
331 485
331 488
331 490
331 492
331 493
331 495
331 499
331 501
331 502
331 504
331 508
331 511
331 512
331 513
331 514
331 516
331 517
331 520
331 521
331 522
331 524
331 526
331 533
331 535
331 536
331 538
331 542
331 543
331 545
331 548
331 549
331 550
331 551
331 552
331 555
331 557
331 558
331 562
331 566
331 568
331 569
331 570
331 572
331 575
331 577
331 580
331 584
331 585
331 588
331 590
331 591
331 592
331 595
331 598
331 599
331 600
331 602
331 604
331 605
331 607
331 609
331 610
331 611
331 613
331 614
331 617
331 619
331 620
331 621
331 622
331 624
331 626
331 628
331 631
331 632
331 633
331 637
331 638
331 640
331 646
331 647
331 648
331 649
331 650
331 651
331 652
331 654
331 655
331 656
331 659
331 661
331 664
331 665
331 667
331 669
331 670
331 672
331 673
331 675
331 676
331 678
331 679
331 680
331 681
331 682
331 683
331 684
331 685
331 689
331 690
331 691
331 694
331 700
331 702
331 703
331 705
331 709
331 711
331 714
331 716
331 717
331 718
331 719
331 723
331 724
331 728
331 737
331 738
331 739
331 742
331 743
331 747
331 749
331 750
331 751
331 753
331 754
331 755
331 756
331 757
331 760
331 762
331 764
331 768
331 770
331 775
331 776
331 777
331 778
331 779
331 780
331 783
331 784
331 785
331 787
331 788
331 789
331 790
331 792
331 794
331 796
331 798
332 401
332 402
332 403
332 407
332 408
332 409
332 411
332 412
332 416
332 417
332 419
332 420
332 421
332 422
332 423
332 424
332 426
332 427
332 428
332 429
332 430
332 437
332 438
332 441
332 442
332 444
332 446
332 448
332 449
332 451
332 452
332 454
332 455
332 456
332 458
332 461
332 462
332 464
332 465
332 469
332 470
332 471
332 472
332 475
332 476
332 477
332 479
332 480
332 483
332 488
332 489
332 490
332 491
332 492
332 493
332 494
332 495
332 499
332 501
332 502
332 504
332 505
332 506
332 507
332 510
332 511
332 512
332 515
332 516
332 521
332 523
332 526
332 527
332 528
332 529
332 530
332 532
332 533
332 534
332 535
332 536
332 538
332 539
332 541
332 543
332 544
332 546
332 549
332 554
332 561
332 562
332 564
332 565
332 566
332 567
332 569
332 570
332 574
332 575
332 577
332 580
332 581
332 583
332 585
332 587
332 588
332 590
332 591
332 592
332 593
332 594
332 595
332 597
332 601
332 602
332 603
332 605
332 608
332 612
332 613
332 615
332 616
332 623
332 624
332 626
332 630
332 631
332 633
332 636
332 638
332 640
332 642
332 643
332 644
332 646
332 648
332 653
332 654
332 655
332 658
332 659
332 660
332 663
332 664
332 665
332 668
332 670
332 671
332 672
332 673
332 674
332 675
332 676
332 679
332 680
332 682
332 683
332 684
332 686
332 687
332 688
332 690
332 692
332 695
332 697
332 698
332 699
332 708
332 709
332 711
332 713
332 714
332 715
332 716
332 717
332 720
332 725
332 727
332 729
332 733
332 737
332 740
332 743
332 745
332 746
332 748
332 749
332 751
332 752
332 753
332 756
332 757
332 758
332 759
332 762
332 763
332 767
332 768
332 771
332 772
332 774
332 775
332 776
332 777
332 780
332 782
332 784
332 788
332 790
332 791
332 793
332 798
332 799
332 800
333 401
333 402
333 405
333 408
333 409
333 411
333 414
333 419
333 422
333 423
333 424
333 425
333 426
333 427
333 430
333 431
333 433
333 437
333 439
333 443
333 444
333 446
333 449
333 450
333 451
333 452
333 453
333 454
333 458
333 459
333 460
333 464
333 468
333 469
333 470
333 472
333 474
333 483
333 487
333 489
333 490
333 493
333 495
333 497
333 498
333 500
333 502
333 505
333 506
333 507
333 509
333 511
333 512
333 514
333 515
333 516
333 517
333 519
333 523
333 524
333 527
333 530
333 532
333 533
333 535
333 538
333 539
333 541
333 544
333 545
333 548
333 549
333 550
333 551
333 553
333 554
333 560
333 564
333 566
333 567
333 568
333 571
333 573
333 575
333 579
333 580
333 581
333 583
333 585
333 586
333 588
333 589
333 591
333 592
333 595
333 596
333 597
333 600
333 601
333 604
333 607
333 609
333 610
333 611
333 614
333 616
333 618
333 619
333 621
333 622
333 625
333 627
333 628
333 633
333 637
333 639
333 640
333 641
333 644
333 645
333 647
333 650
333 651
333 653
333 654
333 655
333 659
333 660
333 662
333 663
333 664
333 665
333 666
333 668
333 669
333 673
333 675
333 676
333 677
333 678
333 679
333 680
333 685
333 686
333 688
333 689
333 690
333 692
333 701
333 702
333 707
333 708
333 709
333 711
333 713
333 714
333 715
333 718
333 719
333 721
333 723
333 724
333 725
333 726
333 727
333 729
333 731
333 735
333 736
333 737
333 739
333 740
333 741
333 742
333 745
333 746
333 750
333 751
333 752
333 757
333 758
333 761
333 762
333 766
333 768
333 771
333 775
333 776
333 778
333 781
333 782
333 785
333 786
333 787
333 788
333 789
333 796
333 797
333 798
333 799
333 800
334 401
334 403
334 406
334 407
334 410
334 414
334 418
334 419
334 421
334 422
334 425
334 426
334 427
334 429
334 430
334 431
334 434
334 435
334 440
334 443
334 447
334 448
334 451
334 452
334 453
334 457
334 459
334 462
334 467
334 470
334 472
334 474
334 476
334 481
334 482
334 483
334 485
334 486
334 488
334 489
334 490
334 493
334 494
334 495
334 496
334 499
334 501
334 502
334 505
334 506
334 509
334 512
334 513
334 514
334 515
334 516
334 517
334 518
334 520
334 521
334 523
334 524
334 525
334 526
334 527
334 529
334 530
334 531
334 536
334 538
334 540
334 541
334 542
334 544
334 545
334 547
334 548
334 549
334 551
334 554
334 555
334 556
334 557
334 558
334 559
334 560
334 562
334 564
334 565
334 569
334 573
334 575
334 577
334 578
334 580
334 584
334 585
334 586
334 589
334 593
334 597
334 598
334 599
334 602
334 604
334 609
334 612
334 615
334 618
334 619
334 621
334 625
334 626
334 628
334 632
334 633
334 636
334 638
334 642
334 643
334 645
334 646
334 649
334 650
334 651
334 652
334 654
334 656
334 657
334 660
334 662
334 664
334 665
334 666
334 673
334 675
334 677
334 679
334 682
334 683
334 684
334 686
334 688
334 691
334 693
334 694
334 695
334 696
334 699
334 700
334 704
334 709
334 711
334 712
334 718
334 719
334 720
334 727
334 731
334 732
334 733
334 736
334 740
334 743
334 744
334 745
334 746
334 749
334 752
334 753
334 754
334 755
334 759
334 760
334 763
334 764
334 765
334 766
334 768
334 770
334 771
334 775
334 777
334 778
334 779
334 780
334 781
334 782
334 784
334 785
334 786
334 794
334 795
334 798
334 799
335 402
335 405
335 406
335 407
335 411
335 413
335 415
335 417
335 418
335 419
335 423
335 426
335 427
335 430
335 433
335 438
335 441
335 443
335 444
335 445
335 446
335 447
335 448
335 451
335 452
335 454
335 456
335 457
335 458
335 461
335 464
335 469
335 470
335 473
335 476
335 477
335 478
335 479
335 481
335 484
335 485
335 486
335 487
335 488
335 489
335 492
335 493
335 496
335 498
335 499
335 500
335 501
335 503
335 504
335 505
335 510
335 511
335 513
335 515
335 516
335 519
335 522
335 523
335 524
335 525
335 527
335 528
335 529
335 530
335 532
335 534
335 537
335 540
335 541
335 543
335 547
335 550
335 552
335 554
335 555
335 556
335 563
335 564
335 568
335 570
335 571
335 572
335 573
335 574
335 575
335 576
335 577
335 578
335 581
335 582
335 583
335 584
335 585
335 589
335 591
335 594
335 595
335 598
335 600
335 602
335 603
335 605
335 607
335 608
335 609
335 611
335 615
335 616
335 622
335 623
335 626
335 629
335 630
335 632
335 633
335 636
335 639
335 640
335 645
335 647
335 650
335 652
335 656
335 658
335 660
335 662
335 664
335 666
335 668
335 669
335 670
335 671
335 672
335 674
335 675
335 676
335 679
335 681
335 683
335 685
335 688
335 691
335 695
335 697
335 698
335 700
335 702
335 704
335 705
335 707
335 708
335 710
335 711
335 714
335 716
335 717
335 718
335 720
335 723
335 725
335 727
335 728
335 731
335 736
335 740
335 741
335 743
335 744
335 745
335 757
335 763
335 764
335 765
335 766
335 770
335 771
335 772
335 774
335 782
335 785
335 786
335 787
335 789
335 794
335 796
335 797
335 799
335 800
336 401
336 403
336 404
336 406
336 408
336 409
336 411
336 413
336 417
336 418
336 420
336 421
336 423
336 424
336 425
336 426
336 427
336 428
336 433
336 434
336 437
336 438
336 442
336 443
336 444
336 446
336 447
336 448
336 450
336 452
336 454
336 455
336 459
336 463
336 464
336 465
336 466
336 467
336 469
336 470
336 471
336 474
336 475
336 477
336 479
336 480
336 481
336 482
336 483
336 484
336 487
336 488
336 492
336 493
336 496
336 497
336 504
336 505
336 507
336 508
336 509
336 510
336 511
336 512
336 513
336 517
336 518
336 523
336 527
336 528
336 529
336 532
336 535
336 536
336 537
336 540
336 542
336 543
336 544
336 545
336 548
336 551
336 552
336 553
336 557
336 559
336 560
336 561
336 562
336 564
336 565
336 566
336 567
336 573
336 575
336 576
336 578
336 579
336 580
336 581
336 582
336 587
336 589
336 590
336 596
336 597
336 599
336 602
336 604
336 606
336 607
336 608
336 609
336 610
336 611
336 612
336 614
336 616
336 618
336 619
336 620
336 621
336 622
336 623
336 625
336 627
336 630
336 631
336 636
336 639
336 640
336 642
336 643
336 644
336 645
336 646
336 648
336 652
336 653
336 656
336 658
336 660
336 661
336 664
336 666
336 668
336 669
336 676
336 677
336 682
336 683
336 684
336 687
336 689
336 690
336 691
336 692
336 693
336 695
336 696
336 697
336 705
336 706
336 707
336 708
336 709
336 711
336 712
336 713
336 714
336 716
336 718
336 719
336 721
336 725
336 728
336 730
336 732
336 733
336 735
336 736
336 739
336 740
336 742
336 746
336 747
336 749
336 751
336 755
336 757
336 759
336 760
336 761
336 762
336 763
336 764
336 769
336 770
336 772
336 773
336 774
336 775
336 776
336 777
336 778
336 779
336 782
336 783
336 784
336 785
336 786
336 792
336 793
336 795
336 798
336 799
337 402
337 403
337 406
337 409
337 414
337 416
337 418
337 419
337 420
337 422
337 423
337 425
337 427
337 429
337 430
337 431
337 432
337 433
337 436
337 437
337 439
337 440
337 442
337 447
337 448
337 458
337 460
337 461
337 463
337 465
337 466
337 467
337 468
337 470
337 472
337 476
337 477
337 478
337 479
337 482
337 484
337 485
337 488
337 489
337 494
337 495
337 502
337 505
337 506
337 507
337 509
337 514
337 515
337 516
337 517
337 520
337 521
337 522
337 526
337 530
337 531
337 533
337 535
337 536
337 538
337 543
337 544
337 545
337 547
337 550
337 552
337 556
337 557
337 558
337 559
337 560
337 565
337 567
337 571
337 573
337 577
337 580
337 581
337 582
337 583
337 584
337 585
337 587
337 588
337 589
337 590
337 595
337 596
337 597
337 598
337 599
337 601
337 602
337 604
337 607
337 608
337 609
337 610
337 611
337 614
337 615
337 616
337 623
337 625
337 627
337 629
337 630
337 631
337 632
337 633
337 635
337 637
337 638
337 639
337 640
337 643
337 646
337 647
337 648
337 649
337 650
337 651
337 654
337 661
337 663
337 666
337 668
337 671
337 673
337 675
337 677
337 678
337 680
337 682
337 685
337 686
337 687
337 688
337 689
337 693
337 694
337 695
337 699
337 700
337 703
337 704
337 707
337 708
337 709
337 714
337 716
337 718
337 719
337 721
337 722
337 724
337 725
337 727
337 730
337 732
337 733
337 735
337 736
337 738
337 739
337 740
337 741
337 742
337 745
337 747
337 751
337 754
337 756
337 757
337 759
337 761
337 762
337 763
337 764
337 766
337 767
337 769
337 771
337 774
337 780
337 781
337 782
337 783
337 784
337 786
337 787
337 788
337 789
337 794
337 796
337 798
337 799
337 800
338 401
338 402
338 403
338 404
338 407
338 408
338 409
338 410
338 412
338 413
338 416
338 418
338 419
338 421
338 422
338 425
338 426
338 429
338 435
338 437
338 443
338 444
338 445
338 446
338 447
338 448
338 449
338 450
338 454
338 455
338 457
338 459
338 461
338 462
338 463
338 465
338 466
338 468
338 469
338 470
338 471
338 472
338 474
338 477
338 478
338 479
338 480
338 482
338 486
338 487
338 489
338 491
338 496
338 499
338 500
338 501
338 502
338 504
338 507
338 508
338 510
338 515
338 517
338 518
338 519
338 520
338 522
338 523
338 524
338 527
338 529
338 531
338 539
338 540
338 542
338 550
338 552
338 553
338 554
338 555
338 560
338 562
338 564
338 565
338 568
338 572
338 573
338 574
338 577
338 578
338 579
338 580
338 581
338 583
338 584
338 585
338 588
338 589
338 592
338 600
338 602
338 604
338 606
338 609
338 610
338 613
338 614
338 615
338 616
338 618
338 619
338 621
338 622
338 623
338 624
338 627
338 628
338 629
338 633
338 634
338 636
338 637
338 639
338 641
338 642
338 644
338 647
338 648
338 649
338 650
338 655
338 657
338 661
338 662
338 663
338 664
338 665
338 667
338 668
338 673
338 675
338 676
338 679
338 680
338 681
338 684
338 688
338 689
338 690
338 691
338 692
338 693
338 694
338 695
338 696
338 699
338 700
338 701
338 702
338 705
338 707
338 709
338 710
338 711
338 713
338 714
338 716
338 717
338 722
338 724
338 725
338 726
338 728
338 731
338 734
338 735
338 737
338 738
338 741
338 742
338 749
338 751
338 754
338 758
338 759
338 761
338 762
338 763
338 764
338 766
338 767
338 770
338 777
338 778
338 779
338 783
338 784
338 785
338 789
338 790
338 793
338 796
338 797
338 798
338 799
339 401
339 402
339 404
339 406
339 408
339 409
339 413
339 414
339 419
339 420
339 422
339 423
339 425
339 428
339 430
339 434
339 435
339 436
339 438
339 442
339 443
339 444
339 445
339 446
339 448
339 449
339 451
339 453
339 454
339 458
339 460
339 462
339 463
339 464
339 465
339 466
339 469
339 470
339 472
339 473
339 474
339 475
339 476
339 477
339 478
339 481
339 482
339 486
339 488
339 489
339 490
339 491
339 492
339 494
339 496
339 497
339 498
339 500
339 501
339 505
339 506
339 507
339 509
339 512
339 514
339 515
339 517
339 520
339 522
339 523
339 524
339 525
339 528
339 529
339 530
339 531
339 533
339 535
339 536
339 537
339 538
339 539
339 540
339 545
339 547
339 548
339 549
339 550
339 551
339 555
339 558
339 559
339 561
339 562
339 565
339 566
339 568
339 571
339 572
339 574
339 575
339 576
339 578
339 579
339 580
339 582
339 587
339 589
339 590
339 591
339 592
339 596
339 601
339 603
339 604
339 605
339 607
339 608
339 609
339 610
339 611
339 612
339 613
339 615
339 617
339 618
339 620
339 625
339 627
339 628
339 630
339 633
339 634
339 635
339 636
339 638
339 640
339 641
339 643
339 647
339 651
339 655
339 658
339 660
339 661
339 662
339 663
339 664
339 665
339 666
339 667
339 668
339 669
339 670
339 671
339 673
339 674
339 675
339 677
339 682
339 685
339 686
339 688
339 690
339 691
339 692
339 696
339 697
339 698
339 699
339 700
339 701
339 702
339 703
339 705
339 708
339 709
339 711
339 712
339 715
339 716
339 719
339 721
339 722
339 723
339 729
339 730
339 732
339 733
339 736
339 737
339 738
339 739
339 740
339 743
339 744
339 745
339 746
339 752
339 753
339 754
339 756
339 758
339 761
339 763
339 764
339 766
339 768
339 770
339 772
339 773
339 774
339 776
339 777
339 778
339 780
339 782
339 783
339 786
339 787
339 788
339 789
339 790
339 791
339 792
339 796
339 800
340 402
340 403
340 404
340 406
340 408
340 410
340 411
340 417
340 418
340 419
340 423
340 424
340 426
340 427
340 430
340 432
340 433
340 434
340 436
340 437
340 441
340 444
340 445
340 449
340 450
340 453
340 458
340 460
340 461
340 467
340 470
340 471
340 472
340 475
340 476
340 478
340 479
340 481
340 482
340 483
340 484
340 488
340 491
340 492
340 494
340 496
340 499
340 500
340 504
340 505
340 506
340 507
340 508
340 511
340 512
340 514
340 516
340 517
340 519
340 521
340 524
340 526
340 529
340 532
340 535
340 538
340 540
340 541
340 542
340 545
340 546
340 547
340 548
340 549
340 551
340 552
340 554
340 555
340 556
340 557
340 560
340 561
340 562
340 565
340 566
340 567
340 568
340 569
340 570
340 571
340 575
340 576
340 577
340 578
340 579
340 581
340 583
340 587
340 590
340 591
340 592
340 593
340 595
340 596
340 601
340 602
340 603
340 604
340 605
340 606
340 616
340 618
340 620
340 622
340 623
340 625
340 628
340 631
340 632
340 634
340 639
340 640
340 641
340 642
340 644
340 645
340 646
340 647
340 652
340 653
340 654
340 656
340 658
340 660
340 666
340 667
340 668
340 669
340 673
340 674
340 675
340 676
340 677
340 678
340 679
340 681
340 684
340 687
340 688
340 690
340 692
340 694
340 696
340 697
340 699
340 701
340 702
340 704
340 706
340 708
340 709
340 716
340 717
340 718
340 722
340 725
340 727
340 730
340 733
340 734
340 739
340 741
340 743
340 747
340 749
340 750
340 752
340 753
340 756
340 761
340 762
340 763
340 765
340 766
340 770
340 771
340 772
340 773
340 774
340 775
340 776
340 778
340 782
340 790
340 792
340 794
340 797
340 798
340 799
340 800
341 401
341 402
341 403
341 406
341 409
341 411
341 412
341 414
341 415
341 417
341 418
341 419
341 420
341 422
341 423
341 425
341 426
341 428
341 429
341 430
341 435
341 436
341 438
341 440
341 442
341 444
341 447
341 448
341 449
341 450
341 451
341 452
341 453
341 454
341 458
341 459
341 460
341 462
341 463
341 464
341 465
341 466
341 467
341 469
341 471
341 472
341 474
341 476
341 477
341 478
341 480
341 481
341 482
341 483
341 484
341 485
341 486
341 489
341 492
341 493
341 494
341 495
341 497
341 498
341 499
341 500
341 501
341 503
341 504
341 507
341 508
341 510
341 511
341 515
341 516
341 519
341 521
341 523
341 526
341 528
341 529
341 531
341 532
341 533
341 534
341 536
341 540
341 541
341 543
341 544
341 545
341 546
341 547
341 550
341 552
341 553
341 555
341 556
341 557
341 559
341 561
341 562
341 567
341 568
341 569
341 570
341 571
341 576
341 578
341 579
341 580
341 582
341 583
341 588
341 589
341 595
341 597
341 598
341 601
341 603
341 604
341 605
341 606
341 609
341 610
341 612
341 616
341 617
341 618
341 619
341 620
341 623
341 627
341 628
341 631
341 632
341 633
341 634
341 636
341 637
341 639
341 640
341 641
341 642
341 644
341 647
341 651
341 652
341 657
341 658
341 661
341 662
341 663
341 664
341 665
341 666
341 670
341 672
341 675
341 676
341 678
341 681
341 683
341 685
341 686
341 687
341 688
341 691
341 692
341 693
341 695
341 696
341 697
341 699
341 700
341 703
341 707
341 709
341 711
341 713
341 715
341 716
341 721
341 723
341 724
341 727
341 729
341 730
341 734
341 736
341 740
341 742
341 744
341 745
341 746
341 747
341 750
341 751
341 753
341 754
341 759
341 766
341 767
341 768
341 769
341 773
341 777
341 779
341 782
341 783
341 784
341 785
341 786
341 787
341 791
341 792
341 793
341 794
341 796
341 797
341 800
342 401
342 403
342 404
342 406
342 408
342 412
342 415
342 419
342 420
342 421
342 428
342 429
342 431
342 432
342 434
342 437
342 438
342 439
342 440
342 444
342 447
342 448
342 449
342 451
342 454
342 455
342 456
342 458
342 459
342 460
342 461
342 463
342 464
342 465
342 466
342 471
342 472
342 473
342 474
342 476
342 477
342 480
342 481
342 482
342 484
342 488
342 489
342 492
342 493
342 494
342 495
342 496
342 498
342 500
342 504
342 507
342 509
342 511
342 512
342 513
342 518
342 519
342 522
342 523
342 524
342 526
342 527
342 528
342 529
342 531
342 532
342 533
342 534
342 535
342 536
342 541
342 542
342 545
342 546
342 549
342 552
342 553
342 554
342 557
342 561
342 562
342 563
342 565
342 566
342 569
342 572
342 573
342 575
342 576
342 577
342 578
342 579
342 587
342 588
342 589
342 590
342 591
342 594
342 596
342 598
342 600
342 601
342 603
342 605
342 606
342 611
342 612
342 614
342 617
342 618
342 619
342 621
342 622
342 625
342 627
342 630
342 631
342 632
342 633
342 634
342 635
342 637
342 638
342 639
342 640
342 642
342 645
342 649
342 651
342 653
342 654
342 659
342 661
342 663
342 664
342 670
342 671
342 673
342 676
342 680
342 681
342 682
342 684
342 687
342 689
342 690
342 691
342 692
342 694
342 695
342 696
342 698
342 699
342 700
342 701
342 703
342 704
342 705
342 708
342 710
342 712
342 715
342 717
342 718
342 722
342 730
342 733
342 735
342 736
342 739
342 741
342 744
342 747
342 749
342 750
342 752
342 753
342 755
342 756
342 757
342 758
342 760
342 763
342 764
342 768
342 775
342 776
342 778
342 779
342 780
342 791
342 792
342 794
342 795
342 796
343 401
343 402
343 403
343 412
343 414
343 415
343 416
343 417
343 418
343 419
343 420
343 421
343 422
343 423
343 424
343 425
343 426
343 429
343 430
343 431
343 432
343 433
343 434
343 438
343 439
343 440
343 442
343 443
343 444
343 446
343 447
343 451
343 452
343 456
343 459
343 460
343 461
343 462
343 466
343 469
343 470
343 471
343 473
343 474
343 475
343 476
343 477
343 481
343 482
343 485
343 486
343 487
343 489
343 492
343 493
343 494
343 498
343 500
343 502
343 503
343 504
343 505
343 508
343 509
343 512
343 513
343 515
343 517
343 521
343 524
343 527
343 528
343 533
343 534
343 535
343 536
343 540
343 541
343 542
343 546
343 550
343 551
343 552
343 556
343 557
343 558
343 559
343 566
343 567
343 569
343 570
343 572
343 573
343 574
343 575
343 576
343 582
343 588
343 589
343 591
343 593
343 594
343 596
343 599
343 600
343 602
343 603
343 604
343 605
343 606
343 607
343 608
343 611
343 612
343 617
343 619
343 621
343 624
343 625
343 626
343 630
343 632
343 633
343 634
343 635
343 638
343 639
343 643
343 645
343 646
343 647
343 649
343 651
343 652
343 653
343 655
343 656
343 659
343 660
343 661
343 662
343 667
343 668
343 669
343 670
343 673
343 675
343 676
343 677
343 678
343 682
343 683
343 684
343 686
343 692
343 693
343 694
343 695
343 699
343 700
343 701
343 703
343 707
343 709
343 711
343 712
343 714
343 715
343 716
343 721
343 722
343 723
343 724
343 725
343 729
343 730
343 733
343 735
343 739
343 740
343 741
343 743
343 745
343 746
343 747
343 750
343 752
343 753
343 754
343 756
343 757
343 759
343 760
343 761
343 762
343 763
343 764
343 770
343 771
343 773
343 774
343 775
343 776
343 778
343 780
343 784
343 786
343 788
343 789
343 791
343 793
343 795
344 401
344 407
344 408
344 417
344 418
344 419
344 420
344 422
344 430
344 431
344 436
344 439
344 440
344 441
344 442
344 444
344 449
344 451
344 454
344 458
344 459
344 461
344 463
344 465
344 466
344 474
344 477
344 478
344 480
344 482
344 483
344 484
344 486
344 488
344 489
344 490
344 491
344 492
344 494
344 496
344 497
344 498
344 501
344 502
344 503
344 504
344 505
344 506
344 509
344 511
344 514
344 516
344 517
344 519
344 524
344 525
344 526
344 527
344 528
344 529
344 533
344 542
344 543
344 544
344 545
344 547
344 549
344 552
344 554
344 555
344 558
344 561
344 562
344 563
344 564
344 565
344 566
344 570
344 571
344 573
344 574
344 576
344 579
344 580
344 582
344 583
344 584
344 585
344 586
344 588
344 589
344 590
344 593
344 594
344 595
344 597
344 599
344 600
344 602
344 608
344 610
344 611
344 614
344 618
344 621
344 622
344 623
344 625
344 628
344 631
344 633
344 635
344 636
344 640
344 641
344 642
344 643
344 645
344 646
344 648
344 649
344 652
344 653
344 654
344 655
344 657
344 660
344 663
344 665
344 666
344 668
344 671
344 672
344 675
344 676
344 677
344 682
344 683
344 684
344 685
344 686
344 687
344 688
344 689
344 690
344 692
344 693
344 695
344 696
344 697
344 698
344 699
344 700
344 707
344 708
344 709
344 710
344 715
344 717
344 718
344 719
344 723
344 724
344 727
344 733
344 736
344 738
344 740
344 741
344 742
344 744
344 747
344 750
344 751
344 753
344 754
344 755
344 756
344 759
344 760
344 761
344 769
344 771
344 773
344 776
344 777
344 779
344 780
344 782
344 784
344 786
344 787
344 788
344 789
344 790
344 791
344 792
344 797
344 798
345 404
345 405
345 408
345 411
345 412
345 414
345 420
345 423
345 424
345 427
345 428
345 429
345 430
345 431
345 432
345 433
345 435
345 436
345 437
345 438
345 439
345 441
345 442
345 443
345 448
345 450
345 456
345 457
345 459
345 460
345 461
345 465
345 466
345 467
345 472
345 475
345 477
345 478
345 479
345 482
345 484
345 485
345 486
345 489
345 491
345 493
345 494
345 495
345 500
345 501
345 502
345 504
345 505
345 506
345 507
345 508
345 510
345 512
345 514
345 515
345 517
345 520
345 522
345 523
345 524
345 525
345 529
345 531
345 536
345 538
345 539
345 540
345 543
345 544
345 549
345 551
345 552
345 557
345 559
345 563
345 566
345 572
345 573
345 574
345 576
345 581
345 583
345 584
345 585
345 587
345 588
345 590
345 594
345 595
345 596
345 597
345 598
345 600
345 604
345 605
345 609
345 610
345 612
345 614
345 616
345 617
345 622
345 623
345 627
345 628
345 631
345 634
345 637
345 638
345 640
345 641
345 642
345 643
345 644
345 645
345 646
345 647
345 648
345 653
345 654
345 657
345 658
345 661
345 662
345 667
345 668
345 669
345 670
345 671
345 672
345 675
345 676
345 682
345 683
345 688
345 690
345 693
345 694
345 696
345 697
345 699
345 700
345 701
345 705
345 706
345 708
345 710
345 717
345 718
345 721
345 724
345 725
345 726
345 727
345 728
345 733
345 735
345 736
345 737
345 738
345 739
345 741
345 742
345 746
345 748
345 749
345 750
345 751
345 753
345 755
345 757
345 758
345 759
345 761
345 765
345 772
345 775
345 776
345 777
345 778
345 781
345 782
345 784
345 785
345 786
345 788
345 793
345 799
345 800
346 405
346 407
346 409
346 411
346 414
346 415
346 418
346 420
346 421
346 422
346 425
346 426
346 428
346 430
346 432
346 433
346 434
346 435
346 436
346 437
346 440
346 444
346 446
346 448
346 449
346 450
346 452
346 453
346 454
346 455
346 456
346 458
346 459
346 461
346 462
346 464
346 466
346 467
346 468
346 470
346 471
346 472
346 474
346 475
346 476
346 478
346 479
346 481
346 483
346 485
346 486
346 487
346 488
346 489
346 490
346 494
346 496
346 497
346 500
346 501
346 502
346 503
346 504
346 505
346 507
346 508
346 511
346 514
346 516
346 517
346 518
346 519
346 521
346 524
346 525
346 526
346 527
346 531
346 533
346 536
346 538
346 542
346 544
346 545
346 546
346 550
346 556
346 557
346 558
346 559
346 561
346 562
346 564
346 565
346 567
346 568
346 570
346 572
346 573
346 578
346 584
346 585
346 588
346 589
346 590
346 591
346 592
346 596
346 603
346 604
346 605
346 607
346 608
346 611
346 612
346 620
346 621
346 622
346 624
346 625
346 627
346 628
346 629
346 631
346 632
346 635
346 637
346 639
346 640
346 644
346 647
346 648
346 649
346 651
346 655
346 656
346 657
346 658
346 661
346 662
346 663
346 665
346 667
346 669
346 670
346 677
346 678
346 680
346 681
346 682
346 684
346 685
346 686
346 687
346 692
346 696
346 703
346 705
346 706
346 707
346 708
346 710
346 711
346 713
346 714
346 715
346 716
346 717
346 718
346 720
346 721
346 722
346 725
346 726
346 727
346 728
346 731
346 732
346 733
346 735
346 736
346 737
346 738
346 740
346 741
346 742
346 743
346 744
346 748
346 750
346 751
346 752
346 753
346 754
346 755
346 756
346 757
346 758
346 760
346 763
346 768
346 769
346 773
346 774
346 778
346 779
346 780
346 781
346 784
346 785
346 787
346 788
346 789
346 790
346 792
346 794
346 795
346 798
346 799
346 800
347 401
347 402
347 406
347 408
347 410
347 411
347 413
347 414
347 416
347 417
347 420
347 421
347 424
347 425
347 428
347 430
347 431
347 432
347 441
347 442
347 444
347 448
347 449
347 450
347 452
347 453
347 457
347 458
347 459
347 460
347 461
347 462
347 465
347 468
347 469
347 470
347 472
347 474
347 475
347 484
347 485
347 486
347 487
347 489
347 490
347 493
347 494
347 498
347 500
347 503
347 507
347 509
347 511
347 513
347 515
347 520
347 522
347 527
347 530
347 532
347 534
347 535
347 537
347 542
347 543
347 544
347 545
347 551
347 552
347 556
347 558
347 559
347 563
347 568
347 569
347 570
347 571
347 574
347 575
347 576
347 577
347 578
347 579
347 580
347 581
347 583
347 588
347 591
347 592
347 594
347 595
347 598
347 600
347 601
347 602
347 603
347 604
347 605
347 614
347 617
347 619
347 621
347 624
347 625
347 627
347 628
347 632
347 633
347 634
347 635
347 638
347 639
347 640
347 641
347 646
347 647
347 648
347 650
347 657
347 658
347 663
347 667
347 670
347 672
347 674
347 678
347 679
347 681
347 683
347 685
347 686
347 687
347 689
347 691
347 692
347 693
347 700
347 701
347 706
347 709
347 710
347 711
347 712
347 715
347 716
347 717
347 720
347 721
347 722
347 723
347 725
347 726
347 727
347 733
347 734
347 735
347 736
347 742
347 745
347 746
347 747
347 748
347 749
347 750
347 752
347 758
347 759
347 760
347 764
347 770
347 773
347 775
347 780
347 787
347 789
347 790
347 791
347 793
347 796
347 800
348 401
348 404
348 405
348 406
348 407
348 408
348 411
348 416
348 417
348 418
348 419
348 420
348 423
348 425
348 427
348 428
348 430
348 431
348 433
348 434
348 435
348 436
348 437
348 438
348 439
348 441
348 442
348 448
348 451
348 453
348 455
348 456
348 458
348 461
348 462
348 467
348 469
348 470
348 471
348 473
348 477
348 478
348 479
348 480
348 481
348 482
348 483
348 485
348 489
348 493
348 495
348 496
348 499
348 500
348 501
348 502
348 504
348 505
348 509
348 511
348 512
348 513
348 514
348 518
348 519
348 520
348 521
348 522
348 523
348 524
348 525
348 526
348 529
348 533
348 535
348 536
348 537
348 538
348 539
348 542
348 546
348 548
348 549
348 552
348 553
348 554
348 555
348 556
348 560
348 561
348 562
348 563
348 565
348 568
348 569
348 573
348 576
348 577
348 582
348 585
348 590
348 593
348 594
348 596
348 601
348 603
348 604
348 605
348 608
348 611
348 612
348 613
348 615
348 617
348 618
348 619
348 621
348 622
348 624
348 628
348 630
348 631
348 633
348 634
348 635
348 637
348 641
348 642
348 643
348 648
348 650
348 651
348 653
348 654
348 655
348 656
348 658
348 659
348 661
348 665
348 667
348 669
348 671
348 672
348 677
348 679
348 680
348 681
348 684
348 686
348 687
348 691
348 696
348 697
348 698
348 700
348 702
348 704
348 705
348 707
348 708
348 710
348 713
348 716
348 718
348 720
348 722
348 724
348 725
348 728
348 729
348 732
348 733
348 734
348 735
348 736
348 738
348 743
348 746
348 749
348 751
348 755
348 758
348 759
348 760
348 761
348 762
348 772
348 774
348 776
348 777
348 778
348 779
348 780
348 782
348 783
348 784
348 787
348 788
348 789
348 792
348 793
348 795
348 797
348 798
349 404
349 405
349 412
349 413
349 415
349 417
349 421
349 424
349 427
349 428
349 430
349 432
349 433
349 436
349 440
349 444
349 445
349 447
349 448
349 449
349 454
349 457
349 459
349 461
349 463
349 465
349 468
349 470
349 471
349 474
349 475
349 476
349 480
349 481
349 482
349 483
349 486
349 488
349 489
349 490
349 491
349 494
349 495
349 498
349 499
349 500
349 501
349 505
349 506
349 507
349 508
349 512
349 515
349 517
349 519
349 522
349 523
349 524
349 525
349 526
349 527
349 528
349 529
349 536
349 539
349 541
349 542
349 543
349 544
349 545
349 546
349 547
349 548
349 550
349 553
349 554
349 556
349 557
349 561
349 562
349 563
349 564
349 566
349 569
349 570
349 573
349 574
349 575
349 577
349 582
349 583
349 585
349 586
349 587
349 589
349 591
349 594
349 595
349 596
349 598
349 600
349 604
349 605
349 607
349 609
349 612
349 614
349 615
349 618
349 621
349 622
349 623
349 627
349 628
349 629
349 630
349 631
349 632
349 634
349 635
349 637
349 639
349 640
349 641
349 643
349 646
349 647
349 650
349 655
349 656
349 657
349 658
349 659
349 660
349 662
349 664
349 666
349 667
349 670
349 671
349 672
349 674
349 675
349 676
349 677
349 680
349 681
349 682
349 684
349 686
349 687
349 688
349 689
349 691
349 692
349 697
349 699
349 701
349 702
349 703
349 704
349 712
349 713
349 714
349 715
349 716
349 718
349 719
349 723
349 724
349 730
349 731
349 735
349 736
349 737
349 740
349 741
349 743
349 747
349 749
349 750
349 751
349 753
349 758
349 759
349 761
349 766
349 768
349 769
349 770
349 771
349 773
349 774
349 775
349 777
349 779
349 780
349 781
349 782
349 783
349 786
349 787
349 789
349 790
349 795
349 800
350 401
350 403
350 408
350 409
350 411
350 412
350 414
350 415
350 416
350 417
350 418
350 419
350 420
350 423
350 424
350 425
350 428
350 429
350 431
350 432
350 433
350 434
350 435
350 436
350 440
350 446
350 448
350 449
350 451
350 452
350 453
350 455
350 457
350 459
350 462
350 468
350 470
350 472
350 473
350 476
350 477
350 481
350 483
350 485
350 487
350 488
350 489
350 491
350 493
350 494
350 498
350 499
350 500
350 502
350 504
350 506
350 508
350 509
350 510
350 511
350 513
350 514
350 516
350 517
350 518
350 520
350 521
350 522
350 524
350 528
350 529
350 531
350 533
350 537
350 540
350 542
350 543
350 545
350 546
350 548
350 553
350 558
350 559
350 561
350 563
350 564
350 566
350 567
350 569
350 571
350 577
350 578
350 582
350 584
350 585
350 587
350 589
350 591
350 592
350 597
350 602
350 603
350 604
350 608
350 609
350 610
350 611
350 612
350 614
350 615
350 616
350 617
350 618
350 620
350 621
350 624
350 625
350 626
350 627
350 629
350 630
350 631
350 634
350 637
350 642
350 644
350 646
350 648
350 649
350 650
350 651
350 652
350 653
350 654
350 656
350 657
350 658
350 659
350 660
350 662
350 663
350 664
350 667
350 669
350 671
350 672
350 677
350 682
350 684
350 685
350 686
350 690
350 691
350 692
350 693
350 695
350 698
350 699
350 700
350 706
350 709
350 711
350 712
350 713
350 714
350 716
350 720
350 721
350 722
350 724
350 727
350 728
350 729
350 733
350 742
350 745
350 746
350 747
350 748
350 749
350 750
350 754
350 755
350 757
350 760
350 761
350 762
350 765
350 766
350 768
350 769
350 772
350 773
350 777
350 779
350 780
350 787
350 789
350 790
350 793
350 794
350 796
350 798
351 401
351 402
351 404
351 405
351 408
351 411
351 412
351 413
351 415
351 416
351 417
351 420
351 421
351 422
351 423
351 425
351 429
351 430
351 432
351 433
351 435
351 436
351 437
351 438
351 439
351 440
351 441
351 450
351 451
351 452
351 453
351 455
351 456
351 457
351 459
351 465
351 468
351 469
351 470
351 472
351 473
351 475
351 476
351 479
351 480
351 484
351 485
351 486
351 487
351 489
351 490
351 491
351 493
351 494
351 495
351 497
351 499
351 502
351 503
351 505
351 506
351 507
351 508
351 509
351 510
351 511
351 513
351 515
351 522
351 525
351 527
351 529
351 532
351 535
351 536
351 539
351 540
351 541
351 542
351 544
351 549
351 552
351 553
351 554
351 555
351 556
351 557
351 558
351 561
351 565
351 569
351 572
351 574
351 577
351 582
351 586
351 590
351 594
351 596
351 599
351 601
351 604
351 606
351 609
351 612
351 613
351 614
351 617
351 618
351 619
351 620
351 621
351 624
351 627
351 629
351 631
351 632
351 635
351 639
351 643
351 644
351 646
351 652
351 654
351 657
351 659
351 661
351 662
351 664
351 667
351 670
351 671
351 673
351 675
351 676
351 679
351 681
351 684
351 685
351 690
351 691
351 693
351 694
351 699
351 700
351 703
351 704
351 706
351 709
351 711
351 714
351 715
351 720
351 722
351 729
351 735
351 736
351 740
351 741
351 745
351 746
351 748
351 750
351 751
351 754
351 756
351 758
351 759
351 763
351 765
351 766
351 767
351 773
351 778
351 782
351 785
351 787
351 793
351 796
351 798
352 401
352 404
352 406
352 407
352 408
352 411
352 412
352 415
352 417
352 422
352 424
352 425
352 427
352 429
352 430
352 431
352 432
352 435
352 438
352 444
352 445
352 446
352 448
352 451
352 453
352 454
352 455
352 457
352 458
352 461
352 462
352 463
352 464
352 465
352 466
352 467
352 469
352 470
352 473
352 474
352 476
352 479
352 480
352 484
352 488
352 490
352 494
352 495
352 496
352 497
352 499
352 500
352 504
352 505
352 510
352 513
352 517
352 520
352 521
352 522
352 523
352 524
352 527
352 528
352 530
352 531
352 532
352 533
352 536
352 539
352 540
352 543
352 544
352 546
352 549
352 550
352 552
352 555
352 560
352 562
352 564
352 565
352 568
352 569
352 571
352 572
352 574
352 575
352 576
352 577
352 579
352 581
352 582
352 584
352 585
352 586
352 588
352 589
352 590
352 591
352 593
352 594
352 595
352 597
352 599
352 601
352 605
352 606
352 607
352 610
352 612
352 614
352 618
352 619
352 620
352 621
352 625
352 628
352 629
352 630
352 631
352 633
352 635
352 636
352 637
352 638
352 639
352 641
352 644
352 645
352 649
352 651
352 652
352 653
352 654
352 662
352 663
352 664
352 665
352 669
352 671
352 673
352 674
352 677
352 678
352 680
352 682
352 684
352 685
352 686
352 687
352 688
352 689
352 692
352 694
352 696
352 697
352 698
352 699
352 702
352 705
352 706
352 711
352 712
352 713
352 718
352 720
352 721
352 722
352 723
352 724
352 725
352 726
352 727
352 728
352 729
352 730
352 731
352 732
352 735
352 736
352 737
352 739
352 741
352 742
352 743
352 744
352 748
352 749
352 754
352 755
352 756
352 758
352 759
352 760
352 762
352 765
352 766
352 768
352 769
352 770
352 771
352 773
352 774
352 775
352 778
352 779
352 780
352 781
352 784
352 785
352 788
352 789
352 790
352 792
352 794
352 797
352 798
352 799
352 800
353 401
353 403
353 404
353 405
353 410
353 414
353 416
353 419
353 420
353 424
353 425
353 434
353 439
353 442
353 443
353 445
353 446
353 449
353 452
353 453
353 454
353 458
353 462
353 463
353 464
353 467
353 469
353 470
353 471
353 476
353 478
353 479
353 480
353 482
353 484
353 485
353 486
353 487
353 490
353 491
353 492
353 493
353 500
353 501
353 502
353 504
353 505
353 506
353 507
353 508
353 509
353 510
353 515
353 518
353 519
353 520
353 527
353 533
353 535
353 536
353 537
353 539
353 543
353 545
353 549
353 551
353 552
353 553
353 558
353 560
353 561
353 562
353 563
353 571
353 573
353 574
353 575
353 583
353 584
353 585
353 589
353 591
353 593
353 597
353 600
353 603
353 605
353 608
353 610
353 613
353 614
353 617
353 619
353 621
353 623
353 629
353 630
353 631
353 632
353 635
353 636
353 639
353 640
353 643
353 644
353 649
353 654
353 656
353 658
353 659
353 661
353 663
353 665
353 666
353 667
353 668
353 672
353 674
353 676
353 678
353 679
353 681
353 682
353 683
353 685
353 686
353 688
353 692
353 696
353 697
353 698
353 699
353 705
353 706
353 707
353 709
353 714
353 716
353 720
353 721
353 722
353 724
353 728
353 729
353 730
353 733
353 735
353 740
353 742
353 744
353 745
353 747
353 749
353 750
353 753
353 755
353 757
353 759
353 760
353 763
353 764
353 777
353 779
353 780
353 782
353 783
353 793
353 798
353 799
353 800
354 403
354 404
354 406
354 408
354 410
354 413
354 417
354 418
354 419
354 421
354 423
354 426
354 429
354 433
354 434
354 436
354 437
354 438
354 439
354 440
354 441
354 442
354 443
354 447
354 451
354 452
354 454
354 455
354 457
354 458
354 459
354 460
354 461
354 463
354 470
354 471
354 472
354 473
354 474
354 476
354 481
354 482
354 484
354 490
354 493
354 494
354 495
354 496
354 499
354 500
354 502
354 503
354 504
354 505
354 506
354 507
354 511
354 512
354 516
354 517
354 518
354 519
354 520
354 522
354 523
354 525
354 528
354 530
354 534
354 536
354 538
354 539
354 540
354 542
354 545
354 548
354 550
354 551
354 556
354 559
354 561
354 562
354 564
354 565
354 566
354 568
354 569
354 570
354 571
354 572
354 573
354 574
354 575
354 576
354 578
354 580
354 581
354 582
354 583
354 587
354 588
354 590
354 593
354 594
354 595
354 596
354 598
354 599
354 600
354 604
354 605
354 606
354 607
354 609
354 610
354 611
354 612
354 614
354 615
354 616
354 617
354 619
354 622
354 623
354 624
354 625
354 628
354 629
354 630
354 633
354 634
354 638
354 639
354 642
354 643
354 645
354 646
354 649
354 650
354 656
354 657
354 661
354 662
354 665
354 667
354 668
354 669
354 670
354 671
354 673
354 675
354 680
354 681
354 682
354 684
354 685
354 686
354 687
354 689
354 694
354 695
354 701
354 702
354 703
354 705
354 706
354 707
354 709
354 711
354 714
354 715
354 716
354 717
354 719
354 720
354 722
354 726
354 727
354 728
354 729
354 732
354 734
354 738
354 739
354 740
354 741
354 744
354 745
354 747
354 748
354 749
354 752
354 756
354 760
354 761
354 764
354 766
354 770
354 773
354 775
354 779
354 783
354 788
354 790
354 791
354 793
354 797
354 798
354 800
355 401
355 402
355 403
355 405
355 406
355 407
355 408
355 415
355 420
355 421
355 422
355 426
355 427
355 429
355 430
355 432
355 433
355 434
355 436
355 437
355 439
355 441
355 442
355 444
355 445
355 446
355 449
355 450
355 451
355 453
355 454
355 456
355 464
355 465
355 469
355 471
355 475
355 476
355 477
355 479
355 480
355 482
355 484
355 485
355 488
355 489
355 495
355 498
355 503
355 504
355 505
355 506
355 509
355 510
355 511
355 515
355 516
355 517
355 520
355 521
355 523
355 525
355 526
355 527
355 529
355 530
355 531
355 532
355 537
355 538
355 539
355 540
355 541
355 542
355 545
355 547
355 548
355 549
355 550
355 556
355 557
355 558
355 559
355 561
355 566
355 568
355 570
355 575
355 576
355 577
355 578
355 582
355 584
355 585
355 587
355 588
355 590
355 591
355 594
355 595
355 596
355 597
355 599
355 600
355 601
355 603
355 604
355 605
355 606
355 608
355 610
355 611
355 612
355 614
355 616
355 617
355 620
355 621
355 625
355 626
355 629
355 630
355 631
355 636
355 637
355 639
355 640
355 642
355 643
355 644
355 647
355 650
355 651
355 653
355 654
355 655
355 656
355 657
355 658
355 659
355 661
355 662
355 663
355 664
355 666
355 668
355 669
355 672
355 673
355 674
355 677
355 680
355 687
355 689
355 692
355 693
355 694
355 695
355 697
355 698
355 699
355 704
355 705
355 707
355 708
355 709
355 710
355 711
355 712
355 713
355 714
355 718
355 719
355 722
355 726
355 727
355 730
355 732
355 733
355 735
355 736
355 737
355 739
355 740
355 741
355 743
355 744
355 747
355 750
355 752
355 753
355 754
355 755
355 758
355 760
355 764
355 767
355 771
355 773
355 775
355 776
355 778
355 780
355 783
355 784
355 785
355 786
355 787
355 788
355 790
355 791
355 795
355 799
356 401
356 403
356 404
356 406
356 407
356 408
356 409
356 415
356 416
356 417
356 418
356 419
356 420
356 421
356 423
356 424
356 425
356 427
356 429
356 436
356 439
356 441
356 448
356 449
356 451
356 453
356 455
356 456
356 457
356 461
356 463
356 464
356 469
356 472
356 477
356 481
356 482
356 484
356 485
356 486
356 488
356 489
356 490
356 492
356 495
356 496
356 497
356 498
356 499
356 500
356 502
356 504
356 505
356 506
356 509
356 511
356 512
356 513
356 517
356 518
356 520
356 523
356 524
356 526
356 533
356 534
356 535
356 536
356 537
356 538
356 540
356 541
356 544
356 552
356 556
356 557
356 561
356 564
356 566
356 570
356 571
356 574
356 575
356 577
356 578
356 582
356 583
356 585
356 588
356 590
356 592
356 593
356 597
356 598
356 599
356 600
356 604
356 607
356 609
356 610
356 612
356 617
356 619
356 620
356 621
356 622
356 623
356 626
356 627
356 629
356 631
356 632
356 638
356 640
356 642
356 643
356 645
356 647
356 649
356 652
356 654
356 655
356 657
356 658
356 660
356 663
356 667
356 670
356 671
356 674
356 676
356 677
356 678
356 680
356 681
356 683
356 686
356 688
356 691
356 695
356 696
356 704
356 706
356 707
356 709
356 710
356 711
356 716
356 719
356 723
356 724
356 726
356 728
356 730
356 732
356 739
356 740
356 742
356 743
356 744
356 745
356 747
356 748
356 750
356 751
356 752
356 753
356 754
356 756
356 759
356 761
356 762
356 764
356 765
356 768
356 769
356 772
356 774
356 778
356 781
356 782
356 786
356 787
356 788
356 789
356 797
356 798
357 401
357 406
357 409
357 410
357 411
357 415
357 417
357 418
357 419
357 420
357 425
357 426
357 429
357 430
357 431
357 433
357 436
357 437
357 438
357 441
357 442
357 443
357 447
357 448
357 449
357 450
357 452
357 453
357 455
357 456
357 459
357 462
357 463
357 464
357 465
357 470
357 471
357 478
357 480
357 481
357 482
357 483
357 485
357 486
357 487
357 491
357 492
357 493
357 496
357 500
357 504
357 505
357 512
357 515
357 517
357 518
357 521
357 525
357 526
357 528
357 530
357 535
357 536
357 539
357 542
357 543
357 545
357 548
357 551
357 552
357 553
357 556
357 560
357 562
357 567
357 568
357 569
357 577
357 578
357 581
357 582
357 583
357 584
357 588
357 592
357 593
357 594
357 595
357 597
357 598
357 600
357 601
357 604
357 606
357 607
357 608
357 609
357 610
357 613
357 620
357 621
357 622
357 628
357 630
357 632
357 633
357 634
357 637
357 639
357 640
357 643
357 644
357 649
357 651
357 653
357 654
357 655
357 656
357 657
357 660
357 661
357 662
357 664
357 665
357 666
357 668
357 673
357 675
357 677
357 678
357 679
357 680
357 684
357 686
357 687
357 688
357 691
357 692
357 693
357 694
357 695
357 696
357 702
357 707
357 708
357 710
357 713
357 716
357 719
357 720
357 722
357 726
357 727
357 728
357 729
357 731
357 733
357 736
357 738
357 742
357 743
357 744
357 746
357 748
357 749
357 750
357 752
357 753
357 754
357 760
357 765
357 766
357 768
357 770
357 771
357 772
357 773
357 775
357 779
357 780
357 781
357 783
357 784
357 785
357 786
357 787
357 790
357 791
357 792
357 793
357 799
357 800
358 402
358 403
358 404
358 408
358 412
358 414
358 415
358 416
358 417
358 418
358 422
358 423
358 424
358 425
358 428
358 431
358 432
358 434
358 435
358 436
358 438
358 439
358 447
358 449
358 453
358 455
358 456
358 457
358 458
358 459
358 460
358 461
358 465
358 466
358 467
358 469
358 470
358 471
358 473
358 477
358 478
358 481
358 483
358 488
358 490
358 491
358 493
358 496
358 504
358 506
358 507
358 509
358 514
358 522
358 524
358 530
358 533
358 534
358 536
358 539
358 541
358 542
358 543
358 546
358 552
358 557
358 558
358 559
358 560
358 561
358 562
358 564
358 566
358 570
358 573
358 574
358 575
358 577
358 578
358 579
358 584
358 586
358 587
358 588
358 589
358 594
358 598
358 599
358 604
358 605
358 606
358 607
358 608
358 609
358 610
358 613
358 615
358 617
358 620
358 621
358 622
358 623
358 624
358 626
358 628
358 629
358 630
358 631
358 632
358 636
358 640
358 641
358 643
358 644
358 645
358 646
358 650
358 651
358 654
358 659
358 662
358 664
358 667
358 668
358 669
358 670
358 672
358 673
358 674
358 676
358 682
358 683
358 686
358 688
358 690
358 691
358 693
358 694
358 698
358 699
358 701
358 702
358 704
358 705
358 706
358 707
358 712
358 713
358 714
358 715
358 716
358 720
358 722
358 724
358 727
358 728
358 729
358 731
358 734
358 736
358 740
358 743
358 744
358 745
358 748
358 749
358 750
358 753
358 760
358 766
358 769
358 771
358 775
358 776
358 785
358 786
358 788
358 789
358 791
358 792
358 793
358 794
358 795
358 799
359 402
359 405
359 407
359 408
359 409
359 412
359 413
359 414
359 418
359 419
359 420
359 422
359 431
359 435
359 436
359 438
359 440
359 441
359 442
359 443
359 444
359 448
359 449
359 450
359 451
359 452
359 453
359 458
359 459
359 462
359 463
359 464
359 469
359 473
359 475
359 477
359 478
359 479
359 480
359 481
359 482
359 486
359 487
359 491
359 492
359 493
359 494
359 495
359 497
359 498
359 500
359 501
359 504
359 505
359 507
359 508
359 510
359 511
359 513
359 516
359 518
359 520
359 523
359 524
359 526
359 527
359 529
359 530
359 532
359 535
359 543
359 548
359 549
359 550
359 555
359 563
359 565
359 567
359 570
359 575
359 577
359 579
359 580
359 583
359 584
359 586
359 588
359 589
359 590
359 594
359 595
359 597
359 598
359 608
359 610
359 611
359 612
359 615
359 616
359 617
359 618
359 619
359 621
359 622
359 624
359 627
359 628
359 632
359 635
359 639
359 647
359 650
359 652
359 653
359 654
359 655
359 657
359 659
359 662
359 663
359 667
359 668
359 669
359 672
359 674
359 677
359 678
359 682
359 683
359 686
359 689
359 694
359 696
359 700
359 704
359 707
359 708
359 710
359 711
359 714
359 716
359 717
359 719
359 721
359 723
359 725
359 726
359 727
359 728
359 729
359 731
359 734
359 736
359 737
359 738
359 739
359 742
359 743
359 744
359 746
359 747
359 749
359 753
359 755
359 756
359 757
359 758
359 760
359 761
359 762
359 763
359 764
359 765
359 766
359 767
359 768
359 769
359 771
359 772
359 774
359 775
359 776
359 777
359 778
359 780
359 781
359 783
359 786
359 787
359 789
359 790
359 793
359 794
359 796
359 797
359 800
360 401
360 402
360 403
360 405
360 407
360 408
360 409
360 412
360 413
360 414
360 416
360 419
360 421
360 422
360 424
360 425
360 426
360 427
360 430
360 431
360 432
360 434
360 436
360 437
360 438
360 439
360 442
360 445
360 446
360 447
360 448
360 450
360 451
360 454
360 455
360 456
360 457
360 458
360 462
360 463
360 465
360 467
360 468
360 471
360 475
360 478
360 480
360 481
360 482
360 483
360 488
360 491
360 492
360 493
360 494
360 496
360 497
360 499
360 500
360 501
360 502
360 506
360 508
360 511
360 512
360 513
360 514
360 518
360 520
360 521
360 522
360 525
360 526
360 527
360 528
360 531
360 532
360 533
360 534
360 538
360 539
360 542
360 543
360 545
360 547
360 548
360 551
360 552
360 555
360 558
360 560
360 563
360 564
360 566
360 570
360 571
360 572
360 575
360 576
360 582
360 583
360 586
360 587
360 590
360 591
360 592
360 596
360 598
360 600
360 602
360 603
360 604
360 605
360 608
360 609
360 613
360 614
360 615
360 616
360 619
360 622
360 626
360 627
360 630
360 633
360 634
360 635
360 638
360 639
360 643
360 644
360 646
360 654
360 657
360 660
360 663
360 668
360 673
360 674
360 683
360 685
360 686
360 688
360 690
360 693
360 695
360 696
360 697
360 700
360 701
360 703
360 704
360 706
360 708
360 709
360 711
360 712
360 715
360 716
360 717
360 718
360 719
360 720
360 727
360 731
360 732
360 733
360 735
360 736
360 738
360 741
360 742
360 744
360 745
360 746
360 748
360 749
360 751
360 755
360 756
360 758
360 760
360 762
360 763
360 764
360 765
360 767
360 771
360 772
360 773
360 777
360 780
360 782
360 783
360 784
360 785
360 791
360 792
360 794
360 799
361 403
361 405
361 407
361 409
361 415
361 419
361 420
361 422
361 424
361 425
361 427
361 429
361 433
361 434
361 438
361 439
361 440
361 442
361 445
361 447
361 448
361 457
361 461
361 463
361 465
361 469
361 470
361 471
361 473
361 475
361 476
361 479
361 480
361 481
361 485
361 486
361 488
361 489
361 491
361 493
361 496
361 497
361 504
361 505
361 507
361 511
361 513
361 515
361 517
361 519
361 520
361 521
361 522
361 529
361 530
361 532
361 534
361 536
361 540
361 542
361 543
361 545
361 548
361 551
361 552
361 555
361 559
361 560
361 562
361 565
361 566
361 567
361 572
361 573
361 574
361 576
361 578
361 582
361 583
361 588
361 590
361 591
361 594
361 598
361 601
361 602
361 604
361 606
361 610
361 611
361 612
361 614
361 615
361 616
361 617
361 618
361 619
361 620
361 622
361 628
361 629
361 633
361 636
361 639
361 640
361 641
361 643
361 644
361 647
361 649
361 650
361 651
361 654
361 655
361 656
361 657
361 659
361 661
361 662
361 666
361 667
361 668
361 671
361 672
361 673
361 674
361 675
361 676
361 677
361 680
361 682
361 683
361 685
361 687
361 688
361 689
361 693
361 694
361 695
361 696
361 698
361 699
361 700
361 701
361 702
361 704
361 707
361 709
361 710
361 711
361 714
361 716
361 718
361 719
361 720
361 722
361 723
361 727
361 731
361 732
361 733
361 734
361 735
361 736
361 738
361 739
361 740
361 741
361 742
361 744
361 746
361 748
361 756
361 757
361 758
361 761
361 764
361 765
361 767
361 769
361 770
361 772
361 773
361 774
361 775
361 776
361 780
361 781
361 782
361 785
361 786
361 787
361 789
361 790
361 792
361 797
361 800
362 401
362 402
362 403
362 404
362 405
362 407
362 411
362 414
362 415
362 416
362 417
362 420
362 421
362 423
362 426
362 429
362 430
362 432
362 434
362 437
362 438
362 441
362 446
362 447
362 448
362 449
362 450
362 452
362 453
362 454
362 455
362 459
362 460
362 461
362 463
362 464
362 465
362 467
362 468
362 470
362 472
362 473
362 475
362 476
362 477
362 480
362 481
362 486
362 487
362 488
362 490
362 494
362 495
362 497
362 498
362 502
362 503
362 505
362 506
362 507
362 509
362 510
362 513
362 515
362 516
362 519
362 520
362 524
362 527
362 528
362 529
362 530
362 531
362 532
362 534
362 535
362 537
362 538
362 539
362 542
362 543
362 544
362 545
362 546
362 547
362 549
362 550
362 551
362 552
362 556
362 557
362 558
362 560
362 561
362 563
362 570
362 577
362 578
362 579
362 581
362 583
362 584
362 585
362 587
362 588
362 590
362 592
362 593
362 597
362 599
362 600
362 602
362 603
362 605
362 606
362 607
362 608
362 609
362 611
362 612
362 614
362 615
362 616
362 617
362 618
362 620
362 622
362 623
362 624
362 625
362 627
362 628
362 629
362 633
362 638
362 639
362 640
362 646
362 647
362 649
362 650
362 652
362 653
362 656
362 660
362 662
362 664
362 668
362 671
362 672
362 675
362 677
362 678
362 680
362 681
362 686
362 688
362 689
362 691
362 693
362 694
362 698
362 700
362 702
362 703
362 707
362 709
362 710
362 711
362 714
362 717
362 718
362 724
362 725
362 727
362 728
362 730
362 731
362 732
362 734
362 735
362 736
362 737
362 740
362 741
362 742
362 744
362 746
362 750
362 752
362 756
362 758
362 759
362 761
362 765
362 767
362 773
362 775
362 778
362 781
362 783
362 784
362 788
362 789
362 791
362 792
362 794
362 795
362 796
362 798
362 799
363 401
363 403
363 404
363 405
363 407
363 408
363 412
363 413
363 414
363 415
363 417
363 418
363 419
363 420
363 422
363 427
363 428
363 429
363 431
363 438
363 439
363 440
363 443
363 445
363 446
363 453
363 456
363 457
363 459
363 463
363 466
363 467
363 468
363 469
363 470
363 475
363 478
363 479
363 481
363 484
363 486
363 487
363 489
363 490
363 491
363 493
363 494
363 496
363 497
363 498
363 500
363 501
363 502
363 503
363 505
363 509
363 510
363 511
363 514
363 515
363 518
363 519
363 521
363 528
363 529
363 530
363 531
363 533
363 535
363 538
363 540
363 542
363 544
363 545
363 546
363 547
363 549
363 550
363 551
363 552
363 553
363 554
363 556
363 562
363 563
363 564
363 566
363 568
363 570
363 572
363 573
363 579
363 580
363 582
363 584
363 585
363 588
363 591
363 592
363 597
363 600
363 602
363 603
363 605
363 606
363 608
363 609
363 615
363 616
363 622
363 625
363 626
363 627
363 631
363 632
363 633
363 635
363 636
363 638
363 640
363 644
363 648
363 649
363 650
363 652
363 653
363 657
363 660
363 662
363 665
363 672
363 674
363 675
363 676
363 678
363 679
363 682
363 683
363 685
363 686
363 688
363 691
363 694
363 697
363 699
363 702
363 703
363 708
363 709
363 711
363 712
363 715
363 717
363 718
363 719
363 720
363 726
363 729
363 733
363 735
363 737
363 739
363 740
363 744
363 748
363 749
363 753
363 755
363 757
363 758
363 761
363 765
363 767
363 773
363 774
363 775
363 776
363 777
363 779
363 780
363 784
363 785
363 787
363 788
363 789
363 794
363 795
363 800
364 401
364 403
364 404
364 406
364 407
364 409
364 411
364 415
364 417
364 418
364 419
364 421
364 423
364 424
364 427
364 429
364 430
364 437
364 439
364 440
364 441
364 442
364 443
364 449
364 450
364 453
364 454
364 458
364 459
364 460
364 461
364 462
364 463
364 465
364 466
364 467
364 469
364 470
364 472
364 473
364 475
364 476
364 477
364 478
364 480
364 483
364 488
364 489
364 495
364 499
364 501
364 502
364 505
364 507
364 509
364 511
364 518
364 519
364 520
364 523
364 525
364 529
364 530
364 531
364 532
364 533
364 540
364 541
364 542
364 544
364 545
364 548
364 550
364 551
364 553
364 554
364 556
364 559
364 562
364 563
364 570
364 571
364 572
364 576
364 577
364 578
364 580
364 581
364 583
364 584
364 585
364 586
364 589
364 590
364 591
364 593
364 594
364 595
364 596
364 600
364 602
364 605
364 608
364 610
364 611
364 612
364 613
364 614
364 618
364 620
364 623
364 625
364 626
364 627
364 628
364 629
364 630
364 631
364 632
364 633
364 635
364 638
364 642
364 644
364 645
364 646
364 648
364 649
364 651
364 652
364 654
364 655
364 656
364 657
364 658
364 659
364 660
364 662
364 663
364 668
364 672
364 673
364 675
364 677
364 678
364 682
364 683
364 687
364 688
364 689
364 690
364 692
364 693
364 696
364 697
364 701
364 702
364 704
364 707
364 709
364 710
364 712
364 716
364 717
364 720
364 721
364 722
364 723
364 725
364 728
364 729
364 731
364 734
364 737
364 738
364 739
364 743
364 744
364 746
364 747
364 753
364 755
364 756
364 757
364 760
364 761
364 766
364 768
364 772
364 773
364 774
364 775
364 776
364 777
364 778
364 780
364 785
364 786
364 788
364 789
364 790
364 791
364 794
364 795
364 796
364 798
364 799
365 401
365 403
365 408
365 412
365 416
365 417
365 420
365 421
365 426
365 427
365 428
365 429
365 430
365 436
365 438
365 439
365 440
365 443
365 448
365 449
365 451
365 453
365 458
365 463
365 465
365 467
365 471
365 473
365 475
365 476
365 478
365 479
365 480
365 481
365 482
365 483
365 488
365 490
365 491
365 494
365 502
365 504
365 505
365 508
365 510
365 512
365 515
365 520
365 521
365 524
365 526
365 534
365 536
365 542
365 545
365 547
365 549
365 550
365 551
365 554
365 558
365 561
365 564
365 565
365 566
365 567
365 569
365 575
365 577
365 578
365 579
365 580
365 583
365 586
365 587
365 595
365 597
365 600
365 602
365 603
365 604
365 608
365 609
365 613
365 614
365 615
365 616
365 617
365 618
365 621
365 623
365 624
365 625
365 627
365 631
365 632
365 635
365 636
365 637
365 638
365 640
365 641
365 642
365 647
365 649
365 652
365 653
365 656
365 657
365 659
365 660
365 661
365 662
365 666
365 667
365 674
365 677
365 678
365 679
365 680
365 682
365 683
365 685
365 687
365 688
365 690
365 693
365 694
365 696
365 697
365 698
365 701
365 702
365 703
365 704
365 705
365 706
365 707
365 708
365 711
365 715
365 717
365 718
365 719
365 720
365 721
365 722
365 726
365 728
365 730
365 735
365 741
365 742
365 743
365 744
365 748
365 749
365 751
365 753
365 754
365 759
365 763
365 764
365 765
365 766
365 767
365 768
365 770
365 773
365 775
365 778
365 779
365 780
365 783
365 785
365 787
365 790
365 793
365 794
365 795
365 796
365 797
365 799
365 800
366 401
366 402
366 403
366 404
366 406
366 407
366 409
366 411
366 417
366 418
366 419
366 420
366 421
366 422
366 423
366 424
366 427
366 431
366 432
366 434
366 435
366 437
366 438
366 440
366 446
366 451
366 453
366 454
366 459
366 460
366 462
366 465
366 466
366 470
366 471
366 472
366 473
366 476
366 477
366 479
366 480
366 481
366 482
366 483
366 485
366 486
366 487
366 489
366 492
366 494
366 498
366 500
366 501
366 502
366 503
366 504
366 507
366 508
366 509
366 511
366 513
366 517
366 518
366 519
366 521
366 527
366 531
366 532
366 533
366 534
366 535
366 536
366 537
366 540
366 541
366 545
366 549
366 552
366 553
366 555
366 559
366 560
366 562
366 565
366 566
366 570
366 571
366 577
366 579
366 580
366 583
366 585
366 587
366 589
366 590
366 592
366 593
366 596
366 597
366 600
366 602
366 603
366 604
366 607
366 608
366 609
366 612
366 616
366 618
366 619
366 620
366 621
366 622
366 627
366 629
366 630
366 631
366 633
366 634
366 635
366 636
366 637
366 638
366 640
366 641
366 643
366 646
366 650
366 651
366 652
366 654
366 656
366 657
366 658
366 659
366 660
366 662
366 663
366 666
366 668
366 672
366 673
366 675
366 676
366 677
366 678
366 679
366 680
366 681
366 682
366 684
366 685
366 686
366 687
366 689
366 691
366 693
366 699
366 700
366 705
366 710
366 711
366 712
366 715
366 717
366 718
366 723
366 729
366 730
366 732
366 733
366 734
366 735
366 736
366 738
366 739
366 740
366 745
366 746
366 748
366 749
366 750
366 754
366 757
366 758
366 760
366 762
366 765
366 768
366 769
366 772
366 773
366 774
366 775
366 776
366 777
366 782
366 783
366 784
366 785
366 786
366 787
366 789
366 790
366 791
366 792
366 793
366 795
366 797
367 402
367 403
367 405
367 406
367 411
367 412
367 414
367 420
367 421
367 422
367 423
367 424
367 425
367 427
367 428
367 429
367 430
367 431
367 433
367 434
367 435
367 436
367 437
367 439
367 440
367 444
367 445
367 447
367 450
367 451
367 454
367 457
367 459
367 461
367 463
367 464
367 469
367 470
367 473
367 482
367 484
367 486
367 488
367 489
367 490
367 491
367 493
367 494
367 496
367 502
367 505
367 506
367 508
367 512
367 514
367 515
367 516
367 518
367 519
367 520
367 521
367 522
367 526
367 527
367 528
367 529
367 534
367 535
367 536
367 538
367 543
367 548
367 549
367 551
367 552
367 553
367 554
367 555
367 557
367 561
367 564
367 565
367 570
367 573
367 575
367 580
367 582
367 584
367 588
367 589
367 590
367 593
367 595
367 596
367 598
367 599
367 603
367 605
367 607
367 611
367 612
367 613
367 614
367 615
367 616
367 621
367 624
367 637
367 638
367 639
367 640
367 642
367 643
367 644
367 646
367 648
367 649
367 654
367 655
367 656
367 660
367 666
367 668
367 672
367 674
367 676
367 680
367 683
367 684
367 685
367 686
367 687
367 689
367 691
367 692
367 693
367 694
367 695
367 697
367 699
367 702
367 703
367 704
367 705
367 708
367 713
367 714
367 715
367 717
367 718
367 719
367 720
367 722
367 723
367 725
367 727
367 728
367 732
367 733
367 737
367 740
367 741
367 743
367 745
367 747
367 748
367 749
367 750
367 751
367 752
367 755
367 761
367 762
367 763
367 768
367 769
367 770
367 771
367 775
367 776
367 778
367 779
367 780
367 784
367 785
367 787
367 791
367 793
367 796
367 799
367 800
368 401
368 402
368 403
368 404
368 405
368 406
368 409
368 410
368 411
368 413
368 416
368 420
368 423
368 424
368 430
368 432
368 433
368 435
368 436
368 437
368 438
368 439
368 442
368 443
368 444
368 445
368 447
368 450
368 451
368 452
368 456
368 458
368 459
368 460
368 461
368 463
368 464
368 468
368 473
368 474
368 477
368 480
368 482
368 487
368 489
368 492
368 500
368 502
368 504
368 508
368 509
368 511
368 512
368 514
368 516
368 517
368 518
368 519
368 520
368 521
368 524
368 530
368 534
368 535
368 536
368 538
368 540
368 541
368 544
368 546
368 547
368 548
368 549
368 552
368 554
368 555
368 556
368 558
368 559
368 561
368 562
368 563
368 564
368 565
368 567
368 568
368 571
368 573
368 574
368 576
368 582
368 583
368 587
368 592
368 593
368 594
368 595
368 596
368 597
368 598
368 599
368 604
368 607
368 609
368 610
368 611
368 612
368 613
368 614
368 617
368 620
368 624
368 625
368 628
368 629
368 630
368 631
368 632
368 634
368 635
368 638
368 640
368 644
368 646
368 647
368 649
368 650
368 651
368 652
368 654
368 656
368 657
368 658
368 661
368 662
368 668
368 671
368 673
368 675
368 678
368 680
368 681
368 683
368 685
368 687
368 688
368 689
368 691
368 692
368 695
368 696
368 697
368 698
368 702
368 704
368 705
368 708
368 710
368 711
368 713
368 715
368 716
368 722
368 724
368 725
368 727
368 728
368 729
368 733
368 734
368 736
368 742
368 743
368 746
368 748
368 751
368 754
368 755
368 758
368 759
368 760
368 761
368 765
368 768
368 770
368 772
368 773
368 774
368 775
368 779
368 780
368 782
368 783
368 785
368 788
368 789
368 790
368 791
368 794
368 795
368 796
368 797
368 799
368 800
369 403
369 404
369 405
369 408
369 410
369 411
369 413
369 414
369 416
369 420
369 421
369 422
369 424
369 425
369 428
369 432
369 434
369 438
369 440
369 441
369 443
369 444
369 445
369 446
369 447
369 448
369 449
369 452
369 453
369 454
369 456
369 461
369 462
369 467
369 468
369 471
369 473
369 474
369 475
369 477
369 478
369 480
369 483
369 486
369 487
369 490
369 493
369 495
369 496
369 497
369 499
369 502
369 503
369 505
369 510
369 512
369 513
369 515
369 516
369 518
369 525
369 526
369 529
369 534
369 535
369 537
369 538
369 540
369 541
369 543
369 546
369 554
369 559
369 560
369 566
369 567
369 570
369 571
369 585
369 587
369 592
369 594
369 595
369 596
369 597
369 598
369 602
369 604
369 609
369 610
369 612
369 614
369 615
369 618
369 619
369 620
369 621
369 625
369 627
369 628
369 629
369 630
369 632
369 635
369 637
369 639
369 640
369 642
369 643
369 644
369 646
369 648
369 649
369 650
369 651
369 652
369 656
369 658
369 659
369 660
369 661
369 663
369 665
369 667
369 668
369 669
369 670
369 672
369 675
369 678
369 679
369 681
369 682
369 684
369 687
369 691
369 692
369 693
369 696
369 703
369 707
369 708
369 711
369 712
369 716
369 723
369 725
369 727
369 728
369 733
369 737
369 738
369 739
369 743
369 744
369 746
369 749
369 751
369 752
369 753
369 755
369 758
369 760
369 761
369 762
369 763
369 765
369 773
369 774
369 775
369 776
369 779
369 780
369 782
369 784
369 786
369 787
369 788
369 789
369 791
369 795
369 796
370 401
370 402
370 404
370 405
370 410
370 412
370 413
370 415
370 417
370 420
370 426
370 431
370 432
370 433
370 434
370 437
370 439
370 441
370 442
370 445
370 451
370 452
370 453
370 456
370 464
370 465
370 467
370 468
370 470
370 472
370 474
370 475
370 479
370 482
370 483
370 485
370 486
370 491
370 492
370 495
370 496
370 501
370 503
370 504
370 505
370 507
370 512
370 514
370 515
370 516
370 519
370 522
370 524
370 525
370 526
370 527
370 528
370 530
370 531
370 533
370 534
370 536
370 537
370 538
370 539
370 540
370 542
370 543
370 544
370 546
370 547
370 549
370 550
370 552
370 553
370 554
370 555
370 560
370 561
370 562
370 565
370 567
370 568
370 569
370 570
370 572
370 574
370 575
370 580
370 581
370 582
370 590
370 591
370 592
370 597
370 598
370 599
370 601
370 602
370 603
370 609
370 612
370 616
370 622
370 627
370 628
370 633
370 639
370 640
370 641
370 642
370 644
370 647
370 649
370 650
370 652
370 653
370 655
370 661
370 662
370 663
370 664
370 666
370 667
370 669
370 670
370 673
370 674
370 675
370 677
370 683
370 685
370 686
370 688
370 690
370 692
370 693
370 694
370 695
370 699
370 700
370 702
370 703
370 708
370 709
370 712
370 713
370 714
370 716
370 717
370 719
370 720
370 724
370 731
370 732
370 734
370 736
370 737
370 740
370 741
370 743
370 744
370 745
370 752
370 755
370 756
370 757
370 759
370 760
370 763
370 764
370 766
370 767
370 768
370 770
370 771
370 773
370 774
370 777
370 781
370 782
370 785
370 786
370 787
370 790
370 791
370 792
370 793
370 794
370 795
370 796
370 797
370 798
370 800
371 404
371 405
371 406
371 407
371 410
371 415
371 417
371 418
371 421
371 423
371 424
371 425
371 431
371 435
371 437
371 438
371 441
371 443
371 444
371 446
371 448
371 450
371 454
371 456
371 457
371 460
371 463
371 464
371 465
371 467
371 472
371 473
371 476
371 477
371 479
371 482
371 483
371 488
371 490
371 491
371 492
371 493
371 495
371 498
371 502
371 503
371 504
371 506
371 509
371 510
371 511
371 512
371 514
371 516
371 517
371 520
371 521
371 523
371 525
371 528
371 531
371 533
371 534
371 535
371 536
371 537
371 539
371 540
371 542
371 543
371 544
371 545
371 546
371 552
371 553
371 554
371 555
371 558
371 560
371 561
371 563
371 564
371 568
371 570
371 574
371 576
371 580
371 583
371 584
371 585
371 586
371 595
371 596
371 600
371 601
371 602
371 608
371 609
371 610
371 611
371 613
371 616
371 617
371 618
371 621
371 623
371 624
371 626
371 629
371 630
371 633
371 634
371 635
371 637
371 638
371 639
371 640
371 641
371 642
371 643
371 646
371 648
371 649
371 650
371 653
371 654
371 656
371 657
371 658
371 659
371 661
371 662
371 663
371 664
371 665
371 666
371 668
371 671
371 672
371 674
371 675
371 676
371 677
371 680
371 682
371 683
371 684
371 688
371 689
371 696
371 699
371 700
371 702
371 703
371 706
371 707
371 708
371 710
371 712
371 715
371 721
371 722
371 723
371 727
371 728
371 731
371 732
371 733
371 734
371 736
371 737
371 738
371 740
371 741
371 742
371 743
371 744
371 746
371 747
371 748
371 749
371 750
371 754
371 755
371 758
371 761
371 763
371 764
371 765
371 767
371 776
371 777
371 779
371 781
371 782
371 784
371 786
371 788
371 789
371 792
371 794
371 795
371 800
372 401
372 403
372 405
372 406
372 409
372 410
372 415
372 416
372 417
372 423
372 427
372 429
372 432
372 434
372 435
372 437
372 438
372 439
372 440
372 444
372 445
372 447
372 449
372 450
372 455
372 458
372 459
372 460
372 465
372 467
372 469
372 470
372 472
372 473
372 474
372 475
372 477
372 478
372 479
372 480
372 482
372 483
372 485
372 486
372 487
372 488
372 492
372 493
372 498
372 502
372 503
372 505
372 507
372 509
372 511
372 512
372 513
372 516
372 517
372 518
372 521
372 523
372 524
372 525
372 526
372 528
372 529
372 532
372 533
372 534
372 536
372 538
372 542
372 545
372 546
372 548
372 549
372 552
372 555
372 559
372 560
372 562
372 563
372 564
372 567
372 572
372 574
372 575
372 576
372 580
372 581
372 582
372 583
372 586
372 589
372 590
372 591
372 593
372 595
372 596
372 602
372 603
372 604
372 605
372 609
372 610
372 611
372 612
372 613
372 614
372 621
372 624
372 626
372 629
372 630
372 631
372 632
372 633
372 634
372 635
372 636
372 637
372 638
372 639
372 642
372 643
372 645
372 646
372 651
372 652
372 654
372 656
372 657
372 658
372 659
372 660
372 663
372 667
372 668
372 669
372 670
372 672
372 673
372 675
372 676
372 677
372 679
372 681
372 682
372 684
372 685
372 688
372 691
372 692
372 694
372 695
372 697
372 699
372 705
372 706
372 710
372 711
372 713
372 714
372 717
372 718
372 719
372 721
372 722
372 723
372 725
372 726
372 727
372 728
372 729
372 731
372 732
372 733
372 734
372 735
372 739
372 742
372 743
372 744
372 747
372 751
372 753
372 755
372 758
372 760
372 761
372 764
372 766
372 767
372 773
372 774
372 775
372 777
372 780
372 782
372 783
372 784
372 785
372 786
372 787
372 788
372 791
372 794
372 795
372 796
372 797
372 798
373 401
373 404
373 405
373 406
373 407
373 408
373 409
373 415
373 417
373 418
373 419
373 425
373 426
373 427
373 428
373 432
373 433
373 436
373 439
373 440
373 442
373 443
373 445
373 448
373 449
373 452
373 453
373 457
373 461
373 462
373 463
373 466
373 467
373 469
373 473
373 481
373 482
373 483
373 486
373 487
373 488
373 491
373 493
373 495
373 499
373 500
373 502
373 503
373 504
373 506
373 512
373 514
373 517
373 518
373 519
373 520
373 525
373 526
373 531
373 532
373 534
373 535
373 537
373 539
373 540
373 541
373 542
373 546
373 547
373 548
373 549
373 550
373 551
373 552
373 553
373 554
373 557
373 558
373 561
373 562
373 564
373 565
373 566
373 567
373 568
373 571
373 572
373 573
373 576
373 577
373 579
373 580
373 581
373 583
373 586
373 587
373 588
373 591
373 593
373 594
373 595
373 598
373 599
373 604
373 606
373 607
373 609
373 610
373 612
373 613
373 615
373 618
373 619
373 621
373 623
373 631
373 635
373 637
373 639
373 640
373 641
373 644
373 645
373 647
373 648
373 649
373 650
373 651
373 653
373 654
373 655
373 656
373 659
373 661
373 662
373 664
373 665
373 671
373 672
373 673
373 674
373 676
373 677
373 680
373 682
373 684
373 685
373 692
373 693
373 697
373 699
373 702
373 705
373 706
373 708
373 715
373 716
373 719
373 720
373 722
373 724
373 727
373 728
373 729
373 731
373 733
373 734
373 735
373 736
373 743
373 745
373 748
373 749
373 755
373 757
373 758
373 761
373 763
373 764
373 765
373 766
373 767
373 770
373 772
373 774
373 776
373 780
373 782
373 783
373 787
373 789
373 790
373 791
373 793
373 798
374 401
374 404
374 408
374 410
374 413
374 414
374 416
374 418
374 419
374 420
374 421
374 422
374 423
374 424
374 425
374 426
374 427
374 428
374 429
374 432
374 433
374 434
374 436
374 438
374 443
374 445
374 447
374 448
374 449
374 452
374 453
374 455
374 456
374 457
374 459
374 462
374 463
374 465
374 466
374 467
374 468
374 470
374 471
374 473
374 475
374 476
374 477
374 479
374 482
374 484
374 486
374 488
374 489
374 490
374 491
374 492
374 494
374 495
374 497
374 501
374 502
374 503
374 504
374 510
374 513
374 519
374 521
374 522
374 523
374 525
374 526
374 528
374 530
374 531
374 532
374 534
374 536
374 538
374 539
374 541
374 542
374 543
374 545
374 546
374 551
374 552
374 553
374 554
374 555
374 556
374 558
374 559
374 561
374 563
374 564
374 565
374 566
374 568
374 570
374 573
374 575
374 577
374 580
374 581
374 583
374 586
374 588
374 589
374 590
374 591
374 593
374 594
374 597
374 598
374 599
374 602
374 605
374 607
374 608
374 609
374 612
374 613
374 616
374 618
374 621
374 624
374 628
374 629
374 635
374 636
374 639
374 644
374 648
374 649
374 650
374 651
374 652
374 653
374 654
374 655
374 656
374 657
374 658
374 660
374 662
374 663
374 664
374 665
374 666
374 667
374 668
374 670
374 672
374 675
374 676
374 678
374 679
374 681
374 682
374 683
374 684
374 688
374 689
374 690
374 691
374 693
374 695
374 696
374 697
374 698
374 699
374 700
374 702
374 708
374 710
374 711
374 713
374 714
374 716
374 718
374 719
374 720
374 722
374 724
374 725
374 727
374 728
374 730
374 733
374 737
374 738
374 739
374 741
374 743
374 746
374 747
374 749
374 750
374 753
374 759
374 760
374 761
374 763
374 764
374 766
374 767
374 768
374 771
374 773
374 774
374 777
374 778
374 779
374 780
374 782
374 784
374 786
374 787
374 791
374 792
374 795
374 797
374 798
374 800
375 401
375 404
375 405
375 406
375 410
375 413
375 414
375 415
375 416
375 418
375 419
375 420
375 421
375 423
375 424
375 425
375 426
375 427
375 432
375 434
375 436
375 440
375 443
375 444
375 445
375 447
375 451
375 453
375 457
375 460
375 461
375 464
375 465
375 466
375 468
375 470
375 473
375 474
375 477
375 479
375 480
375 482
375 484
375 485
375 486
375 487
375 488
375 490
375 491
375 495
375 500
375 502
375 504
375 506
375 508
375 509
375 511
375 512
375 513
375 519
375 521
375 522
375 523
375 525
375 527
375 528
375 530
375 531
375 532
375 536
375 539
375 541
375 543
375 545
375 546
375 552
375 553
375 554
375 555
375 558
375 559
375 560
375 561
375 564
375 565
375 570
375 572
375 574
375 575
375 576
375 579
375 582
375 583
375 584
375 585
375 588
375 592
375 594
375 598
375 600
375 601
375 603
375 604
375 606
375 608
375 609
375 613
375 614
375 615
375 618
375 621
375 624
375 627
375 629
375 630
375 632
375 634
375 637
375 639
375 640
375 642
375 644
375 645
375 648
375 651
375 652
375 654
375 659
375 661
375 663
375 666
375 673
375 674
375 676
375 678
375 680
375 681
375 683
375 684
375 685
375 687
375 689
375 690
375 691
375 695
375 696
375 697
375 698
375 701
375 705
375 708
375 710
375 711
375 712
375 715
375 717
375 718
375 719
375 721
375 723
375 724
375 728
375 731
375 733
375 734
375 736
375 739
375 743
375 744
375 745
375 746
375 747
375 748
375 749
375 750
375 751
375 752
375 753
375 755
375 758
375 759
375 761
375 764
375 767
375 770
375 772
375 773
375 774
375 779
375 780
375 784
375 785
375 788
375 789
375 791
375 793
375 795
375 796
375 797
376 401
376 402
376 403
376 405
376 406
376 418
376 421
376 422
376 425
376 426
376 429
376 431
376 434
376 435
376 436
376 437
376 439
376 443
376 445
376 446
376 447
376 448
376 451
376 455
376 456
376 460
376 461
376 462
376 464
376 466
376 467
376 469
376 470
376 472
376 473
376 474
376 475
376 476
376 477
376 481
376 484
376 485
376 486
376 487
376 489
376 492
376 493
376 495
376 497
376 498
376 499
376 507
376 510
376 518
376 519
376 523
376 526
376 527
376 528
376 529
376 532
376 534
376 536
376 538
376 542
376 544
376 545
376 546
376 547
376 548
376 549
376 551
376 552
376 553
376 554
376 556
376 557
376 558
376 560
376 561
376 564
376 565
376 566
376 568
376 570
376 572
376 573
376 574
376 575
376 576
376 577
376 581
376 584
376 585
376 586
376 587
376 588
376 597
376 599
376 600
376 602
376 605
376 606
376 611
376 613
376 614
376 619
376 620
376 622
376 627
376 630
376 631
376 633
376 642
376 645
376 648
376 650
376 656
376 661
376 667
376 675
376 676
376 678
376 682
376 683
376 684
376 686
376 687
376 688
376 689
376 691
376 692
376 693
376 697
376 699
376 702
376 706
376 707
376 708
376 710
376 716
376 717
376 719
376 720
376 721
376 722
376 723
376 724
376 727
376 729
376 731
376 736
376 737
376 740
376 741
376 743
376 747
376 748
376 749
376 750
376 752
376 754
376 759
376 760
376 763
376 764
376 771
376 776
376 777
376 779
376 781
376 782
376 784
376 786
376 787
376 789
376 791
376 792
376 793
376 794
376 795
376 796
376 797
376 798
376 799
377 401
377 402
377 404
377 405
377 407
377 408
377 409
377 411
377 414
377 415
377 417
377 418
377 420
377 421
377 424
377 425
377 426
377 427
377 429
377 432
377 434
377 435
377 438
377 439
377 441
377 443
377 446
377 449
377 455
377 461
377 465
377 468
377 469
377 473
377 475
377 478
377 479
377 480
377 482
377 483
377 485
377 486
377 487
377 488
377 490
377 491
377 492
377 495
377 496
377 497
377 498
377 499
377 502
377 505
377 506
377 508
377 510
377 513
377 514
377 515
377 516
377 518
377 520
377 522
377 523
377 525
377 526
377 529
377 531
377 532
377 533
377 534
377 535
377 536
377 539
377 541
377 542
377 543
377 546
377 547
377 548
377 549
377 550
377 553
377 554
377 557
377 560
377 561
377 564
377 565
377 566
377 567
377 568
377 569
377 571
377 573
377 574
377 576
377 578
377 582
377 583
377 585
377 588
377 589
377 592
377 593
377 594
377 595
377 596
377 597
377 602
377 603
377 608
377 609
377 614
377 615
377 616
377 617
377 619
377 620
377 621
377 624
377 626
377 627
377 628
377 629
377 630
377 631
377 634
377 635
377 637
377 638
377 640
377 642
377 643
377 645
377 646
377 648
377 652
377 654
377 655
377 656
377 657
377 658
377 662
377 663
377 664
377 665
377 666
377 667
377 668
377 670
377 671
377 672
377 673
377 674
377 676
377 678
377 679
377 680
377 681
377 687
377 689
377 690
377 691
377 697
377 698
377 699
377 700
377 701
377 702
377 703
377 704
377 706
377 707
377 708
377 709
377 710
377 711
377 712
377 715
377 717
377 718
377 721
377 724
377 728
377 731
377 733
377 736
377 737
377 738
377 740
377 743
377 745
377 746
377 747
377 749
377 750
377 754
377 756
377 757
377 759
377 760
377 763
377 765
377 766
377 768
377 769
377 772
377 773
377 774
377 776
377 784
377 785
377 786
377 788
377 789
377 790
377 791
377 792
377 793
377 794
377 796
378 402
378 404
378 406
378 411
378 412
378 416
378 417
378 418
378 419
378 424
378 426
378 430
378 432
378 434
378 439
378 442
378 447
378 448
378 451
378 452
378 454
378 456
378 457
378 461
378 462
378 463
378 465
378 466
378 468
378 469
378 472
378 476
378 477
378 481
378 483
378 484
378 485
378 486
378 487
378 488
378 489
378 491
378 492
378 501
378 504
378 506
378 507
378 509
378 510
378 513
378 514
378 516
378 518
378 521
378 524
378 530
378 531
378 535
378 536
378 537
378 538
378 542
378 543
378 545
378 546
378 554
378 557
378 558
378 560
378 561
378 562
378 564
378 566
378 568
378 569
378 571
378 574
378 575
378 576
378 577
378 580
378 581
378 582
378 584
378 585
378 586
378 587
378 589
378 591
378 592
378 593
378 596
378 597
378 598
378 600
378 602
378 603
378 604
378 606
378 607
378 608
378 611
378 613
378 615
378 619
378 624
378 627
378 628
378 630
378 631
378 632
378 636
378 638
378 639
378 640
378 641
378 642
378 643
378 644
378 646
378 648
378 652
378 654
378 656
378 658
378 660
378 661
378 662
378 664
378 666
378 668
378 671
378 672
378 677
378 679
378 680
378 681
378 683
378 684
378 685
378 687
378 689
378 692
378 693
378 694
378 695
378 696
378 698
378 700
378 701
378 705
378 709
378 714
378 715
378 716
378 717
378 719
378 720
378 721
378 722
378 723
378 724
378 727
378 728
378 729
378 730
378 732
378 734
378 736
378 737
378 739
378 740
378 742
378 744
378 746
378 750
378 751
378 752
378 754
378 756
378 762
378 763
378 766
378 767
378 771
378 772
378 775
378 782
378 783
378 785
378 788
378 789
378 790
378 791
378 792
378 793
378 794
378 795
378 796
378 799
378 800
379 401
379 402
379 403
379 404
379 405
379 406
379 407
379 408
379 409
379 411
379 414
379 416
379 417
379 418
379 420
379 421
379 423
379 426
379 427
379 428
379 429
379 432
379 433
379 436
379 439
379 441
379 444
379 445
379 447
379 448
379 452
379 455
379 459
379 460
379 464
379 468
379 470
379 473
379 475
379 476
379 480
379 482
379 486
379 487
379 491
379 494
379 496
379 498
379 499
379 501
379 502
379 503
379 504
379 506
379 513
379 514
379 517
379 520
379 521
379 523
379 527
379 529
379 531
379 535
379 537
379 539
379 540
379 541
379 542
379 543
379 544
379 545
379 546
379 547
379 549
379 550
379 552
379 554
379 556
379 560
379 561
379 562
379 564
379 566
379 574
379 575
379 577
379 580
379 581
379 586
379 592
379 593
379 594
379 597
379 598
379 599
379 600
379 601
379 602
379 605
379 606
379 609
379 612
379 614
379 616
379 620
379 621
379 624
379 625
379 626
379 627
379 630
379 633
379 635
379 636
379 637
379 639
379 640
379 641
379 644
379 645
379 646
379 648
379 651
379 652
379 653
379 657
379 664
379 665
379 668
379 670
379 671
379 672
379 673
379 674
379 675
379 676
379 679
379 684
379 686
379 688
379 691
379 692
379 694
379 695
379 698
379 704
379 705
379 706
379 709
379 713
379 716
379 718
379 719
379 720
379 722
379 724
379 726
379 728
379 729
379 731
379 732
379 733
379 735
379 736
379 742
379 743
379 744
379 746
379 747
379 749
379 751
379 758
379 761
379 763
379 766
379 767
379 773
379 774
379 776
379 777
379 778
379 780
379 782
379 785
379 788
379 790
379 791
379 795
379 797
379 800
380 401
380 402
380 403
380 404
380 405
380 410
380 411
380 412
380 418
380 423
380 424
380 426
380 427
380 431
380 432
380 434
380 435
380 438
380 442
380 443
380 444
380 445
380 446
380 449
380 451
380 452
380 458
380 459
380 460
380 461
380 462
380 463
380 465
380 467
380 468
380 471
380 472
380 473
380 474
380 477
380 478
380 479
380 481
380 482
380 484
380 485
380 487
380 488
380 489
380 490
380 491
380 495
380 496
380 498
380 499
380 500
380 507
380 508
380 511
380 512
380 513
380 516
380 522
380 523
380 525
380 527
380 528
380 529
380 530
380 533
380 534
380 537
380 539
380 540
380 541
380 543
380 544
380 551
380 552
380 553
380 554
380 556
380 557
380 561
380 562
380 563
380 564
380 565
380 566
380 567
380 569
380 574
380 575
380 576
380 577
380 579
380 584
380 587
380 588
380 591
380 593
380 594
380 595
380 596
380 598
380 604
380 605
380 606
380 609
380 612
380 615
380 616
380 619
380 620
380 621
380 622
380 624
380 628
380 629
380 630
380 632
380 635
380 636
380 637
380 639
380 641
380 642
380 644
380 646
380 649
380 652
380 654
380 655
380 656
380 660
380 662
380 663
380 664
380 665
380 668
380 670
380 673
380 674
380 675
380 681
380 682
380 683
380 684
380 685
380 686
380 691
380 692
380 694
380 695
380 700
380 701
380 703
380 706
380 707
380 710
380 711
380 714
380 715
380 720
380 723
380 724
380 725
380 726
380 727
380 730
380 731
380 738
380 739
380 741
380 743
380 750
380 757
380 758
380 760
380 762
380 764
380 767
380 775
380 780
380 781
380 782
380 785
380 786
380 787
380 788
380 789
380 790
380 791
380 793
380 794
380 796
381 401
381 405
381 407
381 411
381 412
381 415
381 418
381 419
381 420
381 421
381 422
381 424
381 427
381 428
381 429
381 430
381 433
381 436
381 439
381 441
381 442
381 443
381 445
381 446
381 447
381 448
381 449
381 450
381 451
381 452
381 454
381 455
381 457
381 458
381 459
381 461
381 462
381 463
381 464
381 465
381 470
381 471
381 472
381 473
381 476
381 477
381 479
381 480
381 481
381 482
381 483
381 485
381 488
381 491
381 492
381 496
381 497
381 499
381 502
381 503
381 504
381 508
381 511
381 512
381 513
381 517
381 522
381 524
381 525
381 526
381 528
381 529
381 530
381 532
381 533
381 538
381 540
381 541
381 543
381 545
381 548
381 549
381 554
381 559
381 561
381 562
381 564
381 566
381 568
381 569
381 573
381 575
381 578
381 580
381 583
381 584
381 587
381 588
381 590
381 592
381 593
381 594
381 596
381 600
381 603
381 604
381 605
381 607
381 612
381 615
381 617
381 621
381 622
381 623
381 627
381 628
381 630
381 631
381 632
381 634
381 638
381 640
381 642
381 645
381 647
381 648
381 649
381 650
381 651
381 652
381 655
381 656
381 659
381 661
381 662
381 664
381 666
381 667
381 668
381 670
381 671
381 672
381 674
381 676
381 677
381 679
381 680
381 681
381 682
381 683
381 686
381 687
381 688
381 690
381 693
381 694
381 695
381 697
381 699
381 701
381 705
381 706
381 709
381 712
381 715
381 716
381 718
381 719
381 720
381 721
381 724
381 733
381 739
381 740
381 748
381 749
381 750
381 751
381 752
381 753
381 754
381 755
381 756
381 757
381 758
381 761
381 763
381 764
381 765
381 766
381 769
381 770
381 772
381 774
381 775
381 776
381 777
381 778
381 780
381 781
381 782
381 785
381 788
381 791
381 794
381 795
381 796
381 797
381 798
382 401
382 402
382 405
382 407
382 408
382 410
382 412
382 413
382 414
382 417
382 418
382 420
382 421
382 422
382 423
382 425
382 426
382 428
382 429
382 431
382 432
382 433
382 434
382 435
382 437
382 438
382 450
382 451
382 452
382 455
382 456
382 463
382 465
382 468
382 470
382 474
382 476
382 477
382 478
382 481
382 485
382 486
382 488
382 490
382 491
382 494
382 499
382 500
382 504
382 506
382 507
382 508
382 509
382 510
382 511
382 513
382 514
382 515
382 516
382 520
382 524
382 527
382 529
382 530
382 533
382 535
382 537
382 538
382 540
382 541
382 542
382 543
382 544
382 545
382 547
382 550
382 552
382 555
382 557
382 558
382 559
382 560
382 563
382 566
382 567
382 570
382 571
382 572
382 575
382 577
382 580
382 581
382 584
382 587
382 590
382 591
382 592
382 594
382 596
382 597
382 599
382 601
382 602
382 603
382 607
382 608
382 610
382 612
382 614
382 615
382 617
382 618
382 619
382 622
382 623
382 625
382 627
382 629
382 630
382 632
382 633
382 634
382 637
382 639
382 640
382 642
382 643
382 644
382 645
382 646
382 649
382 650
382 651
382 653
382 655
382 659
382 660
382 661
382 664
382 667
382 672
382 674
382 676
382 677
382 678
382 682
382 686
382 689
382 690
382 691
382 692
382 693
382 695
382 696
382 699
382 701
382 702
382 704
382 705
382 711
382 712
382 713
382 714
382 717
382 721
382 722
382 724
382 725
382 729
382 730
382 731
382 732
382 734
382 735
382 737
382 739
382 742
382 743
382 744
382 745
382 746
382 747
382 748
382 749
382 750
382 752
382 754
382 755
382 756
382 757
382 759
382 760
382 762
382 766
382 767
382 768
382 771
382 772
382 773
382 777
382 778
382 783
382 784
382 787
382 791
382 793
382 796
382 798
383 402
383 403
383 405
383 406
383 408
383 409
383 411
383 413
383 414
383 415
383 416
383 420
383 422
383 426
383 427
383 429
383 433
383 435
383 436
383 437
383 438
383 439
383 441
383 445
383 446
383 447
383 449
383 451
383 452
383 453
383 454
383 457
383 458
383 460
383 461
383 462
383 464
383 465
383 467
383 468
383 470
383 474
383 475
383 476
383 477
383 478
383 480
383 483
383 485
383 486
383 487
383 488
383 489
383 491
383 493
383 497
383 498
383 501
383 504
383 506
383 507
383 508
383 510
383 511
383 512
383 513
383 515
383 516
383 517
383 522
383 524
383 525
383 526
383 530
383 537
383 538
383 544
383 546
383 547
383 549
383 553
383 554
383 557
383 558
383 559
383 561
383 562
383 563
383 566
383 567
383 569
383 570
383 571
383 573
383 575
383 576
383 577
383 580
383 581
383 582
383 583
383 587
383 589
383 593
383 596
383 597
383 598
383 599
383 601
383 610
383 611
383 615
383 616
383 618
383 620
383 621
383 622
383 626
383 627
383 633
383 634
383 635
383 636
383 637
383 640
383 641
383 642
383 644
383 645
383 650
383 651
383 656
383 657
383 658
383 659
383 660
383 662
383 663
383 665
383 667
383 668
383 670
383 671
383 673
383 676
383 678
383 679
383 681
383 682
383 683
383 687
383 688
383 689
383 690
383 695
383 696
383 699
383 700
383 702
383 704
383 705
383 706
383 709
383 710
383 711
383 712
383 716
383 718
383 720
383 722
383 725
383 729
383 730
383 731
383 732
383 733
383 734
383 735
383 736
383 739
383 740
383 741
383 743
383 744
383 745
383 750
383 751
383 752
383 754
383 755
383 756
383 757
383 759
383 761
383 763
383 764
383 768
383 769
383 770
383 775
383 786
383 787
383 789
383 791
383 792
383 793
383 797
383 800
384 402
384 403
384 406
384 407
384 416
384 420
384 422
384 424
384 425
384 426
384 427
384 429
384 430
384 431
384 432
384 434
384 438
384 439
384 444
384 446
384 448
384 453
384 454
384 455
384 457
384 458
384 460
384 461
384 462
384 463
384 465
384 466
384 467
384 468
384 469
384 472
384 474
384 475
384 476
384 477
384 479
384 483
384 484
384 485
384 486
384 488
384 490
384 495
384 503
384 505
384 507
384 509
384 510
384 514
384 516
384 517
384 519
384 520
384 522
384 525
384 526
384 530
384 531
384 533
384 539
384 540
384 541
384 542
384 543
384 545
384 547
384 549
384 553
384 556
384 557
384 558
384 559
384 561
384 562
384 564
384 566
384 567
384 568
384 569
384 571
384 572
384 573
384 574
384 575
384 576
384 577
384 578
384 580
384 582
384 583
384 584
384 586
384 587
384 588
384 589
384 592
384 596
384 597
384 600
384 601
384 604
384 605
384 606
384 607
384 608
384 610
384 613
384 614
384 615
384 616
384 617
384 618
384 620
384 621
384 622
384 625
384 626
384 627
384 628
384 629
384 632
384 634
384 637
384 638
384 640
384 641
384 644
384 646
384 649
384 650
384 652
384 653
384 655
384 659
384 663
384 664
384 665
384 666
384 667
384 673
384 674
384 675
384 677
384 678
384 683
384 686
384 689
384 691
384 692
384 694
384 699
384 701
384 702
384 705
384 706
384 707
384 708
384 709
384 710
384 711
384 713
384 714
384 715
384 716
384 718
384 719
384 721
384 722
384 724
384 725
384 726
384 727
384 728
384 733
384 735
384 740
384 742
384 746
384 748
384 750
384 751
384 753
384 754
384 760
384 761
384 762
384 764
384 765
384 766
384 768
384 770
384 771
384 773
384 774
384 778
384 780
384 785
384 786
384 789
384 792
384 793
384 798
384 799
385 403
385 405
385 406
385 408
385 409
385 411
385 413
385 416
385 421
385 422
385 424
385 426
385 427
385 428
385 429
385 430
385 431
385 432
385 434
385 436
385 439
385 440
385 441
385 444
385 445
385 446
385 449
385 450
385 452
385 453
385 456
385 458
385 459
385 461
385 463
385 466
385 467
385 471
385 472
385 475
385 477
385 480
385 481
385 482
385 485
385 487
385 492
385 494
385 499
385 500
385 502
385 504
385 509
385 510
385 511
385 517
385 519
385 520
385 521
385 522
385 524
385 525
385 526
385 527
385 528
385 529
385 530
385 531
385 533
385 537
385 538
385 539
385 540
385 541
385 543
385 546
385 547
385 551
385 556
385 557
385 558
385 559
385 561
385 564
385 566
385 569
385 570
385 573
385 575
385 576
385 580
385 584
385 587
385 589
385 591
385 592
385 594
385 596
385 597
385 599
385 600
385 603
385 605
385 606
385 611
385 614
385 616
385 618
385 620
385 621
385 623
385 627
385 630
385 633
385 634
385 635
385 637
385 640
385 646
385 648
385 649
385 653
385 655
385 656
385 660
385 662
385 663
385 664
385 665
385 667
385 670
385 671
385 672
385 673
385 674
385 676
385 678
385 682
385 683
385 685
385 687
385 688
385 690
385 692
385 697
385 698
385 699
385 700
385 703
385 704
385 706
385 708
385 711
385 713
385 714
385 715
385 717
385 720
385 724
385 727
385 729
385 730
385 732
385 733
385 736
385 737
385 739
385 741
385 743
385 746
385 751
385 755
385 756
385 757
385 758
385 759
385 761
385 763
385 767
385 768
385 769
385 771
385 774
385 777
385 779
385 780
385 781
385 782
385 786
385 789
385 794
385 797
385 799
385 800
386 404
386 408
386 409
386 410
386 411
386 412
386 413
386 414
386 415
386 416
386 418
386 420
386 421
386 424
386 425
386 426
386 429
386 435
386 437
386 439
386 440
386 442
386 444
386 445
386 446
386 447
386 448
386 449
386 451
386 454
386 456
386 458
386 459
386 461
386 462
386 463
386 464
386 465
386 470
386 472
386 473
386 474
386 476
386 479
386 480
386 482
386 487
386 488
386 492
386 494
386 496
386 502
386 503
386 504
386 505
386 506
386 507
386 509
386 512
386 513
386 514
386 516
386 517
386 524
386 525
386 526
386 527
386 530
386 533
386 534
386 538
386 539
386 543
386 551
386 554
386 557
386 560
386 564
386 565
386 569
386 572
386 573
386 574
386 575
386 577
386 578
386 580
386 581
386 583
386 584
386 585
386 587
386 588
386 589
386 590
386 591
386 592
386 593
386 594
386 597
386 599
386 600
386 601
386 603
386 605
386 606
386 607
386 609
386 610
386 611
386 612
386 616
386 617
386 618
386 621
386 622
386 627
386 630
386 631
386 633
386 634
386 635
386 636
386 637
386 638
386 639
386 641
386 643
386 646
386 647
386 648
386 652
386 657
386 658
386 659
386 660
386 661
386 662
386 664
386 665
386 668
386 669
386 672
386 674
386 675
386 676
386 678
386 679
386 683
386 685
386 687
386 691
386 692
386 693
386 695
386 698
386 699
386 702
386 703
386 704
386 707
386 709
386 710
386 712
386 713
386 714
386 715
386 717
386 718
386 725
386 726
386 727
386 732
386 737
386 740
386 741
386 742
386 744
386 746
386 747
386 750
386 755
386 762
386 765
386 768
386 769
386 772
386 773
386 780
386 781
386 782
386 783
386 784
386 785
386 787
386 791
386 792
386 794
386 795
386 796
386 797
386 798
386 800
387 404
387 405
387 406
387 407
387 410
387 416
387 417
387 419
387 420
387 423
387 424
387 425
387 427
387 428
387 430
387 431
387 432
387 433
387 436
387 437
387 441
387 444
387 450
387 451
387 452
387 453
387 455
387 456
387 458
387 460
387 462
387 464
387 466
387 468
387 469
387 471
387 472
387 473
387 474
387 476
387 478
387 479
387 480
387 482
387 484
387 486
387 488
387 489
387 490
387 492
387 493
387 498
387 499
387 500
387 503
387 504
387 506
387 509
387 510
387 513
387 514
387 515
387 517
387 520
387 522
387 523
387 527
387 529
387 531
387 534
387 536
387 537
387 538
387 539
387 540
387 541
387 542
387 545
387 547
387 548
387 552
387 553
387 554
387 556
387 560
387 561
387 569
387 572
387 573
387 576
387 577
387 579
387 580
387 581
387 582
387 583
387 584
387 586
387 590
387 592
387 598
387 600
387 601
387 605
387 606
387 607
387 610
387 611
387 612
387 614
387 616
387 620
387 622
387 623
387 625
387 627
387 628
387 632
387 633
387 636
387 637
387 639
387 640
387 641
387 642
387 643
387 644
387 648
387 652
387 653
387 656
387 659
387 660
387 662
387 663
387 664
387 665
387 667
387 671
387 672
387 673
387 674
387 676
387 677
387 678
387 680
387 681
387 685
387 686
387 687
387 688
387 689
387 690
387 693
387 694
387 695
387 696
387 697
387 699
387 700
387 701
387 703
387 704
387 705
387 706
387 708
387 709
387 710
387 715
387 716
387 717
387 718
387 721
387 723
387 727
387 728
387 731
387 734
387 738
387 741
387 744
387 746
387 749
387 751
387 758
387 759
387 764
387 767
387 768
387 772
387 773
387 774
387 775
387 778
387 779
387 780
387 782
387 783
387 784
387 786
387 787
387 788
387 790
387 792
387 794
387 796
387 800
388 402
388 406
388 407
388 410
388 411
388 412
388 416
388 417
388 420
388 421
388 423
388 425
388 426
388 427
388 428
388 430
388 431
388 432
388 433
388 435
388 436
388 437
388 439
388 441
388 446
388 447
388 449
388 453
388 454
388 456
388 458
388 459
388 461
388 465
388 466
388 469
388 470
388 472
388 473
388 475
388 477
388 478
388 479
388 481
388 482
388 483
388 484
388 485
388 486
388 487
388 489
388 490
388 494
388 496
388 497
388 502
388 504
388 507
388 508
388 509
388 511
388 513
388 516
388 517
388 518
388 519
388 521
388 522
388 523
388 525
388 528
388 529
388 534
388 535
388 536
388 538
388 539
388 541
388 542
388 543
388 544
388 546
388 547
388 548
388 549
388 550
388 552
388 553
388 554
388 555
388 557
388 558
388 560
388 563
388 564
388 565
388 569
388 570
388 572
388 573
388 579
388 580
388 581
388 585
388 586
388 588
388 590
388 591
388 592
388 594
388 598
388 600
388 602
388 603
388 604
388 606
388 608
388 613
388 618
388 619
388 622
388 623
388 624
388 625
388 627
388 628
388 631
388 632
388 636
388 637
388 639
388 641
388 642
388 644
388 645
388 647
388 648
388 649
388 650
388 653
388 654
388 656
388 657
388 660
388 663
388 665
388 666
388 669
388 671
388 673
388 674
388 675
388 677
388 678
388 680
388 681
388 682
388 683
388 684
388 685
388 686
388 687
388 688
388 689
388 690
388 693
388 695
388 696
388 700
388 702
388 706
388 709
388 712
388 720
388 722
388 723
388 727
388 731
388 733
388 734
388 737
388 738
388 740
388 742
388 744
388 745
388 746
388 747
388 748
388 749
388 751
388 758
388 762
388 763
388 765
388 766
388 767
388 768
388 769
388 772
388 775
388 776
388 777
388 779
388 781
388 782
388 783
388 785
388 787
388 788
388 789
388 791
388 792
388 794
388 795
388 799
389 403
389 404
389 406
389 408
389 411
389 412
389 416
389 418
389 419
389 420
389 425
389 429
389 432
389 433
389 436
389 440
389 441
389 443
389 445
389 446
389 449
389 451
389 452
389 453
389 454
389 455
389 456
389 457
389 459
389 462
389 465
389 467
389 468
389 469
389 470
389 472
389 473
389 475
389 478
389 479
389 480
389 483
389 484
389 486
389 499
389 500
389 502
389 503
389 505
389 506
389 507
389 508
389 509
389 511
389 514
389 516
389 518
389 519
389 520
389 521
389 522
389 523
389 524
389 527
389 528
389 529
389 530
389 534
389 536
389 539
389 540
389 541
389 544
389 549
389 551
389 552
389 554
389 555
389 556
389 557
389 560
389 565
389 567
389 568
389 569
389 571
389 573
389 575
389 577
389 579
389 580
389 582
389 584
389 585
389 588
389 589
389 590
389 592
389 595
389 597
389 601
389 602
389 603
389 607
389 609
389 610
389 611
389 619
389 623
389 627
389 629
389 637
389 639
389 641
389 642
389 649
389 652
389 653
389 655
389 657
389 659
389 660
389 661
389 663
389 669
389 670
389 671
389 672
389 673
389 674
389 676
389 686
389 688
389 694
389 695
389 697
389 698
389 699
389 701
389 702
389 703
389 706
389 708
389 711
389 713
389 715
389 716
389 718
389 721
389 722
389 725
389 726
389 727
389 729
389 730
389 731
389 732
389 735
389 739
389 740
389 741
389 742
389 744
389 745
389 749
389 751
389 752
389 753
389 755
389 758
389 762
389 764
389 767
389 768
389 774
389 775
389 776
389 781
389 788
389 789
389 791
389 793
389 794
389 795
389 796
389 797
389 799
390 401
390 402
390 404
390 405
390 406
390 407
390 408
390 410
390 411
390 412
390 413
390 414
390 420
390 424
390 426
390 427
390 428
390 429
390 431
390 432
390 433
390 434
390 439
390 440
390 443
390 450
390 452
390 454
390 458
390 459
390 461
390 466
390 468
390 469
390 470
390 471
390 472
390 474
390 475
390 477
390 479
390 480
390 482
390 483
390 486
390 488
390 489
390 491
390 493
390 494
390 495
390 499
390 504
390 505
390 507
390 513
390 514
390 515
390 516
390 517
390 518
390 519
390 527
390 530
390 531
390 539
390 543
390 544
390 546
390 550
390 551
390 552
390 553
390 554
390 557
390 562
390 564
390 567
390 569
390 570
390 571
390 574
390 575
390 576
390 579
390 582
390 584
390 585
390 586
390 587
390 588
390 590
390 592
390 594
390 595
390 596
390 598
390 599
390 600
390 602
390 604
390 607
390 608
390 609
390 612
390 613
390 614
390 615
390 617
390 619
390 621
390 622
390 623
390 625
390 628
390 629
390 633
390 637
390 642
390 647
390 648
390 649
390 654
390 657
390 659
390 662
390 663
390 666
390 667
390 668
390 670
390 676
390 677
390 679
390 681
390 682
390 684
390 685
390 686
390 688
390 690
390 692
390 693
390 700
390 701
390 702
390 703
390 706
390 707
390 708
390 709
390 713
390 716
390 717
390 719
390 724
390 728
390 729
390 731
390 732
390 733
390 734
390 736
390 741
390 742
390 743
390 745
390 746
390 747
390 751
390 752
390 760
390 764
390 765
390 766
390 767
390 768
390 771
390 773
390 774
390 775
390 778
390 782
390 783
390 788
390 789
390 790
390 791
390 794
390 795
390 796
390 797
390 800
391 403
391 404
391 405
391 406
391 407
391 408
391 410
391 411
391 413
391 414
391 415
391 416
391 418
391 419
391 420
391 421
391 423
391 425
391 426
391 427
391 428
391 429
391 433
391 435
391 436
391 439
391 445
391 446
391 449
391 451
391 453
391 454
391 455
391 457
391 458
391 460
391 464
391 465
391 466
391 467
391 468
391 469
391 471
391 472
391 475
391 477
391 480
391 481
391 485
391 486
391 488
391 491
391 492
391 500
391 502
391 504
391 508
391 510
391 512
391 514
391 515
391 518
391 520
391 521
391 522
391 523
391 524
391 526
391 527
391 532
391 533
391 535
391 536
391 537
391 538
391 539
391 543
391 544
391 545
391 547
391 548
391 549
391 550
391 552
391 555
391 556
391 559
391 563
391 564
391 567
391 570
391 571
391 573
391 575
391 578
391 579
391 580
391 581
391 582
391 583
391 586
391 587
391 590
391 592
391 594
391 595
391 601
391 603
391 604
391 607
391 610
391 613
391 615
391 616
391 618
391 619
391 624
391 626
391 629
391 632
391 633
391 634
391 638
391 642
391 643
391 644
391 645
391 648
391 649
391 652
391 655
391 656
391 657
391 659
391 660
391 661
391 663
391 665
391 667
391 668
391 669
391 672
391 675
391 677
391 678
391 682
391 685
391 689
391 691
391 692
391 693
391 696
391 698
391 701
391 702
391 704
391 705
391 708
391 710
391 714
391 716
391 719
391 721
391 723
391 727
391 728
391 730
391 731
391 732
391 733
391 738
391 740
391 746
391 749
391 750
391 752
391 753
391 754
391 755
391 756
391 757
391 759
391 760
391 764
391 765
391 766
391 769
391 772
391 773
391 775
391 776
391 777
391 778
391 779
391 780
391 781
391 787
391 788
391 790
391 792
391 794
391 796
391 798
392 403
392 405
392 407
392 408
392 409
392 411
392 414
392 416
392 418
392 424
392 426
392 428
392 430
392 431
392 432
392 434
392 436
392 437
392 438
392 439
392 443
392 444
392 445
392 446
392 449
392 451
392 452
392 453
392 454
392 456
392 458
392 459
392 463
392 465
392 466
392 467
392 468
392 469
392 470
392 471
392 472
392 474
392 475
392 479
392 481
392 483
392 486
392 487
392 488
392 491
392 493
392 496
392 500
392 504
392 510
392 514
392 515
392 518
392 519
392 521
392 522
392 524
392 526
392 530
392 531
392 532
392 535
392 537
392 539
392 541
392 542
392 543
392 544
392 545
392 547
392 548
392 549
392 550
392 552
392 554
392 555
392 557
392 558
392 559
392 560
392 563
392 566
392 569
392 572
392 573
392 574
392 575
392 576
392 579
392 582
392 583
392 585
392 586
392 588
392 589
392 590
392 591
392 593
392 595
392 596
392 597
392 600
392 602
392 603
392 608
392 609
392 612
392 614
392 617
392 618
392 624
392 626
392 627
392 629
392 632
392 635
392 636
392 637
392 638
392 640
392 642
392 643
392 645
392 646
392 647
392 648
392 651
392 652
392 653
392 654
392 657
392 658
392 664
392 665
392 666
392 667
392 668
392 672
392 673
392 675
392 676
392 678
392 683
392 684
392 685
392 686
392 689
392 692
392 695
392 697
392 699
392 703
392 704
392 707
392 708
392 709
392 710
392 711
392 713
392 716
392 717
392 719
392 720
392 721
392 724
392 725
392 726
392 728
392 730
392 732
392 735
392 736
392 738
392 739
392 740
392 741
392 743
392 744
392 745
392 747
392 749
392 751
392 752
392 754
392 756
392 757
392 758
392 759
392 760
392 761
392 762
392 764
392 768
392 770
392 771
392 776
392 777
392 779
392 781
392 782
392 787
392 790
392 791
392 792
393 403
393 408
393 409
393 411
393 413
393 414
393 416
393 420
393 421
393 423
393 424
393 425
393 426
393 427
393 428
393 434
393 435
393 437
393 440
393 441
393 442
393 443
393 459
393 460
393 461
393 465
393 466
393 469
393 470
393 471
393 472
393 476
393 485
393 487
393 488
393 491
393 492
393 493
393 497
393 498
393 499
393 501
393 502
393 504
393 505
393 506
393 507
393 508
393 510
393 512
393 514
393 515
393 517
393 518
393 519
393 520
393 521
393 527
393 528
393 530
393 531
393 533
393 535
393 537
393 539
393 540
393 543
393 544
393 550
393 551
393 552
393 554
393 555
393 556
393 557
393 558
393 559
393 560
393 562
393 563
393 564
393 566
393 567
393 570
393 571
393 572
393 574
393 575
393 577
393 580
393 581
393 582
393 584
393 585
393 587
393 588
393 590
393 591
393 594
393 595
393 596
393 597
393 600
393 604
393 605
393 611
393 613
393 615
393 617
393 618
393 619
393 620
393 621
393 622
393 623
393 625
393 626
393 628
393 629
393 632
393 636
393 639
393 641
393 643
393 644
393 649
393 651
393 652
393 654
393 655
393 656
393 657
393 658
393 661
393 662
393 663
393 665
393 667
393 671
393 672
393 674
393 675
393 676
393 677
393 678
393 680
393 681
393 682
393 683
393 685
393 686
393 690
393 691
393 693
393 695
393 697
393 698
393 699
393 701
393 702
393 703
393 704
393 706
393 708
393 709
393 712
393 714
393 717
393 718
393 720
393 723
393 724
393 726
393 729
393 730
393 736
393 737
393 739
393 740
393 743
393 747
393 749
393 750
393 751
393 752
393 753
393 754
393 755
393 756
393 757
393 758
393 760
393 761
393 762
393 763
393 764
393 765
393 766
393 767
393 770
393 771
393 773
393 774
393 776
393 778
393 779
393 780
393 782
393 783
393 784
393 785
393 786
393 789
393 790
393 794
393 798
393 799
394 401
394 402
394 403
394 409
394 414
394 415
394 416
394 418
394 422
394 423
394 424
394 425
394 426
394 427
394 430
394 431
394 440
394 441
394 442
394 443
394 444
394 446
394 449
394 451
394 453
394 455
394 457
394 459
394 460
394 461
394 462
394 463
394 464
394 467
394 468
394 469
394 471
394 472
394 474
394 478
394 480
394 483
394 486
394 487
394 488
394 490
394 491
394 494
394 496
394 497
394 498
394 499
394 501
394 502
394 504
394 505
394 506
394 507
394 508
394 514
394 515
394 518
394 519
394 520
394 521
394 525
394 526
394 527
394 528
394 529
394 530
394 533
394 535
394 538
394 540
394 542
394 543
394 545
394 549
394 551
394 553
394 554
394 556
394 558
394 560
394 563
394 564
394 565
394 567
394 569
394 570
394 572
394 573
394 575
394 577
394 578
394 579
394 580
394 582
394 585
394 588
394 589
394 591
394 592
394 595
394 596
394 597
394 599
394 601
394 604
394 605
394 608
394 609
394 611
394 614
394 615
394 619
394 621
394 622
394 623
394 625
394 627
394 629
394 632
394 633
394 635
394 637
394 638
394 639
394 640
394 643
394 646
394 647
394 649
394 651
394 653
394 654
394 655
394 656
394 657
394 659
394 660
394 661
394 662
394 663
394 664
394 669
394 671
394 673
394 674
394 677
394 678
394 679
394 680
394 682
394 683
394 685
394 687
394 689
394 690
394 693
394 694
394 697
394 698
394 699
394 704
394 708
394 709
394 710
394 712
394 714
394 715
394 716
394 717
394 723
394 725
394 726
394 727
394 728
394 730
394 731
394 733
394 734
394 736
394 737
394 738
394 741
394 743
394 746
394 747
394 750
394 754
394 756
394 763
394 769
394 773
394 774
394 777
394 778
394 779
394 780
394 782
394 783
394 784
394 786
394 787
394 788
394 792
394 793
394 795
394 796
394 798
395 402
395 405
395 406
395 408
395 409
395 411
395 412
395 414
395 417
395 419
395 420
395 421
395 422
395 423
395 425
395 426
395 427
395 428
395 429
395 431
395 432
395 436
395 437
395 439
395 442
395 443
395 444
395 446
395 450
395 451
395 454
395 459
395 460
395 461
395 462
395 464
395 465
395 469
395 470
395 471
395 473
395 475
395 476
395 477
395 480
395 482
395 484
395 485
395 486
395 487
395 490
395 492
395 495
395 498
395 499
395 500
395 501
395 503
395 504
395 507
395 514
395 515
395 516
395 519
395 520
395 521
395 523
395 524
395 525
395 526
395 528
395 532
395 535
395 537
395 538
395 539
395 540
395 542
395 543
395 545
395 548
395 549
395 550
395 553
395 558
395 560
395 561
395 562
395 563
395 564
395 569
395 570
395 571
395 572
395 575
395 576
395 577
395 579
395 580
395 581
395 584
395 585
395 587
395 588
395 591
395 592
395 593
395 594
395 597
395 600
395 603
395 604
395 605
395 607
395 608
395 609
395 615
395 617
395 618
395 619
395 620
395 621
395 622
395 625
395 627
395 628
395 629
395 635
395 636
395 640
395 645
395 646
395 647
395 650
395 651
395 654
395 655
395 657
395 660
395 662
395 667
395 668
395 670
395 671
395 672
395 673
395 674
395 676
395 677
395 678
395 679
395 681
395 682
395 683
395 685
395 686
395 687
395 690
395 691
395 692
395 695
395 698
395 700
395 701
395 702
395 704
395 706
395 708
395 709
395 710
395 721
395 723
395 726
395 727
395 728
395 730
395 734
395 735
395 737
395 738
395 739
395 742
395 743
395 744
395 746
395 751
395 752
395 753
395 755
395 756
395 758
395 759
395 760
395 763
395 764
395 765
395 766
395 768
395 769
395 770
395 772
395 773
395 774
395 776
395 777
395 778
395 779
395 780
395 783
395 784
395 787
395 788
395 791
395 792
395 794
395 795
395 796
395 797
395 798
395 799
396 401
396 402
396 405
396 406
396 408
396 410
396 411
396 413
396 414
396 415
396 422
396 424
396 425
396 426
396 427
396 428
396 429
396 430
396 431
396 432
396 433
396 435
396 437
396 438
396 442
396 445
396 448
396 451
396 453
396 454
396 456
396 457
396 459
396 460
396 461
396 462
396 463
396 469
396 470
396 471
396 474
396 477
396 481
396 482
396 483
396 484
396 487
396 491
396 495
396 496
396 498
396 500
396 503
396 505
396 506
396 507
396 509
396 511
396 512
396 513
396 516
396 517
396 521
396 522
396 526
396 527
396 528
396 531
396 533
396 535
396 539
396 541
396 542
396 543
396 545
396 546
396 547
396 549
396 550
396 556
396 561
396 563
396 568
396 572
396 573
396 574
396 576
396 577
396 578
396 580
396 582
396 583
396 585
396 587
396 588
396 589
396 592
396 596
396 597
396 599
396 601
396 602
396 603
396 604
396 605
396 606
396 607
396 610
396 611
396 616
396 617
396 618
396 620
396 622
396 624
396 625
396 628
396 629
396 630
396 631
396 633
396 643
396 646
396 647
396 650
396 653
396 654
396 656
396 661
396 662
396 663
396 665
396 667
396 669
396 670
396 673
396 674
396 676
396 677
396 681
396 682
396 683
396 684
396 685
396 688
396 689
396 690
396 691
396 694
396 696
396 698
396 699
396 701
396 702
396 705
396 706
396 709
396 712
396 714
396 716
396 717
396 719
396 722
396 728
396 734
396 736
396 738
396 741
396 745
396 747
396 749
396 754
396 755
396 756
396 757
396 759
396 760
396 761
396 763
396 764
396 766
396 768
396 769
396 774
396 775
396 783
396 784
396 785
396 786
396 788
396 789
396 790
396 791
396 792
396 794
396 795
396 798
397 403
397 404
397 405
397 408
397 409
397 412
397 415
397 418
397 419
397 421
397 424
397 425
397 429
397 432
397 433
397 435
397 437
397 438
397 440
397 441
397 442
397 444
397 445
397 446
397 447
397 448
397 453
397 454
397 456
397 457
397 458
397 460
397 463
397 469
397 470
397 471
397 473
397 474
397 475
397 478
397 480
397 491
397 493
397 494
397 495
397 496
397 499
397 501
397 505
397 506
397 508
397 509
397 510
397 511
397 513
397 514
397 515
397 516
397 517
397 519
397 527
397 531
397 532
397 534
397 535
397 537
397 540
397 542
397 545
397 546
397 548
397 550
397 551
397 553
397 554
397 556
397 562
397 565
397 567
397 568
397 573
397 575
397 577
397 578
397 579
397 581
397 582
397 584
397 586
397 587
397 588
397 589
397 590
397 594
397 596
397 605
397 606
397 607
397 608
397 609
397 611
397 612
397 613
397 618
397 620
397 621
397 624
397 625
397 627
397 628
397 629
397 634
397 635
397 637
397 638
397 641
397 644
397 645
397 647
397 648
397 649
397 650
397 652
397 653
397 655
397 657
397 658
397 660
397 662
397 664
397 666
397 670
397 673
397 676
397 677
397 681
397 682
397 683
397 684
397 689
397 690
397 691
397 692
397 694
397 698
397 701
397 703
397 705
397 718
397 719
397 720
397 721
397 722
397 723
397 725
397 728
397 729
397 731
397 732
397 734
397 735
397 737
397 739
397 741
397 743
397 744
397 746
397 747
397 749
397 752
397 754
397 755
397 756
397 757
397 758
397 759
397 762
397 763
397 765
397 766
397 767
397 769
397 770
397 771
397 774
397 775
397 777
397 778
397 782
397 783
397 785
397 786
397 787
397 789
397 790
397 791
397 792
397 794
397 796
397 797
397 798
397 799
397 800
398 402
398 403
398 405
398 407
398 408
398 411
398 412
398 417
398 419
398 420
398 421
398 425
398 427
398 430
398 431
398 432
398 433
398 435
398 436
398 437
398 440
398 442
398 443
398 447
398 448
398 449
398 451
398 454
398 455
398 456
398 458
398 462
398 466
398 471
398 472
398 475
398 476
398 477
398 483
398 484
398 485
398 489
398 491
398 492
398 493
398 494
398 496
398 497
398 498
398 499
398 500
398 505
398 507
398 508
398 509
398 511
398 514
398 515
398 516
398 517
398 518
398 521
398 522
398 526
398 528
398 529
398 533
398 537
398 540
398 541
398 543
398 545
398 547
398 548
398 549
398 550
398 552
398 553
398 554
398 557
398 558
398 561
398 562
398 564
398 565
398 567
398 573
398 575
398 576
398 579
398 580
398 583
398 585
398 586
398 587
398 591
398 592
398 594
398 595
398 597
398 599
398 600
398 601
398 603
398 605
398 606
398 607
398 608
398 609
398 611
398 612
398 613
398 614
398 615
398 618
398 625
398 627
398 628
398 632
398 633
398 636
398 637
398 640
398 644
398 647
398 649
398 651
398 652
398 653
398 656
398 658
398 659
398 660
398 663
398 665
398 666
398 669
398 670
398 672
398 675
398 678
398 679
398 682
398 683
398 684
398 685
398 687
398 691
398 692
398 697
398 698
398 702
398 703
398 704
398 705
398 706
398 707
398 710
398 711
398 713
398 714
398 716
398 718
398 720
398 721
398 724
398 725
398 726
398 727
398 728
398 729
398 730
398 734
398 737
398 739
398 741
398 742
398 743
398 744
398 745
398 746
398 747
398 748
398 756
398 758
398 759
398 761
398 762
398 764
398 765
398 767
398 771
398 772
398 774
398 777
398 780
398 781
398 785
398 786
398 787
398 788
398 790
398 797
398 799
399 401
399 402
399 404
399 406
399 407
399 409
399 412
399 413
399 417
399 418
399 419
399 420
399 421
399 422
399 423
399 425
399 427
399 428
399 429
399 432
399 435
399 438
399 441
399 442
399 443
399 444
399 445
399 448
399 449
399 452
399 453
399 454
399 456
399 461
399 463
399 464
399 469
399 471
399 474
399 475
399 476
399 477
399 479
399 482
399 483
399 485
399 486
399 489
399 498
399 499
399 500
399 501
399 502
399 503
399 505
399 507
399 509
399 510
399 511
399 513
399 515
399 516
399 517
399 520
399 521
399 522
399 523
399 524
399 526
399 528
399 529
399 531
399 535
399 538
399 539
399 540
399 541
399 542
399 544
399 545
399 546
399 548
399 549
399 550
399 553
399 557
399 558
399 559
399 560
399 562
399 563
399 565
399 567
399 568
399 569
399 570
399 571
399 572
399 576
399 577
399 580
399 581
399 585
399 587
399 588
399 591
399 595
399 596
399 601
399 602
399 605
399 606
399 609
399 610
399 615
399 616
399 618
399 619
399 621
399 623
399 624
399 627
399 628
399 629
399 633
399 635
399 637
399 638
399 639
399 640
399 641
399 642
399 643
399 644
399 645
399 647
399 652
399 655
399 657
399 660
399 663
399 665
399 667
399 668
399 670
399 671
399 672
399 673
399 677
399 679
399 681
399 682
399 685
399 687
399 688
399 691
399 692
399 695
399 696
399 698
399 699
399 700
399 701
399 704
399 705
399 706
399 707
399 708
399 712
399 715
399 717
399 721
399 722
399 724
399 726
399 729
399 730
399 731
399 732
399 733
399 734
399 736
399 738
399 739
399 741
399 745
399 747
399 749
399 750
399 751
399 752
399 753
399 754
399 755
399 758
399 759
399 761
399 762
399 764
399 766
399 769
399 770
399 772
399 774
399 775
399 776
399 777
399 778
399 779
399 780
399 782
399 783
399 786
399 792
399 794
399 795
399 797
399 799
399 800
400 401
400 403
400 404
400 414
400 415
400 417
400 420
400 421
400 424
400 425
400 426
400 428
400 429
400 431
400 434
400 435
400 437
400 441
400 442
400 443
400 444
400 445
400 446
400 447
400 452
400 453
400 459
400 460
400 462
400 463
400 464
400 465
400 466
400 471
400 472
400 473
400 474
400 478
400 480
400 481
400 491
400 494
400 496
400 497
400 499
400 500
400 501
400 503
400 504
400 507
400 508
400 514
400 515
400 517
400 519
400 520
400 522
400 523
400 525
400 526
400 527
400 528
400 531
400 533
400 536
400 537
400 541
400 545
400 546
400 548
400 552
400 554
400 555
400 558
400 559
400 562
400 567
400 568
400 570
400 572
400 573
400 575
400 576
400 577
400 580
400 583
400 584
400 586
400 587
400 590
400 592
400 593
400 594
400 595
400 597
400 599
400 600
400 601
400 602
400 605
400 606
400 607
400 608
400 610
400 613
400 615
400 616
400 618
400 619
400 625
400 627
400 628
400 629
400 631
400 636
400 637
400 640
400 642
400 643
400 644
400 645
400 646
400 647
400 649
400 651
400 652
400 655
400 657
400 658
400 661
400 664
400 669
400 670
400 671
400 673
400 674
400 675
400 678
400 680
400 681
400 683
400 684
400 686
400 691
400 692
400 693
400 694
400 699
400 700
400 701
400 702
400 707
400 708
400 714
400 715
400 716
400 719
400 720
400 721
400 724
400 726
400 727
400 728
400 731
400 733
400 735
400 736
400 737
400 738
400 740
400 741
400 746
400 747
400 748
400 752
400 754
400 756
400 757
400 759
400 761
400 765
400 766
400 769
400 770
400 772
400 773
400 774
400 775
400 778
400 780
400 782
400 786
400 788
400 790
400 791
400 797
400 799
