400 400 30
1 402
1 403
1 405
1 408
1 416
1 420
1 421
1 422
1 429
1 431
1 434
1 440
1 445
1 448
1 456
1 459
1 461
1 465
1 467
1 470
1 474
1 483
1 484
1 488
1 493
1 497
1 500
1 502
1 505
1 509
1 510
1 512
1 513
1 514
1 518
1 522
1 524
1 525
1 534
1 549
1 551
1 557
1 563
1 567
1 572
1 574
1 576
1 577
1 580
1 582
1 583
1 585
1 590
1 593
1 605
1 607
1 614
1 615
1 618
1 619
1 621
1 625
1 627
1 630
1 638
1 647
1 651
1 654
1 672
1 678
1 681
1 684
1 688
1 690
1 693
1 695
1 702
1 705
1 708
1 712
1 720
1 721
1 722
1 727
1 728
1 730
1 737
1 742
1 744
1 748
1 750
1 751
1 755
1 763
1 765
1 767
1 769
1 776
1 781
1 782
1 786
1 787
1 788
1 789
1 791
1 795
1 797
1 799
2 401
2 404
2 408
2 409
2 410
2 413
2 414
2 417
2 418
2 426
2 434
2 435
2 439
2 440
2 445
2 447
2 449
2 454
2 456
2 459
2 460
2 463
2 464
2 466
2 468
2 469
2 471
2 472
2 473
2 474
2 477
2 487
2 488
2 489
2 491
2 493
2 494
2 496
2 497
2 502
2 504
2 506
2 508
2 516
2 518
2 519
2 520
2 522
2 523
2 528
2 533
2 545
2 550
2 551
2 557
2 558
2 559
2 560
2 562
2 567
2 568
2 569
2 576
2 582
2 590
2 592
2 596
2 598
2 601
2 612
2 613
2 623
2 625
2 626
2 629
2 634
2 636
2 637
2 644
2 647
2 649
2 653
2 656
2 660
2 661
2 663
2 668
2 672
2 678
2 682
2 684
2 685
2 696
2 697
2 708
2 711
2 713
2 716
2 717
2 721
2 725
2 735
2 736
2 737
2 740
2 744
2 745
2 748
2 749
2 753
2 755
2 756
2 766
2 767
2 773
2 777
2 778
2 784
2 786
2 787
2 791
2 796
2 797
2 798
3 405
3 411
3 415
3 418
3 421
3 426
3 427
3 434
3 444
3 446
3 447
3 448
3 451
3 453
3 456
3 461
3 463
3 470
3 473
3 477
3 478
3 483
3 485
3 486
3 496
3 499
3 502
3 505
3 508
3 509
3 511
3 518
3 519
3 522
3 524
3 526
3 531
3 532
3 534
3 537
3 539
3 540
3 551
3 557
3 558
3 561
3 564
3 565
3 566
3 567
3 574
3 576
3 583
3 585
3 586
3 592
3 596
3 597
3 602
3 604
3 608
3 611
3 612
3 614
3 619
3 625
3 632
3 635
3 636
3 637
3 642
3 643
3 644
3 646
3 649
3 650
3 652
3 653
3 654
3 659
3 660
3 664
3 667
3 668
3 673
3 674
3 677
3 681
3 683
3 685
3 686
3 687
3 688
3 689
3 705
3 706
3 709
3 714
3 719
3 720
3 721
3 724
3 725
3 727
3 728
3 731
3 734
3 738
3 740
3 741
3 748
3 749
3 751
3 752
3 754
3 760
3 769
3 770
3 777
3 781
3 783
3 785
3 787
3 791
3 792
4 402
4 403
4 413
4 415
4 416
4 417
4 421
4 423
4 433
4 436
4 438
4 441
4 442
4 445
4 451
4 452
4 457
4 458
4 461
4 464
4 471
4 472
4 477
4 482
4 483
4 484
4 489
4 491
4 492
4 493
4 495
4 497
4 499
4 501
4 504
4 515
4 519
4 523
4 524
4 525
4 526
4 528
4 529
4 530
4 540
4 547
4 551
4 554
4 556
4 558
4 561
4 566
4 568
4 569
4 573
4 575
4 577
4 579
4 580
4 582
4 586
4 594
4 595
4 598
4 608
4 610
4 613
4 616
4 621
4 635
4 640
4 644
4 645
4 655
4 658
4 661
4 662
4 663
4 664
4 666
4 668
4 671
4 674
4 675
4 677
4 678
4 681
4 684
4 691
4 692
4 694
4 697
4 700
4 708
4 711
4 715
4 718
4 720
4 724
4 726
4 727
4 729
4 730
4 732
4 734
4 735
4 737
4 739
4 745
4 755
4 757
4 762
4 765
4 770
4 781
4 783
4 787
4 789
4 792
4 794
4 796
4 797
4 798
4 799
5 403
5 406
5 407
5 408
5 410
5 413
5 417
5 418
5 421
5 425
5 426
5 428
5 430
5 432
5 433
5 434
5 438
5 439
5 442
5 448
5 456
5 459
5 464
5 466
5 470
5 472
5 474
5 475
5 476
5 480
5 481
5 488
5 489
5 491
5 494
5 497
5 498
5 499
5 503
5 505
5 506
5 510
5 511
5 513
5 516
5 517
5 525
5 531
5 532
5 536
5 542
5 544
5 550
5 553
5 557
5 561
5 562
5 566
5 567
5 568
5 571
5 572
5 573
5 575
5 576
5 578
5 579
5 580
5 587
5 590
5 595
5 598
5 605
5 611
5 613
5 618
5 622
5 625
5 631
5 635
5 641
5 650
5 652
5 655
5 659
5 661
5 663
5 669
5 670
5 673
5 680
5 682
5 683
5 685
5 687
5 688
5 703
5 705
5 706
5 708
5 714
5 718
5 720
5 728
5 730
5 733
5 735
5 741
5 742
5 743
5 747
5 748
5 749
5 750
5 751
5 768
5 770
5 771
5 773
5 778
5 782
5 784
5 785
5 791
5 792
5 797
5 799
5 800
6 408
6 409
6 412
6 416
6 419
6 425
6 426
6 431
6 434
6 436
6 437
6 438
6 440
6 442
6 444
6 451
6 454
6 456
6 461
6 462
6 468
6 478
6 481
6 483
6 484
6 486
6 487
6 494
6 496
6 498
6 503
6 506
6 507
6 510
6 512
6 520
6 523
6 526
6 530
6 531
6 539
6 540
6 543
6 545
6 547
6 552
6 555
6 557
6 564
6 566
6 567
6 568
6 575
6 579
6 581
6 582
6 586
6 587
6 590
6 594
6 595
6 598
6 601
6 606
6 607
6 613
6 617
6 618
6 619
6 629
6 631
6 634
6 635
6 636
6 639
6 642
6 645
6 647
6 653
6 659
6 669
6 671
6 673
6 678
6 680
6 683
6 684
6 685
6 689
6 693
6 694
6 695
6 697
6 698
6 702
6 705
6 706
6 707
6 709
6 712
6 715
6 717
6 718
6 720
6 726
6 730
6 732
6 736
6 738
6 741
6 744
6 746
6 750
6 753
6 754
6 756
6 759
6 762
6 770
6 771
6 772
6 773
6 777
6 778
6 781
6 782
6 787
6 788
6 792
6 796
6 799
7 401
7 409
7 414
7 415
7 434
7 435
7 443
7 446
7 448
7 450
7 457
7 465
7 470
7 473
7 474
7 490
7 491
7 495
7 507
7 510
7 511
7 512
7 514
7 516
7 519
7 521
7 524
7 525
7 527
7 529
7 530
7 535
7 537
7 542
7 543
7 551
7 552
7 559
7 560
7 562
7 564
7 566
7 575
7 577
7 580
7 585
7 586
7 587
7 588
7 592
7 601
7 610
7 611
7 613
7 614
7 615
7 617
7 620
7 624
7 640
7 643
7 647
7 651
7 655
7 658
7 660
7 662
7 663
7 666
7 668
7 669
7 670
7 672
7 678
7 681
7 685
7 688
7 690
7 692
7 694
7 697
7 698
7 699
7 702
7 705
7 706
7 710
7 712
7 714
7 715
7 718
7 719
7 730
7 731
7 733
7 739
7 741
7 745
7 749
7 753
7 754
7 756
7 764
7 766
7 770
7 772
7 773
7 774
7 777
7 779
7 781
7 782
7 785
7 787
7 790
7 800
8 404
8 405
8 409
8 415
8 417
8 424
8 425
8 432
8 438
8 441
8 442
8 445
8 449
8 451
8 452
8 455
8 459
8 461
8 462
8 471
8 473
8 482
8 483
8 486
8 491
8 492
8 500
8 504
8 511
8 513
8 515
8 521
8 522
8 529
8 530
8 532
8 536
8 543
8 547
8 548
8 551
8 555
8 558
8 565
8 566
8 572
8 573
8 576
8 579
8 580
8 586
8 588
8 593
8 594
8 595
8 601
8 606
8 610
8 611
8 614
8 619
8 622
8 624
8 630
8 634
8 656
8 660
8 666
8 667
8 670
8 671
8 672
8 673
8 675
8 679
8 680
8 682
8 685
8 686
8 687
8 689
8 690
8 692
8 694
8 696
8 704
8 708
8 709
8 710
8 712
8 714
8 717
8 719
8 725
8 727
8 731
8 732
8 734
8 738
8 743
8 744
8 745
8 752
8 759
8 763
8 765
8 771
8 774
8 778
8 780
8 784
8 785
8 790
8 792
8 793
8 796
8 797
8 798
8 799
9 403
9 404
9 405
9 406
9 420
9 421
9 422
9 424
9 429
9 431
9 437
9 438
9 439
9 447
9 450
9 451
9 453
9 460
9 464
9 465
9 470
9 472
9 475
9 476
9 482
9 485
9 491
9 493
9 494
9 495
9 497
9 498
9 499
9 502
9 503
9 505
9 509
9 516
9 519
9 520
9 521
9 522
9 523
9 526
9 528
9 529
9 531
9 534
9 535
9 540
9 543
9 546
9 550
9 553
9 555
9 564
9 567
9 571
9 572
9 576
9 579
9 588
9 590
9 599
9 601
9 604
9 612
9 614
9 615
9 618
9 620
9 623
9 625
9 630
9 637
9 643
9 644
9 646
9 649
9 655
9 657
9 661
9 662
9 665
9 668
9 670
9 671
9 675
9 676
9 678
9 679
9 681
9 685
9 686
9 690
9 692
9 694
9 702
9 703
9 706
9 719
9 720
9 722
9 727
9 728
9 731
9 732
9 734
9 736
9 740
9 744
9 746
9 748
9 749
9 750
9 752
9 754
9 764
9 767
9 770
9 771
9 779
9 781
9 787
9 790
9 793
9 794
9 799
10 404
10 405
10 407
10 411
10 414
10 419
10 423
10 432
10 433
10 436
10 438
10 442
10 451
10 453
10 456
10 458
10 464
10 479
10 480
10 481
10 485
10 489
10 505
10 506
10 510
10 515
10 518
10 521
10 528
10 529
10 535
10 538
10 540
10 547
10 552
10 556
10 558
10 561
10 563
10 565
10 568
10 571
10 572
10 576
10 592
10 596
10 597
10 598
10 601
10 603
10 604
10 610
10 613
10 614
10 621
10 624
10 626
10 627
10 636
10 645
10 647
10 652
10 654
10 657
10 661
10 664
10 668
10 670
10 672
10 675
10 683
10 685
10 688
10 690
10 696
10 699
10 703
10 704
10 707
10 708
10 709
10 710
10 717
10 718
10 727
10 728
10 732
10 733
10 734
10 735
10 744
10 745
10 746
10 751
10 757
10 759
10 760
10 761
10 767
10 774
10 778
10 780
10 783
10 784
10 785
10 786
10 787
10 788
10 793
10 795
11 403
11 405
11 407
11 409
11 413
11 417
11 422
11 424
11 430
11 434
11 435
11 436
11 438
11 445
11 448
11 452
11 455
11 457
11 459
11 464
11 465
11 466
11 469
11 470
11 471
11 473
11 475
11 477
11 479
11 483
11 484
11 489
11 494
11 499
11 500
11 504
11 505
11 509
11 510
11 520
11 521
11 524
11 525
11 528
11 529
11 534
11 535
11 537
11 541
11 545
11 548
11 549
11 551
11 556
11 558
11 559
11 561
11 562
11 563
11 566
11 567
11 570
11 571
11 573
11 575
11 579
11 582
11 584
11 586
11 590
11 591
11 592
11 594
11 603
11 605
11 606
11 612
11 613
11 615
11 620
11 627
11 628
11 630
11 632
11 634
11 635
11 638
11 639
11 650
11 651
11 652
11 653
11 655
11 659
11 661
11 663
11 668
11 670
11 676
11 688
11 695
11 698
11 706
11 709
11 710
11 712
11 713
11 716
11 719
11 721
11 724
11 725
11 738
11 745
11 749
11 751
11 754
11 755
11 756
11 760
11 762
11 763
11 772
11 780
11 787
11 792
11 793
11 798
12 407
12 409
12 419
12 422
12 424
12 428
12 429
12 431
12 432
12 438
12 439
12 443
12 452
12 459
12 464
12 466
12 468
12 473
12 476
12 489
12 492
12 499
12 500
12 501
12 503
12 505
12 507
12 508
12 515
12 519
12 521
12 522
12 527
12 529
12 531
12 541
12 550
12 552
12 555
12 563
12 564
12 575
12 581
12 584
12 589
12 595
12 597
12 605
12 606
12 608
12 610
12 611
12 616
12 617
12 618
12 623
12 625
12 626
12 628
12 630
12 633
12 639
12 645
12 646
12 650
12 651
12 656
12 659
12 660
12 663
12 668
12 673
12 675
12 678
12 681
12 688
12 691
12 693
12 694
12 704
12 706
12 711
12 717
12 720
12 723
12 724
12 725
12 732
12 735
12 736
12 743
12 749
12 751
12 752
12 754
12 755
12 761
12 762
12 766
12 767
12 769
12 774
12 776
12 778
12 786
12 789
12 792
12 795
12 798
12 799
13 402
13 404
13 407
13 408
13 409
13 413
13 415
13 418
13 420
13 428
13 432
13 442
13 444
13 445
13 447
13 449
13 451
13 458
13 462
13 465
13 469
13 473
13 477
13 481
13 490
13 494
13 495
13 496
13 497
13 501
13 507
13 509
13 511
13 513
13 517
13 520
13 524
13 526
13 528
13 531
13 532
13 534
13 536
13 539
13 542
13 545
13 553
13 554
13 560
13 563
13 564
13 569
13 574
13 577
13 581
13 582
13 588
13 589
13 593
13 597
13 598
13 599
13 606
13 611
13 615
13 622
13 623
13 624
13 629
13 633
13 636
13 637
13 651
13 658
13 660
13 661
13 663
13 664
13 670
13 673
13 676
13 678
13 682
13 683
13 687
13 688
13 691
13 692
13 693
13 694
13 695
13 696
13 697
13 699
13 701
13 704
13 712
13 717
13 722
13 723
13 726
13 729
13 731
13 739
13 742
13 743
13 745
13 753
13 759
13 764
13 766
13 767
13 768
13 769
13 771
13 777
13 781
13 782
13 784
13 795
13 799
14 403
14 404
14 405
14 406
14 411
14 413
14 415
14 416
14 419
14 424
14 425
14 426
14 430
14 433
14 435
14 436
14 437
14 438
14 442
14 445
14 452
14 464
14 470
14 471
14 493
14 495
14 496
14 497
14 499
14 502
14 504
14 505
14 506
14 510
14 514
14 516
14 519
14 521
14 522
14 526
14 529
14 530
14 532
14 535
14 536
14 538
14 539
14 542
14 544
14 553
14 563
14 564
14 568
14 570
14 572
14 573
14 578
14 580
14 584
14 585
14 594
14 600
14 602
14 604
14 607
14 618
14 619
14 624
14 631
14 633
14 634
14 637
14 639
14 640
14 643
14 644
14 645
14 648
14 650
14 652
14 653
14 656
14 660
14 661
14 662
14 665
14 671
14 673
14 678
14 680
14 687
14 688
14 691
14 692
14 698
14 701
14 706
14 715
14 716
14 717
14 718
14 732
14 733
14 736
14 752
14 754
14 761
14 762
14 766
14 770
14 771
14 773
14 776
14 777
14 778
14 780
14 782
14 787
14 792
14 797
14 800
15 408
15 412
15 414
15 415
15 416
15 417
15 420
15 424
15 430
15 432
15 434
15 435
15 443
15 450
15 451
15 454
15 461
15 462
15 463
15 464
15 465
15 466
15 470
15 471
15 473
15 478
15 479
15 482
15 483
15 485
15 488
15 491
15 493
15 497
15 499
15 503
15 506
15 508
15 510
15 512
15 513
15 514
15 515
15 516
15 535
15 537
15 541
15 542
15 548
15 549
15 553
15 558
15 566
15 568
15 569
15 570
15 571
15 574
15 578
15 584
15 590
15 593
15 594
15 596
15 598
15 601
15 602
15 605
15 609
15 615
15 616
15 620
15 623
15 624
15 627
15 628
15 629
15 632
15 633
15 634
15 635
15 636
15 639
15 640
15 642
15 644
15 646
15 648
15 649
15 651
15 654
15 655
15 656
15 663
15 669
15 670
15 674
15 679
15 682
15 683
15 691
15 692
15 698
15 699
15 702
15 703
15 704
15 705
15 709
15 712
15 717
15 722
15 725
15 726
15 731
15 733
15 734
15 739
15 748
15 751
15 758
15 759
15 760
15 763
15 765
15 766
15 768
15 769
15 772
15 776
15 779
15 781
15 784
15 794
15 795
15 796
15 798
15 799
16 419
16 429
16 432
16 434
16 436
16 437
16 445
16 446
16 447
16 448
16 450
16 451
16 452
16 463
16 465
16 466
16 467
16 470
16 471
16 472
16 483
16 496
16 502
16 504
16 510
16 512
16 513
16 516
16 517
16 523
16 527
16 529
16 530
16 531
16 534
16 538
16 539
16 543
16 544
16 547
16 549
16 554
16 555
16 564
16 565
16 572
16 586
16 587
16 590
16 594
16 596
16 597
16 601
16 606
16 609
16 612
16 618
16 619
16 621
16 622
16 627
16 637
16 638
16 639
16 641
16 643
16 647
16 656
16 661
16 667
16 669
16 672
16 684
16 685
16 688
16 689
16 694
16 695
16 703
16 708
16 709
16 710
16 712
16 715
16 718
16 721
16 727
16 734
16 737
16 743
16 746
16 747
16 748
16 750
16 753
16 754
16 758
16 759
16 763
16 765
16 767
16 775
16 777
16 780
16 781
16 783
16 789
16 796
16 799
16 800
17 410
17 412
17 414
17 422
17 423
17 425
17 428
17 432
17 438
17 439
17 442
17 452
17 453
17 458
17 467
17 479
17 481
17 484
17 490
17 492
17 494
17 495
17 502
17 503
17 504
17 505
17 507
17 512
17 513
17 514
17 519
17 530
17 532
17 545
17 551
17 558
17 570
17 572
17 574
17 575
17 578
17 580
17 582
17 589
17 592
17 595
17 596
17 598
17 609
17 611
17 621
17 628
17 629
17 634
17 636
17 638
17 641
17 644
17 648
17 650
17 652
17 656
17 657
17 659
17 662
17 663
17 666
17 669
17 674
17 677
17 678
17 683
17 685
17 692
17 695
17 699
17 700
17 707
17 712
17 714
17 715
17 718
17 723
17 725
17 727
17 731
17 737
17 739
17 743
17 744
17 745
17 746
17 749
17 750
17 752
17 753
17 757
17 765
17 769
17 771
17 782
17 784
17 785
17 787
17 789
17 792
17 793
17 800
18 403
18 407
18 410
18 411
18 416
18 420
18 425
18 436
18 438
18 445
18 453
18 455
18 456
18 458
18 460
18 461
18 468
18 472
18 477
18 481
18 483
18 484
18 485
18 486
18 489
18 490
18 495
18 496
18 498
18 499
18 502
18 503
18 512
18 514
18 516
18 518
18 519
18 520
18 522
18 527
18 529
18 530
18 532
18 536
18 541
18 543
18 546
18 548
18 553
18 555
18 557
18 558
18 559
18 561
18 567
18 568
18 572
18 573
18 585
18 586
18 588
18 589
18 593
18 594
18 601
18 602
18 604
18 611
18 616
18 624
18 625
18 628
18 629
18 632
18 638
18 642
18 644
18 646
18 647
18 649
18 655
18 656
18 657
18 662
18 666
18 668
18 673
18 675
18 680
18 682
18 688
18 689
18 696
18 700
18 705
18 706
18 708
18 710
18 712
18 713
18 715
18 716
18 720
18 721
18 723
18 728
18 738
18 739
18 741
18 742
18 745
18 746
18 748
18 750
18 751
18 756
18 763
18 764
18 781
18 788
18 792
18 797
19 405
19 406
19 407
19 410
19 411
19 413
19 418
19 420
19 423
19 427
19 428
19 437
19 446
19 449
19 460
19 461
19 465
19 476
19 477
19 484
19 485
19 487
19 491
19 494
19 495
19 496
19 498
19 503
19 508
19 510
19 511
19 513
19 514
19 515
19 519
19 522
19 523
19 524
19 525
19 526
19 528
19 531
19 534
19 535
19 543
19 545
19 546
19 548
19 552
19 557
19 559
19 564
19 565
19 575
19 576
19 577
19 588
19 591
19 596
19 599
19 601
19 610
19 612
19 613
19 614
19 617
19 620
19 621
19 634
19 637
19 641
19 642
19 650
19 653
19 654
19 655
19 660
19 663
19 667
19 669
19 671
19 673
19 674
19 677
19 679
19 680
19 681
19 683
19 689
19 691
19 694
19 695
19 705
19 707
19 708
19 709
19 715
19 719
19 721
19 723
19 724
19 727
19 730
19 733
19 742
19 743
19 748
19 749
19 756
19 757
19 761
19 762
19 765
19 767
19 776
19 782
19 784
19 788
19 789
19 793
19 794
19 797
19 798
19 799
19 800
20 407
20 411
20 413
20 420
20 422
20 425
20 428
20 431
20 432
20 433
20 434
20 435
20 440
20 449
20 450
20 465
20 466
20 469
20 471
20 472
20 473
20 477
20 478
20 482
20 490
20 492
20 504
20 505
20 512
20 514
20 519
20 521
20 522
20 523
20 524
20 528
20 530
20 531
20 543
20 544
20 545
20 549
20 551
20 555
20 557
20 569
20 570
20 572
20 580
20 581
20 585
20 586
20 589
20 590
20 597
20 609
20 616
20 617
20 619
20 622
20 625
20 627
20 628
20 630
20 633
20 634
20 635
20 636
20 638
20 640
20 644
20 651
20 657
20 665
20 669
20 676
20 680
20 681
20 682
20 689
20 690
20 691
20 693
20 699
20 700
20 701
20 702
20 709
20 712
20 714
20 716
20 719
20 733
20 735
20 741
20 747
20 749
20 757
20 763
20 778
20 785
20 787
20 788
20 791
20 799
21 401
21 406
21 408
21 409
21 410
21 414
21 415
21 425
21 428
21 435
21 440
21 447
21 448
21 450
21 460
21 465
21 468
21 473
21 485
21 487
21 489
21 490
21 493
21 498
21 506
21 509
21 516
21 519
21 520
21 524
21 529
21 530
21 531
21 533
21 537
21 538
21 541
21 543
21 549
21 551
21 552
21 553
21 555
21 559
21 562
21 566
21 573
21 574
21 576
21 577
21 581
21 584
21 586
21 591
21 593
21 595
21 599
21 603
21 607
21 608
21 612
21 614
21 616
21 617
21 619
21 622
21 624
21 626
21 628
21 631
21 635
21 641
21 647
21 652
21 664
21 668
21 676
21 679
21 688
21 691
21 695
21 696
21 703
21 708
21 710
21 713
21 716
21 719
21 723
21 725
21 726
21 727
21 733
21 738
21 739
21 745
21 747
21 754
21 757
21 758
21 759
21 762
21 764
21 766
21 770
21 771
21 774
21 777
21 779
21 780
21 781
21 782
21 786
21 790
21 794
21 796
22 407
22 413
22 414
22 416
22 419
22 420
22 424
22 426
22 430
22 431
22 433
22 434
22 435
22 436
22 440
22 448
22 454
22 462
22 467
22 476
22 478
22 488
22 492
22 495
22 496
22 499
22 500
22 502
22 508
22 512
22 514
22 515
22 516
22 520
22 523
22 530
22 537
22 539
22 540
22 541
22 542
22 544
22 546
22 552
22 557
22 559
22 562
22 564
22 566
22 567
22 573
22 574
22 577
22 580
22 582
22 583
22 588
22 596
22 597
22 607
22 608
22 610
22 612
22 614
22 624
22 631
22 632
22 634
22 639
22 641
22 645
22 647
22 652
22 653
22 657
22 661
22 663
22 665
22 667
22 670
22 671
22 675
22 676
22 679
22 680
22 686
22 689
22 691
22 692
22 693
22 694
22 700
22 702
22 704
22 711
22 714
22 717
22 718
22 719
22 723
22 726
22 727
22 729
22 731
22 732
22 737
22 738
22 741
22 747
22 751
22 753
22 755
22 757
22 766
22 777
22 783
22 784
22 787
22 789
22 793
22 794
22 798
22 799
23 401
23 402
23 410
23 415
23 418
23 421
23 423
23 431
23 433
23 434
23 436
23 440
23 441
23 444
23 445
23 446
23 447
23 450
23 451
23 453
23 457
23 463
23 466
23 467
23 469
23 476
23 477
23 478
23 479
23 480
23 482
23 485
23 491
23 493
23 497
23 498
23 504
23 509
23 513
23 519
23 520
23 527
23 529
23 530
23 532
23 533
23 541
23 543
23 546
23 547
23 553
23 556
23 558
23 561
23 576
23 577
23 583
23 584
23 589
23 591
23 595
23 599
23 601
23 606
23 607
23 613
23 615
23 619
23 620
23 624
23 627
23 628
23 629
23 638
23 643
23 644
23 649
23 653
23 656
23 657
23 660
23 662
23 664
23 675
23 676
23 677
23 685
23 687
23 688
23 694
23 695
23 703
23 704
23 707
23 710
23 713
23 715
23 717
23 727
23 731
23 734
23 736
23 739
23 742
23 743
23 747
23 748
23 752
23 754
23 758
23 768
23 775
23 777
23 781
23 783
23 788
23 790
23 791
23 793
23 794
23 795
23 796
23 797
23 798
24 401
24 403
24 404
24 417
24 420
24 421
24 422
24 423
24 424
24 427
24 437
24 438
24 443
24 444
24 445
24 446
24 452
24 459
24 463
24 466
24 467
24 474
24 479
24 481
24 488
24 489
24 491
24 492
24 496
24 497
24 499
24 502
24 513
24 516
24 517
24 521
24 527
24 536
24 537
24 540
24 543
24 545
24 549
24 550
24 551
24 555
24 557
24 560
24 561
24 563
24 565
24 570
24 572
24 587
24 593
24 595
24 602
24 604
24 611
24 612
24 614
24 615
24 616
24 620
24 624
24 638
24 649
24 650
24 651
24 652
24 653
24 656
24 657
24 660
24 661
24 664
24 669
24 670
24 676
24 682
24 688
24 695
24 697
24 698
24 701
24 705
24 712
24 717
24 719
24 720
24 721
24 724
24 732
24 734
24 735
24 740
24 748
24 750
24 752
24 754
24 755
24 756
24 758
24 760
24 763
24 765
24 767
24 782
24 785
24 787
24 788
24 789
24 791
24 793
24 797
25 401
25 412
25 415
25 420
25 422
25 423
25 428
25 430
25 432
25 433
25 435
25 440
25 443
25 447
25 455
25 462
25 463
25 466
25 467
25 469
25 478
25 480
25 481
25 487
25 488
25 493
25 500
25 507
25 509
25 512
25 513
25 526
25 528
25 529
25 530
25 531
25 534
25 537
25 538
25 540
25 544
25 549
25 554
25 558
25 565
25 566
25 568
25 574
25 579
25 583
25 589
25 591
25 592
25 593
25 594
25 601
25 602
25 605
25 622
25 629
25 630
25 632
25 633
25 636
25 640
25 646
25 648
25 650
25 652
25 655
25 658
25 659
25 660
25 664
25 672
25 673
25 674
25 675
25 677
25 688
25 689
25 690
25 691
25 694
25 703
25 704
25 706
25 711
25 713
25 714
25 715
25 720
25 721
25 724
25 725
25 727
25 730
25 732
25 735
25 747
25 756
25 759
25 762
25 763
25 774
25 779
25 780
25 781
25 783
25 789
25 793
25 794
25 796
25 797
25 799
25 800
26 405
26 407
26 413
26 414
26 416
26 420
26 421
26 447
26 448
26 453
26 459
26 468
26 469
26 470
26 471
26 473
26 475
26 481
26 487
26 491
26 493
26 494
26 497
26 501
26 502
26 510
26 515
26 516
26 518
26 521
26 522
26 527
26 528
26 529
26 530
26 532
26 536
26 542
26 543
26 545
26 550
26 553
26 556
26 557
26 563
26 564
26 567
26 570
26 572
26 573
26 576
26 578
26 579
26 580
26 582
26 585
26 589
26 591
26 593
26 605
26 606
26 612
26 618
26 621
26 626
26 632
26 638
26 644
26 646
26 648
26 652
26 655
26 657
26 658
26 660
26 661
26 662
26 665
26 673
26 676
26 677
26 679
26 683
26 686
26 690
26 694
26 696
26 700
26 705
26 711
26 714
26 716
26 717
26 725
26 726
26 728
26 729
26 733
26 743
26 744
26 745
26 748
26 751
26 756
26 757
26 759
26 762
26 763
26 771
26 775
26 776
26 778
26 785
26 789
26 791
26 795
26 800
27 402
27 409
27 412
27 413
27 416
27 423
27 428
27 429
27 431
27 432
27 434
27 435
27 441
27 442
27 444
27 447
27 448
27 457
27 467
27 472
27 473
27 476
27 482
27 485
27 489
27 490
27 496
27 497
27 501
27 504
27 508
27 509
27 515
27 518
27 520
27 521
27 531
27 534
27 540
27 542
27 545
27 550
27 552
27 554
27 557
27 558
27 569
27 579
27 582
27 586
27 590
27 592
27 612
27 613
27 614
27 615
27 621
27 622
27 625
27 628
27 631
27 633
27 635
27 636
27 647
27 648
27 652
27 653
27 654
27 657
27 660
27 665
27 666
27 668
27 669
27 674
27 675
27 676
27 679
27 681
27 683
27 685
27 689
27 691
27 694
27 696
27 706
27 707
27 712
27 714
27 716
27 720
27 722
27 726
27 729
27 738
27 744
27 745
27 747
27 751
27 756
27 757
27 763
27 765
27 766
27 771
27 772
27 782
27 787
27 790
27 792
27 794
27 796
27 800
28 408
28 414
28 420
28 423
28 425
28 426
28 428
28 429
28 431
28 444
28 449
28 452
28 453
28 456
28 457
28 459
28 460
28 467
28 470
28 473
28 477
28 480
28 486
28 491
28 492
28 493
28 500
28 502
28 503
28 508
28 510
28 511
28 513
28 514
28 518
28 519
28 520
28 530
28 534
28 539
28 540
28 543
28 544
28 545
28 551
28 552
28 553
28 554
28 555
28 562
28 563
28 571
28 572
28 574
28 581
28 583
28 585
28 588
28 592
28 597
28 598
28 599
28 603
28 605
28 607
28 609
28 619
28 623
28 624
28 625
28 630
28 631
28 637
28 644
28 646
28 648
28 652
28 654
28 655
28 660
28 661
28 669
28 682
28 684
28 687
28 688
28 699
28 701
28 702
28 705
28 706
28 709
28 711
28 714
28 715
28 721
28 728
28 739
28 741
28 748
28 751
28 752
28 761
28 763
28 765
28 766
28 771
28 775
28 779
28 782
28 784
28 790
28 794
28 796
28 797
29 403
29 407
29 414
29 419
29 420
29 425
29 426
29 435
29 436
29 440
29 441
29 449
29 452
29 453
29 459
29 461
29 462
29 463
29 468
29 472
29 483
29 484
29 489
29 497
29 501
29 502
29 509
29 510
29 512
29 519
29 525
29 528
29 534
29 535
29 538
29 539
29 542
29 543
29 545
29 546
29 550
29 552
29 557
29 563
29 565
29 568
29 574
29 577
29 578
29 579
29 582
29 584
29 588
29 592
29 601
29 608
29 611
29 612
29 618
29 620
29 624
29 625
29 626
29 627
29 628
29 632
29 633
29 636
29 639
29 641
29 647
29 654
29 659
29 663
29 666
29 669
29 670
29 677
29 678
29 680
29 684
29 686
29 687
29 689
29 691
29 696
29 703
29 706
29 707
29 710
29 712
29 713
29 714
29 718
29 720
29 721
29 723
29 731
29 734
29 735
29 738
29 743
29 744
29 747
29 749
29 758
29 768
29 770
29 772
29 781
29 783
29 786
29 793
30 401
30 411
30 416
30 422
30 423
30 424
30 425
30 438
30 439
30 441
30 443
30 444
30 446
30 447
30 449
30 451
30 455
30 456
30 459
30 465
30 469
30 470
30 478
30 485
30 491
30 493
30 497
30 503
30 507
30 509
30 513
30 522
30 524
30 527
30 529
30 533
30 537
30 541
30 544
30 545
30 551
30 553
30 556
30 563
30 566
30 567
30 568
30 571
30 576
30 580
30 588
30 590
30 591
30 592
30 594
30 595
30 600
30 601
30 602
30 603
30 608
30 609
30 611
30 620
30 622
30 627
30 629
30 631
30 633
30 634
30 635
30 649
30 654
30 655
30 660
30 665
30 666
30 670
30 671
30 678
30 679
30 681
30 682
30 687
30 693
30 694
30 697
30 699
30 701
30 702
30 705
30 706
30 710
30 713
30 719
30 720
30 721
30 726
30 731
30 732
30 734
30 735
30 737
30 739
30 741
30 752
30 753
30 755
30 756
30 759
30 762
30 763
30 764
30 774
30 780
30 782
30 785
30 789
30 793
31 401
31 402
31 425
31 426
31 429
31 442
31 445
31 446
31 448
31 449
31 450
31 454
31 459
31 465
31 467
31 474
31 480
31 481
31 486
31 490
31 498
31 499
31 507
31 508
31 513
31 515
31 516
31 524
31 525
31 533
31 534
31 538
31 541
31 544
31 547
31 549
31 551
31 552
31 565
31 576
31 578
31 579
31 581
31 584
31 586
31 601
31 603
31 610
31 611
31 612
31 614
31 616
31 618
31 625
31 631
31 632
31 633
31 634
31 635
31 640
31 642
31 644
31 647
31 648
31 649
31 651
31 652
31 660
31 663
31 668
31 678
31 684
31 688
31 693
31 697
31 699
31 701
31 702
31 707
31 709
31 713
31 716
31 727
31 734
31 736
31 737
31 746
31 751
31 753
31 754
31 756
31 758
31 765
31 766
31 767
31 770
31 772
31 773
31 774
31 776
31 785
31 786
31 795
31 797
31 798
32 402
32 404
32 405
32 406
32 411
32 414
32 421
32 425
32 427
32 430
32 437
32 438
32 440
32 450
32 452
32 455
32 457
32 461
32 463
32 468
32 469
32 470
32 471
32 475
32 478
32 479
32 483
32 492
32 497
32 499
32 504
32 505
32 508
32 509
32 515
32 517
32 521
32 523
32 525
32 529
32 530
32 531
32 532
32 534
32 538
32 540
32 542
32 545
32 546
32 552
32 553
32 555
32 561
32 565
32 569
32 570
32 573
32 576
32 578
32 579
32 583
32 585
32 586
32 588
32 589
32 590
32 593
32 595
32 596
32 597
32 601
32 604
32 610
32 611
32 612
32 613
32 616
32 618
32 619
32 624
32 627
32 628
32 633
32 638
32 642
32 650
32 652
32 657
32 666
32 668
32 670
32 671
32 672
32 673
32 677
32 680
32 681
32 683
32 689
32 692
32 697
32 698
32 700
32 710
32 712
32 714
32 715
32 718
32 722
32 727
32 733
32 734
32 738
32 741
32 744
32 746
32 747
32 748
32 750
32 757
32 760
32 763
32 765
32 766
32 767
32 769
32 770
32 771
32 777
32 780
32 782
32 783
32 794
32 797
33 402
33 403
33 408
33 415
33 418
33 423
33 426
33 427
33 431
33 432
33 439
33 442
33 443
33 450
33 453
33 458
33 460
33 461
33 463
33 466
33 471
33 472
33 475
33 487
33 501
33 504
33 505
33 506
33 507
33 508
33 516
33 524
33 526
33 528
33 530
33 532
33 533
33 541
33 542
33 544
33 547
33 556
33 558
33 564
33 566
33 573
33 575
33 577
33 579
33 585
33 590
33 591
33 595
33 597
33 598
33 599
33 606
33 611
33 618
33 619
33 624
33 634
33 635
33 636
33 637
33 638
33 639
33 641
33 642
33 651
33 654
33 658
33 660
33 662
33 663
33 668
33 671
33 675
33 677
33 683
33 688
33 697
33 698
33 700
33 701
33 702
33 710
33 715
33 720
33 721
33 724
33 726
33 727
33 730
33 732
33 735
33 745
33 750
33 759
33 764
33 775
33 778
33 784
33 792
33 793
33 796
33 797
33 799
34 408
34 409
34 421
34 427
34 436
34 437
34 439
34 444
34 446
34 448
34 451
34 460
34 461
34 465
34 468
34 469
34 470
34 472
34 473
34 479
34 486
34 502
34 506
34 508
34 516
34 524
34 531
34 534
34 538
34 539
34 541
34 543
34 545
34 546
34 548
34 551
34 552
34 553
34 554
34 555
34 568
34 572
34 574
34 581
34 582
34 584
34 589
34 594
34 595
34 597
34 598
34 601
34 604
34 607
34 608
34 610
34 612
34 618
34 627
34 628
34 631
34 634
34 636
34 639
34 640
34 641
34 642
34 643
34 648
34 651
34 653
34 655
34 659
34 664
34 669
34 670
34 683
34 685
34 687
34 689
34 691
34 694
34 697
34 700
34 702
34 705
34 711
34 712
34 714
34 716
34 718
34 720
34 727
34 728
34 730
34 732
34 734
34 735
34 740
34 742
34 744
34 745
34 748
34 759
34 763
34 765
34 777
34 780
34 784
34 786
34 791
34 793
34 795
34 797
35 402
35 404
35 409
35 418
35 419
35 421
35 423
35 426
35 427
35 431
35 434
35 437
35 438
35 440
35 447
35 453
35 456
35 457
35 462
35 466
35 469
35 475
35 477
35 480
35 485
35 486
35 491
35 493
35 494
35 498
35 499
35 500
35 501
35 502
35 503
35 509
35 511
35 513
35 514
35 516
35 517
35 518
35 525
35 526
35 528
35 539
35 544
35 546
35 547
35 550
35 553
35 560
35 568
35 569
35 570
35 575
35 576
35 577
35 584
35 587
35 590
35 592
35 596
35 600
35 601
35 602
35 604
35 606
35 608
35 610
35 619
35 620
35 623
35 625
35 626
35 627
35 628
35 643
35 644
35 648
35 650
35 651
35 652
35 657
35 658
35 660
35 661
35 662
35 666
35 671
35 673
35 675
35 679
35 684
35 687
35 692
35 694
35 698
35 699
35 702
35 703
35 704
35 705
35 706
35 707
35 709
35 711
35 718
35 721
35 723
35 727
35 738
35 739
35 743
35 750
35 754
35 755
35 759
35 763
35 768
35 772
35 773
35 777
35 780
35 782
35 784
35 789
35 790
35 793
35 796
35 800
36 401
36 404
36 406
36 409
36 412
36 424
36 427
36 430
36 431
36 432
36 435
36 438
36 439
36 446
36 447
36 453
36 455
36 465
36 466
36 467
36 470
36 472
36 474
36 476
36 478
36 479
36 481
36 482
36 490
36 496
36 500
36 504
36 513
36 515
36 516
36 524
36 526
36 540
36 541
36 542
36 545
36 551
36 553
36 555
36 556
36 558
36 561
36 569
36 571
36 572
36 573
36 578
36 581
36 583
36 584
36 586
36 594
36 598
36 601
36 606
36 609
36 610
36 617
36 622
36 624
36 625
36 628
36 637
36 639
36 641
36 643
36 646
36 647
36 651
36 655
36 658
36 660
36 661
36 665
36 672
36 674
36 676
36 688
36 690
36 701
36 703
36 704
36 714
36 716
36 720
36 721
36 725
36 726
36 727
36 732
36 737
36 739
36 742
36 743
36 745
36 747
36 749
36 752
36 753
36 758
36 761
36 774
36 777
36 778
36 779
36 780
36 785
36 789
36 792
37 402
37 406
37 415
37 419
37 420
37 428
37 432
37 437
37 439
37 440
37 441
37 444
37 452
37 453
37 455
37 458
37 464
37 468
37 471
37 473
37 484
37 493
37 496
37 498
37 499
37 502
37 512
37 514
37 517
37 520
37 524
37 530
37 536
37 537
37 542
37 551
37 555
37 556
37 561
37 562
37 564
37 567
37 570
37 571
37 574
37 577
37 578
37 585
37 586
37 587
37 590
37 591
37 592
37 597
37 598
37 604
37 613
37 620
37 625
37 628
37 633
37 635
37 637
37 657
37 664
37 667
37 669
37 670
37 676
37 677
37 686
37 687
37 697
37 698
37 702
37 709
37 721
37 722
37 724
37 728
37 730
37 731
37 732
37 736
37 743
37 744
37 746
37 749
37 755
37 759
37 763
37 770
37 771
37 775
37 780
37 781
37 783
37 789
37 790
37 794
37 799
38 403
38 410
38 411
38 423
38 426
38 429
38 430
38 433
38 434
38 437
38 440
38 441
38 443
38 444
38 445
38 447
38 458
38 459
38 460
38 462
38 467
38 468
38 469
38 474
38 475
38 483
38 493
38 496
38 499
38 504
38 505
38 509
38 510
38 514
38 517
38 518
38 519
38 531
38 532
38 533
38 544
38 545
38 552
38 554
38 556
38 557
38 559
38 563
38 564
38 568
38 573
38 575
38 576
38 579
38 580
38 584
38 587
38 588
38 591
38 593
38 597
38 598
38 603
38 607
38 611
38 614
38 622
38 623
38 625
38 626
38 627
38 629
38 632
38 635
38 639
38 645
38 650
38 651
38 655
38 657
38 659
38 661
38 667
38 672
38 673
38 675
38 678
38 679
38 680
38 681
38 682
38 683
38 691
38 692
38 693
38 696
38 698
38 704
38 705
38 709
38 714
38 715
38 716
38 717
38 720
38 728
38 730
38 733
38 735
38 738
38 742
38 745
38 746
38 754
38 755
38 756
38 757
38 768
38 770
38 780
38 783
38 784
38 785
38 789
38 790
38 792
38 797
38 799
39 401
39 404
39 405
39 407
39 418
39 421
39 423
39 426
39 428
39 431
39 433
39 437
39 438
39 439
39 441
39 444
39 447
39 451
39 456
39 461
39 466
39 474
39 475
39 479
39 481
39 482
39 488
39 493
39 503
39 504
39 510
39 517
39 527
39 532
39 533
39 535
39 536
39 539
39 542
39 543
39 544
39 546
39 547
39 548
39 551
39 552
39 557
39 562
39 569
39 572
39 573
39 574
39 576
39 577
39 579
39 580
39 581
39 584
39 585
39 587
39 592
39 593
39 594
39 595
39 601
39 608
39 612
39 613
39 619
39 623
39 629
39 630
39 635
39 639
39 642
39 643
39 647
39 650
39 661
39 671
39 672
39 674
39 680
39 682
39 684
39 686
39 687
39 689
39 700
39 702
39 703
39 705
39 716
39 719
39 721
39 722
39 724
39 729
39 730
39 738
39 739
39 740
39 744
39 748
39 752
39 754
39 755
39 760
39 763
39 766
39 767
39 774
39 777
39 779
39 784
39 785
39 789
39 792
39 793
39 799
40 401
40 406
40 407
40 412
40 416
40 418
40 420
40 424
40 430
40 433
40 437
40 438
40 439
40 441
40 443
40 444
40 445
40 450
40 453
40 457
40 458
40 486
40 496
40 497
40 503
40 504
40 506
40 511
40 519
40 520
40 522
40 523
40 529
40 530
40 535
40 538
40 544
40 548
40 550
40 552
40 562
40 568
40 569
40 577
40 579
40 586
40 591
40 593
40 594
40 598
40 599
40 600
40 601
40 603
40 605
40 606
40 611
40 618
40 627
40 629
40 634
40 640
40 644
40 646
40 647
40 649
40 650
40 651
40 658
40 659
40 660
40 662
40 663
40 664
40 672
40 675
40 678
40 681
40 684
40 687
40 688
40 689
40 692
40 696
40 700
40 709
40 715
40 716
40 718
40 730
40 734
40 735
40 736
40 743
40 744
40 745
40 748
40 753
40 756
40 757
40 764
40 767
40 771
40 772
40 773
40 778
40 779
40 780
40 781
40 785
40 786
40 787
40 788
40 790
40 792
40 793
40 795
40 798
40 799
40 800
41 402
41 403
41 408
41 410
41 413
41 415
41 417
41 419
41 420
41 422
41 429
41 430
41 443
41 444
41 446
41 451
41 452
41 457
41 461
41 471
41 473
41 476
41 481
41 482
41 484
41 490
41 492
41 493
41 498
41 500
41 501
41 502
41 506
41 511
41 514
41 517
41 518
41 520
41 523
41 525
41 528
41 529
41 531
41 533
41 534
41 535
41 537
41 540
41 548
41 552
41 565
41 567
41 568
41 573
41 583
41 585
41 596
41 597
41 599
41 602
41 605
41 608
41 610
41 612
41 614
41 622
41 624
41 627
41 628
41 629
41 631
41 633
41 640
41 643
41 645
41 652
41 654
41 656
41 657
41 662
41 666
41 667
41 668
41 669
41 670
41 680
41 686
41 688
41 689
41 692
41 695
41 697
41 698
41 702
41 704
41 705
41 706
41 707
41 708
41 710
41 711
41 712
41 715
41 716
41 717
41 719
41 730
41 733
41 738
41 742
41 744
41 751
41 752
41 753
41 759
41 761
41 762
41 767
41 768
41 769
41 770
41 773
41 775
41 777
41 783
41 785
41 786
41 789
41 790
41 794
41 798
42 404
42 417
42 427
42 430
42 431
42 433
42 434
42 435
42 436
42 437
42 439
42 440
42 446
42 448
42 449
42 460
42 462
42 467
42 469
42 471
42 474
42 481
42 491
42 492
42 493
42 496
42 498
42 499
42 504
42 506
42 509
42 512
42 514
42 517
42 531
42 536
42 538
42 539
42 545
42 547
42 550
42 551
42 553
42 555
42 559
42 564
42 572
42 574
42 586
42 588
42 590
42 593
42 594
42 601
42 602
42 605
42 606
42 618
42 619
42 625
42 627
42 632
42 646
42 647
42 652
42 658
42 659
42 661
42 663
42 666
42 667
42 671
42 682
42 683
42 687
42 694
42 698
42 703
42 704
42 710
42 711
42 722
42 723
42 724
42 726
42 727
42 731
42 732
42 735
42 740
42 741
42 743
42 745
42 748
42 755
42 756
42 759
42 760
42 763
42 769
42 771
42 776
42 779
42 786
42 788
42 790
42 791
42 793
42 799
42 800
43 405
43 407
43 420
43 421
43 425
43 426
43 429
43 432
43 437
43 439
43 442
43 450
43 452
43 453
43 454
43 455
43 456
43 462
43 465
43 467
43 474
43 479
43 481
43 493
43 495
43 496
43 499
43 502
43 513
43 520
43 526
43 542
43 551
43 555
43 563
43 565
43 570
43 573
43 574
43 578
43 583
43 585
43 586
43 590
43 591
43 592
43 597
43 599
43 605
43 606
43 607
43 608
43 612
43 619
43 621
43 622
43 627
43 632
43 635
43 646
43 648
43 649
43 651
43 652
43 653
43 663
43 665
43 666
43 667
43 670
43 673
43 676
43 682
43 704
43 705
43 713
43 717
43 722
43 731
43 734
43 735
43 736
43 737
43 739
43 746
43 748
43 751
43 761
43 763
43 764
43 766
43 767
43 773
43 778
43 779
43 782
43 783
43 785
43 788
43 793
43 797
44 401
44 402
44 406
44 408
44 411
44 412
44 413
44 416
44 417
44 428
44 432
44 436
44 438
44 440
44 446
44 449
44 452
44 453
44 454
44 457
44 460
44 461
44 463
44 464
44 466
44 468
44 469
44 470
44 471
44 475
44 476
44 478
44 480
44 481
44 484
44 489
44 490
44 493
44 494
44 495
44 498
44 499
44 502
44 503
44 504
44 507
44 508
44 510
44 514
44 517
44 518
44 519
44 522
44 533
44 534
44 539
44 541
44 542
44 543
44 544
44 546
44 550
44 551
44 557
44 559
44 566
44 570
44 586
44 588
44 597
44 600
44 601
44 607
44 613
44 614
44 617
44 618
44 625
44 626
44 632
44 634
44 635
44 636
44 637
44 647
44 649
44 650
44 657
44 658
44 659
44 662
44 672
44 677
44 680
44 682
44 683
44 684
44 686
44 690
44 694
44 695
44 697
44 699
44 708
44 715
44 722
44 723
44 731
44 741
44 743
44 744
44 745
44 746
44 747
44 754
44 759
44 761
44 765
44 768
44 770
44 773
44 774
44 778
44 783
44 786
44 789
44 790
44 794
44 798
44 800
45 403
45 404
45 406
45 412
45 416
45 420
45 422
45 427
45 430
45 432
45 435
45 437
45 440
45 445
45 448
45 449
45 450
45 454
45 457
45 458
45 474
45 477
45 480
45 490
45 492
45 495
45 498
45 500
45 501
45 506
45 520
45 522
45 532
45 534
45 537
45 540
45 541
45 542
45 543
45 545
45 553
45 554
45 556
45 557
45 561
45 566
45 570
45 574
45 576
45 579
45 580
45 585
45 586
45 589
45 593
45 597
45 605
45 608
45 614
45 627
45 635
45 638
45 643
45 644
45 647
45 651
45 652
45 654
45 657
45 660
45 666
45 667
45 669
45 671
45 672
45 674
45 676
45 677
45 678
45 680
45 682
45 683
45 685
45 690
45 691
45 694
45 696
45 699
45 713
45 716
45 718
45 719
45 724
45 725
45 727
45 731
45 732
45 733
45 737
45 739
45 742
45 743
45 749
45 750
45 752
45 758
45 759
45 760
45 762
45 766
45 770
45 771
45 775
45 781
45 782
45 786
45 788
45 792
45 794
45 798
46 402
46 408
46 409
46 411
46 412
46 416
46 418
46 421
46 422
46 423
46 441
46 447
46 448
46 453
46 455
46 457
46 458
46 464
46 468
46 474
46 476
46 478
46 480
46 481
46 482
46 483
46 488
46 493
46 498
46 501
46 503
46 508
46 515
46 516
46 535
46 537
46 538
46 544
46 546
46 549
46 561
46 564
46 565
46 567
46 568
46 569
46 570
46 571
46 576
46 579
46 582
46 583
46 584
46 585
46 589
46 591
46 599
46 602
46 605
46 606
46 607
46 610
46 613
46 614
46 618
46 621
46 622
46 624
46 625
46 628
46 630
46 642
46 644
46 646
46 651
46 652
46 654
46 656
46 659
46 664
46 674
46 675
46 677
46 679
46 680
46 682
46 690
46 692
46 693
46 697
46 698
46 699
46 708
46 715
46 717
46 718
46 723
46 728
46 736
46 741
46 743
46 758
46 762
46 763
46 772
46 783
46 787
46 788
46 794
46 797
46 799
47 404
47 405
47 408
47 410
47 413
47 415
47 416
47 422
47 424
47 425
47 426
47 428
47 431
47 434
47 436
47 437
47 439
47 440
47 442
47 450
47 451
47 452
47 455
47 456
47 459
47 465
47 470
47 471
47 476
47 478
47 479
47 483
47 491
47 497
47 498
47 502
47 505
47 510
47 515
47 527
47 541
47 548
47 550
47 552
47 556
47 566
47 569
47 570
47 571
47 572
47 578
47 579
47 580
47 582
47 586
47 590
47 593
47 595
47 597
47 601
47 603
47 611
47 618
47 619
47 621
47 624
47 625
47 631
47 635
47 637
47 640
47 641
47 642
47 643
47 644
47 645
47 648
47 649
47 654
47 655
47 657
47 658
47 659
47 661
47 669
47 673
47 685
47 688
47 696
47 699
47 701
47 702
47 703
47 706
47 712
47 713
47 714
47 718
47 721
47 723
47 732
47 734
47 735
47 738
47 745
47 748
47 750
47 752
47 753
47 754
47 759
47 762
47 772
47 776
47 777
47 778
47 779
47 795
47 797
47 799
48 401
48 402
48 404
48 410
48 411
48 417
48 418
48 427
48 435
48 439
48 440
48 445
48 451
48 453
48 455
48 456
48 460
48 464
48 473
48 478
48 479
48 484
48 487
48 494
48 503
48 504
48 506
48 507
48 515
48 516
48 519
48 522
48 530
48 531
48 535
48 536
48 537
48 538
48 540
48 542
48 548
48 554
48 555
48 561
48 569
48 573
48 578
48 579
48 581
48 588
48 589
48 590
48 597
48 600
48 605
48 606
48 610
48 617
48 619
48 623
48 625
48 626
48 627
48 630
48 632
48 634
48 637
48 640
48 641
48 642
48 644
48 645
48 651
48 652
48 653
48 656
48 658
48 660
48 665
48 667
48 670
48 678
48 684
48 689
48 691
48 695
48 697
48 704
48 707
48 723
48 733
48 734
48 741
48 742
48 745
48 746
48 748
48 752
48 754
48 755
48 756
48 759
48 760
48 763
48 766
48 768
48 770
48 772
48 773
48 774
48 783
48 784
48 786
48 787
48 789
48 796
48 800
49 402
49 405
49 415
49 417
49 421
49 425
49 432
49 433
49 443
49 445
49 450
49 453
49 454
49 455
49 458
49 461
49 462
49 466
49 471
49 472
49 475
49 479
49 482
49 484
49 486
49 489
49 490
49 492
49 494
49 496
49 498
49 502
49 507
49 509
49 515
49 516
49 520
49 522
49 527
49 530
49 531
49 532
49 534
49 537
49 540
49 541
49 542
49 544
49 546
49 549
49 551
49 555
49 562
49 565
49 566
49 569
49 577
49 585
49 588
49 591
49 597
49 599
49 601
49 603
49 610
49 613
49 623
49 628
49 632
49 633
49 634
49 636
49 637
49 638
49 644
49 646
49 653
49 654
49 657
49 663
49 665
49 676
49 678
49 685
49 687
49 689
49 691
49 692
49 694
49 695
49 697
49 699
49 701
49 702
49 707
49 708
49 710
49 711
49 712
49 719
49 724
49 727
49 728
49 731
49 732
49 733
49 735
49 743
49 751
49 755
49 756
49 757
49 758
49 760
49 761
49 767
49 772
49 773
49 774
49 777
49 782
49 789
49 795
49 797
49 799
50 402
50 404
50 409
50 410
50 417
50 420
50 421
50 424
50 429
50 431
50 435
50 437
50 439
50 445
50 446
50 449
50 450
50 451
50 459
50 461
50 462
50 467
50 469
50 474
50 475
50 477
50 478
50 479
50 483
50 495
50 497
50 498
50 505
50 508
50 509
50 512
50 514
50 526
50 527
50 529
50 530
50 539
50 541
50 542
50 545
50 547
50 550
50 554
50 558
50 559
50 560
50 563
50 567
50 568
50 576
50 583
50 585
50 586
50 594
50 595
50 596
50 597
50 601
50 602
50 604
50 605
50 607
50 610
50 619
50 622
50 624
50 625
50 631
50 634
50 638
50 640
50 641
50 642
50 643
50 647
50 651
50 653
50 657
50 659
50 661
50 669
50 672
50 676
50 677
50 682
50 683
50 684
50 686
50 693
50 695
50 699
50 700
50 706
50 709
50 714
50 716
50 718
50 719
50 722
50 734
50 737
50 741
50 744
50 752
50 754
50 757
50 758
50 759
50 760
50 770
50 772
50 774
50 777
50 782
50 785
50 795
50 796
50 797
50 798
50 799
51 401
51 402
51 403
51 404
51 411
51 414
51 415
51 416
51 424
51 425
51 430
51 439
51 442
51 448
51 450
51 451
51 453
51 458
51 465
51 468
51 470
51 471
51 477
51 485
51 490
51 498
51 500
51 507
51 508
51 509
51 512
51 533
51 536
51 539
51 540
51 543
51 545
51 549
51 551
51 560
51 563
51 572
51 578
51 584
51 586
51 587
51 589
51 591
51 593
51 603
51 606
51 607
51 609
51 611
51 615
51 618
51 619
51 621
51 624
51 625
51 634
51 635
51 636
51 640
51 646
51 649
51 654
51 658
51 665
51 666
51 667
51 668
51 671
51 675
51 678
51 681
51 692
51 693
51 696
51 697
51 699
51 700
51 702
51 714
51 715
51 717
51 718
51 719
51 734
51 735
51 744
51 746
51 757
51 759
51 769
51 775
51 776
51 778
51 781
51 783
51 784
51 785
51 789
51 790
51 792
51 798
51 800
52 405
52 410
52 412
52 416
52 419
52 423
52 424
52 428
52 431
52 436
52 447
52 453
52 457
52 461
52 464
52 466
52 479
52 480
52 483
52 486
52 489
52 499
52 500
52 501
52 502
52 505
52 506
52 513
52 515
52 520
52 521
52 526
52 527
52 531
52 532
52 535
52 542
52 543
52 546
52 547
52 549
52 551
52 553
52 556
52 559
52 562
52 565
52 571
52 572
52 574
52 578
52 582
52 584
52 590
52 594
52 595
52 600
52 604
52 605
52 606
52 607
52 610
52 611
52 615
52 619
52 624
52 625
52 631
52 636
52 641
52 644
52 649
52 655
52 659
52 661
52 663
52 664
52 667
52 669
52 671
52 672
52 673
52 687
52 690
52 691
52 695
52 697
52 701
52 704
52 705
52 706
52 707
52 709
52 711
52 715
52 719
52 721
52 725
52 726
52 732
52 734
52 735
52 740
52 741
52 744
52 745
52 750
52 756
52 759
52 762
52 763
52 765
52 766
52 768
52 769
52 771
52 781
52 790
52 798
53 407
53 408
53 410
53 411
53 412
53 413
53 417
53 423
53 424
53 426
53 427
53 428
53 431
53 435
53 437
53 444
53 449
53 450
53 454
53 458
53 463
53 464
53 467
53 469
53 470
53 472
53 473
53 476
53 480
53 484
53 492
53 494
53 497
53 500
53 505
53 511
53 518
53 523
53 524
53 531
53 534
53 540
53 542
53 544
53 549
53 550
53 555
53 556
53 559
53 560
53 563
53 574
53 576
53 586
53 587
53 593
53 601
53 607
53 608
53 610
53 612
53 614
53 619
53 623
53 624
53 638
53 639
53 644
53 646
53 650
53 653
53 654
53 659
53 660
53 666
53 670
53 673
53 674
53 675
53 677
53 678
53 680
53 681
53 686
53 692
53 693
53 695
53 700
53 702
53 710
53 712
53 717
53 720
53 721
53 722
53 724
53 735
53 736
53 741
53 742
53 748
53 759
53 768
53 770
53 772
53 779
53 780
53 782
53 783
53 788
53 789
53 790
53 791
53 792
53 794
53 797
54 401
54 405
54 407
54 409
54 415
54 421
54 423
54 434
54 437
54 438
54 441
54 442
54 443
54 444
54 450
54 459
54 466
54 469
54 470
54 474
54 476
54 477
54 480
54 481
54 484
54 488
54 489
54 490
54 500
54 503
54 506
54 509
54 515
54 516
54 523
54 529
54 531
54 532
54 534
54 539
54 546
54 554
54 557
54 560
54 563
54 567
54 571
54 574
54 575
54 585
54 588
54 592
54 596
54 597
54 598
54 601
54 602
54 603
54 604
54 605
54 615
54 618
54 620
54 621
54 623
54 628
54 634
54 636
54 637
54 639
54 645
54 657
54 658
54 663
54 665
54 672
54 678
54 680
54 685
54 686
54 688
54 690
54 693
54 694
54 698
54 699
54 700
54 705
54 710
54 712
54 715
54 716
54 717
54 718
54 726
54 727
54 730
54 731
54 732
54 733
54 735
54 736
54 740
54 745
54 746
54 750
54 751
54 754
54 755
54 759
54 768
54 773
54 774
54 781
54 783
54 789
54 794
54 799
54 800
55 401
55 403
55 409
55 411
55 419
55 420
55 424
55 426
55 428
55 434
55 435
55 436
55 437
55 440
55 442
55 445
55 446
55 448
55 451
55 454
55 457
55 462
55 465
55 466
55 475
55 478
55 479
55 483
55 484
55 493
55 496
55 499
55 502
55 504
55 505
55 508
55 510
55 512
55 519
55 523
55 525
55 532
55 537
55 547
55 549
55 551
55 556
55 558
55 561
55 562
55 563
55 564
55 565
55 572
55 574
55 578
55 584
55 585
55 586
55 589
55 591
55 601
55 605
55 614
55 615
55 623
55 631
55 633
55 634
55 640
55 646
55 647
55 652
55 654
55 655
55 656
55 659
55 661
55 662
55 672
55 676
55 679
55 689
55 690
55 691
55 692
55 693
55 694
55 700
55 701
55 708
55 709
55 710
55 713
55 716
55 718
55 720
55 728
55 734
55 738
55 743
55 744
55 751
55 755
55 758
55 761
55 764
55 768
55 770
55 774
55 776
55 786
55 789
55 796
55 797
56 402
56 403
56 406
56 408
56 409
56 413
56 416
56 417
56 429
56 430
56 431
56 434
56 435
56 441
56 443
56 447
56 451
56 457
56 464
56 467
56 473
56 480
56 481
56 483
56 486
56 488
56 493
56 495
56 501
56 502
56 506
56 513
56 516
56 523
56 525
56 531
56 532
56 541
56 542
56 545
56 546
56 547
56 549
56 550
56 554
56 555
56 559
56 565
56 569
56 575
56 581
56 590
56 591
56 592
56 597
56 599
56 601
56 604
56 606
56 609
56 613
56 617
56 622
56 623
56 627
56 633
56 636
56 645
56 648
56 651
56 653
56 654
56 656
56 658
56 663
56 667
56 669
56 671
56 676
56 681
56 682
56 683
56 692
56 702
56 706
56 713
56 714
56 717
56 722
56 725
56 728
56 731
56 736
56 744
56 747
56 749
56 750
56 751
56 752
56 753
56 756
56 757
56 762
56 763
56 765
56 766
56 770
56 772
56 773
56 779
56 781
56 782
56 785
56 794
57 402
57 404
57 408
57 414
57 416
57 417
57 418
57 424
57 427
57 434
57 436
57 437
57 439
57 441
57 446
57 447
57 449
57 450
57 453
57 454
57 456
57 465
57 466
57 468
57 469
57 474
57 478
57 484
57 485
57 486
57 489
57 494
57 499
57 501
57 503
57 505
57 506
57 508
57 511
57 515
57 520
57 522
57 523
57 524
57 525
57 527
57 528
57 529
57 531
57 538
57 543
57 547
57 548
57 553
57 554
57 555
57 561
57 566
57 568
57 571
57 572
57 574
57 576
57 577
57 584
57 587
57 589
57 597
57 600
57 601
57 602
57 608
57 612
57 613
57 614
57 619
57 620
57 629
57 634
57 636
57 637
57 638
57 642
57 644
57 648
57 652
57 653
57 655
57 663
57 671
57 672
57 673
57 678
57 684
57 694
57 695
57 698
57 699
57 703
57 704
57 706
57 709
57 711
57 713
57 718
57 719
57 721
57 725
57 726
57 727
57 730
57 734
57 736
57 737
57 738
57 740
57 754
57 757
57 765
57 772
57 775
57 776
57 777
57 780
57 783
57 785
57 786
57 790
57 791
57 792
57 793
57 794
57 798
58 402
58 404
58 410
58 414
58 418
58 419
58 428
58 429
58 436
58 443
58 451
58 452
58 458
58 464
58 479
58 484
58 491
58 494
58 496
58 499
58 505
58 506
58 507
58 513
58 519
58 524
58 528
58 536
58 538
58 539
58 541
58 542
58 545
58 549
58 550
58 553
58 554
58 559
58 562
58 566
58 567
58 568
58 570
58 573
58 578
58 586
58 588
58 589
58 592
58 593
58 596
58 601
58 602
58 608
58 610
58 611
58 613
58 615
58 620
58 625
58 633
58 634
58 637
58 638
58 639
58 641
58 647
58 653
58 657
58 659
58 661
58 666
58 670
58 673
58 676
58 679
58 684
58 693
58 703
58 706
58 708
58 709
58 710
58 715
58 716
58 719
58 720
58 724
58 726
58 727
58 729
58 734
58 735
58 736
58 740
58 745
58 747
58 752
58 753
58 758
58 760
58 761
58 763
58 769
58 770
58 771
58 772
58 773
58 777
58 779
58 780
58 781
58 791
58 792
58 797
58 800
59 405
59 408
59 412
59 414
59 422
59 426
59 430
59 435
59 437
59 444
59 450
59 451
59 452
59 453
59 454
59 457
59 462
59 466
59 468
59 478
59 483
59 488
59 494
59 507
59 508
59 512
59 515
59 518
59 519
59 526
59 528
59 532
59 536
59 541
59 542
59 545
59 551
59 557
59 559
59 565
59 566
59 568
59 569
59 570
59 571
59 574
59 577
59 578
59 584
59 585
59 589
59 592
59 594
59 603
59 605
59 608
59 609
59 610
59 612
59 614
59 616
59 619
59 620
59 623
59 627
59 629
59 632
59 633
59 638
59 639
59 647
59 648
59 653
59 655
59 657
59 658
59 661
59 664
59 665
59 673
59 675
59 676
59 678
59 680
59 684
59 690
59 694
59 700
59 712
59 714
59 716
59 717
59 719
59 729
59 735
59 739
59 740
59 742
59 747
59 749
59 751
59 756
59 757
59 758
59 761
59 765
59 766
59 767
59 770
59 772
59 775
59 778
59 779
59 786
59 788
59 792
59 798
60 406
60 407
60 412
60 416
60 420
60 422
60 433
60 438
60 439
60 440
60 441
60 444
60 447
60 448
60 451
60 452
60 453
60 454
60 455
60 457
60 459
60 460
60 461
60 462
60 465
60 471
60 474
60 479
60 483
60 488
60 492
60 496
60 504
60 507
60 508
60 512
60 515
60 516
60 518
60 525
60 527
60 528
60 531
60 535
60 537
60 538
60 541
60 547
60 553
60 554
60 556
60 558
60 564
60 568
60 570
60 571
60 577
60 583
60 585
60 589
60 593
60 598
60 602
60 610
60 614
60 616
60 620
60 624
60 625
60 626
60 628
60 633
60 634
60 638
60 644
60 648
60 650
60 651
60 653
60 659
60 660
60 663
60 664
60 665
60 668
60 670
60 671
60 672
60 673
60 681
60 683
60 685
60 687
60 688
60 689
60 690
60 695
60 696
60 704
60 705
60 711
60 723
60 727
60 734
60 735
60 736
60 738
60 746
60 747
60 752
60 757
60 761
60 764
60 768
60 769
60 773
60 778
60 780
60 781
60 786
60 788
60 789
60 790
60 792
60 798
61 403
61 404
61 406
61 410
61 414
61 420
61 421
61 426
61 431
61 432
61 433
61 434
61 439
61 440
61 442
61 444
61 445
61 448
61 450
61 452
61 461
61 463
61 466
61 467
61 474
61 476
61 477
61 480
61 482
61 483
61 485
61 488
61 489
61 494
61 495
61 500
61 503
61 504
61 507
61 508
61 514
61 517
61 521
61 522
61 523
61 528
61 536
61 537
61 539
61 542
61 546
61 548
61 557
61 564
61 567
61 584
61 585
61 589
61 590
61 595
61 596
61 597
61 603
61 604
61 606
61 607
61 608
61 609
61 618
61 620
61 623
61 624
61 633
61 635
61 636
61 637
61 638
61 641
61 642
61 643
61 645
61 646
61 647
61 650
61 654
61 658
61 659
61 660
61 665
61 674
61 675
61 676
61 677
61 679
61 680
61 681
61 682
61 685
61 690
61 691
61 692
61 694
61 696
61 698
61 701
61 703
61 707
61 708
61 713
61 721
61 725
61 727
61 729
61 730
61 731
61 735
61 740
61 743
61 744
61 749
61 750
61 751
61 752
61 755
61 766
61 767
61 768
61 770
61 774
61 776
61 779
61 780
61 786
61 790
61 792
61 794
61 797
61 799
61 800
62 401
62 408
62 409
62 415
62 417
62 425
62 441
62 443
62 446
62 447
62 448
62 450
62 452
62 458
62 460
62 463
62 464
62 465
62 467
62 472
62 474
62 476
62 477
62 479
62 481
62 484
62 486
62 487
62 490
62 492
62 493
62 496
62 500
62 501
62 505
62 508
62 513
62 516
62 520
62 521
62 525
62 528
62 530
62 538
62 543
62 544
62 548
62 552
62 554
62 573
62 574
62 584
62 587
62 591
62 592
62 596
62 598
62 600
62 601
62 603
62 607
62 610
62 611
62 615
62 616
62 619
62 620
62 626
62 629
62 631
62 632
62 634
62 638
62 639
62 641
62 642
62 651
62 652
62 655
62 658
62 663
62 664
62 672
62 679
62 684
62 688
62 691
62 692
62 693
62 696
62 701
62 704
62 711
62 713
62 714
62 717
62 718
62 720
62 730
62 734
62 735
62 736
62 737
62 739
62 740
62 742
62 743
62 747
62 752
62 753
62 766
62 768
62 771
62 773
62 778
62 782
62 786
62 793
62 797
62 798
62 800
63 402
63 403
63 404
63 405
63 412
63 414
63 416
63 424
63 429
63 430
63 432
63 436
63 437
63 439
63 443
63 446
63 449
63 452
63 454
63 466
63 480
63 482
63 487
63 489
63 490
63 492
63 493
63 503
63 510
63 511
63 514
63 515
63 518
63 520
63 526
63 527
63 529
63 530
63 535
63 538
63 541
63 543
63 549
63 551
63 553
63 557
63 558
63 561
63 563
63 565
63 568
63 570
63 572
63 574
63 583
63 588
63 592
63 598
63 600
63 605
63 608
63 610
63 612
63 613
63 617
63 621
63 623
63 628
63 632
63 634
63 635
63 645
63 648
63 649
63 651
63 653
63 660
63 664
63 666
63 668
63 671
63 673
63 675
63 678
63 682
63 685
63 687
63 688
63 689
63 691
63 692
63 697
63 700
63 701
63 702
63 704
63 708
63 709
63 711
63 712
63 721
63 724
63 730
63 732
63 735
63 742
63 746
63 749
63 754
63 758
63 759
63 762
63 766
63 767
63 768
63 773
63 776
63 780
63 782
63 784
63 785
63 788
63 794
63 795
64 401
64 402
64 403
64 406
64 409
64 412
64 414
64 415
64 416
64 419
64 423
64 426
64 428
64 430
64 433
64 442
64 446
64 448
64 449
64 451
64 452
64 453
64 454
64 461
64 469
64 473
64 478
64 479
64 483
64 487
64 492
64 497
64 498
64 500
64 504
64 505
64 508
64 513
64 515
64 518
64 519
64 531
64 538
64 539
64 541
64 543
64 546
64 558
64 561
64 566
64 568
64 574
64 575
64 576
64 578
64 585
64 588
64 591
64 596
64 599
64 601
64 609
64 611
64 616
64 617
64 621
64 622
64 627
64 628
64 630
64 636
64 638
64 651
64 654
64 655
64 657
64 658
64 659
64 663
64 668
64 670
64 673
64 675
64 676
64 678
64 679
64 680
64 690
64 697
64 698
64 699
64 701
64 705
64 706
64 708
64 711
64 715
64 716
64 719
64 720
64 721
64 728
64 739
64 750
64 759
64 760
64 762
64 764
64 766
64 771
64 776
64 782
64 789
64 792
64 793
64 794
64 796
65 403
65 413
65 420
65 421
65 427
65 430
65 432
65 434
65 437
65 442
65 444
65 461
65 462
65 466
65 469
65 471
65 472
65 474
65 475
65 477
65 479
65 482
65 483
65 485
65 488
65 489
65 497
65 506
65 509
65 510
65 514
65 521
65 524
65 527
65 528
65 529
65 533
65 535
65 537
65 539
65 542
65 544
65 546
65 550
65 556
65 557
65 562
65 563
65 564
65 566
65 569
65 573
65 575
65 577
65 579
65 581
65 584
65 585
65 586
65 588
65 591
65 593
65 595
65 603
65 606
65 607
65 612
65 616
65 619
65 631
65 632
65 637
65 641
65 643
65 645
65 650
65 652
65 653
65 655
65 659
65 660
65 661
65 664
65 668
65 674
65 678
65 682
65 685
65 690
65 693
65 694
65 696
65 704
65 706
65 710
65 712
65 713
65 714
65 723
65 725
65 729
65 730
65 733
65 741
65 751
65 753
65 758
65 763
65 765
65 773
65 780
65 782
65 783
65 786
65 789
66 405
66 412
66 415
66 417
66 418
66 419
66 422
66 432
66 437
66 438
66 440
66 443
66 448
66 450
66 454
66 455
66 460
66 462
66 463
66 464
66 467
66 470
66 471
66 473
66 475
66 476
66 478
66 481
66 489
66 490
66 492
66 503
66 509
66 510
66 512
66 514
66 516
66 519
66 528
66 534
66 543
66 547
66 550
66 551
66 553
66 556
66 559
66 560
66 562
66 563
66 566
66 567
66 571
66 573
66 578
66 579
66 580
66 586
66 593
66 603
66 608
66 610
66 616
66 622
66 627
66 634
66 636
66 637
66 639
66 642
66 650
66 653
66 656
66 659
66 662
66 664
66 665
66 671
66 673
66 675
66 677
66 680
66 681
66 687
66 690
66 692
66 693
66 700
66 706
66 707
66 712
66 713
66 717
66 720
66 722
66 724
66 726
66 727
66 728
66 730
66 732
66 739
66 740
66 745
66 750
66 752
66 767
66 773
66 776
66 777
66 778
66 783
66 784
66 785
66 786
66 787
66 788
66 792
66 799
67 403
67 406
67 409
67 410
67 413
67 414
67 416
67 419
67 424
67 425
67 427
67 429
67 430
67 432
67 434
67 436
67 441
67 443
67 444
67 446
67 447
67 450
67 452
67 454
67 455
67 456
67 457
67 460
67 462
67 463
67 465
67 469
67 473
67 479
67 481
67 484
67 485
67 488
67 492
67 499
67 508
67 509
67 516
67 517
67 522
67 524
67 533
67 537
67 538
67 539
67 553
67 554
67 558
67 566
67 573
67 574
67 575
67 577
67 585
67 586
67 591
67 593
67 611
67 612
67 616
67 626
67 629
67 637
67 640
67 641
67 643
67 645
67 647
67 650
67 659
67 661
67 666
67 669
67 671
67 673
67 678
67 680
67 681
67 685
67 693
67 695
67 698
67 700
67 701
67 705
67 706
67 714
67 718
67 721
67 722
67 727
67 728
67 729
67 730
67 733
67 734
67 735
67 736
67 738
67 740
67 741
67 744
67 748
67 751
67 757
67 760
67 761
67 769
67 773
67 777
67 778
67 780
67 782
67 788
67 789
67 790
67 792
67 794
67 795
67 797
67 799
68 402
68 406
68 409
68 410
68 413
68 421
68 424
68 425
68 427
68 430
68 431
68 434
68 437
68 450
68 451
68 454
68 456
68 457
68 458
68 463
68 464
68 465
68 468
68 469
68 470
68 471
68 475
68 476
68 480
68 483
68 484
68 485
68 486
68 498
68 500
68 504
68 508
68 510
68 514
68 516
68 523
68 526
68 528
68 529
68 530
68 531
68 532
68 535
68 536
68 537
68 538
68 542
68 545
68 549
68 551
68 556
68 561
68 562
68 566
68 569
68 573
68 575
68 576
68 578
68 580
68 582
68 583
68 585
68 590
68 592
68 594
68 598
68 609
68 611
68 614
68 615
68 633
68 636
68 639
68 640
68 646
68 647
68 657
68 661
68 662
68 664
68 665
68 666
68 669
68 675
68 676
68 678
68 686
68 690
68 692
68 694
68 695
68 697
68 701
68 705
68 712
68 714
68 717
68 720
68 724
68 733
68 736
68 737
68 739
68 742
68 743
68 749
68 750
68 752
68 753
68 760
68 764
68 765
68 768
68 770
68 773
68 775
68 779
68 783
68 785
68 786
68 789
68 793
68 796
68 797
69 401
69 407
69 409
69 416
69 417
69 418
69 419
69 425
69 426
69 428
69 431
69 433
69 437
69 443
69 446
69 448
69 449
69 451
69 459
69 460
69 465
69 468
69 469
69 471
69 472
69 478
69 483
69 485
69 487
69 492
69 494
69 498
69 501
69 503
69 507
69 508
69 523
69 525
69 528
69 535
69 537
69 539
69 546
69 549
69 555
69 557
69 558
69 559
69 563
69 566
69 568
69 569
69 570
69 574
69 575
69 576
69 578
69 579
69 580
69 586
69 587
69 591
69 592
69 596
69 597
69 602
69 603
69 606
69 609
69 619
69 623
69 624
69 630
69 632
69 634
69 636
69 641
69 647
69 649
69 658
69 659
69 666
69 667
69 671
69 672
69 676
69 682
69 690
69 694
69 696
69 706
69 713
69 716
69 725
69 728
69 731
69 732
69 742
69 744
69 745
69 746
69 747
69 754
69 758
69 761
69 762
69 764
69 766
69 769
69 771
69 773
69 776
69 780
69 781
69 789
69 794
69 795
69 800
70 406
70 407
70 409
70 413
70 420
70 421
70 427
70 428
70 429
70 431
70 432
70 438
70 440
70 443
70 444
70 446
70 452
70 455
70 460
70 462
70 463
70 464
70 465
70 469
70 471
70 474
70 476
70 480
70 483
70 484
70 488
70 498
70 499
70 504
70 508
70 509
70 510
70 511
70 512
70 513
70 514
70 517
70 520
70 526
70 528
70 530
70 533
70 539
70 541
70 542
70 545
70 546
70 552
70 559
70 569
70 570
70 571
70 574
70 577
70 589
70 593
70 596
70 603
70 608
70 609
70 612
70 613
70 614
70 616
70 621
70 622
70 623
70 624
70 627
70 628
70 629
70 634
70 637
70 641
70 643
70 645
70 647
70 652
70 653
70 654
70 658
70 659
70 662
70 664
70 665
70 667
70 672
70 674
70 676
70 677
70 678
70 682
70 683
70 684
70 698
70 699
70 705
70 707
70 708
70 710
70 713
70 715
70 724
70 726
70 729
70 732
70 737
70 740
70 742
70 743
70 746
70 751
70 752
70 753
70 759
70 769
70 770
70 771
70 777
70 778
70 784
70 790
70 791
71 405
71 406
71 407
71 411
71 412
71 413
71 414
71 417
71 422
71 427
71 428
71 430
71 433
71 434
71 442
71 453
71 454
71 456
71 457
71 460
71 462
71 463
71 471
71 473
71 474
71 484
71 486
71 490
71 495
71 499
71 507
71 510
71 518
71 525
71 529
71 532
71 534
71 536
71 549
71 554
71 555
71 559
71 564
71 565
71 566
71 571
71 572
71 574
71 575
71 582
71 584
71 586
71 587
71 588
71 589
71 590
71 591
71 595
71 596
71 599
71 600
71 601
71 602
71 603
71 608
71 613
71 617
71 618
71 619
71 620
71 631
71 632
71 635
71 641
71 642
71 643
71 644
71 646
71 648
71 650
71 655
71 657
71 658
71 659
71 660
71 665
71 667
71 668
71 671
71 676
71 677
71 680
71 681
71 683
71 686
71 697
71 702
71 703
71 708
71 711
71 715
71 720
71 722
71 723
71 724
71 725
71 728
71 732
71 736
71 737
71 743
71 744
71 749
71 751
71 752
71 755
71 760
71 765
71 766
71 767
71 780
71 783
71 792
71 796
71 799
71 800
72 402
72 408
72 409
72 412
72 419
72 423
72 424
72 429
72 436
72 437
72 440
72 442
72 444
72 445
72 451
72 452
72 459
72 463
72 465
72 468
72 473
72 474
72 478
72 481
72 485
72 489
72 490
72 493
72 494
72 497
72 509
72 512
72 513
72 515
72 516
72 517
72 518
72 520
72 521
72 526
72 531
72 535
72 537
72 538
72 541
72 542
72 545
72 549
72 552
72 554
72 555
72 562
72 563
72 567
72 572
72 573
72 575
72 583
72 593
72 596
72 597
72 599
72 601
72 613
72 614
72 615
72 618
72 619
72 620
72 631
72 633
72 635
72 637
72 638
72 639
72 643
72 647
72 650
72 659
72 661
72 665
72 669
72 677
72 682
72 683
72 694
72 695
72 696
72 698
72 699
72 703
72 705
72 706
72 707
72 718
72 720
72 722
72 725
72 736
72 738
72 739
72 740
72 742
72 743
72 745
72 746
72 747
72 750
72 752
72 756
72 761
72 762
72 764
72 765
72 770
72 772
72 773
72 774
72 777
72 779
72 785
72 791
72 792
72 797
72 799
72 800
73 401
73 402
73 403
73 407
73 410
73 412
73 413
73 416
73 417
73 418
73 419
73 423
73 432
73 433
73 436
73 437
73 439
73 440
73 441
73 444
73 446
73 453
73 461
73 462
73 466
73 468
73 471
73 473
73 475
73 476
73 485
73 490
73 493
73 495
73 503
73 504
73 506
73 510
73 512
73 518
73 522
73 524
73 525
73 526
73 527
73 529
73 530
73 533
73 535
73 538
73 542
73 543
73 545
73 549
73 551
73 553
73 557
73 558
73 559
73 562
73 570
73 574
73 575
73 577
73 578
73 580
73 582
73 583
73 584
73 588
73 589
73 590
73 592
73 598
73 599
73 601
73 602
73 608
73 609
73 610
73 611
73 613
73 615
73 619
73 621
73 622
73 624
73 625
73 626
73 630
73 632
73 637
73 639
73 641
73 642
73 648
73 653
73 654
73 656
73 659
73 661
73 662
73 676
73 685
73 686
73 689
73 690
73 691
73 697
73 700
73 702
73 706
73 708
73 711
73 712
73 726
73 729
73 735
73 737
73 738
73 740
73 743
73 745
73 748
73 753
73 755
73 759
73 763
73 766
73 767
73 769
73 780
73 784
73 785
73 790
73 794
73 796
74 403
74 404
74 405
74 406
74 407
74 415
74 419
74 421
74 430
74 431
74 432
74 433
74 445
74 446
74 450
74 453
74 454
74 462
74 468
74 475
74 489
74 494
74 511
74 513
74 514
74 515
74 516
74 518
74 522
74 525
74 528
74 529
74 530
74 532
74 536
74 539
74 543
74 545
74 551
74 552
74 556
74 559
74 570
74 581
74 582
74 583
74 584
74 585
74 587
74 588
74 589
74 591
74 592
74 599
74 609
74 610
74 612
74 613
74 616
74 618
74 620
74 621
74 629
74 630
74 631
74 641
74 642
74 645
74 650
74 664
74 665
74 672
74 675
74 676
74 677
74 679
74 680
74 689
74 691
74 692
74 694
74 696
74 699
74 701
74 702
74 703
74 705
74 706
74 708
74 709
74 711
74 712
74 713
74 716
74 717
74 723
74 725
74 727
74 732
74 734
74 737
74 744
74 751
74 754
74 755
74 756
74 760
74 761
74 762
74 763
74 765
74 766
74 767
74 769
74 772
74 782
74 784
74 794
74 798
75 403
75 411
75 414
75 416
75 417
75 418
75 422
75 423
75 425
75 432
75 434
75 436
75 439
75 442
75 446
75 449
75 453
75 456
75 459
75 461
75 462
75 467
75 468
75 471
75 475
75 476
75 478
75 482
75 485
75 487
75 488
75 489
75 491
75 494
75 496
75 501
75 504
75 506
75 509
75 513
75 514
75 525
75 527
75 529
75 536
75 547
75 553
75 555
75 558
75 559
75 560
75 561
75 562
75 565
75 567
75 583
75 587
75 589
75 590
75 595
75 596
75 600
75 602
75 603
75 606
75 608
75 610
75 611
75 612
75 613
75 615
75 616
75 617
75 618
75 619
75 623
75 630
75 631
75 632
75 634
75 639
75 640
75 641
75 642
75 644
75 648
75 652
75 654
75 659
75 660
75 664
75 667
75 669
75 675
75 677
75 683
75 695
75 706
75 708
75 709
75 711
75 712
75 713
75 715
75 716
75 720
75 724
75 725
75 727
75 728
75 730
75 731
75 734
75 735
75 737
75 743
75 746
75 751
75 752
75 753
75 756
75 758
75 759
75 763
75 765
75 766
75 767
75 768
75 770
75 774
75 776
75 777
75 779
75 781
75 788
75 789
75 792
75 797
75 799
76 401
76 406
76 407
76 409
76 411
76 421
76 433
76 437
76 438
76 440
76 443
76 446
76 447
76 457
76 460
76 461
76 463
76 466
76 474
76 475
76 476
76 477
76 490
76 499
76 504
76 505
76 508
76 509
76 511
76 512
76 519
76 525
76 529
76 530
76 531
76 533
76 540
76 541
76 542
76 543
76 548
76 555
76 560
76 564
76 567
76 572
76 574
76 576
76 577
76 578
76 579
76 590
76 594
76 596
76 601
76 602
76 604
76 617
76 619
76 621
76 622
76 627
76 635
76 638
76 639
76 642
76 646
76 651
76 654
76 660
76 666
76 667
76 668
76 669
76 670
76 678
76 687
76 690
76 691
76 692
76 693
76 695
76 696
76 698
76 700
76 702
76 706
76 712
76 718
76 722
76 725
76 727
76 728
76 729
76 736
76 738
76 743
76 746
76 755
76 758
76 759
76 762
76 763
76 769
76 772
76 774
76 776
76 777
76 778
76 780
76 781
76 782
76 785
76 794
76 796
77 402
77 408
77 415
77 419
77 421
77 423
77 424
77 427
77 431
77 433
77 440
77 441
77 443
77 444
77 446
77 449
77 453
77 460
77 461
77 469
77 470
77 473
77 475
77 478
77 480
77 481
77 489
77 490
77 491
77 493
77 494
77 498
77 499
77 500
77 503
77 511
77 516
77 522
77 530
77 538
77 543
77 544
77 547
77 550
77 559
77 562
77 563
77 564
77 565
77 566
77 567
77 569
77 577
77 578
77 581
77 590
77 592
77 593
77 594
77 595
77 599
77 601
77 604
77 606
77 612
77 613
77 614
77 618
77 624
77 628
77 640
77 641
77 642
77 648
77 651
77 652
77 654
77 657
77 658
77 659
77 660
77 665
77 671
77 672
77 676
77 677
77 678
77 682
77 684
77 688
77 689
77 690
77 693
77 698
77 701
77 702
77 704
77 707
77 708
77 710
77 715
77 716
77 726
77 728
77 729
77 737
77 739
77 740
77 744
77 745
77 747
77 749
77 750
77 751
77 752
77 754
77 756
77 758
77 763
77 768
77 769
77 771
77 772
77 774
77 776
77 780
77 785
77 786
77 788
77 789
77 790
77 791
77 795
78 405
78 408
78 411
78 413
78 414
78 417
78 418
78 420
78 421
78 423
78 424
78 426
78 431
78 434
78 438
78 441
78 442
78 444
78 445
78 452
78 458
78 461
78 463
78 464
78 465
78 469
78 472
78 475
78 476
78 480
78 484
78 485
78 489
78 490
78 493
78 494
78 499
78 500
78 513
78 514
78 516
78 517
78 519
78 520
78 525
78 544
78 546
78 547
78 549
78 552
78 558
78 559
78 563
78 564
78 565
78 567
78 569
78 570
78 578
78 579
78 580
78 586
78 589
78 590
78 591
78 592
78 593
78 594
78 598
78 599
78 606
78 607
78 610
78 611
78 612
78 613
78 615
78 619
78 620
78 621
78 626
78 631
78 632
78 633
78 638
78 641
78 642
78 644
78 651
78 657
78 659
78 661
78 662
78 667
78 671
78 676
78 677
78 680
78 688
78 690
78 691
78 695
78 696
78 701
78 702
78 703
78 710
78 711
78 728
78 733
78 735
78 742
78 743
78 752
78 753
78 763
78 769
78 774
78 778
78 784
78 786
78 788
78 796
78 797
78 800
79 404
79 414
79 421
79 427
79 430
79 436
79 438
79 441
79 447
79 450
79 453
79 457
79 459
79 470
79 475
79 476
79 478
79 480
79 487
79 493
79 496
79 502
79 504
79 507
79 516
79 517
79 522
79 524
79 528
79 530
79 531
79 534
79 545
79 547
79 560
79 564
79 566
79 569
79 571
79 572
79 574
79 575
79 576
79 578
79 580
79 582
79 586
79 589
79 590
79 591
79 596
79 597
79 603
79 605
79 606
79 607
79 611
79 619
79 620
79 630
79 633
79 634
79 635
79 638
79 640
79 643
79 645
79 646
79 647
79 648
79 652
79 653
79 654
79 655
79 659
79 662
79 663
79 664
79 667
79 669
79 672
79 676
79 677
79 683
79 686
79 695
79 700
79 704
79 713
79 715
79 718
79 721
79 722
79 723
79 725
79 731
79 733
79 735
79 739
79 740
79 742
79 750
79 753
79 760
79 761
79 764
79 768
79 775
79 782
79 783
79 785
79 796
79 797
79 799
80 404
80 407
80 409
80 414
80 416
80 418
80 426
80 428
80 432
80 435
80 436
80 438
80 441
80 444
80 445
80 447
80 457
80 459
80 460
80 462
80 466
80 468
80 469
80 471
80 472
80 477
80 480
80 481
80 483
80 484
80 487
80 488
80 496
80 497
80 502
80 503
80 506
80 507
80 517
80 518
80 519
80 521
80 522
80 523
80 524
80 526
80 527
80 530
80 532
80 535
80 537
80 538
80 540
80 547
80 550
80 551
80 553
80 556
80 557
80 558
80 565
80 567
80 574
80 577
80 581
80 585
80 589
80 593
80 594
80 595
80 596
80 603
80 607
80 609
80 611
80 616
80 618
80 619
80 625
80 628
80 629
80 630
80 631
80 635
80 638
80 644
80 645
80 646
80 650
80 660
80 661
80 664
80 666
80 668
80 670
80 671
80 675
80 676
80 678
80 684
80 689
80 691
80 693
80 694
80 699
80 700
80 706
80 714
80 716
80 717
80 720
80 725
80 727
80 729
80 734
80 736
80 738
80 742
80 745
80 752
80 756
80 758
80 759
80 760
80 761
80 764
80 768
80 770
80 774
80 781
80 783
80 784
80 785
80 797
80 799
81 412
81 413
81 414
81 415
81 418
81 419
81 422
81 425
81 428
81 431
81 434
81 441
81 445
81 451
81 452
81 460
81 461
81 462
81 467
81 470
81 476
81 478
81 479
81 490
81 493
81 494
81 499
81 504
81 508
81 509
81 514
81 515
81 520
81 522
81 523
81 524
81 526
81 529
81 533
81 535
81 536
81 537
81 544
81 547
81 550
81 554
81 557
81 558
81 561
81 571
81 572
81 574
81 575
81 584
81 597
81 604
81 606
81 607
81 608
81 609
81 611
81 612
81 615
81 617
81 618
81 620
81 625
81 630
81 632
81 633
81 635
81 638
81 641
81 642
81 645
81 646
81 653
81 655
81 658
81 659
81 663
81 665
81 666
81 670
81 671
81 672
81 674
81 687
81 690
81 695
81 706
81 707
81 709
81 712
81 714
81 719
81 730
81 744
81 745
81 748
81 751
81 752
81 753
81 755
81 757
81 765
81 770
81 771
81 774
81 777
81 781
81 792
81 793
81 794
81 796
81 799
82 405
82 406
82 412
82 413
82 416
82 419
82 421
82 430
82 431
82 435
82 436
82 440
82 443
82 448
82 449
82 451
82 454
82 461
82 463
82 489
82 496
82 497
82 502
82 505
82 513
82 518
82 524
82 529
82 530
82 531
82 532
82 533
82 541
82 542
82 547
82 552
82 570
82 572
82 573
82 574
82 578
82 587
82 589
82 590
82 594
82 601
82 618
82 621
82 627
82 633
82 635
82 640
82 642
82 645
82 649
82 652
82 655
82 658
82 662
82 664
82 674
82 682
82 688
82 689
82 698
82 701
82 709
82 710
82 711
82 713
82 715
82 716
82 731
82 753
82 754
82 757
82 758
82 760
82 764
82 765
82 766
82 767
82 769
82 776
82 778
82 786
82 794
82 800
83 401
83 404
83 406
83 414
83 416
83 417
83 420
83 423
83 425
83 430
83 435
83 441
83 443
83 446
83 451
83 452
83 460
83 463
83 466
83 468
83 469
83 472
83 474
83 476
83 477
83 478
83 481
83 482
83 493
83 494
83 502
83 516
83 521
83 525
83 530
83 537
83 538
83 543
83 544
83 546
83 548
83 549
83 550
83 552
83 554
83 555
83 560
83 563
83 568
83 571
83 573
83 577
83 579
83 584
83 585
83 590
83 594
83 595
83 597
83 600
83 607
83 613
83 618
83 619
83 621
83 630
83 636
83 639
83 642
83 644
83 647
83 648
83 656
83 659
83 666
83 668
83 671
83 674
83 685
83 689
83 691
83 695
83 696
83 697
83 698
83 700
83 702
83 705
83 707
83 713
83 715
83 717
83 720
83 725
83 726
83 729
83 731
83 736
83 738
83 741
83 743
83 745
83 746
83 749
83 751
83 758
83 762
83 764
83 772
83 774
83 776
83 783
83 784
83 791
83 794
83 796
84 405
84 407
84 408
84 409
84 410
84 413
84 415
84 417
84 418
84 427
84 431
84 432
84 434
84 436
84 439
84 440
84 441
84 443
84 445
84 454
84 455
84 459
84 461
84 462
84 464
84 465
84 468
84 470
84 477
84 483
84 488
84 489
84 490
84 491
84 493
84 495
84 508
84 509
84 510
84 511
84 516
84 520
84 530
84 534
84 537
84 541
84 546
84 557
84 558
84 560
84 566
84 569
84 571
84 582
84 584
84 586
84 589
84 590
84 592
84 593
84 596
84 597
84 598
84 600
84 602
84 603
84 604
84 605
84 606
84 607
84 608
84 609
84 611
84 614
84 616
84 626
84 628
84 629
84 630
84 633
84 636
84 640
84 641
84 643
84 646
84 650
84 651
84 654
84 658
84 659
84 661
84 663
84 664
84 668
84 673
84 674
84 676
84 678
84 683
84 686
84 687
84 690
84 691
84 698
84 703
84 704
84 708
84 710
84 712
84 716
84 727
84 729
84 739
84 742
84 744
84 752
84 753
84 759
84 760
84 764
84 770
84 771
84 774
84 778
84 787
84 788
84 789
84 792
84 794
84 796
84 800
85 403
85 405
85 407
85 408
85 414
85 418
85 423
85 424
85 428
85 430
85 441
85 444
85 458
85 460
85 466
85 469
85 473
85 474
85 478
85 481
85 482
85 487
85 488
85 493
85 494
85 496
85 498
85 509
85 510
85 516
85 518
85 520
85 521
85 522
85 524
85 526
85 540
85 542
85 549
85 552
85 556
85 561
85 563
85 566
85 569
85 573
85 578
85 580
85 583
85 587
85 588
85 590
85 593
85 594
85 608
85 613
85 615
85 617
85 622
85 624
85 627
85 631
85 636
85 641
85 647
85 650
85 654
85 655
85 656
85 661
85 665
85 666
85 672
85 677
85 693
85 697
85 698
85 703
85 710
85 712
85 713
85 715
85 717
85 719
85 720
85 721
85 722
85 727
85 729
85 730
85 734
85 739
85 744
85 745
85 746
85 747
85 749
85 750
85 752
85 756
85 761
85 765
85 768
85 771
85 779
85 784
85 787
85 793
85 795
85 796
85 797
86 403
86 413
86 419
86 430
86 431
86 439
86 442
86 450
86 452
86 454
86 456
86 457
86 460
86 462
86 467
86 471
86 476
86 479
86 483
86 487
86 489
86 490
86 491
86 492
86 493
86 495
86 497
86 498
86 500
86 508
86 512
86 520
86 522
86 525
86 526
86 528
86 532
86 533
86 540
86 549
86 558
86 560
86 561
86 563
86 575
86 576
86 577
86 582
86 588
86 589
86 590
86 597
86 598
86 600
86 605
86 609
86 610
86 612
86 617
86 618
86 620
86 621
86 625
86 630
86 632
86 638
86 642
86 646
86 647
86 649
86 650
86 651
86 653
86 655
86 667
86 678
86 679
86 682
86 688
86 692
86 693
86 695
86 697
86 701
86 705
86 706
86 708
86 710
86 712
86 713
86 716
86 718
86 719
86 721
86 722
86 724
86 728
86 731
86 735
86 741
86 743
86 747
86 750
86 752
86 755
86 757
86 759
86 768
86 770
86 772
86 778
86 781
86 783
86 784
86 785
86 789
86 792
86 793
86 797
86 798
87 402
87 405
87 412
87 415
87 416
87 417
87 418
87 423
87 431
87 439
87 450
87 451
87 452
87 456
87 458
87 461
87 462
87 464
87 468
87 472
87 474
87 476
87 486
87 489
87 492
87 495
87 498
87 500
87 504
87 510
87 511
87 513
87 514
87 516
87 521
87 525
87 526
87 527
87 528
87 529
87 535
87 538
87 539
87 542
87 549
87 553
87 554
87 555
87 556
87 560
87 563
87 564
87 573
87 578
87 580
87 584
87 585
87 586
87 591
87 593
87 594
87 604
87 610
87 611
87 612
87 615
87 626
87 631
87 636
87 637
87 640
87 641
87 648
87 650
87 654
87 655
87 660
87 661
87 666
87 671
87 681
87 692
87 700
87 703
87 704
87 706
87 707
87 712
87 716
87 718
87 721
87 722
87 725
87 728
87 731
87 735
87 740
87 741
87 751
87 753
87 755
87 757
87 758
87 765
87 771
87 774
87 791
87 798
88 401
88 406
88 408
88 412
88 414
88 416
88 419
88 423
88 425
88 427
88 428
88 433
88 437
88 441
88 442
88 443
88 444
88 445
88 448
88 457
88 458
88 467
88 470
88 471
88 474
88 476
88 479
88 482
88 484
88 486
88 487
88 495
88 496
88 499
88 503
88 509
88 510
88 515
88 517
88 519
88 523
88 527
88 531
88 533
88 547
88 548
88 552
88 554
88 558
88 561
88 566
88 567
88 568
88 569
88 571
88 573
88 579
88 583
88 589
88 597
88 602
88 604
88 607
88 614
88 618
88 619
88 626
88 630
88 632
88 636
88 639
88 642
88 646
88 649
88 662
88 665
88 669
88 672
88 675
88 677
88 681
88 685
88 686
88 689
88 691
88 692
88 695
88 698
88 700
88 702
88 707
88 709
88 711
88 712
88 718
88 720
88 721
88 724
88 726
88 730
88 731
88 744
88 748
88 749
88 751
88 755
88 756
88 758
88 761
88 764
88 767
88 770
88 773
88 776
88 780
88 782
88 783
88 785
88 786
88 794
88 795
89 403
89 404
89 406
89 409
89 415
89 417
89 419
89 421
89 423
89 427
89 430
89 437
89 443
89 452
89 453
89 455
89 458
89 463
89 468
89 470
89 475
89 481
89 482
89 487
89 490
89 491
89 492
89 495
89 496
89 498
89 501
89 503
89 505
89 506
89 507
89 511
89 513
89 519
89 522
89 523
89 524
89 527
89 530
89 532
89 536
89 538
89 539
89 543
89 545
89 547
89 550
89 557
89 559
89 564
89 566
89 571
89 572
89 573
89 580
89 581
89 591
89 595
89 598
89 600
89 604
89 606
89 616
89 620
89 623
89 627
89 629
89 639
89 642
89 644
89 650
89 655
89 656
89 657
89 659
89 665
89 666
89 671
89 672
89 674
89 686
89 689
89 691
89 693
89 695
89 698
89 700
89 701
89 706
89 710
89 711
89 713
89 714
89 727
89 729
89 733
89 737
89 740
89 742
89 744
89 747
89 748
89 750
89 752
89 753
89 754
89 755
89 756
89 757
89 758
89 760
89 764
89 768
89 769
89 771
89 777
89 782
89 796
89 797
89 799
90 403
90 413
90 414
90 419
90 420
90 432
90 437
90 438
90 441
90 455
90 463
90 464
90 466
90 467
90 469
90 472
90 475
90 477
90 478
90 482
90 484
90 486
90 491
90 494
90 497
90 505
90 510
90 513
90 519
90 520
90 525
90 527
90 528
90 532
90 537
90 539
90 541
90 546
90 547
90 548
90 549
90 563
90 564
90 565
90 571
90 578
90 583
90 587
90 589
90 590
90 591
90 592
90 594
90 598
90 599
90 602
90 604
90 609
90 613
90 614
90 631
90 632
90 639
90 658
90 665
90 666
90 667
90 668
90 669
90 672
90 673
90 674
90 676
90 677
90 680
90 681
90 688
90 691
90 693
90 698
90 702
90 703
90 704
90 705
90 708
90 713
90 715
90 716
90 726
90 733
90 743
90 748
90 750
90 753
90 760
90 763
90 770
90 773
90 774
90 778
90 782
90 783
90 786
91 402
91 403
91 407
91 409
91 410
91 413
91 416
91 419
91 422
91 425
91 428
91 435
91 439
91 443
91 446
91 449
91 453
91 458
91 459
91 461
91 466
91 467
91 468
91 469
91 471
91 475
91 477
91 480
91 485
91 487
91 489
91 490
91 492
91 494
91 499
91 502
91 507
91 508
91 510
91 516
91 518
91 526
91 533
91 536
91 540
91 548
91 552
91 555
91 556
91 558
91 561
91 564
91 567
91 568
91 573
91 577
91 578
91 580
91 582
91 586
91 591
91 592
91 594
91 595
91 599
91 601
91 602
91 605
91 610
91 612
91 613
91 618
91 619
91 623
91 626
91 634
91 639
91 640
91 644
91 646
91 647
91 653
91 654
91 661
91 663
91 664
91 667
91 668
91 670
91 677
91 682
91 685
91 688
91 689
91 693
91 697
91 698
91 699
91 703
91 709
91 710
91 711
91 712
91 718
91 719
91 722
91 733
91 742
91 745
91 746
91 751
91 753
91 754
91 757
91 758
91 760
91 763
91 765
91 768
91 769
91 772
91 775
91 776
91 777
91 779
91 781
91 782
91 785
91 787
91 794
91 798
91 800
92 402
92 404
92 406
92 409
92 418
92 421
92 425
92 426
92 429
92 433
92 434
92 438
92 441
92 447
92 451
92 464
92 466
92 468
92 469
92 471
92 473
92 478
92 479
92 480
92 481
92 482
92 485
92 486
92 491
92 492
92 498
92 500
92 501
92 503
92 509
92 517
92 523
92 524
92 525
92 530
92 536
92 539
92 541
92 545
92 547
92 553
92 554
92 555
92 557
92 558
92 559
92 565
92 569
92 571
92 572
92 574
92 577
92 587
92 591
92 592
92 597
92 600
92 601
92 609
92 610
92 612
92 616
92 617
92 619
92 620
92 623
92 626
92 635
92 636
92 641
92 643
92 647
92 650
92 652
92 656
92 659
92 662
92 664
92 666
92 670
92 673
92 675
92 679
92 681
92 682
92 683
92 687
92 688
92 689
92 691
92 694
92 700
92 716
92 718
92 720
92 721
92 722
92 723
92 728
92 731
92 732
92 734
92 739
92 742
92 745
92 751
92 754
92 755
92 757
92 763
92 765
92 778
92 780
92 789
92 791
92 796
92 799
93 402
93 403
93 404
93 405
93 406
93 410
93 414
93 415
93 419
93 422
93 429
93 433
93 441
93 444
93 445
93 446
93 447
93 454
93 458
93 459
93 460
93 462
93 463
93 465
93 467
93 470
93 473
93 476
93 478
93 479
93 480
93 491
93 494
93 497
93 503
93 505
93 514
93 517
93 518
93 519
93 522
93 523
93 529
93 530
93 532
93 536
93 541
93 546
93 548
93 552
93 553
93 559
93 564
93 566
93 572
93 587
93 588
93 589
93 591
93 593
93 595
93 596
93 598
93 601
93 602
93 608
93 613
93 615
93 616
93 617
93 618
93 619
93 623
93 630
93 653
93 655
93 669
93 671
93 673
93 678
93 682
93 683
93 689
93 692
93 694
93 696
93 697
93 700
93 701
93 702
93 704
93 707
93 708
93 712
93 714
93 716
93 719
93 726
93 727
93 728
93 729
93 730
93 731
93 732
93 735
93 736
93 737
93 738
93 740
93 741
93 747
93 748
93 750
93 754
93 758
93 761
93 762
93 764
93 766
93 768
93 771
93 778
93 781
93 783
93 786
93 794
93 796
93 797
94 401
94 402
94 404
94 406
94 408
94 412
94 413
94 417
94 422
94 425
94 427
94 428
94 429
94 438
94 439
94 450
94 451
94 452
94 453
94 455
94 459
94 460
94 468
94 469
94 472
94 476
94 479
94 482
94 484
94 486
94 487
94 496
94 498
94 502
94 507
94 511
94 513
94 516
94 519
94 520
94 522
94 523
94 524
94 526
94 530
94 531
94 533
94 538
94 540
94 541
94 545
94 546
94 568
94 570
94 574
94 576
94 579
94 581
94 583
94 586
94 590
94 599
94 603
94 604
94 605
94 610
94 611
94 613
94 616
94 622
94 623
94 624
94 628
94 629
94 631
94 634
94 635
94 652
94 666
94 675
94 687
94 688
94 689
94 692
94 696
94 697
94 698
94 699
94 701
94 702
94 704
94 707
94 712
94 716
94 717
94 721
94 725
94 726
94 727
94 731
94 738
94 739
94 741
94 742
94 744
94 748
94 749
94 751
94 756
94 760
94 762
94 763
94 768
94 771
94 775
94 777
94 781
94 786
94 787
94 789
94 790
94 794
94 795
94 799
95 402
95 404
95 408
95 411
95 421
95 422
95 426
95 427
95 428
95 435
95 438
95 442
95 447
95 449
95 450
95 451
95 467
95 468
95 469
95 470
95 473
95 474
95 475
95 479
95 482
95 492
95 494
95 495
95 497
95 499
95 500
95 503
95 507
95 509
95 510
95 512
95 523
95 528
95 534
95 535
95 547
95 555
95 558
95 564
95 569
95 571
95 574
95 577
95 578
95 580
95 581
95 582
95 586
95 592
95 593
95 602
95 604
95 609
95 611
95 612
95 615
95 616
95 620
95 622
95 627
95 628
95 629
95 630
95 631
95 633
95 639
95 642
95 643
95 645
95 646
95 648
95 649
95 652
95 656
95 657
95 658
95 661
95 666
95 669
95 671
95 673
95 678
95 683
95 684
95 688
95 691
95 692
95 697
95 700
95 702
95 705
95 712
95 714
95 717
95 722
95 724
95 733
95 737
95 747
95 749
95 751
95 752
95 756
95 758
95 765
95 766
95 771
95 774
95 776
95 781
95 791
95 793
95 794
95 795
95 796
95 798
96 401
96 402
96 404
96 406
96 416
96 417
96 421
96 426
96 427
96 429
96 430
96 432
96 439
96 442
96 447
96 451
96 462
96 467
96 470
96 471
96 472
96 481
96 482
96 486
96 489
96 490
96 494
96 495
96 498
96 502
96 511
96 512
96 517
96 518
96 519
96 522
96 526
96 527
96 528
96 531
96 534
96 546
96 548
96 550
96 553
96 554
96 556
96 562
96 564
96 567
96 569
96 572
96 573
96 576
96 579
96 585
96 586
96 588
96 592
96 593
96 604
96 608
96 609
96 611
96 621
96 624
96 625
96 630
96 631
96 634
96 639
96 640
96 655
96 663
96 664
96 665
96 666
96 674
96 675
96 676
96 678
96 680
96 684
96 686
96 689
96 698
96 701
96 703
96 706
96 707
96 708
96 713
96 721
96 724
96 733
96 737
96 740
96 742
96 749
96 750
96 756
96 757
96 760
96 761
96 763
96 768
96 770
96 775
96 777
96 780
96 781
96 782
96 783
96 784
96 785
96 786
96 787
96 788
96 792
96 793
96 798
96 800
97 404
97 405
97 406
97 407
97 409
97 411
97 412
97 416
97 419
97 426
97 429
97 431
97 432
97 434
97 437
97 439
97 443
97 444
97 445
97 451
97 455
97 456
97 457
97 463
97 468
97 471
97 472
97 474
97 478
97 482
97 483
97 484
97 485
97 491
97 494
97 495
97 496
97 498
97 500
97 501
97 503
97 508
97 509
97 511
97 513
97 515
97 516
97 526
97 533
97 537
97 539
97 546
97 548
97 551
97 552
97 553
97 554
97 557
97 559
97 561
97 565
97 566
97 568
97 569
97 570
97 577
97 581
97 583
97 584
97 590
97 593
97 594
97 596
97 597
97 602
97 606
97 611
97 613
97 615
97 616
97 621
97 626
97 628
97 633
97 635
97 638
97 646
97 647
97 648
97 650
97 653
97 664
97 665
97 668
97 669
97 671
97 673
97 674
97 676
97 677
97 679
97 686
97 690
97 695
97 697
97 698
97 713
97 714
97 716
97 717
97 720
97 723
97 732
97 738
97 739
97 741
97 746
97 747
97 749
97 750
97 754
97 757
97 758
97 760
97 761
97 762
97 763
97 765
97 769
97 773
97 776
97 778
97 779
97 780
97 785
97 788
97 790
97 792
97 797
97 798
97 799
98 401
98 403
98 407
98 410
98 413
98 417
98 418
98 424
98 426
98 428
98 429
98 435
98 444
98 445
98 447
98 448
98 449
98 452
98 456
98 458
98 462
98 469
98 474
98 480
98 482
98 486
98 499
98 502
98 508
98 512
98 514
98 517
98 520
98 526
98 528
98 530
98 531
98 532
98 533
98 543
98 546
98 547
98 550
98 551
98 559
98 563
98 568
98 571
98 575
98 579
98 581
98 584
98 588
98 590
98 593
98 594
98 595
98 597
98 601
98 604
98 607
98 608
98 610
98 612
98 614
98 617
98 620
98 623
98 627
98 628
98 629
98 630
98 635
98 639
98 641
98 645
98 648
98 654
98 661
98 666
98 668
98 670
98 673
98 677
98 679
98 680
98 681
98 682
98 688
98 690
98 691
98 694
98 698
98 700
98 701
98 711
98 719
98 720
98 721
98 726
98 732
98 733
98 734
98 737
98 740
98 745
98 746
98 748
98 750
98 752
98 756
98 759
98 760
98 763
98 766
98 768
98 771
98 776
98 778
98 783
98 788
98 797
98 800
99 401
99 406
99 412
99 423
99 428
99 431
99 432
99 433
99 434
99 438
99 449
99 451
99 453
99 457
99 458
99 461
99 466
99 475
99 485
99 497
99 498
99 499
99 500
99 501
99 502
99 504
99 508
99 509
99 511
99 513
99 514
99 515
99 517
99 521
99 522
99 525
99 529
99 532
99 533
99 534
99 536
99 537
99 538
99 539
99 540
99 551
99 552
99 556
99 558
99 563
99 569
99 572
99 575
99 576
99 577
99 582
99 588
99 591
99 593
99 595
99 596
99 597
99 600
99 601
99 603
99 605
99 607
99 608
99 610
99 612
99 615
99 624
99 625
99 629
99 634
99 642
99 643
99 649
99 651
99 652
99 654
99 658
99 661
99 664
99 665
99 672
99 673
99 677
99 678
99 684
99 687
99 691
99 693
99 694
99 699
99 708
99 709
99 710
99 711
99 713
99 715
99 716
99 719
99 721
99 722
99 727
99 729
99 739
99 743
99 744
99 745
99 750
99 757
99 759
99 769
99 770
99 772
99 776
99 790
99 791
99 792
99 793
99 797
99 799
99 800
100 404
100 411
100 412
100 425
100 428
100 429
100 432
100 439
100 444
100 447
100 449
100 454
100 455
100 457
100 460
100 461
100 464
100 467
100 468
100 476
100 477
100 478
100 481
100 482
100 483
100 485
100 488
100 492
100 495
100 496
100 501
100 504
100 508
100 509
100 513
100 516
100 518
100 520
100 525
100 539
100 543
100 546
100 558
100 559
100 561
100 563
100 566
100 571
100 572
100 575
100 579
100 580
100 584
100 588
100 593
100 595
100 598
100 599
100 600
100 604
100 605
100 606
100 612
100 615
100 623
100 624
100 628
100 629
100 630
100 635
100 643
100 647
100 649
100 650
100 651
100 653
100 656
100 660
100 661
100 667
100 671
100 675
100 678
100 682
100 683
100 684
100 687
100 691
100 693
100 694
100 697
100 698
100 702
100 703
100 704
100 705
100 711
100 712
100 721
100 723
100 740
100 743
100 744
100 752
100 758
100 759
100 762
100 768
100 770
100 774
100 780
100 781
100 784
100 786
100 791
100 792
100 793
101 407
101 414
101 418
101 423
101 431
101 433
101 435
101 438
101 441
101 445
101 447
101 448
101 451
101 452
101 458
101 459
101 461
101 464
101 465
101 469
101 471
101 475
101 476
101 480
101 481
101 484
101 486
101 490
101 496
101 497
101 498
101 499
101 501
101 503
101 512
101 515
101 519
101 521
101 525
101 529
101 532
101 539
101 541
101 544
101 549
101 554
101 562
101 567
101 569
101 571
101 572
101 573
101 576
101 577
101 580
101 581
101 587
101 588
101 590
101 591
101 597
101 598
101 599
101 604
101 606
101 610
101 612
101 621
101 623
101 626
101 631
101 633
101 634
101 645
101 646
101 651
101 652
101 656
101 666
101 669
101 671
101 673
101 674
101 679
101 685
101 692
101 694
101 699
101 701
101 705
101 707
101 721
101 722
101 725
101 729
101 732
101 734
101 737
101 738
101 740
101 744
101 745
101 749
101 750
101 754
101 756
101 757
101 759
101 760
101 766
101 768
101 779
101 782
101 788
101 791
101 794
101 798
101 799
102 405
102 407
102 410
102 412
102 413
102 417
102 421
102 422
102 427
102 428
102 429
102 432
102 433
102 434
102 440
102 442
102 444
102 446
102 448
102 454
102 455
102 459
102 466
102 471
102 489
102 490
102 492
102 494
102 497
102 498
102 502
102 506
102 510
102 511
102 518
102 523
102 525
102 526
102 529
102 531
102 537
102 539
102 546
102 547
102 553
102 554
102 560
102 561
102 563
102 566
102 568
102 574
102 575
102 578
102 585
102 586
102 587
102 590
102 594
102 598
102 603
102 604
102 607
102 608
102 616
102 617
102 619
102 625
102 626
102 627
102 628
102 631
102 635
102 636
102 644
102 648
102 651
102 653
102 657
102 660
102 666
102 667
102 671
102 672
102 673
102 675
102 680
102 687
102 691
102 698
102 701
102 702
102 704
102 707
102 719
102 720
102 725
102 729
102 731
102 738
102 740
102 742
102 745
102 754
102 755
102 756
102 758
102 759
102 765
102 766
102 770
102 771
102 773
102 774
102 777
102 778
102 780
102 782
102 783
102 785
103 409
103 411
103 421
103 424
103 425
103 427
103 429
103 431
103 438
103 439
103 442
103 454
103 456
103 457
103 461
103 463
103 466
103 469
103 479
103 485
103 486
103 489
103 496
103 497
103 502
103 503
103 506
103 507
103 511
103 513
103 516
103 520
103 523
103 527
103 529
103 533
103 536
103 538
103 540
103 541
103 545
103 546
103 547
103 548
103 550
103 551
103 558
103 560
103 563
103 564
103 569
103 574
103 581
103 584
103 585
103 588
103 590
103 599
103 600
103 603
103 604
103 609
103 612
103 613
103 614
103 625
103 630
103 634
103 636
103 637
103 638
103 643
103 648
103 649
103 651
103 653
103 658
103 661
103 662
103 665
103 668
103 678
103 679
103 680
103 686
103 702
103 709
103 710
103 714
103 715
103 716
103 725
103 726
103 727
103 728
103 732
103 733
103 736
103 740
103 741
103 746
103 748
103 750
103 751
103 754
103 755
103 756
103 760
103 765
103 769
103 770
103 775
103 778
103 784
103 787
103 790
103 791
103 792
103 794
103 795
103 798
103 799
104 404
104 405
104 406
104 417
104 420
104 422
104 431
104 434
104 436
104 438
104 440
104 446
104 448
104 453
104 454
104 466
104 474
104 476
104 480
104 482
104 487
104 490
104 491
104 494
104 496
104 502
104 504
104 508
104 513
104 519
104 522
104 531
104 540
104 541
104 543
104 545
104 547
104 566
104 571
104 584
104 586
104 587
104 588
104 589
104 590
104 594
104 597
104 600
104 601
104 606
104 607
104 613
104 614
104 616
104 618
104 619
104 622
104 624
104 627
104 632
104 633
104 634
104 643
104 647
104 649
104 652
104 653
104 654
104 655
104 669
104 672
104 674
104 677
104 678
104 682
104 683
104 687
104 688
104 693
104 695
104 697
104 699
104 701
104 703
104 704
104 705
104 718
104 721
104 722
104 724
104 739
104 742
104 749
104 750
104 753
104 762
104 766
104 767
104 768
104 771
104 772
104 775
104 777
104 782
104 786
104 787
104 790
104 796
104 797
104 798
105 401
105 402
105 403
105 404
105 405
105 408
105 415
105 416
105 417
105 421
105 434
105 443
105 444
105 446
105 449
105 455
105 456
105 457
105 461
105 462
105 463
105 466
105 468
105 471
105 477
105 481
105 482
105 491
105 492
105 498
105 500
105 502
105 505
105 515
105 516
105 517
105 521
105 527
105 533
105 538
105 541
105 544
105 552
105 554
105 557
105 558
105 567
105 568
105 575
105 581
105 585
105 587
105 588
105 595
105 598
105 599
105 600
105 602
105 613
105 615
105 620
105 621
105 633
105 634
105 636
105 639
105 643
105 644
105 645
105 649
105 652
105 657
105 658
105 659
105 660
105 663
105 664
105 669
105 671
105 674
105 677
105 678
105 680
105 684
105 685
105 688
105 693
105 694
105 699
105 701
105 702
105 704
105 709
105 712
105 715
105 721
105 723
105 725
105 727
105 729
105 730
105 734
105 735
105 737
105 740
105 741
105 752
105 758
105 760
105 761
105 763
105 768
105 769
105 771
105 772
105 773
105 776
105 778
105 781
105 783
105 785
105 789
105 790
105 791
105 794
105 795
105 796
105 800
106 402
106 406
106 416
106 419
106 421
106 426
106 432
106 440
106 442
106 443
106 450
106 452
106 454
106 455
106 457
106 460
106 468
106 469
106 471
106 480
106 484
106 485
106 486
106 490
106 494
106 496
106 499
106 502
106 504
106 514
106 515
106 520
106 523
106 524
106 526
106 529
106 532
106 542
106 543
106 548
106 553
106 555
106 556
106 558
106 559
106 560
106 564
106 565
106 566
106 569
106 570
106 575
106 576
106 582
106 587
106 595
106 597
106 605
106 614
106 615
106 617
106 619
106 620
106 621
106 622
106 628
106 629
106 630
106 639
106 643
106 656
106 659
106 660
106 665
106 667
106 670
106 673
106 679
106 684
106 685
106 688
106 689
106 690
106 694
106 699
106 701
106 703
106 706
106 708
106 709
106 714
106 716
106 724
106 726
106 728
106 731
106 732
106 733
106 736
106 744
106 746
106 751
106 754
106 760
106 767
106 773
106 777
106 782
106 783
106 784
106 787
106 790
106 793
106 794
106 795
106 798
107 409
107 412
107 413
107 416
107 417
107 418
107 420
107 421
107 428
107 446
107 447
107 448
107 450
107 452
107 456
107 460
107 461
107 463
107 466
107 473
107 476
107 477
107 481
107 482
107 483
107 487
107 488
107 498
107 499
107 504
107 505
107 506
107 507
107 511
107 512
107 513
107 514
107 515
107 516
107 518
107 522
107 527
107 529
107 532
107 536
107 537
107 539
107 541
107 544
107 545
107 547
107 550
107 553
107 560
107 562
107 567
107 570
107 572
107 574
107 577
107 578
107 581
107 584
107 588
107 593
107 595
107 600
107 617
107 619
107 631
107 634
107 644
107 648
107 649
107 653
107 655
107 659
107 661
107 665
107 668
107 671
107 673
107 674
107 675
107 681
107 692
107 694
107 700
107 705
107 711
107 712
107 716
107 722
107 724
107 735
107 736
107 737
107 738
107 746
107 747
107 750
107 754
107 758
107 761
107 762
107 769
107 770
107 778
107 781
107 783
107 787
107 792
107 793
107 794
107 797
107 799
108 404
108 419
108 424
108 428
108 432
108 433
108 435
108 438
108 444
108 445
108 447
108 448
108 451
108 453
108 455
108 458
108 459
108 461
108 463
108 464
108 466
108 467
108 468
108 471
108 474
108 475
108 478
108 482
108 483
108 485
108 490
108 493
108 494
108 495
108 501
108 504
108 505
108 507
108 511
108 516
108 517
108 518
108 521
108 522
108 524
108 525
108 529
108 531
108 534
108 536
108 542
108 546
108 550
108 552
108 553
108 562
108 574
108 575
108 576
108 577
108 580
108 581
108 583
108 585
108 590
108 592
108 594
108 595
108 597
108 600
108 601
108 606
108 613
108 617
108 622
108 623
108 627
108 628
108 629
108 635
108 637
108 639
108 640
108 642
108 645
108 653
108 656
108 664
108 669
108 672
108 673
108 675
108 681
108 685
108 686
108 692
108 694
108 696
108 700
108 702
108 705
108 707
108 710
108 719
108 728
108 729
108 730
108 733
108 738
108 743
108 748
108 754
108 756
108 757
108 760
108 764
108 775
108 778
108 783
108 785
108 786
108 788
108 790
108 791
108 792
108 793
108 795
108 798
108 799
109 402
109 406
109 408
109 409
109 415
109 417
109 420
109 425
109 432
109 433
109 434
109 435
109 438
109 442
109 449
109 460
109 465
109 466
109 468
109 470
109 472
109 473
109 474
109 475
109 485
109 487
109 488
109 490
109 491
109 495
109 497
109 521
109 524
109 525
109 526
109 529
109 531
109 534
109 539
109 540
109 546
109 550
109 553
109 554
109 555
109 560
109 562
109 564
109 567
109 572
109 576
109 582
109 590
109 591
109 592
109 595
109 597
109 603
109 604
109 605
109 611
109 617
109 621
109 622
109 623
109 625
109 627
109 628
109 629
109 634
109 637
109 638
109 640
109 643
109 646
109 651
109 654
109 658
109 663
109 668
109 674
109 676
109 677
109 679
109 680
109 684
109 687
109 696
109 697
109 701
109 703
109 705
109 711
109 712
109 716
109 719
109 728
109 730
109 732
109 733
109 735
109 737
109 743
109 745
109 746
109 748
109 752
109 769
109 771
109 772
109 783
109 785
109 786
109 787
109 795
109 800
110 403
110 410
110 413
110 416
110 417
110 422
110 423
110 425
110 426
110 429
110 430
110 433
110 435
110 439
110 441
110 442
110 446
110 451
110 458
110 461
110 462
110 464
110 470
110 482
110 484
110 487
110 488
110 489
110 490
110 495
110 496
110 498
110 499
110 502
110 515
110 519
110 521
110 526
110 529
110 535
110 539
110 540
110 542
110 543
110 545
110 548
110 549
110 552
110 560
110 565
110 575
110 576
110 577
110 578
110 579
110 580
110 583
110 587
110 588
110 589
110 599
110 601
110 605
110 610
110 614
110 623
110 625
110 627
110 628
110 629
110 638
110 640
110 643
110 646
110 648
110 650
110 652
110 656
110 658
110 660
110 668
110 670
110 680
110 681
110 685
110 687
110 689
110 690
110 691
110 692
110 693
110 694
110 700
110 702
110 703
110 704
110 707
110 715
110 716
110 720
110 725
110 726
110 728
110 732
110 733
110 735
110 738
110 740
110 745
110 747
110 749
110 752
110 755
110 758
110 762
110 763
110 767
110 768
110 774
110 779
110 781
110 782
110 796
110 798
110 799
111 404
111 407
111 411
111 413
111 416
111 419
111 420
111 424
111 430
111 434
111 437
111 440
111 444
111 448
111 451
111 456
111 457
111 460
111 467
111 469
111 474
111 479
111 485
111 486
111 487
111 501
111 502
111 506
111 512
111 513
111 515
111 518
111 521
111 522
111 525
111 526
111 539
111 540
111 542
111 543
111 545
111 556
111 563
111 569
111 574
111 576
111 578
111 581
111 583
111 585
111 589
111 591
111 595
111 596
111 598
111 601
111 603
111 607
111 608
111 614
111 620
111 622
111 627
111 633
111 635
111 642
111 646
111 650
111 656
111 657
111 659
111 660
111 673
111 677
111 679
111 680
111 682
111 686
111 687
111 688
111 689
111 691
111 692
111 699
111 701
111 706
111 715
111 717
111 718
111 724
111 730
111 735
111 739
111 741
111 756
111 763
111 764
111 766
111 771
111 773
111 775
111 780
111 782
111 789
111 790
111 794
111 796
111 798
112 410
112 411
112 416
112 424
112 429
112 431
112 432
112 433
112 434
112 436
112 438
112 441
112 443
112 445
112 450
112 454
112 456
112 457
112 458
112 460
112 464
112 467
112 472
112 478
112 479
112 481
112 483
112 496
112 503
112 505
112 506
112 512
112 513
112 519
112 521
112 540
112 542
112 557
112 558
112 562
112 569
112 570
112 572
112 575
112 583
112 584
112 586
112 590
112 609
112 610
112 615
112 616
112 617
112 619
112 620
112 622
112 623
112 631
112 633
112 637
112 639
112 643
112 645
112 646
112 651
112 655
112 658
112 659
112 661
112 662
112 663
112 665
112 669
112 670
112 675
112 677
112 680
112 681
112 684
112 686
112 689
112 690
112 692
112 694
112 695
112 697
112 698
112 699
112 701
112 705
112 709
112 713
112 714
112 720
112 722
112 723
112 725
112 727
112 742
112 743
112 745
112 747
112 752
112 757
112 758
112 759
112 767
112 769
112 773
112 776
112 777
112 782
112 784
112 788
112 796
112 798
112 799
112 800
113 401
113 406
113 412
113 413
113 415
113 418
113 423
113 431
113 433
113 434
113 435
113 438
113 445
113 454
113 457
113 459
113 464
113 468
113 474
113 478
113 479
113 480
113 483
113 485
113 486
113 488
113 492
113 493
113 497
113 499
113 500
113 502
113 505
113 509
113 513
113 519
113 521
113 522
113 523
113 524
113 530
113 542
113 543
113 544
113 545
113 546
113 547
113 550
113 553
113 557
113 576
113 577
113 579
113 580
113 581
113 583
113 585
113 587
113 590
113 596
113 606
113 608
113 609
113 612
113 615
113 618
113 620
113 621
113 624
113 629
113 630
113 635
113 639
113 640
113 641
113 646
113 647
113 653
113 657
113 658
113 662
113 663
113 665
113 671
113 675
113 680
113 681
113 685
113 687
113 691
113 693
113 696
113 698
113 703
113 708
113 712
113 713
113 715
113 719
113 721
113 722
113 723
113 724
113 726
113 727
113 728
113 730
113 735
113 737
113 739
113 744
113 750
113 751
113 753
113 762
113 767
113 768
113 769
113 770
113 773
113 774
113 781
113 790
113 794
113 798
114 401
114 405
114 407
114 409
114 412
114 422
114 424
114 433
114 436
114 443
114 446
114 452
114 457
114 458
114 463
114 468
114 471
114 474
114 477
114 486
114 496
114 499
114 501
114 502
114 503
114 504
114 508
114 513
114 518
114 525
114 527
114 528
114 532
114 533
114 537
114 542
114 544
114 545
114 547
114 549
114 552
114 559
114 560
114 563
114 566
114 574
114 579
114 580
114 585
114 589
114 590
114 596
114 599
114 607
114 610
114 611
114 614
114 617
114 620
114 621
114 623
114 624
114 625
114 627
114 630
114 631
114 636
114 641
114 642
114 644
114 645
114 647
114 648
114 655
114 656
114 660
114 661
114 665
114 670
114 674
114 677
114 678
114 685
114 686
114 688
114 691
114 695
114 696
114 699
114 702
114 706
114 709
114 712
114 715
114 717
114 720
114 727
114 730
114 737
114 739
114 740
114 745
114 755
114 756
114 757
114 768
114 771
114 772
114 774
114 775
114 783
114 784
114 786
114 787
114 789
114 794
114 795
114 797
115 406
115 409
115 410
115 414
115 422
115 423
115 424
115 430
115 431
115 432
115 435
115 437
115 438
115 443
115 444
115 445
115 449
115 450
115 457
115 459
115 465
115 466
115 472
115 473
115 474
115 476
115 479
115 480
115 482
115 486
115 487
115 488
115 489
115 493
115 494
115 498
115 499
115 502
115 505
115 509
115 513
115 514
115 520
115 521
115 524
115 527
115 528
115 531
115 533
115 537
115 538
115 540
115 542
115 546
115 547
115 548
115 549
115 550
115 552
115 557
115 559
115 561
115 562
115 564
115 567
115 569
115 571
115 573
115 575
115 584
115 588
115 589
115 591
115 592
115 593
115 595
115 596
115 598
115 601
115 609
115 613
115 616
115 620
115 626
115 629
115 636
115 637
115 638
115 639
115 640
115 641
115 644
115 645
115 646
115 647
115 648
115 653
115 654
115 665
115 666
115 668
115 670
115 673
115 675
115 677
115 678
115 679
115 680
115 685
115 688
115 691
115 694
115 695
115 698
115 699
115 700
115 701
115 704
115 705
115 710
115 711
115 713
115 717
115 720
115 721
115 724
115 725
115 727
115 728
115 730
115 732
115 740
115 743
115 745
115 751
115 753
115 756
115 757
115 758
115 764
115 771
115 774
115 778
115 782
115 783
115 784
115 788
115 789
115 792
115 793
115 796
115 799
116 402
116 403
116 405
116 412
116 415
116 417
116 420
116 422
116 424
116 425
116 438
116 441
116 442
116 444
116 448
116 452
116 454
116 455
116 456
116 458
116 464
116 466
116 467
116 469
116 472
116 483
116 484
116 485
116 486
116 489
116 492
116 497
116 499
116 503
116 506
116 507
116 514
116 515
116 518
116 520
116 523
116 525
116 531
116 532
116 534
116 535
116 540
116 541
116 544
116 546
116 547
116 549
116 551
116 552
116 557
116 560
116 563
116 565
116 576
116 578
116 580
116 586
116 587
116 588
116 592
116 597
116 600
116 601
116 603
116 604
116 606
116 615
116 619
116 626
116 636
116 640
116 641
116 643
116 649
116 651
116 653
116 657
116 660
116 661
116 662
116 667
116 669
116 672
116 673
116 674
116 676
116 680
116 682
116 683
116 684
116 693
116 696
116 697
116 698
116 700
116 701
116 702
116 704
116 705
116 707
116 717
116 723
116 724
116 727
116 728
116 738
116 740
116 741
116 743
116 745
116 747
116 749
116 752
116 755
116 756
116 762
116 765
116 768
116 769
116 772
116 781
116 783
116 785
116 789
116 791
116 795
117 403
117 404
117 405
117 406
117 411
117 412
117 414
117 415
117 416
117 426
117 427
117 428
117 429
117 430
117 438
117 444
117 447
117 450
117 456
117 461
117 464
117 467
117 469
117 470
117 473
117 475
117 478
117 480
117 484
117 493
117 494
117 496
117 497
117 499
117 501
117 503
117 505
117 509
117 513
117 525
117 530
117 532
117 534
117 543
117 545
117 549
117 550
117 551
117 554
117 564
117 567
117 570
117 571
117 574
117 584
117 587
117 596
117 606
117 609
117 610
117 611
117 614
117 619
117 620
117 621
117 623
117 630
117 632
117 633
117 637
117 641
117 646
117 649
117 651
117 653
117 654
117 658
117 659
117 665
117 668
117 670
117 681
117 683
117 684
117 689
117 697
117 700
117 702
117 704
117 705
117 706
117 709
117 711
117 712
117 713
117 715
117 719
117 720
117 725
117 726
117 729
117 735
117 736
117 737
117 744
117 748
117 750
117 754
117 758
117 767
117 775
117 776
117 777
117 782
117 784
117 789
117 793
117 796
117 798
118 403
118 405
118 409
118 417
118 420
118 426
118 427
118 432
118 436
118 440
118 446
118 449
118 450
118 451
118 453
118 454
118 458
118 459
118 460
118 461
118 463
118 465
118 470
118 471
118 472
118 473
118 474
118 479
118 483
118 489
118 490
118 491
118 495
118 499
118 502
118 503
118 507
118 512
118 513
118 515
118 520
118 521
118 523
118 524
118 525
118 527
118 533
118 539
118 544
118 552
118 554
118 556
118 557
118 558
118 559
118 563
118 564
118 572
118 573
118 574
118 576
118 578
118 579
118 584
118 586
118 590
118 593
118 596
118 597
118 599
118 600
118 601
118 602
118 605
118 607
118 610
118 612
118 613
118 617
118 621
118 622
118 623
118 627
118 628
118 636
118 637
118 639
118 642
118 646
118 647
118 654
118 656
118 657
118 658
118 660
118 668
118 670
118 679
118 682
118 683
118 685
118 687
118 689
118 690
118 693
118 695
118 698
118 699
118 703
118 711
118 714
118 719
118 721
118 727
118 737
118 738
118 741
118 744
118 747
118 757
118 760
118 764
118 766
118 767
118 772
118 775
118 778
118 779
118 785
118 792
118 795
118 797
119 401
119 407
119 409
119 410
119 411
119 412
119 417
119 426
119 427
119 431
119 435
119 436
119 439
119 441
119 447
119 448
119 451
119 452
119 453
119 456
119 460
119 466
119 468
119 472
119 476
119 477
119 482
119 483
119 484
119 490
119 491
119 492
119 493
119 495
119 501
119 502
119 505
119 511
119 513
119 515
119 518
119 519
119 521
119 522
119 531
119 532
119 536
119 543
119 547
119 548
119 552
119 553
119 558
119 559
119 565
119 566
119 567
119 571
119 576
119 578
119 579
119 581
119 587
119 595
119 600
119 602
119 605
119 608
119 609
119 617
119 622
119 625
119 627
119 629
119 632
119 638
119 640
119 644
119 646
119 650
119 651
119 655
119 656
119 658
119 663
119 668
119 672
119 676
119 678
119 680
119 687
119 688
119 692
119 695
119 697
119 700
119 704
119 710
119 712
119 714
119 715
119 717
119 719
119 722
119 724
119 726
119 727
119 730
119 732
119 734
119 737
119 739
119 740
119 741
119 743
119 745
119 746
119 748
119 758
119 760
119 763
119 764
119 770
119 771
119 773
119 778
119 782
119 786
119 787
119 790
119 791
119 792
119 794
119 797
120 401
120 402
120 404
120 406
120 408
120 412
120 413
120 420
120 428
120 434
120 436
120 437
120 439
120 452
120 454
120 457
120 458
120 460
120 461
120 462
120 468
120 471
120 474
120 478
120 479
120 480
120 483
120 484
120 485
120 489
120 490
120 499
120 501
120 506
120 524
120 531
120 533
120 534
120 535
120 543
120 545
120 547
120 549
120 551
120 552
120 559
120 561
120 562
120 564
120 567
120 568
120 569
120 574
120 576
120 582
120 583
120 584
120 585
120 587
120 588
120 590
120 591
120 594
120 602
120 605
120 609
120 610
120 612
120 615
120 616
120 618
120 619
120 621
120 624
120 628
120 638
120 641
120 644
120 645
120 647
120 649
120 654
120 655
120 659
120 664
120 666
120 671
120 675
120 676
120 678
120 679
120 682
120 683
120 686
120 688
120 692
120 694
120 698
120 706
120 712
120 713
120 714
120 723
120 726
120 729
120 731
120 733
120 735
120 736
120 742
120 744
120 747
120 748
120 749
120 753
120 756
120 759
120 760
120 768
120 772
120 774
120 777
120 780
120 781
120 790
121 402
121 404
121 411
121 413
121 417
121 424
121 428
121 432
121 433
121 440
121 450
121 452
121 453
121 456
121 458
121 459
121 460
121 463
121 466
121 486
121 488
121 492
121 493
121 494
121 501
121 503
121 507
121 508
121 510
121 511
121 515
121 517
121 519
121 522
121 529
121 532
121 533
121 538
121 544
121 545
121 552
121 557
121 559
121 561
121 566
121 567
121 572
121 573
121 574
121 575
121 578
121 579
121 590
121 591
121 599
121 600
121 610
121 611
121 616
121 618
121 625
121 630
121 631
121 638
121 639
121 642
121 647
121 651
121 652
121 655
121 660
121 665
121 668
121 670
121 673
121 676
121 677
121 680
121 681
121 682
121 683
121 684
121 685
121 686
121 687
121 688
121 698
121 702
121 703
121 704
121 705
121 708
121 714
121 722
121 727
121 728
121 731
121 732
121 734
121 739
121 742
121 755
121 759
121 761
121 763
121 764
121 767
121 774
121 779
121 781
121 783
121 790
121 799
122 401
122 405
122 407
122 408
122 409
122 412
122 414
122 417
122 418
122 420
122 422
122 424
122 425
122 426
122 432
122 433
122 434
122 435
122 441
122 444
122 448
122 450
122 451
122 452
122 454
122 456
122 457
122 462
122 466
122 476
122 477
122 479
122 482
122 486
122 488
122 497
122 498
122 499
122 505
122 507
122 512
122 517
122 520
122 526
122 529
122 534
122 540
122 541
122 545
122 550
122 551
122 554
122 556
122 559
122 562
122 575
122 580
122 588
122 593
122 594
122 595
122 608
122 615
122 622
122 623
122 628
122 631
122 635
122 637
122 639
122 642
122 646
122 655
122 662
122 663
122 665
122 668
122 676
122 680
122 683
122 684
122 687
122 689
122 690
122 695
122 697
122 699
122 705
122 707
122 709
122 710
122 711
122 715
122 723
122 725
122 730
122 731
122 732
122 734
122 735
122 739
122 741
122 742
122 749
122 757
122 758
122 760
122 767
122 782
122 788
122 790
122 794
122 795
122 798
122 799
123 411
123 413
123 414
123 417
123 419
123 420
123 424
123 425
123 426
123 427
123 431
123 433
123 434
123 436
123 438
123 440
123 444
123 448
123 449
123 450
123 458
123 460
123 465
123 467
123 470
123 474
123 476
123 478
123 483
123 484
123 500
123 502
123 503
123 512
123 518
123 530
123 532
123 535
123 562
123 569
123 575
123 576
123 580
123 584
123 586
123 588
123 601
123 607
123 608
123 612
123 617
123 618
123 619
123 622
123 627
123 630
123 638
123 642
123 643
123 646
123 663
123 666
123 667
123 671
123 675
123 677
123 688
123 707
123 709
123 713
123 714
123 720
123 722
123 723
123 733
123 734
123 735
123 737
123 739
123 742
123 749
123 750
123 757
123 763
123 765
123 768
123 770
123 780
123 788
123 791
123 792
123 794
123 798
124 404
124 407
124 408
124 409
124 411
124 412
124 420
124 425
124 426
124 432
124 434
124 436
124 441
124 442
124 445
124 449
124 454
124 455
124 457
124 458
124 461
124 462
124 464
124 469
124 473
124 484
124 486
124 493
124 501
124 507
124 509
124 514
124 517
124 523
124 524
124 525
124 530
124 533
124 543
124 547
124 550
124 555
124 556
124 557
124 561
124 562
124 564
124 567
124 569
124 571
124 577
124 584
124 589
124 590
124 594
124 599
124 609
124 612
124 613
124 620
124 624
124 630
124 632
124 634
124 641
124 644
124 646
124 647
124 648
124 649
124 652
124 655
124 656
124 661
124 663
124 668
124 669
124 671
124 672
124 675
124 677
124 679
124 685
124 689
124 697
124 698
124 700
124 702
124 710
124 720
124 721
124 723
124 724
124 726
124 729
124 733
124 734
124 742
124 746
124 749
124 751
124 759
124 764
124 766
124 767
124 768
124 769
124 771
124 774
124 776
124 777
124 782
124 786
124 790
124 791
124 794
124 799
125 401
125 405
125 411
125 412
125 415
125 417
125 418
125 419
125 421
125 423
125 425
125 426
125 428
125 431
125 433
125 436
125 437
125 443
125 444
125 445
125 446
125 448
125 450
125 454
125 457
125 458
125 459
125 461
125 462
125 464
125 465
125 466
125 467
125 471
125 474
125 475
125 478
125 480
125 488
125 490
125 491
125 492
125 498
125 501
125 502
125 505
125 507
125 508
125 516
125 517
125 518
125 520
125 527
125 530
125 533
125 535
125 537
125 538
125 539
125 545
125 548
125 550
125 554
125 557
125 559
125 560
125 562
125 563
125 568
125 570
125 585
125 588
125 594
125 596
125 601
125 606
125 608
125 613
125 614
125 616
125 620
125 625
125 632
125 634
125 635
125 636
125 644
125 645
125 646
125 651
125 653
125 655
125 658
125 662
125 675
125 680
125 687
125 689
125 691
125 692
125 697
125 698
125 704
125 706
125 707
125 709
125 712
125 713
125 715
125 717
125 718
125 719
125 729
125 730
125 732
125 734
125 736
125 738
125 739
125 745
125 746
125 759
125 762
125 763
125 770
125 771
125 773
125 776
125 778
125 784
125 786
125 787
125 788
125 793
125 796
126 403
126 412
126 413
126 414
126 422
126 424
126 437
126 440
126 441
126 445
126 447
126 449
126 457
126 459
126 461
126 467
126 470
126 473
126 477
126 483
126 485
126 486
126 487
126 488
126 491
126 494
126 496
126 500
126 501
126 504
126 505
126 506
126 509
126 512
126 513
126 522
126 525
126 527
126 532
126 537
126 538
126 541
126 546
126 547
126 549
126 550
126 552
126 555
126 559
126 565
126 568
126 570
126 571
126 576
126 579
126 585
126 587
126 593
126 594
126 598
126 599
126 600
126 605
126 606
126 610
126 612
126 614
126 616
126 619
126 621
126 623
126 624
126 628
126 631
126 636
126 642
126 644
126 645
126 647
126 648
126 653
126 664
126 667
126 669
126 675
126 677
126 681
126 682
126 683
126 689
126 694
126 696
126 698
126 701
126 707
126 710
126 726
126 727
126 732
126 735
126 740
126 746
126 747
126 753
126 754
126 763
126 769
126 771
126 779
126 781
126 785
126 788
126 789
126 790
126 799
127 402
127 403
127 404
127 406
127 414
127 417
127 418
127 420
127 421
127 422
127 424
127 425
127 427
127 432
127 434
127 435
127 441
127 446
127 450
127 462
127 464
127 465
127 467
127 472
127 475
127 477
127 478
127 481
127 483
127 486
127 487
127 488
127 490
127 495
127 497
127 501
127 502
127 506
127 511
127 516
127 518
127 521
127 523
127 531
127 533
127 544
127 546
127 554
127 556
127 570
127 572
127 573
127 579
127 580
127 582
127 589
127 599
127 603
127 610
127 616
127 617
127 618
127 620
127 622
127 630
127 634
127 637
127 638
127 640
127 641
127 644
127 646
127 647
127 649
127 650
127 651
127 655
127 656
127 658
127 663
127 664
127 669
127 673
127 676
127 684
127 686
127 702
127 703
127 706
127 708
127 711
127 713
127 720
127 721
127 724
127 726
127 728
127 729
127 730
127 733
127 735
127 742
127 743
127 750
127 755
127 756
127 757
127 758
127 761
127 763
127 765
127 766
127 769
127 778
127 780
127 784
127 786
127 787
127 789
127 790
127 791
127 794
127 797
128 403
128 408
128 411
128 412
128 420
128 424
128 427
128 431
128 436
128 437
128 439
128 444
128 453
128 460
128 461
128 464
128 466
128 469
128 472
128 474
128 489
128 490
128 491
128 494
128 496
128 497
128 500
128 509
128 511
128 514
128 515
128 516
128 521
128 525
128 526
128 533
128 538
128 539
128 540
128 543
128 551
128 561
128 562
128 565
128 566
128 568
128 570
128 574
128 579
128 581
128 584
128 586
128 589
128 593
128 604
128 610
128 613
128 615
128 619
128 620
128 624
128 626
128 629
128 631
128 632
128 636
128 637
128 644
128 648
128 649
128 650
128 655
128 661
128 663
128 665
128 667
128 670
128 671
128 679
128 680
128 683
128 686
128 694
128 697
128 698
128 699
128 703
128 707
128 708
128 715
128 718
128 719
128 724
128 727
128 734
128 740
128 745
128 747
128 752
128 753
128 754
128 757
128 763
128 765
128 774
128 776
128 779
128 780
128 784
128 789
128 792
128 795
128 797
128 798
129 403
129 408
129 411
129 418
129 420
129 422
129 426
129 437
129 446
129 448
129 449
129 450
129 454
129 455
129 456
129 459
129 460
129 461
129 464
129 469
129 470
129 472
129 480
129 482
129 488
129 489
129 491
129 492
129 493
129 494
129 496
129 505
129 506
129 507
129 512
129 520
129 522
129 524
129 526
129 527
129 529
129 536
129 539
129 553
129 572
129 573
129 574
129 575
129 578
129 584
129 588
129 592
129 599
129 600
129 605
129 606
129 609
129 610
129 611
129 612
129 616
129 623
129 626
129 627
129 633
129 636
129 639
129 641
129 645
129 649
129 653
129 655
129 656
129 659
129 665
129 667
129 671
129 672
129 683
129 690
129 695
129 704
129 705
129 707
129 710
129 712
129 714
129 716
129 717
129 728
129 729
129 730
129 740
129 741
129 742
129 743
129 748
129 751
129 761
129 765
129 767
129 770
129 771
129 772
129 781
129 784
129 785
129 786
129 787
129 789
129 796
129 797
130 402
130 405
130 412
130 413
130 414
130 415
130 416
130 417
130 422
130 424
130 425
130 426
130 427
130 429
130 433
130 434
130 437
130 439
130 440
130 443
130 444
130 450
130 452
130 454
130 456
130 461
130 462
130 465
130 466
130 471
130 473
130 475
130 478
130 481
130 483
130 487
130 489
130 496
130 500
130 503
130 510
130 514
130 518
130 519
130 525
130 529
130 533
130 535
130 542
130 556
130 559
130 567
130 569
130 572
130 573
130 579
130 580
130 581
130 585
130 588
130 591
130 592
130 596
130 598
130 602
130 606
130 613
130 617
130 619
130 621
130 623
130 635
130 637
130 640
130 647
130 655
130 661
130 663
130 665
130 666
130 669
130 672
130 675
130 680
130 681
130 684
130 695
130 698
130 700
130 701
130 705
130 706
130 715
130 716
130 717
130 724
130 732
130 734
130 738
130 739
130 742
130 744
130 747
130 751
130 760
130 762
130 763
130 777
130 778
130 781
130 784
130 787
130 790
130 792
130 793
130 796
130 798
131 401
131 402
131 403
131 416
131 418
131 420
131 421
131 422
131 429
131 431
131 433
131 434
131 438
131 439
131 445
131 448
131 450
131 452
131 454
131 456
131 457
131 458
131 467
131 470
131 475
131 479
131 481
131 483
131 484
131 485
131 486
131 487
131 490
131 491
131 492
131 493
131 494
131 498
131 499
131 503
131 505
131 508
131 510
131 514
131 515
131 516
131 518
131 525
131 528
131 530
131 536
131 537
131 541
131 543
131 547
131 557
131 572
131 574
131 577
131 578
131 579
131 580
131 582
131 584
131 586
131 592
131 604
131 606
131 610
131 612
131 615
131 616
131 618
131 620
131 621
131 623
131 634
131 635
131 636
131 649
131 650
131 654
131 659
131 665
131 671
131 676
131 677
131 678
131 685
131 687
131 690
131 694
131 695
131 710
131 712
131 715
131 717
131 719
131 721
131 722
131 726
131 728
131 735
131 737
131 743
131 747
131 750
131 753
131 756
131 761
131 766
131 769
131 770
131 775
131 776
131 777
131 783
131 786
131 787
131 790
131 792
131 794
132 405
132 407
132 408
132 414
132 416
132 418
132 419
132 422
132 423
132 424
132 425
132 431
132 432
132 434
132 435
132 437
132 439
132 440
132 444
132 446
132 451
132 458
132 459
132 465
132 466
132 471
132 479
132 483
132 490
132 492
132 494
132 495
132 497
132 499
132 504
132 518
132 524
132 525
132 526
132 530
132 531
132 537
132 541
132 543
132 544
132 545
132 547
132 549
132 550
132 558
132 560
132 561
132 564
132 565
132 567
132 569
132 574
132 577
132 579
132 580
132 582
132 583
132 584
132 588
132 595
132 597
132 598
132 599
132 601
132 606
132 608
132 610
132 611
132 616
132 617
132 620
132 621
132 625
132 634
132 636
132 640
132 641
132 652
132 656
132 658
132 659
132 660
132 665
132 674
132 676
132 678
132 682
132 686
132 691
132 692
132 695
132 699
132 700
132 704
132 707
132 717
132 725
132 728
132 729
132 730
132 735
132 738
132 741
132 748
132 752
132 755
132 756
132 757
132 760
132 761
132 763
132 766
132 776
132 777
132 782
132 788
132 793
132 797
133 403
133 406
133 409
133 410
133 411
133 414
133 419
133 420
133 421
133 422
133 427
133 428
133 429
133 432
133 433
133 439
133 440
133 442
133 446
133 448
133 449
133 450
133 455
133 456
133 461
133 462
133 464
133 467
133 469
133 473
133 476
133 480
133 482
133 485
133 491
133 496
133 497
133 498
133 499
133 501
133 503
133 505
133 510
133 513
133 515
133 520
133 521
133 527
133 532
133 534
133 537
133 541
133 542
133 547
133 552
133 556
133 559
133 561
133 566
133 567
133 568
133 570
133 578
133 582
133 585
133 587
133 588
133 594
133 596
133 598
133 616
133 620
133 626
133 628
133 630
133 633
133 635
133 637
133 642
133 645
133 650
133 651
133 652
133 654
133 656
133 657
133 660
133 666
133 669
133 671
133 672
133 673
133 675
133 685
133 687
133 690
133 693
133 694
133 697
133 698
133 702
133 703
133 705
133 709
133 712
133 719
133 721
133 722
133 728
133 738
133 740
133 743
133 744
133 746
133 748
133 756
133 758
133 759
133 760
133 764
133 770
133 772
133 774
133 781
133 783
133 793
133 799
133 800
134 406
134 409
134 413
134 416
134 417
134 422
134 424
134 425
134 426
134 428
134 430
134 433
134 434
134 437
134 439
134 440
134 443
134 447
134 448
134 451
134 452
134 456
134 465
134 471
134 472
134 473
134 478
134 481
134 487
134 488
134 489
134 493
134 497
134 498
134 503
134 511
134 512
134 518
134 520
134 522
134 524
134 527
134 528
134 530
134 533
134 535
134 537
134 538
134 544
134 548
134 549
134 551
134 554
134 557
134 559
134 560
134 561
134 568
134 569
134 577
134 587
134 596
134 597
134 600
134 605
134 606
134 607
134 609
134 613
134 619
134 620
134 621
134 624
134 626
134 627
134 631
134 636
134 637
134 642
134 647
134 648
134 650
134 651
134 653
134 655
134 658
134 662
134 664
134 665
134 678
134 679
134 693
134 694
134 697
134 699
134 711
134 712
134 715
134 717
134 721
134 723
134 724
134 733
134 734
134 735
134 738
134 749
134 756
134 758
134 759
134 762
134 764
134 765
134 767
134 772
134 773
134 778
134 783
134 798
134 800
135 402
135 403
135 406
135 409
135 410
135 413
135 415
135 419
135 420
135 427
135 429
135 434
135 436
135 440
135 441
135 444
135 451
135 452
135 453
135 459
135 461
135 466
135 470
135 473
135 474
135 478
135 479
135 481
135 485
135 487
135 492
135 493
135 496
135 499
135 500
135 520
135 521
135 525
135 528
135 533
135 538
135 540
135 552
135 556
135 557
135 559
135 562
135 563
135 564
135 573
135 575
135 579
135 580
135 583
135 585
135 590
135 593
135 594
135 597
135 605
135 610
135 613
135 614
135 620
135 629
135 631
135 640
135 645
135 650
135 652
135 663
135 665
135 667
135 668
135 675
135 679
135 689
135 693
135 694
135 695
135 696
135 697
135 699
135 700
135 704
135 707
135 713
135 715
135 716
135 718
135 726
135 730
135 731
135 733
135 737
135 741
135 745
135 746
135 747
135 754
135 758
135 762
135 763
135 764
135 772
135 773
135 774
135 780
135 783
135 784
135 786
135 788
135 789
135 794
135 795
135 800
136 402
136 405
136 406
136 407
136 413
136 417
136 420
136 425
136 437
136 440
136 441
136 442
136 444
136 452
136 459
136 464
136 466
136 468
136 473
136 474
136 479
136 483
136 486
136 489
136 493
136 494
136 500
136 501
136 512
136 518
136 519
136 522
136 525
136 529
136 531
136 535
136 536
136 540
136 541
136 544
136 546
136 547
136 567
136 569
136 572
136 579
136 580
136 587
136 589
136 590
136 594
136 601
136 605
136 607
136 617
136 621
136 624
136 625
136 631
136 632
136 633
136 634
136 635
136 636
136 637
136 641
136 642
136 652
136 662
136 664
136 665
136 675
136 676
136 678
136 679
136 683
136 685
136 686
136 698
136 699
136 700
136 707
136 710
136 718
136 728
136 730
136 731
136 736
136 737
136 742
136 744
136 756
136 759
136 764
136 765
136 766
136 769
136 772
136 773
136 782
136 783
136 785
136 793
136 795
136 798
137 402
137 404
137 412
137 414
137 415
137 424
137 425
137 427
137 429
137 438
137 439
137 441
137 451
137 456
137 461
137 462
137 473
137 478
137 486
137 489
137 491
137 493
137 495
137 500
137 502
137 505
137 506
137 507
137 519
137 520
137 521
137 525
137 526
137 529
137 532
137 533
137 535
137 537
137 540
137 543
137 547
137 548
137 554
137 556
137 558
137 559
137 563
137 568
137 569
137 570
137 571
137 575
137 578
137 589
137 591
137 592
137 593
137 596
137 599
137 605
137 613
137 616
137 620
137 625
137 628
137 632
137 634
137 637
137 638
137 642
137 646
137 649
137 654
137 655
137 658
137 660
137 661
137 662
137 663
137 665
137 668
137 670
137 674
137 680
137 690
137 692
137 697
137 699
137 702
137 715
137 726
137 728
137 729
137 730
137 739
137 741
137 743
137 746
137 748
137 750
137 751
137 756
137 758
137 760
137 765
137 767
137 768
137 770
137 773
137 774
137 776
137 779
137 784
137 787
137 788
137 790
137 791
137 793
137 794
137 796
138 406
138 419
138 421
138 426
138 431
138 436
138 454
138 458
138 466
138 467
138 468
138 473
138 476
138 477
138 483
138 484
138 488
138 490
138 491
138 492
138 495
138 497
138 500
138 504
138 506
138 513
138 515
138 516
138 517
138 518
138 521
138 522
138 525
138 526
138 529
138 532
138 535
138 537
138 542
138 544
138 548
138 549
138 550
138 551
138 554
138 556
138 557
138 560
138 567
138 569
138 571
138 573
138 578
138 581
138 589
138 593
138 599
138 605
138 609
138 614
138 626
138 627
138 628
138 630
138 634
138 640
138 642
138 644
138 652
138 653
138 658
138 659
138 662
138 664
138 669
138 673
138 676
138 687
138 692
138 702
138 704
138 708
138 709
138 711
138 712
138 713
138 715
138 718
138 720
138 722
138 724
138 735
138 739
138 741
138 750
138 752
138 753
138 759
138 768
138 770
138 775
138 779
138 780
138 787
138 788
138 790
138 792
138 795
138 796
138 798
139 403
139 404
139 406
139 407
139 409
139 412
139 414
139 415
139 416
139 421
139 424
139 427
139 430
139 432
139 437
139 439
139 441
139 451
139 452
139 453
139 454
139 456
139 457
139 458
139 463
139 467
139 468
139 469
139 471
139 474
139 475
139 486
139 488
139 494
139 497
139 501
139 506
139 514
139 516
139 517
139 519
139 521
139 523
139 527
139 530
139 535
139 538
139 544
139 545
139 546
139 548
139 550
139 551
139 557
139 559
139 562
139 566
139 567
139 569
139 574
139 575
139 576
139 579
139 584
139 586
139 588
139 590
139 598
139 599
139 608
139 610
139 613
139 617
139 619
139 620
139 623
139 633
139 638
139 646
139 647
139 652
139 654
139 658
139 659
139 661
139 663
139 667
139 673
139 678
139 679
139 682
139 685
139 686
139 687
139 688
139 693
139 700
139 713
139 715
139 721
139 724
139 726
139 731
139 732
139 733
139 734
139 735
139 746
139 747
139 748
139 750
139 753
139 756
139 758
139 759
139 760
139 765
139 767
139 768
139 769
139 772
139 774
139 775
139 783
139 784
139 785
139 790
139 793
139 794
139 795
139 796
139 798
140 414
140 416
140 417
140 422
140 425
140 427
140 428
140 430
140 431
140 436
140 437
140 438
140 439
140 441
140 442
140 450
140 451
140 455
140 457
140 458
140 462
140 467
140 468
140 475
140 476
140 477
140 478
140 479
140 480
140 481
140 483
140 489
140 496
140 498
140 499
140 512
140 522
140 526
140 528
140 530
140 537
140 538
140 541
140 548
140 551
140 552
140 554
140 562
140 564
140 566
140 567
140 569
140 570
140 573
140 574
140 579
140 582
140 583
140 590
140 592
140 593
140 594
140 595
140 596
140 599
140 602
140 604
140 606
140 607
140 611
140 613
140 615
140 618
140 619
140 623
140 624
140 629
140 632
140 633
140 637
140 638
140 651
140 653
140 658
140 662
140 665
140 666
140 668
140 674
140 675
140 680
140 683
140 685
140 686
140 687
140 690
140 691
140 692
140 695
140 699
140 705
140 713
140 714
140 715
140 716
140 717
140 718
140 719
140 720
140 721
140 722
140 723
140 731
140 735
140 740
140 741
140 742
140 744
140 746
140 747
140 748
140 750
140 759
140 764
140 765
140 766
140 767
140 769
140 772
140 774
140 776
140 781
140 784
140 787
140 792
141 401
141 408
141 409
141 414
141 418
141 419
141 420
141 421
141 424
141 426
141 427
141 428
141 430
141 432
141 433
141 435
141 436
141 441
141 444
141 447
141 448
141 449
141 451
141 452
141 454
141 457
141 466
141 473
141 477
141 480
141 484
141 486
141 489
141 491
141 496
141 500
141 502
141 505
141 515
141 516
141 520
141 522
141 524
141 529
141 537
141 543
141 547
141 548
141 550
141 551
141 552
141 553
141 554
141 557
141 568
141 576
141 582
141 584
141 589
141 604
141 606
141 610
141 611
141 612
141 620
141 621
141 624
141 625
141 627
141 629
141 633
141 634
141 635
141 639
141 641
141 643
141 646
141 649
141 653
141 654
141 656
141 660
141 661
141 667
141 676
141 681
141 685
141 695
141 698
141 700
141 703
141 712
141 716
141 718
141 727
141 734
141 741
141 742
141 743
141 744
141 747
141 748
141 749
141 753
141 761
141 762
141 769
141 771
141 773
141 776
141 777
141 783
141 787
141 790
141 792
141 794
141 796
142 401
142 405
142 407
142 409
142 418
142 422
142 426
142 431
142 435
142 442
142 445
142 446
142 450
142 451
142 464
142 466
142 469
142 471
142 474
142 477
142 479
142 486
142 488
142 490
142 494
142 500
142 506
142 511
142 512
142 518
142 523
142 525
142 526
142 528
142 532
142 533
142 534
142 535
142 536
142 537
142 538
142 539
142 540
142 542
142 550
142 552
142 556
142 558
142 574
142 575
142 577
142 578
142 586
142 600
142 610
142 615
142 620
142 626
142 631
142 632
142 634
142 640
142 649
142 651
142 652
142 653
142 658
142 660
142 664
142 666
142 673
142 676
142 677
142 680
142 686
142 687
142 693
142 695
142 703
142 711
142 713
142 715
142 717
142 722
142 726
142 728
142 729
142 736
142 745
142 746
142 755
142 756
142 764
142 767
142 769
142 770
142 773
142 778
142 784
142 786
142 788
142 789
142 792
142 794
142 798
143 404
143 407
143 408
143 412
143 416
143 420
143 421
143 431
143 432
143 441
143 442
143 444
143 446
143 449
143 451
143 459
143 465
143 466
143 467
143 468
143 470
143 471
143 475
143 482
143 485
143 486
143 487
143 491
143 495
143 499
143 506
143 510
143 511
143 516
143 519
143 524
143 527
143 537
143 540
143 546
143 551
143 553
143 557
143 559
143 562
143 572
143 573
143 574
143 575
143 578
143 579
143 590
143 592
143 597
143 599
143 601
143 602
143 603
143 604
143 610
143 611
143 617
143 622
143 630
143 634
143 635
143 636
143 638
143 640
143 642
143 643
143 644
143 646
143 648
143 655
143 656
143 663
143 670
143 677
143 682
143 683
143 684
143 687
143 688
143 696
143 699
143 700
143 701
143 705
143 708
143 709
143 713
143 714
143 723
143 730
143 731
143 733
143 737
143 741
143 744
143 745
143 747
143 756
143 761
143 763
143 764
143 769
143 771
143 775
143 782
143 784
143 786
143 788
143 793
143 796
143 800
144 401
144 402
144 404
144 419
144 429
144 432
144 438
144 440
144 442
144 446
144 450
144 458
144 464
144 466
144 467
144 470
144 473
144 478
144 480
144 484
144 486
144 489
144 497
144 498
144 502
144 505
144 510
144 512
144 513
144 521
144 524
144 525
144 538
144 544
144 551
144 556
144 557
144 575
144 576
144 581
144 590
144 593
144 598
144 599
144 601
144 602
144 604
144 606
144 611
144 612
144 616
144 619
144 621
144 622
144 625
144 626
144 627
144 628
144 629
144 633
144 635
144 636
144 637
144 638
144 639
144 645
144 650
144 655
144 661
144 662
144 664
144 665
144 668
144 678
144 681
144 682
144 683
144 684
144 686
144 688
144 689
144 690
144 695
144 696
144 697
144 701
144 703
144 710
144 711
144 713
144 716
144 717
144 720
144 721
144 724
144 725
144 726
144 731
144 732
144 736
144 741
144 742
144 744
144 748
144 750
144 751
144 752
144 755
144 761
144 766
144 768
144 782
144 784
144 785
144 786
144 790
144 791
144 792
144 795
144 798
145 402
145 407
145 408
145 410
145 412
145 413
145 417
145 418
145 421
145 432
145 433
145 434
145 435
145 438
145 443
145 446
145 447
145 448
145 450
145 452
145 453
145 454
145 456
145 462
145 463
145 465
145 466
145 470
145 472
145 475
145 476
145 478
145 491
145 496
145 497
145 500
145 501
145 507
145 508
145 510
145 511
145 512
145 513
145 515
145 518
145 520
145 528
145 531
145 534
145 535
145 536
145 537
145 538
145 544
145 546
145 551
145 552
145 554
145 557
145 558
145 559
145 560
145 563
145 566
145 569
145 571
145 575
145 580
145 584
145 585
145 587
145 592
145 595
145 596
145 606
145 607
145 609
145 611
145 615
145 621
145 623
145 625
145 631
145 633
145 636
145 641
145 647
145 652
145 653
145 654
145 657
145 665
145 666
145 670
145 677
145 680
145 682
145 685
145 686
145 687
145 689
145 698
145 702
145 704
145 706
145 707
145 708
145 709
145 714
145 715
145 717
145 720
145 721
145 722
145 729
145 738
145 739
145 747
145 748
145 752
145 755
145 759
145 762
145 765
145 766
145 768
145 772
145 773
145 774
146 401
146 403
146 406
146 420
146 421
146 422
146 427
146 434
146 435
146 439
146 440
146 445
146 446
146 448
146 456
146 460
146 462
146 463
146 467
146 470
146 472
146 473
146 474
146 479
146 481
146 491
146 492
146 493
146 496
146 498
146 499
146 500
146 501
146 503
146 506
146 508
146 512
146 513
146 517
146 520
146 522
146 530
146 531
146 534
146 536
146 541
146 542
146 547
146 551
146 554
146 556
146 557
146 561
146 562
146 564
146 567
146 568
146 570
146 574
146 581
146 582
146 583
146 589
146 590
146 592
146 594
146 595
146 598
146 600
146 603
146 606
146 607
146 618
146 623
146 629
146 632
146 635
146 636
146 637
146 640
146 646
146 650
146 656
146 657
146 664
146 667
146 669
146 671
146 683
146 687
146 692
146 697
146 700
146 706
146 707
146 711
146 722
146 723
146 726
146 727
146 733
146 735
146 738
146 739
146 744
146 748
146 750
146 752
146 757
146 763
146 764
146 774
146 782
146 783
146 785
146 786
146 791
146 794
146 796
146 798
146 799
147 401
147 405
147 409
147 414
147 417
147 418
147 422
147 426
147 428
147 429
147 432
147 438
147 448
147 449
147 450
147 452
147 460
147 464
147 474
147 475
147 480
147 481
147 486
147 491
147 492
147 497
147 500
147 501
147 502
147 503
147 506
147 508
147 512
147 515
147 516
147 527
147 529
147 531
147 533
147 538
147 543
147 544
147 552
147 554
147 555
147 559
147 561
147 563
147 565
147 573
147 575
147 577
147 578
147 584
147 588
147 589
147 590
147 593
147 598
147 599
147 600
147 603
147 607
147 608
147 611
147 617
147 620
147 621
147 622
147 624
147 633
147 634
147 635
147 636
147 638
147 640
147 645
147 652
147 661
147 664
147 668
147 669
147 672
147 678
147 680
147 681
147 684
147 685
147 688
147 692
147 693
147 699
147 700
147 701
147 703
147 707
147 708
147 718
147 720
147 722
147 723
147 724
147 727
147 732
147 734
147 736
147 737
147 739
147 740
147 743
147 745
147 746
147 749
147 757
147 758
147 762
147 765
147 768
147 769
147 772
147 774
147 777
147 779
147 787
147 791
147 795
147 796
148 402
148 405
148 409
148 412
148 422
148 423
148 429
148 432
148 437
148 438
148 440
148 442
148 443
148 444
148 445
148 448
148 449
148 450
148 452
148 456
148 457
148 463
148 476
148 477
148 484
148 487
148 488
148 489
148 492
148 497
148 498
148 502
148 507
148 516
148 529
148 533
148 534
148 538
148 544
148 545
148 550
148 551
148 553
148 554
148 556
148 557
148 558
148 561
148 562
148 563
148 568
148 573
148 577
148 578
148 582
148 585
148 587
148 588
148 589
148 590
148 596
148 597
148 598
148 599
148 610
148 618
148 621
148 622
148 623
148 627
148 628
148 631
148 633
148 634
148 641
148 642
148 645
148 646
148 648
148 649
148 650
148 652
148 657
148 658
148 659
148 661
148 662
148 663
148 666
148 668
148 669
148 671
148 672
148 673
148 675
148 683
148 685
148 691
148 692
148 700
148 702
148 704
148 710
148 711
148 714
148 715
148 719
148 725
148 729
148 733
148 736
148 738
148 741
148 745
148 746
148 747
148 749
148 752
148 755
148 758
148 770
148 775
148 779
148 784
148 786
148 798
148 799
148 800
149 401
149 403
149 407
149 410
149 415
149 422
149 423
149 428
149 429
149 432
149 437
149 440
149 444
149 447
149 448
149 452
149 458
149 461
149 466
149 473
149 475
149 484
149 487
149 492
149 495
149 502
149 508
149 509
149 510
149 513
149 517
149 518
149 524
149 530
149 533
149 535
149 539
149 548
149 558
149 560
149 561
149 562
149 565
149 566
149 568
149 572
149 577
149 580
149 583
149 585
149 589
149 590
149 591
149 595
149 597
149 598
149 600
149 601
149 602
149 605
149 607
149 610
149 612
149 620
149 622
149 624
149 625
149 626
149 631
149 635
149 636
149 640
149 641
149 643
149 645
149 648
149 653
149 670
149 676
149 677
149 678
149 683
149 684
149 690
149 691
149 692
149 693
149 695
149 702
149 704
149 706
149 708
149 712
149 716
149 717
149 726
149 728
149 730
149 731
149 734
149 742
149 743
149 744
149 745
149 748
149 750
149 752
149 757
149 762
149 766
149 767
149 768
149 769
149 770
149 772
149 773
149 775
149 783
149 786
149 790
150 401
150 405
150 410
150 413
150 414
150 416
150 420
150 422
150 423
150 425
150 439
150 440
150 447
150 451
150 454
150 463
150 467
150 469
150 471
150 477
150 479
150 481
150 484
150 488
150 491
150 494
150 499
150 501
150 502
150 503
150 506
150 507
150 511
150 512
150 514
150 515
150 531
150 532
150 536
150 537
150 538
150 539
150 550
150 551
150 553
150 556
150 566
150 567
150 576
150 577
150 585
150 591
150 593
150 594
150 595
150 599
150 602
150 607
150 622
150 625
150 637
150 638
150 649
150 654
150 655
150 658
150 659
150 664
150 667
150 673
150 674
150 677
150 678
150 681
150 684
150 687
150 691
150 700
150 707
150 710
150 714
150 725
150 726
150 728
150 730
150 733
150 734
150 739
150 742
150 746
150 748
150 754
150 755
150 757
150 772
150 776
150 783
150 789
150 790
150 793
150 795
150 797
150 798
150 800
151 402
151 406
151 407
151 409
151 414
151 416
151 419
151 431
151 437
151 439
151 442
151 446
151 456
151 457
151 461
151 463
151 466
151 467
151 473
151 475
151 478
151 483
151 484
151 487
151 488
151 490
151 491
151 492
151 494
151 502
151 504
151 506
151 507
151 513
151 517
151 520
151 521
151 525
151 529
151 531
151 535
151 540
151 544
151 552
151 560
151 562
151 564
151 574
151 582
151 586
151 590
151 594
151 595
151 596
151 598
151 601
151 602
151 606
151 611
151 612
151 613
151 618
151 620
151 621
151 626
151 629
151 630
151 632
151 633
151 636
151 637
151 639
151 643
151 646
151 651
151 652
151 653
151 662
151 664
151 665
151 667
151 673
151 674
151 681
151 683
151 685
151 686
151 690
151 697
151 700
151 701
151 706
151 709
151 710
151 711
151 715
151 720
151 726
151 732
151 733
151 734
151 735
151 736
151 739
151 744
151 746
151 747
151 748
151 753
151 755
151 756
151 758
151 765
151 766
151 778
151 783
151 785
151 786
151 788
151 794
151 797
151 800
152 401
152 403
152 407
152 409
152 410
152 413
152 414
152 415
152 424
152 425
152 441
152 442
152 445
152 446
152 447
152 453
152 454
152 457
152 459
152 465
152 466
152 467
152 470
152 472
152 475
152 476
152 482
152 483
152 489
152 493
152 495
152 496
152 500
152 502
152 507
152 509
152 510
152 515
152 516
152 519
152 527
152 531
152 535
152 536
152 543
152 546
152 548
152 549
152 550
152 554
152 558
152 560
152 564
152 568
152 571
152 572
152 576
152 578
152 581
152 585
152 589
152 590
152 591
152 592
152 593
152 596
152 598
152 606
152 608
152 609
152 610
152 615
152 618
152 622
152 624
152 627
152 630
152 632
152 640
152 644
152 652
152 654
152 655
152 656
152 658
152 660
152 663
152 666
152 672
152 675
152 676
152 678
152 679
152 685
152 689
152 692
152 694
152 695
152 697
152 698
152 701
152 705
152 708
152 709
152 715
152 717
152 718
152 720
152 722
152 723
152 728
152 729
152 730
152 733
152 736
152 737
152 739
152 742
152 744
152 749
152 752
152 756
152 773
152 776
152 780
152 784
152 790
152 794
152 799
153 404
153 406
153 408
153 409
153 411
153 412
153 416
153 420
153 428
153 429
153 430
153 433
153 435
153 441
153 444
153 446
153 449
153 452
153 461
153 462
153 464
153 466
153 469
153 472
153 476
153 477
153 479
153 486
153 489
153 490
153 492
153 501
153 508
153 509
153 510
153 516
153 517
153 519
153 524
153 527
153 529
153 530
153 537
153 538
153 541
153 553
153 554
153 555
153 557
153 560
153 564
153 574
153 578
153 582
153 584
153 590
153 593
153 594
153 595
153 599
153 615
153 622
153 626
153 633
153 634
153 638
153 639
153 643
153 649
153 652
153 655
153 656
153 661
153 668
153 670
153 672
153 673
153 679
153 680
153 682
153 692
153 697
153 698
153 699
153 700
153 702
153 703
153 708
153 709
153 714
153 715
153 716
153 717
153 722
153 723
153 726
153 731
153 734
153 735
153 737
153 739
153 740
153 743
153 744
153 747
153 750
153 759
153 764
153 768
153 770
153 775
153 777
153 778
153 779
153 781
153 786
153 789
153 794
153 795
153 799
154 402
154 406
154 408
154 412
154 415
154 416
154 417
154 419
154 420
154 422
154 426
154 429
154 430
154 432
154 433
154 434
154 436
154 437
154 438
154 440
154 441
154 447
154 449
154 451
154 459
154 462
154 463
154 464
154 466
154 475
154 476
154 478
154 481
154 483
154 485
154 488
154 495
154 498
154 502
154 505
154 511
154 513
154 515
154 518
154 520
154 527
154 534
154 535
154 538
154 544
154 546
154 551
154 553
154 559
154 564
154 566
154 568
154 574
154 576
154 578
154 580
154 581
154 583
154 589
154 590
154 603
154 604
154 607
154 612
154 614
154 616
154 633
154 643
154 644
154 647
154 648
154 649
154 651
154 652
154 654
154 655
154 661
154 662
154 663
154 665
154 667
154 673
154 675
154 676
154 682
154 683
154 686
154 692
154 693
154 695
154 700
154 702
154 703
154 708
154 710
154 711
154 713
154 716
154 717
154 719
154 723
154 730
154 732
154 735
154 737
154 742
154 746
154 753
154 758
154 760
154 762
154 766
154 778
154 782
154 788
154 790
154 791
154 793
154 797
154 800
155 402
155 405
155 408
155 411
155 412
155 416
155 417
155 422
155 426
155 427
155 434
155 438
155 441
155 445
155 458
155 459
155 462
155 469
155 471
155 475
155 477
155 480
155 483
155 486
155 490
155 493
155 494
155 496
155 498
155 509
155 510
155 513
155 517
155 537
155 539
155 547
155 548
155 555
155 557
155 561
155 562
155 564
155 567
155 571
155 583
155 586
155 587
155 604
155 607
155 611
155 622
155 626
155 630
155 632
155 634
155 637
155 639
155 641
155 642
155 643
155 644
155 645
155 656
155 657
155 658
155 661
155 664
155 667
155 674
155 675
155 678
155 687
155 688
155 689
155 695
155 696
155 702
155 704
155 706
155 715
155 719
155 724
155 745
155 747
155 751
155 752
155 758
155 759
155 762
155 763
155 764
155 766
155 773
155 774
155 785
155 788
155 790
155 794
155 798
155 800
156 403
156 406
156 410
156 413
156 417
156 418
156 424
156 426
156 427
156 433
156 434
156 437
156 439
156 442
156 447
156 449
156 451
156 453
156 457
156 459
156 466
156 474
156 477
156 483
156 487
156 488
156 493
156 495
156 500
156 501
156 502
156 503
156 504
156 506
156 508
156 530
156 533
156 534
156 535
156 539
156 543
156 545
156 546
156 551
156 552
156 554
156 557
156 560
156 565
156 569
156 570
156 573
156 574
156 575
156 583
156 584
156 591
156 593
156 594
156 601
156 602
156 603
156 605
156 609
156 616
156 617
156 625
156 626
156 628
156 636
156 639
156 640
156 646
156 648
156 651
156 658
156 660
156 663
156 665
156 666
156 669
156 670
156 671
156 676
156 682
156 683
156 685
156 687
156 691
156 692
156 694
156 695
156 698
156 701
156 702
156 705
156 706
156 713
156 720
156 722
156 727
156 728
156 732
156 737
156 738
156 739
156 741
156 743
156 746
156 748
156 753
156 754
156 755
156 762
156 763
156 771
156 772
156 774
156 775
156 778
156 779
156 781
156 782
156 792
156 799
157 403
157 405
157 408
157 410
157 412
157 416
157 420
157 424
157 425
157 429
157 443
157 444
157 449
157 456
157 458
157 463
157 466
157 470
157 474
157 476
157 480
157 481
157 482
157 484
157 487
157 489
157 490
157 491
157 492
157 494
157 497
157 504
157 510
157 512
157 515
157 521
157 522
157 523
157 526
157 530
157 540
157 548
157 550
157 551
157 553
157 563
157 575
157 577
157 578
157 581
157 587
157 588
157 597
157 601
157 603
157 608
157 609
157 617
157 618
157 620
157 621
157 622
157 629
157 630
157 638
157 640
157 645
157 648
157 659
157 661
157 662
157 664
157 665
157 669
157 676
157 678
157 686
157 692
157 695
157 696
157 697
157 698
157 706
157 714
157 718
157 721
157 722
157 723
157 729
157 731
157 736
157 744
157 746
157 747
157 749
157 761
157 763
157 764
157 765
157 766
157 771
157 774
157 782
158 402
158 408
158 410
158 413
158 414
158 415
158 417
158 419
158 420
158 424
158 425
158 426
158 428
158 431
158 434
158 436
158 438
158 443
158 445
158 447
158 454
158 456
158 457
158 458
158 463
158 466
158 469
158 474
158 479
158 480
158 488
158 503
158 505
158 506
158 516
158 524
158 531
158 532
158 533
158 537
158 539
158 540
158 546
158 548
158 552
158 553
158 557
158 560
158 561
158 562
158 564
158 565
158 567
158 568
158 575
158 578
158 580
158 581
158 583
158 587
158 588
158 589
158 594
158 601
158 603
158 605
158 607
158 609
158 616
158 617
158 622
158 623
158 625
158 627
158 628
158 629
158 631
158 640
158 642
158 645
158 647
158 648
158 650
158 658
158 660
158 662
158 663
158 664
158 665
158 668
158 669
158 673
158 675
158 677
158 679
158 680
158 681
158 684
158 686
158 687
158 688
158 692
158 694
158 695
158 698
158 700
158 702
158 704
158 705
158 707
158 722
158 725
158 726
158 728
158 729
158 732
158 733
158 737
158 741
158 743
158 747
158 750
158 751
158 752
158 755
158 758
158 759
158 760
158 762
158 764
158 765
158 778
158 781
158 782
158 783
158 788
158 790
158 793
158 794
158 795
158 797
159 407
159 408
159 411
159 418
159 420
159 424
159 427
159 429
159 431
159 435
159 439
159 448
159 449
159 455
159 457
159 462
159 464
159 466
159 470
159 472
159 474
159 485
159 487
159 489
159 493
159 496
159 499
159 500
159 505
159 510
159 512
159 513
159 514
159 519
159 524
159 525
159 530
159 536
159 540
159 543
159 544
159 546
159 547
159 553
159 554
159 556
159 557
159 558
159 560
159 561
159 562
159 563
159 575
159 580
159 581
159 586
159 587
159 596
159 598
159 602
159 607
159 610
159 614
159 617
159 618
159 621
159 626
159 631
159 632
159 635
159 636
159 637
159 638
159 642
159 643
159 645
159 649
159 651
159 652
159 659
159 663
159 665
159 666
159 668
159 669
159 671
159 672
159 674
159 677
159 678
159 682
159 684
159 689
159 692
159 704
159 705
159 706
159 708
159 711
159 713
159 715
159 717
159 719
159 722
159 723
159 728
159 729
159 730
159 737
159 739
159 742
159 744
159 749
159 752
159 755
159 759
159 767
159 769
159 772
159 776
159 779
159 782
159 785
159 790
159 793
159 794
159 799
160 403
160 405
160 416
160 417
160 424
160 427
160 428
160 432
160 437
160 445
160 447
160 449
160 452
160 456
160 460
160 463
160 469
160 470
160 475
160 476
160 479
160 480
160 489
160 500
160 501
160 502
160 503
160 505
160 512
160 516
160 523
160 527
160 538
160 540
160 542
160 543
160 544
160 551
160 552
160 553
160 557
160 558
160 562
160 566
160 571
160 580
160 583
160 587
160 590
160 598
160 600
160 603
160 604
160 605
160 608
160 609
160 614
160 617
160 618
160 622
160 623
160 624
160 628
160 630
160 631
160 633
160 638
160 639
160 642
160 656
160 658
160 661
160 666
160 667
160 668
160 671
160 673
160 677
160 679
160 683
160 684
160 687
160 689
160 694
160 707
160 710
160 718
160 719
160 720
160 727
160 728
160 729
160 736
160 742
160 745
160 746
160 751
160 753
160 754
160 755
160 757
160 758
160 760
160 763
160 764
160 767
160 768
160 769
160 775
160 778
160 779
160 781
160 785
160 794
160 799
161 401
161 403
161 408
161 411
161 420
161 424
161 426
161 427
161 429
161 435
161 437
161 438
161 444
161 449
161 450
161 468
161 471
161 474
161 479
161 480
161 485
161 495
161 496
161 497
161 498
161 499
161 501
161 503
161 505
161 506
161 512
161 513
161 516
161 525
161 526
161 528
161 529
161 530
161 531
161 532
161 535
161 537
161 538
161 539
161 540
161 541
161 544
161 559
161 564
161 568
161 570
161 573
161 580
161 583
161 584
161 591
161 594
161 595
161 599
161 614
161 615
161 616
161 617
161 627
161 635
161 636
161 639
161 640
161 641
161 644
161 649
161 651
161 653
161 654
161 663
161 670
161 671
161 673
161 675
161 678
161 680
161 683
161 693
161 695
161 698
161 703
161 705
161 706
161 709
161 714
161 719
161 720
161 724
161 728
161 729
161 730
161 732
161 733
161 736
161 741
161 747
161 752
161 760
161 763
161 769
161 772
161 773
161 774
161 778
161 779
161 780
161 786
161 788
161 789
161 797
161 800
162 402
162 403
162 405
162 408
162 409
162 410
162 411
162 414
162 415
162 416
162 418
162 420
162 422
162 425
162 426
162 429
162 430
162 438
162 440
162 443
162 448
162 449
162 458
162 467
162 475
162 477
162 478
162 482
162 485
162 489
162 492
162 497
162 499
162 501
162 505
162 506
162 509
162 510
162 512
162 517
162 518
162 522
162 523
162 526
162 530
162 531
162 532
162 537
162 540
162 541
162 543
162 544
162 550
162 551
162 554
162 556
162 562
162 565
162 568
162 569
162 575
162 576
162 579
162 585
162 586
162 590
162 592
162 593
162 594
162 598
162 602
162 605
162 607
162 609
162 610
162 611
162 612
162 614
162 615
162 618
162 620
162 627
162 630
162 631
162 632
162 638
162 640
162 644
162 646
162 652
162 654
162 662
162 663
162 668
162 669
162 670
162 671
162 673
162 674
162 678
162 680
162 689
162 690
162 695
162 698
162 701
162 703
162 704
162 706
162 715
162 716
162 717
162 719
162 731
162 733
162 734
162 736
162 738
162 746
162 750
162 756
162 757
162 760
162 763
162 765
162 774
162 777
162 779
162 794
162 795
163 403
163 406
163 417
163 418
163 420
163 424
163 426
163 432
163 433
163 436
163 437
163 442
163 444
163 445
163 448
163 449
163 450
163 452
163 454
163 457
163 458
163 464
163 465
163 470
163 472
163 487
163 488
163 489
163 491
163 499
163 503
163 507
163 510
163 516
163 518
163 519
163 520
163 521
163 522
163 525
163 532
163 540
163 544
163 550
163 554
163 558
163 559
163 565
163 569
163 574
163 576
163 580
163 582
163 589
163 592
163 596
163 597
163 599
163 602
163 604
163 609
163 612
163 623
163 627
163 633
163 634
163 635
163 639
163 642
163 643
163 645
163 646
163 652
163 655
163 657
163 661
163 663
163 669
163 675
163 677
163 678
163 679
163 680
163 690
163 693
163 697
163 700
163 704
163 706
163 712
163 716
163 717
163 718
163 723
163 727
163 728
163 731
163 733
163 742
163 744
163 746
163 747
163 751
163 754
163 755
163 757
163 759
163 761
163 763
163 767
163 768
163 769
163 770
163 774
163 777
163 779
163 785
163 787
163 789
163 790
163 792
164 401
164 402
164 405
164 412
164 418
164 419
164 420
164 429
164 433
164 434
164 435
164 436
164 439
164 447
164 455
164 456
164 457
164 464
164 475
164 485
164 490
164 493
164 495
164 498
164 500
164 503
164 511
164 512
164 513
164 514
164 517
164 523
164 525
164 528
164 529
164 532
164 533
164 534
164 539
164 543
164 545
164 548
164 550
164 553
164 554
164 558
164 563
164 574
164 576
164 584
164 585
164 587
164 589
164 593
164 597
164 604
164 608
164 610
164 612
164 616
164 618
164 619
164 621
164 622
164 624
164 632
164 635
164 639
164 641
164 643
164 650
164 651
164 653
164 655
164 656
164 658
164 659
164 660
164 661
164 673
164 678
164 679
164 681
164 684
164 691
164 696
164 697
164 699
164 701
164 703
164 705
164 708
164 715
164 717
164 728
164 730
164 733
164 747
164 748
164 750
164 751
164 754
164 765
164 767
164 768
164 769
164 773
164 776
164 778
164 780
164 782
164 787
164 794
164 795
164 799
165 405
165 412
165 413
165 415
165 416
165 419
165 421
165 425
165 427
165 428
165 429
165 430
165 436
165 440
165 441
165 443
165 445
165 446
165 458
165 459
165 464
165 465
165 474
165 475
165 479
165 480
165 481
165 483
165 486
165 489
165 490
165 492
165 493
165 494
165 496
165 501
165 504
165 505
165 506
165 512
165 513
165 517
165 520
165 521
165 527
165 529
165 531
165 533
165 538
165 540
165 544
165 549
165 551
165 553
165 557
165 561
165 566
165 571
165 573
165 580
165 582
165 588
165 592
165 594
165 597
165 598
165 601
165 602
165 621
165 625
165 633
165 634
165 636
165 637
165 639
165 641
165 644
165 647
165 648
165 649
165 650
165 653
165 659
165 663
165 667
165 669
165 673
165 674
165 675
165 677
165 696
165 700
165 707
165 709
165 720
165 722
165 727
165 733
165 738
165 739
165 741
165 742
165 743
165 745
165 750
165 754
165 756
165 758
165 763
165 764
165 765
165 767
165 770
165 772
165 774
165 778
165 779
165 784
165 789
165 796
165 797
165 800
166 402
166 410
166 411
166 413
166 415
166 419
166 420
166 422
166 427
166 435
166 443
166 447
166 455
166 457
166 458
166 465
166 467
166 468
166 477
166 480
166 483
166 487
166 493
166 494
166 496
166 498
166 499
166 503
166 506
166 509
166 517
166 525
166 528
166 530
166 532
166 535
166 537
166 547
166 552
166 553
166 557
166 561
166 562
166 563
166 565
166 570
166 574
166 577
166 581
166 584
166 588
166 589
166 590
166 593
166 594
166 595
166 596
166 601
166 607
166 611
166 617
166 619
166 620
166 623
166 624
166 625
166 627
166 628
166 631
166 638
166 639
166 640
166 641
166 643
166 644
166 656
166 664
166 668
166 670
166 677
166 680
166 681
166 683
166 684
166 685
166 687
166 688
166 691
166 692
166 693
166 695
166 697
166 701
166 702
166 703
166 705
166 706
166 709
166 718
166 720
166 723
166 725
166 734
166 738
166 740
166 744
166 745
166 749
166 751
166 754
166 757
166 760
166 761
166 768
166 769
166 779
166 781
166 782
166 783
166 789
166 790
166 792
166 797
166 798
167 402
167 410
167 411
167 412
167 416
167 422
167 427
167 432
167 436
167 437
167 438
167 441
167 442
167 447
167 448
167 455
167 456
167 464
167 475
167 477
167 480
167 484
167 487
167 489
167 492
167 493
167 494
167 509
167 510
167 511
167 512
167 518
167 520
167 523
167 524
167 525
167 526
167 529
167 530
167 536
167 541
167 549
167 550
167 551
167 553
167 557
167 559
167 562
167 567
167 571
167 573
167 575
167 583
167 588
167 597
167 602
167 603
167 609
167 610
167 615
167 616
167 617
167 628
167 631
167 634
167 635
167 636
167 637
167 639
167 642
167 646
167 649
167 650
167 651
167 656
167 659
167 661
167 667
167 669
167 671
167 672
167 673
167 676
167 678
167 681
167 685
167 687
167 688
167 691
167 692
167 694
167 695
167 698
167 699
167 707
167 709
167 713
167 715
167 717
167 718
167 722
167 727
167 728
167 729
167 733
167 738
167 739
167 750
167 752
167 756
167 758
167 760
167 761
167 762
167 768
167 770
167 771
167 773
167 775
167 778
167 779
167 780
167 781
167 785
167 791
167 792
167 794
167 795
167 797
167 798
168 401
168 407
168 408
168 409
168 411
168 412
168 421
168 422
168 427
168 447
168 452
168 453
168 455
168 457
168 458
168 459
168 460
168 462
168 463
168 464
168 466
168 470
168 471
168 480
168 483
168 491
168 493
168 494
168 496
168 500
168 508
168 510
168 511
168 515
168 516
168 518
168 520
168 521
168 526
168 531
168 533
168 536
168 540
168 542
168 547
168 550
168 552
168 558
168 562
168 567
168 574
168 577
168 578
168 580
168 582
168 583
168 590
168 591
168 592
168 593
168 594
168 598
168 601
168 602
168 603
168 605
168 613
168 616
168 618
168 619
168 620
168 623
168 628
168 635
168 636
168 637
168 639
168 641
168 645
168 650
168 660
168 662
168 665
168 666
168 668
168 672
168 675
168 676
168 679
168 680
168 683
168 687
168 695
168 696
168 698
168 699
168 703
168 706
168 709
168 714
168 716
168 717
168 721
168 725
168 728
168 733
168 738
168 742
168 744
168 746
168 750
168 751
168 752
168 753
168 754
168 755
168 758
168 765
168 768
168 772
168 773
168 775
168 777
168 778
168 781
168 782
168 784
168 785
168 787
168 788
168 794
168 796
168 799
168 800
169 403
169 410
169 412
169 417
169 418
169 419
169 421
169 423
169 425
169 429
169 435
169 436
169 439
169 440
169 441
169 446
169 450
169 451
169 452
169 453
169 455
169 457
169 462
169 466
169 469
169 471
169 476
169 478
169 480
169 481
169 485
169 488
169 489
169 492
169 493
169 495
169 496
169 501
169 502
169 511
169 514
169 515
169 516
169 517
169 520
169 522
169 524
169 529
169 530
169 533
169 543
169 547
169 550
169 552
169 553
169 554
169 565
169 567
169 570
169 571
169 572
169 575
169 578
169 586
169 589
169 593
169 595
169 608
169 609
169 611
169 613
169 615
169 616
169 619
169 620
169 622
169 623
169 629
169 630
169 631
169 633
169 634
169 635
169 646
169 648
169 650
169 656
169 657
169 659
169 662
169 668
169 670
169 673
169 674
169 678
169 680
169 687
169 689
169 691
169 694
169 695
169 701
169 704
169 708
169 709
169 712
169 715
169 716
169 718
169 728
169 735
169 736
169 739
169 744
169 745
169 757
169 765
169 767
169 769
169 770
169 771
169 777
169 779
169 781
169 783
169 785
169 793
169 795
169 796
169 798
170 406
170 413
170 415
170 417
170 418
170 419
170 426
170 429
170 435
170 440
170 441
170 443
170 446
170 448
170 449
170 451
170 459
170 462
170 463
170 482
170 484
170 485
170 487
170 490
170 491
170 493
170 502
170 511
170 513
170 514
170 516
170 524
170 525
170 527
170 528
170 532
170 533
170 535
170 545
170 548
170 549
170 551
170 553
170 557
170 558
170 561
170 567
170 572
170 575
170 579
170 582
170 583
170 586
170 587
170 592
170 594
170 595
170 599
170 600
170 602
170 603
170 604
170 607
170 608
170 609
170 612
170 615
170 621
170 623
170 628
170 633
170 636
170 637
170 641
170 642
170 647
170 649
170 651
170 652
170 654
170 660
170 665
170 673
170 675
170 677
170 683
170 686
170 687
170 698
170 700
170 702
170 703
170 705
170 706
170 712
170 717
170 724
170 727
170 738
170 744
170 748
170 749
170 754
170 755
170 756
170 762
170 765
170 770
170 772
170 774
170 781
170 783
170 790
170 796
171 401
171 404
171 412
171 416
171 422
171 425
171 440
171 441
171 442
171 444
171 445
171 446
171 449
171 451
171 452
171 453
171 460
171 470
171 472
171 480
171 483
171 484
171 488
171 489
171 490
171 491
171 492
171 500
171 502
171 505
171 506
171 509
171 510
171 516
171 517
171 523
171 524
171 525
171 526
171 528
171 529
171 536
171 537
171 538
171 540
171 541
171 545
171 547
171 565
171 571
171 572
171 575
171 578
171 581
171 583
171 587
171 588
171 590
171 593
171 595
171 596
171 605
171 608
171 614
171 619
171 630
171 636
171 638
171 640
171 641
171 643
171 644
171 647
171 652
171 655
171 656
171 657
171 662
171 669
171 674
171 675
171 683
171 685
171 687
171 689
171 704
171 710
171 711
171 721
171 723
171 730
171 731
171 733
171 739
171 743
171 764
171 773
171 774
171 777
171 778
171 781
171 783
171 788
171 790
171 792
171 796
172 403
172 404
172 411
172 412
172 424
172 428
172 433
172 436
172 440
172 441
172 443
172 449
172 450
172 451
172 459
172 463
172 467
172 469
172 470
172 476
172 485
172 487
172 490
172 491
172 493
172 495
172 500
172 502
172 504
172 505
172 509
172 510
172 517
172 527
172 529
172 532
172 533
172 537
172 539
172 543
172 547
172 552
172 553
172 554
172 557
172 558
172 566
172 568
172 572
172 573
172 574
172 576
172 578
172 588
172 589
172 590
172 591
172 592
172 599
172 600
172 601
172 603
172 607
172 610
172 612
172 620
172 622
172 623
172 626
172 631
172 634
172 636
172 637
172 639
172 641
172 650
172 655
172 656
172 659
172 664
172 676
172 678
172 682
172 683
172 684
172 697
172 700
172 706
172 709
172 711
172 717
172 718
172 721
172 726
172 727
172 728
172 742
172 745
172 746
172 748
172 751
172 752
172 763
172 766
172 770
172 778
172 783
172 784
172 787
172 795
172 796
172 800
173 401
173 402
173 405
173 409
173 417
173 422
173 424
173 425
173 427
173 430
173 432
173 434
173 441
173 443
173 447
173 465
173 467
173 471
173 472
173 475
173 478
173 484
173 485
173 487
173 489
173 494
173 497
173 500
173 507
173 517
173 521
173 523
173 524
173 528
173 532
173 536
173 538
173 542
173 547
173 549
173 550
173 552
173 555
173 557
173 559
173 562
173 564
173 567
173 568
173 573
173 576
173 582
173 587
173 590
173 592
173 599
173 601
173 605
173 612
173 613
173 614
173 616
173 618
173 620
173 630
173 632
173 633
173 637
173 638
173 647
173 649
173 651
173 654
173 655
173 659
173 662
173 667
173 669
173 677
173 678
173 681
173 686
173 690
173 691
173 699
173 703
173 704
173 709
173 710
173 713
173 715
173 716
173 720
173 726
173 727
173 728
173 732
173 735
173 736
173 739
173 741
173 749
173 750
173 758
173 759
173 760
173 761
173 762
173 767
173 768
173 770
173 774
173 785
173 786
173 787
173 789
173 797
174 401
174 408
174 409
174 413
174 422
174 424
174 429
174 433
174 434
174 436
174 437
174 440
174 446
174 447
174 448
174 450
174 453
174 467
174 470
174 475
174 477
174 480
174 485
174 486
174 488
174 495
174 499
174 502
174 508
174 509
174 510
174 511
174 513
174 516
174 517
174 518
174 520
174 521
174 522
174 529
174 531
174 532
174 536
174 540
174 543
174 545
174 555
174 558
174 567
174 572
174 579
174 580
174 581
174 584
174 585
174 590
174 591
174 592
174 596
174 598
174 604
174 606
174 608
174 615
174 618
174 624
174 626
174 628
174 640
174 641
174 642
174 643
174 646
174 647
174 649
174 657
174 658
174 659
174 662
174 664
174 666
174 670
174 671
174 672
174 678
174 680
174 688
174 690
174 691
174 701
174 704
174 706
174 715
174 718
174 719
174 720
174 721
174 722
174 723
174 727
174 730
174 731
174 734
174 736
174 739
174 743
174 744
174 746
174 748
174 752
174 753
174 758
174 759
174 762
174 765
174 772
174 773
174 779
174 780
174 782
174 783
174 785
174 789
174 791
174 797
174 798
175 401
175 402
175 403
175 404
175 408
175 411
175 413
175 415
175 416
175 424
175 425
175 426
175 428
175 430
175 432
175 436
175 438
175 442
175 458
175 460
175 461
175 463
175 465
175 466
175 469
175 471
175 480
175 481
175 484
175 489
175 491
175 493
175 499
175 502
175 505
175 508
175 511
175 515
175 516
175 521
175 529
175 530
175 532
175 534
175 538
175 541
175 542
175 543
175 545
175 546
175 549
175 551
175 554
175 555
175 561
175 565
175 568
175 569
175 571
175 572
175 577
175 589
175 593
175 600
175 603
175 604
175 607
175 608
175 609
175 611
175 612
175 614
175 616
175 617
175 619
175 620
175 621
175 630
175 633
175 639
175 643
175 647
175 654
175 659
175 661
175 668
175 673
175 674
175 675
175 677
175 678
175 682
175 685
175 686
175 690
175 693
175 694
175 698
175 701
175 703
175 707
175 708
175 714
175 715
175 728
175 729
175 731
175 734
175 739
175 741
175 743
175 759
175 763
175 765
175 771
175 772
175 773
175 776
175 779
175 780
175 781
175 785
175 787
175 791
175 793
175 796
175 799
176 401
176 406
176 407
176 408
176 411
176 416
176 419
176 428
176 430
176 431
176 439
176 440
176 442
176 447
176 448
176 454
176 455
176 456
176 457
176 461
176 462
176 464
176 469
176 476
176 479
176 482
176 484
176 485
176 487
176 488
176 492
176 494
176 496
176 497
176 498
176 504
176 506
176 513
176 514
176 522
176 523
176 529
176 531
176 533
176 535
176 536
176 537
176 538
176 542
176 547
176 549
176 551
176 554
176 556
176 564
176 570
176 572
176 573
176 576
176 579
176 583
176 590
176 591
176 595
176 597
176 599
176 603
176 605
176 608
176 613
176 619
176 622
176 624
176 626
176 628
176 629
176 637
176 639
176 641
176 642
176 643
176 650
176 651
176 652
176 656
176 657
176 661
176 663
176 664
176 665
176 668
176 671
176 673
176 674
176 676
176 678
176 680
176 682
176 683
176 693
176 697
176 700
176 701
176 711
176 712
176 716
176 718
176 723
176 728
176 732
176 740
176 743
176 745
176 761
176 763
176 767
176 770
176 774
176 778
176 781
176 788
176 789
176 793
176 794
176 796
177 403
177 413
177 414
177 415
177 417
177 418
177 419
177 420
177 422
177 423
177 425
177 427
177 429
177 430
177 431
177 438
177 439
177 442
177 444
177 448
177 449
177 450
177 451
177 456
177 466
177 468
177 473
177 475
177 476
177 478
177 482
177 483
177 488
177 489
177 491
177 501
177 502
177 508
177 515
177 516
177 517
177 520
177 521
177 527
177 528
177 534
177 536
177 538
177 544
177 548
177 554
177 560
177 563
177 565
177 568
177 574
177 582
177 583
177 584
177 587
177 594
177 596
177 599
177 600
177 609
177 620
177 621
177 625
177 630
177 637
177 638
177 642
177 644
177 646
177 647
177 650
177 653
177 655
177 663
177 665
177 666
177 667
177 669
177 670
177 672
177 673
177 676
177 679
177 681
177 683
177 684
177 689
177 690
177 698
177 699
177 702
177 705
177 706
177 712
177 716
177 717
177 723
177 725
177 726
177 728
177 734
177 736
177 740
177 749
177 750
177 752
177 755
177 757
177 758
177 760
177 761
177 769
177 772
177 777
177 780
177 785
177 787
177 791
177 794
177 800
178 402
178 404
178 407
178 408
178 409
178 413
178 421
178 430
178 431
178 433
178 435
178 436
178 438
178 441
178 442
178 447
178 451
178 456
178 461
178 465
178 468
178 470
178 471
178 472
178 474
178 481
178 485
178 486
178 489
178 497
178 501
178 504
178 522
178 524
178 526
178 529
178 532
178 538
178 542
178 544
178 545
178 546
178 549
178 550
178 553
178 555
178 558
178 566
178 571
178 575
178 576
178 578
178 580
178 582
178 585
178 586
178 592
178 593
178 594
178 595
178 600
178 602
178 606
178 608
178 614
178 619
178 620
178 621
178 622
178 624
178 626
178 627
178 629
178 631
178 633
178 641
178 642
178 644
178 645
178 651
178 654
178 655
178 660
178 670
178 673
178 677
178 678
178 679
178 680
178 685
178 689
178 694
178 696
178 698
178 705
178 707
178 709
178 717
178 725
178 727
178 728
178 729
178 730
178 733
178 737
178 738
178 739
178 742
178 743
178 750
178 753
178 755
178 759
178 762
178 764
178 769
178 782
178 787
178 789
178 791
178 793
179 403
179 404
179 406
179 419
179 421
179 422
179 425
179 426
179 427
179 430
179 431
179 432
179 436
179 438
179 439
179 443
179 444
179 447
179 448
179 449
179 450
179 455
179 457
179 458
179 460
179 461
179 464
179 465
179 467
179 470
179 472
179 473
179 478
179 479
179 481
179 491
179 492
179 493
179 494
179 497
179 500
179 503
179 512
179 513
179 520
179 521
179 523
179 525
179 526
179 529
179 531
179 533
179 534
179 540
179 542
179 543
179 544
179 551
179 552
179 555
179 559
179 561
179 562
179 571
179 572
179 573
179 575
179 578
179 579
179 583
179 591
179 593
179 602
179 605
179 608
179 612
179 616
179 617
179 618
179 621
179 622
179 625
179 627
179 632
179 641
179 645
179 646
179 647
179 652
179 653
179 656
179 662
179 664
179 665
179 672
179 673
179 676
179 678
179 682
179 683
179 689
179 690
179 692
179 701
179 702
179 703
179 709
179 715
179 719
179 722
179 726
179 734
179 736
179 737
179 740
179 742
179 751
179 754
179 756
179 757
179 758
179 759
179 763
179 767
179 768
179 772
179 776
179 779
179 783
179 786
179 788
179 797
179 799
179 800
180 401
180 410
180 411
180 413
180 415
180 416
180 426
180 429
180 432
180 433
180 435
180 439
180 440
180 449
180 457
180 460
180 464
180 470
180 472
180 473
180 476
180 483
180 485
180 486
180 487
180 489
180 493
180 495
180 501
180 508
180 509
180 511
180 521
180 524
180 525
180 526
180 533
180 534
180 536
180 538
180 539
180 541
180 542
180 543
180 558
180 562
180 566
180 572
180 574
180 578
180 582
180 591
180 592
180 593
180 594
180 595
180 596
180 598
180 601
180 605
180 625
180 629
180 630
180 634
180 640
180 641
180 644
180 646
180 650
180 651
180 653
180 654
180 655
180 660
180 667
180 671
180 673
180 674
180 677
180 680
180 685
180 686
180 687
180 689
180 691
180 699
180 703
180 706
180 714
180 715
180 718
180 723
180 725
180 726
180 729
180 730
180 731
180 735
180 739
180 746
180 747
180 748
180 749
180 753
180 756
180 762
180 766
180 768
180 772
180 773
180 775
180 776
180 777
180 780
180 781
180 784
180 787
180 789
180 794
180 796
180 797
180 798
181 403
181 406
181 408
181 414
181 421
181 422
181 423
181 425
181 426
181 428
181 429
181 431
181 434
181 435
181 442
181 443
181 445
181 454
181 456
181 458
181 459
181 460
181 463
181 465
181 468
181 471
181 477
181 478
181 481
181 483
181 485
181 487
181 488
181 490
181 491
181 496
181 498
181 500
181 501
181 504
181 507
181 513
181 522
181 523
181 535
181 541
181 544
181 547
181 556
181 558
181 559
181 563
181 566
181 572
181 575
181 577
181 578
181 579
181 581
181 583
181 584
181 592
181 597
181 598
181 599
181 605
181 607
181 608
181 611
181 614
181 615
181 620
181 624
181 625
181 631
181 634
181 638
181 645
181 650
181 655
181 663
181 670
181 674
181 675
181 676
181 680
181 682
181 686
181 690
181 692
181 693
181 696
181 701
181 706
181 708
181 709
181 710
181 715
181 717
181 729
181 732
181 738
181 741
181 744
181 746
181 747
181 749
181 751
181 754
181 762
181 764
181 768
181 769
181 772
181 775
181 787
181 791
181 793
181 796
182 402
182 407
182 410
182 411
182 412
182 413
182 417
182 419
182 421
182 424
182 427
182 428
182 431
182 432
182 433
182 435
182 438
182 439
182 441
182 442
182 446
182 447
182 449
182 450
182 453
182 454
182 455
182 457
182 470
182 472
182 473
182 474
182 479
182 480
182 486
182 488
182 489
182 493
182 494
182 497
182 499
182 500
182 505
182 506
182 510
182 511
182 512
182 519
182 521
182 522
182 523
182 525
182 528
182 529
182 531
182 534
182 535
182 537
182 543
182 544
182 548
182 554
182 556
182 558
182 559
182 560
182 562
182 566
182 568
182 571
182 574
182 575
182 578
182 585
182 590
182 592
182 595
182 598
182 599
182 603
182 607
182 610
182 614
182 615
182 618
182 619
182 620
182 627
182 632
182 633
182 636
182 639
182 649
182 650
182 651
182 652
182 657
182 658
182 664
182 665
182 669
182 672
182 679
182 681
182 688
182 701
182 707
182 708
182 710
182 711
182 712
182 714
182 720
182 722
182 723
182 724
182 725
182 727
182 730
182 731
182 733
182 734
182 736
182 739
182 741
182 742
182 745
182 746
182 748
182 750
182 753
182 754
182 758
182 766
182 770
182 771
182 773
182 781
182 782
182 788
182 789
182 792
182 794
182 800
183 402
183 406
183 410
183 412
183 413
183 414
183 420
183 421
183 429
183 430
183 432
183 437
183 438
183 442
183 443
183 444
183 448
183 449
183 453
183 459
183 464
183 465
183 467
183 472
183 474
183 476
183 479
183 481
183 482
183 483
183 485
183 487
183 489
183 490
183 491
183 496
183 499
183 503
183 516
183 524
183 529
183 534
183 545
183 549
183 551
183 552
183 553
183 555
183 557
183 558
183 562
183 565
183 568
183 570
183 572
183 574
183 576
183 577
183 579
183 582
183 585
183 594
183 601
183 602
183 604
183 606
183 613
183 615
183 617
183 623
183 626
183 628
183 629
183 631
183 632
183 634
183 637
183 648
183 649
183 658
183 665
183 666
183 667
183 671
183 674
183 676
183 680
183 681
183 683
183 685
183 689
183 694
183 697
183 701
183 702
183 703
183 704
183 706
183 711
183 713
183 715
183 716
183 717
183 718
183 720
183 727
183 730
183 732
183 739
183 742
183 747
183 748
183 749
183 750
183 751
183 755
183 757
183 764
183 769
183 772
183 781
183 782
183 785
183 788
183 790
183 791
183 792
183 794
183 799
184 401
184 403
184 409
184 411
184 416
184 420
184 421
184 426
184 427
184 429
184 439
184 442
184 443
184 450
184 459
184 464
184 465
184 475
184 477
184 478
184 483
184 492
184 495
184 500
184 502
184 505
184 507
184 519
184 520
184 522
184 523
184 527
184 535
184 537
184 540
184 542
184 550
184 552
184 553
184 556
184 558
184 559
184 564
184 572
184 574
184 575
184 581
184 585
184 588
184 602
184 605
184 612
184 613
184 614
184 615
184 619
184 620
184 622
184 625
184 626
184 628
184 632
184 639
184 642
184 645
184 646
184 647
184 651
184 653
184 657
184 659
184 660
184 661
184 664
184 668
184 670
184 671
184 673
184 687
184 688
184 692
184 693
184 694
184 697
184 705
184 712
184 714
184 715
184 718
184 719
184 720
184 723
184 724
184 729
184 730
184 734
184 738
184 741
184 746
184 749
184 750
184 752
184 755
184 758
184 759
184 763
184 764
184 769
184 770
184 773
184 776
184 777
184 785
184 786
184 790
184 791
184 793
184 795
184 799
185 410
185 412
185 415
185 416
185 418
185 422
185 423
185 424
185 426
185 428
185 430
185 436
185 437
185 438
185 456
185 459
185 460
185 471
185 479
185 480
185 485
185 486
185 489
185 491
185 492
185 496
185 501
185 502
185 508
185 511
185 518
185 524
185 528
185 531
185 534
185 536
185 540
185 541
185 543
185 545
185 551
185 552
185 555
185 559
185 566
185 567
185 569
185 571
185 573
185 583
185 585
185 587
185 595
185 601
185 603
185 607
185 608
185 609
185 611
185 618
185 619
185 622
185 625
185 628
185 632
185 637
185 640
185 641
185 645
185 646
185 654
185 659
185 665
185 668
185 669
185 675
185 676
185 685
185 692
185 693
185 699
185 708
185 710
185 711
185 712
185 713
185 714
185 717
185 718
185 722
185 724
185 726
185 730
185 731
185 734
185 737
185 743
185 750
185 751
185 753
185 766
185 769
185 770
185 774
185 777
185 778
185 781
185 783
185 785
185 786
185 793
186 403
186 412
186 413
186 416
186 417
186 418
186 422
186 423
186 428
186 434
186 437
186 440
186 444
186 445
186 449
186 450
186 454
186 456
186 459
186 465
186 466
186 467
186 470
186 471
186 472
186 477
186 483
186 484
186 489
186 493
186 495
186 498
186 509
186 514
186 515
186 520
186 524
186 525
186 526
186 529
186 532
186 533
186 534
186 536
186 539
186 540
186 546
186 547
186 551
186 552
186 555
186 556
186 557
186 558
186 559
186 560
186 565
186 566
186 574
186 583
186 584
186 586
186 591
186 593
186 597
186 604
186 606
186 607
186 609
186 610
186 613
186 621
186 630
186 634
186 636
186 638
186 643
186 651
186 655
186 660
186 661
186 662
186 667
186 668
186 671
186 673
186 676
186 677
186 681
186 682
186 683
186 684
186 685
186 686
186 691
186 692
186 693
186 694
186 695
186 696
186 701
186 702
186 705
186 706
186 707
186 709
186 716
186 722
186 723
186 724
186 726
186 727
186 729
186 733
186 736
186 739
186 751
186 753
186 757
186 760
186 761
186 762
186 763
186 765
186 768
186 769
186 772
186 774
186 779
186 781
186 787
186 788
186 794
186 796
186 798
187 403
187 413
187 414
187 426
187 432
187 435
187 437
187 441
187 449
187 453
187 455
187 459
187 461
187 463
187 467
187 478
187 480
187 485
187 488
187 490
187 497
187 499
187 503
187 506
187 514
187 515
187 520
187 522
187 524
187 525
187 530
187 534
187 536
187 538
187 542
187 553
187 555
187 561
187 569
187 572
187 576
187 584
187 585
187 589
187 591
187 592
187 597
187 598
187 600
187 602
187 605
187 606
187 607
187 609
187 612
187 616
187 617
187 625
187 631
187 634
187 635
187 646
187 648
187 650
187 651
187 652
187 653
187 661
187 663
187 665
187 671
187 678
187 687
187 692
187 694
187 695
187 697
187 704
187 705
187 706
187 707
187 711
187 714
187 718
187 719
187 728
187 730
187 732
187 739
187 741
187 744
187 746
187 751
187 752
187 753
187 756
187 757
187 758
187 761
187 765
187 780
187 783
187 785
187 792
187 796
187 798
187 799
188 403
188 405
188 407
188 409
188 419
188 420
188 426
188 427
188 435
188 436
188 445
188 446
188 449
188 455
188 460
188 461
188 462
188 463
188 467
188 468
188 469
188 475
188 476
188 477
188 479
188 481
188 482
188 483
188 485
188 486
188 495
188 496
188 497
188 498
188 503
188 507
188 509
188 510
188 513
188 514
188 518
188 532
188 538
188 541
188 548
188 549
188 550
188 554
188 565
188 569
188 573
188 574
188 575
188 576
188 577
188 578
188 579
188 580
188 583
188 584
188 586
188 589
188 592
188 598
188 600
188 609
188 610
188 613
188 619
188 621
188 622
188 624
188 629
188 633
188 634
188 636
188 637
188 643
188 645
188 649
188 650
188 653
188 654
188 662
188 663
188 666
188 669
188 670
188 675
188 679
188 682
188 688
188 690
188 691
188 693
188 699
188 709
188 710
188 714
188 715
188 723
188 725
188 726
188 728
188 729
188 730
188 733
188 737
188 743
188 745
188 751
188 757
188 760
188 761
188 762
188 765
188 766
188 772
188 775
188 778
188 780
188 781
188 784
188 789
188 795
188 798
188 800
189 403
189 404
189 412
189 413
189 416
189 420
189 421
189 423
189 429
189 436
189 437
189 443
189 444
189 445
189 454
189 460
189 462
189 463
189 467
189 469
189 471
189 473
189 484
189 487
189 489
189 490
189 492
189 494
189 497
189 501
189 503
189 506
189 512
189 513
189 518
189 519
189 523
189 528
189 529
189 532
189 536
189 540
189 541
189 544
189 550
189 555
189 567
189 578
189 584
189 586
189 593
189 595
189 597
189 598
189 599
189 601
189 603
189 604
189 608
189 609
189 614
189 617
189 623
189 624
189 627
189 636
189 641
189 644
189 645
189 654
189 656
189 663
189 673
189 674
189 680
189 686
189 687
189 689
189 693
189 695
189 699
189 702
189 704
189 707
189 709
189 713
189 714
189 715
189 716
189 722
189 725
189 726
189 733
189 734
189 737
189 740
189 741
189 749
189 753
189 755
189 757
189 762
189 764
189 766
189 771
189 772
189 773
189 775
189 777
189 787
189 793
189 794
190 402
190 405
190 406
190 407
190 414
190 415
190 419
190 421
190 422
190 431
190 436
190 437
190 438
190 440
190 448
190 450
190 452
190 455
190 457
190 458
190 459
190 462
190 463
190 464
190 465
190 466
190 471
190 472
190 475
190 480
190 487
190 489
190 499
190 500
190 502
190 508
190 510
190 512
190 514
190 516
190 523
190 524
190 526
190 527
190 529
190 531
190 532
190 537
190 538
190 540
190 541
190 542
190 544
190 548
190 550
190 552
190 553
190 554
190 556
190 559
190 579
190 582
190 585
190 586
190 589
190 590
190 592
190 596
190 597
190 605
190 610
190 617
190 619
190 620
190 622
190 623
190 631
190 632
190 634
190 637
190 640
190 641
190 642
190 644
190 645
190 646
190 650
190 653
190 654
190 656
190 659
190 660
190 662
190 665
190 672
190 673
190 685
190 687
190 698
190 707
190 708
190 715
190 718
190 721
190 727
190 729
190 731
190 733
190 741
190 747
190 750
190 751
190 754
190 756
190 760
190 763
190 765
190 768
190 774
190 776
190 777
190 778
190 779
190 781
190 789
190 797
190 800
191 403
191 404
191 417
191 419
191 421
191 424
191 425
191 427
191 431
191 432
191 435
191 439
191 440
191 447
191 453
191 457
191 458
191 466
191 469
191 470
191 474
191 481
191 483
191 484
191 486
191 487
191 488
191 501
191 504
191 512
191 513
191 515
191 524
191 531
191 535
191 537
191 540
191 542
191 556
191 557
191 559
191 561
191 563
191 567
191 569
191 571
191 576
191 577
191 581
191 582
191 586
191 591
191 592
191 595
191 601
191 608
191 609
191 610
191 613
191 616
191 618
191 620
191 624
191 627
191 629
191 633
191 636
191 639
191 644
191 645
191 646
191 649
191 650
191 654
191 657
191 660
191 662
191 665
191 675
191 677
191 681
191 685
191 686
191 692
191 693
191 695
191 696
191 701
191 702
191 709
191 710
191 711
191 720
191 724
191 725
191 726
191 727
191 728
191 730
191 739
191 743
191 744
191 749
191 751
191 753
191 754
191 763
191 765
191 766
191 773
191 774
191 776
191 777
191 779
191 784
191 785
191 787
191 792
191 795
191 796
191 797
191 799
192 401
192 402
192 403
192 409
192 412
192 413
192 421
192 423
192 425
192 429
192 432
192 438
192 441
192 448
192 449
192 451
192 454
192 456
192 461
192 464
192 467
192 468
192 474
192 478
192 492
192 501
192 509
192 514
192 515
192 517
192 519
192 520
192 523
192 525
192 526
192 529
192 531
192 534
192 535
192 537
192 541
192 545
192 547
192 548
192 549
192 550
192 553
192 554
192 556
192 557
192 560
192 561
192 564
192 565
192 566
192 567
192 568
192 579
192 581
192 589
192 590
192 591
192 592
192 596
192 600
192 603
192 609
192 621
192 622
192 623
192 624
192 625
192 627
192 642
192 645
192 649
192 653
192 656
192 657
192 658
192 664
192 667
192 673
192 674
192 676
192 678
192 679
192 693
192 694
192 697
192 701
192 707
192 709
192 710
192 711
192 714
192 715
192 717
192 723
192 727
192 729
192 736
192 738
192 740
192 742
192 743
192 744
192 747
192 751
192 752
192 756
192 758
192 759
192 760
192 762
192 780
192 785
192 788
192 790
192 794
192 796
192 797
192 799
192 800
193 405
193 406
193 407
193 408
193 412
193 413
193 414
193 415
193 423
193 427
193 436
193 437
193 438
193 440
193 441
193 449
193 456
193 458
193 465
193 471
193 473
193 475
193 481
193 498
193 499
193 500
193 501
193 502
193 504
193 509
193 510
193 511
193 513
193 516
193 518
193 528
193 536
193 544
193 545
193 547
193 548
193 550
193 554
193 559
193 561
193 562
193 565
193 568
193 569
193 570
193 571
193 573
193 575
193 577
193 585
193 589
193 592
193 594
193 598
193 601
193 608
193 609
193 613
193 622
193 623
193 628
193 629
193 631
193 632
193 634
193 635
193 636
193 638
193 639
193 640
193 644
193 645
193 647
193 648
193 653
193 660
193 669
193 672
193 673
193 674
193 677
193 681
193 689
193 692
193 693
193 698
193 700
193 704
193 707
193 711
193 713
193 715
193 716
193 717
193 718
193 720
193 722
193 724
193 725
193 728
193 732
193 733
193 734
193 735
193 736
193 744
193 747
193 749
193 751
193 757
193 759
193 760
193 764
193 768
193 771
193 773
193 774
193 775
193 779
193 790
193 792
194 401
194 402
194 403
194 406
194 408
194 411
194 413
194 415
194 418
194 423
194 424
194 425
194 428
194 437
194 439
194 442
194 443
194 451
194 454
194 457
194 462
194 463
194 467
194 468
194 473
194 479
194 480
194 485
194 489
194 493
194 494
194 495
194 496
194 498
194 499
194 502
194 505
194 510
194 518
194 523
194 527
194 528
194 536
194 538
194 539
194 542
194 546
194 565
194 566
194 577
194 580
194 582
194 584
194 586
194 593
194 594
194 596
194 598
194 605
194 606
194 607
194 610
194 611
194 612
194 613
194 621
194 623
194 624
194 625
194 627
194 628
194 629
194 630
194 632
194 636
194 640
194 642
194 643
194 648
194 651
194 652
194 655
194 656
194 664
194 665
194 669
194 670
194 671
194 672
194 674
194 678
194 680
194 681
194 684
194 685
194 691
194 693
194 701
194 702
194 707
194 711
194 712
194 714
194 717
194 718
194 719
194 724
194 729
194 731
194 736
194 743
194 746
194 747
194 751
194 754
194 755
194 757
194 761
194 774
194 775
194 776
194 780
194 783
194 784
194 787
194 795
194 797
195 401
195 402
195 406
195 408
195 411
195 414
195 415
195 419
195 421
195 425
195 429
195 437
195 439
195 456
195 458
195 460
195 461
195 463
195 464
195 470
195 473
195 477
195 478
195 479
195 483
195 484
195 486
195 489
195 490
195 493
195 499
195 506
195 508
195 511
195 512
195 515
195 516
195 525
195 526
195 527
195 530
195 531
195 533
195 535
195 537
195 541
195 543
195 549
195 556
195 560
195 561
195 563
195 566
195 580
195 583
195 585
195 589
195 590
195 595
195 599
195 600
195 606
195 608
195 609
195 611
195 612
195 614
195 619
195 625
195 626
195 627
195 638
195 649
195 654
195 655
195 660
195 666
195 670
195 676
195 677
195 686
195 687
195 694
195 698
195 702
195 703
195 705
195 708
195 711
195 715
195 716
195 722
195 724
195 734
195 736
195 740
195 746
195 748
195 760
195 764
195 766
195 767
195 772
195 773
195 774
195 777
195 787
195 791
195 793
195 795
195 796
195 799
196 405
196 413
196 418
196 419
196 422
196 423
196 426
196 428
196 433
196 434
196 436
196 438
196 442
196 445
196 447
196 455
196 456
196 462
196 466
196 470
196 472
196 477
196 482
196 486
196 489
196 490
196 502
196 505
196 506
196 507
196 509
196 514
196 516
196 522
196 528
196 541
196 544
196 547
196 548
196 554
196 558
196 563
196 564
196 565
196 569
196 572
196 573
196 575
196 576
196 578
196 581
196 583
196 584
196 593
196 594
196 595
196 597
196 601
196 604
196 618
196 628
196 630
196 632
196 633
196 638
196 639
196 642
196 645
196 653
196 654
196 660
196 661
196 662
196 663
196 666
196 668
196 669
196 675
196 680
196 689
196 690
196 691
196 692
196 693
196 695
196 698
196 700
196 702
196 709
196 711
196 714
196 717
196 718
196 720
196 726
196 734
196 735
196 736
196 739
196 741
196 742
196 749
196 754
196 756
196 762
196 763
196 770
196 775
196 776
196 778
196 779
196 792
196 794
196 796
196 798
197 404
197 406
197 413
197 414
197 415
197 420
197 422
197 423
197 430
197 431
197 433
197 441
197 445
197 448
197 450
197 454
197 457
197 466
197 467
197 468
197 472
197 473
197 474
197 478
197 481
197 483
197 487
197 489
197 491
197 492
197 493
197 497
197 500
197 501
197 503
197 504
197 510
197 513
197 520
197 521
197 525
197 528
197 532
197 541
197 542
197 543
197 544
197 545
197 546
197 549
197 553
197 567
197 576
197 579
197 597
197 601
197 604
197 606
197 608
197 612
197 616
197 617
197 623
197 625
197 626
197 628
197 631
197 632
197 635
197 637
197 641
197 644
197 647
197 649
197 650
197 655
197 659
197 660
197 664
197 667
197 670
197 674
197 678
197 679
197 680
197 681
197 686
197 687
197 688
197 690
197 696
197 697
197 704
197 705
197 711
197 715
197 719
197 722
197 724
197 727
197 729
197 731
197 736
197 737
197 738
197 740
197 742
197 745
197 749
197 750
197 751
197 756
197 762
197 763
197 766
197 769
197 776
197 779
197 789
197 790
197 791
197 794
197 797
197 798
198 406
198 409
198 410
198 411
198 414
198 424
198 427
198 430
198 431
198 434
198 437
198 440
198 442
198 444
198 446
198 449
198 451
198 452
198 454
198 456
198 458
198 461
198 470
198 473
198 476
198 478
198 481
198 484
198 487
198 489
198 490
198 492
198 493
198 496
198 500
198 501
198 502
198 504
198 510
198 517
198 526
198 530
198 532
198 533
198 538
198 539
198 543
198 548
198 549
198 554
198 557
198 559
198 563
198 565
198 568
198 571
198 574
198 576
198 580
198 581
198 588
198 589
198 590
198 606
198 608
198 618
198 619
198 621
198 622
198 627
198 631
198 635
198 636
198 641
198 646
198 651
198 655
198 656
198 664
198 666
198 668
198 669
198 674
198 678
198 680
198 688
198 689
198 693
198 696
198 697
198 699
198 701
198 710
198 719
198 726
198 727
198 731
198 733
198 734
198 735
198 745
198 748
198 751
198 752
198 753
198 754
198 756
198 759
198 769
198 775
198 776
198 777
198 779
198 781
198 785
198 791
198 792
198 798
198 799
199 401
199 408
199 410
199 414
199 415
199 417
199 421
199 422
199 427
199 428
199 436
199 438
199 440
199 444
199 450
199 456
199 457
199 458
199 464
199 468
199 469
199 470
199 480
199 488
199 499
199 505
199 508
199 510
199 511
199 512
199 514
199 515
199 516
199 517
199 521
199 526
199 536
199 539
199 542
199 543
199 545
199 546
199 547
199 557
199 559
199 564
199 565
199 566
199 567
199 568
199 572
199 577
199 578
199 581
199 582
199 583
199 587
199 592
199 593
199 596
199 598
199 600
199 601
199 604
199 607
199 613
199 614
199 615
199 620
199 621
199 626
199 629
199 632
199 633
199 644
199 646
199 647
199 654
199 658
199 660
199 665
199 668
199 669
199 670
199 674
199 675
199 678
199 680
199 682
199 684
199 685
199 687
199 689
199 695
199 696
199 697
199 700
199 701
199 705
199 706
199 707
199 712
199 715
199 723
199 729
199 734
199 739
199 741
199 742
199 743
199 746
199 747
199 750
199 752
199 755
199 757
199 765
199 768
199 769
199 770
199 782
199 783
199 786
199 788
199 789
199 799
200 403
200 407
200 408
200 410
200 411
200 412
200 413
200 420
200 427
200 429
200 431
200 435
200 436
200 438
200 439
200 440
200 446
200 447
200 457
200 458
200 462
200 464
200 477
200 481
200 485
200 488
200 489
200 494
200 496
200 511
200 514
200 517
200 518
200 519
200 525
200 528
200 532
200 534
200 536
200 538
200 540
200 542
200 543
200 547
200 549
200 553
200 557
200 559
200 562
200 565
200 566
200 569
200 571
200 573
200 574
200 575
200 577
200 582
200 592
200 596
200 598
200 599
200 600
200 601
200 602
200 610
200 614
200 625
200 627
200 633
200 635
200 636
200 637
200 639
200 641
200 644
200 646
200 647
200 650
200 652
200 654
200 657
200 659
200 662
200 668
200 672
200 677
200 678
200 684
200 689
200 699
200 700
200 706
200 708
200 710
200 717
200 722
200 723
200 730
200 742
200 744
200 745
200 746
200 748
200 750
200 752
200 753
200 756
200 757
200 759
200 766
200 768
200 771
200 772
200 773
200 781
200 784
200 786
200 790
200 791
200 794
200 796
200 799
201 401
201 402
201 403
201 404
201 415
201 431
201 434
201 435
201 436
201 441
201 442
201 443
201 447
201 462
201 469
201 477
201 478
201 482
201 486
201 487
201 491
201 498
201 504
201 507
201 509
201 513
201 518
201 519
201 521
201 527
201 528
201 530
201 531
201 533
201 534
201 535
201 539
201 540
201 544
201 546
201 547
201 554
201 561
201 562
201 569
201 574
201 577
201 581
201 596
201 599
201 600
201 603
201 605
201 606
201 607
201 610
201 612
201 614
201 618
201 629
201 633
201 635
201 637
201 643
201 647
201 651
201 661
201 673
201 676
201 678
201 679
201 683
201 684
201 694
201 699
201 700
201 702
201 703
201 708
201 710
201 712
201 714
201 715
201 717
201 719
201 721
201 724
201 728
201 733
201 738
201 740
201 741
201 742
201 750
201 751
201 754
201 755
201 760
201 762
201 763
201 768
201 769
201 770
201 771
201 773
201 783
201 786
201 788
201 792
202 407
202 410
202 412
202 416
202 418
202 419
202 421
202 428
202 429
202 430
202 431
202 434
202 438
202 440
202 446
202 448
202 451
202 455
202 464
202 467
202 468
202 469
202 472
202 474
202 477
202 482
202 483
202 484
202 485
202 490
202 492
202 494
202 496
202 499
202 502
202 503
202 504
202 505
202 506
202 508
202 514
202 521
202 522
202 528
202 532
202 538
202 543
202 544
202 549
202 554
202 565
202 566
202 568
202 572
202 573
202 578
202 580
202 582
202 585
202 586
202 591
202 596
202 599
202 600
202 602
202 608
202 609
202 612
202 615
202 618
202 621
202 623
202 629
202 630
202 634
202 637
202 641
202 642
202 644
202 645
202 647
202 650
202 655
202 658
202 663
202 671
202 672
202 675
202 678
202 682
202 684
202 688
202 690
202 692
202 694
202 699
202 701
202 702
202 703
202 705
202 710
202 711
202 715
202 718
202 722
202 725
202 727
202 729
202 733
202 734
202 741
202 744
202 747
202 748
202 751
202 752
202 753
202 754
202 757
202 778
202 786
202 788
202 795
202 796
202 798
203 401
203 402
203 403
203 408
203 409
203 410
203 411
203 416
203 419
203 420
203 421
203 428
203 429
203 430
203 432
203 433
203 434
203 436
203 437
203 443
203 448
203 455
203 461
203 467
203 470
203 472
203 474
203 486
203 487
203 489
203 490
203 494
203 495
203 496
203 500
203 508
203 509
203 513
203 517
203 523
203 526
203 527
203 528
203 530
203 532
203 534
203 538
203 545
203 547
203 553
203 555
203 557
203 559
203 560
203 565
203 566
203 568
203 572
203 575
203 576
203 577
203 580
203 581
203 582
203 583
203 585
203 589
203 591
203 607
203 611
203 612
203 614
203 625
203 626
203 631
203 632
203 633
203 640
203 641
203 649
203 652
203 653
203 654
203 656
203 658
203 661
203 662
203 667
203 668
203 669
203 674
203 676
203 681
203 686
203 688
203 689
203 690
203 691
203 693
203 697
203 698
203 699
203 701
203 707
203 711
203 712
203 713
203 715
203 717
203 718
203 723
203 724
203 729
203 739
203 741
203 744
203 745
203 750
203 754
203 757
203 769
203 774
203 778
203 779
203 780
203 782
203 783
203 784
203 788
203 789
203 791
203 795
203 798
203 799
203 800
204 403
204 405
204 410
204 412
204 413
204 414
204 416
204 418
204 424
204 425
204 426
204 427
204 430
204 440
204 441
204 448
204 450
204 452
204 456
204 457
204 460
204 461
204 462
204 469
204 472
204 473
204 474
204 480
204 483
204 487
204 493
204 500
204 501
204 504
204 506
204 511
204 517
204 519
204 520
204 523
204 526
204 527
204 528
204 529
204 537
204 539
204 540
204 543
204 550
204 552
204 553
204 557
204 561
204 565
204 568
204 569
204 576
204 579
204 581
204 582
204 584
204 585
204 586
204 587
204 590
204 593
204 594
204 604
204 607
204 610
204 613
204 619
204 622
204 626
204 627
204 633
204 644
204 654
204 658
204 660
204 668
204 673
204 674
204 679
204 681
204 684
204 687
204 688
204 693
204 697
204 699
204 700
204 701
204 704
204 710
204 711
204 716
204 717
204 720
204 722
204 724
204 725
204 726
204 727
204 730
204 734
204 735
204 737
204 738
204 739
204 744
204 755
204 758
204 759
204 762
204 764
204 768
204 769
204 772
204 774
204 775
204 782
204 783
204 789
204 792
204 793
204 795
204 800
205 404
205 407
205 411
205 412
205 417
205 427
205 430
205 432
205 436
205 442
205 444
205 453
205 457
205 460
205 461
205 467
205 471
205 472
205 480
205 481
205 482
205 483
205 484
205 485
205 488
205 491
205 492
205 493
205 494
205 496
205 503
205 506
205 507
205 510
205 511
205 515
205 520
205 525
205 526
205 528
205 534
205 535
205 538
205 543
205 544
205 545
205 557
205 561
205 566
205 570
205 574
205 577
205 581
205 582
205 585
205 586
205 590
205 592
205 595
205 597
205 602
205 604
205 607
205 615
205 617
205 619
205 621
205 626
205 628
205 636
205 639
205 640
205 641
205 642
205 645
205 649
205 651
205 652
205 653
205 659
205 663
205 665
205 666
205 667
205 672
205 673
205 676
205 678
205 680
205 681
205 682
205 687
205 689
205 691
205 699
205 700
205 702
205 703
205 706
205 708
205 711
205 717
205 725
205 728
205 747
205 750
205 751
205 756
205 757
205 759
205 766
205 767
205 773
205 781
205 784
205 786
205 787
205 793
205 799
206 403
206 405
206 407
206 411
206 413
206 414
206 420
206 424
206 428
206 434
206 439
206 442
206 443
206 446
206 453
206 459
206 460
206 462
206 464
206 467
206 480
206 487
206 489
206 491
206 493
206 495
206 500
206 503
206 504
206 512
206 518
206 521
206 523
206 536
206 538
206 540
206 542
206 546
206 552
206 553
206 555
206 557
206 559
206 562
206 564
206 569
206 570
206 574
206 576
206 583
206 586
206 590
206 592
206 594
206 595
206 603
206 608
206 610
206 613
206 615
206 620
206 622
206 623
206 628
206 632
206 634
206 635
206 637
206 638
206 639
206 641
206 644
206 646
206 651
206 655
206 659
206 660
206 664
206 665
206 676
206 679
206 683
206 691
206 692
206 696
206 697
206 699
206 701
206 705
206 706
206 707
206 709
206 713
206 715
206 716
206 717
206 718
206 720
206 725
206 727
206 732
206 735
206 736
206 739
206 744
206 748
206 749
206 750
206 753
206 754
206 755
206 757
206 758
206 759
206 763
206 764
206 768
206 769
206 778
206 781
206 784
206 794
207 401
207 405
207 407
207 413
207 414
207 416
207 417
207 418
207 419
207 420
207 421
207 424
207 427
207 428
207 431
207 432
207 438
207 440
207 442
207 444
207 445
207 448
207 452
207 454
207 456
207 458
207 459
207 460
207 462
207 465
207 467
207 469
207 471
207 476
207 478
207 481
207 483
207 485
207 487
207 489
207 491
207 500
207 503
207 505
207 507
207 508
207 513
207 514
207 525
207 528
207 529
207 539
207 540
207 543
207 544
207 545
207 548
207 549
207 550
207 554
207 556
207 558
207 562
207 563
207 564
207 567
207 569
207 570
207 579
207 582
207 590
207 591
207 597
207 601
207 605
207 613
207 619
207 621
207 627
207 629
207 639
207 641
207 643
207 644
207 650
207 651
207 656
207 660
207 664
207 667
207 671
207 672
207 676
207 679
207 680
207 683
207 688
207 691
207 692
207 693
207 696
207 698
207 699
207 703
207 704
207 708
207 710
207 711
207 720
207 723
207 725
207 728
207 729
207 730
207 731
207 739
207 743
207 750
207 751
207 754
207 755
207 757
207 767
207 772
207 774
207 778
207 783
207 789
207 790
207 791
207 794
207 798
208 402
208 405
208 406
208 410
208 413
208 414
208 415
208 417
208 418
208 433
208 437
208 443
208 449
208 451
208 452
208 456
208 459
208 466
208 472
208 476
208 477
208 481
208 487
208 491
208 494
208 495
208 496
208 500
208 503
208 504
208 505
208 507
208 508
208 510
208 518
208 521
208 524
208 525
208 530
208 532
208 534
208 535
208 536
208 538
208 542
208 543
208 545
208 548
208 549
208 550
208 551
208 554
208 556
208 557
208 558
208 562
208 569
208 577
208 578
208 579
208 589
208 592
208 593
208 597
208 598
208 602
208 608
208 609
208 612
208 615
208 616
208 617
208 628
208 630
208 633
208 634
208 636
208 638
208 642
208 649
208 651
208 655
208 657
208 658
208 660
208 663
208 669
208 672
208 674
208 677
208 678
208 682
208 685
208 691
208 694
208 695
208 696
208 701
208 705
208 710
208 714
208 719
208 726
208 727
208 728
208 729
208 732
208 734
208 736
208 737
208 743
208 746
208 747
208 749
208 752
208 753
208 757
208 759
208 760
208 768
208 785
208 787
208 788
209 407
209 408
209 410
209 412
209 413
209 415
209 419
209 420
209 421
209 424
209 425
209 427
209 428
209 430
209 431
209 433
209 438
209 440
209 441
209 443
209 458
209 459
209 461
209 462
209 466
209 476
209 479
209 484
209 487
209 488
209 489
209 490
209 499
209 501
209 507
209 516
209 518
209 519
209 520
209 522
209 524
209 526
209 527
209 530
209 531
209 539
209 543
209 544
209 546
209 547
209 549
209 550
209 551
209 555
209 559
209 562
209 563
209 568
209 569
209 574
209 577
209 579
209 580
209 581
209 582
209 589
209 590
209 591
209 597
209 598
209 600
209 603
209 604
209 606
209 607
209 608
209 620
209 621
209 626
209 629
209 635
209 642
209 644
209 654
209 658
209 666
209 670
209 672
209 675
209 676
209 677
209 679
209 680
209 682
209 695
209 697
209 703
209 713
209 715
209 723
209 737
209 739
209 741
209 744
209 745
209 746
209 750
209 752
209 753
209 758
209 763
209 768
209 769
209 770
209 772
209 776
209 779
209 782
209 783
209 785
209 786
209 792
209 794
209 797
210 403
210 406
210 414
210 416
210 419
210 422
210 423
210 425
210 427
210 430
210 435
210 436
210 446
210 448
210 452
210 457
210 458
210 459
210 465
210 466
210 469
210 470
210 471
210 477
210 486
210 487
210 488
210 495
210 496
210 504
210 505
210 506
210 514
210 517
210 522
210 523
210 524
210 525
210 530
210 533
210 534
210 539
210 544
210 549
210 551
210 552
210 557
210 560
210 562
210 563
210 564
210 569
210 573
210 574
210 578
210 584
210 590
210 591
210 592
210 593
210 594
210 595
210 596
210 598
210 601
210 603
210 609
210 611
210 612
210 613
210 614
210 617
210 621
210 627
210 628
210 636
210 640
210 641
210 643
210 646
210 648
210 649
210 651
210 653
210 656
210 657
210 659
210 661
210 662
210 665
210 666
210 667
210 668
210 669
210 671
210 673
210 678
210 680
210 684
210 686
210 692
210 693
210 695
210 698
210 704
210 706
210 707
210 710
210 718
210 721
210 722
210 730
210 732
210 736
210 737
210 738
210 739
210 743
210 746
210 748
210 749
210 751
210 754
210 755
210 756
210 761
210 762
210 764
210 766
210 773
210 775
210 778
210 780
210 781
210 785
210 786
210 791
210 794
210 795
210 797
210 799
211 401
211 408
211 409
211 416
211 420
211 421
211 427
211 430
211 433
211 434
211 443
211 445
211 446
211 447
211 449
211 457
211 464
211 470
211 472
211 473
211 475
211 477
211 478
211 482
211 486
211 487
211 491
211 493
211 496
211 497
211 498
211 501
211 506
211 507
211 509
211 517
211 519
211 522
211 524
211 528
211 533
211 544
211 545
211 547
211 554
211 557
211 563
211 569
211 578
211 579
211 582
211 583
211 592
211 595
211 602
211 604
211 605
211 613
211 614
211 617
211 627
211 631
211 633
211 634
211 637
211 638
211 639
211 641
211 644
211 646
211 647
211 649
211 652
211 654
211 660
211 669
211 671
211 672
211 673
211 675
211 676
211 677
211 680
211 681
211 683
211 688
211 690
211 695
211 698
211 716
211 717
211 718
211 727
211 728
211 733
211 735
211 736
211 740
211 741
211 744
211 747
211 752
211 753
211 757
211 758
211 759
211 760
211 763
211 764
211 768
211 771
211 775
211 779
211 780
211 784
211 787
211 788
211 790
211 795
211 796
211 800
212 407
212 409
212 410
212 413
212 415
212 418
212 419
212 421
212 424
212 425
212 426
212 427
212 443
212 446
212 451
212 452
212 458
212 460
212 463
212 464
212 468
212 472
212 473
212 474
212 476
212 478
212 479
212 483
212 484
212 485
212 486
212 489
212 492
212 496
212 502
212 506
212 509
212 511
212 512
212 513
212 518
212 521
212 532
212 533
212 535
212 536
212 537
212 542
212 544
212 547
212 550
212 552
212 555
212 560
212 561
212 562
212 569
212 570
212 574
212 575
212 577
212 582
212 593
212 599
212 601
212 606
212 607
212 608
212 609
212 612
212 615
212 616
212 619
212 625
212 630
212 632
212 637
212 638
212 643
212 645
212 646
212 648
212 649
212 659
212 661
212 665
212 667
212 670
212 672
212 674
212 675
212 677
212 679
212 680
212 685
212 686
212 692
212 701
212 702
212 711
212 716
212 718
212 719
212 723
212 724
212 725
212 727
212 728
212 732
212 733
212 736
212 740
212 744
212 756
212 758
212 760
212 761
212 772
212 774
212 780
212 789
212 799
212 800
213 403
213 405
213 407
213 409
213 411
213 412
213 413
213 421
213 427
213 428
213 429
213 430
213 434
213 436
213 438
213 440
213 442
213 443
213 445
213 451
213 462
213 463
213 466
213 472
213 477
213 480
213 481
213 484
213 492
213 494
213 498
213 499
213 501
213 507
213 511
213 512
213 513
213 516
213 521
213 524
213 539
213 542
213 547
213 549
213 554
213 555
213 556
213 557
213 558
213 561
213 567
213 571
213 576
213 580
213 585
213 587
213 590
213 595
213 596
213 600
213 601
213 603
213 607
213 609
213 615
213 617
213 619
213 620
213 623
213 626
213 630
213 637
213 647
213 649
213 650
213 653
213 656
213 659
213 662
213 663
213 667
213 673
213 675
213 676
213 682
213 687
213 688
213 689
213 691
213 693
213 696
213 699
213 702
213 705
213 719
213 722
213 723
213 728
213 729
213 731
213 735
213 737
213 739
213 740
213 742
213 744
213 766
213 768
213 770
213 785
213 795
213 799
214 401
214 402
214 404
214 411
214 414
214 417
214 418
214 419
214 420
214 422
214 423
214 427
214 432
214 433
214 436
214 437
214 442
214 461
214 463
214 464
214 468
214 470
214 474
214 476
214 478
214 480
214 483
214 485
214 488
214 492
214 493
214 495
214 501
214 502
214 503
214 505
214 511
214 512
214 515
214 526
214 528
214 530
214 532
214 534
214 540
214 545
214 547
214 549
214 550
214 551
214 554
214 555
214 556
214 558
214 567
214 569
214 573
214 576
214 583
214 601
214 602
214 603
214 604
214 606
214 614
214 615
214 616
214 620
214 622
214 623
214 627
214 629
214 636
214 637
214 640
214 643
214 646
214 650
214 652
214 653
214 654
214 658
214 659
214 660
214 663
214 667
214 668
214 680
214 681
214 682
214 684
214 685
214 686
214 687
214 688
214 692
214 693
214 694
214 699
214 700
214 701
214 705
214 710
214 713
214 719
214 721
214 722
214 725
214 730
214 734
214 737
214 739
214 740
214 745
214 746
214 752
214 755
214 759
214 762
214 763
214 775
214 777
214 785
214 786
214 790
214 793
215 403
215 404
215 406
215 408
215 411
215 416
215 418
215 426
215 429
215 439
215 442
215 444
215 446
215 447
215 448
215 451
215 454
215 459
215 467
215 479
215 482
215 486
215 488
215 491
215 494
215 496
215 497
215 503
215 507
215 508
215 510
215 514
215 522
215 531
215 532
215 533
215 535
215 536
215 541
215 547
215 553
215 554
215 555
215 560
215 567
215 569
215 572
215 581
215 582
215 583
215 584
215 585
215 586
215 588
215 590
215 592
215 596
215 602
215 606
215 617
215 619
215 642
215 644
215 646
215 649
215 651
215 652
215 655
215 656
215 658
215 659
215 666
215 667
215 669
215 677
215 678
215 680
215 683
215 687
215 688
215 689
215 693
215 694
215 695
215 696
215 697
215 698
215 702
215 703
215 709
215 710
215 712
215 717
215 718
215 720
215 724
215 729
215 734
215 735
215 739
215 740
215 741
215 742
215 744
215 747
215 758
215 769
215 771
215 772
215 780
215 791
215 797
215 799
216 402
216 408
216 410
216 411
216 412
216 418
216 427
216 428
216 429
216 432
216 434
216 438
216 440
216 441
216 442
216 449
216 451
216 452
216 453
216 458
216 462
216 466
216 467
216 472
216 473
216 476
216 481
216 482
216 483
216 487
216 490
216 492
216 494
216 497
216 498
216 499
216 502
216 503
216 511
216 512
216 514
216 516
216 518
216 519
216 520
216 521
216 522
216 527
216 540
216 546
216 550
216 553
216 557
216 561
216 565
216 572
216 579
216 584
216 588
216 592
216 600
216 602
216 613
216 615
216 622
216 623
216 625
216 629
216 631
216 632
216 633
216 634
216 637
216 638
216 642
216 643
216 645
216 647
216 649
216 651
216 655
216 656
216 661
216 663
216 669
216 680
216 681
216 686
216 687
216 690
216 692
216 699
216 715
216 720
216 726
216 727
216 730
216 732
216 736
216 737
216 750
216 752
216 753
216 754
216 755
216 757
216 758
216 761
216 763
216 771
216 774
216 775
216 786
216 787
216 788
216 790
216 791
216 793
216 794
216 798
216 800
217 404
217 405
217 406
217 411
217 412
217 415
217 425
217 427
217 428
217 429
217 431
217 439
217 441
217 442
217 444
217 448
217 455
217 458
217 459
217 460
217 462
217 464
217 468
217 469
217 471
217 473
217 477
217 478
217 479
217 480
217 483
217 485
217 486
217 489
217 490
217 495
217 500
217 501
217 503
217 508
217 509
217 513
217 515
217 517
217 521
217 523
217 526
217 529
217 533
217 534
217 540
217 541
217 546
217 548
217 549
217 557
217 558
217 559
217 563
217 565
217 566
217 571
217 574
217 576
217 577
217 579
217 590
217 592
217 597
217 600
217 602
217 603
217 604
217 607
217 608
217 609
217 614
217 616
217 620
217 622
217 628
217 632
217 636
217 637
217 646
217 647
217 648
217 653
217 655
217 658
217 659
217 663
217 666
217 672
217 673
217 675
217 676
217 681
217 684
217 685
217 692
217 699
217 700
217 701
217 703
217 707
217 709
217 711
217 718
217 727
217 729
217 735
217 741
217 742
217 744
217 746
217 747
217 749
217 750
217 753
217 755
217 762
217 764
217 766
217 767
217 771
217 772
217 775
217 778
217 784
217 786
217 790
217 791
217 795
217 796
217 798
218 403
218 404
218 406
218 408
218 411
218 412
218 413
218 414
218 415
218 421
218 425
218 433
218 435
218 438
218 442
218 445
218 451
218 453
218 459
218 464
218 465
218 470
218 473
218 477
218 481
218 484
218 488
218 489
218 491
218 496
218 501
218 502
218 503
218 504
218 505
218 506
218 507
218 509
218 511
218 514
218 518
218 519
218 520
218 522
218 523
218 529
218 534
218 536
218 544
218 547
218 549
218 555
218 556
218 561
218 564
218 570
218 571
218 573
218 575
218 576
218 577
218 581
218 582
218 583
218 584
218 587
218 593
218 602
218 604
218 609
218 616
218 618
218 624
218 625
218 628
218 635
218 636
218 637
218 639
218 640
218 644
218 646
218 647
218 651
218 652
218 657
218 658
218 664
218 666
218 669
218 670
218 671
218 674
218 681
218 683
218 684
218 685
218 686
218 687
218 688
218 689
218 690
218 696
218 699
218 702
218 703
218 704
218 707
218 709
218 713
218 715
218 727
218 728
218 736
218 749
218 750
218 754
218 767
218 769
218 771
218 779
218 780
218 781
218 784
218 785
218 789
218 790
219 401
219 405
219 409
219 410
219 424
219 425
219 426
219 428
219 429
219 438
219 439
219 440
219 445
219 447
219 450
219 454
219 457
219 460
219 461
219 463
219 467
219 470
219 475
219 476
219 477
219 479
219 480
219 482
219 487
219 488
219 489
219 491
219 498
219 500
219 504
219 507
219 509
219 510
219 513
219 522
219 523
219 526
219 528
219 530
219 531
219 534
219 536
219 537
219 538
219 540
219 549
219 553
219 555
219 556
219 561
219 562
219 566
219 573
219 578
219 579
219 582
219 583
219 586
219 593
219 594
219 596
219 598
219 603
219 604
219 606
219 611
219 612
219 613
219 632
219 635
219 640
219 641
219 645
219 647
219 657
219 663
219 666
219 676
219 680
219 681
219 686
219 688
219 695
219 697
219 698
219 699
219 700
219 701
219 704
219 708
219 713
219 715
219 719
219 720
219 724
219 725
219 730
219 732
219 737
219 739
219 742
219 745
219 748
219 749
219 751
219 754
219 756
219 759
219 762
219 764
219 771
219 772
219 780
219 782
219 792
219 796
219 800
220 402
220 403
220 408
220 412
220 414
220 417
220 424
220 425
220 427
220 428
220 436
220 439
220 441
220 443
220 444
220 445
220 447
220 448
220 451
220 453
220 457
220 463
220 470
220 472
220 474
220 480
220 481
220 483
220 489
220 494
220 495
220 498
220 500
220 503
220 506
220 510
220 512
220 517
220 523
220 537
220 538
220 544
220 547
220 548
220 549
220 554
220 556
220 558
220 560
220 562
220 563
220 568
220 572
220 575
220 579
220 580
220 583
220 584
220 585
220 587
220 588
220 592
220 595
220 599
220 600
220 601
220 602
220 608
220 609
220 610
220 612
220 613
220 616
220 621
220 623
220 624
220 627
220 629
220 634
220 635
220 636
220 641
220 642
220 643
220 645
220 646
220 649
220 653
220 655
220 658
220 659
220 663
220 664
220 673
220 677
220 680
220 685
220 695
220 696
220 699
220 701
220 705
220 716
220 717
220 724
220 725
220 729
220 731
220 737
220 748
220 758
220 761
220 774
220 775
220 777
220 778
220 784
220 785
220 794
220 796
220 798
221 403
221 409
221 414
221 421
221 428
221 429
221 433
221 439
221 440
221 441
221 443
221 448
221 449
221 458
221 467
221 473
221 478
221 480
221 489
221 490
221 492
221 501
221 507
221 510
221 514
221 515
221 518
221 519
221 525
221 529
221 532
221 535
221 538
221 539
221 540
221 541
221 542
221 546
221 547
221 555
221 556
221 560
221 562
221 568
221 569
221 575
221 577
221 579
221 582
221 583
221 586
221 588
221 589
221 591
221 602
221 606
221 607
221 609
221 613
221 615
221 619
221 627
221 629
221 638
221 642
221 644
221 645
221 646
221 654
221 655
221 658
221 661
221 672
221 694
221 697
221 700
221 701
221 704
221 705
221 706
221 708
221 709
221 710
221 713
221 716
221 720
221 722
221 726
221 727
221 728
221 732
221 733
221 738
221 741
221 742
221 743
221 745
221 748
221 751
221 759
221 762
221 764
221 765
221 767
221 774
221 778
221 780
221 781
221 783
221 785
221 788
221 790
221 791
221 792
221 794
221 796
221 797
222 403
222 407
222 411
222 413
222 415
222 416
222 418
222 422
222 423
222 429
222 442
222 450
222 451
222 455
222 458
222 462
222 468
222 470
222 475
222 476
222 484
222 485
222 487
222 490
222 492
222 493
222 498
222 509
222 510
222 511
222 516
222 518
222 521
222 526
222 530
222 536
222 539
222 541
222 543
222 545
222 546
222 548
222 552
222 553
222 554
222 557
222 561
222 562
222 565
222 571
222 573
222 575
222 578
222 580
222 583
222 584
222 585
222 586
222 590
222 591
222 592
222 595
222 597
222 608
222 613
222 617
222 619
222 620
222 621
222 630
222 632
222 633
222 639
222 641
222 646
222 647
222 648
222 653
222 654
222 661
222 666
222 669
222 677
222 681
222 684
222 689
222 691
222 695
222 700
222 701
222 704
222 705
222 709
222 713
222 716
222 723
222 726
222 727
222 736
222 738
222 740
222 743
222 745
222 750
222 754
222 756
222 758
222 768
222 772
222 776
222 777
222 779
222 782
222 784
222 792
222 799
223 403
223 406
223 407
223 408
223 411
223 419
223 421
223 424
223 426
223 427
223 429
223 431
223 442
223 445
223 446
223 448
223 453
223 455
223 456
223 461
223 470
223 480
223 482
223 485
223 490
223 493
223 498
223 501
223 502
223 503
223 505
223 513
223 515
223 521
223 524
223 528
223 531
223 533
223 544
223 549
223 550
223 551
223 552
223 556
223 564
223 565
223 566
223 570
223 578
223 579
223 582
223 584
223 585
223 587
223 589
223 590
223 602
223 603
223 607
223 609
223 613
223 614
223 617
223 620
223 626
223 628
223 633
223 635
223 637
223 644
223 649
223 652
223 654
223 660
223 661
223 663
223 669
223 670
223 673
223 674
223 676
223 679
223 681
223 685
223 687
223 689
223 695
223 697
223 698
223 704
223 709
223 710
223 711
223 724
223 725
223 727
223 735
223 738
223 744
223 746
223 752
223 758
223 763
223 766
223 767
223 771
223 772
223 778
223 784
223 787
223 794
223 795
224 401
224 402
224 404
224 408
224 412
224 415
224 416
224 424
224 427
224 433
224 434
224 442
224 443
224 445
224 446
224 450
224 451
224 454
224 465
224 466
224 474
224 479
224 483
224 488
224 496
224 497
224 498
224 500
224 503
224 507
224 510
224 513
224 514
224 517
224 531
224 535
224 537
224 539
224 543
224 548
224 551
224 554
224 558
224 560
224 562
224 563
224 567
224 568
224 572
224 575
224 584
224 586
224 587
224 589
224 590
224 599
224 603
224 604
224 608
224 613
224 615
224 617
224 618
224 622
224 631
224 634
224 636
224 639
224 645
224 646
224 647
224 663
224 667
224 670
224 672
224 674
224 676
224 680
224 684
224 690
224 691
224 697
224 701
224 702
224 705
224 709
224 718
224 719
224 720
224 722
224 725
224 728
224 729
224 732
224 733
224 734
224 738
224 739
224 744
224 747
224 755
224 756
224 758
224 763
224 769
224 770
224 772
224 773
224 774
224 776
224 778
224 779
224 781
224 790
224 795
224 798
225 405
225 421
225 425
225 427
225 428
225 431
225 433
225 436
225 438
225 439
225 443
225 451
225 452
225 453
225 454
225 457
225 461
225 465
225 471
225 482
225 485
225 487
225 490
225 495
225 505
225 506
225 515
225 517
225 519
225 525
225 526
225 527
225 528
225 530
225 533
225 535
225 543
225 553
225 556
225 559
225 560
225 562
225 563
225 567
225 572
225 574
225 578
225 579
225 584
225 588
225 591
225 593
225 595
225 601
225 602
225 609
225 610
225 611
225 623
225 626
225 632
225 634
225 639
225 649
225 654
225 656
225 666
225 667
225 669
225 670
225 672
225 675
225 682
225 685
225 686
225 691
225 694
225 695
225 696
225 702
225 703
225 704
225 705
225 706
225 708
225 711
225 712
225 717
225 720
225 734
225 736
225 738
225 743
225 744
225 746
225 751
225 753
225 757
225 763
225 767
225 770
225 774
225 779
225 780
225 783
225 784
225 785
225 786
225 792
225 795
225 797
226 402
226 407
226 410
226 411
226 416
226 418
226 420
226 427
226 428
226 429
226 431
226 432
226 434
226 435
226 437
226 443
226 444
226 446
226 451
226 453
226 457
226 459
226 460
226 466
226 469
226 470
226 474
226 475
226 476
226 480
226 482
226 494
226 497
226 505
226 507
226 511
226 514
226 516
226 519
226 524
226 527
226 531
226 537
226 538
226 543
226 546
226 547
226 551
226 555
226 557
226 567
226 569
226 570
226 572
226 575
226 578
226 587
226 594
226 595
226 599
226 604
226 609
226 610
226 612
226 614
226 615
226 617
226 618
226 619
226 621
226 623
226 637
226 638
226 640
226 641
226 642
226 649
226 651
226 653
226 656
226 662
226 665
226 667
226 672
226 678
226 679
226 682
226 694
226 695
226 698
226 701
226 704
226 709
226 712
226 714
226 716
226 719
226 727
226 728
226 735
226 737
226 743
226 749
226 754
226 755
226 756
226 759
226 763
226 765
226 768
226 770
226 771
226 773
226 774
226 780
226 783
226 791
226 797
226 799
226 800
227 403
227 406
227 408
227 409
227 416
227 418
227 423
227 424
227 426
227 428
227 430
227 433
227 436
227 438
227 441
227 448
227 453
227 455
227 467
227 471
227 474
227 478
227 480
227 482
227 484
227 493
227 495
227 499
227 500
227 503
227 509
227 510
227 514
227 519
227 520
227 523
227 528
227 530
227 535
227 538
227 539
227 540
227 545
227 547
227 548
227 550
227 552
227 556
227 563
227 564
227 565
227 568
227 571
227 574
227 577
227 578
227 589
227 590
227 593
227 594
227 596
227 597
227 600
227 603
227 605
227 610
227 618
227 621
227 624
227 628
227 630
227 632
227 636
227 637
227 639
227 643
227 645
227 647
227 651
227 659
227 660
227 661
227 663
227 665
227 667
227 669
227 671
227 675
227 677
227 680
227 683
227 684
227 689
227 691
227 699
227 701
227 704
227 705
227 706
227 716
227 722
227 725
227 727
227 736
227 737
227 739
227 762
227 763
227 766
227 773
227 789
227 792
227 794
227 800
228 401
228 411
228 418
228 419
228 422
228 423
228 424
228 425
228 426
228 427
228 431
228 437
228 444
228 452
228 459
228 463
228 467
228 469
228 472
228 474
228 476
228 477
228 479
228 480
228 481
228 485
228 492
228 494
228 496
228 501
228 503
228 507
228 513
228 514
228 515
228 516
228 517
228 522
228 523
228 524
228 527
228 529
228 530
228 537
228 540
228 541
228 542
228 543
228 545
228 549
228 552
228 553
228 561
228 564
228 568
228 572
228 573
228 575
228 579
228 581
228 582
228 584
228 587
228 591
228 593
228 594
228 601
228 604
228 610
228 614
228 616
228 618
228 621
228 628
228 630
228 635
228 637
228 640
228 643
228 644
228 645
228 647
228 648
228 650
228 658
228 664
228 666
228 667
228 672
228 682
228 683
228 686
228 688
228 694
228 695
228 701
228 708
228 710
228 711
228 713
228 714
228 718
228 719
228 736
228 742
228 751
228 752
228 755
228 757
228 758
228 760
228 761
228 766
228 772
228 776
228 780
228 781
228 787
228 789
228 791
228 793
228 794
228 795
228 796
228 799
228 800
229 404
229 405
229 421
229 427
229 430
229 431
229 436
229 439
229 440
229 441
229 442
229 443
229 452
229 453
229 454
229 458
229 461
229 465
229 466
229 475
229 480
229 484
229 485
229 492
229 493
229 498
229 499
229 501
229 502
229 506
229 509
229 510
229 514
229 523
229 524
229 526
229 530
229 532
229 533
229 535
229 538
229 539
229 541
229 542
229 543
229 554
229 557
229 561
229 564
229 566
229 571
229 576
229 581
229 586
229 590
229 595
229 597
229 600
229 603
229 606
229 608
229 609
229 610
229 613
229 616
229 620
229 621
229 622
229 623
229 625
229 631
229 634
229 638
229 644
229 649
229 651
229 653
229 660
229 661
229 663
229 670
229 683
229 687
229 688
229 691
229 705
229 706
229 709
229 713
229 715
229 718
229 719
229 721
229 723
229 724
229 729
229 732
229 733
229 740
229 747
229 749
229 754
229 757
229 759
229 760
229 765
229 767
229 773
229 774
229 781
229 784
229 785
229 789
229 794
229 799
229 800
230 401
230 402
230 404
230 406
230 409
230 411
230 413
230 414
230 416
230 419
230 420
230 421
230 424
230 425
230 428
230 430
230 432
230 440
230 446
230 449
230 450
230 452
230 453
230 456
230 458
230 463
230 465
230 471
230 477
230 478
230 481
230 482
230 486
230 490
230 494
230 495
230 503
230 507
230 513
230 515
230 516
230 518
230 524
230 530
230 541
230 542
230 546
230 549
230 552
230 554
230 557
230 559
230 566
230 569
230 572
230 574
230 578
230 583
230 586
230 590
230 595
230 599
230 600
230 601
230 606
230 608
230 609
230 618
230 620
230 630
230 631
230 632
230 633
230 635
230 637
230 640
230 641
230 642
230 643
230 646
230 647
230 648
230 649
230 650
230 651
230 652
230 655
230 658
230 660
230 666
230 673
230 679
230 682
230 683
230 684
230 688
230 689
230 698
230 699
230 700
230 710
230 718
230 719
230 724
230 729
230 730
230 732
230 733
230 735
230 737
230 740
230 742
230 744
230 746
230 750
230 754
230 763
230 765
230 769
230 770
230 773
230 774
230 780
230 783
230 784
230 786
230 788
230 793
230 794
230 796
230 798
231 401
231 402
231 403
231 405
231 411
231 413
231 414
231 419
231 425
231 427
231 431
231 432
231 434
231 436
231 438
231 442
231 446
231 448
231 454
231 455
231 457
231 459
231 462
231 464
231 465
231 468
231 469
231 475
231 477
231 478
231 480
231 482
231 485
231 486
231 493
231 495
231 501
231 508
231 509
231 511
231 517
231 518
231 522
231 524
231 526
231 530
231 531
231 532
231 533
231 537
231 539
231 540
231 541
231 549
231 553
231 556
231 557
231 558
231 562
231 566
231 567
231 568
231 570
231 576
231 579
231 591
231 597
231 598
231 601
231 602
231 605
231 607
231 612
231 613
231 614
231 615
231 618
231 629
231 636
231 638
231 639
231 642
231 647
231 648
231 658
231 661
231 662
231 665
231 667
231 668
231 671
231 672
231 675
231 677
231 682
231 687
231 694
231 696
231 700
231 702
231 703
231 705
231 709
231 710
231 711
231 712
231 713
231 717
231 718
231 726
231 729
231 732
231 734
231 738
231 739
231 749
231 752
231 754
231 755
231 762
231 764
231 765
231 771
231 772
231 775
231 776
231 777
231 784
231 799
231 800
232 403
232 407
232 409
232 417
232 418
232 419
232 426
232 429
232 432
232 439
232 442
232 455
232 456
232 458
232 459
232 460
232 461
232 467
232 471
232 472
232 473
232 476
232 480
232 483
232 487
232 491
232 494
232 495
232 496
232 503
232 507
232 508
232 513
232 514
232 517
232 519
232 523
232 528
232 529
232 531
232 532
232 536
232 538
232 539
232 541
232 545
232 548
232 549
232 554
232 556
232 558
232 561
232 563
232 565
232 566
232 568
232 569
232 570
232 574
232 578
232 583
232 584
232 585
232 590
232 591
232 592
232 595
232 597
232 599
232 601
232 607
232 608
232 609
232 620
232 623
232 626
232 630
232 634
232 635
232 636
232 640
232 642
232 643
232 651
232 652
232 653
232 659
232 661
232 665
232 670
232 674
232 675
232 678
232 682
232 687
232 689
232 691
232 692
232 696
232 699
232 701
232 712
232 714
232 715
232 719
232 723
232 726
232 727
232 738
232 740
232 743
232 746
232 754
232 760
232 763
232 766
232 767
232 768
232 772
232 775
232 779
232 788
232 790
232 792
232 794
232 797
232 800
233 403
233 404
233 405
233 406
233 408
233 414
233 415
233 418
233 420
233 423
233 428
233 433
233 437
233 438
233 439
233 441
233 444
233 445
233 448
233 449
233 450
233 452
233 453
233 454
233 459
233 462
233 467
233 468
233 469
233 473
233 474
233 479
233 480
233 481
233 483
233 486
233 493
233 495
233 497
233 500
233 501
233 506
233 509
233 513
233 516
233 518
233 519
233 520
233 521
233 522
233 523
233 530
233 536
233 545
233 546
233 548
233 550
233 554
233 560
233 563
233 564
233 567
233 570
233 571
233 573
233 574
233 575
233 576
233 580
233 586
233 588
233 589
233 592
233 594
233 598
233 600
233 606
233 607
233 608
233 609
233 611
233 617
233 624
233 625
233 626
233 629
233 630
233 635
233 637
233 642
233 643
233 645
233 648
233 649
233 650
233 651
233 658
233 660
233 661
233 662
233 665
233 666
233 667
233 674
233 677
233 678
233 680
233 683
233 684
233 686
233 687
233 692
233 694
233 698
233 702
233 705
233 706
233 710
233 712
233 717
233 721
233 730
233 731
233 732
233 735
233 739
233 743
233 749
233 760
233 761
233 767
233 768
233 772
233 775
233 779
233 780
233 783
233 785
233 787
233 788
233 790
233 792
233 793
233 798
234 403
234 405
234 406
234 407
234 408
234 410
234 411
234 412
234 414
234 417
234 421
234 423
234 429
234 430
234 432
234 435
234 436
234 438
234 440
234 445
234 448
234 458
234 459
234 461
234 466
234 470
234 471
234 476
234 480
234 481
234 482
234 485
234 496
234 497
234 499
234 502
234 506
234 511
234 516
234 519
234 523
234 524
234 532
234 536
234 540
234 542
234 548
234 550
234 551
234 554
234 555
234 558
234 560
234 562
234 571
234 574
234 575
234 577
234 578
234 579
234 585
234 586
234 587
234 590
234 593
234 596
234 604
234 605
234 606
234 608
234 610
234 611
234 614
234 615
234 630
234 632
234 637
234 642
234 643
234 646
234 650
234 653
234 657
234 661
234 663
234 669
234 670
234 673
234 676
234 677
234 680
234 683
234 684
234 686
234 688
234 690
234 691
234 694
234 695
234 700
234 709
234 710
234 713
234 718
234 719
234 722
234 725
234 726
234 728
234 731
234 735
234 745
234 748
234 749
234 751
234 755
234 757
234 759
234 766
234 769
234 771
234 774
234 784
234 786
234 788
234 791
234 792
234 794
234 797
234 799
234 800
235 404
235 405
235 409
235 410
235 413
235 414
235 416
235 417
235 420
235 424
235 428
235 430
235 431
235 435
235 439
235 442
235 445
235 448
235 449
235 450
235 451
235 452
235 454
235 457
235 460
235 463
235 464
235 467
235 469
235 476
235 477
235 479
235 480
235 487
235 493
235 494
235 509
235 515
235 518
235 523
235 527
235 534
235 538
235 541
235 542
235 549
235 550
235 551
235 552
235 553
235 555
235 557
235 559
235 562
235 563
235 579
235 581
235 584
235 592
235 594
235 597
235 601
235 603
235 607
235 613
235 621
235 625
235 631
235 637
235 640
235 641
235 643
235 646
235 648
235 650
235 651
235 652
235 655
235 661
235 666
235 674
235 676
235 679
235 680
235 682
235 685
235 688
235 690
235 692
235 693
235 694
235 696
235 698
235 701
235 705
235 706
235 709
235 710
235 716
235 718
235 720
235 722
235 729
235 738
235 743
235 744
235 745
235 746
235 747
235 750
235 754
235 755
235 759
235 761
235 765
235 767
235 769
235 775
235 777
235 779
235 780
235 787
235 791
235 792
235 793
235 798
236 401
236 403
236 405
236 406
236 407
236 408
236 409
236 412
236 415
236 433
236 434
236 438
236 440
236 451
236 456
236 461
236 464
236 466
236 469
236 471
236 472
236 481
236 484
236 486
236 487
236 488
236 492
236 496
236 502
236 506
236 508
236 509
236 512
236 515
236 516
236 523
236 528
236 533
236 536
236 543
236 544
236 548
236 550
236 551
236 554
236 555
236 561
236 564
236 566
236 567
236 568
236 569
236 570
236 575
236 579
236 580
236 586
236 587
236 588
236 589
236 590
236 596
236 597
236 600
236 602
236 605
236 606
236 608
236 615
236 616
236 617
236 620
236 621
236 624
236 629
236 630
236 633
236 635
236 637
236 645
236 652
236 655
236 657
236 659
236 665
236 666
236 667
236 675
236 678
236 680
236 687
236 690
236 692
236 702
236 706
236 710
236 711
236 712
236 713
236 714
236 715
236 717
236 726
236 730
236 732
236 734
236 735
236 738
236 739
236 740
236 742
236 743
236 754
236 761
236 762
236 765
236 766
236 768
236 769
236 770
236 774
236 776
236 777
236 789
236 795
236 796
237 401
237 403
237 406
237 408
237 412
237 413
237 417
237 420
237 421
237 423
237 430
237 436
237 438
237 443
237 446
237 450
237 458
237 461
237 462
237 465
237 468
237 473
237 475
237 478
237 484
237 486
237 488
237 491
237 493
237 496
237 500
237 504
237 505
237 507
237 508
237 518
237 520
237 522
237 536
237 540
237 543
237 545
237 552
237 554
237 563
237 565
237 566
237 576
237 578
237 579
237 582
237 586
237 594
237 596
237 598
237 603
237 606
237 611
237 613
237 614
237 617
237 624
237 628
237 629
237 630
237 633
237 637
237 650
237 651
237 655
237 656
237 657
237 662
237 663
237 671
237 672
237 674
237 675
237 677
237 682
237 686
237 687
237 691
237 692
237 693
237 694
237 695
237 698
237 699
237 702
237 705
237 710
237 712
237 716
237 722
237 724
237 726
237 727
237 728
237 729
237 731
237 736
237 739
237 742
237 743
237 749
237 761
237 762
237 769
237 771
237 772
237 773
237 777
237 778
237 779
237 780
237 781
237 783
237 785
237 790
237 792
237 795
237 796
237 797
238 401
238 405
238 406
238 408
238 409
238 410
238 411
238 412
238 415
238 417
238 425
238 430
238 431
238 433
238 439
238 442
238 446
238 447
238 451
238 462
238 470
238 471
238 474
238 476
238 479
238 481
238 482
238 483
238 489
238 492
238 497
238 499
238 502
238 524
238 527
238 529
238 531
238 533
238 538
238 541
238 545
238 547
238 551
238 553
238 555
238 558
238 559
238 560
238 561
238 566
238 569
238 572
238 573
238 577
238 579
238 584
238 585
238 586
238 590
238 592
238 593
238 594
238 595
238 596
238 598
238 601
238 603
238 604
238 615
238 616
238 617
238 618
238 621
238 624
238 625
238 629
238 631
238 633
238 635
238 637
238 640
238 641
238 642
238 644
238 646
238 647
238 649
238 650
238 654
238 659
238 663
238 665
238 666
238 670
238 671
238 672
238 675
238 678
238 682
238 683
238 685
238 686
238 693
238 699
238 701
238 703
238 704
238 706
238 709
238 713
238 714
238 716
238 720
238 723
238 736
238 740
238 741
238 742
238 750
238 752
238 761
238 765
238 766
238 768
238 771
238 772
238 787
238 793
238 798
238 799
239 401
239 403
239 404
239 408
239 416
239 417
239 421
239 423
239 431
239 433
239 435
239 439
239 444
239 448
239 449
239 453
239 456
239 459
239 460
239 463
239 464
239 467
239 472
239 475
239 482
239 483
239 487
239 489
239 490
239 492
239 504
239 509
239 510
239 518
239 519
239 524
239 532
239 533
239 534
239 541
239 546
239 549
239 550
239 551
239 556
239 570
239 571
239 580
239 588
239 590
239 591
239 595
239 598
239 599
239 601
239 603
239 613
239 621
239 622
239 624
239 627
239 629
239 631
239 635
239 638
239 639
239 643
239 644
239 649
239 653
239 655
239 668
239 670
239 672
239 679
239 693
239 694
239 699
239 711
239 712
239 718
239 721
239 722
239 723
239 725
239 726
239 733
239 736
239 738
239 739
239 742
239 745
239 747
239 750
239 757
239 758
239 761
239 771
239 772
239 775
239 778
239 783
239 790
239 795
240 423
240 424
240 425
240 426
240 434
240 435
240 436
240 443
240 446
240 453
240 456
240 460
240 463
240 466
240 467
240 468
240 482
240 486
240 488
240 489
240 490
240 493
240 500
240 501
240 502
240 506
240 507
240 509
240 516
240 518
240 519
240 520
240 521
240 524
240 526
240 528
240 537
240 538
240 543
240 545
240 557
240 561
240 566
240 567
240 578
240 580
240 582
240 587
240 588
240 603
240 604
240 610
240 612
240 618
240 620
240 624
240 625
240 626
240 632
240 639
240 640
240 653
240 655
240 664
240 667
240 672
240 673
240 674
240 677
240 678
240 681
240 690
240 699
240 702
240 705
240 706
240 707
240 714
240 717
240 719
240 720
240 725
240 726
240 727
240 730
240 733
240 734
240 744
240 748
240 749
240 752
240 753
240 754
240 759
240 762
240 767
240 768
240 772
240 780
240 781
240 783
240 787
240 794
240 798
240 799
241 401
241 403
241 407
241 408
241 411
241 417
241 422
241 428
241 435
241 437
241 445
241 449
241 450
241 453
241 459
241 461
241 462
241 464
241 467
241 472
241 474
241 475
241 476
241 477
241 479
241 480
241 481
241 493
241 500
241 504
241 505
241 511
241 517
241 524
241 528
241 531
241 534
241 536
241 542
241 543
241 547
241 553
241 557
241 559
241 565
241 567
241 571
241 573
241 579
241 586
241 587
241 590
241 593
241 594
241 595
241 598
241 600
241 606
241 608
241 610
241 612
241 614
241 615
241 617
241 623
241 624
241 636
241 639
241 647
241 657
241 658
241 659
241 667
241 668
241 669
241 670
241 671
241 674
241 676
241 679
241 688
241 691
241 693
241 699
241 702
241 704
241 705
241 708
241 711
241 716
241 719
241 720
241 721
241 726
241 736
241 740
241 746
241 751
241 756
241 757
241 758
241 763
241 771
241 780
241 787
241 790
241 793
241 798
242 401
242 402
242 404
242 407
242 409
242 410
242 415
242 416
242 417
242 419
242 421
242 422
242 424
242 425
242 426
242 431
242 432
242 433
242 437
242 444
242 449
242 454
242 457
242 458
242 460
242 461
242 468
242 476
242 479
242 486
242 488
242 494
242 496
242 504
242 508
242 511
242 512
242 513
242 516
242 522
242 524
242 525
242 529
242 534
242 536
242 537
242 540
242 542
242 547
242 549
242 551
242 562
242 566
242 570
242 571
242 573
242 576
242 581
242 584
242 586
242 587
242 589
242 591
242 594
242 595
242 597
242 601
242 605
242 606
242 609
242 610
242 612
242 623
242 627
242 630
242 634
242 635
242 638
242 653
242 655
242 657
242 659
242 660
242 661
242 662
242 664
242 665
242 670
242 674
242 676
242 677
242 682
242 688
242 689
242 690
242 692
242 695
242 696
242 697
242 699
242 707
242 712
242 713
242 718
242 726
242 728
242 729
242 732
242 733
242 737
242 742
242 746
242 747
242 748
242 750
242 754
242 759
242 760
242 761
242 765
242 773
242 775
242 779
242 780
242 781
242 790
242 791
242 798
243 405
243 406
243 408
243 411
243 417
243 424
243 426
243 428
243 434
243 447
243 448
243 454
243 455
243 456
243 458
243 459
243 460
243 463
243 466
243 467
243 472
243 474
243 476
243 480
243 490
243 495
243 499
243 506
243 507
243 511
243 520
243 521
243 523
243 524
243 529
243 530
243 531
243 532
243 535
243 538
243 542
243 544
243 547
243 552
243 556
243 557
243 562
243 563
243 565
243 570
243 572
243 573
243 575
243 578
243 579
243 580
243 581
243 584
243 586
243 591
243 592
243 595
243 596
243 598
243 600
243 604
243 608
243 609
243 611
243 612
243 619
243 628
243 641
243 643
243 645
243 646
243 651
243 658
243 659
243 661
243 665
243 668
243 672
243 677
243 680
243 681
243 684
243 686
243 691
243 694
243 698
243 700
243 703
243 704
243 705
243 712
243 713
243 715
243 717
243 718
243 727
243 730
243 731
243 732
243 735
243 739
243 740
243 741
243 743
243 749
243 754
243 757
243 759
243 766
243 767
243 768
243 769
243 771
243 773
243 776
243 778
243 780
243 782
243 783
243 793
243 799
244 403
244 404
244 406
244 410
244 416
244 417
244 422
244 423
244 426
244 429
244 433
244 435
244 436
244 439
244 441
244 443
244 449
244 450
244 451
244 453
244 457
244 460
244 461
244 463
244 464
244 467
244 468
244 470
244 473
244 476
244 479
244 480
244 487
244 488
244 489
244 493
244 494
244 495
244 499
244 509
244 510
244 515
244 520
244 521
244 523
244 524
244 525
244 526
244 527
244 529
244 532
244 545
244 550
244 551
244 552
244 561
244 563
244 566
244 567
244 575
244 576
244 578
244 585
244 587
244 588
244 594
244 595
244 597
244 599
244 600
244 602
244 611
244 620
244 626
244 633
244 635
244 636
244 637
244 638
244 643
244 656
244 659
244 662
244 671
244 672
244 674
244 675
244 676
244 682
244 683
244 691
244 694
244 695
244 702
244 703
244 704
244 709
244 710
244 713
244 718
244 719
244 721
244 723
244 726
244 730
244 731
244 733
244 734
244 735
244 736
244 738
244 740
244 743
244 749
244 751
244 752
244 753
244 755
244 760
244 761
244 767
244 768
244 780
244 782
244 783
244 787
244 790
244 794
244 798
245 401
245 403
245 404
245 408
245 411
245 414
245 415
245 416
245 418
245 424
245 427
245 429
245 431
245 434
245 436
245 441
245 442
245 444
245 445
245 447
245 449
245 456
245 459
245 460
245 461
245 463
245 464
245 468
245 471
245 472
245 473
245 475
245 478
245 483
245 484
245 486
245 487
245 488
245 490
245 491
245 492
245 493
245 494
245 496
245 497
245 499
245 501
245 503
245 508
245 509
245 511
245 521
245 523
245 533
245 535
245 540
245 541
245 546
245 548
245 554
245 564
245 565
245 567
245 568
245 569
245 572
245 575
245 576
245 577
245 581
245 588
245 595
245 600
245 602
245 603
245 604
245 607
245 608
245 621
245 632
245 635
245 644
245 647
245 648
245 654
245 655
245 663
245 672
245 673
245 679
245 680
245 684
245 685
245 687
245 688
245 696
245 705
245 706
245 708
245 710
245 711
245 714
245 715
245 718
245 719
245 721
245 722
245 725
245 727
245 730
245 740
245 742
245 746
245 748
245 758
245 759
245 760
245 773
245 774
245 778
245 780
245 782
245 783
245 785
245 786
245 788
245 792
245 796
245 798
245 800
246 404
246 408
246 415
246 416
246 417
246 419
246 426
246 427
246 428
246 437
246 439
246 441
246 442
246 447
246 451
246 455
246 456
246 462
246 464
246 465
246 466
246 468
246 471
246 472
246 476
246 486
246 487
246 489
246 496
246 504
246 505
246 513
246 514
246 515
246 516
246 517
246 519
246 520
246 526
246 527
246 529
246 532
246 534
246 535
246 539
246 544
246 545
246 552
246 557
246 559
246 563
246 565
246 573
246 578
246 581
246 582
246 583
246 585
246 587
246 591
246 595
246 596
246 597
246 598
246 601
246 608
246 609
246 610
246 611
246 614
246 620
246 621
246 623
246 625
246 626
246 637
246 638
246 641
246 643
246 646
246 647
246 650
246 658
246 664
246 665
246 668
246 671
246 676
246 677
246 679
246 683
246 685
246 688
246 689
246 691
246 694
246 697
246 699
246 700
246 709
246 711
246 716
246 723
246 724
246 725
246 726
246 727
246 728
246 732
246 736
246 746
246 750
246 752
246 756
246 757
246 759
246 761
246 763
246 768
246 772
246 773
246 775
246 778
246 782
246 784
246 790
246 792
246 795
246 796
247 403
247 404
247 406
247 408
247 409
247 415
247 416
247 418
247 428
247 431
247 438
247 439
247 444
247 447
247 450
247 452
247 455
247 459
247 463
247 469
247 477
247 478
247 479
247 484
247 486
247 491
247 493
247 495
247 496
247 498
247 500
247 502
247 503
247 507
247 508
247 509
247 511
247 514
247 515
247 516
247 519
247 526
247 529
247 530
247 541
247 542
247 544
247 548
247 553
247 554
247 561
247 562
247 568
247 572
247 573
247 575
247 577
247 578
247 584
247 588
247 592
247 597
247 599
247 600
247 603
247 608
247 609
247 610
247 620
247 622
247 628
247 629
247 631
247 636
247 637
247 638
247 639
247 644
247 645
247 649
247 653
247 658
247 660
247 662
247 667
247 674
247 675
247 684
247 688
247 689
247 691
247 696
247 701
247 703
247 710
247 714
247 718
247 721
247 726
247 732
247 736
247 737
247 740
247 741
247 742
247 744
247 748
247 757
247 761
247 769
247 770
247 771
247 773
247 780
247 781
247 784
247 785
247 794
247 796
247 799
247 800
248 404
248 407
248 408
248 413
248 427
248 430
248 431
248 439
248 440
248 441
248 442
248 443
248 448
248 449
248 450
248 451
248 454
248 456
248 460
248 461
248 463
248 469
248 470
248 479
248 483
248 485
248 489
248 490
248 498
248 501
248 507
248 510
248 512
248 514
248 515
248 518
248 520
248 522
248 527
248 530
248 532
248 533
248 540
248 551
248 563
248 564
248 566
248 568
248 573
248 582
248 583
248 585
248 593
248 594
248 607
248 613
248 614
248 616
248 617
248 618
248 622
248 627
248 629
248 633
248 636
248 637
248 644
248 646
248 658
248 661
248 662
248 665
248 668
248 671
248 672
248 675
248 677
248 680
248 681
248 690
248 692
248 695
248 696
248 698
248 700
248 707
248 710
248 715
248 718
248 720
248 722
248 727
248 731
248 740
248 743
248 745
248 751
248 762
248 765
248 766
248 768
248 772
248 774
248 777
248 781
248 782
248 784
248 785
248 789
248 791
248 798
248 799
249 402
249 406
249 409
249 410
249 411
249 412
249 415
249 421
249 425
249 426
249 430
249 435
249 439
249 441
249 445
249 446
249 449
249 451
249 452
249 456
249 462
249 464
249 465
249 469
249 471
249 475
249 479
249 480
249 482
249 486
249 487
249 497
249 514
249 521
249 525
249 532
249 540
249 541
249 547
249 551
249 554
249 557
249 569
249 572
249 574
249 582
249 583
249 584
249 586
249 588
249 592
249 596
249 598
249 599
249 600
249 604
249 606
249 608
249 611
249 618
249 619
249 622
249 624
249 625
249 629
249 631
249 633
249 634
249 635
249 639
249 641
249 644
249 645
249 647
249 649
249 650
249 656
249 660
249 662
249 666
249 675
249 679
249 683
249 684
249 685
249 688
249 690
249 691
249 692
249 699
249 701
249 703
249 704
249 705
249 707
249 711
249 712
249 713
249 714
249 716
249 722
249 723
249 725
249 727
249 729
249 730
249 733
249 735
249 736
249 739
249 740
249 741
249 742
249 753
249 754
249 759
249 763
249 765
249 767
249 768
249 769
249 770
249 773
249 774
249 775
249 779
249 783
249 793
249 795
249 796
249 798
250 401
250 403
250 406
250 408
250 419
250 420
250 421
250 422
250 423
250 424
250 425
250 428
250 429
250 433
250 436
250 437
250 440
250 447
250 448
250 457
250 458
250 461
250 472
250 487
250 490
250 491
250 492
250 498
250 499
250 501
250 502
250 503
250 509
250 512
250 514
250 518
250 520
250 523
250 528
250 531
250 532
250 534
250 535
250 540
250 541
250 549
250 550
250 552
250 553
250 556
250 560
250 566
250 567
250 573
250 574
250 579
250 580
250 581
250 583
250 586
250 587
250 589
250 591
250 593
250 602
250 608
250 614
250 617
250 618
250 620
250 627
250 630
250 633
250 642
250 643
250 647
250 648
250 651
250 652
250 661
250 662
250 663
250 664
250 665
250 667
250 669
250 672
250 673
250 675
250 682
250 685
250 690
250 698
250 699
250 702
250 710
250 711
250 712
250 715
250 716
250 724
250 728
250 729
250 730
250 732
250 736
250 737
250 740
250 749
250 751
250 752
250 757
250 760
250 761
250 762
250 765
250 767
250 777
250 778
250 780
250 781
250 783
250 786
250 787
250 789
250 791
250 793
250 795
250 799
251 401
251 403
251 404
251 405
251 406
251 407
251 408
251 409
251 421
251 422
251 426
251 432
251 436
251 437
251 442
251 444
251 446
251 448
251 450
251 452
251 454
251 456
251 476
251 479
251 481
251 485
251 486
251 491
251 495
251 496
251 497
251 498
251 500
251 504
251 506
251 509
251 518
251 522
251 527
251 530
251 538
251 540
251 541
251 542
251 547
251 552
251 557
251 558
251 559
251 567
251 571
251 574
251 582
251 583
251 585
251 587
251 590
251 593
251 594
251 600
251 603
251 605
251 606
251 610
251 620
251 623
251 624
251 625
251 627
251 631
251 633
251 635
251 643
251 644
251 646
251 648
251 650
251 654
251 655
251 661
251 663
251 670
251 674
251 676
251 681
251 682
251 685
251 687
251 694
251 699
251 702
251 707
251 710
251 714
251 715
251 716
251 719
251 720
251 725
251 727
251 729
251 733
251 734
251 735
251 740
251 745
251 746
251 747
251 748
251 753
251 756
251 757
251 761
251 762
251 765
251 768
251 773
251 775
251 781
251 784
251 793
251 794
251 798
252 402
252 403
252 404
252 405
252 407
252 414
252 419
252 421
252 422
252 423
252 424
252 427
252 429
252 432
252 433
252 435
252 440
252 442
252 443
252 447
252 450
252 451
252 452
252 453
252 456
252 457
252 463
252 465
252 467
252 469
252 470
252 473
252 474
252 475
252 476
252 478
252 491
252 494
252 495
252 497
252 500
252 505
252 506
252 508
252 510
252 513
252 516
252 517
252 519
252 521
252 524
252 525
252 531
252 533
252 537
252 542
252 548
252 551
252 556
252 557
252 559
252 560
252 561
252 566
252 570
252 576
252 582
252 590
252 591
252 592
252 596
252 597
252 598
252 605
252 606
252 611
252 616
252 620
252 636
252 643
252 646
252 647
252 657
252 658
252 661
252 667
252 669
252 674
252 676
252 679
252 681
252 682
252 683
252 684
252 686
252 687
252 690
252 692
252 694
252 704
252 710
252 712
252 713
252 714
252 717
252 722
252 725
252 729
252 731
252 732
252 733
252 734
252 742
252 755
252 761
252 762
252 763
252 766
252 767
252 776
252 777
252 788
252 789
252 791
252 792
252 800
253 404
253 405
253 411
253 413
253 423
253 424
253 425
253 429
253 434
253 435
253 436
253 438
253 441
253 443
253 447
253 448
253 453
253 454
253 458
253 459
253 463
253 467
253 470
253 472
253 478
253 483
253 489
253 490
253 491
253 495
253 497
253 498
253 499
253 503
253 506
253 510
253 521
253 524
253 525
253 530
253 532
253 535
253 538
253 539
253 548
253 549
253 550
253 551
253 554
253 561
253 565
253 566
253 568
253 572
253 573
253 576
253 580
253 585
253 588
253 591
253 592
253 595
253 599
253 601
253 605
253 610
253 616
253 622
253 623
253 625
253 626
253 628
253 634
253 636
253 637
253 644
253 650
253 651
253 656
253 660
253 661
253 662
253 668
253 669
253 670
253 672
253 676
253 677
253 682
253 695
253 698
253 702
253 707
253 708
253 709
253 710
253 713
253 717
253 718
253 723
253 726
253 729
253 733
253 738
253 739
253 741
253 742
253 747
253 749
253 751
253 753
253 754
253 756
253 757
253 767
253 773
253 775
253 776
253 778
253 782
253 783
253 787
253 794
254 402
254 404
254 416
254 418
254 424
254 425
254 432
254 434
254 437
254 441
254 447
254 449
254 455
254 456
254 459
254 468
254 470
254 471
254 472
254 473
254 477
254 480
254 481
254 482
254 485
254 492
254 495
254 498
254 501
254 504
254 506
254 518
254 521
254 525
254 526
254 527
254 529
254 530
254 535
254 537
254 541
254 545
254 546
254 551
254 555
254 558
254 560
254 563
254 567
254 569
254 570
254 572
254 573
254 577
254 580
254 581
254 587
254 591
254 592
254 593
254 603
254 604
254 605
254 607
254 608
254 611
254 612
254 613
254 615
254 617
254 618
254 619
254 620
254 621
254 623
254 627
254 632
254 634
254 641
254 642
254 644
254 645
254 647
254 650
254 661
254 664
254 666
254 668
254 669
254 671
254 672
254 677
254 679
254 680
254 681
254 682
254 685
254 687
254 690
254 693
254 697
254 698
254 699
254 702
254 703
254 708
254 717
254 719
254 723
254 724
254 735
254 741
254 742
254 745
254 749
254 756
254 767
254 768
254 775
254 779
254 780
254 784
254 785
254 790
254 792
254 794
254 797
254 800
255 401
255 403
255 405
255 406
255 407
255 408
255 414
255 415
255 417
255 419
255 420
255 423
255 424
255 428
255 429
255 432
255 433
255 436
255 437
255 439
255 441
255 444
255 449
255 456
255 458
255 460
255 461
255 472
255 473
255 482
255 485
255 488
255 490
255 495
255 501
255 504
255 507
255 510
255 519
255 520
255 521
255 522
255 523
255 525
255 527
255 529
255 530
255 537
255 546
255 549
255 550
255 552
255 554
255 560
255 572
255 578
255 580
255 586
255 590
255 591
255 592
255 593
255 595
255 598
255 600
255 611
255 618
255 621
255 623
255 624
255 625
255 629
255 630
255 635
255 637
255 639
255 641
255 643
255 655
255 660
255 662
255 663
255 664
255 670
255 678
255 680
255 681
255 686
255 692
255 694
255 698
255 704
255 711
255 715
255 716
255 717
255 723
255 726
255 727
255 733
255 734
255 740
255 742
255 746
255 752
255 756
255 763
255 764
255 765
255 768
255 771
255 774
255 776
255 778
255 781
255 783
255 785
255 798
255 799
256 402
256 404
256 410
256 421
256 426
256 429
256 433
256 436
256 438
256 442
256 448
256 449
256 453
256 454
256 463
256 464
256 468
256 470
256 481
256 483
256 487
256 488
256 491
256 492
256 495
256 499
256 500
256 505
256 507
256 509
256 510
256 514
256 525
256 530
256 531
256 532
256 533
256 536
256 537
256 540
256 542
256 544
256 547
256 552
256 553
256 554
256 557
256 559
256 560
256 563
256 564
256 565
256 566
256 567
256 572
256 573
256 578
256 586
256 591
256 599
256 600
256 601
256 604
256 609
256 610
256 611
256 613
256 615
256 619
256 621
256 623
256 627
256 629
256 630
256 631
256 637
256 638
256 641
256 642
256 647
256 649
256 651
256 653
256 663
256 668
256 669
256 670
256 674
256 675
256 682
256 684
256 686
256 688
256 693
256 701
256 706
256 717
256 719
256 721
256 723
256 727
256 734
256 735
256 738
256 744
256 747
256 748
256 749
256 753
256 756
256 761
256 763
256 764
256 768
256 772
256 781
256 782
256 785
256 794
256 795
256 797
256 800
257 403
257 406
257 409
257 410
257 411
257 413
257 418
257 419
257 420
257 423
257 425
257 427
257 428
257 434
257 438
257 441
257 443
257 446
257 448
257 458
257 467
257 470
257 471
257 475
257 480
257 481
257 482
257 484
257 486
257 490
257 492
257 498
257 500
257 501
257 510
257 511
257 514
257 515
257 516
257 520
257 524
257 529
257 531
257 532
257 535
257 536
257 540
257 542
257 543
257 545
257 548
257 558
257 569
257 571
257 574
257 577
257 578
257 585
257 592
257 602
257 604
257 608
257 609
257 610
257 614
257 620
257 621
257 624
257 627
257 628
257 630
257 637
257 649
257 650
257 652
257 653
257 658
257 664
257 675
257 679
257 681
257 691
257 692
257 698
257 706
257 708
257 709
257 710
257 712
257 713
257 714
257 715
257 717
257 724
257 725
257 732
257 734
257 736
257 737
257 738
257 739
257 743
257 749
257 750
257 752
257 753
257 757
257 761
257 762
257 767
257 771
257 773
257 774
257 782
257 784
257 799
258 403
258 405
258 411
258 412
258 417
258 419
258 421
258 423
258 427
258 434
258 438
258 440
258 441
258 442
258 443
258 446
258 449
258 450
258 451
258 456
258 461
258 465
258 466
258 468
258 469
258 475
258 477
258 488
258 490
258 496
258 498
258 504
258 507
258 508
258 509
258 511
258 514
258 517
258 519
258 524
258 525
258 529
258 532
258 533
258 534
258 536
258 537
258 550
258 556
258 557
258 568
258 569
258 573
258 577
258 579
258 580
258 582
258 584
258 586
258 588
258 590
258 592
258 609
258 610
258 612
258 614
258 617
258 622
258 627
258 628
258 632
258 634
258 636
258 639
258 644
258 647
258 652
258 654
258 661
258 663
258 664
258 671
258 681
258 683
258 684
258 686
258 693
258 694
258 695
258 700
258 702
258 703
258 707
258 711
258 712
258 717
258 720
258 721
258 726
258 729
258 730
258 732
258 736
258 737
258 738
258 740
258 742
258 743
258 749
258 751
258 757
258 758
258 762
258 763
258 770
258 771
258 774
258 775
258 776
258 779
258 781
258 786
258 790
258 794
258 796
258 797
259 405
259 408
259 410
259 411
259 414
259 417
259 427
259 430
259 440
259 442
259 444
259 445
259 446
259 447
259 450
259 455
259 458
259 460
259 463
259 468
259 469
259 470
259 472
259 474
259 478
259 485
259 489
259 491
259 492
259 493
259 499
259 501
259 503
259 504
259 509
259 513
259 518
259 528
259 529
259 530
259 531
259 537
259 539
259 540
259 541
259 542
259 543
259 546
259 549
259 551
259 552
259 554
259 569
259 571
259 578
259 579
259 584
259 587
259 589
259 591
259 592
259 598
259 603
259 604
259 608
259 610
259 616
259 621
259 629
259 634
259 639
259 640
259 643
259 646
259 647
259 653
259 654
259 659
259 665
259 666
259 673
259 676
259 677
259 679
259 681
259 685
259 686
259 690
259 691
259 696
259 700
259 701
259 707
259 708
259 712
259 714
259 715
259 717
259 719
259 721
259 723
259 725
259 726
259 727
259 730
259 734
259 737
259 738
259 740
259 741
259 744
259 745
259 748
259 751
259 752
259 753
259 763
259 765
259 767
259 768
259 771
259 777
259 785
259 789
259 798
260 401
260 408
260 409
260 413
260 419
260 421
260 425
260 427
260 428
260 430
260 433
260 439
260 452
260 459
260 461
260 462
260 463
260 473
260 474
260 477
260 481
260 482
260 485
260 486
260 494
260 495
260 496
260 502
260 505
260 507
260 508
260 512
260 514
260 517
260 521
260 522
260 523
260 524
260 525
260 526
260 530
260 531
260 533
260 536
260 538
260 539
260 542
260 544
260 547
260 548
260 552
260 553
260 557
260 562
260 563
260 566
260 567
260 570
260 571
260 589
260 590
260 591
260 594
260 595
260 597
260 601
260 604
260 607
260 609
260 611
260 614
260 615
260 622
260 623
260 628
260 629
260 630
260 632
260 633
260 635
260 641
260 642
260 643
260 656
260 661
260 663
260 666
260 667
260 678
260 687
260 690
260 692
260 695
260 706
260 713
260 714
260 716
260 724
260 725
260 726
260 728
260 736
260 742
260 745
260 747
260 748
260 750
260 755
260 766
260 768
260 772
260 773
260 775
260 776
260 779
260 783
260 784
260 785
260 789
260 793
260 795
260 797
260 799
260 800
261 405
261 412
261 418
261 432
261 437
261 438
261 440
261 442
261 445
261 451
261 454
261 455
261 456
261 459
261 462
261 469
261 470
261 475
261 476
261 479
261 481
261 483
261 487
261 491
261 492
261 493
261 494
261 495
261 499
261 503
261 507
261 511
261 515
261 518
261 519
261 520
261 524
261 525
261 532
261 535
261 536
261 539
261 541
261 542
261 546
261 549
261 552
261 554
261 559
261 565
261 567
261 568
261 569
261 573
261 577
261 578
261 584
261 585
261 586
261 590
261 593
261 595
261 596
261 597
261 598
261 601
261 603
261 606
261 608
261 610
261 611
261 615
261 618
261 622
261 629
261 634
261 635
261 639
261 642
261 643
261 647
261 653
261 657
261 660
261 662
261 663
261 669
261 681
261 682
261 684
261 690
261 691
261 692
261 706
261 713
261 726
261 728
261 739
261 741
261 742
261 745
261 746
261 753
261 755
261 756
261 762
261 763
261 768
261 769
261 773
261 778
261 781
261 783
261 785
261 786
261 787
261 789
261 794
261 799
262 401
262 402
262 403
262 404
262 407
262 411
262 412
262 415
262 419
262 421
262 430
262 431
262 433
262 435
262 437
262 440
262 442
262 447
262 448
262 449
262 451
262 457
262 458
262 460
262 466
262 473
262 478
262 485
262 486
262 491
262 493
262 498
262 500
262 502
262 505
262 511
262 520
262 521
262 523
262 524
262 526
262 528
262 529
262 532
262 534
262 542
262 543
262 553
262 557
262 564
262 566
262 568
262 569
262 570
262 576
262 577
262 580
262 581
262 583
262 585
262 588
262 590
262 592
262 594
262 597
262 601
262 606
262 609
262 611
262 614
262 615
262 616
262 618
262 620
262 622
262 628
262 631
262 634
262 636
262 637
262 639
262 644
262 645
262 646
262 648
262 649
262 651
262 652
262 655
262 659
262 661
262 664
262 666
262 667
262 670
262 671
262 678
262 683
262 685
262 686
262 695
262 698
262 703
262 705
262 706
262 709
262 710
262 711
262 719
262 735
262 737
262 741
262 742
262 744
262 745
262 747
262 748
262 749
262 751
262 753
262 754
262 759
262 760
262 768
262 769
262 772
262 773
262 776
262 778
262 783
262 786
262 789
262 793
262 798
262 799
263 410
263 415
263 416
263 418
263 419
263 422
263 430
263 434
263 439
263 441
263 445
263 448
263 450
263 451
263 452
263 459
263 460
263 461
263 463
263 464
263 465
263 469
263 470
263 474
263 478
263 481
263 492
263 496
263 500
263 501
263 506
263 513
263 515
263 520
263 524
263 525
263 529
263 532
263 535
263 537
263 542
263 543
263 550
263 558
263 559
263 561
263 564
263 565
263 567
263 568
263 574
263 575
263 577
263 578
263 579
263 592
263 594
263 596
263 597
263 600
263 602
263 603
263 604
263 605
263 607
263 608
263 612
263 615
263 618
263 621
263 623
263 625
263 628
263 630
263 637
263 640
263 651
263 656
263 657
263 658
263 663
263 666
263 667
263 669
263 670
263 672
263 673
263 679
263 686
263 694
263 700
263 702
263 710
263 715
263 718
263 724
263 725
263 726
263 729
263 739
263 748
263 750
263 753
263 754
263 759
263 762
263 766
263 767
263 770
263 772
263 773
263 774
263 775
263 778
263 781
263 788
263 794
263 798
263 799
264 402
264 403
264 411
264 417
264 418
264 419
264 421
264 422
264 423
264 424
264 428
264 429
264 430
264 435
264 442
264 444
264 448
264 449
264 454
264 456
264 462
264 465
264 466
264 469
264 470
264 473
264 475
264 477
264 478
264 480
264 483
264 486
264 487
264 488
264 500
264 503
264 506
264 509
264 510
264 513
264 517
264 518
264 521
264 522
264 524
264 528
264 532
264 535
264 536
264 538
264 540
264 542
264 546
264 550
264 555
264 561
264 564
264 567
264 568
264 569
264 572
264 588
264 593
264 594
264 595
264 597
264 604
264 606
264 607
264 610
264 611
264 613
264 616
264 617
264 618
264 622
264 623
264 626
264 628
264 631
264 633
264 635
264 639
264 646
264 648
264 652
264 661
264 663
264 664
264 665
264 667
264 668
264 669
264 670
264 677
264 685
264 687
264 695
264 698
264 710
264 714
264 715
264 722
264 727
264 728
264 732
264 736
264 740
264 741
264 744
264 746
264 748
264 751
264 754
264 759
264 766
264 773
264 774
264 775
264 776
264 786
264 787
264 788
264 790
264 792
264 797
264 798
264 799
265 401
265 403
265 405
265 406
265 409
265 415
265 416
265 423
265 424
265 428
265 430
265 434
265 436
265 438
265 439
265 450
265 454
265 460
265 464
265 465
265 470
265 472
265 473
265 474
265 478
265 479
265 480
265 486
265 488
265 489
265 495
265 496
265 497
265 498
265 500
265 503
265 510
265 512
265 517
265 518
265 519
265 522
265 523
265 524
265 526
265 529
265 531
265 532
265 534
265 536
265 540
265 542
265 544
265 547
265 561
265 570
265 572
265 574
265 576
265 577
265 578
265 579
265 580
265 584
265 585
265 591
265 594
265 595
265 597
265 603
265 605
265 606
265 609
265 610
265 615
265 622
265 623
265 624
265 628
265 630
265 631
265 638
265 640
265 644
265 645
265 654
265 655
265 657
265 660
265 661
265 663
265 664
265 666
265 668
265 673
265 676
265 677
265 679
265 682
265 683
265 690
265 695
265 696
265 700
265 704
265 708
265 710
265 719
265 720
265 723
265 725
265 733
265 740
265 743
265 745
265 751
265 752
265 753
265 755
265 757
265 761
265 763
265 764
265 769
265 771
265 776
265 778
265 786
265 788
265 792
265 796
265 798
265 800
266 411
266 412
266 414
266 415
266 417
266 418
266 420
266 424
266 425
266 426
266 427
266 428
266 435
266 438
266 441
266 442
266 447
266 454
266 457
266 458
266 459
266 461
266 462
266 466
266 468
266 478
266 480
266 481
266 482
266 483
266 492
266 497
266 500
266 501
266 502
266 504
266 505
266 508
266 509
266 510
266 512
266 513
266 517
266 519
266 521
266 532
266 538
266 539
266 550
266 556
266 557
266 560
266 563
266 568
266 575
266 577
266 579
266 580
266 581
266 582
266 588
266 590
266 593
266 595
266 602
266 603
266 609
266 611
266 612
266 613
266 618
266 620
266 622
266 624
266 626
266 629
266 637
266 647
266 654
266 661
266 662
266 667
266 669
266 674
266 676
266 686
266 701
266 702
266 708
266 711
266 713
266 718
266 719
266 720
266 728
266 732
266 736
266 744
266 750
266 752
266 755
266 756
266 759
266 761
266 767
266 768
266 770
266 772
266 777
266 778
266 781
266 783
266 784
266 785
266 790
266 798
267 402
267 403
267 405
267 411
267 413
267 414
267 420
267 421
267 424
267 425
267 429
267 430
267 432
267 434
267 436
267 438
267 449
267 450
267 451
267 453
267 454
267 458
267 459
267 480
267 482
267 489
267 492
267 494
267 499
267 500
267 502
267 510
267 518
267 520
267 521
267 523
267 527
267 530
267 532
267 533
267 536
267 541
267 550
267 551
267 553
267 556
267 559
267 560
267 561
267 563
267 567
267 568
267 569
267 571
267 572
267 580
267 581
267 585
267 589
267 595
267 597
267 598
267 604
267 605
267 612
267 620
267 626
267 634
267 638
267 643
267 648
267 650
267 654
267 656
267 658
267 662
267 663
267 667
267 672
267 673
267 674
267 676
267 679
267 681
267 688
267 689
267 695
267 700
267 701
267 704
267 708
267 711
267 716
267 721
267 733
267 734
267 735
267 738
267 740
267 742
267 748
267 753
267 755
267 757
267 759
267 763
267 764
267 768
267 770
267 777
267 779
267 782
267 784
267 785
267 787
267 789
267 798
268 401
268 405
268 409
268 412
268 414
268 419
268 423
268 428
268 431
268 434
268 440
268 442
268 445
268 454
268 456
268 457
268 459
268 460
268 461
268 462
268 463
268 472
268 474
268 477
268 478
268 481
268 483
268 484
268 495
268 496
268 498
268 501
268 507
268 508
268 509
268 511
268 523
268 524
268 525
268 533
268 534
268 538
268 541
268 544
268 546
268 548
268 550
268 552
268 553
268 559
268 563
268 566
268 568
268 569
268 570
268 572
268 574
268 577
268 579
268 580
268 584
268 587
268 591
268 597
268 598
268 602
268 603
268 605
268 607
268 610
268 611
268 617
268 619
268 620
268 626
268 627
268 630
268 631
268 637
268 638
268 647
268 648
268 652
268 655
268 659
268 660
268 663
268 665
268 666
268 678
268 680
268 683
268 684
268 687
268 694
268 697
268 698
268 700
268 703
268 709
268 711
268 718
268 729
268 731
268 732
268 734
268 735
268 737
268 738
268 739
268 744
268 751
268 753
268 757
268 758
268 759
268 760
268 769
268 773
268 774
268 783
268 786
268 790
268 794
268 800
269 404
269 405
269 407
269 408
269 418
269 420
269 421
269 422
269 424
269 442
269 453
269 460
269 462
269 465
269 469
269 470
269 475
269 477
269 480
269 489
269 498
269 499
269 502
269 505
269 511
269 512
269 513
269 517
269 522
269 526
269 529
269 531
269 533
269 537
269 539
269 540
269 545
269 549
269 556
269 561
269 563
269 565
269 569
269 572
269 585
269 586
269 587
269 591
269 592
269 595
269 602
269 603
269 604
269 607
269 609
269 610
269 611
269 614
269 618
269 623
269 631
269 632
269 633
269 634
269 639
269 654
269 657
269 658
269 659
269 661
269 662
269 666
269 667
269 668
269 672
269 673
269 675
269 677
269 678
269 686
269 691
269 692
269 694
269 698
269 703
269 706
269 708
269 710
269 712
269 714
269 718
269 721
269 723
269 726
269 727
269 729
269 732
269 733
269 735
269 740
269 744
269 745
269 747
269 749
269 750
269 756
269 758
269 759
269 760
269 765
269 770
269 773
269 779
269 783
269 784
269 785
269 788
269 789
269 790
269 791
269 794
269 797
270 408
270 409
270 412
270 414
270 418
270 422
270 424
270 426
270 430
270 431
270 433
270 439
270 441
270 442
270 447
270 449
270 453
270 456
270 457
270 461
270 467
270 470
270 477
270 478
270 480
270 482
270 489
270 490
270 491
270 492
270 496
270 497
270 504
270 506
270 510
270 514
270 520
270 522
270 532
270 533
270 535
270 536
270 537
270 544
270 554
270 555
270 563
270 565
270 567
270 575
270 580
270 583
270 590
270 591
270 592
270 593
270 596
270 603
270 604
270 613
270 617
270 619
270 620
270 621
270 624
270 625
270 627
270 631
270 639
270 642
270 645
270 646
270 649
270 652
270 657
270 668
270 671
270 672
270 673
270 677
270 680
270 683
270 687
270 688
270 692
270 701
270 704
270 711
270 712
270 724
270 726
270 728
270 729
270 732
270 734
270 738
270 740
270 745
270 748
270 751
270 752
270 757
270 761
270 762
270 769
270 772
270 773
270 776
270 778
270 780
270 782
270 785
270 788
270 791
270 792
270 795
270 800
271 404
271 406
271 407
271 411
271 412
271 415
271 416
271 417
271 425
271 426
271 428
271 432
271 434
271 438
271 443
271 444
271 447
271 450
271 454
271 462
271 464
271 473
271 481
271 482
271 483
271 491
271 492
271 494
271 496
271 498
271 499
271 501
271 502
271 503
271 504
271 505
271 516
271 519
271 523
271 525
271 532
271 540
271 541
271 542
271 543
271 545
271 553
271 554
271 556
271 557
271 560
271 565
271 569
271 570
271 572
271 573
271 577
271 578
271 579
271 585
271 589
271 591
271 593
271 595
271 598
271 602
271 604
271 605
271 609
271 620
271 621
271 622
271 623
271 626
271 630
271 631
271 632
271 637
271 643
271 644
271 645
271 652
271 653
271 654
271 658
271 661
271 662
271 663
271 665
271 667
271 671
271 673
271 674
271 679
271 681
271 684
271 690
271 695
271 707
271 709
271 711
271 712
271 713
271 722
271 723
271 728
271 729
271 735
271 738
271 739
271 747
271 755
271 757
271 766
271 769
271 776
271 785
271 787
271 788
271 789
271 791
271 792
271 793
271 794
271 796
272 405
272 406
272 410
272 413
272 414
272 423
272 424
272 426
272 431
272 433
272 434
272 439
272 440
272 442
272 444
272 446
272 452
272 457
272 462
272 464
272 465
272 470
272 476
272 483
272 486
272 488
272 490
272 497
272 499
272 500
272 501
272 502
272 506
272 513
272 521
272 532
272 539
272 545
272 547
272 554
272 556
272 560
272 564
272 566
272 572
272 575
272 576
272 582
272 588
272 589
272 594
272 597
272 598
272 600
272 602
272 603
272 607
272 612
272 613
272 616
272 620
272 621
272 623
272 628
272 634
272 637
272 646
272 651
272 653
272 658
272 660
272 664
272 673
272 674
272 681
272 682
272 683
272 685
272 689
272 690
272 696
272 706
272 708
272 710
272 712
272 714
272 716
272 721
272 727
272 733
272 737
272 743
272 749
272 750
272 752
272 756
272 765
272 772
272 780
272 784
272 785
272 788
272 789
272 790
272 794
272 797
272 799
272 800
273 401
273 406
273 409
273 410
273 411
273 414
273 417
273 428
273 430
273 437
273 441
273 442
273 454
273 458
273 460
273 463
273 469
273 473
273 474
273 475
273 478
273 485
273 487
273 489
273 492
273 494
273 506
273 512
273 515
273 523
273 528
273 529
273 531
273 535
273 537
273 538
273 540
273 544
273 545
273 549
273 552
273 562
273 563
273 574
273 575
273 577
273 583
273 584
273 585
273 587
273 592
273 599
273 601
273 613
273 615
273 616
273 618
273 619
273 622
273 626
273 628
273 629
273 634
273 637
273 651
273 653
273 661
273 671
273 672
273 679
273 685
273 690
273 692
273 696
273 699
273 700
273 701
273 705
273 707
273 710
273 713
273 716
273 720
273 723
273 724
273 730
273 737
273 740
273 743
273 745
273 747
273 748
273 749
273 750
273 751
273 755
273 757
273 759
273 760
273 761
273 763
273 768
273 774
273 775
273 777
273 779
273 783
273 784
273 785
273 787
273 790
273 794
273 800
274 402
274 405
274 407
274 417
274 418
274 421
274 422
274 428
274 437
274 441
274 442
274 453
274 460
274 461
274 464
274 466
274 468
274 469
274 474
274 475
274 477
274 478
274 491
274 500
274 501
274 504
274 506
274 509
274 510
274 511
274 512
274 516
274 517
274 521
274 527
274 528
274 529
274 530
274 537
274 547
274 549
274 551
274 552
274 556
274 558
274 559
274 562
274 565
274 568
274 571
274 573
274 578
274 580
274 587
274 590
274 591
274 593
274 594
274 597
274 598
274 600
274 602
274 607
274 619
274 624
274 626
274 627
274 630
274 632
274 634
274 635
274 637
274 640
274 645
274 647
274 648
274 650
274 652
274 660
274 662
274 667
274 670
274 671
274 672
274 674
274 675
274 676
274 677
274 679
274 685
274 690
274 695
274 696
274 697
274 699
274 700
274 703
274 704
274 705
274 711
274 712
274 713
274 720
274 721
274 723
274 725
274 732
274 747
274 749
274 751
274 753
274 755
274 760
274 762
274 765
274 769
274 776
274 778
274 782
274 785
274 786
274 790
274 792
274 795
274 798
274 799
275 403
275 404
275 412
275 414
275 415
275 418
275 420
275 421
275 423
275 424
275 432
275 439
275 446
275 447
275 454
275 458
275 459
275 465
275 466
275 470
275 471
275 472
275 479
275 480
275 482
275 483
275 484
275 487
275 488
275 497
275 505
275 506
275 508
275 516
275 517
275 524
275 525
275 526
275 527
275 528
275 535
275 537
275 544
275 556
275 558
275 559
275 567
275 568
275 569
275 570
275 572
275 582
275 583
275 592
275 593
275 603
275 604
275 605
275 607
275 608
275 613
275 623
275 625
275 627
275 646
275 649
275 652
275 658
275 659
275 660
275 662
275 668
275 670
275 672
275 673
275 678
275 681
275 696
275 699
275 705
275 706
275 707
275 711
275 714
275 715
275 717
275 719
275 725
275 728
275 729
275 731
275 732
275 733
275 737
275 739
275 742
275 747
275 748
275 751
275 754
275 759
275 760
275 762
275 765
275 769
275 782
275 785
275 796
275 798
275 799
276 406
276 407
276 409
276 411
276 412
276 417
276 422
276 425
276 426
276 429
276 431
276 439
276 441
276 442
276 443
276 447
276 449
276 452
276 454
276 455
276 457
276 458
276 459
276 463
276 464
276 466
276 467
276 471
276 472
276 476
276 479
276 485
276 487
276 488
276 489
276 494
276 498
276 507
276 518
276 519
276 520
276 522
276 526
276 527
276 529
276 532
276 534
276 537
276 540
276 542
276 545
276 551
276 557
276 565
276 566
276 577
276 579
276 580
276 583
276 584
276 596
276 603
276 610
276 611
276 613
276 616
276 619
276 630
276 637
276 638
276 639
276 641
276 649
276 650
276 651
276 660
276 666
276 670
276 671
276 676
276 682
276 687
276 688
276 692
276 695
276 698
276 706
276 707
276 709
276 712
276 713
276 714
276 716
276 726
276 727
276 730
276 732
276 744
276 746
276 747
276 748
276 750
276 752
276 753
276 754
276 756
276 758
276 761
276 765
276 768
276 775
276 777
276 779
276 786
276 788
276 795
276 797
277 408
277 409
277 410
277 411
277 415
277 416
277 418
277 422
277 423
277 431
277 433
277 437
277 441
277 447
277 449
277 455
277 457
277 461
277 464
277 465
277 468
277 473
277 478
277 480
277 482
277 486
277 487
277 489
277 490
277 491
277 492
277 501
277 504
277 506
277 508
277 509
277 511
277 513
277 515
277 516
277 522
277 526
277 528
277 531
277 534
277 537
277 542
277 545
277 547
277 553
277 554
277 555
277 556
277 560
277 566
277 570
277 577
277 583
277 587
277 590
277 591
277 596
277 604
277 609
277 614
277 617
277 622
277 629
277 630
277 635
277 637
277 648
277 649
277 651
277 653
277 655
277 656
277 657
277 658
277 659
277 662
277 670
277 673
277 679
277 680
277 681
277 691
277 693
277 695
277 700
277 701
277 703
277 704
277 705
277 709
277 714
277 715
277 720
277 722
277 727
277 728
277 733
277 735
277 736
277 738
277 739
277 740
277 742
277 744
277 746
277 747
277 753
277 755
277 764
277 765
277 768
277 771
277 788
277 789
277 792
277 794
278 403
278 405
278 406
278 410
278 412
278 413
278 414
278 416
278 418
278 420
278 423
278 426
278 431
278 440
278 449
278 453
278 465
278 466
278 467
278 472
278 476
278 478
278 484
278 485
278 488
278 490
278 491
278 493
278 497
278 500
278 501
278 509
278 517
278 527
278 528
278 536
278 542
278 543
278 545
278 549
278 553
278 557
278 560
278 563
278 567
278 568
278 570
278 573
278 575
278 576
278 577
278 580
278 584
278 585
278 589
278 590
278 594
278 600
278 601
278 602
278 607
278 611
278 612
278 614
278 615
278 620
278 632
278 634
278 635
278 638
278 639
278 642
278 645
278 646
278 652
278 658
278 662
278 668
278 670
278 671
278 676
278 677
278 678
278 679
278 680
278 683
278 684
278 687
278 689
278 690
278 692
278 693
278 694
278 695
278 698
278 699
278 701
278 704
278 707
278 708
278 709
278 711
278 712
278 714
278 716
278 717
278 718
278 723
278 728
278 730
278 731
278 735
278 736
278 737
278 741
278 745
278 746
278 749
278 751
278 752
278 755
278 762
278 767
278 771
278 781
278 788
278 789
278 790
278 795
278 796
279 401
279 402
279 409
279 415
279 429
279 432
279 434
279 440
279 443
279 444
279 446
279 452
279 454
279 458
279 460
279 465
279 469
279 470
279 473
279 478
279 482
279 487
279 489
279 491
279 494
279 496
279 498
279 503
279 507
279 508
279 518
279 519
279 520
279 521
279 529
279 531
279 546
279 553
279 554
279 558
279 563
279 565
279 570
279 571
279 575
279 581
279 590
279 592
279 597
279 600
279 603
279 607
279 609
279 611
279 614
279 615
279 630
279 631
279 633
279 635
279 640
279 641
279 643
279 645
279 648
279 655
279 662
279 664
279 665
279 666
279 677
279 678
279 686
279 687
279 693
279 694
279 696
279 700
279 706
279 707
279 709
279 717
279 718
279 720
279 721
279 724
279 725
279 728
279 730
279 739
279 740
279 746
279 754
279 758
279 760
279 765
279 769
279 770
279 772
279 773
279 776
279 777
279 778
279 788
279 790
279 792
279 793
279 794
279 795
280 407
280 410
280 412
280 415
280 419
280 429
280 433
280 439
280 448
280 455
280 459
280 464
280 472
280 474
280 486
280 494
280 499
280 501
280 508
280 509
280 513
280 514
280 517
280 529
280 535
280 539
280 540
280 541
280 544
280 550
280 559
280 561
280 573
280 577
280 579
280 580
280 581
280 584
280 585
280 592
280 596
280 598
280 600
280 601
280 606
280 610
280 614
280 623
280 625
280 627
280 631
280 636
280 638
280 640
280 641
280 644
280 649
280 653
280 661
280 666
280 667
280 671
280 672
280 674
280 676
280 680
280 683
280 688
280 689
280 697
280 701
280 702
280 703
280 704
280 707
280 727
280 728
280 729
280 731
280 732
280 737
280 739
280 742
280 743
280 744
280 746
280 747
280 751
280 752
280 756
280 761
280 762
280 763
280 765
280 769
280 770
280 771
280 772
280 777
280 779
281 402
281 408
281 409
281 412
281 418
281 431
281 439
281 446
281 451
281 460
281 461
281 462
281 463
281 465
281 468
281 476
281 479
281 481
281 484
281 485
281 486
281 488
281 489
281 490
281 493
281 494
281 497
281 498
281 501
281 504
281 506
281 507
281 512
281 518
281 533
281 535
281 537
281 542
281 547
281 553
281 558
281 559
281 561
281 562
281 565
281 568
281 570
281 589
281 590
281 592
281 594
281 595
281 603
281 604
281 607
281 611
281 615
281 619
281 621
281 622
281 629
281 632
281 635
281 636
281 638
281 640
281 641
281 644
281 645
281 652
281 654
281 662
281 664
281 668
281 672
281 674
281 676
281 677
281 683
281 692
281 698
281 699
281 701
281 702
281 705
281 706
281 719
281 721
281 723
281 726
281 733
281 740
281 743
281 744
281 752
281 755
281 759
281 762
281 767
281 768
281 770
281 773
281 774
281 782
281 783
281 785
281 798
281 799
281 800
282 403
282 405
282 407
282 409
282 414
282 415
282 416
282 421
282 425
282 430
282 432
282 433
282 440
282 442
282 447
282 450
282 455
282 460
282 463
282 469
282 470
282 486
282 488
282 489
282 496
282 498
282 502
282 509
282 514
282 520
282 525
282 536
282 543
282 546
282 547
282 549
282 558
282 559
282 564
282 565
282 578
282 583
282 589
282 592
282 594
282 596
282 598
282 600
282 606
282 612
282 614
282 616
282 625
282 626
282 637
282 638
282 639
282 644
282 645
282 647
282 648
282 652
282 654
282 657
282 658
282 665
282 670
282 672
282 677
282 683
282 684
282 689
282 695
282 696
282 700
282 701
282 703
282 704
282 705
282 706
282 711
282 715
282 718
282 719
282 722
282 726
282 727
282 728
282 738
282 740
282 743
282 744
282 748
282 751
282 753
282 755
282 756
282 757
282 761
282 764
282 767
282 769
282 770
282 776
282 778
282 781
282 782
282 787
282 792
282 797
283 401
283 402
283 406
283 415
283 416
283 417
283 421
283 422
283 426
283 430
283 433
283 437
283 441
283 448
283 450
283 456
283 468
283 469
283 475
283 477
283 478
283 480
283 483
283 484
283 485
283 489
283 490
283 491
283 493
283 499
283 500
283 507
283 514
283 517
283 520
283 523
283 524
283 525
283 526
283 527
283 532
283 533
283 535
283 537
283 541
283 543
283 544
283 545
283 551
283 552
283 555
283 556
283 559
283 564
283 565
283 569
283 573
283 576
283 578
283 582
283 583
283 584
283 585
283 591
283 597
283 607
283 610
283 613
283 614
283 621
283 626
283 629
283 631
283 633
283 637
283 638
283 639
283 640
283 655
283 659
283 661
283 662
283 664
283 665
283 671
283 674
283 683
283 685
283 688
283 692
283 697
283 702
283 705
283 713
283 715
283 724
283 730
283 731
283 732
283 736
283 739
283 743
283 750
283 752
283 753
283 754
283 755
283 757
283 760
283 762
283 763
283 765
283 767
283 770
283 779
283 783
283 785
283 788
283 792
283 793
283 794
283 796
283 799
284 402
284 403
284 407
284 408
284 409
284 411
284 412
284 417
284 420
284 429
284 430
284 434
284 435
284 437
284 439
284 440
284 442
284 446
284 447
284 456
284 459
284 460
284 461
284 462
284 467
284 472
284 474
284 479
284 482
284 483
284 496
284 497
284 500
284 504
284 516
284 524
284 529
284 531
284 539
284 542
284 545
284 554
284 555
284 556
284 557
284 561
284 568
284 569
284 571
284 575
284 578
284 581
284 583
284 584
284 587
284 592
284 593
284 601
284 611
284 612
284 625
284 634
284 637
284 640
284 649
284 650
284 652
284 654
284 656
284 663
284 665
284 666
284 678
284 681
284 686
284 687
284 688
284 692
284 703
284 704
284 706
284 711
284 712
284 713
284 715
284 720
284 721
284 723
284 724
284 728
284 730
284 734
284 735
284 737
284 738
284 739
284 747
284 749
284 750
284 751
284 753
284 755
284 757
284 759
284 766
284 767
284 769
284 771
284 772
284 773
284 781
284 783
284 788
284 789
284 795
285 401
285 404
285 405
285 407
285 408
285 410
285 411
285 412
285 417
285 428
285 433
285 438
285 449
285 458
285 460
285 461
285 463
285 464
285 468
285 473
285 474
285 476
285 480
285 482
285 486
285 488
285 489
285 490
285 493
285 501
285 506
285 507
285 510
285 516
285 518
285 522
285 523
285 524
285 527
285 530
285 531
285 534
285 536
285 549
285 554
285 555
285 560
285 564
285 567
285 568
285 572
285 573
285 574
285 578
285 582
285 588
285 589
285 593
285 594
285 597
285 602
285 605
285 609
285 613
285 617
285 628
285 631
285 637
285 638
285 641
285 642
285 643
285 661
285 663
285 669
285 670
285 678
285 679
285 682
285 683
285 685
285 689
285 691
285 692
285 693
285 694
285 695
285 697
285 700
285 701
285 702
285 707
285 712
285 720
285 724
285 729
285 736
285 739
285 740
285 746
285 751
285 752
285 759
285 761
285 762
285 764
285 774
285 777
285 778
285 781
285 782
285 783
285 784
285 786
285 787
285 791
285 793
285 795
285 796
285 800
286 403
286 415
286 423
286 424
286 425
286 426
286 428
286 429
286 430
286 431
286 447
286 451
286 455
286 456
286 461
286 470
286 471
286 477
286 481
286 485
286 490
286 491
286 492
286 494
286 496
286 498
286 499
286 500
286 505
286 506
286 507
286 515
286 516
286 519
286 525
286 527
286 528
286 530
286 531
286 533
286 535
286 540
286 542
286 547
286 549
286 556
286 561
286 563
286 566
286 576
286 577
286 579
286 584
286 590
286 591
286 594
286 597
286 599
286 602
286 603
286 609
286 616
286 622
286 625
286 634
286 635
286 637
286 641
286 647
286 652
286 654
286 656
286 662
286 665
286 670
286 672
286 677
286 681
286 692
286 696
286 699
286 700
286 705
286 710
286 718
286 722
286 723
286 726
286 727
286 729
286 731
286 732
286 733
286 740
286 753
286 754
286 755
286 758
286 759
286 762
286 767
286 771
286 772
286 773
286 775
286 776
286 780
286 788
286 793
286 797
287 403
287 405
287 408
287 410
287 411
287 412
287 415
287 424
287 430
287 431
287 432
287 433
287 439
287 444
287 446
287 452
287 453
287 454
287 455
287 457
287 458
287 459
287 460
287 462
287 463
287 464
287 465
287 473
287 475
287 477
287 478
287 480
287 484
287 486
287 487
287 490
287 499
287 501
287 503
287 507
287 512
287 514
287 521
287 523
287 526
287 533
287 535
287 540
287 542
287 545
287 549
287 559
287 560
287 562
287 568
287 575
287 578
287 580
287 582
287 587
287 591
287 593
287 595
287 605
287 609
287 612
287 613
287 616
287 619
287 624
287 626
287 631
287 637
287 640
287 641
287 646
287 649
287 650
287 651
287 652
287 654
287 655
287 661
287 662
287 666
287 667
287 668
287 669
287 673
287 675
287 680
287 683
287 691
287 699
287 702
287 708
287 713
287 718
287 723
287 725
287 726
287 732
287 735
287 738
287 739
287 746
287 748
287 753
287 763
287 772
287 773
287 779
287 780
287 788
287 789
287 796
288 401
288 402
288 405
288 406
288 407
288 408
288 412
288 414
288 420
288 421
288 426
288 427
288 430
288 433
288 434
288 437
288 439
288 443
288 448
288 450
288 452
288 457
288 463
288 467
288 471
288 472
288 475
288 478
288 485
288 487
288 489
288 491
288 496
288 498
288 506
288 507
288 513
288 516
288 518
288 519
288 520
288 522
288 524
288 526
288 530
288 532
288 534
288 536
288 545
288 549
288 550
288 552
288 555
288 558
288 560
288 561
288 564
288 566
288 582
288 584
288 585
288 586
288 587
288 588
288 592
288 593
288 594
288 597
288 598
288 608
288 611
288 615
288 617
288 619
288 624
288 626
288 630
288 634
288 637
288 643
288 646
288 649
288 656
288 658
288 661
288 662
288 665
288 669
288 671
288 680
288 684
288 687
288 688
288 689
288 691
288 697
288 706
288 707
288 711
288 714
288 719
288 720
288 722
288 725
288 728
288 729
288 731
288 732
288 741
288 747
288 750
288 752
288 756
288 761
288 763
288 768
288 769
288 770
288 771
288 773
288 774
288 778
288 779
288 783
288 787
288 788
288 798
288 799
289 401
289 412
289 416
289 419
289 425
289 435
289 451
289 452
289 453
289 457
289 461
289 465
289 466
289 469
289 471
289 472
289 475
289 477
289 478
289 480
289 484
289 487
289 490
289 492
289 496
289 498
289 499
289 500
289 502
289 503
289 504
289 513
289 518
289 520
289 525
289 533
289 535
289 536
289 537
289 542
289 543
289 552
289 556
289 562
289 570
289 575
289 580
289 582
289 583
289 584
289 592
289 601
289 605
289 608
289 610
289 612
289 623
289 624
289 625
289 627
289 629
289 630
289 633
289 642
289 646
289 649
289 650
289 654
289 657
289 662
289 663
289 665
289 669
289 671
289 673
289 674
289 680
289 681
289 684
289 688
289 691
289 693
289 699
289 707
289 712
289 716
289 717
289 718
289 721
289 722
289 724
289 735
289 738
289 740
289 741
289 745
289 746
289 756
289 763
289 765
289 766
289 773
289 777
289 778
289 780
289 786
289 789
289 793
289 795
289 796
289 800
290 401
290 404
290 406
290 407
290 409
290 410
290 412
290 416
290 417
290 420
290 422
290 424
290 425
290 426
290 431
290 432
290 436
290 440
290 442
290 447
290 449
290 454
290 456
290 460
290 465
290 469
290 470
290 472
290 473
290 479
290 481
290 485
290 486
290 492
290 497
290 499
290 500
290 507
290 513
290 517
290 518
290 522
290 523
290 525
290 526
290 528
290 529
290 530
290 531
290 535
290 536
290 538
290 540
290 552
290 553
290 554
290 556
290 557
290 559
290 564
290 573
290 586
290 588
290 589
290 597
290 600
290 606
290 607
290 609
290 614
290 623
290 630
290 631
290 632
290 633
290 634
290 636
290 639
290 642
290 643
290 645
290 651
290 653
290 654
290 658
290 660
290 667
290 668
290 669
290 672
290 674
290 679
290 681
290 683
290 684
290 688
290 690
290 692
290 700
290 706
290 707
290 708
290 713
290 714
290 719
290 720
290 724
290 727
290 730
290 733
290 736
290 740
290 742
290 745
290 746
290 750
290 752
290 757
290 759
290 766
290 770
290 778
290 787
290 790
290 793
290 795
291 401
291 404
291 405
291 408
291 411
291 413
291 414
291 417
291 418
291 422
291 424
291 426
291 427
291 428
291 434
291 439
291 442
291 443
291 451
291 456
291 458
291 460
291 463
291 469
291 473
291 474
291 475
291 477
291 484
291 485
291 486
291 488
291 494
291 499
291 502
291 505
291 507
291 522
291 523
291 524
291 525
291 526
291 528
291 529
291 531
291 535
291 537
291 538
291 549
291 550
291 565
291 566
291 570
291 574
291 575
291 584
291 586
291 589
291 591
291 595
291 602
291 603
291 604
291 606
291 610
291 615
291 616
291 618
291 621
291 628
291 629
291 648
291 650
291 652
291 659
291 667
291 671
291 673
291 676
291 682
291 687
291 690
291 691
291 698
291 700
291 705
291 706
291 710
291 714
291 717
291 729
291 731
291 734
291 742
291 746
291 747
291 748
291 751
291 756
291 770
291 774
291 778
291 781
291 784
291 785
291 787
291 792
291 793
291 796
291 799
292 402
292 412
292 413
292 415
292 420
292 422
292 432
292 434
292 437
292 438
292 446
292 450
292 454
292 455
292 459
292 467
292 472
292 480
292 483
292 485
292 489
292 495
292 497
292 504
292 507
292 509
292 510
292 511
292 512
292 517
292 519
292 520
292 526
292 528
292 532
292 538
292 540
292 548
292 552
292 558
292 561
292 562
292 565
292 567
292 571
292 572
292 580
292 582
292 586
292 590
292 599
292 600
292 602
292 610
292 611
292 614
292 615
292 619
292 620
292 625
292 628
292 629
292 630
292 631
292 637
292 640
292 641
292 645
292 647
292 648
292 649
292 651
292 652
292 653
292 657
292 659
292 666
292 674
292 677
292 678
292 687
292 688
292 695
292 700
292 701
292 702
292 703
292 705
292 707
292 711
292 714
292 717
292 722
292 730
292 742
292 743
292 748
292 749
292 755
292 758
292 759
292 762
292 766
292 768
292 770
292 777
292 778
292 783
292 785
293 402
293 405
293 406
293 407
293 410
293 411
293 413
293 420
293 425
293 448
293 459
293 460
293 463
293 465
293 469
293 479
293 483
293 497
293 498
293 503
293 509
293 510
293 511
293 513
293 515
293 518
293 524
293 528
293 531
293 535
293 536
293 541
293 544
293 546
293 549
293 552
293 554
293 557
293 558
293 559
293 565
293 567
293 571
293 573
293 574
293 586
293 590
293 593
293 594
293 596
293 597
293 600
293 603
293 605
293 607
293 608
293 609
293 616
293 619
293 623
293 624
293 637
293 638
293 643
293 644
293 648
293 650
293 657
293 660
293 664
293 665
293 666
293 672
293 673
293 675
293 679
293 681
293 685
293 686
293 688
293 689
293 692
293 695
293 697
293 698
293 705
293 708
293 711
293 720
293 724
293 731
293 733
293 739
293 744
293 746
293 747
293 754
293 755
293 760
293 761
293 762
293 770
293 775
293 776
293 779
293 780
293 784
293 786
293 788
293 789
293 790
293 791
293 792
293 796
293 797
293 798
293 799
294 401
294 402
294 407
294 413
294 416
294 417
294 419
294 421
294 424
294 427
294 430
294 432
294 434
294 436
294 439
294 444
294 451
294 452
294 461
294 462
294 469
294 475
294 477
294 478
294 491
294 496
294 499
294 500
294 505
294 506
294 509
294 514
294 517
294 521
294 522
294 523
294 524
294 526
294 528
294 530
294 532
294 536
294 540
294 542
294 543
294 547
294 552
294 553
294 559
294 563
294 568
294 570
294 572
294 573
294 574
294 575
294 576
294 577
294 581
294 582
294 586
294 589
294 591
294 592
294 593
294 594
294 600
294 602
294 603
294 606
294 607
294 611
294 616
294 625
294 626
294 629
294 633
294 634
294 641
294 646
294 647
294 652
294 653
294 654
294 660
294 665
294 672
294 673
294 678
294 679
294 681
294 682
294 687
294 693
294 694
294 695
294 700
294 702
294 706
294 712
294 713
294 715
294 716
294 718
294 720
294 722
294 726
294 727
294 729
294 731
294 737
294 745
294 753
294 758
294 761
294 763
294 767
294 771
294 776
294 779
294 792
294 793
294 795
294 797
295 405
295 406
295 408
295 411
295 414
295 418
295 420
295 422
295 430
295 433
295 436
295 442
295 446
295 450
295 453
295 454
295 455
295 460
295 464
295 468
295 469
295 470
295 472
295 473
295 476
295 478
295 481
295 482
295 487
295 490
295 494
295 496
295 498
295 512
295 520
295 526
295 534
295 536
295 540
295 543
295 547
295 560
295 565
295 568
295 584
295 587
295 594
295 600
295 601
295 602
295 605
295 608
295 612
295 614
295 615
295 621
295 625
295 629
295 630
295 633
295 637
295 638
295 644
295 647
295 650
295 660
295 664
295 667
295 670
295 674
295 678
295 688
295 690
295 696
295 698
295 699
295 702
295 708
295 710
295 713
295 714
295 716
295 717
295 732
295 733
295 738
295 740
295 742
295 746
295 747
295 756
295 760
295 761
295 774
295 777
295 780
295 784
295 787
295 789
295 791
295 792
295 796
295 797
296 402
296 408
296 412
296 421
296 422
296 432
296 433
296 440
296 446
296 447
296 448
296 449
296 451
296 452
296 457
296 462
296 466
296 469
296 472
296 474
296 476
296 477
296 479
296 484
296 487
296 488
296 492
296 493
296 499
296 500
296 501
296 503
296 507
296 511
296 513
296 515
296 518
296 524
296 528
296 529
296 541
296 543
296 545
296 546
296 547
296 548
296 553
296 554
296 557
296 558
296 564
296 568
296 572
296 573
296 574
296 575
296 588
296 597
296 598
296 600
296 604
296 606
296 607
296 612
296 616
296 617
296 624
296 625
296 626
296 628
296 632
296 642
296 645
296 652
296 655
296 658
296 662
296 663
296 664
296 665
296 667
296 668
296 669
296 674
296 680
296 682
296 683
296 686
296 690
296 699
296 700
296 701
296 706
296 710
296 711
296 720
296 723
296 725
296 727
296 731
296 735
296 737
296 738
296 739
296 743
296 746
296 749
296 751
296 755
296 756
296 757
296 768
296 769
296 772
296 777
296 781
296 783
296 785
296 787
296 788
296 789
296 792
296 795
296 799
296 800
297 404
297 405
297 406
297 409
297 413
297 415
297 418
297 419
297 420
297 421
297 424
297 425
297 429
297 430
297 446
297 447
297 448
297 449
297 450
297 454
297 455
297 457
297 458
297 460
297 465
297 466
297 475
297 482
297 489
297 491
297 496
297 498
297 501
297 509
297 512
297 513
297 519
297 521
297 523
297 526
297 528
297 531
297 532
297 534
297 535
297 546
297 553
297 559
297 563
297 568
297 570
297 575
297 582
297 589
297 591
297 597
297 599
297 609
297 612
297 613
297 615
297 617
297 623
297 626
297 627
297 636
297 638
297 640
297 643
297 649
297 650
297 662
297 670
297 674
297 675
297 677
297 680
297 682
297 683
297 698
297 699
297 700
297 701
297 705
297 720
297 721
297 723
297 724
297 734
297 736
297 740
297 743
297 746
297 748
297 752
297 756
297 763
297 766
297 767
297 769
297 770
297 772
297 773
297 777
297 783
297 784
297 787
297 790
297 792
297 794
297 798
297 799
297 800
298 401
298 402
298 405
298 410
298 411
298 412
298 413
298 419
298 431
298 434
298 435
298 436
298 440
298 441
298 447
298 455
298 459
298 460
298 461
298 462
298 463
298 464
298 465
298 469
298 472
298 477
298 487
298 488
298 492
298 501
298 504
298 514
298 515
298 523
298 524
298 525
298 527
298 529
298 533
298 534
298 545
298 547
298 548
298 549
298 550
298 551
298 554
298 562
298 567
298 571
298 572
298 578
298 580
298 584
298 585
298 586
298 598
298 599
298 603
298 604
298 610
298 618
298 623
298 629
298 631
298 632
298 634
298 635
298 639
298 645
298 648
298 650
298 654
298 656
298 659
298 661
298 663
298 664
298 665
298 671
298 683
298 686
298 690
298 694
298 695
298 696
298 698
298 701
298 707
298 709
298 712
298 714
298 716
298 724
298 729
298 730
298 732
298 734
298 737
298 749
298 753
298 754
298 755
298 757
298 758
298 765
298 769
298 772
298 773
298 776
298 781
298 782
298 788
298 789
298 791
298 793
298 797
298 799
299 415
299 416
299 417
299 420
299 422
299 425
299 426
299 430
299 434
299 435
299 436
299 442
299 443
299 444
299 448
299 456
299 459
299 464
299 468
299 469
299 474
299 476
299 482
299 484
299 487
299 490
299 493
299 494
299 497
299 499
299 501
299 504
299 512
299 513
299 514
299 515
299 516
299 518
299 524
299 525
299 526
299 530
299 533
299 537
299 538
299 542
299 543
299 546
299 547
299 548
299 552
299 554
299 559
299 561
299 567
299 578
299 580
299 581
299 584
299 586
299 588
299 591
299 593
299 595
299 599
299 609
299 612
299 621
299 623
299 628
299 631
299 632
299 633
299 634
299 636
299 641
299 642
299 643
299 644
299 657
299 659
299 665
299 666
299 671
299 673
299 677
299 679
299 687
299 691
299 692
299 694
299 701
299 703
299 704
299 706
299 709
299 712
299 713
299 716
299 719
299 720
299 721
299 722
299 723
299 725
299 727
299 732
299 733
299 738
299 744
299 746
299 748
299 749
299 750
299 753
299 756
299 763
299 770
299 771
299 773
299 775
299 780
299 781
299 782
299 784
299 791
299 794
299 795
299 796
299 797
299 800
300 405
300 407
300 408
300 410
300 413
300 416
300 417
300 419
300 421
300 422
300 425
300 426
300 428
300 430
300 433
300 438
300 442
300 448
300 459
300 469
300 470
300 474
300 477
300 486
300 488
300 489
300 490
300 491
300 493
300 494
300 498
300 499
300 501
300 508
300 509
300 511
300 512
300 519
300 520
300 539
300 544
300 553
300 554
300 555
300 556
300 569
300 570
300 576
300 583
300 586
300 591
300 595
300 596
300 597
300 599
300 603
300 607
300 611
300 612
300 614
300 619
300 620
300 622
300 624
300 626
300 628
300 633
300 638
300 639
300 643
300 644
300 646
300 650
300 651
300 657
300 660
300 667
300 670
300 671
300 676
300 680
300 691
300 696
300 699
300 702
300 714
300 715
300 723
300 726
300 727
300 728
300 732
300 733
300 735
300 740
300 746
300 753
300 757
300 761
300 762
300 764
300 768
300 777
300 780
300 785
300 791
300 793
301 401
301 406
301 408
301 411
301 412
301 415
301 417
301 418
301 419
301 421
301 423
301 429
301 430
301 431
301 434
301 440
301 441
301 442
301 448
301 449
301 454
301 455
301 460
301 465
301 467
301 470
301 475
301 477
301 484
301 485
301 489
301 491
301 492
301 494
301 497
301 498
301 500
301 504
301 508
301 512
301 513
301 515
301 520
301 522
301 526
301 527
301 528
301 532
301 536
301 537
301 541
301 542
301 543
301 549
301 551
301 554
301 556
301 559
301 560
301 561
301 565
301 569
301 572
301 574
301 578
301 579
301 580
301 581
301 586
301 608
301 610
301 614
301 625
301 626
301 631
301 633
301 635
301 638
301 644
301 649
301 651
301 653
301 655
301 658
301 660
301 664
301 665
301 675
301 676
301 681
301 682
301 684
301 685
301 687
301 693
301 695
301 696
301 698
301 700
301 701
301 702
301 710
301 715
301 719
301 728
301 729
301 730
301 732
301 733
301 735
301 745
301 751
301 755
301 757
301 758
301 759
301 760
301 761
301 763
301 764
301 765
301 766
301 769
301 773
301 774
301 776
301 778
301 783
301 786
301 795
301 799
301 800
302 409
302 413
302 422
302 423
302 434
302 441
302 446
302 448
302 449
302 451
302 461
302 465
302 467
302 471
302 475
302 477
302 478
302 482
302 490
302 496
302 498
302 499
302 503
302 506
302 507
302 510
302 512
302 518
302 520
302 530
302 533
302 536
302 537
302 539
302 549
302 550
302 554
302 556
302 557
302 559
302 564
302 567
302 571
302 580
302 582
302 583
302 586
302 588
302 589
302 591
302 592
302 593
302 594
302 596
302 599
302 600
302 612
302 615
302 618
302 620
302 621
302 625
302 633
302 634
302 636
302 646
302 647
302 649
302 651
302 653
302 655
302 657
302 658
302 666
302 668
302 671
302 680
302 681
302 683
302 684
302 691
302 696
302 700
302 701
302 705
302 708
302 711
302 715
302 724
302 725
302 729
302 730
302 733
302 738
302 752
302 759
302 761
302 764
302 766
302 768
302 772
302 774
302 783
302 786
302 792
302 794
302 795
302 796
303 402
303 403
303 406
303 407
303 408
303 420
303 423
303 432
303 438
303 442
303 446
303 447
303 448
303 453
303 454
303 455
303 457
303 462
303 465
303 466
303 467
303 468
303 476
303 481
303 487
303 492
303 493
303 494
303 495
303 496
303 499
303 501
303 505
303 509
303 510
303 513
303 521
303 523
303 529
303 538
303 544
303 546
303 547
303 550
303 551
303 553
303 556
303 558
303 561
303 562
303 563
303 565
303 568
303 571
303 574
303 575
303 576
303 577
303 580
303 585
303 588
303 591
303 600
303 602
303 607
303 609
303 619
303 620
303 625
303 627
303 631
303 632
303 634
303 640
303 643
303 644
303 647
303 650
303 664
303 667
303 669
303 673
303 674
303 676
303 680
303 687
303 691
303 695
303 707
303 713
303 724
303 725
303 726
303 727
303 736
303 743
303 746
303 750
303 751
303 754
303 757
303 761
303 762
303 765
303 766
303 767
303 768
303 773
303 784
303 789
303 791
303 793
303 795
303 797
303 798
303 800
304 408
304 411
304 413
304 415
304 422
304 427
304 429
304 432
304 434
304 437
304 439
304 447
304 448
304 456
304 461
304 466
304 467
304 469
304 477
304 480
304 481
304 482
304 487
304 492
304 496
304 499
304 500
304 502
304 504
304 505
304 509
304 510
304 515
304 516
304 517
304 520
304 523
304 524
304 530
304 534
304 536
304 541
304 543
304 547
304 548
304 550
304 553
304 557
304 566
304 567
304 571
304 575
304 576
304 577
304 590
304 591
304 593
304 598
304 602
304 604
304 605
304 606
304 607
304 613
304 616
304 621
304 626
304 634
304 635
304 640
304 644
304 646
304 655
304 659
304 660
304 661
304 662
304 665
304 667
304 669
304 670
304 672
304 673
304 674
304 677
304 678
304 683
304 684
304 685
304 690
304 699
304 700
304 702
304 704
304 706
304 708
304 714
304 716
304 718
304 722
304 725
304 727
304 729
304 730
304 733
304 740
304 747
304 751
304 755
304 757
304 758
304 765
304 766
304 768
304 769
304 772
304 773
304 780
304 781
304 784
304 785
304 793
304 796
304 800
305 401
305 402
305 406
305 408
305 410
305 412
305 416
305 419
305 422
305 425
305 430
305 434
305 437
305 446
305 452
305 456
305 460
305 464
305 469
305 471
305 482
305 485
305 486
305 487
305 496
305 501
305 503
305 508
305 510
305 518
305 528
305 529
305 535
305 537
305 539
305 543
305 545
305 546
305 548
305 552
305 553
305 555
305 556
305 558
305 562
305 567
305 571
305 572
305 575
305 579
305 580
305 583
305 585
305 588
305 593
305 594
305 596
305 597
305 600
305 601
305 603
305 604
305 605
305 608
305 611
305 612
305 613
305 617
305 618
305 620
305 624
305 625
305 627
305 628
305 629
305 631
305 634
305 648
305 652
305 654
305 661
305 665
305 671
305 672
305 675
305 677
305 678
305 679
305 681
305 684
305 685
305 688
305 689
305 695
305 697
305 699
305 702
305 703
305 708
305 711
305 713
305 717
305 719
305 720
305 727
305 733
305 734
305 735
305 736
305 738
305 739
305 744
305 756
305 757
305 760
305 763
305 770
305 775
305 778
305 779
305 780
305 781
305 782
305 784
305 790
305 791
305 795
305 796
305 798
306 403
306 406
306 407
306 408
306 412
306 413
306 414
306 415
306 417
306 419
306 420
306 425
306 426
306 427
306 432
306 435
306 436
306 438
306 459
306 460
306 462
306 465
306 467
306 468
306 469
306 470
306 473
306 481
306 490
306 491
306 494
306 495
306 498
306 501
306 503
306 508
306 514
306 515
306 521
306 525
306 526
306 530
306 532
306 533
306 536
306 537
306 540
306 543
306 545
306 546
306 560
306 569
306 571
306 574
306 578
306 581
306 584
306 589
306 597
306 601
306 605
306 606
306 607
306 609
306 613
306 623
306 625
306 631
306 652
306 656
306 657
306 659
306 660
306 664
306 668
306 671
306 673
306 674
306 675
306 678
306 690
306 698
306 702
306 706
306 708
306 713
306 714
306 718
306 722
306 723
306 728
306 730
306 734
306 737
306 742
306 755
306 759
306 760
306 762
306 765
306 770
306 772
306 778
306 784
306 788
306 790
306 795
306 799
307 409
307 411
307 412
307 416
307 420
307 428
307 429
307 430
307 432
307 436
307 443
307 446
307 447
307 449
307 454
307 455
307 460
307 464
307 465
307 475
307 476
307 478
307 479
307 480
307 481
307 482
307 486
307 489
307 490
307 493
307 496
307 519
307 523
307 524
307 528
307 531
307 532
307 535
307 537
307 538
307 540
307 541
307 542
307 544
307 545
307 546
307 549
307 550
307 551
307 554
307 556
307 558
307 561
307 566
307 569
307 570
307 572
307 573
307 577
307 579
307 580
307 585
307 586
307 594
307 595
307 596
307 600
307 603
307 604
307 609
307 616
307 617
307 624
307 626
307 638
307 641
307 642
307 644
307 646
307 649
307 652
307 653
307 659
307 660
307 662
307 665
307 666
307 669
307 675
307 676
307 678
307 684
307 689
307 704
307 711
307 713
307 721
307 722
307 723
307 727
307 728
307 730
307 731
307 732
307 734
307 737
307 740
307 741
307 744
307 747
307 751
307 752
307 757
307 758
307 767
307 775
307 777
307 783
307 785
307 792
307 794
307 799
307 800
308 404
308 408
308 409
308 417
308 422
308 423
308 434
308 437
308 443
308 445
308 446
308 449
308 451
308 452
308 464
308 466
308 469
308 470
308 472
308 476
308 478
308 483
308 492
308 493
308 494
308 496
308 497
308 498
308 503
308 504
308 508
308 513
308 514
308 519
308 523
308 527
308 530
308 531
308 545
308 546
308 548
308 550
308 551
308 554
308 558
308 567
308 568
308 573
308 575
308 579
308 581
308 596
308 597
308 602
308 604
308 614
308 615
308 616
308 625
308 628
308 630
308 632
308 633
308 636
308 639
308 640
308 642
308 650
308 653
308 655
308 657
308 661
308 665
308 667
308 671
308 672
308 673
308 675
308 679
308 682
308 686
308 698
308 702
308 707
308 717
308 720
308 722
308 729
308 731
308 735
308 738
308 742
308 743
308 751
308 752
308 753
308 756
308 758
308 759
308 762
308 766
308 767
308 770
308 777
308 784
308 788
308 789
308 795
309 402
309 403
309 404
309 405
309 406
309 410
309 414
309 415
309 419
309 422
309 430
309 431
309 437
309 438
309 439
309 440
309 443
309 449
309 453
309 457
309 458
309 460
309 471
309 474
309 476
309 477
309 483
309 486
309 488
309 490
309 494
309 496
309 499
309 500
309 501
309 503
309 504
309 508
309 510
309 511
309 512
309 513
309 515
309 521
309 525
309 526
309 529
309 535
309 536
309 537
309 540
309 544
309 547
309 549
309 552
309 553
309 554
309 556
309 565
309 567
309 568
309 570
309 571
309 573
309 579
309 581
309 583
309 585
309 589
309 590
309 592
309 593
309 596
309 599
309 600
309 601
309 604
309 605
309 606
309 608
309 609
309 613
309 614
309 621
309 625
309 631
309 633
309 634
309 640
309 641
309 650
309 652
309 653
309 654
309 661
309 668
309 669
309 675
309 688
309 689
309 697
309 698
309 705
309 713
309 715
309 721
309 726
309 729
309 732
309 744
309 751
309 753
309 758
309 760
309 765
309 766
309 768
309 774
309 786
309 792
309 794
309 795
309 800
310 401
310 402
310 404
310 406
310 409
310 410
310 411
310 416
310 418
310 419
310 420
310 421
310 422
310 425
310 427
310 436
310 438
310 443
310 448
310 449
310 452
310 453
310 454
310 457
310 460
310 463
310 464
310 466
310 479
310 481
310 484
310 485
310 491
310 494
310 496
310 500
310 502
310 503
310 504
310 507
310 511
310 512
310 517
310 519
310 520
310 523
310 528
310 529
310 531
310 536
310 542
310 546
310 550
310 551
310 555
310 564
310 577
310 578
310 579
310 584
310 585
310 591
310 602
310 606
310 608
310 609
310 610
310 611
310 613
310 614
310 616
310 622
310 635
310 639
310 642
310 643
310 655
310 663
310 665
310 667
310 669
310 672
310 674
310 677
310 678
310 680
310 681
310 684
310 689
310 690
310 692
310 693
310 694
310 700
310 701
310 707
310 711
310 713
310 717
310 719
310 720
310 724
310 727
310 737
310 738
310 739
310 740
310 742
310 745
310 748
310 750
310 751
310 753
310 757
310 759
310 760
310 766
310 770
310 772
310 773
310 781
310 785
310 787
310 791
310 794
310 795
311 408
311 415
311 416
311 417
311 421
311 424
311 428
311 429
311 432
311 434
311 437
311 438
311 441
311 443
311 444
311 455
311 459
311 462
311 463
311 468
311 470
311 471
311 472
311 475
311 476
311 477
311 478
311 485
311 489
311 490
311 494
311 498
311 499
311 508
311 518
311 520
311 522
311 524
311 525
311 527
311 530
311 531
311 536
311 537
311 538
311 539
311 546
311 547
311 550
311 561
311 563
311 565
311 568
311 569
311 570
311 571
311 573
311 577
311 579
311 581
311 582
311 583
311 587
311 589
311 592
311 593
311 595
311 600
311 606
311 608
311 609
311 611
311 612
311 615
311 621
311 622
311 628
311 636
311 638
311 642
311 643
311 648
311 650
311 651
311 653
311 654
311 657
311 661
311 662
311 665
311 666
311 668
311 680
311 689
311 690
311 691
311 695
311 699
311 701
311 704
311 705
311 709
311 710
311 711
311 713
311 714
311 716
311 717
311 721
311 726
311 730
311 734
311 738
311 744
311 745
311 746
311 747
311 748
311 751
311 757
311 758
311 776
311 778
311 785
311 786
311 791
311 794
312 409
312 414
312 415
312 416
312 420
312 423
312 426
312 429
312 430
312 436
312 437
312 438
312 451
312 455
312 462
312 464
312 468
312 470
312 472
312 475
312 478
312 480
312 489
312 490
312 491
312 493
312 496
312 497
312 498
312 500
312 511
312 516
312 522
312 529
312 531
312 532
312 533
312 535
312 536
312 541
312 542
312 543
312 544
312 545
312 548
312 549
312 551
312 552
312 555
312 556
312 557
312 559
312 563
312 567
312 568
312 573
312 583
312 585
312 589
312 591
312 598
312 603
312 607
312 608
312 609
312 611
312 616
312 618
312 626
312 628
312 631
312 637
312 638
312 639
312 643
312 646
312 652
312 654
312 656
312 657
312 658
312 662
312 664
312 666
312 669
312 671
312 676
312 679
312 684
312 691
312 694
312 697
312 699
312 706
312 709
312 721
312 722
312 725
312 730
312 731
312 735
312 742
312 746
312 747
312 749
312 752
312 758
312 760
312 761
312 762
312 764
312 774
312 775
312 778
312 787
312 792
312 793
312 796
313 401
313 409
313 412
313 416
313 420
313 423
313 424
313 431
313 433
313 435
313 438
313 446
313 448
313 449
313 467
313 468
313 476
313 479
313 483
313 485
313 487
313 493
313 497
313 499
313 502
313 504
313 507
313 510
313 511
313 515
313 517
313 518
313 520
313 521
313 526
313 531
313 535
313 536
313 537
313 541
313 544
313 547
313 548
313 549
313 550
313 553
313 554
313 559
313 561
313 563
313 564
313 566
313 568
313 569
313 573
313 576
313 578
313 581
313 588
313 590
313 592
313 594
313 600
313 603
313 604
313 606
313 610
313 615
313 621
313 623
313 626
313 629
313 633
313 634
313 637
313 640
313 643
313 647
313 655
313 659
313 662
313 666
313 668
313 671
313 676
313 677
313 680
313 685
313 687
313 694
313 695
313 696
313 697
313 698
313 699
313 701
313 702
313 707
313 709
313 711
313 717
313 718
313 719
313 724
313 727
313 728
313 730
313 731
313 733
313 734
313 741
313 743
313 746
313 755
313 758
313 759
313 760
313 761
313 765
313 768
313 775
313 778
313 780
313 781
313 782
313 785
313 789
313 794
313 795
313 796
313 798
314 401
314 402
314 403
314 405
314 410
314 412
314 415
314 417
314 430
314 434
314 435
314 436
314 439
314 441
314 443
314 447
314 452
314 453
314 454
314 455
314 456
314 457
314 459
314 460
314 463
314 465
314 466
314 474
314 476
314 482
314 488
314 490
314 493
314 495
314 508
314 509
314 510
314 511
314 513
314 517
314 522
314 523
314 525
314 529
314 530
314 532
314 537
314 549
314 552
314 554
314 556
314 557
314 559
314 562
314 563
314 565
314 573
314 574
314 576
314 584
314 586
314 588
314 590
314 591
314 592
314 599
314 600
314 606
314 607
314 610
314 611
314 615
314 617
314 618
314 621
314 623
314 626
314 633
314 635
314 636
314 641
314 645
314 649
314 650
314 656
314 659
314 660
314 665
314 668
314 676
314 677
314 679
314 680
314 687
314 689
314 694
314 705
314 710
314 711
314 712
314 713
314 719
314 728
314 730
314 734
314 737
314 740
314 741
314 742
314 745
314 747
314 749
314 750
314 753
314 754
314 756
314 758
314 761
314 768
314 777
314 780
314 782
314 786
314 788
314 789
314 793
314 795
314 800
315 410
315 412
315 415
315 418
315 420
315 423
315 431
315 433
315 438
315 443
315 444
315 446
315 451
315 458
315 460
315 461
315 471
315 486
315 492
315 497
315 498
315 507
315 508
315 513
315 514
315 519
315 523
315 527
315 533
315 535
315 540
315 542
315 546
315 548
315 550
315 552
315 555
315 556
315 563
315 564
315 565
315 569
315 580
315 585
315 590
315 594
315 597
315 605
315 610
315 614
315 617
315 619
315 627
315 632
315 633
315 636
315 637
315 643
315 644
315 657
315 658
315 659
315 667
315 668
315 671
315 679
315 680
315 689
315 692
315 694
315 697
315 699
315 701
315 702
315 707
315 712
315 713
315 715
315 723
315 725
315 726
315 728
315 730
315 731
315 733
315 740
315 741
315 742
315 746
315 750
315 751
315 753
315 754
315 756
315 757
315 772
315 773
315 776
315 778
315 780
315 781
315 782
315 783
315 784
315 786
315 796
315 798
315 799
316 401
316 402
316 403
316 405
316 413
316 414
316 417
316 419
316 427
316 428
316 431
316 436
316 437
316 441
316 442
316 444
316 445
316 448
316 450
316 452
316 453
316 456
316 457
316 461
316 462
316 463
316 467
316 475
316 477
316 482
316 483
316 488
316 494
316 498
316 508
316 509
316 511
316 521
316 526
316 529
316 530
316 532
316 538
316 542
316 552
316 553
316 557
316 568
316 577
316 583
316 589
316 600
316 602
316 614
316 619
316 621
316 629
316 632
316 635
316 636
316 638
316 639
316 646
316 647
316 652
316 658
316 659
316 664
316 670
316 671
316 672
316 674
316 676
316 677
316 679
316 680
316 684
316 690
316 694
316 696
316 697
316 699
316 700
316 701
316 705
316 709
316 711
316 725
316 729
316 734
316 735
316 740
316 745
316 749
316 752
316 753
316 756
316 757
316 759
316 761
316 765
316 768
316 770
316 774
316 775
316 780
316 781
316 783
316 784
316 787
316 789
316 792
316 793
316 794
316 795
316 798
317 401
317 408
317 412
317 414
317 416
317 418
317 420
317 423
317 425
317 426
317 427
317 429
317 432
317 437
317 438
317 441
317 442
317 443
317 444
317 445
317 446
317 447
317 448
317 449
317 452
317 453
317 455
317 461
317 469
317 470
317 471
317 476
317 481
317 488
317 491
317 499
317 504
317 508
317 513
317 514
317 525
317 526
317 528
317 538
317 539
317 542
317 545
317 548
317 549
317 550
317 554
317 556
317 562
317 564
317 567
317 572
317 573
317 575
317 577
317 579
317 590
317 596
317 598
317 600
317 601
317 602
317 605
317 606
317 611
317 613
317 618
317 628
317 629
317 632
317 634
317 635
317 642
317 643
317 649
317 650
317 652
317 654
317 655
317 659
317 662
317 663
317 666
317 667
317 670
317 682
317 688
317 695
317 696
317 699
317 701
317 706
317 708
317 713
317 724
317 726
317 728
317 730
317 737
317 758
317 760
317 762
317 763
317 765
317 768
317 771
317 773
317 780
317 787
317 788
317 791
317 796
318 401
318 406
318 407
318 409
318 413
318 417
318 419
318 421
318 424
318 425
318 428
318 430
318 435
318 436
318 438
318 440
318 441
318 447
318 449
318 455
318 456
318 457
318 458
318 460
318 464
318 467
318 468
318 470
318 475
318 476
318 479
318 482
318 484
318 486
318 487
318 488
318 489
318 492
318 495
318 496
318 500
318 502
318 504
318 510
318 517
318 524
318 527
318 531
318 536
318 560
318 576
318 579
318 582
318 584
318 588
318 595
318 597
318 598
318 603
318 605
318 608
318 616
318 617
318 625
318 627
318 630
318 632
318 642
318 658
318 660
318 664
318 669
318 675
318 681
318 683
318 684
318 687
318 688
318 691
318 695
318 697
318 699
318 710
318 722
318 727
318 729
318 733
318 738
318 741
318 743
318 745
318 749
318 759
318 761
318 762
318 763
318 768
318 774
318 776
318 777
318 779
318 780
318 784
318 785
318 786
318 791
318 796
318 799
319 404
319 409
319 413
319 414
319 418
319 419
319 423
319 424
319 430
319 434
319 443
319 444
319 448
319 449
319 451
319 458
319 459
319 463
319 465
319 466
319 470
319 473
319 476
319 478
319 486
319 487
319 488
319 489
319 491
319 496
319 499
319 505
319 508
319 512
319 513
319 515
319 516
319 518
319 522
319 525
319 526
319 535
319 537
319 539
319 540
319 541
319 544
319 545
319 550
319 552
319 554
319 560
319 563
319 569
319 571
319 574
319 575
319 576
319 577
319 583
319 592
319 599
319 600
319 601
319 602
319 608
319 622
319 630
319 632
319 637
319 645
319 650
319 655
319 658
319 661
319 665
319 669
319 671
319 674
319 678
319 681
319 682
319 684
319 685
319 687
319 689
319 691
319 692
319 695
319 699
319 701
319 703
319 704
319 708
319 711
319 713
319 714
319 717
319 718
319 727
319 732
319 734
319 736
319 742
319 743
319 748
319 749
319 755
319 756
319 757
319 760
319 762
319 775
319 776
319 777
319 781
319 782
319 786
319 787
319 799
320 404
320 405
320 414
320 424
320 426
320 434
320 439
320 440
320 444
320 450
320 451
320 457
320 459
320 464
320 465
320 467
320 468
320 469
320 471
320 474
320 477
320 484
320 486
320 487
320 492
320 495
320 502
320 512
320 527
320 532
320 534
320 542
320 544
320 545
320 546
320 547
320 550
320 558
320 561
320 562
320 564
320 573
320 575
320 576
320 579
320 581
320 584
320 588
320 590
320 597
320 600
320 603
320 607
320 608
320 611
320 617
320 622
320 627
320 633
320 643
320 645
320 658
320 666
320 670
320 673
320 681
320 686
320 691
320 693
320 698
320 700
320 703
320 705
320 707
320 709
320 718
320 723
320 725
320 728
320 735
320 743
320 744
320 746
320 749
320 754
320 756
320 758
320 760
320 761
320 771
320 785
320 791
320 794
320 799
320 800
321 402
321 403
321 417
321 418
321 419
321 420
321 424
321 425
321 426
321 428
321 432
321 433
321 436
321 437
321 440
321 441
321 443
321 444
321 445
321 447
321 448
321 451
321 456
321 459
321 461
321 462
321 464
321 466
321 468
321 472
321 473
321 478
321 483
321 495
321 505
321 509
321 510
321 512
321 524
321 525
321 527
321 528
321 531
321 532
321 541
321 542
321 545
321 546
321 547
321 549
321 550
321 553
321 558
321 561
321 564
321 565
321 566
321 567
321 569
321 573
321 574
321 578
321 583
321 588
321 589
321 594
321 600
321 601
321 604
321 605
321 607
321 610
321 611
321 613
321 616
321 625
321 627
321 628
321 631
321 644
321 646
321 647
321 649
321 650
321 651
321 655
321 657
321 658
321 667
321 669
321 670
321 673
321 674
321 678
321 682
321 683
321 684
321 687
321 692
321 695
321 700
321 703
321 709
321 710
321 711
321 712
321 714
321 715
321 716
321 724
321 725
321 732
321 747
321 751
321 756
321 758
321 761
321 763
321 767
321 768
321 771
321 777
321 785
321 786
321 788
321 790
321 791
321 798
322 401
322 402
322 403
322 406
322 409
322 410
322 411
322 412
322 415
322 418
322 422
322 423
322 424
322 435
322 437
322 441
322 442
322 444
322 445
322 449
322 456
322 458
322 461
322 473
322 475
322 477
322 482
322 483
322 486
322 487
322 488
322 500
322 503
322 507
322 511
322 515
322 519
322 522
322 526
322 532
322 541
322 549
322 552
322 558
322 559
322 568
322 576
322 581
322 586
322 592
322 595
322 597
322 602
322 611
322 612
322 613
322 616
322 624
322 626
322 632
322 636
322 639
322 640
322 641
322 643
322 645
322 650
322 651
322 652
322 658
322 659
322 672
322 681
322 685
322 693
322 694
322 695
322 698
322 699
322 700
322 706
322 711
322 713
322 720
322 726
322 727
322 730
322 734
322 735
322 736
322 743
322 745
322 748
322 753
322 756
322 760
322 765
322 766
322 768
322 774
322 778
322 784
322 785
322 786
322 795
322 800
323 402
323 403
323 404
323 407
323 410
323 413
323 416
323 418
323 421
323 424
323 425
323 432
323 437
323 440
323 447
323 455
323 460
323 462
323 464
323 467
323 469
323 473
323 474
323 476
323 477
323 481
323 482
323 486
323 489
323 495
323 502
323 504
323 505
323 507
323 510
323 513
323 517
323 519
323 520
323 521
323 523
323 526
323 530
323 535
323 539
323 545
323 546
323 559
323 560
323 561
323 565
323 572
323 573
323 574
323 575
323 579
323 580
323 585
323 588
323 593
323 594
323 596
323 597
323 601
323 605
323 606
323 610
323 612
323 621
323 632
323 634
323 643
323 645
323 646
323 648
323 650
323 651
323 652
323 654
323 655
323 658
323 660
323 665
323 666
323 670
323 675
323 676
323 679
323 680
323 681
323 684
323 685
323 687
323 691
323 692
323 698
323 701
323 703
323 704
323 708
323 711
323 712
323 718
323 719
323 721
323 726
323 728
323 732
323 737
323 740
323 742
323 743
323 744
323 746
323 747
323 748
323 749
323 753
323 755
323 756
323 763
323 764
323 769
323 774
323 777
323 779
323 780
323 782
323 786
323 789
323 792
323 794
323 795
323 796
323 797
324 401
324 409
324 411
324 417
324 419
324 420
324 423
324 426
324 427
324 434
324 443
324 445
324 447
324 451
324 454
324 457
324 460
324 464
324 467
324 468
324 470
324 471
324 473
324 478
324 480
324 482
324 483
324 484
324 492
324 499
324 503
324 504
324 505
324 509
324 510
324 513
324 518
324 525
324 531
324 538
324 540
324 553
324 555
324 557
324 564
324 579
324 581
324 582
324 583
324 584
324 585
324 590
324 591
324 594
324 595
324 598
324 600
324 601
324 604
324 611
324 612
324 613
324 618
324 623
324 624
324 625
324 631
324 632
324 634
324 641
324 650
324 651
324 655
324 657
324 667
324 672
324 673
324 678
324 683
324 684
324 687
324 691
324 693
324 694
324 698
324 702
324 703
324 704
324 706
324 710
324 716
324 717
324 719
324 722
324 723
324 726
324 729
324 731
324 732
324 736
324 740
324 741
324 749
324 758
324 759
324 767
324 769
324 772
324 773
324 775
324 776
324 786
324 792
324 794
324 798
324 799
325 404
325 405
325 406
325 407
325 408
325 412
325 420
325 432
325 435
325 436
325 448
325 449
325 452
325 458
325 459
325 461
325 467
325 469
325 473
325 475
325 476
325 478
325 481
325 482
325 485
325 489
325 490
325 491
325 496
325 499
325 503
325 505
325 506
325 508
325 509
325 510
325 515
325 516
325 517
325 519
325 522
325 533
325 535
325 537
325 538
325 553
325 554
325 557
325 559
325 561
325 566
325 568
325 569
325 570
325 571
325 573
325 575
325 576
325 579
325 582
325 584
325 586
325 588
325 590
325 603
325 604
325 607
325 609
325 614
325 617
325 619
325 621
325 623
325 624
325 625
325 629
325 630
325 633
325 634
325 636
325 639
325 642
325 649
325 652
325 654
325 658
325 662
325 663
325 666
325 673
325 675
325 677
325 679
325 682
325 684
325 687
325 691
325 692
325 693
325 707
325 712
325 714
325 716
325 722
325 727
325 728
325 729
325 734
325 735
325 737
325 743
325 753
325 754
325 755
325 756
325 761
325 766
325 774
325 775
325 778
325 780
325 783
325 788
325 793
326 401
326 404
326 408
326 410
326 413
326 418
326 420
326 423
326 430
326 432
326 433
326 437
326 441
326 444
326 447
326 459
326 463
326 464
326 467
326 468
326 472
326 473
326 478
326 479
326 487
326 488
326 490
326 494
326 495
326 497
326 499
326 501
326 507
326 508
326 509
326 511
326 516
326 517
326 518
326 526
326 532
326 533
326 534
326 536
326 542
326 546
326 547
326 549
326 551
326 552
326 555
326 561
326 563
326 564
326 565
326 567
326 571
326 579
326 581
326 582
326 586
326 590
326 593
326 605
326 608
326 610
326 614
326 618
326 620
326 626
326 629
326 630
326 634
326 635
326 650
326 654
326 661
326 663
326 664
326 665
326 667
326 676
326 684
326 689
326 690
326 692
326 694
326 695
326 701
326 706
326 709
326 717
326 721
326 723
326 726
326 727
326 730
326 738
326 750
326 756
326 758
326 760
326 765
326 768
326 769
326 770
326 771
326 773
326 776
326 779
326 785
326 786
326 790
327 403
327 408
327 414
327 417
327 418
327 421
327 425
327 427
327 428
327 430
327 431
327 432
327 433
327 437
327 439
327 440
327 446
327 448
327 450
327 455
327 460
327 461
327 465
327 468
327 471
327 473
327 485
327 491
327 497
327 498
327 500
327 503
327 505
327 508
327 516
327 518
327 520
327 523
327 524
327 525
327 526
327 528
327 531
327 539
327 540
327 542
327 545
327 551
327 554
327 555
327 559
327 563
327 567
327 568
327 571
327 574
327 578
327 583
327 584
327 585
327 586
327 587
327 591
327 595
327 596
327 597
327 604
327 605
327 606
327 613
327 618
327 620
327 621
327 622
327 623
327 626
327 627
327 635
327 636
327 639
327 640
327 642
327 646
327 647
327 650
327 651
327 668
327 669
327 675
327 676
327 687
327 690
327 691
327 695
327 696
327 706
327 712
327 716
327 721
327 723
327 724
327 726
327 727
327 734
327 736
327 740
327 741
327 745
327 748
327 749
327 750
327 752
327 762
327 765
327 769
327 773
327 776
327 780
327 781
327 783
327 789
327 792
327 800
328 401
328 403
328 406
328 410
328 415
328 416
328 417
328 426
328 427
328 428
328 431
328 432
328 437
328 440
328 445
328 446
328 447
328 450
328 453
328 455
328 459
328 466
328 469
328 473
328 481
328 496
328 500
328 504
328 509
328 513
328 518
328 521
328 527
328 531
328 532
328 535
328 547
328 550
328 552
328 556
328 559
328 560
328 562
328 564
328 566
328 573
328 575
328 582
328 585
328 586
328 591
328 592
328 596
328 599
328 603
328 609
328 615
328 620
328 621
328 628
328 630
328 633
328 634
328 635
328 636
328 637
328 639
328 642
328 643
328 647
328 655
328 657
328 659
328 660
328 669
328 672
328 674
328 683
328 688
328 689
328 693
328 700
328 701
328 703
328 704
328 706
328 709
328 710
328 711
328 727
328 729
328 731
328 733
328 739
328 741
328 748
328 760
328 761
328 763
328 772
328 778
328 782
328 783
328 784
328 786
328 787
328 789
328 791
328 795
328 796
329 402
329 407
329 413
329 418
329 422
329 429
329 437
329 444
329 445
329 460
329 463
329 465
329 468
329 472
329 473
329 477
329 485
329 487
329 491
329 493
329 502
329 505
329 509
329 511
329 515
329 518
329 522
329 524
329 525
329 532
329 535
329 540
329 541
329 545
329 547
329 549
329 552
329 553
329 558
329 562
329 563
329 564
329 567
329 571
329 574
329 575
329 576
329 577
329 581
329 582
329 584
329 587
329 589
329 592
329 604
329 607
329 615
329 617
329 620
329 624
329 625
329 628
329 630
329 631
329 634
329 640
329 647
329 662
329 663
329 664
329 667
329 669
329 682
329 683
329 688
329 697
329 698
329 700
329 705
329 710
329 711
329 715
329 716
329 717
329 720
329 721
329 722
329 726
329 730
329 731
329 732
329 733
329 735
329 736
329 741
329 742
329 746
329 751
329 756
329 762
329 764
329 771
329 773
329 778
329 779
329 786
329 787
329 788
329 797
329 798
329 799
330 401
330 407
330 411
330 412
330 413
330 415
330 421
330 424
330 425
330 428
330 429
330 430
330 435
330 438
330 449
330 452
330 457
330 464
330 466
330 468
330 476
330 477
330 482
330 485
330 486
330 487
330 492
330 496
330 501
330 512
330 514
330 515
330 518
330 521
330 522
330 528
330 531
330 533
330 538
330 544
330 547
330 549
330 550
330 551
330 552
330 559
330 560
330 572
330 573
330 576
330 577
330 582
330 587
330 589
330 592
330 593
330 594
330 596
330 597
330 598
330 605
330 609
330 612
330 615
330 619
330 621
330 622
330 624
330 632
330 640
330 643
330 646
330 647
330 648
330 653
330 659
330 660
330 661
330 666
330 667
330 673
330 675
330 678
330 683
330 686
330 693
330 694
330 697
330 703
330 708
330 709
330 710
330 715
330 716
330 719
330 722
330 723
330 731
330 739
330 740
330 741
330 743
330 746
330 747
330 748
330 753
330 754
330 755
330 758
330 763
330 773
330 778
330 787
330 789
330 790
330 791
330 792
330 794
331 401
331 409
331 430
331 432
331 434
331 435
331 439
331 443
331 444
331 446
331 449
331 450
331 455
331 465
331 466
331 470
331 474
331 482
331 485
331 487
331 490
331 500
331 501
331 502
331 510
331 514
331 518
331 522
331 525
331 532
331 533
331 535
331 536
331 542
331 544
331 546
331 547
331 548
331 552
331 554
331 564
331 567
331 569
331 570
331 573
331 574
331 579
331 586
331 593
331 594
331 595
331 596
331 597
331 599
331 603
331 605
331 610
331 613
331 617
331 620
331 627
331 629
331 631
331 632
331 633
331 639
331 640
331 646
331 649
331 658
331 660
331 664
331 666
331 668
331 675
331 679
331 688
331 703
331 711
331 714
331 715
331 718
331 725
331 728
331 729
331 731
331 738
331 741
331 742
331 747
331 749
331 752
331 753
331 755
331 756
331 758
331 760
331 763
331 765
331 767
331 772
331 773
331 779
331 780
331 782
331 785
331 790
331 792
331 794
331 795
331 799
332 402
332 406
332 408
332 411
332 412
332 419
332 421
332 423
332 426
332 427
332 428
332 431
332 440
332 447
332 454
332 459
332 462
332 469
332 477
332 481
332 493
332 498
332 500
332 501
332 504
332 505
332 508
332 511
332 519
332 520
332 531
332 533
332 534
332 540
332 548
332 551
332 554
332 561
332 564
332 572
332 582
332 591
332 593
332 595
332 598
332 599
332 604
332 606
332 608
332 611
332 616
332 618
332 619
332 623
332 628
332 631
332 633
332 634
332 640
332 644
332 646
332 648
332 650
332 652
332 656
332 659
332 662
332 666
332 669
332 670
332 675
332 676
332 678
332 684
332 687
332 688
332 693
332 695
332 696
332 697
332 698
332 699
332 700
332 701
332 702
332 715
332 716
332 717
332 720
332 723
332 727
332 730
332 731
332 737
332 744
332 745
332 754
332 756
332 758
332 759
332 762
332 763
332 764
332 770
332 775
332 776
332 780
332 782
332 783
332 788
332 789
332 792
332 793
332 796
332 798
333 403
333 405
333 415
333 422
333 425
333 428
333 430
333 432
333 434
333 438
333 440
333 441
333 442
333 445
333 450
333 459
333 461
333 462
333 466
333 472
333 474
333 475
333 476
333 478
333 480
333 483
333 484
333 486
333 488
333 491
333 495
333 497
333 499
333 501
333 502
333 513
333 516
333 517
333 519
333 520
333 521
333 524
333 532
333 537
333 539
333 543
333 547
333 552
333 556
333 557
333 558
333 565
333 569
333 571
333 572
333 574
333 575
333 580
333 583
333 585
333 587
333 588
333 589
333 592
333 596
333 601
333 602
333 609
333 614
333 617
333 621
333 629
333 631
333 635
333 636
333 641
333 643
333 644
333 653
333 657
333 664
333 665
333 666
333 667
333 670
333 672
333 674
333 677
333 685
333 686
333 688
333 692
333 695
333 698
333 702
333 707
333 710
333 713
333 714
333 718
333 728
333 733
333 738
333 743
333 744
333 747
333 749
333 750
333 753
333 755
333 756
333 759
333 761
333 765
333 770
333 771
333 774
333 785
333 786
333 797
334 404
334 411
334 412
334 415
334 419
334 420
334 421
334 423
334 428
334 431
334 441
334 442
334 444
334 447
334 449
334 452
334 453
334 454
334 456
334 458
334 459
334 460
334 461
334 469
334 473
334 480
334 487
334 492
334 501
334 502
334 503
334 506
334 508
334 511
334 512
334 513
334 514
334 515
334 519
334 522
334 526
334 532
334 533
334 534
334 535
334 537
334 539
334 541
334 542
334 544
334 549
334 552
334 553
334 555
334 558
334 562
334 565
334 571
334 573
334 574
334 576
334 580
334 582
334 583
334 584
334 585
334 586
334 588
334 590
334 591
334 599
334 610
334 612
334 613
334 616
334 617
334 619
334 630
334 633
334 636
334 637
334 640
334 641
334 645
334 646
334 648
334 651
334 652
334 654
334 655
334 656
334 657
334 658
334 659
334 660
334 662
334 664
334 666
334 669
334 674
334 676
334 678
334 679
334 680
334 681
334 682
334 686
334 687
334 688
334 689
334 691
334 692
334 696
334 701
334 709
334 711
334 712
334 713
334 716
334 725
334 728
334 735
334 738
334 741
334 747
334 748
334 749
334 751
334 753
334 754
334 756
334 759
334 762
334 764
334 767
334 773
334 774
334 777
334 778
334 782
334 785
334 787
334 792
334 797
334 798
335 401
335 402
335 407
335 409
335 414
335 415
335 417
335 421
335 430
335 433
335 434
335 437
335 441
335 443
335 449
335 451
335 453
335 455
335 457
335 469
335 471
335 472
335 475
335 477
335 478
335 479
335 483
335 484
335 489
335 494
335 495
335 499
335 500
335 501
335 508
335 509
335 510
335 511
335 512
335 513
335 515
335 521
335 522
335 523
335 526
335 528
335 537
335 538
335 540
335 541
335 542
335 545
335 547
335 559
335 561
335 569
335 571
335 572
335 577
335 578
335 586
335 587
335 588
335 590
335 591
335 596
335 600
335 601
335 605
335 606
335 621
335 623
335 629
335 631
335 633
335 638
335 643
335 649
335 650
335 651
335 653
335 654
335 658
335 659
335 661
335 673
335 675
335 679
335 681
335 686
335 687
335 689
335 691
335 700
335 706
335 707
335 713
335 717
335 719
335 725
335 728
335 734
335 737
335 741
335 743
335 745
335 748
335 750
335 751
335 757
335 758
335 760
335 765
335 767
335 768
335 770
335 772
335 775
335 776
335 778
335 779
335 783
335 784
335 785
335 787
335 790
335 792
335 795
335 798
336 405
336 407
336 408
336 411
336 413
336 421
336 422
336 423
336 424
336 430
336 431
336 433
336 434
336 441
336 444
336 445
336 451
336 453
336 458
336 459
336 466
336 469
336 474
336 476
336 477
336 485
336 486
336 487
336 496
336 497
336 498
336 499
336 502
336 506
336 507
336 509
336 511
336 514
336 515
336 516
336 517
336 518
336 519
336 534
336 537
336 539
336 546
336 547
336 551
336 552
336 559
336 567
336 569
336 573
336 575
336 577
336 581
336 585
336 589
336 590
336 597
336 599
336 601
336 603
336 606
336 608
336 612
336 615
336 620
336 622
336 630
336 631
336 635
336 638
336 640
336 641
336 654
336 661
336 665
336 667
336 668
336 674
336 678
336 679
336 683
336 684
336 687
336 688
336 690
336 699
336 705
336 710
336 713
336 715
336 716
336 728
336 731
336 733
336 739
336 740
336 741
336 742
336 748
336 753
336 755
336 756
336 758
336 760
336 761
336 767
336 773
336 777
336 778
336 779
336 780
336 791
336 798
336 800
337 401
337 402
337 403
337 405
337 406
337 407
337 411
337 419
337 420
337 421
337 427
337 433
337 434
337 437
337 444
337 453
337 454
337 457
337 458
337 459
337 462
337 464
337 468
337 472
337 475
337 479
337 483
337 486
337 487
337 491
337 493
337 496
337 499
337 502
337 503
337 507
337 508
337 513
337 516
337 517
337 520
337 524
337 528
337 529
337 533
337 534
337 535
337 537
337 539
337 542
337 546
337 549
337 554
337 556
337 557
337 565
337 567
337 568
337 574
337 575
337 579
337 582
337 583
337 587
337 588
337 592
337 598
337 600
337 605
337 608
337 615
337 617
337 623
337 631
337 632
337 636
337 638
337 641
337 644
337 648
337 654
337 660
337 663
337 673
337 674
337 675
337 676
337 677
337 678
337 679
337 680
337 681
337 683
337 690
337 691
337 693
337 695
337 701
337 707
337 710
337 712
337 714
337 726
337 730
337 731
337 732
337 733
337 736
337 738
337 739
337 741
337 744
337 747
337 750
337 752
337 754
337 758
337 761
337 765
337 771
337 773
337 775
337 776
337 778
337 779
337 782
337 784
337 788
337 791
337 792
337 795
337 796
337 797
338 401
338 403
338 409
338 414
338 415
338 418
338 419
338 421
338 424
338 430
338 433
338 437
338 438
338 439
338 441
338 443
338 446
338 447
338 451
338 452
338 454
338 455
338 458
338 459
338 461
338 473
338 475
338 480
338 484
338 485
338 490
338 495
338 499
338 502
338 505
338 521
338 529
338 536
338 540
338 543
338 544
338 556
338 558
338 563
338 566
338 570
338 576
338 583
338 585
338 590
338 591
338 593
338 594
338 598
338 601
338 606
338 609
338 612
338 613
338 615
338 616
338 623
338 628
338 630
338 631
338 637
338 638
338 649
338 650
338 653
338 654
338 658
338 661
338 664
338 667
338 676
338 678
338 679
338 685
338 688
338 695
338 696
338 699
338 703
338 708
338 716
338 717
338 719
338 724
338 727
338 728
338 729
338 736
338 738
338 744
338 747
338 748
338 751
338 753
338 758
338 759
338 771
338 772
338 775
338 784
338 785
338 790
338 793
338 798
339 402
339 405
339 407
339 411
339 420
339 424
339 431
339 432
339 433
339 441
339 449
339 450
339 461
339 463
339 464
339 467
339 478
339 480
339 481
339 483
339 501
339 502
339 505
339 506
339 510
339 511
339 512
339 513
339 514
339 525
339 533
339 534
339 546
339 554
339 560
339 562
339 565
339 568
339 569
339 573
339 575
339 579
339 583
339 584
339 586
339 591
339 594
339 598
339 601
339 607
339 610
339 612
339 613
339 627
339 628
339 631
339 632
339 633
339 634
339 638
339 641
339 643
339 644
339 647
339 650
339 653
339 656
339 660
339 663
339 664
339 667
339 670
339 675
339 676
339 688
339 690
339 698
339 699
339 702
339 703
339 704
339 711
339 712
339 713
339 719
339 720
339 722
339 728
339 730
339 732
339 733
339 734
339 737
339 738
339 739
339 748
339 749
339 751
339 758
339 761
339 763
339 764
339 768
339 781
339 782
339 784
339 785
339 787
339 791
339 794
339 796
339 797
339 800
340 408
340 414
340 419
340 420
340 422
340 424
340 425
340 432
340 435
340 440
340 441
340 446
340 457
340 458
340 459
340 461
340 465
340 466
340 468
340 472
340 473
340 475
340 476
340 481
340 483
340 487
340 491
340 495
340 498
340 506
340 508
340 510
340 512
340 514
340 516
340 517
340 518
340 520
340 522
340 523
340 524
340 532
340 533
340 536
340 548
340 550
340 553
340 554
340 557
340 558
340 559
340 561
340 564
340 565
340 568
340 570
340 573
340 574
340 575
340 588
340 595
340 599
340 604
340 615
340 618
340 621
340 625
340 628
340 641
340 642
340 644
340 647
340 650
340 651
340 653
340 654
340 658
340 662
340 670
340 671
340 672
340 677
340 678
340 682
340 684
340 687
340 689
340 693
340 698
340 701
340 703
340 704
340 705
340 712
340 719
340 721
340 724
340 726
340 730
340 738
340 745
340 751
340 754
340 755
340 759
340 761
340 765
340 766
340 769
340 770
340 773
340 776
340 778
340 779
340 783
340 784
340 786
340 791
340 796
340 798
341 403
341 407
341 414
341 415
341 416
341 420
341 422
341 424
341 425
341 427
341 429
341 431
341 433
341 435
341 437
341 441
341 444
341 446
341 448
341 451
341 455
341 456
341 459
341 460
341 462
341 470
341 474
341 477
341 482
341 485
341 487
341 489
341 490
341 491
341 497
341 500
341 501
341 505
341 507
341 508
341 513
341 514
341 517
341 518
341 521
341 524
341 526
341 530
341 531
341 532
341 535
341 536
341 540
341 541
341 545
341 547
341 551
341 552
341 556
341 557
341 564
341 572
341 573
341 577
341 578
341 583
341 585
341 589
341 590
341 593
341 594
341 595
341 607
341 612
341 617
341 618
341 619
341 622
341 624
341 625
341 627
341 631
341 635
341 639
341 642
341 646
341 648
341 649
341 650
341 651
341 652
341 657
341 661
341 663
341 665
341 666
341 669
341 674
341 676
341 680
341 681
341 682
341 684
341 685
341 690
341 695
341 696
341 703
341 704
341 710
341 712
341 713
341 714
341 715
341 719
341 724
341 727
341 728
341 732
341 742
341 751
341 758
341 760
341 762
341 763
341 765
341 766
341 769
341 770
341 771
341 774
341 778
341 781
341 783
341 784
341 788
341 791
341 792
341 797
342 401
342 402
342 404
342 405
342 406
342 408
342 409
342 410
342 415
342 416
342 422
342 428
342 433
342 435
342 436
342 438
342 439
342 445
342 452
342 453
342 454
342 459
342 461
342 465
342 468
342 472
342 473
342 477
342 480
342 482
342 499
342 500
342 502
342 503
342 505
342 507
342 513
342 515
342 521
342 522
342 524
342 525
342 532
342 536
342 537
342 538
342 541
342 544
342 547
342 549
342 555
342 556
342 558
342 559
342 564
342 565
342 571
342 577
342 582
342 592
342 598
342 601
342 604
342 606
342 612
342 622
342 623
342 624
342 627
342 629
342 630
342 633
342 636
342 638
342 640
342 641
342 643
342 645
342 649
342 650
342 656
342 661
342 664
342 665
342 666
342 667
342 678
342 681
342 682
342 683
342 687
342 689
342 691
342 696
342 699
342 703
342 704
342 707
342 712
342 713
342 720
342 721
342 725
342 727
342 731
342 732
342 734
342 738
342 741
342 751
342 758
342 760
342 761
342 766
342 769
342 771
342 772
342 774
342 777
342 782
342 788
342 789
342 793
342 798
343 403
343 406
343 407
343 410
343 418
343 422
343 429
343 435
343 438
343 440
343 443
343 444
343 448
343 454
343 458
343 462
343 464
343 467
343 469
343 475
343 476
343 478
343 485
343 492
343 493
343 498
343 499
343 505
343 518
343 523
343 527
343 530
343 536
343 543
343 547
343 549
343 552
343 553
343 554
343 555
343 560
343 564
343 565
343 575
343 583
343 585
343 586
343 591
343 592
343 593
343 595
343 598
343 600
343 601
343 609
343 610
343 612
343 616
343 630
343 632
343 639
343 643
343 645
343 647
343 658
343 661
343 668
343 670
343 671
343 673
343 676
343 678
343 680
343 683
343 686
343 691
343 692
343 693
343 694
343 695
343 696
343 697
343 703
343 705
343 707
343 710
343 713
343 714
343 716
343 726
343 737
343 738
343 740
343 741
343 743
343 744
343 745
343 747
343 748
343 749
343 755
343 760
343 763
343 767
343 772
343 782
343 786
343 788
343 795
343 796
343 798
343 799
344 408
344 410
344 412
344 413
344 416
344 420
344 435
344 438
344 440
344 452
344 453
344 456
344 460
344 462
344 463
344 464
344 467
344 469
344 470
344 485
344 486
344 490
344 494
344 496
344 497
344 502
344 511
344 515
344 519
344 525
344 526
344 527
344 532
344 534
344 545
344 550
344 556
344 557
344 558
344 562
344 566
344 567
344 577
344 579
344 580
344 587
344 588
344 594
344 599
344 600
344 601
344 605
344 611
344 612
344 613
344 616
344 619
344 622
344 625
344 627
344 630
344 634
344 635
344 636
344 640
344 646
344 648
344 656
344 658
344 666
344 676
344 679
344 682
344 684
344 692
344 695
344 699
344 701
344 702
344 704
344 709
344 721
344 727
344 730
344 734
344 737
344 739
344 740
344 743
344 745
344 748
344 752
344 754
344 755
344 759
344 762
344 764
344 771
344 775
344 777
344 778
344 779
344 780
344 783
344 784
344 785
344 787
344 788
344 789
344 790
344 794
345 405
345 406
345 409
345 415
345 418
345 421
345 428
345 433
345 435
345 438
345 450
345 452
345 456
345 463
345 469
345 470
345 482
345 483
345 485
345 486
345 487
345 494
345 496
345 498
345 506
345 509
345 510
345 511
345 521
345 523
345 524
345 525
345 526
345 536
345 537
345 541
345 550
345 551
345 554
345 563
345 567
345 572
345 574
345 581
345 591
345 596
345 599
345 600
345 604
345 605
345 608
345 610
345 611
345 614
345 617
345 626
345 628
345 630
345 635
345 640
345 643
345 646
345 651
345 655
345 658
345 671
345 672
345 679
345 683
345 692
345 703
345 705
345 706
345 708
345 714
345 719
345 720
345 721
345 722
345 725
345 728
345 730
345 733
345 735
345 738
345 742
345 745
345 746
345 748
345 753
345 757
345 758
345 765
345 769
345 770
345 780
345 781
345 786
345 789
345 795
346 404
346 405
346 411
346 412
346 413
346 415
346 420
346 422
346 426
346 434
346 437
346 442
346 447
346 448
346 455
346 456
346 459
346 466
346 469
346 472
346 477
346 478
346 479
346 481
346 490
346 496
346 498
346 506
346 508
346 519
346 523
346 525
346 528
346 537
346 545
346 556
346 559
346 560
346 565
346 575
346 579
346 580
346 582
346 583
346 584
346 593
346 594
346 596
346 598
346 605
346 611
346 613
346 618
346 620
346 621
346 625
346 630
346 631
346 640
346 647
346 650
346 653
346 658
346 668
346 678
346 679
346 684
346 685
346 686
346 687
346 693
346 694
346 695
346 698
346 700
346 701
346 707
346 708
346 709
346 712
346 713
346 717
346 718
346 719
346 724
346 725
346 730
346 732
346 735
346 736
346 737
346 739
346 744
346 745
346 748
346 755
346 757
346 767
346 769
346 771
346 777
346 779
346 782
346 787
346 792
346 794
346 795
346 796
347 404
347 405
347 409
347 410
347 415
347 419
347 420
347 427
347 429
347 430
347 431
347 432
347 433
347 439
347 444
347 445
347 450
347 452
347 453
347 461
347 464
347 474
347 475
347 479
347 480
347 481
347 482
347 483
347 485
347 490
347 492
347 493
347 495
347 497
347 500
347 504
347 506
347 510
347 512
347 515
347 517
347 522
347 523
347 528
347 534
347 535
347 536
347 540
347 541
347 543
347 545
347 547
347 549
347 551
347 554
347 557
347 559
347 565
347 574
347 577
347 579
347 583
347 584
347 587
347 591
347 592
347 598
347 602
347 610
347 611
347 617
347 620
347 622
347 627
347 629
347 634
347 636
347 637
347 641
347 646
347 647
347 653
347 661
347 663
347 667
347 668
347 670
347 675
347 682
347 684
347 696
347 707
347 708
347 712
347 716
347 723
347 726
347 733
347 744
347 745
347 746
347 748
347 750
347 751
347 752
347 753
347 754
347 755
347 757
347 758
347 761
347 762
347 764
347 767
347 768
347 783
347 785
347 790
347 794
347 795
347 796
347 797
347 798
347 800
348 411
348 412
348 415
348 416
348 421
348 422
348 423
348 427
348 432
348 435
348 436
348 437
348 438
348 444
348 446
348 451
348 452
348 461
348 467
348 469
348 470
348 481
348 486
348 489
348 490
348 491
348 499
348 500
348 508
348 512
348 516
348 520
348 522
348 524
348 525
348 526
348 528
348 529
348 531
348 532
348 538
348 540
348 541
348 543
348 546
348 551
348 558
348 562
348 564
348 565
348 573
348 575
348 584
348 586
348 587
348 588
348 591
348 594
348 596
348 600
348 604
348 605
348 606
348 607
348 608
348 610
348 612
348 614
348 616
348 618
348 620
348 623
348 625
348 626
348 627
348 628
348 633
348 637
348 643
348 646
348 653
348 655
348 657
348 659
348 662
348 663
348 665
348 671
348 672
348 679
348 680
348 683
348 687
348 688
348 690
348 692
348 693
348 697
348 700
348 702
348 705
348 706
348 709
348 710
348 718
348 721
348 722
348 724
348 725
348 726
348 727
348 729
348 732
348 735
348 740
348 741
348 745
348 746
348 748
348 749
348 759
348 763
348 769
348 770
348 773
348 774
348 776
348 777
348 779
348 781
348 783
348 785
348 787
348 788
348 790
348 798
349 401
349 403
349 406
349 408
349 416
349 433
349 438
349 442
349 444
349 445
349 447
349 450
349 455
349 457
349 458
349 459
349 465
349 471
349 472
349 473
349 477
349 482
349 483
349 485
349 486
349 489
349 490
349 497
349 500
349 501
349 504
349 505
349 506
349 510
349 516
349 523
349 528
349 532
349 533
349 537
349 538
349 542
349 547
349 549
349 550
349 551
349 553
349 561
349 563
349 566
349 569
349 571
349 572
349 575
349 576
349 578
349 580
349 583
349 590
349 591
349 593
349 597
349 598
349 600
349 603
349 606
349 607
349 611
349 612
349 618
349 619
349 620
349 622
349 624
349 632
349 634
349 637
349 643
349 648
349 652
349 654
349 658
349 661
349 666
349 676
349 677
349 681
349 684
349 688
349 690
349 694
349 702
349 703
349 705
349 706
349 708
349 711
349 712
349 713
349 716
349 718
349 725
349 726
349 728
349 736
349 738
349 743
349 747
349 748
349 749
349 751
349 764
349 766
349 768
349 769
349 772
349 773
349 790
349 791
349 797
350 404
350 405
350 406
350 409
350 411
350 416
350 418
350 420
350 421
350 424
350 427
350 438
350 441
350 447
350 448
350 449
350 450
350 452
350 460
350 463
350 464
350 466
350 469
350 470
350 485
350 486
350 489
350 490
350 492
350 493
350 496
350 497
350 500
350 503
350 504
350 506
350 518
350 521
350 523
350 525
350 527
350 528
350 531
350 532
350 535
350 536
350 537
350 539
350 542
350 543
350 553
350 554
350 555
350 564
350 571
350 573
350 576
350 580
350 586
350 591
350 596
350 597
350 599
350 601
350 611
350 613
350 618
350 622
350 623
350 624
350 626
350 628
350 633
350 635
350 638
350 639
350 640
350 643
350 646
350 649
350 650
350 651
350 654
350 657
350 659
350 660
350 666
350 668
350 670
350 673
350 680
350 686
350 687
350 690
350 691
350 692
350 699
350 709
350 714
350 715
350 720
350 729
350 737
350 738
350 744
350 746
350 748
350 756
350 758
350 760
350 761
350 764
350 767
350 768
350 771
350 775
350 785
350 786
350 787
350 789
350 792
350 793
350 795
350 799
350 800
351 402
351 403
351 406
351 409
351 416
351 423
351 425
351 426
351 428
351 429
351 431
351 432
351 441
351 454
351 459
351 466
351 470
351 471
351 473
351 474
351 475
351 477
351 478
351 481
351 485
351 487
351 489
351 491
351 494
351 506
351 508
351 514
351 526
351 527
351 529
351 530
351 538
351 541
351 545
351 547
351 550
351 552
351 562
351 563
351 564
351 565
351 566
351 567
351 568
351 569
351 572
351 573
351 577
351 581
351 582
351 587
351 593
351 594
351 604
351 605
351 606
351 608
351 609
351 610
351 611
351 613
351 619
351 621
351 622
351 623
351 624
351 625
351 628
351 630
351 631
351 636
351 637
351 638
351 639
351 641
351 644
351 648
351 649
351 653
351 655
351 658
351 661
351 667
351 671
351 687
351 697
351 701
351 702
351 703
351 706
351 711
351 712
351 717
351 718
351 719
351 722
351 723
351 727
351 732
351 734
351 737
351 738
351 739
351 740
351 745
351 751
351 753
351 755
351 756
351 760
351 764
351 766
351 767
351 769
351 771
351 775
351 778
351 781
351 783
351 787
351 788
351 792
351 795
352 407
352 408
352 409
352 411
352 416
352 422
352 424
352 431
352 435
352 440
352 444
352 445
352 446
352 453
352 459
352 460
352 465
352 470
352 473
352 474
352 475
352 478
352 479
352 480
352 483
352 486
352 491
352 493
352 498
352 500
352 511
352 514
352 516
352 518
352 522
352 527
352 528
352 530
352 531
352 534
352 545
352 548
352 557
352 559
352 560
352 562
352 563
352 574
352 575
352 577
352 580
352 583
352 588
352 594
352 599
352 600
352 608
352 613
352 614
352 621
352 624
352 625
352 628
352 630
352 631
352 632
352 635
352 636
352 638
352 647
352 648
352 651
352 661
352 662
352 672
352 688
352 689
352 690
352 698
352 705
352 712
352 717
352 718
352 719
352 721
352 724
352 729
352 733
352 739
352 742
352 751
352 752
352 765
352 766
352 770
352 771
352 776
352 777
352 778
352 779
352 783
352 784
352 789
352 791
352 793
352 794
352 799
353 402
353 407
353 413
353 415
353 417
353 419
353 420
353 422
353 425
353 426
353 427
353 429
353 434
353 440
353 441
353 443
353 445
353 450
353 457
353 463
353 467
353 472
353 479
353 480
353 493
353 499
353 505
353 506
353 507
353 512
353 514
353 516
353 518
353 522
353 525
353 528
353 529
353 531
353 536
353 539
353 543
353 547
353 548
353 555
353 556
353 562
353 565
353 566
353 567
353 570
353 571
353 576
353 585
353 590
353 591
353 594
353 596
353 597
353 598
353 600
353 601
353 602
353 607
353 614
353 618
353 619
353 620
353 622
353 625
353 630
353 632
353 636
353 637
353 639
353 645
353 647
353 648
353 649
353 653
353 655
353 657
353 659
353 660
353 664
353 667
353 670
353 677
353 681
353 686
353 689
353 690
353 692
353 698
353 706
353 711
353 716
353 718
353 719
353 725
353 728
353 731
353 732
353 736
353 737
353 740
353 744
353 752
353 756
353 758
353 769
353 770
353 788
353 793
353 795
353 797
353 798
354 402
354 403
354 405
354 409
354 411
354 412
354 413
354 419
354 422
354 425
354 426
354 429
354 430
354 431
354 440
354 441
354 443
354 445
354 447
354 448
354 449
354 452
354 456
354 461
354 463
354 467
354 468
354 469
354 470
354 473
354 476
354 477
354 479
354 482
354 484
354 486
354 492
354 494
354 496
354 498
354 505
354 514
354 517
354 522
354 523
354 528
354 536
354 540
354 541
354 543
354 548
354 556
354 557
354 561
354 563
354 564
354 567
354 568
354 569
354 570
354 576
354 577
354 580
354 584
354 587
354 588
354 589
354 591
354 593
354 595
354 606
354 607
354 608
354 611
354 613
354 614
354 619
354 621
354 623
354 625
354 629
354 633
354 635
354 651
354 655
354 658
354 661
354 663
354 664
354 669
354 670
354 671
354 673
354 676
354 680
354 684
354 690
354 693
354 694
354 697
354 699
354 703
354 704
354 707
354 718
354 724
354 738
354 743
354 744
354 746
354 748
354 750
354 751
354 753
354 754
354 759
354 761
354 769
354 776
354 778
354 782
354 784
354 785
354 786
354 789
354 792
354 793
355 403
355 410
355 411
355 413
355 417
355 423
355 426
355 439
355 440
355 442
355 444
355 446
355 449
355 450
355 451
355 456
355 457
355 459
355 461
355 464
355 467
355 472
355 474
355 476
355 477
355 485
355 486
355 490
355 493
355 499
355 501
355 502
355 509
355 512
355 513
355 514
355 517
355 522
355 527
355 538
355 539
355 543
355 549
355 550
355 554
355 562
355 568
355 569
355 570
355 575
355 577
355 578
355 585
355 586
355 592
355 596
355 597
355 598
355 606
355 610
355 611
355 613
355 614
355 617
355 618
355 620
355 625
355 630
355 631
355 632
355 633
355 637
355 638
355 639
355 641
355 650
355 652
355 658
355 660
355 662
355 666
355 674
355 678
355 682
355 687
355 688
355 691
355 693
355 700
355 701
355 702
355 709
355 718
355 724
355 725
355 729
355 736
355 737
355 738
355 739
355 742
355 746
355 748
355 752
355 753
355 754
355 758
355 760
355 763
355 768
355 770
355 771
355 777
355 779
355 783
355 793
356 401
356 402
356 406
356 407
356 422
356 424
356 425
356 433
356 434
356 437
356 440
356 441
356 443
356 449
356 451
356 457
356 460
356 465
356 467
356 472
356 474
356 475
356 477
356 485
356 488
356 492
356 494
356 496
356 498
356 502
356 503
356 504
356 508
356 526
356 532
356 533
356 540
356 544
356 551
356 553
356 556
356 558
356 563
356 570
356 571
356 575
356 576
356 579
356 580
356 582
356 587
356 591
356 594
356 601
356 603
356 605
356 609
356 610
356 619
356 621
356 622
356 625
356 626
356 633
356 635
356 646
356 656
356 659
356 661
356 669
356 682
356 685
356 692
356 694
356 698
356 699
356 703
356 704
356 707
356 715
356 727
356 731
356 732
356 735
356 738
356 742
356 746
356 747
356 749
356 751
356 756
356 758
356 759
356 760
356 763
356 767
356 768
356 771
356 777
356 779
356 782
356 784
356 793
357 401
357 407
357 408
357 416
357 417
357 418
357 420
357 421
357 424
357 426
357 431
357 432
357 437
357 439
357 447
357 448
357 451
357 452
357 453
357 454
357 460
357 466
357 473
357 483
357 484
357 489
357 493
357 500
357 504
357 506
357 509
357 516
357 518
357 521
357 522
357 523
357 527
357 529
357 533
357 543
357 546
357 553
357 556
357 563
357 569
357 574
357 583
357 585
357 587
357 593
357 597
357 599
357 600
357 607
357 615
357 618
357 624
357 632
357 636
357 643
357 644
357 654
357 658
357 662
357 664
357 668
357 669
357 670
357 672
357 677
357 678
357 680
357 681
357 683
357 685
357 686
357 687
357 693
357 699
357 701
357 703
357 705
357 711
357 714
357 717
357 718
357 724
357 725
357 730
357 736
357 742
357 743
357 751
357 753
357 760
357 767
357 768
357 775
357 778
357 781
357 783
357 787
357 791
357 795
357 797
357 798
358 404
358 408
358 414
358 415
358 417
358 418
358 421
358 424
358 426
358 434
358 439
358 440
358 442
358 445
358 446
358 447
358 451
358 458
358 471
358 483
358 484
358 485
358 489
358 492
358 494
358 496
358 498
358 499
358 501
358 502
358 505
358 516
358 520
358 522
358 524
358 525
358 530
358 539
358 540
358 542
358 544
358 547
358 548
358 551
358 554
358 555
358 567
358 568
358 571
358 573
358 577
358 586
358 602
358 603
358 607
358 609
358 610
358 613
358 615
358 616
358 617
358 618
358 629
358 643
358 646
358 648
358 651
358 652
358 653
358 658
358 659
358 663
358 664
358 665
358 668
358 669
358 672
358 676
358 680
358 686
358 687
358 690
358 692
358 695
358 700
358 704
358 706
358 708
358 711
358 712
358 716
358 721
358 723
358 725
358 729
358 730
358 732
358 733
358 740
358 741
358 742
358 749
358 751
358 752
358 756
358 757
358 758
358 764
358 773
358 775
358 777
358 778
358 779
358 781
358 782
358 783
358 787
358 790
358 792
358 799
359 402
359 403
359 407
359 408
359 409
359 410
359 412
359 417
359 418
359 422
359 425
359 432
359 435
359 442
359 443
359 452
359 460
359 469
359 472
359 473
359 477
359 478
359 488
359 489
359 494
359 495
359 496
359 499
359 503
359 509
359 511
359 512
359 516
359 526
359 528
359 530
359 532
359 535
359 538
359 542
359 543
359 545
359 548
359 549
359 553
359 558
359 568
359 573
359 576
359 578
359 581
359 583
359 589
359 592
359 596
359 605
359 607
359 609
359 622
359 628
359 629
359 632
359 634
359 635
359 646
359 647
359 648
359 649
359 651
359 653
359 656
359 660
359 668
359 670
359 672
359 673
359 679
359 682
359 693
359 700
359 701
359 710
359 714
359 715
359 716
359 717
359 720
359 723
359 725
359 729
359 731
359 732
359 734
359 735
359 736
359 742
359 743
359 750
359 757
359 759
359 761
359 766
359 768
359 770
359 781
359 786
359 788
359 799
360 401
360 403
360 405
360 407
360 409
360 414
360 415
360 421
360 422
360 424
360 425
360 440
360 443
360 451
360 452
360 457
360 464
360 470
360 474
360 475
360 480
360 485
360 486
360 488
360 490
360 491
360 492
360 496
360 498
360 501
360 502
360 511
360 513
360 517
360 522
360 524
360 528
360 534
360 535
360 536
360 540
360 543
360 547
360 549
360 552
360 555
360 557
360 564
360 572
360 575
360 577
360 580
360 587
360 589
360 595
360 602
360 603
360 604
360 607
360 610
360 617
360 622
360 623
360 624
360 626
360 629
360 630
360 632
360 635
360 636
360 637
360 641
360 642
360 643
360 645
360 646
360 652
360 655
360 658
360 661
360 668
360 671
360 672
360 677
360 678
360 689
360 693
360 694
360 698
360 700
360 702
360 703
360 705
360 711
360 712
360 715
360 717
360 722
360 723
360 726
360 728
360 731
360 737
360 738
360 740
360 746
360 751
360 752
360 753
360 756
360 766
360 770
360 776
360 779
360 783
360 785
360 790
360 792
360 798
361 403
361 405
361 410
361 411
361 412
361 413
361 415
361 417
361 418
361 419
361 424
361 427
361 434
361 435
361 437
361 439
361 445
361 446
361 452
361 458
361 462
361 467
361 469
361 470
361 471
361 476
361 480
361 483
361 490
361 491
361 493
361 502
361 503
361 507
361 509
361 510
361 511
361 512
361 516
361 521
361 522
361 525
361 526
361 530
361 536
361 537
361 538
361 539
361 546
361 550
361 552
361 563
361 564
361 565
361 566
361 567
361 573
361 574
361 581
361 584
361 594
361 600
361 601
361 605
361 606
361 608
361 611
361 613
361 621
361 622
361 623
361 625
361 631
361 633
361 637
361 641
361 642
361 643
361 644
361 645
361 646
361 648
361 652
361 655
361 660
361 662
361 668
361 669
361 672
361 674
361 675
361 677
361 679
361 682
361 684
361 685
361 689
361 690
361 691
361 692
361 701
361 708
361 710
361 724
361 728
361 730
361 734
361 735
361 736
361 739
361 743
361 744
361 748
361 750
361 753
361 755
361 766
361 775
361 779
361 780
361 781
361 782
361 789
361 792
361 797
361 798
362 401
362 402
362 403
362 405
362 410
362 411
362 412
362 416
362 417
362 418
362 419
362 421
362 423
362 424
362 429
362 432
362 434
362 437
362 441
362 442
362 449
362 450
362 452
362 453
362 461
362 462
362 463
362 464
362 465
362 471
362 473
362 477
362 481
362 482
362 483
362 485
362 487
362 489
362 493
362 501
362 503
362 507
362 509
362 510
362 513
362 521
362 527
362 529
362 535
362 539
362 542
362 544
362 545
362 546
362 554
362 556
362 563
362 572
362 574
362 575
362 576
362 581
362 586
362 588
362 594
362 596
362 597
362 598
362 599
362 600
362 604
362 610
362 612
362 613
362 614
362 618
362 619
362 620
362 624
362 629
362 636
362 651
362 652
362 653
362 655
362 656
362 660
362 665
362 668
362 669
362 670
362 675
362 676
362 678
362 679
362 681
362 685
362 690
362 691
362 692
362 693
362 694
362 695
362 703
362 707
362 718
362 723
362 727
362 731
362 733
362 735
362 738
362 739
362 740
362 744
362 746
362 747
362 751
362 758
362 761
362 762
362 765
362 767
362 768
362 770
362 772
362 774
362 775
362 780
362 784
362 788
362 791
362 792
362 793
362 797
363 405
363 409
363 411
363 417
363 418
363 421
363 423
363 424
363 427
363 438
363 439
363 440
363 443
363 444
363 446
363 448
363 452
363 453
363 454
363 455
363 459
363 461
363 464
363 466
363 469
363 474
363 477
363 478
363 486
363 487
363 490
363 492
363 495
363 496
363 497
363 504
363 509
363 520
363 521
363 522
363 523
363 525
363 527
363 528
363 530
363 536
363 538
363 544
363 547
363 548
363 551
363 553
363 556
363 559
363 562
363 566
363 567
363 570
363 572
363 573
363 577
363 578
363 580
363 582
363 583
363 584
363 590
363 591
363 594
363 595
363 596
363 599
363 601
363 603
363 604
363 606
363 608
363 610
363 612
363 620
363 621
363 624
363 628
363 629
363 630
363 633
363 634
363 635
363 637
363 641
363 644
363 651
363 654
363 657
363 662
363 669
363 676
363 677
363 678
363 681
363 683
363 685
363 686
363 687
363 690
363 691
363 693
363 694
363 696
363 698
363 699
363 703
363 705
363 713
363 715
363 720
363 721
363 722
363 731
363 734
363 743
363 745
363 748
363 752
363 754
363 755
363 758
363 762
363 770
363 772
363 773
363 776
363 778
363 780
363 781
363 787
363 788
363 789
363 792
363 793
363 798
363 799
364 406
364 409
364 411
364 418
364 421
364 428
364 433
364 435
364 443
364 445
364 449
364 454
364 455
364 462
364 464
364 469
364 470
364 477
364 480
364 482
364 485
364 486
364 489
364 493
364 500
364 501
364 503
364 504
364 512
364 513
364 520
364 523
364 524
364 529
364 531
364 535
364 536
364 538
364 539
364 540
364 549
364 551
364 557
364 560
364 561
364 569
364 572
364 584
364 585
364 586
364 596
364 603
364 608
364 611
364 613
364 621
364 622
364 623
364 624
364 629
364 630
364 631
364 632
364 636
364 637
364 641
364 645
364 647
364 651
364 661
364 666
364 673
364 675
364 676
364 687
364 692
364 694
364 698
364 703
364 704
364 717
364 722
364 723
364 728
364 731
364 737
364 739
364 747
364 750
364 751
364 752
364 755
364 758
364 762
364 766
364 771
364 773
364 774
364 776
364 780
364 785
364 786
364 790
364 795
364 796
364 799
365 402
365 405
365 408
365 409
365 410
365 413
365 415
365 416
365 421
365 422
365 423
365 425
365 430
365 431
365 432
365 441
365 449
365 452
365 453
365 454
365 455
365 461
365 462
365 463
365 464
365 470
365 472
365 475
365 476
365 478
365 479
365 487
365 489
365 494
365 497
365 502
365 505
365 507
365 513
365 514
365 516
365 518
365 521
365 529
365 530
365 540
365 541
365 545
365 549
365 553
365 555
365 559
365 562
365 567
365 573
365 574
365 575
365 576
365 586
365 590
365 599
365 601
365 603
365 607
365 610
365 615
365 617
365 625
365 626
365 627
365 628
365 633
365 634
365 641
365 643
365 644
365 649
365 653
365 659
365 661
365 662
365 663
365 665
365 667
365 668
365 670
365 674
365 675
365 676
365 677
365 681
365 686
365 689
365 701
365 708
365 712
365 713
365 715
365 716
365 724
365 731
365 737
365 738
365 739
365 742
365 748
365 753
365 763
365 768
365 769
365 772
365 773
365 774
365 780
365 781
365 787
365 788
365 794
365 798
366 406
366 409
366 411
366 413
366 417
366 422
366 428
366 439
366 444
366 446
366 454
366 455
366 456
366 460
366 461
366 465
366 466
366 471
366 472
366 481
366 482
366 484
366 486
366 490
366 491
366 493
366 495
366 501
366 507
366 508
366 513
366 516
366 519
366 521
366 523
366 532
366 539
366 541
366 544
366 547
366 556
366 557
366 559
366 566
366 568
366 569
366 573
366 575
366 577
366 579
366 585
366 589
366 590
366 591
366 592
366 597
366 603
366 606
366 608
366 611
366 612
366 626
366 627
366 628
366 634
366 639
366 640
366 643
366 655
366 660
366 665
366 666
366 669
366 670
366 677
366 679
366 690
366 691
366 692
366 693
366 695
366 699
366 700
366 709
366 711
366 712
366 715
366 716
366 724
366 726
366 731
366 735
366 739
366 742
366 743
366 745
366 752
366 753
366 754
366 755
366 757
366 760
366 765
366 774
366 775
366 776
366 778
366 783
366 784
366 787
366 788
366 793
366 794
366 796
367 410
367 414
367 416
367 420
367 424
367 435
367 441
367 447
367 448
367 449
367 451
367 457
367 465
367 467
367 469
367 471
367 473
367 476
367 477
367 487
367 489
367 494
367 495
367 497
367 500
367 507
367 508
367 510
367 512
367 513
367 514
367 516
367 521
367 522
367 526
367 533
367 539
367 545
367 553
367 557
367 571
367 580
367 584
367 587
367 588
367 589
367 595
367 596
367 598
367 599
367 600
367 603
367 606
367 608
367 609
367 613
367 614
367 619
367 631
367 632
367 638
367 639
367 640
367 642
367 646
367 650
367 651
367 652
367 653
367 659
367 668
367 669
367 673
367 677
367 681
367 691
367 694
367 698
367 700
367 702
367 703
367 706
367 709
367 711
367 720
367 723
367 724
367 726
367 727
367 731
367 732
367 733
367 734
367 736
367 740
367 743
367 748
367 750
367 756
367 757
367 758
367 759
367 762
367 767
367 769
367 773
367 775
367 779
367 780
367 794
367 795
367 799
367 800
368 402
368 403
368 405
368 407
368 408
368 420
368 422
368 423
368 424
368 427
368 435
368 440
368 444
368 452
368 456
368 458
368 460
368 462
368 463
368 472
368 476
368 480
368 484
368 486
368 491
368 494
368 498
368 500
368 502
368 506
368 517
368 524
368 528
368 529
368 530
368 532
368 534
368 542
368 547
368 551
368 552
368 553
368 559
368 562
368 567
368 568
368 574
368 576
368 578
368 580
368 589
368 596
368 601
368 602
368 606
368 608
368 611
368 613
368 618
368 619
368 620
368 624
368 626
368 628
368 630
368 631
368 635
368 638
368 639
368 641
368 643
368 644
368 647
368 652
368 657
368 661
368 666
368 667
368 670
368 671
368 673
368 674
368 676
368 678
368 680
368 698
368 703
368 704
368 709
368 711
368 713
368 717
368 725
368 727
368 728
368 729
368 731
368 734
368 737
368 744
368 748
368 751
368 757
368 758
368 761
368 763
368 768
368 769
368 774
368 775
368 778
368 782
368 784
368 786
368 788
368 790
368 792
368 795
368 796
368 797
368 799
368 800
369 405
369 408
369 413
369 416
369 424
369 428
369 432
369 435
369 438
369 439
369 440
369 443
369 445
369 446
369 448
369 450
369 451
369 452
369 455
369 459
369 460
369 468
369 469
369 474
369 477
369 480
369 486
369 487
369 490
369 491
369 492
369 493
369 495
369 497
369 498
369 500
369 503
369 504
369 509
369 515
369 519
369 522
369 531
369 538
369 539
369 542
369 545
369 549
369 552
369 553
369 555
369 560
369 563
369 565
369 567
369 570
369 573
369 575
369 578
369 583
369 590
369 592
369 596
369 598
369 601
369 606
369 610
369 611
369 616
369 618
369 619
369 620
369 621
369 631
369 633
369 636
369 638
369 640
369 649
369 651
369 653
369 654
369 658
369 659
369 660
369 669
369 670
369 676
369 678
369 679
369 680
369 681
369 684
369 687
369 689
369 691
369 692
369 700
369 702
369 705
369 706
369 713
369 715
369 719
369 721
369 722
369 723
369 727
369 729
369 731
369 734
369 736
369 740
369 742
369 743
369 745
369 747
369 749
369 753
369 759
369 761
369 762
369 766
369 772
369 776
369 783
369 788
369 789
369 795
370 404
370 410
370 415
370 419
370 421
370 423
370 425
370 427
370 434
370 438
370 439
370 440
370 443
370 444
370 451
370 456
370 457
370 462
370 470
370 472
370 473
370 474
370 480
370 481
370 489
370 492
370 494
370 499
370 501
370 502
370 509
370 512
370 513
370 514
370 515
370 521
370 527
370 531
370 532
370 534
370 536
370 541
370 544
370 545
370 549
370 553
370 555
370 559
370 562
370 563
370 565
370 567
370 568
370 577
370 582
370 583
370 589
370 590
370 592
370 594
370 595
370 601
370 606
370 607
370 608
370 609
370 612
370 613
370 616
370 618
370 619
370 624
370 627
370 628
370 634
370 641
370 642
370 643
370 644
370 654
370 656
370 664
370 666
370 667
370 670
370 673
370 676
370 679
370 684
370 687
370 690
370 691
370 692
370 693
370 697
370 700
370 702
370 703
370 705
370 706
370 713
370 716
370 717
370 719
370 724
370 725
370 730
370 734
370 736
370 738
370 746
370 747
370 749
370 755
370 768
370 770
370 771
370 772
370 774
370 775
370 778
370 785
370 787
370 788
370 790
370 794
370 795
370 796
370 797
370 799
370 800
371 405
371 408
371 410
371 417
371 418
371 423
371 426
371 427
371 428
371 438
371 451
371 453
371 455
371 457
371 461
371 462
371 464
371 465
371 466
371 476
371 480
371 484
371 490
371 503
371 504
371 507
371 509
371 514
371 515
371 518
371 523
371 527
371 532
371 533
371 534
371 546
371 547
371 549
371 563
371 566
371 567
371 568
371 574
371 576
371 580
371 583
371 584
371 587
371 588
371 590
371 591
371 594
371 595
371 599
371 610
371 612
371 618
371 619
371 620
371 622
371 624
371 625
371 628
371 634
371 635
371 637
371 638
371 641
371 644
371 646
371 649
371 650
371 660
371 661
371 663
371 666
371 672
371 683
371 685
371 687
371 691
371 696
371 698
371 700
371 701
371 710
371 716
371 718
371 721
371 723
371 727
371 728
371 731
371 733
371 734
371 735
371 736
371 737
371 738
371 741
371 751
371 752
371 758
371 765
371 771
371 777
371 778
371 783
371 784
371 786
371 787
371 789
371 794
371 797
371 798
372 412
372 416
372 428
372 429
372 431
372 435
372 438
372 439
372 444
372 448
372 450
372 451
372 452
372 453
372 462
372 464
372 467
372 469
372 477
372 478
372 479
372 481
372 484
372 487
372 488
372 489
372 492
372 497
372 498
372 502
372 506
372 510
372 514
372 516
372 517
372 528
372 534
372 535
372 539
372 540
372 544
372 548
372 551
372 552
372 556
372 557
372 567
372 569
372 571
372 573
372 576
372 579
372 583
372 584
372 586
372 587
372 588
372 592
372 599
372 610
372 611
372 612
372 616
372 618
372 625
372 626
372 628
372 630
372 633
372 636
372 637
372 638
372 641
372 642
372 643
372 645
372 646
372 647
372 650
372 656
372 657
372 667
372 668
372 670
372 674
372 677
372 681
372 685
372 686
372 687
372 689
372 694
372 696
372 697
372 701
372 705
372 706
372 707
372 709
372 712
372 714
372 716
372 717
372 718
372 722
372 725
372 727
372 728
372 729
372 732
372 752
372 755
372 758
372 760
372 761
372 764
372 765
372 766
372 768
372 769
372 770
372 772
372 775
372 776
372 777
372 778
372 779
372 783
372 788
372 792
372 797
373 405
373 407
373 408
373 411
373 412
373 416
373 419
373 421
373 422
373 426
373 427
373 428
373 431
373 432
373 433
373 434
373 436
373 438
373 439
373 441
373 444
373 447
373 457
373 458
373 462
373 469
373 470
373 483
373 487
373 492
373 500
373 501
373 507
373 511
373 516
373 518
373 519
373 526
373 528
373 530
373 533
373 538
373 542
373 543
373 553
373 554
373 556
373 561
373 566
373 573
373 577
373 579
373 581
373 582
373 583
373 586
373 597
373 599
373 600
373 605
373 606
373 609
373 613
373 616
373 617
373 621
373 624
373 626
373 627
373 630
373 631
373 632
373 635
373 641
373 643
373 646
373 647
373 649
373 650
373 653
373 654
373 657
373 658
373 671
373 672
373 675
373 678
373 683
373 685
373 686
373 693
373 695
373 711
373 715
373 716
373 717
373 718
373 725
373 727
373 728
373 733
373 734
373 736
373 745
373 749
373 757
373 766
373 770
373 777
373 779
373 780
373 783
373 784
373 787
373 791
374 402
374 407
374 414
374 415
374 418
374 425
374 430
374 431
374 434
374 436
374 438
374 442
374 443
374 454
374 455
374 465
374 467
374 469
374 470
374 475
374 478
374 480
374 481
374 483
374 484
374 489
374 491
374 494
374 503
374 515
374 516
374 517
374 520
374 523
374 530
374 531
374 542
374 543
374 549
374 554
374 557
374 565
374 571
374 577
374 578
374 580
374 586
374 588
374 589
374 590
374 594
374 602
374 605
374 606
374 609
374 610
374 612
374 613
374 614
374 615
374 616
374 617
374 621
374 622
374 624
374 625
374 633
374 635
374 639
374 653
374 661
374 666
374 668
374 670
374 672
374 676
374 677
374 686
374 687
374 688
374 689
374 694
374 700
374 702
374 708
374 709
374 711
374 713
374 715
374 718
374 730
374 734
374 735
374 737
374 742
374 756
374 761
374 765
374 767
374 768
374 770
374 772
374 773
374 778
374 782
374 784
374 789
374 790
374 793
375 408
375 417
375 419
375 421
375 427
375 428
375 434
375 441
375 442
375 445
375 447
375 448
375 452
375 455
375 457
375 459
375 460
375 464
375 470
375 472
375 474
375 476
375 478
375 481
375 486
375 487
375 488
375 490
375 491
375 496
375 502
375 504
375 510
375 516
375 523
375 525
375 526
375 532
375 534
375 540
375 542
375 543
375 546
375 548
375 551
375 553
375 561
375 566
375 567
375 569
375 570
375 571
375 573
375 574
375 577
375 578
375 580
375 581
375 585
375 591
375 593
375 595
375 597
375 606
375 607
375 609
375 610
375 613
375 621
375 622
375 623
375 629
375 630
375 634
375 641
375 645
375 646
375 647
375 661
375 666
375 668
375 669
375 671
375 676
375 678
375 681
375 697
375 701
375 703
375 705
375 708
375 715
375 716
375 720
375 727
375 728
375 729
375 731
375 735
375 736
375 739
375 740
375 741
375 749
375 753
375 760
375 764
375 772
375 776
375 777
375 778
375 779
375 781
375 783
375 784
375 786
375 789
375 790
375 791
375 793
375 798
375 799
376 401
376 404
376 411
376 413
376 415
376 420
376 421
376 422
376 423
376 426
376 427
376 432
376 433
376 437
376 438
376 440
376 441
376 444
376 447
376 449
376 450
376 452
376 453
376 457
376 460
376 461
376 469
376 474
376 477
376 479
376 485
376 486
376 494
376 496
376 498
376 502
376 505
376 513
376 518
376 522
376 527
376 531
376 534
376 536
376 539
376 540
376 542
376 543
376 545
376 548
376 561
376 564
376 566
376 568
376 570
376 575
376 578
376 579
376 581
376 587
376 589
376 592
376 597
376 598
376 600
376 611
376 612
376 619
376 623
376 626
376 632
376 639
376 641
376 643
376 644
376 645
376 651
376 652
376 655
376 664
376 668
376 669
376 674
376 675
376 679
376 681
376 682
376 683
376 685
376 688
376 689
376 692
376 696
376 701
376 706
376 709
376 710
376 713
376 715
376 718
376 731
376 750
376 754
376 767
376 768
376 772
376 776
376 777
376 781
376 783
376 785
376 790
376 797
377 404
377 407
377 409
377 413
377 415
377 417
377 422
377 423
377 424
377 425
377 428
377 429
377 434
377 436
377 440
377 442
377 443
377 444
377 445
377 454
377 455
377 460
377 463
377 467
377 469
377 472
377 474
377 484
377 492
377 496
377 501
377 503
377 508
377 511
377 512
377 513
377 516
377 517
377 524
377 528
377 534
377 538
377 540
377 541
377 549
377 556
377 560
377 566
377 567
377 569
377 570
377 571
377 577
377 579
377 585
377 586
377 599
377 600
377 603
377 605
377 607
377 611
377 613
377 625
377 627
377 628
377 630
377 632
377 637
377 640
377 641
377 642
377 644
377 645
377 646
377 659
377 665
377 667
377 673
377 675
377 676
377 682
377 684
377 686
377 688
377 689
377 692
377 707
377 708
377 713
377 715
377 716
377 718
377 720
377 724
377 725
377 733
377 737
377 739
377 741
377 742
377 745
377 746
377 750
377 752
377 753
377 756
377 757
377 768
377 769
377 773
377 774
377 775
377 778
377 779
377 787
377 796
377 797
378 401
378 404
378 405
378 412
378 413
378 414
378 415
378 423
378 424
378 429
378 435
378 436
378 437
378 440
378 441
378 446
378 453
378 454
378 458
378 459
378 460
378 462
378 470
378 471
378 481
378 482
378 483
378 485
378 488
378 489
378 490
378 492
378 493
378 494
378 502
378 504
378 510
378 519
378 525
378 526
378 530
378 532
378 539
378 542
378 544
378 548
378 552
378 555
378 560
378 563
378 570
378 571
378 572
378 577
378 585
378 587
378 589
378 590
378 597
378 599
378 603
378 607
378 608
378 609
378 612
378 614
378 617
378 620
378 623
378 627
378 630
378 631
378 632
378 635
378 636
378 637
378 638
378 646
378 649
378 662
378 663
378 664
378 665
378 666
378 668
378 669
378 670
378 674
378 676
378 679
378 681
378 682
378 684
378 689
378 696
378 708
378 710
378 711
378 713
378 715
378 717
378 718
378 719
378 720
378 725
378 744
378 747
378 749
378 752
378 755
378 760
378 766
378 769
378 773
378 775
378 778
378 782
378 789
378 790
378 793
378 795
378 799
378 800
379 405
379 412
379 416
379 419
379 420
379 426
379 427
379 436
379 438
379 439
379 440
379 443
379 444
379 446
379 454
379 457
379 458
379 460
379 463
379 469
379 470
379 476
379 478
379 489
379 491
379 492
379 493
379 494
379 496
379 497
379 506
379 508
379 509
379 516
379 517
379 519
379 525
379 526
379 528
379 529
379 530
379 535
379 536
379 538
379 542
379 546
379 551
379 552
379 554
379 558
379 562
379 564
379 569
379 570
379 571
379 576
379 578
379 582
379 583
379 585
379 591
379 592
379 594
379 598
379 599
379 601
379 616
379 620
379 621
379 622
379 626
379 627
379 634
379 643
379 644
379 645
379 649
379 650
379 657
379 658
379 659
379 661
379 667
379 668
379 671
379 672
379 673
379 677
379 681
379 683
379 684
379 688
379 689
379 692
379 697
379 702
379 703
379 705
379 706
379 709
379 713
379 714
379 725
379 728
379 729
379 732
379 733
379 736
379 738
379 739
379 741
379 745
379 750
379 753
379 756
379 764
379 765
379 767
379 770
379 771
379 777
379 778
379 781
379 783
379 789
379 793
379 796
380 401
380 405
380 406
380 407
380 408
380 409
380 411
380 413
380 419
380 420
380 421
380 423
380 429
380 430
380 434
380 438
380 439
380 440
380 442
380 447
380 452
380 453
380 455
380 458
380 459
380 460
380 463
380 467
380 469
380 470
380 473
380 475
380 477
380 480
380 482
380 485
380 496
380 498
380 499
380 505
380 508
380 509
380 511
380 513
380 515
380 516
380 519
380 524
380 525
380 530
380 533
380 534
380 535
380 536
380 539
380 541
380 544
380 546
380 547
380 551
380 555
380 558
380 560
380 562
380 563
380 564
380 565
380 566
380 569
380 571
380 572
380 573
380 575
380 578
380 580
380 581
380 583
380 587
380 590
380 592
380 593
380 604
380 608
380 609
380 619
380 621
380 622
380 623
380 626
380 630
380 633
380 638
380 644
380 649
380 650
380 653
380 666
380 674
380 678
380 679
380 680
380 681
380 687
380 689
380 693
380 695
380 698
380 699
380 701
380 711
380 712
380 715
380 718
380 721
380 728
380 730
380 737
380 745
380 747
380 748
380 749
380 751
380 752
380 758
380 764
380 765
380 770
380 771
380 776
380 777
380 780
380 782
380 790
380 795
380 798
381 403
381 406
381 408
381 409
381 425
381 431
381 433
381 437
381 438
381 451
381 454
381 455
381 460
381 463
381 465
381 473
381 474
381 475
381 479
381 481
381 486
381 487
381 488
381 489
381 490
381 500
381 503
381 508
381 514
381 515
381 517
381 519
381 524
381 527
381 531
381 533
381 534
381 548
381 550
381 552
381 553
381 558
381 562
381 564
381 565
381 571
381 573
381 584
381 585
381 589
381 591
381 600
381 602
381 606
381 609
381 616
381 619
381 622
381 636
381 640
381 642
381 646
381 651
381 654
381 656
381 660
381 662
381 665
381 667
381 670
381 678
381 679
381 685
381 696
381 697
381 698
381 702
381 703
381 704
381 708
381 711
381 712
381 714
381 716
381 720
381 722
381 725
381 727
381 730
381 733
381 738
381 739
381 743
381 744
381 747
381 748
381 749
381 751
381 753
381 754
381 758
381 759
381 764
381 767
381 772
381 773
381 774
381 777
381 782
381 784
381 785
381 792
381 793
381 795
381 799
382 402
382 403
382 404
382 408
382 415
382 419
382 422
382 423
382 424
382 426
382 427
382 429
382 430
382 432
382 434
382 437
382 442
382 443
382 446
382 448
382 449
382 451
382 453
382 455
382 458
382 461
382 466
382 468
382 470
382 477
382 479
382 480
382 481
382 483
382 485
382 487
382 489
382 490
382 495
382 499
382 500
382 502
382 503
382 511
382 513
382 516
382 517
382 518
382 526
382 527
382 528
382 529
382 531
382 535
382 541
382 542
382 543
382 544
382 545
382 546
382 548
382 549
382 552
382 553
382 556
382 558
382 561
382 562
382 563
382 565
382 566
382 573
382 578
382 579
382 582
382 584
382 589
382 590
382 591
382 592
382 594
382 595
382 601
382 602
382 607
382 609
382 611
382 614
382 618
382 620
382 621
382 624
382 626
382 630
382 632
382 635
382 640
382 648
382 649
382 650
382 653
382 656
382 660
382 667
382 668
382 670
382 671
382 673
382 675
382 677
382 681
382 683
382 685
382 688
382 689
382 692
382 696
382 697
382 699
382 700
382 709
382 711
382 716
382 717
382 731
382 736
382 741
382 743
382 752
382 757
382 759
382 760
382 764
382 766
382 773
382 781
382 783
382 787
382 788
382 789
382 790
382 793
382 795
383 403
383 404
383 413
383 419
383 424
383 425
383 431
383 435
383 436
383 439
383 447
383 449
383 451
383 454
383 459
383 460
383 462
383 465
383 466
383 470
383 494
383 495
383 511
383 512
383 516
383 518
383 519
383 520
383 521
383 523
383 527
383 531
383 535
383 552
383 558
383 562
383 568
383 573
383 575
383 577
383 578
383 585
383 586
383 588
383 589
383 591
383 592
383 595
383 596
383 600
383 603
383 605
383 607
383 608
383 609
383 625
383 626
383 630
383 633
383 634
383 640
383 645
383 649
383 657
383 659
383 665
383 669
383 671
383 672
383 675
383 682
383 688
383 690
383 692
383 701
383 702
383 705
383 706
383 710
383 712
383 713
383 715
383 718
383 721
383 723
383 727
383 728
383 731
383 732
383 733
383 739
383 742
383 744
383 749
383 752
383 754
383 757
383 759
383 763
383 765
383 766
383 767
383 771
383 774
383 781
383 782
383 783
383 788
383 799
384 402
384 407
384 409
384 410
384 411
384 412
384 415
384 421
384 424
384 425
384 428
384 430
384 431
384 433
384 439
384 440
384 443
384 444
384 449
384 451
384 454
384 455
384 456
384 459
384 460
384 464
384 466
384 468
384 474
384 477
384 479
384 480
384 489
384 498
384 503
384 504
384 509
384 511
384 512
384 518
384 519
384 521
384 524
384 527
384 530
384 536
384 538
384 541
384 546
384 547
384 548
384 551
384 556
384 572
384 573
384 581
384 586
384 587
384 594
384 605
384 624
384 626
384 635
384 637
384 639
384 648
384 655
384 657
384 663
384 666
384 668
384 678
384 680
384 688
384 695
384 698
384 702
384 704
384 717
384 718
384 724
384 726
384 734
384 735
384 738
384 742
384 749
384 753
384 757
384 758
384 768
384 769
384 770
384 771
384 776
384 781
384 783
384 789
384 793
384 797
384 798
384 799
384 800
385 402
385 405
385 406
385 407
385 408
385 409
385 410
385 413
385 422
385 423
385 427
385 431
385 433
385 437
385 438
385 439
385 446
385 449
385 456
385 458
385 459
385 464
385 468
385 469
385 471
385 475
385 478
385 481
385 483
385 486
385 501
385 505
385 513
385 515
385 518
385 519
385 523
385 524
385 525
385 529
385 532
385 534
385 537
385 549
385 550
385 552
385 555
385 559
385 560
385 568
385 569
385 572
385 576
385 577
385 578
385 580
385 581
385 583
385 584
385 594
385 608
385 611
385 613
385 615
385 622
385 628
385 630
385 631
385 633
385 638
385 641
385 644
385 645
385 659
385 663
385 666
385 672
385 674
385 679
385 680
385 685
385 686
385 687
385 689
385 690
385 691
385 695
385 696
385 697
385 699
385 701
385 702
385 705
385 709
385 712
385 718
385 720
385 723
385 726
385 728
385 730
385 732
385 733
385 735
385 736
385 738
385 750
385 752
385 753
385 755
385 756
385 763
385 767
385 768
385 769
385 771
385 773
385 777
385 781
385 783
385 785
385 793
385 796
385 797
385 799
386 403
386 404
386 406
386 408
386 414
386 416
386 418
386 419
386 424
386 427
386 431
386 438
386 441
386 443
386 445
386 456
386 461
386 465
386 468
386 469
386 473
386 474
386 476
386 479
386 488
386 490
386 491
386 499
386 507
386 509
386 510
386 511
386 512
386 515
386 520
386 522
386 524
386 532
386 533
386 535
386 537
386 544
386 548
386 551
386 554
386 555
386 563
386 564
386 565
386 566
386 568
386 575
386 577
386 581
386 583
386 589
386 593
386 596
386 604
386 608
386 618
386 635
386 637
386 643
386 652
386 657
386 658
386 661
386 662
386 663
386 664
386 665
386 667
386 668
386 669
386 676
386 677
386 679
386 680
386 685
386 698
386 702
386 704
386 705
386 710
386 711
386 713
386 722
386 724
386 729
386 738
386 740
386 741
386 745
386 749
386 753
386 754
386 758
386 759
386 765
386 766
386 771
386 773
386 775
386 776
386 780
386 782
386 785
386 791
386 794
386 799
386 800
387 401
387 414
387 429
387 430
387 433
387 434
387 435
387 436
387 439
387 440
387 442
387 445
387 459
387 464
387 476
387 477
387 478
387 480
387 485
387 488
387 490
387 496
387 501
387 504
387 509
387 512
387 513
387 518
387 525
387 526
387 530
387 532
387 540
387 544
387 547
387 548
387 549
387 554
387 559
387 567
387 573
387 575
387 577
387 588
387 593
387 596
387 597
387 601
387 604
387 605
387 610
387 612
387 615
387 617
387 618
387 621
387 624
387 627
387 630
387 633
387 648
387 652
387 654
387 657
387 668
387 671
387 672
387 674
387 677
387 678
387 679
387 688
387 689
387 690
387 693
387 695
387 696
387 701
387 709
387 711
387 727
387 733
387 736
387 737
387 742
387 744
387 748
387 750
387 751
387 752
387 753
387 754
387 758
387 763
387 778
387 781
387 783
387 784
387 785
387 786
387 790
387 794
387 796
388 402
388 408
388 410
388 417
388 424
388 425
388 429
388 435
388 438
388 440
388 447
388 448
388 450
388 454
388 459
388 462
388 470
388 472
388 473
388 474
388 475
388 476
388 482
388 484
388 487
388 488
388 489
388 492
388 499
388 500
388 501
388 502
388 503
388 504
388 505
388 506
388 508
388 509
388 510
388 512
388 513
388 514
388 521
388 524
388 525
388 528
388 530
388 532
388 534
388 535
388 537
388 546
388 547
388 549
388 554
388 557
388 558
388 566
388 567
388 569
388 570
388 572
388 574
388 576
388 577
388 578
388 579
388 583
388 584
388 591
388 596
388 597
388 599
388 601
388 609
388 614
388 618
388 626
388 627
388 635
388 637
388 640
388 646
388 647
388 648
388 650
388 662
388 666
388 670
388 675
388 677
388 682
388 683
388 687
388 688
388 698
388 700
388 704
388 706
388 713
388 715
388 723
388 724
388 728
388 730
388 732
388 733
388 737
388 738
388 739
388 744
388 745
388 753
388 756
388 757
388 759
388 761
388 762
388 763
388 766
388 772
388 778
388 779
388 785
388 788
388 791
388 792
388 799
389 403
389 407
389 409
389 411
389 415
389 416
389 417
389 424
389 425
389 426
389 431
389 432
389 435
389 436
389 438
389 439
389 440
389 442
389 443
389 445
389 448
389 449
389 451
389 453
389 458
389 461
389 466
389 467
389 468
389 469
389 471
389 473
389 475
389 476
389 477
389 478
389 480
389 488
389 492
389 494
389 501
389 503
389 507
389 509
389 511
389 513
389 516
389 518
389 519
389 522
389 526
389 528
389 529
389 533
389 534
389 535
389 536
389 540
389 542
389 543
389 544
389 545
389 550
389 555
389 561
389 571
389 574
389 576
389 577
389 578
389 579
389 580
389 581
389 582
389 585
389 586
389 589
389 591
389 592
389 596
389 597
389 599
389 602
389 605
389 606
389 609
389 610
389 612
389 613
389 616
389 622
389 624
389 627
389 630
389 631
389 632
389 636
389 643
389 644
389 650
389 651
389 652
389 655
389 668
389 672
389 674
389 678
389 680
389 681
389 687
389 689
389 690
389 697
389 701
389 702
389 704
389 705
389 707
389 708
389 712
389 714
389 719
389 721
389 723
389 724
389 726
389 733
389 738
389 741
389 744
389 745
389 749
389 754
389 760
389 762
389 763
389 770
389 773
389 775
389 779
389 780
389 788
389 790
389 800
390 403
390 406
390 411
390 417
390 424
390 426
390 427
390 428
390 432
390 439
390 447
390 448
390 453
390 454
390 456
390 457
390 461
390 463
390 464
390 474
390 479
390 481
390 482
390 483
390 491
390 501
390 502
390 504
390 505
390 506
390 508
390 517
390 519
390 532
390 533
390 535
390 536
390 537
390 547
390 549
390 553
390 555
390 556
390 567
390 569
390 575
390 579
390 581
390 583
390 584
390 588
390 595
390 598
390 604
390 606
390 608
390 610
390 611
390 616
390 618
390 625
390 629
390 631
390 632
390 636
390 638
390 644
390 653
390 657
390 664
390 666
390 668
390 670
390 677
390 679
390 682
390 697
390 699
390 703
390 704
390 706
390 709
390 721
390 726
390 735
390 739
390 743
390 751
390 754
390 762
390 768
390 774
390 775
390 779
390 782
390 785
390 793
390 794
390 797
390 800
391 404
391 410
391 415
391 419
391 427
391 428
391 431
391 433
391 434
391 439
391 440
391 442
391 444
391 446
391 447
391 450
391 451
391 453
391 456
391 459
391 463
391 464
391 468
391 472
391 474
391 475
391 478
391 483
391 486
391 493
391 496
391 500
391 501
391 504
391 505
391 508
391 510
391 512
391 514
391 519
391 521
391 522
391 523
391 528
391 532
391 540
391 542
391 546
391 548
391 550
391 551
391 562
391 563
391 568
391 574
391 575
391 579
391 585
391 587
391 591
391 592
391 609
391 614
391 615
391 616
391 617
391 619
391 621
391 623
391 629
391 630
391 636
391 637
391 646
391 647
391 650
391 652
391 655
391 656
391 657
391 659
391 660
391 663
391 664
391 668
391 673
391 674
391 675
391 678
391 681
391 684
391 685
391 687
391 688
391 689
391 691
391 693
391 700
391 704
391 705
391 711
391 712
391 718
391 720
391 722
391 724
391 727
391 728
391 734
391 735
391 736
391 743
391 744
391 747
391 748
391 752
391 758
391 766
391 770
391 773
391 774
391 775
391 779
391 780
391 782
391 783
391 787
391 788
391 791
391 792
391 793
391 797
392 403
392 404
392 406
392 411
392 414
392 421
392 423
392 424
392 426
392 428
392 429
392 435
392 439
392 441
392 445
392 453
392 456
392 457
392 465
392 466
392 472
392 476
392 477
392 480
392 484
392 485
392 490
392 491
392 496
392 498
392 500
392 502
392 507
392 511
392 512
392 518
392 519
392 521
392 523
392 524
392 525
392 527
392 535
392 536
392 537
392 538
392 539
392 540
392 543
392 546
392 549
392 550
392 554
392 555
392 556
392 557
392 558
392 559
392 564
392 566
392 567
392 568
392 570
392 572
392 573
392 576
392 579
392 581
392 586
392 588
392 590
392 594
392 596
392 597
392 598
392 601
392 602
392 606
392 608
392 612
392 619
392 630
392 632
392 638
392 640
392 644
392 646
392 647
392 654
392 661
392 663
392 664
392 666
392 667
392 673
392 678
392 687
392 688
392 690
392 692
392 694
392 696
392 697
392 698
392 701
392 703
392 709
392 710
392 712
392 714
392 716
392 724
392 725
392 730
392 734
392 736
392 738
392 749
392 752
392 755
392 757
392 760
392 766
392 769
392 772
392 775
392 777
392 779
392 782
392 785
392 786
392 790
392 791
392 798
392 799
393 409
393 411
393 413
393 424
393 434
393 435
393 436
393 440
393 441
393 442
393 447
393 448
393 449
393 451
393 453
393 458
393 462
393 465
393 466
393 471
393 472
393 474
393 475
393 478
393 480
393 486
393 487
393 497
393 498
393 501
393 502
393 503
393 508
393 514
393 519
393 523
393 527
393 537
393 543
393 547
393 552
393 553
393 561
393 564
393 565
393 568
393 575
393 576
393 582
393 583
393 586
393 587
393 590
393 591
393 601
393 602
393 603
393 607
393 608
393 609
393 610
393 614
393 617
393 625
393 636
393 637
393 638
393 641
393 642
393 645
393 646
393 647
393 653
393 655
393 656
393 659
393 665
393 667
393 670
393 671
393 672
393 676
393 679
393 681
393 688
393 691
393 693
393 702
393 704
393 705
393 711
393 728
393 731
393 736
393 737
393 740
393 741
393 742
393 743
393 752
393 754
393 756
393 757
393 761
393 762
393 767
393 770
393 772
393 773
393 774
393 776
393 783
393 784
393 785
393 797
394 402
394 405
394 406
394 411
394 415
394 417
394 420
394 422
394 426
394 428
394 433
394 437
394 442
394 444
394 448
394 449
394 450
394 452
394 456
394 458
394 459
394 462
394 463
394 464
394 466
394 470
394 471
394 473
394 478
394 482
394 485
394 500
394 504
394 505
394 510
394 512
394 514
394 517
394 522
394 523
394 525
394 529
394 532
394 535
394 537
394 538
394 540
394 541
394 546
394 551
394 553
394 554
394 564
394 565
394 569
394 585
394 592
394 596
394 597
394 605
394 606
394 607
394 616
394 619
394 623
394 625
394 629
394 632
394 634
394 635
394 641
394 658
394 663
394 665
394 677
394 679
394 680
394 682
394 685
394 686
394 692
394 694
394 695
394 701
394 706
394 708
394 710
394 717
394 719
394 721
394 726
394 730
394 733
394 734
394 735
394 737
394 740
394 741
394 743
394 751
394 757
394 759
394 761
394 763
394 765
394 769
394 770
394 779
394 781
394 787
394 790
394 791
394 792
394 794
394 796
394 797
394 800
395 401
395 402
395 403
395 405
395 406
395 408
395 410
395 412
395 415
395 422
395 429
395 431
395 434
395 435
395 442
395 443
395 445
395 447
395 449
395 453
395 454
395 461
395 466
395 468
395 469
395 470
395 472
395 486
395 489
395 490
395 500
395 501
395 506
395 509
395 513
395 518
395 519
395 528
395 530
395 532
395 539
395 542
395 543
395 544
395 545
395 547
395 548
395 550
395 557
395 568
395 576
395 579
395 580
395 582
395 583
395 585
395 589
395 605
395 607
395 608
395 612
395 617
395 618
395 619
395 622
395 623
395 624
395 626
395 627
395 630
395 638
395 639
395 646
395 647
395 651
395 652
395 655
395 660
395 665
395 670
395 671
395 672
395 674
395 678
395 682
395 690
395 691
395 693
395 699
395 705
395 712
395 715
395 722
395 726
395 728
395 735
395 740
395 744
395 748
395 750
395 753
395 762
395 766
395 768
395 773
395 776
395 779
395 780
395 783
395 784
395 788
395 793
395 799
396 407
396 408
396 410
396 411
396 415
396 419
396 422
396 428
396 431
396 445
396 446
396 453
396 458
396 459
396 462
396 463
396 464
396 473
396 475
396 477
396 480
396 482
396 483
396 484
396 492
396 494
396 495
396 503
396 512
396 514
396 515
396 516
396 525
396 526
396 529
396 530
396 532
396 534
396 537
396 540
396 548
396 553
396 555
396 559
396 560
396 561
396 562
396 566
396 570
396 571
396 572
396 574
396 575
396 576
396 583
396 585
396 587
396 589
396 590
396 601
396 603
396 604
396 606
396 608
396 613
396 617
396 621
396 625
396 626
396 632
396 633
396 642
396 644
396 645
396 647
396 653
396 663
396 664
396 668
396 671
396 674
396 676
396 679
396 680
396 683
396 695
396 699
396 703
396 705
396 706
396 707
396 708
396 711
396 713
396 715
396 717
396 721
396 725
396 727
396 731
396 741
396 742
396 744
396 748
396 751
396 760
396 762
396 764
396 768
396 770
396 774
396 777
396 779
396 783
396 784
396 787
396 794
396 795
396 796
396 797
397 403
397 406
397 412
397 416
397 418
397 420
397 425
397 426
397 427
397 428
397 431
397 438
397 440
397 442
397 444
397 445
397 448
397 451
397 454
397 455
397 456
397 457
397 458
397 459
397 460
397 464
397 468
397 475
397 482
397 483
397 484
397 485
397 487
397 489
397 492
397 496
397 497
397 507
397 508
397 511
397 512
397 515
397 521
397 526
397 531
397 532
397 536
397 538
397 541
397 544
397 546
397 551
397 554
397 555
397 556
397 560
397 561
397 563
397 572
397 574
397 578
397 580
397 581
397 582
397 596
397 598
397 599
397 601
397 602
397 606
397 608
397 613
397 617
397 619
397 624
397 631
397 633
397 637
397 641
397 646
397 649
397 651
397 654
397 657
397 658
397 663
397 666
397 670
397 673
397 677
397 679
397 680
397 683
397 688
397 689
397 694
397 696
397 700
397 701
397 705
397 708
397 711
397 715
397 717
397 720
397 725
397 726
397 727
397 734
397 735
397 742
397 747
397 751
397 755
397 757
397 760
397 769
397 771
397 780
397 782
397 784
397 785
397 787
397 796
398 402
398 404
398 409
398 418
398 420
398 421
398 422
398 426
398 427
398 431
398 433
398 437
398 438
398 440
398 442
398 450
398 452
398 453
398 454
398 455
398 465
398 468
398 469
398 470
398 473
398 474
398 485
398 487
398 488
398 490
398 496
398 502
398 503
398 506
398 510
398 522
398 524
398 525
398 527
398 532
398 533
398 535
398 537
398 539
398 540
398 543
398 552
398 565
398 569
398 573
398 577
398 579
398 581
398 585
398 587
398 595
398 596
398 602
398 605
398 606
398 608
398 623
398 629
398 630
398 633
398 638
398 639
398 640
398 641
398 645
398 647
398 650
398 651
398 656
398 657
398 661
398 665
398 669
398 672
398 677
398 689
398 695
398 696
398 699
398 704
398 707
398 708
398 716
398 718
398 723
398 724
398 725
398 728
398 730
398 733
398 735
398 738
398 740
398 746
398 748
398 749
398 752
398 754
398 756
398 762
398 767
398 774
398 786
398 787
398 789
398 792
398 793
398 798
398 800
399 402
399 410
399 417
399 418
399 420
399 423
399 435
399 445
399 446
399 447
399 453
399 454
399 457
399 458
399 463
399 466
399 480
399 481
399 483
399 484
399 485
399 493
399 494
399 500
399 501
399 505
399 511
399 512
399 513
399 515
399 517
399 518
399 529
399 535
399 537
399 542
399 545
399 550
399 553
399 556
399 560
399 569
399 570
399 573
399 574
399 581
399 584
399 588
399 589
399 592
399 597
399 599
399 602
399 603
399 606
399 609
399 616
399 617
399 619
399 621
399 623
399 626
399 627
399 630
399 633
399 636
399 637
399 641
399 642
399 650
399 651
399 654
399 655
399 658
399 660
399 661
399 662
399 666
399 670
399 671
399 677
399 686
399 691
399 698
399 699
399 700
399 703
399 705
399 706
399 717
399 718
399 721
399 722
399 729
399 730
399 731
399 733
399 735
399 737
399 752
399 755
399 758
399 769
399 771
399 777
399 780
399 783
399 784
399 786
399 793
399 796
399 799
399 800
400 404
400 408
400 409
400 415
400 417
400 420
400 421
400 429
400 431
400 432
400 433
400 435
400 439
400 440
400 442
400 444
400 448
400 453
400 459
400 462
400 463
400 464
400 473
400 474
400 476
400 481
400 482
400 485
400 487
400 488
400 494
400 495
400 496
400 498
400 501
400 502
400 517
400 520
400 525
400 531
400 533
400 541
400 547
400 553
400 555
400 556
400 559
400 569
400 571
400 573
400 574
400 575
400 576
400 581
400 583
400 586
400 587
400 590
400 594
400 595
400 597
400 599
400 601
400 602
400 605
400 606
400 610
400 622
400 629
400 630
400 643
400 644
400 645
400 647
400 654
400 657
400 659
400 663
400 672
400 676
400 677
400 682
400 684
400 686
400 689
400 690
400 692
400 693
400 695
400 696
400 704
400 705
400 712
400 713
400 714
400 715
400 719
400 721
400 729
400 730
400 738
400 740
400 746
400 747
400 748
400 749
400 750
400 751
400 752
400 755
400 757
400 761
400 768
400 770
400 771
400 776
400 785
400 789
400 790
400 793
400 794
400 795
400 798
400 800
