500 500 20
1 502
1 503
1 511
1 513
1 522
1 524
1 525
1 527
1 541
1 545
1 546
1 549
1 563
1 564
1 569
1 570
1 573
1 580
1 582
1 583
1 586
1 587
1 592
1 593
1 596
1 599
1 604
1 612
1 618
1 630
1 636
1 637
1 645
1 649
1 651
1 662
1 665
1 670
1 671
1 676
1 679
1 680
1 682
1 684
1 691
1 695
1 700
1 703
1 710
1 720
1 721
1 722
1 726
1 727
1 729
1 730
1 732
1 736
1 738
1 743
1 744
1 747
1 750
1 751
1 752
1 757
1 758
1 764
1 769
1 771
1 772
1 774
1 779
1 780
1 781
1 782
1 785
1 789
1 790
1 792
1 795
1 796
1 798
1 800
1 804
1 805
1 806
1 807
1 808
1 811
1 812
1 818
1 819
1 825
1 829
1 834
1 836
1 837
1 838
1 839
1 840
1 845
1 846
1 849
1 850
1 855
1 859
1 860
1 863
1 870
1 876
1 879
1 886
1 887
1 891
1 894
1 896
1 897
1 899
1 900
1 901
1 902
1 906
1 907
1 909
1 913
1 915
1 918
1 920
1 922
1 923
1 926
1 935
1 938
1 946
1 947
1 948
1 954
1 956
1 960
1 970
1 975
1 984
1 985
1 991
1 994
1 995
1 997
2 501
2 505
2 506
2 507
2 511
2 512
2 515
2 516
2 519
2 520
2 522
2 525
2 527
2 537
2 539
2 545
2 546
2 548
2 551
2 554
2 555
2 559
2 560
2 563
2 564
2 566
2 572
2 574
2 576
2 578
2 579
2 580
2 581
2 587
2 591
2 592
2 593
2 603
2 606
2 607
2 611
2 612
2 613
2 614
2 618
2 619
2 623
2 626
2 627
2 628
2 629
2 631
2 632
2 640
2 641
2 646
2 649
2 650
2 653
2 655
2 656
2 658
2 660
2 661
2 663
2 665
2 666
2 672
2 679
2 682
2 690
2 701
2 707
2 715
2 719
2 721
2 722
2 723
2 731
2 733
2 747
2 749
2 751
2 757
2 763
2 764
2 766
2 767
2 768
2 773
2 775
2 784
2 787
2 788
2 789
2 792
2 794
2 803
2 804
2 805
2 812
2 815
2 819
2 822
2 824
2 826
2 827
2 829
2 831
2 832
2 835
2 843
2 845
2 848
2 850
2 853
2 854
2 855
2 858
2 859
2 863
2 869
2 874
2 875
2 876
2 878
2 880
2 883
2 887
2 894
2 902
2 906
2 907
2 908
2 912
2 919
2 924
2 925
2 927
2 931
2 932
2 933
2 934
2 939
2 941
2 944
2 949
2 955
2 956
2 958
2 961
2 962
2 967
2 970
2 971
2 975
2 981
2 986
2 990
2 993
2 1000
3 504
3 507
3 510
3 513
3 527
3 528
3 541
3 547
3 555
3 557
3 560
3 569
3 571
3 574
3 578
3 579
3 587
3 588
3 590
3 596
3 599
3 601
3 607
3 609
3 610
3 612
3 614
3 616
3 620
3 623
3 629
3 630
3 631
3 639
3 645
3 651
3 655
3 657
3 660
3 661
3 662
3 665
3 667
3 668
3 669
3 670
3 675
3 677
3 683
3 684
3 686
3 687
3 691
3 692
3 695
3 696
3 700
3 704
3 706
3 709
3 710
3 711
3 712
3 714
3 718
3 723
3 724
3 728
3 730
3 732
3 737
3 740
3 741
3 747
3 751
3 753
3 758
3 759
3 765
3 767
3 769
3 773
3 774
3 775
3 777
3 780
3 786
3 787
3 788
3 790
3 791
3 794
3 795
3 798
3 800
3 801
3 804
3 805
3 807
3 809
3 818
3 821
3 824
3 829
3 835
3 836
3 837
3 839
3 840
3 843
3 844
3 847
3 848
3 851
3 853
3 859
3 861
3 866
3 867
3 869
3 872
3 873
3 874
3 875
3 878
3 882
3 888
3 891
3 893
3 899
3 902
3 905
3 915
3 916
3 920
3 925
3 926
3 930
3 931
3 940
3 941
3 949
3 952
3 953
3 958
3 964
3 965
3 967
3 974
3 978
3 981
3 990
3 991
3 995
3 999
4 504
4 508
4 509
4 511
4 513
4 515
4 519
4 528
4 532
4 533
4 535
4 540
4 544
4 547
4 548
4 549
4 551
4 561
4 562
4 563
4 564
4 565
4 568
4 577
4 578
4 579
4 581
4 582
4 585
4 590
4 591
4 594
4 597
4 601
4 602
4 605
4 606
4 607
4 608
4 609
4 610
4 616
4 617
4 620
4 628
4 631
4 632
4 639
4 642
4 645
4 647
4 650
4 651
4 652
4 654
4 656
4 657
4 659
4 661
4 662
4 675
4 676
4 678
4 682
4 692
4 695
4 696
4 699
4 700
4 714
4 717
4 718
4 726
4 727
4 729
4 730
4 732
4 734
4 737
4 741
4 742
4 744
4 746
4 749
4 758
4 760
4 764
4 765
4 767
4 772
4 776
4 777
4 778
4 780
4 783
4 787
4 788
4 789
4 792
4 794
4 803
4 804
4 805
4 807
4 810
4 811
4 816
4 818
4 822
4 825
4 826
4 830
4 831
4 837
4 840
4 841
4 851
4 854
4 855
4 857
4 858
4 859
4 864
4 865
4 867
4 871
4 872
4 873
4 877
4 879
4 883
4 884
4 887
4 888
4 891
4 892
4 893
4 894
4 897
4 902
4 903
4 905
4 907
4 916
4 928
4 929
4 930
4 934
4 938
4 939
4 941
4 943
4 946
4 949
4 950
4 951
4 952
4 953
4 956
4 964
4 968
4 969
4 970
4 971
4 977
4 980
4 982
4 984
4 990
4 992
4 994
4 995
5 501
5 502
5 505
5 506
5 510
5 512
5 514
5 518
5 520
5 525
5 527
5 529
5 542
5 552
5 553
5 562
5 563
5 564
5 565
5 566
5 578
5 581
5 586
5 588
5 595
5 596
5 597
5 599
5 601
5 609
5 613
5 615
5 616
5 617
5 620
5 621
5 627
5 629
5 645
5 650
5 651
5 652
5 657
5 658
5 660
5 661
5 662
5 665
5 680
5 685
5 694
5 700
5 701
5 708
5 715
5 719
5 722
5 723
5 724
5 734
5 739
5 741
5 742
5 748
5 754
5 756
5 762
5 763
5 765
5 768
5 773
5 779
5 780
5 785
5 789
5 792
5 794
5 799
5 801
5 803
5 804
5 806
5 809
5 811
5 812
5 814
5 816
5 817
5 819
5 820
5 821
5 826
5 829
5 834
5 835
5 837
5 839
5 840
5 842
5 845
5 850
5 851
5 862
5 867
5 873
5 874
5 877
5 879
5 880
5 881
5 884
5 886
5 891
5 893
5 900
5 905
5 911
5 914
5 917
5 922
5 926
5 928
5 929
5 932
5 934
5 938
5 939
5 949
5 952
5 953
5 954
5 956
5 961
5 965
5 973
5 974
5 975
5 980
5 998
5 999
5 1000
6 503
6 506
6 508
6 512
6 522
6 526
6 528
6 530
6 531
6 532
6 538
6 547
6 548
6 554
6 556
6 557
6 563
6 564
6 566
6 568
6 571
6 573
6 574
6 576
6 578
6 581
6 582
6 585
6 589
6 591
6 596
6 598
6 608
6 611
6 612
6 621
6 624
6 627
6 628
6 632
6 633
6 638
6 639
6 640
6 649
6 654
6 660
6 664
6 667
6 671
6 675
6 676
6 680
6 683
6 691
6 697
6 701
6 704
6 712
6 714
6 718
6 720
6 722
6 727
6 733
6 736
6 741
6 743
6 747
6 753
6 755
6 756
6 760
6 761
6 767
6 771
6 772
6 781
6 783
6 784
6 803
6 809
6 811
6 812
6 813
6 819
6 821
6 825
6 827
6 828
6 832
6 835
6 839
6 842
6 848
6 854
6 855
6 857
6 858
6 860
6 861
6 867
6 868
6 869
6 870
6 872
6 873
6 880
6 881
6 886
6 891
6 892
6 896
6 897
6 898
6 900
6 902
6 908
6 909
6 911
6 912
6 914
6 925
6 927
6 932
6 933
6 934
6 936
6 938
6 939
6 940
6 941
6 942
6 944
6 946
6 949
6 951
6 955
6 956
6 958
6 964
6 965
6 970
6 971
6 975
6 981
6 983
6 984
6 988
6 990
6 991
6 992
6 994
6 995
7 501
7 505
7 510
7 515
7 523
7 525
7 526
7 529
7 530
7 532
7 533
7 538
7 539
7 540
7 541
7 554
7 562
7 564
7 574
7 580
7 584
7 587
7 588
7 591
7 593
7 598
7 599
7 605
7 608
7 610
7 612
7 614
7 615
7 618
7 625
7 629
7 636
7 637
7 639
7 645
7 649
7 655
7 656
7 658
7 660
7 662
7 664
7 667
7 669
7 672
7 673
7 680
7 683
7 684
7 685
7 688
7 690
7 696
7 699
7 704
7 708
7 709
7 715
7 721
7 731
7 732
7 736
7 740
7 742
7 749
7 753
7 763
7 764
7 775
7 777
7 785
7 787
7 793
7 794
7 796
7 799
7 802
7 811
7 822
7 824
7 831
7 844
7 845
7 846
7 853
7 854
7 855
7 860
7 869
7 873
7 874
7 881
7 882
7 888
7 891
7 894
7 895
7 896
7 897
7 898
7 900
7 901
7 904
7 906
7 908
7 919
7 921
7 923
7 924
7 925
7 927
7 937
7 942
7 944
7 946
7 947
7 949
7 961
7 962
7 964
7 965
7 967
7 970
7 976
7 981
7 982
7 984
7 985
7 987
7 988
7 992
7 994
7 995
7 998
7 999
7 1000
8 501
8 502
8 507
8 508
8 519
8 523
8 528
8 531
8 534
8 538
8 540
8 542
8 543
8 548
8 550
8 553
8 559
8 560
8 563
8 571
8 573
8 580
8 582
8 583
8 585
8 598
8 599
8 610
8 617
8 619
8 621
8 628
8 629
8 631
8 633
8 634
8 637
8 641
8 643
8 647
8 648
8 656
8 660
8 662
8 664
8 669
8 670
8 674
8 675
8 676
8 679
8 683
8 685
8 689
8 693
8 694
8 700
8 705
8 706
8 707
8 709
8 711
8 715
8 720
8 721
8 727
8 732
8 735
8 739
8 740
8 743
8 747
8 748
8 749
8 750
8 753
8 755
8 756
8 759
8 760
8 761
8 764
8 772
8 777
8 779
8 782
8 783
8 784
8 789
8 791
8 793
8 798
8 803
8 805
8 807
8 815
8 817
8 819
8 820
8 823
8 827
8 830
8 835
8 836
8 839
8 841
8 846
8 850
8 859
8 866
8 869
8 870
8 871
8 872
8 877
8 887
8 890
8 892
8 893
8 896
8 900
8 907
8 908
8 910
8 913
8 915
8 918
8 920
8 922
8 923
8 927
8 928
8 935
8 939
8 942
8 945
8 950
8 951
8 956
8 958
8 966
8 968
8 970
8 976
8 979
8 981
8 992
8 999
9 501
9 502
9 503
9 510
9 512
9 515
9 521
9 523
9 524
9 526
9 527
9 528
9 530
9 531
9 532
9 537
9 538
9 539
9 545
9 548
9 549
9 551
9 554
9 556
9 561
9 572
9 577
9 587
9 588
9 590
9 592
9 595
9 599
9 601
9 605
9 608
9 609
9 610
9 614
9 619
9 624
9 629
9 631
9 633
9 636
9 640
9 641
9 644
9 645
9 652
9 660
9 662
9 668
9 669
9 673
9 674
9 686
9 689
9 690
9 694
9 695
9 696
9 704
9 705
9 708
9 710
9 712
9 713
9 717
9 718
9 723
9 726
9 732
9 742
9 745
9 761
9 772
9 777
9 780
9 781
9 782
9 791
9 793
9 798
9 805
9 806
9 812
9 813
9 814
9 815
9 818
9 819
9 820
9 825
9 826
9 828
9 831
9 835
9 836
9 838
9 844
9 846
9 850
9 851
9 853
9 855
9 861
9 866
9 867
9 871
9 874
9 876
9 880
9 888
9 889
9 891
9 892
9 901
9 904
9 905
9 906
9 908
9 916
9 918
9 922
9 924
9 925
9 931
9 934
9 936
9 937
9 939
9 942
9 943
9 945
9 947
9 953
9 955
9 964
9 970
9 980
9 981
9 982
9 992
9 999
10 501
10 505
10 516
10 518
10 523
10 524
10 533
10 534
10 535
10 536
10 537
10 539
10 547
10 549
10 557
10 559
10 561
10 563
10 566
10 567
10 572
10 573
10 578
10 580
10 582
10 591
10 594
10 597
10 598
10 599
10 600
10 603
10 605
10 610
10 612
10 613
10 614
10 618
10 624
10 629
10 631
10 635
10 636
10 644
10 648
10 651
10 658
10 659
10 668
10 672
10 681
10 684
10 685
10 686
10 688
10 696
10 698
10 703
10 708
10 709
10 711
10 713
10 714
10 717
10 725
10 727
10 737
10 739
10 740
10 742
10 744
10 747
10 758
10 760
10 762
10 766
10 767
10 768
10 773
10 774
10 777
10 780
10 782
10 783
10 784
10 788
10 791
10 793
10 795
10 804
10 811
10 813
10 814
10 815
10 829
10 835
10 838
10 841
10 842
10 843
10 848
10 850
10 851
10 854
10 869
10 875
10 876
10 877
10 878
10 879
10 881
10 882
10 883
10 885
10 887
10 890
10 892
10 894
10 895
10 897
10 902
10 904
10 905
10 910
10 912
10 913
10 919
10 920
10 921
10 923
10 924
10 926
10 933
10 934
10 939
10 945
10 946
10 947
10 948
10 952
10 955
10 960
10 961
10 964
10 966
10 967
10 970
10 971
10 972
10 973
10 979
10 980
10 985
10 988
10 991
10 992
10 994
10 996
10 997
10 1000
11 505
11 506
11 516
11 528
11 530
11 531
11 534
11 538
11 545
11 549
11 555
11 556
11 560
11 565
11 569
11 570
11 572
11 575
11 578
11 584
11 585
11 588
11 593
11 594
11 595
11 601
11 602
11 603
11 609
11 611
11 614
11 615
11 618
11 621
11 624
11 626
11 627
11 631
11 632
11 638
11 640
11 641
11 648
11 653
11 654
11 656
11 658
11 665
11 668
11 673
11 674
11 681
11 683
11 684
11 687
11 688
11 691
11 695
11 700
11 704
11 705
11 706
11 712
11 717
11 719
11 726
11 728
11 729
11 734
11 736
11 737
11 742
11 744
11 748
11 751
11 753
11 755
11 756
11 760
11 767
11 768
11 769
11 772
11 782
11 785
11 787
11 793
11 795
11 798
11 799
11 800
11 801
11 803
11 804
11 807
11 808
11 810
11 813
11 814
11 817
11 834
11 835
11 836
11 837
11 842
11 844
11 845
11 850
11 851
11 861
11 863
11 865
11 866
11 869
11 871
11 878
11 881
11 884
11 887
11 889
11 891
11 894
11 895
11 897
11 899
11 905
11 906
11 922
11 924
11 927
11 929
11 934
11 949
11 950
11 956
11 957
11 958
11 961
11 967
11 969
11 973
11 976
11 981
11 982
11 984
11 987
11 991
11 993
11 999
12 506
12 509
12 514
12 522
12 523
12 530
12 534
12 535
12 539
12 542
12 546
12 550
12 552
12 559
12 560
12 561
12 568
12 569
12 570
12 573
12 578
12 579
12 593
12 597
12 601
12 602
12 605
12 608
12 616
12 617
12 619
12 620
12 621
12 623
12 627
12 632
12 633
12 639
12 640
12 642
12 646
12 647
12 648
12 657
12 658
12 661
12 663
12 665
12 667
12 675
12 676
12 678
12 680
12 687
12 690
12 691
12 694
12 697
12 700
12 703
12 708
12 710
12 714
12 716
12 720
12 725
12 726
12 727
12 732
12 734
12 739
12 741
12 744
12 746
12 751
12 754
12 771
12 775
12 776
12 778
12 779
12 780
12 781
12 784
12 786
12 788
12 789
12 791
12 795
12 799
12 802
12 807
12 808
12 809
12 818
12 819
12 820
12 826
12 827
12 829
12 838
12 842
12 843
12 844
12 845
12 857
12 858
12 863
12 864
12 868
12 880
12 884
12 887
12 891
12 892
12 894
12 897
12 898
12 900
12 910
12 913
12 914
12 917
12 920
12 921
12 923
12 926
12 927
12 931
12 933
12 934
12 935
12 937
12 938
12 941
12 944
12 945
12 946
12 950
12 953
12 954
12 959
12 960
12 964
12 970
12 977
12 978
12 979
12 982
12 985
12 986
12 988
12 990
12 993
12 1000
13 501
13 510
13 511
13 514
13 519
13 526
13 530
13 534
13 536
13 543
13 549
13 552
13 553
13 554
13 558
13 564
13 576
13 577
13 583
13 586
13 595
13 603
13 606
13 610
13 615
13 626
13 627
13 628
13 631
13 633
13 635
13 636
13 638
13 640
13 641
13 644
13 645
13 648
13 649
13 652
13 654
13 655
13 657
13 658
13 666
13 667
13 669
13 670
13 674
13 680
13 683
13 684
13 688
13 689
13 690
13 691
13 698
13 700
13 701
13 704
13 706
13 707
13 709
13 720
13 722
13 728
13 729
13 733
13 736
13 739
13 740
13 741
13 743
13 744
13 745
13 748
13 749
13 751
13 755
13 757
13 761
13 762
13 763
13 765
13 766
13 767
13 772
13 775
13 779
13 781
13 783
13 784
13 788
13 791
13 793
13 797
13 800
13 801
13 805
13 812
13 815
13 817
13 820
13 825
13 826
13 827
13 829
13 831
13 834
13 835
13 836
13 838
13 844
13 851
13 855
13 856
13 867
13 869
13 871
13 873
13 876
13 882
13 883
13 887
13 891
13 893
13 894
13 896
13 898
13 902
13 904
13 905
13 906
13 907
13 909
13 910
13 912
13 913
13 916
13 918
13 920
13 924
13 927
13 928
13 931
13 932
13 933
13 934
13 936
13 938
13 940
13 943
13 952
13 953
13 960
13 961
13 962
13 963
13 967
13 970
13 972
13 975
13 978
13 979
13 985
13 987
13 990
13 998
13 1000
14 508
14 509
14 512
14 513
14 514
14 515
14 523
14 531
14 537
14 539
14 547
14 550
14 554
14 557
14 558
14 559
14 563
14 564
14 565
14 566
14 567
14 570
14 571
14 572
14 578
14 579
14 581
14 584
14 587
14 593
14 597
14 598
14 599
14 609
14 612
14 613
14 615
14 617
14 619
14 620
14 623
14 625
14 626
14 627
14 633
14 635
14 640
14 643
14 644
14 647
14 648
14 649
14 656
14 660
14 661
14 664
14 665
14 666
14 671
14 674
14 677
14 678
14 681
14 683
14 686
14 688
14 690
14 691
14 693
14 700
14 708
14 724
14 725
14 726
14 729
14 746
14 751
14 753
14 755
14 758
14 762
14 763
14 770
14 775
14 780
14 781
14 784
14 788
14 789
14 790
14 793
14 794
14 795
14 798
14 799
14 800
14 806
14 809
14 811
14 817
14 827
14 828
14 829
14 830
14 835
14 837
14 839
14 848
14 852
14 854
14 856
14 857
14 862
14 866
14 872
14 875
14 879
14 884
14 889
14 890
14 892
14 894
14 896
14 897
14 911
14 916
14 917
14 918
14 919
14 920
14 922
14 925
14 926
14 928
14 935
14 936
14 937
14 938
14 944
14 947
14 950
14 962
14 963
14 966
14 970
14 972
14 973
14 974
14 975
14 976
14 979
14 980
14 981
14 988
14 990
14 991
14 999
14 1000
15 502
15 506
15 507
15 508
15 509
15 511
15 512
15 513
15 520
15 521
15 523
15 524
15 535
15 536
15 537
15 540
15 542
15 545
15 548
15 550
15 553
15 554
15 559
15 563
15 566
15 568
15 571
15 572
15 576
15 578
15 579
15 580
15 581
15 582
15 583
15 591
15 593
15 598
15 606
15 607
15 608
15 609
15 611
15 621
15 630
15 635
15 638
15 640
15 642
15 647
15 648
15 649
15 651
15 653
15 657
15 660
15 664
15 666
15 672
15 673
15 675
15 676
15 678
15 683
15 684
15 685
15 691
15 693
15 696
15 698
15 700
15 706
15 713
15 717
15 724
15 726
15 727
15 733
15 734
15 738
15 739
15 742
15 746
15 751
15 755
15 758
15 760
15 763
15 767
15 774
15 776
15 777
15 780
15 782
15 786
15 790
15 791
15 795
15 797
15 799
15 803
15 806
15 808
15 809
15 810
15 813
15 815
15 816
15 817
15 823
15 830
15 831
15 833
15 837
15 839
15 843
15 845
15 850
15 852
15 859
15 860
15 866
15 868
15 878
15 882
15 883
15 893
15 899
15 915
15 922
15 923
15 925
15 928
15 935
15 944
15 952
15 954
15 959
15 961
15 965
15 974
15 976
15 984
15 985
15 987
15 988
15 999
16 501
16 506
16 507
16 508
16 509
16 511
16 512
16 514
16 516
16 517
16 519
16 528
16 530
16 535
16 536
16 539
16 546
16 549
16 553
16 556
16 561
16 562
16 564
16 567
16 568
16 577
16 578
16 579
16 582
16 587
16 588
16 589
16 590
16 591
16 593
16 594
16 596
16 601
16 603
16 606
16 610
16 613
16 627
16 628
16 633
16 634
16 636
16 643
16 652
16 653
16 657
16 667
16 668
16 676
16 680
16 684
16 686
16 692
16 693
16 695
16 697
16 698
16 701
16 702
16 703
16 706
16 708
16 709
16 710
16 718
16 719
16 727
16 732
16 733
16 734
16 739
16 740
16 746
16 748
16 749
16 755
16 768
16 769
16 773
16 776
16 780
16 789
16 793
16 795
16 796
16 797
16 799
16 804
16 806
16 807
16 811
16 812
16 815
16 817
16 826
16 827
16 834
16 839
16 840
16 843
16 850
16 851
16 861
16 862
16 863
16 874
16 876
16 880
16 882
16 885
16 888
16 893
16 898
16 900
16 902
16 903
16 904
16 906
16 907
16 909
16 912
16 917
16 923
16 924
16 929
16 932
16 935
16 936
16 938
16 944
16 948
16 949
16 950
16 955
16 963
16 975
16 979
16 980
16 981
16 983
16 986
16 989
16 992
16 994
17 503
17 505
17 511
17 513
17 517
17 522
17 526
17 530
17 533
17 539
17 540
17 541
17 542
17 544
17 547
17 550
17 553
17 555
17 559
17 562
17 563
17 564
17 568
17 576
17 578
17 580
17 585
17 589
17 591
17 593
17 594
17 597
17 605
17 611
17 614
17 620
17 622
17 634
17 636
17 637
17 638
17 639
17 640
17 641
17 648
17 649
17 655
17 657
17 662
17 666
17 668
17 670
17 676
17 677
17 678
17 680
17 686
17 688
17 692
17 697
17 701
17 709
17 712
17 713
17 716
17 719
17 720
17 724
17 732
17 734
17 738
17 745
17 746
17 748
17 749
17 750
17 752
17 759
17 762
17 767
17 769
17 771
17 772
17 773
17 776
17 777
17 778
17 784
17 790
17 791
17 793
17 797
17 806
17 807
17 818
17 822
17 829
17 832
17 833
17 837
17 839
17 844
17 845
17 848
17 849
17 853
17 859
17 866
17 867
17 870
17 874
17 883
17 884
17 885
17 889
17 892
17 896
17 898
17 899
17 915
17 919
17 925
17 930
17 935
17 937
17 938
17 943
17 947
17 948
17 952
17 961
17 964
17 967
17 972
17 974
17 976
17 978
17 982
17 983
17 984
17 987
17 988
17 990
17 993
17 996
17 997
18 501
18 506
18 509
18 510
18 511
18 512
18 513
18 529
18 537
18 538
18 543
18 548
18 549
18 550
18 551
18 552
18 553
18 554
18 563
18 567
18 579
18 583
18 592
18 595
18 598
18 599
18 601
18 603
18 605
18 614
18 616
18 617
18 620
18 624
18 626
18 628
18 629
18 630
18 636
18 639
18 642
18 646
18 649
18 650
18 652
18 659
18 661
18 665
18 669
18 670
18 682
18 683
18 686
18 687
18 691
18 692
18 693
18 697
18 700
18 702
18 707
18 710
18 711
18 722
18 723
18 727
18 728
18 735
18 741
18 742
18 745
18 749
18 759
18 762
18 763
18 765
18 769
18 771
18 779
18 782
18 787
18 789
18 790
18 791
18 792
18 793
18 794
18 797
18 800
18 801
18 803
18 807
18 809
18 810
18 812
18 813
18 814
18 817
18 820
18 823
18 826
18 827
18 828
18 829
18 834
18 838
18 843
18 844
18 845
18 856
18 857
18 863
18 864
18 866
18 867
18 871
18 874
18 877
18 888
18 890
18 893
18 897
18 900
18 901
18 902
18 907
18 910
18 911
18 914
18 919
18 925
18 927
18 932
18 933
18 940
18 941
18 944
18 946
18 952
18 953
18 954
18 958
18 959
18 960
18 961
18 962
18 969
18 970
18 971
18 972
18 974
18 975
18 979
18 983
18 986
18 991
18 994
18 997
19 508
19 510
19 513
19 514
19 524
19 526
19 529
19 534
19 537
19 539
19 544
19 549
19 550
19 551
19 555
19 556
19 557
19 558
19 564
19 565
19 566
19 570
19 571
19 573
19 574
19 575
19 577
19 580
19 582
19 583
19 584
19 586
19 590
19 592
19 595
19 599
19 600
19 601
19 602
19 610
19 612
19 615
19 619
19 620
19 622
19 623
19 629
19 636
19 637
19 640
19 642
19 644
19 652
19 655
19 657
19 659
19 670
19 672
19 675
19 676
19 678
19 679
19 682
19 685
19 688
19 691
19 702
19 704
19 705
19 706
19 709
19 713
19 715
19 723
19 726
19 737
19 738
19 745
19 746
19 748
19 749
19 751
19 761
19 764
19 769
19 770
19 771
19 772
19 775
19 776
19 779
19 781
19 785
19 793
19 796
19 797
19 798
19 808
19 809
19 811
19 818
19 819
19 825
19 828
19 830
19 832
19 833
19 835
19 839
19 841
19 842
19 843
19 853
19 856
19 857
19 858
19 859
19 860
19 862
19 869
19 873
19 879
19 881
19 884
19 886
19 887
19 888
19 890
19 892
19 894
19 897
19 898
19 901
19 903
19 906
19 907
19 910
19 917
19 918
19 919
19 925
19 932
19 935
19 938
19 946
19 947
19 949
19 954
19 962
19 967
19 969
19 973
19 977
19 981
19 987
19 988
19 990
19 996
19 999
20 501
20 502
20 504
20 505
20 506
20 513
20 514
20 515
20 517
20 519
20 526
20 530
20 546
20 548
20 549
20 551
20 558
20 559
20 561
20 562
20 563
20 567
20 569
20 572
20 575
20 576
20 577
20 579
20 585
20 587
20 593
20 602
20 603
20 609
20 610
20 617
20 623
20 625
20 626
20 627
20 630
20 631
20 637
20 641
20 643
20 651
20 661
20 667
20 671
20 672
20 689
20 690
20 692
20 693
20 694
20 704
20 705
20 706
20 711
20 712
20 713
20 723
20 731
20 732
20 735
20 736
20 738
20 742
20 746
20 748
20 752
20 756
20 758
20 759
20 760
20 767
20 769
20 776
20 782
20 783
20 785
20 789
20 790
20 795
20 798
20 799
20 801
20 802
20 805
20 807
20 813
20 818
20 820
20 822
20 824
20 827
20 831
20 833
20 840
20 844
20 845
20 847
20 848
20 850
20 854
20 861
20 865
20 873
20 876
20 877
20 878
20 883
20 893
20 902
20 907
20 908
20 913
20 915
20 918
20 928
20 929
20 933
20 936
20 944
20 945
20 952
20 953
20 954
20 955
20 958
20 959
20 961
20 963
20 970
20 971
20 972
20 973
20 976
20 979
20 981
20 982
20 983
20 990
20 993
20 994
20 996
20 999
21 502
21 509
21 516
21 519
21 522
21 536
21 538
21 539
21 545
21 550
21 553
21 554
21 561
21 565
21 568
21 571
21 573
21 581
21 583
21 591
21 596
21 597
21 600
21 604
21 607
21 610
21 611
21 613
21 615
21 617
21 619
21 627
21 631
21 633
21 639
21 648
21 653
21 658
21 661
21 665
21 671
21 673
21 677
21 678
21 681
21 689
21 692
21 693
21 696
21 698
21 702
21 704
21 708
21 713
21 725
21 728
21 730
21 735
21 739
21 741
21 744
21 749
21 755
21 758
21 759
21 761
21 768
21 769
21 778
21 780
21 785
21 787
21 797
21 799
21 800
21 803
21 804
21 805
21 810
21 812
21 815
21 818
21 823
21 825
21 828
21 829
21 835
21 845
21 848
21 854
21 858
21 862
21 865
21 873
21 874
21 883
21 885
21 887
21 889
21 890
21 891
21 898
21 901
21 904
21 909
21 911
21 915
21 920
21 926
21 929
21 931
21 935
21 948
21 951
21 968
21 970
21 974
21 975
21 982
21 986
21 988
21 990
21 993
21 999
22 501
22 502
22 503
22 513
22 517
22 523
22 524
22 525
22 527
22 535
22 541
22 544
22 548
22 554
22 555
22 557
22 559
22 561
22 570
22 576
22 580
22 586
22 588
22 595
22 612
22 621
22 624
22 626
22 635
22 636
22 637
22 640
22 647
22 649
22 651
22 652
22 653
22 664
22 666
22 670
22 671
22 673
22 674
22 680
22 683
22 692
22 694
22 696
22 698
22 701
22 704
22 706
22 714
22 718
22 722
22 730
22 732
22 737
22 739
22 741
22 742
22 743
22 747
22 749
22 752
22 770
22 774
22 779
22 780
22 782
22 785
22 786
22 787
22 789
22 791
22 794
22 795
22 798
22 799
22 803
22 804
22 810
22 812
22 815
22 816
22 831
22 833
22 835
22 837
22 841
22 843
22 845
22 850
22 854
22 856
22 858
22 861
22 862
22 863
22 867
22 871
22 877
22 880
22 882
22 888
22 889
22 893
22 895
22 904
22 905
22 906
22 911
22 912
22 917
22 918
22 923
22 925
22 932
22 933
22 935
22 939
22 940
22 941
22 944
22 946
22 949
22 951
22 955
22 958
22 960
22 961
22 962
22 966
22 967
22 968
22 970
22 971
22 973
22 975
22 977
22 979
22 980
22 986
22 990
22 991
22 993
22 997
23 501
23 502
23 503
23 506
23 510
23 511
23 512
23 513
23 520
23 521
23 526
23 529
23 531
23 534
23 542
23 546
23 555
23 562
23 563
23 572
23 575
23 581
23 589
23 591
23 596
23 597
23 598
23 605
23 607
23 611
23 612
23 616
23 617
23 627
23 632
23 639
23 643
23 646
23 653
23 654
23 661
23 663
23 664
23 671
23 676
23 684
23 686
23 691
23 693
23 697
23 702
23 706
23 708
23 709
23 712
23 713
23 715
23 716
23 722
23 723
23 724
23 731
23 733
23 739
23 755
23 760
23 765
23 766
23 768
23 770
23 771
23 772
23 792
23 794
23 796
23 800
23 803
23 805
23 816
23 822
23 823
23 825
23 826
23 830
23 835
23 836
23 837
23 838
23 846
23 849
23 852
23 853
23 854
23 855
23 864
23 873
23 877
23 878
23 879
23 880
23 887
23 892
23 896
23 902
23 907
23 908
23 909
23 912
23 914
23 916
23 917
23 923
23 927
23 931
23 946
23 950
23 956
23 957
23 961
23 965
23 966
23 968
23 974
23 982
23 985
23 986
23 989
23 991
23 992
23 996
23 997
23 998
23 1000
24 501
24 503
24 504
24 505
24 506
24 514
24 516
24 519
24 520
24 530
24 534
24 535
24 537
24 541
24 552
24 559
24 562
24 566
24 567
24 568
24 576
24 582
24 583
24 587
24 589
24 590
24 598
24 602
24 607
24 608
24 612
24 613
24 621
24 623
24 628
24 631
24 637
24 644
24 645
24 650
24 657
24 658
24 659
24 660
24 666
24 668
24 670
24 675
24 677
24 682
24 684
24 691
24 696
24 699
24 703
24 713
24 719
24 722
24 726
24 727
24 730
24 731
24 736
24 740
24 742
24 743
24 746
24 748
24 749
24 750
24 754
24 756
24 759
24 762
24 764
24 765
24 767
24 771
24 776
24 787
24 797
24 799
24 804
24 807
24 810
24 811
24 815
24 816
24 818
24 819
24 823
24 824
24 827
24 828
24 829
24 830
24 833
24 834
24 835
24 838
24 842
24 845
24 849
24 851
24 853
24 855
24 863
24 866
24 867
24 871
24 872
24 873
24 875
24 877
24 878
24 880
24 881
24 882
24 888
24 889
24 895
24 902
24 905
24 908
24 910
24 912
24 916
24 925
24 927
24 930
24 933
24 934
24 937
24 938
24 942
24 951
24 952
24 954
24 959
24 960
24 964
24 965
24 966
24 967
24 968
24 970
24 974
24 980
24 983
24 984
25 506
25 508
25 509
25 515
25 516
25 518
25 525
25 530
25 531
25 533
25 539
25 545
25 548
25 552
25 553
25 560
25 562
25 566
25 569
25 570
25 572
25 574
25 578
25 584
25 593
25 594
25 597
25 600
25 602
25 603
25 605
25 607
25 614
25 615
25 617
25 619
25 621
25 624
25 630
25 631
25 632
25 633
25 637
25 639
25 640
25 646
25 648
25 651
25 659
25 661
25 663
25 673
25 677
25 680
25 681
25 685
25 686
25 689
25 694
25 695
25 696
25 699
25 701
25 703
25 706
25 709
25 713
25 717
25 725
25 727
25 729
25 730
25 741
25 743
25 753
25 754
25 756
25 758
25 762
25 763
25 765
25 767
25 768
25 769
25 784
25 785
25 791
25 792
25 796
25 806
25 807
25 812
25 813
25 815
25 818
25 821
25 824
25 828
25 829
25 832
25 834
25 835
25 840
25 841
25 843
25 848
25 850
25 851
25 856
25 863
25 865
25 869
25 875
25 882
25 885
25 886
25 891
25 892
25 899
25 902
25 906
25 910
25 916
25 921
25 926
25 933
25 937
25 939
25 941
25 943
25 948
25 951
25 952
25 955
25 958
25 963
25 965
25 972
25 973
25 974
25 976
25 987
25 989
25 990
25 993
25 994
25 995
25 996
26 502
26 503
26 504
26 510
26 511
26 513
26 517
26 523
26 524
26 531
26 532
26 537
26 538
26 539
26 541
26 542
26 547
26 553
26 554
26 568
26 570
26 577
26 578
26 579
26 581
26 585
26 596
26 598
26 600
26 604
26 605
26 612
26 613
26 617
26 620
26 624
26 626
26 629
26 639
26 640
26 641
26 642
26 649
26 658
26 659
26 660
26 662
26 666
26 670
26 674
26 676
26 678
26 679
26 684
26 686
26 688
26 689
26 691
26 692
26 696
26 700
26 702
26 706
26 710
26 711
26 713
26 716
26 722
26 723
26 724
26 725
26 732
26 733
26 735
26 738
26 743
26 744
26 747
26 754
26 757
26 763
26 767
26 770
26 772
26 776
26 777
26 778
26 787
26 793
26 795
26 798
26 803
26 804
26 817
26 820
26 823
26 825
26 827
26 828
26 830
26 837
26 839
26 843
26 844
26 845
26 847
26 849
26 851
26 852
26 854
26 857
26 858
26 862
26 867
26 869
26 873
26 874
26 876
26 879
26 884
26 886
26 887
26 889
26 893
26 894
26 898
26 902
26 904
26 908
26 911
26 913
26 914
26 916
26 917
26 919
26 921
26 922
26 925
26 927
26 930
26 934
26 937
26 940
26 946
26 947
26 949
26 953
26 954
26 958
26 961
26 962
26 963
26 964
26 967
26 968
26 972
26 977
26 979
26 982
26 989
26 993
26 994
26 996
26 997
26 998
27 504
27 509
27 513
27 526
27 529
27 535
27 539
27 541
27 548
27 551
27 561
27 562
27 563
27 564
27 567
27 568
27 569
27 570
27 572
27 578
27 579
27 582
27 588
27 593
27 594
27 595
27 597
27 599
27 600
27 601
27 602
27 603
27 606
27 612
27 615
27 618
27 628
27 630
27 634
27 635
27 636
27 639
27 640
27 642
27 643
27 650
27 652
27 659
27 663
27 664
27 675
27 676
27 681
27 684
27 687
27 688
27 689
27 691
27 700
27 702
27 705
27 707
27 711
27 713
27 715
27 716
27 717
27 720
27 722
27 737
27 743
27 746
27 747
27 752
27 753
27 754
27 763
27 765
27 766
27 767
27 768
27 770
27 774
27 775
27 781
27 783
27 784
27 786
27 799
27 805
27 806
27 808
27 809
27 811
27 813
27 816
27 818
27 821
27 822
27 825
27 832
27 833
27 842
27 846
27 848
27 857
27 859
27 861
27 863
27 871
27 872
27 874
27 883
27 884
27 885
27 888
27 891
27 898
27 900
27 901
27 902
27 906
27 907
27 911
27 918
27 924
27 927
27 933
27 940
27 944
27 951
27 952
27 953
27 958
27 963
27 965
27 971
27 974
27 977
27 978
27 988
27 994
27 1000
28 501
28 506
28 508
28 511
28 518
28 521
28 522
28 524
28 530
28 532
28 534
28 535
28 540
28 541
28 547
28 548
28 549
28 551
28 553
28 555
28 556
28 561
28 568
28 570
28 576
28 578
28 580
28 584
28 585
28 587
28 588
28 589
28 594
28 595
28 599
28 601
28 604
28 605
28 607
28 611
28 612
28 618
28 622
28 623
28 625
28 629
28 630
28 634
28 636
28 638
28 640
28 644
28 645
28 646
28 647
28 649
28 650
28 651
28 653
28 655
28 662
28 663
28 665
28 676
28 678
28 685
28 686
28 688
28 689
28 692
28 704
28 710
28 711
28 713
28 715
28 720
28 738
28 739
28 745
28 747
28 751
28 753
28 758
28 759
28 765
28 772
28 774
28 776
28 780
28 782
28 783
28 795
28 796
28 802
28 803
28 805
28 814
28 819
28 820
28 823
28 832
28 841
28 844
28 845
28 846
28 852
28 858
28 865
28 866
28 868
28 869
28 873
28 874
28 876
28 881
28 884
28 887
28 888
28 893
28 895
28 897
28 900
28 910
28 911
28 919
28 922
28 932
28 933
28 936
28 938
28 943
28 944
28 945
28 948
28 949
28 950
28 951
28 957
28 961
28 962
28 966
28 969
28 988
28 993
28 994
28 998
29 506
29 509
29 511
29 517
29 522
29 525
29 532
29 536
29 540
29 542
29 543
29 544
29 546
29 550
29 551
29 553
29 557
29 559
29 560
29 561
29 563
29 567
29 570
29 571
29 576
29 577
29 578
29 580
29 590
29 599
29 602
29 603
29 607
29 609
29 614
29 619
29 622
29 626
29 627
29 628
29 629
29 630
29 643
29 649
29 652
29 657
29 659
29 670
29 679
29 681
29 686
29 689
29 694
29 696
29 697
29 699
29 701
29 702
29 703
29 704
29 705
29 710
29 711
29 712
29 714
29 717
29 718
29 723
29 725
29 736
29 743
29 745
29 746
29 747
29 748
29 750
29 755
29 756
29 757
29 760
29 763
29 766
29 768
29 771
29 775
29 780
29 781
29 782
29 783
29 786
29 787
29 788
29 789
29 790
29 791
29 797
29 803
29 804
29 805
29 806
29 809
29 815
29 817
29 830
29 831
29 832
29 843
29 845
29 848
29 851
29 857
29 861
29 862
29 867
29 868
29 875
29 877
29 880
29 893
29 894
29 895
29 899
29 900
29 902
29 907
29 910
29 911
29 914
29 916
29 923
29 929
29 930
29 938
29 943
29 951
29 953
29 957
29 965
29 969
29 973
29 978
29 980
29 989
29 992
29 995
29 997
29 998
29 999
30 502
30 504
30 506
30 509
30 514
30 516
30 518
30 522
30 524
30 527
30 530
30 531
30 532
30 534
30 535
30 539
30 541
30 542
30 543
30 545
30 547
30 552
30 556
30 560
30 561
30 562
30 567
30 570
30 574
30 576
30 583
30 595
30 596
30 597
30 605
30 608
30 609
30 613
30 616
30 627
30 630
30 633
30 637
30 640
30 642
30 646
30 650
30 652
30 655
30 657
30 662
30 667
30 668
30 674
30 675
30 677
30 678
30 679
30 684
30 690
30 696
30 698
30 699
30 700
30 702
30 704
30 707
30 713
30 715
30 721
30 724
30 734
30 738
30 745
30 747
30 750
30 756
30 760
30 761
30 767
30 768
30 771
30 772
30 778
30 780
30 785
30 786
30 800
30 802
30 803
30 808
30 819
30 821
30 825
30 826
30 838
30 842
30 850
30 854
30 857
30 866
30 877
30 878
30 879
30 885
30 890
30 892
30 894
30 903
30 907
30 908
30 911
30 912
30 914
30 915
30 918
30 921
30 922
30 928
30 931
30 939
30 942
30 944
30 945
30 949
30 951
30 952
30 954
30 955
30 956
30 959
30 963
30 965
30 966
30 970
30 977
30 978
30 981
30 998
31 504
31 511
31 519
31 524
31 526
31 529
31 534
31 549
31 551
31 558
31 560
31 563
31 565
31 566
31 571
31 577
31 580
31 585
31 589
31 592
31 603
31 614
31 618
31 620
31 625
31 636
31 638
31 640
31 646
31 647
31 649
31 656
31 658
31 662
31 663
31 664
31 665
31 668
31 671
31 673
31 676
31 681
31 685
31 688
31 689
31 692
31 698
31 699
31 701
31 710
31 714
31 715
31 719
31 720
31 723
31 729
31 735
31 739
31 740
31 741
31 745
31 748
31 749
31 750
31 754
31 760
31 767
31 769
31 778
31 781
31 787
31 794
31 796
31 800
31 805
31 807
31 813
31 815
31 822
31 825
31 831
31 834
31 839
31 844
31 845
31 846
31 848
31 849
31 850
31 853
31 856
31 859
31 860
31 862
31 864
31 867
31 869
31 889
31 896
31 898
31 899
31 901
31 905
31 907
31 910
31 912
31 915
31 916
31 922
31 928
31 929
31 931
31 932
31 934
31 937
31 938
31 939
31 942
31 947
31 949
31 955
31 966
31 978
31 980
31 982
31 985
31 986
31 987
31 991
31 996
31 997
32 501
32 502
32 505
32 507
32 512
32 515
32 516
32 522
32 527
32 532
32 533
32 541
32 543
32 545
32 550
32 556
32 558
32 559
32 563
32 570
32 571
32 575
32 576
32 577
32 581
32 587
32 589
32 591
32 594
32 599
32 602
32 610
32 615
32 618
32 620
32 626
32 630
32 631
32 632
32 635
32 636
32 641
32 644
32 648
32 650
32 651
32 653
32 662
32 666
32 670
32 672
32 673
32 679
32 682
32 683
32 686
32 688
32 692
32 694
32 698
32 700
32 702
32 710
32 713
32 715
32 718
32 721
32 723
32 725
32 729
32 731
32 737
32 739
32 741
32 742
32 746
32 747
32 763
32 764
32 767
32 771
32 772
32 783
32 796
32 798
32 800
32 802
32 806
32 807
32 812
32 815
32 819
32 824
32 825
32 827
32 828
32 831
32 838
32 839
32 841
32 848
32 851
32 853
32 854
32 858
32 859
32 864
32 865
32 866
32 867
32 871
32 876
32 877
32 881
32 883
32 886
32 890
32 891
32 892
32 900
32 901
32 905
32 910
32 911
32 916
32 918
32 924
32 927
32 932
32 935
32 936
32 939
32 940
32 949
32 951
32 952
32 953
32 958
32 962
32 964
32 968
32 974
32 977
32 981
32 987
32 989
32 992
32 994
32 995
32 998
33 508
33 513
33 516
33 517
33 519
33 524
33 528
33 529
33 537
33 539
33 543
33 544
33 551
33 555
33 556
33 557
33 559
33 560
33 569
33 572
33 575
33 578
33 581
33 584
33 590
33 611
33 614
33 619
33 622
33 632
33 634
33 640
33 644
33 649
33 650
33 652
33 653
33 656
33 659
33 661
33 665
33 666
33 671
33 672
33 673
33 674
33 676
33 677
33 682
33 684
33 685
33 687
33 690
33 691
33 692
33 694
33 696
33 698
33 699
33 707
33 713
33 720
33 721
33 725
33 726
33 727
33 728
33 732
33 742
33 745
33 746
33 747
33 754
33 765
33 767
33 768
33 769
33 775
33 776
33 777
33 778
33 780
33 782
33 787
33 789
33 791
33 795
33 799
33 806
33 810
33 811
33 817
33 820
33 822
33 832
33 845
33 846
33 848
33 850
33 852
33 855
33 857
33 858
33 859
33 862
33 863
33 865
33 866
33 867
33 868
33 873
33 875
33 878
33 887
33 889
33 892
33 894
33 896
33 898
33 900
33 905
33 907
33 909
33 910
33 914
33 921
33 926
33 929
33 931
33 935
33 936
33 941
33 948
33 950
33 965
33 970
33 971
33 981
33 982
33 984
33 985
33 989
33 991
33 998
33 999
33 1000
34 503
34 508
34 511
34 520
34 523
34 524
34 527
34 535
34 537
34 539
34 545
34 553
34 560
34 561
34 562
34 570
34 572
34 573
34 574
34 576
34 584
34 591
34 594
34 595
34 599
34 606
34 610
34 611
34 612
34 615
34 622
34 627
34 631
34 633
34 636
34 637
34 640
34 643
34 644
34 646
34 651
34 654
34 655
34 656
34 661
34 664
34 665
34 670
34 675
34 676
34 680
34 684
34 687
34 689
34 691
34 692
34 693
34 696
34 697
34 700
34 701
34 703
34 704
34 707
34 721
34 723
34 729
34 730
34 731
34 732
34 739
34 740
34 747
34 749
34 751
34 752
34 757
34 759
34 762
34 765
34 768
34 769
34 775
34 777
34 779
34 780
34 782
34 783
34 786
34 790
34 792
34 793
34 798
34 800
34 801
34 805
34 806
34 807
34 812
34 815
34 816
34 819
34 821
34 826
34 827
34 833
34 848
34 850
34 851
34 864
34 866
34 867
34 885
34 889
34 891
34 899
34 904
34 913
34 914
34 919
34 926
34 941
34 944
34 948
34 949
34 953
34 954
34 955
34 961
34 962
34 969
34 970
34 971
34 974
34 978
34 980
34 987
34 994
35 501
35 503
35 505
35 507
35 513
35 519
35 520
35 525
35 529
35 530
35 534
35 535
35 544
35 550
35 552
35 553
35 556
35 558
35 563
35 565
35 566
35 569
35 574
35 575
35 576
35 577
35 579
35 581
35 583
35 588
35 589
35 593
35 596
35 597
35 599
35 608
35 614
35 618
35 621
35 629
35 631
35 634
35 637
35 639
35 645
35 647
35 651
35 661
35 662
35 663
35 664
35 665
35 675
35 676
35 685
35 686
35 693
35 694
35 695
35 699
35 702
35 703
35 704
35 712
35 715
35 716
35 717
35 723
35 725
35 726
35 738
35 739
35 744
35 748
35 755
35 756
35 757
35 761
35 762
35 764
35 765
35 771
35 773
35 775
35 776
35 785
35 789
35 791
35 792
35 793
35 794
35 795
35 796
35 797
35 798
35 799
35 802
35 803
35 804
35 808
35 813
35 815
35 817
35 818
35 822
35 827
35 834
35 835
35 836
35 842
35 845
35 847
35 850
35 853
35 859
35 861
35 870
35 873
35 874
35 880
35 881
35 887
35 891
35 892
35 893
35 894
35 895
35 900
35 902
35 909
35 910
35 911
35 913
35 914
35 919
35 931
35 933
35 935
35 939
35 943
35 946
35 947
35 950
35 952
35 958
35 959
35 964
35 986
35 987
35 991
35 992
35 993
35 997
36 502
36 506
36 508
36 510
36 514
36 517
36 518
36 530
36 536
36 542
36 549
36 555
36 556
36 557
36 558
36 559
36 560
36 561
36 565
36 572
36 577
36 578
36 590
36 592
36 602
36 603
36 604
36 616
36 624
36 626
36 627
36 628
36 638
36 643
36 644
36 645
36 646
36 647
36 648
36 650
36 657
36 659
36 661
36 663
36 670
36 672
36 674
36 676
36 683
36 685
36 686
36 690
36 693
36 696
36 697
36 700
36 701
36 714
36 720
36 721
36 722
36 723
36 725
36 726
36 727
36 730
36 741
36 742
36 746
36 748
36 754
36 755
36 757
36 765
36 767
36 773
36 774
36 775
36 778
36 779
36 784
36 789
36 791
36 795
36 797
36 803
36 809
36 810
36 811
36 812
36 818
36 819
36 824
36 826
36 828
36 830
36 832
36 833
36 838
36 839
36 848
36 850
36 855
36 866
36 868
36 874
36 876
36 880
36 883
36 886
36 889
36 891
36 897
36 898
36 907
36 910
36 914
36 919
36 924
36 931
36 934
36 938
36 943
36 952
36 955
36 956
36 966
36 967
36 969
36 973
36 977
36 978
36 988
37 501
37 505
37 508
37 514
37 515
37 517
37 522
37 530
37 532
37 536
37 540
37 541
37 542
37 546
37 549
37 551
37 555
37 563
37 564
37 565
37 567
37 569
37 570
37 571
37 574
37 582
37 585
37 600
37 603
37 605
37 606
37 607
37 611
37 617
37 619
37 628
37 636
37 642
37 643
37 644
37 647
37 649
37 650
37 653
37 657
37 659
37 664
37 667
37 675
37 676
37 679
37 680
37 681
37 693
37 695
37 700
37 706
37 708
37 713
37 714
37 715
37 718
37 724
37 726
37 729
37 732
37 739
37 744
37 746
37 747
37 749
37 750
37 751
37 757
37 759
37 760
37 765
37 768
37 769
37 770
37 771
37 774
37 775
37 776
37 780
37 781
37 782
37 785
37 788
37 790
37 793
37 798
37 799
37 801
37 808
37 809
37 813
37 821
37 824
37 829
37 831
37 834
37 835
37 838
37 839
37 843
37 846
37 848
37 850
37 856
37 857
37 858
37 859
37 860
37 861
37 869
37 870
37 872
37 873
37 874
37 875
37 876
37 878
37 881
37 883
37 888
37 890
37 891
37 893
37 898
37 900
37 903
37 910
37 913
37 915
37 917
37 919
37 922
37 923
37 926
37 927
37 928
37 933
37 934
37 935
37 937
37 939
37 940
37 944
37 945
37 947
37 952
37 954
37 961
37 966
37 969
37 970
37 972
37 973
37 976
37 983
37 993
37 1000
38 501
38 506
38 507
38 508
38 514
38 519
38 522
38 526
38 534
38 536
38 537
38 539
38 540
38 544
38 545
38 548
38 558
38 560
38 561
38 568
38 571
38 575
38 580
38 582
38 585
38 591
38 594
38 602
38 603
38 606
38 609
38 615
38 616
38 620
38 625
38 627
38 635
38 652
38 655
38 657
38 658
38 659
38 664
38 666
38 667
38 669
38 670
38 673
38 674
38 677
38 680
38 682
38 684
38 688
38 689
38 692
38 693
38 694
38 695
38 697
38 699
38 700
38 703
38 705
38 708
38 711
38 715
38 716
38 718
38 719
38 728
38 734
38 736
38 740
38 745
38 746
38 747
38 750
38 757
38 760
38 763
38 765
38 766
38 768
38 769
38 771
38 772
38 774
38 791
38 798
38 803
38 805
38 812
38 813
38 817
38 821
38 824
38 825
38 832
38 840
38 842
38 843
38 847
38 848
38 850
38 851
38 852
38 854
38 856
38 857
38 861
38 866
38 872
38 877
38 886
38 889
38 890
38 891
38 894
38 902
38 905
38 909
38 910
38 916
38 925
38 927
38 930
38 932
38 935
38 936
38 938
38 941
38 945
38 948
38 962
38 971
38 973
38 974
38 981
38 989
38 994
39 511
39 512
39 513
39 520
39 526
39 529
39 530
39 533
39 542
39 545
39 552
39 553
39 555
39 556
39 558
39 562
39 565
39 570
39 571
39 578
39 584
39 585
39 591
39 593
39 598
39 600
39 601
39 602
39 606
39 607
39 609
39 610
39 614
39 618
39 621
39 624
39 626
39 628
39 632
39 634
39 636
39 637
39 648
39 652
39 654
39 657
39 661
39 662
39 663
39 664
39 665
39 666
39 668
39 669
39 671
39 674
39 691
39 694
39 703
39 704
39 705
39 710
39 711
39 712
39 716
39 720
39 722
39 725
39 726
39 732
39 737
39 739
39 741
39 742
39 744
39 745
39 746
39 754
39 758
39 759
39 760
39 762
39 764
39 766
39 768
39 776
39 780
39 782
39 786
39 789
39 790
39 791
39 794
39 795
39 796
39 798
39 818
39 819
39 821
39 822
39 823
39 826
39 828
39 833
39 834
39 845
39 852
39 857
39 858
39 861
39 865
39 874
39 876
39 878
39 879
39 880
39 883
39 884
39 887
39 889
39 892
39 894
39 895
39 897
39 902
39 904
39 908
39 910
39 912
39 919
39 920
39 924
39 928
39 931
39 937
39 938
39 939
39 943
39 944
39 950
39 951
39 959
39 966
39 972
39 973
39 982
39 983
39 987
39 993
39 996
39 997
40 501
40 507
40 508
40 510
40 511
40 517
40 522
40 523
40 524
40 526
40 532
40 534
40 541
40 543
40 547
40 553
40 555
40 560
40 562
40 564
40 570
40 571
40 574
40 577
40 579
40 584
40 600
40 601
40 605
40 606
40 609
40 610
40 611
40 613
40 615
40 619
40 623
40 625
40 635
40 643
40 645
40 646
40 657
40 661
40 663
40 664
40 665
40 674
40 676
40 680
40 681
40 686
40 688
40 690
40 694
40 695
40 698
40 702
40 705
40 706
40 713
40 715
40 719
40 720
40 723
40 724
40 727
40 734
40 739
40 741
40 747
40 751
40 755
40 760
40 767
40 769
40 771
40 772
40 778
40 784
40 785
40 793
40 796
40 797
40 798
40 799
40 802
40 804
40 805
40 807
40 808
40 810
40 816
40 817
40 818
40 819
40 821
40 825
40 828
40 829
40 832
40 835
40 836
40 838
40 840
40 843
40 847
40 852
40 853
40 855
40 856
40 862
40 863
40 865
40 866
40 867
40 873
40 882
40 892
40 894
40 895
40 898
40 903
40 904
40 906
40 914
40 916
40 917
40 920
40 933
40 937
40 941
40 948
40 951
40 953
40 954
40 964
40 967
40 980
40 983
40 984
40 989
40 990
40 991
40 993
40 994
40 997
41 502
41 504
41 505
41 507
41 510
41 518
41 519
41 527
41 531
41 535
41 538
41 547
41 550
41 552
41 556
41 559
41 561
41 563
41 565
41 566
41 574
41 577
41 582
41 585
41 586
41 594
41 595
41 596
41 605
41 607
41 618
41 620
41 623
41 624
41 628
41 633
41 637
41 638
41 646
41 650
41 656
41 658
41 662
41 664
41 667
41 668
41 670
41 680
41 682
41 685
41 686
41 688
41 692
41 693
41 697
41 702
41 703
41 704
41 705
41 706
41 707
41 708
41 709
41 712
41 713
41 716
41 721
41 724
41 726
41 728
41 731
41 733
41 738
41 740
41 748
41 749
41 754
41 755
41 759
41 763
41 766
41 780
41 785
41 789
41 791
41 795
41 797
41 801
41 803
41 807
41 813
41 817
41 822
41 824
41 826
41 833
41 838
41 839
41 840
41 841
41 843
41 850
41 852
41 860
41 865
41 867
41 868
41 869
41 876
41 879
41 887
41 889
41 894
41 898
41 900
41 907
41 914
41 917
41 918
41 921
41 929
41 930
41 931
41 932
41 934
41 936
41 937
41 939
41 944
41 946
41 954
41 957
41 958
41 974
41 978
41 990
41 999
42 501
42 503
42 506
42 508
42 517
42 518
42 519
42 520
42 522
42 523
42 530
42 534
42 536
42 539
42 545
42 546
42 547
42 551
42 553
42 555
42 558
42 560
42 563
42 568
42 571
42 576
42 584
42 589
42 590
42 600
42 601
42 602
42 612
42 620
42 621
42 628
42 629
42 630
42 631
42 633
42 635
42 638
42 639
42 641
42 642
42 643
42 646
42 649
42 650
42 652
42 653
42 654
42 656
42 657
42 668
42 669
42 683
42 684
42 687
42 688
42 690
42 691
42 699
42 700
42 701
42 706
42 707
42 708
42 711
42 714
42 717
42 720
42 721
42 722
42 726
42 730
42 731
42 732
42 735
42 739
42 743
42 744
42 748
42 749
42 752
42 759
42 761
42 762
42 763
42 765
42 767
42 771
42 778
42 780
42 781
42 784
42 786
42 788
42 789
42 792
42 796
42 797
42 802
42 813
42 816
42 819
42 820
42 822
42 827
42 830
42 835
42 836
42 839
42 840
42 848
42 849
42 850
42 854
42 856
42 858
42 860
42 862
42 863
42 865
42 869
42 875
42 879
42 881
42 883
42 886
42 893
42 896
42 898
42 899
42 901
42 904
42 907
42 908
42 910
42 914
42 916
42 922
42 926
42 930
42 936
42 944
42 949
42 953
42 956
42 958
42 959
42 961
42 966
42 970
42 972
42 976
42 977
42 979
42 982
42 984
42 985
42 988
42 990
42 995
42 998
42 999
43 501
43 505
43 508
43 511
43 521
43 523
43 524
43 534
43 535
43 536
43 541
43 542
43 554
43 559
43 565
43 574
43 580
43 586
43 588
43 591
43 595
43 596
43 597
43 604
43 609
43 611
43 614
43 615
43 618
43 620
43 621
43 622
43 623
43 625
43 628
43 633
43 636
43 637
43 639
43 642
43 643
43 649
43 657
43 660
43 670
43 679
43 680
43 685
43 694
43 698
43 701
43 702
43 703
43 705
43 706
43 712
43 717
43 720
43 721
43 723
43 730
43 737
43 740
43 745
43 747
43 748
43 749
43 751
43 752
43 757
43 758
43 759
43 761
43 767
43 769
43 787
43 789
43 790
43 792
43 793
43 794
43 805
43 820
43 821
43 823
43 832
43 833
43 834
43 835
43 836
43 838
43 840
43 842
43 847
43 854
43 870
43 873
43 876
43 878
43 880
43 881
43 886
43 894
43 899
43 900
43 901
43 906
43 907
43 912
43 917
43 919
43 921
43 922
43 924
43 925
43 931
43 935
43 941
43 942
43 948
43 950
43 951
43 953
43 960
43 962
43 966
43 969
43 972
43 974
43 980
43 982
43 983
43 988
43 991
43 993
44 509
44 510
44 511
44 513
44 516
44 522
44 524
44 529
44 532
44 533
44 534
44 543
44 545
44 548
44 552
44 553
44 557
44 559
44 562
44 564
44 565
44 566
44 569
44 571
44 574
44 578
44 581
44 582
44 586
44 589
44 593
44 596
44 599
44 601
44 602
44 603
44 604
44 605
44 606
44 607
44 611
44 612
44 615
44 619
44 621
44 624
44 625
44 626
44 638
44 639
44 645
44 646
44 651
44 653
44 654
44 656
44 663
44 664
44 666
44 668
44 669
44 671
44 674
44 676
44 678
44 680
44 684
44 686
44 692
44 697
44 701
44 702
44 705
44 710
44 711
44 712
44 713
44 714
44 719
44 720
44 724
44 727
44 731
44 739
44 740
44 742
44 754
44 756
44 759
44 764
44 765
44 767
44 768
44 769
44 770
44 776
44 777
44 787
44 792
44 798
44 799
44 801
44 809
44 810
44 815
44 830
44 835
44 836
44 846
44 856
44 857
44 858
44 860
44 864
44 868
44 869
44 871
44 873
44 875
44 876
44 885
44 888
44 889
44 897
44 898
44 902
44 904
44 907
44 911
44 913
44 914
44 915
44 918
44 923
44 925
44 926
44 935
44 938
44 939
44 941
44 947
44 948
44 949
44 951
44 953
44 955
44 965
44 966
44 971
44 973
44 976
44 977
44 980
44 1000
45 503
45 509
45 510
45 511
45 513
45 516
45 518
45 519
45 524
45 527
45 531
45 540
45 542
45 543
45 547
45 548
45 550
45 551
45 556
45 557
45 565
45 567
45 574
45 576
45 578
45 580
45 581
45 586
45 587
45 601
45 603
45 609
45 612
45 613
45 615
45 617
45 618
45 620
45 621
45 632
45 639
45 641
45 643
45 644
45 645
45 647
45 648
45 650
45 660
45 661
45 663
45 670
45 671
45 678
45 679
45 680
45 684
45 685
45 686
45 692
45 694
45 698
45 699
45 700
45 701
45 702
45 704
45 708
45 711
45 718
45 719
45 723
45 727
45 728
45 732
45 734
45 741
45 742
45 743
45 745
45 747
45 750
45 751
45 755
45 758
45 759
45 760
45 764
45 765
45 766
45 771
45 778
45 787
45 794
45 796
45 799
45 802
45 805
45 806
45 807
45 808
45 813
45 815
45 816
45 818
45 819
45 823
45 825
45 826
45 835
45 836
45 845
45 849
45 850
45 853
45 858
45 859
45 863
45 865
45 867
45 872
45 874
45 880
45 883
45 886
45 892
45 894
45 902
45 905
45 908
45 915
45 918
45 919
45 920
45 925
45 927
45 936
45 937
45 941
45 943
45 944
45 948
45 957
45 964
45 968
45 969
45 974
45 975
45 979
45 983
45 984
45 986
45 989
45 994
45 1000
46 502
46 503
46 504
46 506
46 511
46 512
46 517
46 526
46 527
46 533
46 541
46 543
46 544
46 549
46 553
46 562
46 566
46 576
46 581
46 583
46 585
46 594
46 600
46 602
46 613
46 614
46 615
46 618
46 621
46 624
46 625
46 627
46 630
46 633
46 638
46 639
46 648
46 653
46 655
46 656
46 658
46 660
46 668
46 670
46 673
46 674
46 681
46 684
46 689
46 694
46 697
46 698
46 702
46 707
46 713
46 716
46 722
46 725
46 726
46 729
46 732
46 738
46 741
46 744
46 746
46 751
46 754
46 756
46 758
46 764
46 765
46 767
46 770
46 772
46 773
46 774
46 776
46 778
46 782
46 784
46 787
46 791
46 792
46 797
46 800
46 802
46 803
46 806
46 807
46 808
46 810
46 826
46 830
46 832
46 843
46 844
46 847
46 848
46 849
46 850
46 851
46 853
46 854
46 855
46 856
46 859
46 860
46 861
46 862
46 864
46 868
46 869
46 871
46 873
46 891
46 893
46 894
46 900
46 901
46 903
46 907
46 908
46 909
46 912
46 913
46 914
46 928
46 932
46 934
46 939
46 943
46 946
46 953
46 960
46 966
46 968
46 972
46 974
46 985
46 987
46 988
46 993
46 995
46 996
46 997
46 1000
47 502
47 505
47 517
47 518
47 519
47 523
47 524
47 527
47 529
47 532
47 533
47 535
47 536
47 538
47 539
47 548
47 549
47 554
47 556
47 557
47 559
47 566
47 573
47 574
47 577
47 585
47 590
47 593
47 594
47 597
47 611
47 613
47 618
47 620
47 626
47 627
47 629
47 638
47 644
47 648
47 656
47 659
47 667
47 671
47 673
47 674
47 677
47 683
47 687
47 689
47 694
47 698
47 702
47 703
47 708
47 709
47 711
47 712
47 714
47 715
47 716
47 718
47 722
47 727
47 733
47 736
47 737
47 739
47 740
47 742
47 745
47 746
47 753
47 765
47 768
47 774
47 779
47 786
47 791
47 793
47 797
47 798
47 799
47 800
47 803
47 804
47 807
47 819
47 820
47 823
47 824
47 827
47 828
47 830
47 833
47 838
47 848
47 850
47 853
47 859
47 860
47 864
47 865
47 870
47 875
47 876
47 885
47 887
47 892
47 897
47 900
47 917
47 919
47 920
47 921
47 925
47 927
47 931
47 933
47 938
47 941
47 942
47 945
47 946
47 947
47 948
47 952
47 954
47 956
47 957
47 958
47 959
47 963
47 969
47 973
47 979
47 983
47 984
47 988
47 990
47 991
47 995
48 503
48 507
48 509
48 510
48 514
48 515
48 518
48 519
48 529
48 535
48 546
48 551
48 552
48 554
48 555
48 556
48 557
48 560
48 568
48 569
48 573
48 574
48 575
48 577
48 581
48 587
48 588
48 589
48 592
48 595
48 600
48 601
48 602
48 603
48 604
48 617
48 618
48 620
48 621
48 625
48 626
48 627
48 629
48 630
48 631
48 637
48 645
48 651
48 654
48 659
48 661
48 674
48 681
48 690
48 698
48 700
48 701
48 708
48 709
48 712
48 717
48 722
48 723
48 725
48 726
48 737
48 743
48 747
48 749
48 751
48 758
48 760
48 773
48 775
48 779
48 782
48 783
48 784
48 789
48 790
48 795
48 797
48 803
48 806
48 807
48 814
48 815
48 818
48 820
48 824
48 827
48 830
48 832
48 833
48 838
48 843
48 846
48 847
48 853
48 858
48 863
48 868
48 869
48 873
48 874
48 879
48 886
48 888
48 892
48 894
48 899
48 900
48 901
48 902
48 912
48 913
48 917
48 920
48 922
48 931
48 932
48 935
48 943
48 944
48 946
48 950
48 951
48 953
48 955
48 957
48 964
48 965
48 968
48 969
48 972
48 975
48 981
48 984
48 985
48 988
48 990
48 998
49 502
49 506
49 507
49 518
49 523
49 527
49 529
49 532
49 533
49 535
49 537
49 539
49 546
49 548
49 554
49 556
49 557
49 561
49 564
49 584
49 586
49 592
49 601
49 607
49 611
49 612
49 614
49 615
49 616
49 620
49 629
49 640
49 645
49 651
49 656
49 661
49 667
49 673
49 674
49 677
49 681
49 682
49 683
49 686
49 687
49 690
49 691
49 692
49 693
49 695
49 697
49 701
49 702
49 704
49 713
49 721
49 722
49 730
49 733
49 734
49 739
49 740
49 745
49 757
49 763
49 769
49 770
49 775
49 777
49 778
49 779
49 780
49 784
49 785
49 788
49 793
49 794
49 802
49 804
49 806
49 808
49 810
49 824
49 828
49 835
49 837
49 838
49 839
49 840
49 841
49 847
49 848
49 852
49 858
49 859
49 862
49 866
49 872
49 873
49 875
49 879
49 880
49 882
49 886
49 890
49 893
49 898
49 899
49 900
49 904
49 905
49 915
49 917
49 920
49 921
49 928
49 931
49 934
49 940
49 941
49 948
49 954
49 959
49 962
49 967
49 969
49 970
49 971
49 972
49 973
49 979
49 981
49 983
49 991
49 994
50 501
50 511
50 512
50 517
50 520
50 531
50 536
50 537
50 539
50 541
50 544
50 545
50 549
50 558
50 563
50 567
50 571
50 574
50 582
50 585
50 586
50 587
50 589
50 593
50 594
50 601
50 603
50 606
50 607
50 609
50 612
50 615
50 619
50 622
50 625
50 626
50 633
50 635
50 639
50 640
50 642
50 651
50 659
50 661
50 664
50 665
50 668
50 669
50 670
50 675
50 679
50 680
50 681
50 686
50 691
50 692
50 693
50 695
50 698
50 703
50 705
50 707
50 708
50 709
50 711
50 714
50 719
50 720
50 722
50 723
50 726
50 729
50 732
50 736
50 739
50 740
50 746
50 748
50 752
50 756
50 759
50 761
50 767
50 773
50 775
50 777
50 781
50 782
50 783
50 788
50 790
50 794
50 808
50 809
50 810
50 812
50 816
50 825
50 836
50 837
50 842
50 846
50 849
50 852
50 855
50 861
50 867
50 871
50 877
50 884
50 885
50 888
50 889
50 897
50 898
50 903
50 911
50 914
50 916
50 921
50 923
50 924
50 925
50 927
50 928
50 929
50 930
50 932
50 933
50 936
50 937
50 941
50 953
50 956
50 958
50 959
50 968
50 975
50 981
50 984
50 988
50 993
50 997
50 999
51 503
51 506
51 508
51 511
51 512
51 518
51 519
51 529
51 535
51 537
51 538
51 539
51 544
51 548
51 560
51 572
51 575
51 576
51 577
51 578
51 582
51 585
51 586
51 588
51 589
51 594
51 600
51 602
51 606
51 608
51 618
51 625
51 626
51 630
51 632
51 633
51 639
51 640
51 643
51 653
51 655
51 658
51 660
51 663
51 667
51 668
51 669
51 671
51 674
51 683
51 684
51 686
51 687
51 690
51 691
51 694
51 695
51 697
51 698
51 702
51 703
51 704
51 708
51 714
51 716
51 718
51 719
51 721
51 725
51 727
51 735
51 737
51 738
51 741
51 746
51 754
51 755
51 757
51 764
51 765
51 767
51 773
51 774
51 777
51 781
51 782
51 785
51 790
51 791
51 797
51 802
51 807
51 808
51 809
51 810
51 814
51 815
51 816
51 817
51 818
51 819
51 825
51 828
51 831
51 832
51 833
51 834
51 836
51 837
51 840
51 841
51 842
51 843
51 846
51 853
51 855
51 858
51 859
51 860
51 864
51 865
51 867
51 871
51 880
51 885
51 886
51 891
51 896
51 897
51 903
51 906
51 907
51 910
51 911
51 914
51 918
51 920
51 923
51 924
51 925
51 927
51 932
51 933
51 934
51 935
51 937
51 941
51 946
51 952
51 956
51 957
51 968
51 973
51 977
51 978
51 983
51 985
51 986
51 987
51 989
51 990
51 994
51 996
52 503
52 508
52 511
52 518
52 519
52 520
52 529
52 530
52 531
52 532
52 534
52 535
52 538
52 539
52 541
52 547
52 552
52 565
52 568
52 575
52 576
52 578
52 579
52 581
52 582
52 588
52 589
52 591
52 594
52 597
52 604
52 607
52 610
52 611
52 613
52 616
52 617
52 620
52 621
52 627
52 628
52 638
52 651
52 652
52 655
52 656
52 660
52 661
52 663
52 664
52 667
52 673
52 676
52 678
52 684
52 689
52 691
52 692
52 693
52 697
52 698
52 699
52 700
52 701
52 714
52 717
52 718
52 720
52 721
52 723
52 729
52 730
52 735
52 736
52 737
52 739
52 740
52 741
52 748
52 751
52 755
52 759
52 766
52 768
52 771
52 778
52 794
52 795
52 796
52 797
52 798
52 803
52 805
52 808
52 814
52 818
52 819
52 823
52 829
52 834
52 837
52 840
52 841
52 844
52 846
52 863
52 866
52 869
52 870
52 871
52 875
52 886
52 892
52 899
52 902
52 906
52 907
52 911
52 914
52 915
52 916
52 917
52 919
52 920
52 922
52 929
52 932
52 933
52 934
52 935
52 942
52 944
52 953
52 955
52 956
52 961
52 963
52 969
52 974
52 976
52 977
52 980
52 982
52 993
52 994
52 995
52 996
52 999
53 507
53 509
53 513
53 519
53 521
53 522
53 528
53 530
53 531
53 535
53 537
53 542
53 545
53 548
53 555
53 557
53 561
53 566
53 571
53 581
53 584
53 587
53 588
53 589
53 590
53 597
53 599
53 604
53 606
53 609
53 610
53 611
53 617
53 619
53 622
53 626
53 627
53 628
53 630
53 632
53 633
53 636
53 638
53 643
53 647
53 648
53 649
53 652
53 653
53 656
53 663
53 665
53 674
53 675
53 681
53 686
53 688
53 689
53 693
53 696
53 701
53 706
53 707
53 708
53 709
53 715
53 718
53 727
53 734
53 740
53 748
53 758
53 760
53 763
53 765
53 766
53 771
53 774
53 779
53 781
53 783
53 785
53 786
53 787
53 791
53 792
53 793
53 797
53 799
53 800
53 802
53 803
53 806
53 811
53 813
53 817
53 818
53 819
53 821
53 825
53 828
53 829
53 832
53 846
53 848
53 851
53 852
53 856
53 858
53 869
53 872
53 873
53 876
53 879
53 881
53 883
53 887
53 894
53 899
53 902
53 905
53 913
53 915
53 918
53 920
53 921
53 923
53 925
53 929
53 930
53 931
53 936
53 941
53 942
53 943
53 952
53 959
53 960
53 961
53 963
53 976
53 978
53 981
53 983
53 984
53 987
53 989
53 991
53 996
53 997
53 998
54 503
54 509
54 510
54 516
54 521
54 522
54 526
54 530
54 531
54 532
54 544
54 549
54 550
54 551
54 552
54 555
54 556
54 562
54 565
54 566
54 567
54 573
54 574
54 581
54 584
54 586
54 591
54 594
54 595
54 600
54 608
54 616
54 617
54 618
54 621
54 622
54 623
54 624
54 625
54 629
54 630
54 633
54 637
54 639
54 645
54 646
54 649
54 651
54 652
54 654
54 662
54 666
54 669
54 672
54 674
54 676
54 679
54 688
54 689
54 693
54 694
54 697
54 698
54 699
54 703
54 705
54 708
54 709
54 710
54 711
54 713
54 717
54 718
54 721
54 722
54 723
54 725
54 729
54 737
54 739
54 746
54 748
54 762
54 763
54 766
54 769
54 771
54 774
54 782
54 785
54 791
54 792
54 802
54 804
54 805
54 812
54 816
54 819
54 825
54 828
54 830
54 838
54 846
54 849
54 850
54 856
54 857
54 862
54 867
54 868
54 869
54 875
54 878
54 882
54 885
54 886
54 887
54 888
54 890
54 893
54 894
54 896
54 898
54 900
54 902
54 906
54 908
54 909
54 910
54 915
54 916
54 917
54 922
54 928
54 929
54 930
54 935
54 936
54 937
54 939
54 941
54 943
54 944
54 949
54 954
54 956
54 961
54 962
54 968
54 969
54 970
54 972
54 978
54 980
54 985
54 986
54 987
54 992
54 999
55 508
55 509
55 510
55 515
55 517
55 523
55 526
55 528
55 531
55 533
55 535
55 536
55 537
55 541
55 542
55 544
55 548
55 551
55 554
55 556
55 561
55 568
55 574
55 575
55 580
55 583
55 595
55 596
55 600
55 602
55 603
55 604
55 609
55 615
55 616
55 622
55 623
55 625
55 626
55 627
55 638
55 641
55 646
55 650
55 651
55 652
55 655
55 657
55 658
55 667
55 672
55 677
55 681
55 684
55 688
55 691
55 693
55 696
55 697
55 702
55 703
55 706
55 710
55 711
55 712
55 713
55 714
55 715
55 717
55 720
55 726
55 729
55 733
55 740
55 742
55 744
55 749
55 752
55 764
55 774
55 777
55 785
55 788
55 789
55 790
55 791
55 796
55 801
55 803
55 805
55 809
55 814
55 815
55 818
55 819
55 822
55 823
55 829
55 831
55 832
55 836
55 837
55 838
55 839
55 846
55 850
55 851
55 852
55 854
55 856
55 857
55 858
55 864
55 867
55 868
55 872
55 873
55 877
55 881
55 882
55 892
55 895
55 896
55 902
55 906
55 908
55 919
55 926
55 932
55 933
55 935
55 938
55 946
55 950
55 956
55 957
55 965
55 971
55 975
55 977
55 978
55 981
55 985
55 987
55 988
55 990
55 992
55 993
55 995
55 996
56 504
56 505
56 507
56 508
56 515
56 527
56 528
56 530
56 534
56 535
56 536
56 537
56 538
56 540
56 543
56 544
56 548
56 550
56 551
56 552
56 555
56 562
56 563
56 574
56 579
56 586
56 587
56 589
56 594
56 597
56 602
56 603
56 604
56 605
56 606
56 611
56 612
56 614
56 615
56 622
56 626
56 628
56 630
56 632
56 633
56 636
56 638
56 640
56 641
56 642
56 644
56 645
56 653
56 664
56 665
56 666
56 669
56 671
56 676
56 677
56 682
56 687
56 688
56 692
56 693
56 694
56 697
56 699
56 702
56 704
56 705
56 706
56 710
56 711
56 715
56 716
56 720
56 733
56 738
56 739
56 742
56 747
56 748
56 750
56 751
56 757
56 760
56 761
56 762
56 763
56 765
56 766
56 770
56 771
56 772
56 777
56 788
56 798
56 801
56 808
56 809
56 814
56 819
56 824
56 825
56 826
56 831
56 833
56 834
56 842
56 843
56 845
56 856
56 859
56 860
56 861
56 866
56 874
56 876
56 877
56 879
56 880
56 883
56 885
56 890
56 891
56 893
56 896
56 898
56 899
56 901
56 902
56 903
56 906
56 912
56 913
56 915
56 920
56 921
56 923
56 924
56 932
56 936
56 943
56 944
56 946
56 948
56 949
56 953
56 957
56 959
56 963
56 964
56 965
56 969
56 970
56 971
56 974
56 975
56 976
56 979
56 981
56 982
56 985
56 986
56 997
56 998
57 502
57 503
57 504
57 510
57 511
57 514
57 518
57 521
57 525
57 526
57 530
57 532
57 533
57 535
57 537
57 539
57 541
57 548
57 556
57 559
57 566
57 567
57 578
57 586
57 587
57 588
57 589
57 592
57 595
57 600
57 603
57 605
57 606
57 607
57 610
57 613
57 614
57 618
57 619
57 622
57 630
57 632
57 633
57 634
57 637
57 638
57 640
57 643
57 644
57 646
57 650
57 660
57 664
57 665
57 667
57 676
57 686
57 697
57 699
57 700
57 704
57 707
57 713
57 714
57 720
57 722
57 723
57 724
57 727
57 729
57 731
57 735
57 740
57 741
57 743
57 748
57 752
57 754
57 757
57 760
57 763
57 769
57 770
57 775
57 777
57 789
57 790
57 791
57 792
57 794
57 795
57 796
57 800
57 802
57 807
57 808
57 810
57 814
57 815
57 819
57 826
57 829
57 832
57 835
57 836
57 837
57 839
57 842
57 844
57 852
57 855
57 864
57 867
57 869
57 870
57 871
57 872
57 874
57 881
57 885
57 888
57 890
57 891
57 894
57 898
57 899
57 903
57 905
57 907
57 917
57 919
57 921
57 929
57 941
57 944
57 945
57 948
57 951
57 952
57 957
57 958
57 961
57 962
57 969
57 970
57 971
57 972
57 974
57 976
57 977
57 986
57 991
57 996
57 1000
58 501
58 511
58 515
58 531
58 532
58 539
58 540
58 552
58 563
58 564
58 569
58 570
58 572
58 576
58 581
58 585
58 586
58 593
58 595
58 598
58 599
58 602
58 603
58 604
58 605
58 606
58 609
58 610
58 614
58 615
58 618
58 621
58 626
58 627
58 629
58 630
58 634
58 641
58 645
58 646
58 648
58 650
58 656
58 659
58 660
58 663
58 671
58 676
58 681
58 683
58 684
58 687
58 688
58 690
58 695
58 704
58 706
58 708
58 711
58 717
58 720
58 724
58 726
58 730
58 732
58 733
58 740
58 741
58 742
58 750
58 753
58 758
58 762
58 771
58 780
58 781
58 782
58 784
58 787
58 791
58 794
58 795
58 796
58 804
58 817
58 821
58 825
58 826
58 827
58 829
58 838
58 840
58 843
58 846
58 847
58 850
58 858
58 860
58 868
58 872
58 878
58 881
58 882
58 895
58 898
58 899
58 902
58 903
58 905
58 906
58 914
58 920
58 923
58 928
58 929
58 940
58 944
58 954
58 959
58 960
58 963
58 964
58 969
58 971
58 972
58 976
58 980
58 984
58 985
58 987
58 992
58 993
59 501
59 502
59 503
59 508
59 510
59 516
59 518
59 520
59 522
59 525
59 527
59 529
59 531
59 544
59 553
59 554
59 561
59 568
59 570
59 572
59 574
59 579
59 580
59 585
59 586
59 591
59 597
59 604
59 608
59 617
59 621
59 624
59 626
59 633
59 636
59 637
59 639
59 642
59 645
59 646
59 649
59 650
59 655
59 658
59 659
59 661
59 663
59 665
59 668
59 669
59 676
59 678
59 679
59 683
59 688
59 693
59 694
59 696
59 698
59 706
59 710
59 712
59 713
59 719
59 721
59 725
59 726
59 729
59 730
59 731
59 736
59 738
59 740
59 742
59 743
59 745
59 746
59 748
59 755
59 757
59 767
59 770
59 772
59 782
59 785
59 786
59 787
59 788
59 789
59 790
59 796
59 798
59 800
59 805
59 806
59 809
59 810
59 821
59 829
59 830
59 833
59 838
59 840
59 846
59 856
59 860
59 865
59 867
59 876
59 879
59 882
59 884
59 894
59 897
59 899
59 902
59 903
59 911
59 912
59 914
59 916
59 917
59 919
59 920
59 923
59 925
59 926
59 927
59 928
59 933
59 935
59 943
59 945
59 947
59 951
59 953
59 954
59 955
59 956
59 957
59 961
59 965
59 971
59 972
59 974
59 975
59 977
59 979
59 981
59 983
59 985
59 988
59 995
60 504
60 507
60 508
60 516
60 517
60 522
60 525
60 529
60 532
60 535
60 544
60 545
60 551
60 559
60 560
60 566
60 571
60 573
60 577
60 582
60 583
60 587
60 597
60 598
60 605
60 606
60 614
60 616
60 617
60 618
60 621
60 624
60 628
60 629
60 631
60 639
60 645
60 646
60 649
60 651
60 653
60 655
60 656
60 657
60 666
60 668
60 670
60 674
60 675
60 676
60 678
60 682
60 688
60 691
60 693
60 694
60 696
60 700
60 701
60 702
60 704
60 705
60 706
60 713
60 717
60 718
60 724
60 726
60 729
60 730
60 731
60 739
60 740
60 741
60 744
60 746
60 747
60 752
60 756
60 758
60 760
60 763
60 771
60 775
60 778
60 783
60 787
60 796
60 797
60 799
60 800
60 801
60 803
60 805
60 808
60 810
60 817
60 819
60 820
60 822
60 823
60 825
60 829
60 831
60 832
60 833
60 834
60 836
60 837
60 841
60 842
60 852
60 859
60 863
60 868
60 869
60 870
60 871
60 873
60 874
60 875
60 885
60 887
60 889
60 891
60 892
60 896
60 904
60 910
60 922
60 924
60 925
60 926
60 927
60 933
60 935
60 937
60 939
60 942
60 948
60 952
60 961
60 966
60 968
60 971
60 973
60 980
60 983
60 987
60 988
60 992
60 995
60 998
61 501
61 503
61 508
61 510
61 512
61 518
61 521
61 523
61 530
61 538
61 541
61 545
61 547
61 548
61 551
61 553
61 558
61 560
61 564
61 569
61 576
61 577
61 578
61 581
61 593
61 606
61 608
61 610
61 614
61 617
61 619
61 620
61 623
61 626
61 628
61 630
61 634
61 635
61 638
61 640
61 641
61 646
61 647
61 649
61 652
61 655
61 662
61 666
61 669
61 673
61 676
61 683
61 692
61 693
61 701
61 708
61 711
61 714
61 717
61 721
61 722
61 723
61 726
61 728
61 729
61 736
61 737
61 740
61 744
61 745
61 748
61 753
61 754
61 755
61 756
61 765
61 766
61 770
61 776
61 780
61 783
61 784
61 788
61 790
61 793
61 794
61 800
61 803
61 805
61 809
61 812
61 817
61 821
61 823
61 828
61 829
61 835
61 836
61 847
61 861
61 865
61 866
61 868
61 870
61 875
61 880
61 883
61 886
61 891
61 893
61 894
61 896
61 898
61 902
61 905
61 906
61 907
61 918
61 919
61 921
61 926
61 934
61 935
61 944
61 950
61 952
61 953
61 957
61 960
61 969
61 970
61 982
61 984
61 986
61 987
61 991
61 995
61 996
61 1000
62 501
62 504
62 506
62 509
62 513
62 515
62 519
62 520
62 524
62 527
62 537
62 544
62 548
62 549
62 552
62 557
62 560
62 568
62 573
62 582
62 584
62 586
62 589
62 599
62 610
62 611
62 614
62 615
62 616
62 617
62 619
62 627
62 629
62 633
62 642
62 646
62 653
62 658
62 661
62 665
62 667
62 668
62 670
62 674
62 675
62 677
62 679
62 682
62 684
62 687
62 688
62 699
62 700
62 710
62 711
62 718
62 727
62 731
62 732
62 733
62 735
62 738
62 739
62 742
62 745
62 747
62 755
62 756
62 764
62 765
62 767
62 769
62 778
62 780
62 795
62 796
62 799
62 805
62 809
62 811
62 813
62 814
62 816
62 817
62 818
62 820
62 833
62 838
62 839
62 842
62 848
62 852
62 853
62 859
62 866
62 867
62 870
62 871
62 877
62 882
62 884
62 887
62 888
62 892
62 895
62 896
62 900
62 905
62 910
62 914
62 917
62 918
62 923
62 924
62 925
62 926
62 928
62 931
62 935
62 937
62 938
62 941
62 943
62 946
62 949
62 950
62 952
62 954
62 959
62 964
62 968
62 969
62 971
62 975
62 978
62 982
62 989
62 993
63 501
63 503
63 504
63 505
63 510
63 513
63 516
63 520
63 525
63 526
63 528
63 529
63 531
63 536
63 539
63 540
63 541
63 543
63 545
63 546
63 549
63 550
63 552
63 559
63 560
63 561
63 562
63 563
63 569
63 575
63 581
63 589
63 593
63 594
63 597
63 599
63 603
63 604
63 606
63 607
63 608
63 611
63 619
63 622
63 634
63 635
63 639
63 645
63 646
63 649
63 652
63 653
63 655
63 657
63 659
63 663
63 668
63 671
63 673
63 674
63 678
63 679
63 680
63 682
63 684
63 687
63 688
63 696
63 704
63 706
63 710
63 711
63 714
63 716
63 718
63 719
63 721
63 723
63 728
63 730
63 745
63 746
63 754
63 755
63 762
63 768
63 771
63 778
63 781
63 783
63 789
63 793
63 797
63 803
63 805
63 807
63 808
63 810
63 812
63 813
63 815
63 816
63 817
63 818
63 822
63 823
63 824
63 825
63 828
63 831
63 833
63 834
63 839
63 842
63 845
63 846
63 847
63 851
63 854
63 855
63 856
63 860
63 862
63 865
63 871
63 876
63 880
63 884
63 886
63 888
63 889
63 892
63 894
63 899
63 904
63 905
63 908
63 911
63 917
63 918
63 925
63 928
63 943
63 950
63 952
63 953
63 957
63 959
63 960
63 962
63 964
63 966
63 969
63 970
63 972
63 977
63 987
63 998
64 501
64 506
64 507
64 510
64 511
64 514
64 518
64 523
64 524
64 529
64 531
64 535
64 536
64 537
64 538
64 539
64 541
64 542
64 551
64 559
64 560
64 561
64 563
64 571
64 574
64 578
64 584
64 600
64 608
64 609
64 617
64 619
64 620
64 626
64 627
64 628
64 634
64 635
64 636
64 638
64 644
64 651
64 652
64 654
64 659
64 662
64 668
64 675
64 677
64 678
64 680
64 682
64 684
64 685
64 686
64 688
64 689
64 690
64 695
64 696
64 699
64 703
64 713
64 714
64 715
64 717
64 721
64 722
64 723
64 741
64 742
64 744
64 750
64 751
64 755
64 757
64 759
64 761
64 764
64 765
64 770
64 771
64 776
64 777
64 784
64 789
64 794
64 796
64 810
64 815
64 819
64 820
64 821
64 827
64 828
64 835
64 839
64 844
64 846
64 848
64 858
64 862
64 863
64 864
64 867
64 868
64 869
64 875
64 887
64 889
64 893
64 894
64 896
64 897
64 899
64 900
64 906
64 914
64 919
64 924
64 928
64 932
64 936
64 940
64 945
64 946
64 948
64 954
64 957
64 962
64 963
64 966
64 967
64 968
64 974
64 975
64 984
64 987
64 992
64 993
64 998
64 999
65 504
65 505
65 506
65 523
65 527
65 528
65 531
65 534
65 538
65 541
65 550
65 556
65 559
65 562
65 563
65 564
65 577
65 582
65 584
65 585
65 586
65 594
65 596
65 604
65 607
65 613
65 614
65 617
65 621
65 627
65 628
65 630
65 633
65 637
65 640
65 641
65 643
65 645
65 651
65 654
65 658
65 660
65 663
65 673
65 675
65 683
65 686
65 697
65 700
65 701
65 705
65 707
65 708
65 712
65 716
65 720
65 728
65 729
65 732
65 736
65 741
65 747
65 748
65 749
65 753
65 757
65 761
65 762
65 769
65 774
65 776
65 777
65 784
65 786
65 790
65 792
65 798
65 799
65 800
65 804
65 807
65 809
65 810
65 813
65 815
65 817
65 818
65 823
65 827
65 829
65 831
65 841
65 842
65 843
65 844
65 845
65 846
65 849
65 850
65 851
65 856
65 861
65 863
65 864
65 866
65 871
65 873
65 876
65 883
65 885
65 887
65 892
65 894
65 895
65 897
65 900
65 902
65 908
65 911
65 912
65 913
65 915
65 919
65 924
65 925
65 931
65 932
65 933
65 935
65 944
65 947
65 951
65 957
65 958
65 967
65 972
65 974
65 975
65 976
65 979
65 987
65 994
65 997
65 999
66 505
66 506
66 513
66 515
66 516
66 522
66 537
66 539
66 542
66 548
66 552
66 563
66 568
66 569
66 575
66 576
66 580
66 581
66 583
66 584
66 590
66 592
66 595
66 599
66 601
66 605
66 608
66 618
66 619
66 621
66 623
66 626
66 628
66 632
66 634
66 636
66 637
66 638
66 639
66 640
66 643
66 647
66 648
66 654
66 656
66 659
66 661
66 663
66 665
66 666
66 667
66 669
66 675
66 677
66 684
66 688
66 689
66 691
66 696
66 698
66 700
66 711
66 718
66 722
66 723
66 724
66 726
66 730
66 731
66 738
66 740
66 741
66 750
66 753
66 761
66 762
66 765
66 766
66 768
66 771
66 774
66 776
66 777
66 780
66 783
66 785
66 789
66 790
66 793
66 798
66 800
66 806
66 808
66 810
66 811
66 813
66 814
66 815
66 818
66 819
66 820
66 821
66 824
66 827
66 828
66 830
66 834
66 835
66 843
66 849
66 853
66 858
66 859
66 866
66 868
66 870
66 875
66 885
66 891
66 895
66 898
66 900
66 901
66 904
66 905
66 908
66 911
66 913
66 916
66 924
66 931
66 933
66 935
66 936
66 938
66 941
66 943
66 945
66 953
66 966
66 969
66 971
66 977
66 979
66 980
66 982
66 986
66 987
66 989
66 993
66 995
67 501
67 506
67 508
67 511
67 516
67 517
67 519
67 521
67 522
67 523
67 524
67 526
67 527
67 529
67 532
67 534
67 535
67 536
67 539
67 541
67 544
67 547
67 548
67 550
67 557
67 558
67 564
67 569
67 570
67 572
67 576
67 577
67 580
67 581
67 587
67 594
67 595
67 596
67 597
67 598
67 605
67 607
67 608
67 609
67 618
67 624
67 626
67 631
67 636
67 639
67 642
67 645
67 647
67 650
67 651
67 655
67 661
67 670
67 675
67 682
67 685
67 691
67 692
67 693
67 695
67 699
67 702
67 703
67 705
67 709
67 711
67 712
67 713
67 718
67 723
67 724
67 727
67 730
67 736
67 737
67 738
67 739
67 741
67 743
67 745
67 752
67 755
67 763
67 764
67 768
67 769
67 770
67 771
67 786
67 789
67 791
67 797
67 798
67 799
67 804
67 805
67 807
67 808
67 812
67 815
67 816
67 817
67 821
67 822
67 823
67 827
67 831
67 835
67 837
67 844
67 848
67 853
67 859
67 861
67 862
67 865
67 867
67 873
67 874
67 878
67 880
67 885
67 887
67 889
67 892
67 894
67 896
67 906
67 914
67 919
67 923
67 924
67 925
67 929
67 930
67 936
67 937
67 945
67 947
67 949
67 950
67 951
67 954
67 955
67 958
67 959
67 961
67 962
67 964
67 967
67 968
67 969
67 970
67 971
67 973
67 979
67 981
67 983
67 985
67 986
67 988
67 993
67 996
67 997
67 1000
68 502
68 504
68 505
68 508
68 509
68 514
68 515
68 517
68 519
68 523
68 525
68 528
68 530
68 536
68 543
68 547
68 548
68 553
68 555
68 556
68 559
68 560
68 561
68 563
68 567
68 568
68 570
68 574
68 575
68 578
68 579
68 582
68 593
68 594
68 613
68 619
68 622
68 623
68 624
68 628
68 629
68 632
68 635
68 636
68 640
68 642
68 644
68 648
68 649
68 650
68 655
68 656
68 658
68 664
68 666
68 674
68 675
68 679
68 681
68 690
68 693
68 696
68 698
68 701
68 716
68 719
68 728
68 732
68 733
68 739
68 740
68 741
68 748
68 756
68 757
68 760
68 761
68 767
68 770
68 775
68 778
68 780
68 790
68 803
68 807
68 809
68 811
68 813
68 824
68 826
68 827
68 838
68 840
68 841
68 842
68 843
68 845
68 846
68 850
68 856
68 861
68 863
68 865
68 870
68 873
68 876
68 883
68 889
68 891
68 897
68 898
68 903
68 907
68 911
68 912
68 923
68 926
68 929
68 931
68 934
68 936
68 940
68 941
68 946
68 950
68 954
68 957
68 958
68 959
68 962
68 964
68 967
68 975
68 979
68 982
68 983
68 984
68 985
68 986
68 988
68 989
68 994
69 502
69 503
69 506
69 507
69 511
69 512
69 513
69 518
69 526
69 530
69 532
69 533
69 537
69 539
69 541
69 544
69 546
69 554
69 565
69 567
69 571
69 574
69 575
69 576
69 581
69 582
69 589
69 590
69 594
69 596
69 598
69 599
69 603
69 606
69 608
69 609
69 618
69 622
69 623
69 632
69 649
69 652
69 657
69 658
69 664
69 665
69 674
69 679
69 681
69 682
69 688
69 694
69 695
69 698
69 704
69 707
69 712
69 717
69 732
69 734
69 736
69 739
69 740
69 741
69 742
69 744
69 746
69 747
69 749
69 751
69 752
69 756
69 759
69 763
69 766
69 767
69 769
69 770
69 771
69 777
69 778
69 781
69 782
69 789
69 791
69 793
69 796
69 797
69 802
69 803
69 804
69 806
69 808
69 813
69 815
69 817
69 819
69 821
69 822
69 823
69 832
69 836
69 843
69 844
69 848
69 851
69 852
69 854
69 855
69 858
69 860
69 864
69 866
69 867
69 873
69 875
69 876
69 881
69 882
69 883
69 887
69 891
69 896
69 898
69 899
69 903
69 905
69 906
69 907
69 913
69 917
69 921
69 922
69 923
69 924
69 926
69 927
69 932
69 947
69 949
69 951
69 952
69 955
69 957
69 959
69 960
69 964
69 967
69 973
69 980
69 981
69 982
69 983
69 987
69 988
69 995
69 997
69 998
70 506
70 513
70 514
70 521
70 523
70 524
70 526
70 530
70 531
70 537
70 538
70 539
70 540
70 542
70 551
70 553
70 554
70 556
70 557
70 558
70 560
70 562
70 572
70 579
70 580
70 585
70 586
70 593
70 598
70 600
70 606
70 607
70 612
70 615
70 620
70 630
70 635
70 637
70 640
70 650
70 657
70 666
70 669
70 670
70 671
70 673
70 681
70 685
70 687
70 689
70 691
70 693
70 694
70 695
70 701
70 702
70 709
70 714
70 717
70 718
70 719
70 720
70 723
70 726
70 732
70 735
70 736
70 741
70 746
70 748
70 752
70 753
70 754
70 757
70 761
70 766
70 767
70 776
70 786
70 787
70 792
70 796
70 801
70 803
70 804
70 806
70 813
70 818
70 826
70 827
70 833
70 835
70 836
70 837
70 840
70 845
70 846
70 847
70 848
70 851
70 852
70 854
70 859
70 862
70 878
70 879
70 881
70 883
70 889
70 897
70 902
70 903
70 910
70 912
70 918
70 925
70 927
70 928
70 936
70 937
70 938
70 948
70 950
70 951
70 954
70 958
70 961
70 970
70 973
70 974
70 976
70 977
70 981
70 984
70 986
70 993
70 994
70 995
70 998
71 501
71 512
71 519
71 520
71 526
71 535
71 545
71 550
71 552
71 555
71 557
71 560
71 566
71 568
71 579
71 585
71 586
71 589
71 592
71 593
71 594
71 602
71 604
71 608
71 609
71 612
71 617
71 621
71 624
71 625
71 628
71 631
71 635
71 641
71 644
71 645
71 648
71 650
71 651
71 655
71 656
71 661
71 662
71 664
71 668
71 671
71 673
71 676
71 684
71 695
71 698
71 699
71 701
71 703
71 718
71 720
71 721
71 724
71 725
71 733
71 735
71 739
71 741
71 743
71 757
71 759
71 762
71 767
71 768
71 769
71 770
71 771
71 775
71 778
71 781
71 792
71 797
71 799
71 802
71 803
71 806
71 812
71 813
71 818
71 820
71 822
71 833
71 838
71 840
71 844
71 853
71 860
71 862
71 865
71 866
71 867
71 869
71 876
71 881
71 883
71 886
71 889
71 891
71 892
71 893
71 894
71 896
71 900
71 902
71 904
71 909
71 913
71 923
71 928
71 931
71 932
71 936
71 937
71 942
71 950
71 952
71 954
71 956
71 959
71 970
71 978
71 986
71 989
71 990
71 992
71 994
71 995
71 1000
72 501
72 506
72 508
72 517
72 525
72 526
72 527
72 528
72 529
72 535
72 536
72 538
72 541
72 552
72 562
72 569
72 574
72 575
72 579
72 581
72 597
72 598
72 599
72 601
72 604
72 606
72 614
72 615
72 616
72 617
72 618
72 620
72 621
72 623
72 629
72 630
72 631
72 635
72 637
72 639
72 645
72 649
72 650
72 655
72 656
72 658
72 663
72 665
72 666
72 669
72 670
72 672
72 675
72 676
72 678
72 680
72 681
72 687
72 691
72 697
72 698
72 704
72 705
72 707
72 711
72 720
72 724
72 726
72 729
72 733
72 735
72 737
72 740
72 751
72 755
72 757
72 761
72 766
72 769
72 772
72 780
72 784
72 785
72 786
72 788
72 790
72 801
72 802
72 804
72 832
72 835
72 839
72 841
72 845
72 852
72 857
72 861
72 866
72 867
72 868
72 873
72 879
72 892
72 895
72 896
72 903
72 907
72 914
72 921
72 923
72 926
72 931
72 935
72 942
72 944
72 948
72 950
72 951
72 953
72 954
72 955
72 959
72 966
72 967
72 969
72 970
72 971
72 975
72 981
72 985
72 986
72 988
72 993
72 994
72 999
73 502
73 503
73 505
73 508
73 510
73 514
73 520
73 524
73 530
73 536
73 541
73 542
73 548
73 549
73 550
73 553
73 557
73 569
73 572
73 573
73 575
73 579
73 580
73 586
73 595
73 598
73 604
73 608
73 610
73 616
73 625
73 626
73 630
73 634
73 637
73 640
73 642
73 643
73 647
73 649
73 651
73 652
73 654
73 655
73 660
73 661
73 663
73 665
73 666
73 667
73 672
73 674
73 679
73 684
73 685
73 686
73 687
73 688
73 690
73 691
73 693
73 696
73 700
73 702
73 703
73 706
73 707
73 710
73 719
73 721
73 729
73 730
73 731
73 732
73 733
73 734
73 738
73 742
73 743
73 747
73 750
73 751
73 755
73 767
73 769
73 770
73 772
73 773
73 777
73 778
73 782
73 784
73 785
73 786
73 787
73 790
73 792
73 793
73 799
73 801
73 807
73 809
73 810
73 812
73 813
73 819
73 824
73 829
73 844
73 845
73 848
73 851
73 853
73 863
73 871
73 873
73 882
73 884
73 885
73 887
73 888
73 891
73 897
73 900
73 904
73 907
73 910
73 913
73 914
73 918
73 920
73 922
73 928
73 930
73 934
73 938
73 941
73 944
73 947
73 949
73 959
73 960
73 962
73 966
73 973
73 976
73 979
73 983
73 985
73 988
73 989
73 997
74 501
74 510
74 511
74 514
74 517
74 518
74 519
74 530
74 534
74 538
74 539
74 541
74 542
74 544
74 550
74 551
74 558
74 569
74 571
74 572
74 583
74 590
74 592
74 593
74 606
74 607
74 613
74 614
74 615
74 616
74 617
74 627
74 628
74 630
74 636
74 637
74 645
74 649
74 656
74 658
74 660
74 661
74 662
74 663
74 664
74 668
74 670
74 672
74 679
74 680
74 681
74 684
74 687
74 688
74 695
74 702
74 712
74 715
74 721
74 722
74 726
74 730
74 735
74 742
74 743
74 745
74 751
74 753
74 757
74 758
74 763
74 765
74 766
74 767
74 772
74 773
74 782
74 787
74 792
74 797
74 798
74 799
74 801
74 808
74 811
74 812
74 817
74 819
74 826
74 830
74 831
74 832
74 834
74 837
74 838
74 839
74 846
74 848
74 851
74 852
74 855
74 856
74 869
74 872
74 877
74 878
74 879
74 880
74 882
74 884
74 901
74 904
74 906
74 910
74 923
74 925
74 926
74 934
74 939
74 943
74 953
74 954
74 956
74 957
74 958
74 963
74 970
74 972
74 977
74 980
74 981
74 986
74 987
74 988
74 993
74 994
74 995
74 997
74 999
74 1000
75 503
75 508
75 512
75 515
75 517
75 518
75 523
75 529
75 535
75 538
75 550
75 551
75 553
75 554
75 557
75 560
75 567
75 568
75 570
75 571
75 578
75 579
75 583
75 584
75 589
75 594
75 597
75 604
75 609
75 611
75 614
75 622
75 625
75 632
75 636
75 638
75 639
75 642
75 648
75 654
75 655
75 657
75 658
75 659
75 664
75 669
75 674
75 676
75 678
75 682
75 683
75 684
75 691
75 692
75 693
75 696
75 697
75 707
75 711
75 713
75 719
75 727
75 736
75 738
75 739
75 740
75 741
75 748
75 751
75 753
75 764
75 765
75 768
75 771
75 772
75 775
75 784
75 785
75 786
75 788
75 791
75 793
75 794
75 795
75 796
75 797
75 800
75 801
75 802
75 805
75 809
75 810
75 811
75 821
75 823
75 827
75 832
75 834
75 835
75 838
75 839
75 845
75 847
75 850
75 855
75 861
75 864
75 870
75 871
75 873
75 876
75 880
75 889
75 896
75 897
75 898
75 904
75 905
75 907
75 908
75 909
75 910
75 913
75 921
75 924
75 926
75 927
75 929
75 930
75 934
75 936
75 940
75 941
75 943
75 946
75 949
75 950
75 952
75 957
75 958
75 960
75 964
75 968
75 971
75 972
75 974
75 976
75 979
75 982
75 985
75 992
76 501
76 502
76 504
76 506
76 507
76 513
76 515
76 520
76 525
76 526
76 529
76 531
76 535
76 541
76 546
76 547
76 552
76 553
76 554
76 557
76 558
76 565
76 569
76 571
76 572
76 573
76 584
76 591
76 592
76 596
76 608
76 609
76 612
76 616
76 617
76 618
76 625
76 627
76 630
76 631
76 632
76 635
76 636
76 643
76 646
76 654
76 656
76 661
76 664
76 666
76 667
76 670
76 677
76 678
76 683
76 686
76 691
76 693
76 695
76 698
76 700
76 704
76 706
76 708
76 717
76 722
76 726
76 732
76 733
76 734
76 740
76 757
76 758
76 759
76 763
76 764
76 769
76 770
76 776
76 778
76 779
76 785
76 789
76 791
76 792
76 796
76 800
76 802
76 805
76 806
76 807
76 808
76 811
76 814
76 816
76 823
76 824
76 832
76 846
76 848
76 851
76 857
76 860
76 861
76 866
76 869
76 871
76 884
76 885
76 888
76 889
76 891
76 892
76 897
76 898
76 910
76 911
76 916
76 918
76 919
76 920
76 928
76 930
76 932
76 935
76 937
76 941
76 943
76 946
76 952
76 967
76 969
76 971
76 972
76 978
76 985
76 986
76 987
76 994
76 999
77 502
77 505
77 507
77 514
77 517
77 521
77 523
77 526
77 527
77 528
77 532
77 533
77 535
77 537
77 542
77 546
77 548
77 549
77 555
77 556
77 558
77 559
77 561
77 568
77 569
77 573
77 575
77 585
77 588
77 600
77 601
77 602
77 603
77 612
77 614
77 615
77 616
77 619
77 621
77 623
77 630
77 634
77 635
77 640
77 644
77 645
77 655
77 659
77 661
77 662
77 664
77 666
77 668
77 670
77 671
77 672
77 673
77 679
77 680
77 682
77 685
77 693
77 701
77 714
77 717
77 718
77 720
77 722
77 724
77 727
77 731
77 735
77 737
77 738
77 739
77 741
77 748
77 755
77 758
77 759
77 760
77 761
77 762
77 765
77 768
77 771
77 773
77 776
77 783
77 785
77 787
77 791
77 796
77 798
77 816
77 824
77 827
77 828
77 829
77 830
77 836
77 837
77 841
77 843
77 846
77 850
77 851
77 853
77 855
77 860
77 862
77 865
77 866
77 869
77 885
77 887
77 888
77 889
77 892
77 893
77 897
77 909
77 913
77 919
77 920
77 926
77 927
77 935
77 940
77 946
77 948
77 961
77 965
77 966
77 977
77 979
77 983
77 991
77 996
77 998
78 506
78 513
78 518
78 519
78 521
78 522
78 528
78 530
78 534
78 538
78 539
78 540
78 541
78 546
78 560
78 562
78 565
78 567
78 570
78 572
78 575
78 584
78 586
78 592
78 595
78 599
78 602
78 604
78 608
78 610
78 611
78 612
78 613
78 614
78 618
78 620
78 622
78 623
78 631
78 637
78 638
78 641
78 643
78 650
78 657
78 659
78 660
78 662
78 663
78 664
78 665
78 666
78 669
78 671
78 674
78 675
78 683
78 685
78 688
78 690
78 695
78 696
78 697
78 699
78 701
78 703
78 706
78 707
78 711
78 720
78 721
78 722
78 724
78 727
78 733
78 735
78 739
78 742
78 744
78 745
78 756
78 759
78 768
78 778
78 780
78 782
78 785
78 788
78 794
78 798
78 805
78 806
78 814
78 820
78 823
78 824
78 827
78 829
78 835
78 836
78 837
78 839
78 840
78 850
78 851
78 854
78 856
78 857
78 862
78 863
78 867
78 868
78 871
78 873
78 876
78 877
78 880
78 881
78 888
78 892
78 906
78 910
78 924
78 933
78 937
78 939
78 944
78 945
78 951
78 955
78 960
78 963
78 966
78 968
78 969
78 970
78 976
78 980
78 981
78 990
78 992
78 995
78 1000
79 501
79 509
79 513
79 516
79 517
79 520
79 522
79 523
79 524
79 525
79 528
79 529
79 530
79 531
79 532
79 533
79 558
79 566
79 567
79 577
79 578
79 581
79 583
79 588
79 591
79 599
79 600
79 601
79 602
79 609
79 611
79 613
79 620
79 622
79 623
79 624
79 627
79 630
79 632
79 635
79 638
79 642
79 644
79 645
79 651
79 652
79 663
79 671
79 675
79 679
79 683
79 684
79 685
79 690
79 695
79 696
79 699
79 703
79 705
79 708
79 716
79 719
79 720
79 726
79 730
79 731
79 732
79 733
79 737
79 738
79 741
79 742
79 745
79 752
79 753
79 755
79 759
79 761
79 766
79 773
79 775
79 776
79 777
79 778
79 780
79 782
79 783
79 784
79 785
79 786
79 792
79 793
79 803
79 807
79 809
79 825
79 827
79 829
79 835
79 836
79 838
79 841
79 846
79 847
79 852
79 853
79 857
79 859
79 870
79 874
79 875
79 878
79 881
79 883
79 886
79 887
79 888
79 897
79 899
79 900
79 901
79 903
79 904
79 906
79 907
79 912
79 913
79 915
79 918
79 921
79 924
79 925
79 929
79 933
79 937
79 938
79 941
79 943
79 944
79 948
79 952
79 955
79 957
79 958
79 959
79 960
79 965
79 966
79 967
79 968
79 971
79 973
79 974
79 975
79 977
79 978
79 979
79 982
79 988
79 989
79 990
79 991
79 992
79 995
79 996
79 1000
80 503
80 504
80 506
80 507
80 510
80 512
80 515
80 516
80 532
80 534
80 537
80 538
80 539
80 551
80 552
80 553
80 557
80 562
80 563
80 565
80 566
80 575
80 583
80 588
80 589
80 592
80 598
80 600
80 602
80 603
80 605
80 606
80 607
80 610
80 614
80 615
80 617
80 618
80 619
80 628
80 633
80 636
80 639
80 640
80 646
80 651
80 656
80 657
80 659
80 660
80 665
80 674
80 675
80 679
80 692
80 693
80 697
80 701
80 709
80 710
80 715
80 716
80 720
80 725
80 726
80 727
80 728
80 733
80 739
80 744
80 748
80 750
80 751
80 754
80 755
80 758
80 759
80 763
80 766
80 767
80 774
80 780
80 784
80 786
80 791
80 793
80 797
80 798
80 799
80 801
80 806
80 810
80 816
80 818
80 819
80 821
80 828
80 831
80 832
80 835
80 839
80 840
80 844
80 848
80 849
80 850
80 852
80 853
80 856
80 859
80 860
80 861
80 863
80 865
80 866
80 869
80 871
80 877
80 878
80 879
80 880
80 884
80 886
80 892
80 900
80 901
80 902
80 906
80 908
80 909
80 912
80 916
80 919
80 923
80 932
80 933
80 934
80 939
80 945
80 946
80 948
80 958
80 959
80 960
80 967
80 968
80 971
80 973
80 976
80 983
80 987
80 989
80 990
80 993
80 999
80 1000
81 506
81 507
81 511
81 517
81 518
81 521
81 530
81 536
81 540
81 554
81 563
81 564
81 565
81 568
81 574
81 576
81 582
81 587
81 591
81 595
81 596
81 599
81 603
81 606
81 608
81 610
81 612
81 616
81 619
81 621
81 625
81 626
81 631
81 634
81 635
81 639
81 642
81 644
81 646
81 648
81 652
81 654
81 656
81 657
81 661
81 666
81 670
81 674
81 680
81 682
81 685
81 690
81 694
81 697
81 699
81 704
81 711
81 715
81 718
81 721
81 722
81 735
81 737
81 743
81 748
81 750
81 760
81 765
81 767
81 771
81 776
81 778
81 779
81 781
81 785
81 786
81 787
81 790
81 791
81 794
81 795
81 801
81 802
81 806
81 809
81 812
81 813
81 814
81 821
81 822
81 823
81 825
81 826
81 830
81 833
81 837
81 845
81 846
81 848
81 849
81 852
81 854
81 857
81 859
81 866
81 869
81 871
81 872
81 875
81 891
81 899
81 900
81 903
81 905
81 907
81 913
81 914
81 916
81 921
81 923
81 924
81 925
81 926
81 927
81 928
81 929
81 932
81 937
81 939
81 940
81 943
81 953
81 954
81 961
81 965
81 968
81 970
81 978
81 982
81 989
81 994
81 997
81 1000
82 505
82 506
82 509
82 511
82 513
82 515
82 516
82 518
82 521
82 522
82 524
82 529
82 539
82 542
82 548
82 551
82 557
82 559
82 561
82 562
82 566
82 567
82 571
82 574
82 577
82 581
82 584
82 586
82 587
82 590
82 591
82 594
82 595
82 598
82 603
82 608
82 615
82 617
82 620
82 621
82 626
82 630
82 634
82 635
82 638
82 639
82 643
82 645
82 647
82 648
82 650
82 652
82 656
82 658
82 666
82 668
82 674
82 677
82 678
82 682
82 684
82 686
82 691
82 692
82 696
82 700
82 701
82 705
82 706
82 707
82 710
82 720
82 722
82 723
82 724
82 734
82 736
82 758
82 759
82 772
82 775
82 777
82 784
82 787
82 788
82 789
82 796
82 801
82 802
82 803
82 807
82 815
82 819
82 832
82 834
82 835
82 836
82 837
82 838
82 839
82 840
82 844
82 848
82 859
82 862
82 864
82 871
82 872
82 873
82 875
82 876
82 880
82 882
82 883
82 884
82 887
82 893
82 894
82 896
82 901
82 909
82 912
82 917
82 922
82 923
82 925
82 928
82 930
82 932
82 940
82 943
82 944
82 947
82 950
82 951
82 953
82 956
82 961
82 963
82 964
82 968
82 969
82 981
82 982
82 985
82 987
82 989
82 990
82 992
82 998
83 501
83 505
83 506
83 507
83 510
83 512
83 513
83 514
83 526
83 532
83 539
83 540
83 541
83 543
83 547
83 555
83 558
83 571
83 573
83 578
83 579
83 580
83 581
83 582
83 584
83 585
83 589
83 593
83 596
83 605
83 611
83 615
83 621
83 623
83 624
83 630
83 632
83 634
83 635
83 638
83 651
83 652
83 655
83 658
83 662
83 663
83 667
83 668
83 670
83 671
83 680
83 682
83 702
83 706
83 711
83 714
83 721
83 722
83 725
83 726
83 730
83 732
83 736
83 740
83 741
83 749
83 752
83 754
83 755
83 758
83 770
83 773
83 776
83 780
83 781
83 785
83 786
83 787
83 789
83 798
83 799
83 801
83 802
83 806
83 807
83 825
83 829
83 830
83 831
83 832
83 834
83 836
83 838
83 839
83 841
83 842
83 844
83 846
83 847
83 850
83 854
83 855
83 857
83 858
83 859
83 862
83 869
83 870
83 871
83 872
83 875
83 877
83 880
83 882
83 883
83 884
83 886
83 887
83 888
83 896
83 899
83 901
83 902
83 905
83 906
83 907
83 910
83 917
83 918
83 922
83 923
83 926
83 927
83 928
83 932
83 933
83 936
83 938
83 941
83 944
83 946
83 948
83 950
83 951
83 955
83 958
83 960
83 962
83 964
83 967
83 977
83 978
83 982
83 986
83 992
83 993
83 998
83 1000
84 504
84 506
84 507
84 508
84 509
84 510
84 513
84 516
84 517
84 519
84 523
84 526
84 527
84 529
84 531
84 533
84 536
84 538
84 545
84 546
84 549
84 553
84 559
84 566
84 568
84 571
84 573
84 577
84 590
84 592
84 593
84 597
84 602
84 607
84 610
84 612
84 618
84 627
84 630
84 633
84 635
84 636
84 637
84 642
84 643
84 650
84 655
84 656
84 661
84 666
84 668
84 670
84 674
84 681
84 683
84 685
84 686
84 690
84 695
84 696
84 698
84 699
84 702
84 705
84 709
84 713
84 714
84 717
84 718
84 721
84 727
84 729
84 734
84 737
84 746
84 747
84 750
84 752
84 754
84 755
84 757
84 762
84 763
84 765
84 768
84 771
84 773
84 778
84 785
84 793
84 796
84 797
84 798
84 799
84 803
84 804
84 806
84 809
84 810
84 811
84 825
84 827
84 830
84 833
84 834
84 835
84 837
84 839
84 840
84 841
84 842
84 847
84 849
84 851
84 852
84 853
84 854
84 855
84 856
84 857
84 869
84 871
84 879
84 880
84 885
84 889
84 895
84 897
84 900
84 903
84 904
84 906
84 907
84 921
84 924
84 926
84 929
84 939
84 940
84 944
84 946
84 948
84 951
84 954
84 956
84 958
84 959
84 974
84 977
84 981
84 983
84 986
84 987
84 989
84 991
84 993
85 502
85 504
85 505
85 508
85 517
85 518
85 523
85 525
85 529
85 532
85 535
85 537
85 549
85 557
85 561
85 562
85 563
85 565
85 567
85 568
85 570
85 576
85 578
85 579
85 580
85 583
85 584
85 586
85 588
85 589
85 590
85 591
85 597
85 598
85 599
85 600
85 603
85 604
85 609
85 610
85 612
85 614
85 615
85 616
85 621
85 624
85 636
85 640
85 647
85 650
85 651
85 652
85 653
85 655
85 656
85 659
85 662
85 666
85 670
85 672
85 673
85 686
85 691
85 692
85 695
85 696
85 701
85 702
85 708
85 711
85 712
85 714
85 715
85 719
85 721
85 723
85 726
85 727
85 738
85 739
85 750
85 755
85 760
85 764
85 765
85 766
85 770
85 771
85 773
85 775
85 779
85 789
85 790
85 801
85 804
85 806
85 808
85 810
85 812
85 817
85 818
85 829
85 831
85 834
85 835
85 839
85 842
85 849
85 852
85 853
85 855
85 869
85 870
85 871
85 878
85 882
85 883
85 884
85 887
85 888
85 891
85 892
85 895
85 898
85 910
85 912
85 914
85 921
85 922
85 923
85 924
85 928
85 932
85 934
85 937
85 945
85 946
85 951
85 953
85 954
85 956
85 959
85 964
85 973
85 979
85 988
85 991
85 993
85 997
85 998
85 999
86 501
86 502
86 503
86 506
86 507
86 511
86 517
86 524
86 528
86 529
86 532
86 534
86 535
86 537
86 540
86 542
86 547
86 561
86 563
86 564
86 570
86 576
86 580
86 587
86 600
86 601
86 611
86 612
86 617
86 619
86 621
86 626
86 632
86 636
86 637
86 638
86 639
86 642
86 645
86 647
86 648
86 650
86 651
86 654
86 657
86 659
86 660
86 661
86 665
86 667
86 669
86 672
86 680
86 684
86 686
86 689
86 691
86 692
86 702
86 703
86 707
86 709
86 712
86 713
86 721
86 725
86 730
86 736
86 738
86 744
86 745
86 747
86 748
86 755
86 756
86 764
86 766
86 768
86 770
86 773
86 776
86 782
86 783
86 790
86 791
86 802
86 805
86 808
86 809
86 812
86 818
86 819
86 822
86 824
86 825
86 834
86 836
86 837
86 841
86 843
86 845
86 846
86 849
86 850
86 852
86 855
86 856
86 857
86 858
86 859
86 860
86 872
86 874
86 875
86 876
86 884
86 890
86 891
86 892
86 894
86 901
86 903
86 907
86 912
86 915
86 919
86 921
86 943
86 944
86 947
86 956
86 958
86 959
86 963
86 965
86 966
86 970
86 972
86 974
86 976
86 980
86 990
86 993
86 995
86 998
87 501
87 509
87 510
87 511
87 519
87 532
87 537
87 544
87 546
87 547
87 548
87 554
87 562
87 563
87 566
87 575
87 577
87 578
87 579
87 588
87 591
87 592
87 594
87 595
87 597
87 600
87 604
87 608
87 617
87 619
87 624
87 625
87 627
87 628
87 636
87 642
87 649
87 653
87 655
87 659
87 662
87 663
87 665
87 667
87 669
87 672
87 673
87 675
87 676
87 680
87 681
87 682
87 683
87 684
87 687
87 689
87 697
87 698
87 699
87 702
87 704
87 708
87 712
87 713
87 716
87 719
87 726
87 731
87 732
87 735
87 736
87 738
87 739
87 740
87 742
87 745
87 747
87 749
87 750
87 758
87 762
87 765
87 767
87 769
87 774
87 777
87 779
87 783
87 789
87 790
87 794
87 795
87 800
87 801
87 802
87 805
87 806
87 810
87 812
87 817
87 823
87 829
87 832
87 838
87 841
87 842
87 847
87 848
87 851
87 853
87 854
87 866
87 867
87 869
87 870
87 873
87 874
87 876
87 877
87 879
87 884
87 887
87 888
87 889
87 892
87 893
87 894
87 897
87 898
87 899
87 901
87 902
87 903
87 905
87 906
87 907
87 910
87 916
87 924
87 928
87 930
87 932
87 936
87 937
87 939
87 941
87 942
87 943
87 944
87 945
87 948
87 949
87 951
87 954
87 962
87 963
87 965
87 967
87 969
87 974
87 976
87 979
87 980
87 986
87 990
87 991
87 997
87 998
88 502
88 504
88 505
88 512
88 513
88 521
88 522
88 527
88 530
88 535
88 539
88 541
88 550
88 557
88 558
88 559
88 562
88 567
88 568
88 570
88 577
88 587
88 589
88 592
88 595
88 598
88 599
88 600
88 601
88 604
88 609
88 611
88 617
88 619
88 621
88 623
88 632
88 633
88 634
88 636
88 639
88 647
88 648
88 650
88 654
88 655
88 657
88 663
88 665
88 668
88 670
88 671
88 672
88 673
88 677
88 678
88 679
88 685
88 690
88 692
88 695
88 700
88 710
88 712
88 715
88 716
88 719
88 720
88 721
88 723
88 724
88 727
88 730
88 731
88 734
88 735
88 739
88 741
88 742
88 745
88 748
88 752
88 755
88 758
88 765
88 766
88 776
88 779
88 780
88 784
88 785
88 789
88 790
88 791
88 792
88 797
88 798
88 799
88 800
88 801
88 806
88 812
88 814
88 815
88 816
88 817
88 818
88 821
88 823
88 824
88 825
88 826
88 828
88 831
88 832
88 835
88 836
88 841
88 843
88 845
88 849
88 853
88 854
88 873
88 880
88 889
88 890
88 891
88 892
88 893
88 894
88 895
88 898
88 899
88 901
88 906
88 912
88 913
88 919
88 920
88 923
88 927
88 930
88 931
88 932
88 934
88 937
88 940
88 946
88 948
88 951
88 953
88 961
88 969
88 971
88 973
88 981
88 983
88 986
88 989
88 992
88 997
89 506
89 508
89 509
89 512
89 516
89 517
89 521
89 527
89 531
89 534
89 540
89 543
89 546
89 549
89 559
89 560
89 561
89 564
89 571
89 578
89 580
89 583
89 589
89 592
89 596
89 601
89 604
89 605
89 606
89 607
89 608
89 610
89 613
89 616
89 618
89 621
89 624
89 627
89 628
89 629
89 631
89 632
89 634
89 635
89 639
89 641
89 642
89 643
89 654
89 655
89 656
89 657
89 658
89 660
89 667
89 671
89 673
89 677
89 678
89 679
89 682
89 685
89 686
89 687
89 692
89 697
89 708
89 722
89 723
89 724
89 726
89 727
89 740
89 743
89 745
89 751
89 752
89 758
89 761
89 764
89 766
89 775
89 777
89 780
89 781
89 792
89 793
89 797
89 798
89 799
89 802
89 803
89 804
89 809
89 813
89 814
89 816
89 817
89 818
89 822
89 825
89 826
89 832
89 834
89 843
89 845
89 856
89 859
89 862
89 864
89 866
89 872
89 878
89 885
89 888
89 889
89 893
89 898
89 901
89 905
89 912
89 914
89 915
89 916
89 919
89 921
89 932
89 936
89 938
89 942
89 946
89 948
89 950
89 952
89 954
89 956
89 961
89 968
89 970
89 979
89 981
89 984
89 985
89 987
89 990
89 993
89 994
90 503
90 504
90 515
90 520
90 523
90 526
90 527
90 531
90 537
90 539
90 540
90 546
90 551
90 554
90 555
90 557
90 563
90 564
90 568
90 569
90 576
90 580
90 581
90 584
90 585
90 587
90 589
90 594
90 596
90 602
90 604
90 606
90 607
90 608
90 609
90 612
90 615
90 616
90 618
90 619
90 622
90 630
90 633
90 635
90 639
90 641
90 644
90 647
90 649
90 658
90 668
90 676
90 677
90 691
90 692
90 695
90 697
90 698
90 700
90 703
90 704
90 711
90 714
90 719
90 722
90 723
90 725
90 731
90 734
90 735
90 736
90 738
90 739
90 744
90 750
90 758
90 761
90 764
90 766
90 772
90 774
90 775
90 779
90 781
90 784
90 787
90 791
90 797
90 802
90 812
90 815
90 817
90 819
90 821
90 822
90 830
90 833
90 835
90 840
90 845
90 846
90 850
90 851
90 852
90 860
90 861
90 862
90 867
90 868
90 869
90 870
90 871
90 874
90 877
90 888
90 889
90 890
90 892
90 893
90 894
90 898
90 901
90 903
90 904
90 905
90 909
90 912
90 917
90 925
90 930
90 933
90 944
90 948
90 951
90 952
90 953
90 954
90 955
90 956
90 960
90 961
90 964
90 965
90 970
90 971
90 973
90 980
90 982
90 986
90 987
90 989
90 993
90 994
90 995
90 1000
91 503
91 504
91 510
91 514
91 518
91 519
91 525
91 526
91 527
91 528
91 529
91 533
91 535
91 536
91 538
91 545
91 547
91 557
91 560
91 563
91 568
91 569
91 572
91 575
91 576
91 578
91 583
91 584
91 585
91 587
91 588
91 590
91 592
91 598
91 599
91 602
91 609
91 616
91 622
91 629
91 630
91 634
91 637
91 642
91 648
91 653
91 655
91 656
91 659
91 668
91 670
91 672
91 673
91 678
91 679
91 684
91 690
91 696
91 699
91 702
91 705
91 707
91 711
91 712
91 713
91 717
91 718
91 719
91 720
91 722
91 727
91 731
91 732
91 733
91 737
91 741
91 745
91 746
91 748
91 751
91 754
91 755
91 765
91 772
91 776
91 780
91 784
91 785
91 787
91 792
91 793
91 800
91 801
91 805
91 807
91 808
91 809
91 813
91 818
91 821
91 827
91 834
91 839
91 840
91 846
91 849
91 851
91 853
91 855
91 858
91 859
91 863
91 871
91 875
91 880
91 885
91 886
91 893
91 902
91 903
91 908
91 910
91 911
91 912
91 919
91 921
91 922
91 923
91 926
91 930
91 936
91 947
91 949
91 951
91 952
91 960
91 962
91 971
91 974
91 975
91 980
91 983
91 985
91 986
91 994
91 995
91 997
91 998
91 999
92 501
92 502
92 503
92 505
92 506
92 507
92 508
92 509
92 515
92 518
92 520
92 522
92 527
92 530
92 533
92 535
92 537
92 539
92 540
92 541
92 544
92 545
92 546
92 549
92 550
92 562
92 565
92 571
92 572
92 574
92 576
92 580
92 586
92 588
92 590
92 591
92 595
92 597
92 600
92 601
92 603
92 606
92 610
92 612
92 614
92 621
92 622
92 625
92 630
92 633
92 636
92 641
92 647
92 648
92 649
92 657
92 660
92 661
92 662
92 673
92 675
92 676
92 679
92 680
92 685
92 686
92 687
92 702
92 703
92 708
92 710
92 719
92 720
92 725
92 729
92 735
92 738
92 739
92 741
92 750
92 754
92 757
92 759
92 761
92 763
92 771
92 773
92 776
92 778
92 786
92 787
92 789
92 793
92 798
92 803
92 807
92 808
92 812
92 818
92 821
92 823
92 826
92 831
92 833
92 834
92 838
92 841
92 847
92 854
92 856
92 863
92 865
92 866
92 869
92 871
92 873
92 875
92 876
92 877
92 884
92 887
92 888
92 889
92 899
92 910
92 919
92 922
92 923
92 925
92 927
92 938
92 944
92 948
92 949
92 954
92 963
92 964
92 965
92 967
92 972
92 973
92 980
92 981
92 985
92 989
92 992
92 994
92 995
92 998
92 1000
93 505
93 506
93 508
93 515
93 521
93 525
93 526
93 540
93 542
93 543
93 545
93 549
93 554
93 558
93 561
93 562
93 563
93 564
93 566
93 569
93 573
93 577
93 584
93 588
93 598
93 605
93 606
93 608
93 609
93 611
93 612
93 614
93 615
93 616
93 618
93 623
93 624
93 625
93 632
93 634
93 640
93 651
93 654
93 655
93 657
93 658
93 666
93 667
93 669
93 671
93 677
93 681
93 683
93 686
93 689
93 690
93 700
93 703
93 710
93 714
93 718
93 723
93 728
93 729
93 732
93 733
93 734
93 737
93 738
93 739
93 745
93 747
93 750
93 763
93 769
93 773
93 774
93 778
93 779
93 780
93 782
93 783
93 788
93 794
93 795
93 796
93 797
93 799
93 800
93 801
93 803
93 804
93 806
93 824
93 826
93 828
93 830
93 832
93 838
93 840
93 842
93 843
93 847
93 851
93 852
93 855
93 859
93 862
93 864
93 865
93 866
93 867
93 869
93 872
93 873
93 879
93 880
93 882
93 888
93 889
93 892
93 895
93 898
93 904
93 907
93 908
93 909
93 911
93 915
93 918
93 919
93 923
93 931
93 932
93 937
93 945
93 946
93 952
93 955
93 958
93 960
93 963
93 964
93 965
93 967
93 968
93 969
93 979
93 984
93 993
93 995
93 996
93 997
94 503
94 504
94 506
94 507
94 510
94 511
94 513
94 519
94 523
94 526
94 528
94 529
94 533
94 536
94 537
94 539
94 546
94 550
94 556
94 561
94 562
94 563
94 565
94 567
94 570
94 574
94 581
94 587
94 589
94 595
94 597
94 599
94 601
94 606
94 609
94 611
94 612
94 615
94 624
94 625
94 626
94 628
94 630
94 641
94 643
94 644
94 649
94 651
94 652
94 654
94 656
94 658
94 659
94 665
94 666
94 667
94 675
94 676
94 679
94 680
94 683
94 686
94 688
94 692
94 702
94 703
94 706
94 712
94 713
94 722
94 723
94 729
94 735
94 738
94 741
94 744
94 745
94 746
94 747
94 754
94 757
94 758
94 759
94 766
94 769
94 776
94 777
94 780
94 784
94 785
94 786
94 787
94 788
94 793
94 797
94 801
94 806
94 810
94 811
94 817
94 822
94 823
94 824
94 828
94 832
94 839
94 847
94 848
94 856
94 858
94 864
94 865
94 876
94 879
94 880
94 881
94 882
94 890
94 894
94 898
94 900
94 901
94 903
94 910
94 915
94 919
94 923
94 925
94 927
94 930
94 937
94 938
94 941
94 945
94 946
94 953
94 959
94 964
94 970
94 978
94 984
94 985
94 986
94 990
94 994
94 995
94 998
94 999
95 502
95 504
95 506
95 509
95 510
95 525
95 526
95 528
95 529
95 530
95 533
95 538
95 548
95 549
95 558
95 559
95 561
95 563
95 565
95 572
95 577
95 585
95 587
95 588
95 595
95 596
95 597
95 600
95 613
95 614
95 617
95 619
95 622
95 624
95 626
95 627
95 641
95 647
95 648
95 649
95 656
95 658
95 659
95 660
95 661
95 662
95 672
95 676
95 677
95 681
95 683
95 684
95 703
95 707
95 715
95 720
95 722
95 726
95 727
95 728
95 736
95 740
95 741
95 744
95 745
95 746
95 747
95 750
95 751
95 762
95 764
95 768
95 778
95 782
95 785
95 786
95 789
95 791
95 795
95 796
95 797
95 798
95 802
95 808
95 814
95 816
95 817
95 819
95 822
95 832
95 834
95 837
95 838
95 841
95 842
95 845
95 847
95 849
95 853
95 856
95 866
95 869
95 874
95 876
95 877
95 878
95 879
95 880
95 882
95 885
95 890
95 896
95 912
95 914
95 915
95 918
95 919
95 921
95 924
95 927
95 928
95 929
95 936
95 938
95 940
95 942
95 945
95 947
95 951
95 952
95 955
95 957
95 968
95 972
95 980
95 982
95 983
95 984
95 985
95 992
95 993
95 997
95 998
96 504
96 508
96 515
96 518
96 520
96 524
96 525
96 526
96 531
96 532
96 538
96 542
96 546
96 549
96 552
96 553
96 557
96 559
96 565
96 566
96 569
96 574
96 576
96 585
96 587
96 588
96 589
96 606
96 607
96 608
96 616
96 617
96 618
96 633
96 634
96 641
96 648
96 660
96 664
96 665
96 667
96 670
96 674
96 678
96 679
96 680
96 685
96 705
96 707
96 711
96 715
96 716
96 720
96 727
96 731
96 734
96 738
96 743
96 746
96 747
96 749
96 751
96 755
96 756
96 757
96 767
96 774
96 776
96 778
96 786
96 790
96 795
96 799
96 800
96 805
96 814
96 815
96 819
96 821
96 825
96 826
96 827
96 828
96 829
96 831
96 833
96 835
96 839
96 841
96 842
96 846
96 851
96 852
96 857
96 867
96 870
96 872
96 877
96 878
96 879
96 890
96 892
96 895
96 898
96 899
96 903
96 913
96 914
96 917
96 918
96 924
96 925
96 927
96 930
96 941
96 942
96 946
96 951
96 957
96 960
96 966
96 968
96 970
96 976
96 977
96 979
96 981
96 985
96 986
96 989
96 990
96 992
96 996
96 997
97 503
97 507
97 515
97 517
97 529
97 531
97 537
97 539
97 542
97 548
97 552
97 560
97 562
97 569
97 575
97 582
97 587
97 588
97 590
97 591
97 593
97 598
97 599
97 603
97 605
97 611
97 612
97 620
97 624
97 626
97 627
97 636
97 643
97 649
97 651
97 652
97 655
97 658
97 662
97 663
97 666
97 668
97 672
97 675
97 676
97 678
97 681
97 683
97 685
97 703
97 705
97 707
97 709
97 712
97 717
97 718
97 730
97 732
97 736
97 737
97 741
97 742
97 746
97 750
97 751
97 755
97 756
97 757
97 760
97 763
97 768
97 769
97 770
97 780
97 782
97 783
97 794
97 800
97 801
97 802
97 803
97 806
97 807
97 808
97 820
97 822
97 829
97 831
97 834
97 835
97 837
97 839
97 840
97 842
97 844
97 845
97 847
97 856
97 859
97 861
97 867
97 869
97 872
97 873
97 874
97 875
97 882
97 884
97 885
97 887
97 893
97 895
97 898
97 899
97 904
97 912
97 914
97 926
97 927
97 929
97 933
97 935
97 938
97 939
97 946
97 948
97 949
97 957
97 962
97 969
97 974
97 977
97 979
97 982
97 984
97 986
97 991
97 993
97 995
97 998
98 503
98 507
98 509
98 511
98 517
98 523
98 526
98 527
98 529
98 534
98 536
98 537
98 545
98 547
98 553
98 554
98 560
98 562
98 566
98 570
98 574
98 581
98 584
98 590
98 597
98 601
98 602
98 603
98 606
98 621
98 624
98 630
98 631
98 634
98 636
98 647
98 649
98 655
98 656
98 657
98 659
98 665
98 666
98 669
98 671
98 672
98 684
98 695
98 696
98 699
98 700
98 703
98 708
98 710
98 711
98 713
98 718
98 720
98 721
98 726
98 728
98 730
98 735
98 736
98 741
98 742
98 745
98 750
98 755
98 756
98 759
98 761
98 764
98 768
98 771
98 774
98 785
98 787
98 791
98 792
98 797
98 810
98 814
98 816
98 822
98 823
98 829
98 830
98 834
98 835
98 836
98 842
98 843
98 845
98 847
98 849
98 850
98 853
98 860
98 861
98 862
98 864
98 872
98 875
98 884
98 885
98 892
98 895
98 897
98 902
98 903
98 908
98 919
98 922
98 933
98 935
98 952
98 958
98 960
98 963
98 964
98 975
98 984
98 988
98 993
98 996
98 997
98 998
98 1000
99 501
99 507
99 510
99 511
99 513
99 517
99 532
99 535
99 536
99 551
99 552
99 555
99 556
99 557
99 562
99 565
99 568
99 575
99 576
99 577
99 580
99 582
99 586
99 587
99 592
99 593
99 598
99 600
99 602
99 611
99 613
99 618
99 620
99 624
99 629
99 634
99 639
99 646
99 648
99 650
99 654
99 659
99 660
99 662
99 666
99 668
99 669
99 672
99 673
99 674
99 681
99 682
99 684
99 685
99 688
99 689
99 694
99 697
99 701
99 703
99 706
99 709
99 711
99 721
99 722
99 724
99 725
99 726
99 729
99 733
99 739
99 740
99 741
99 742
99 743
99 744
99 746
99 747
99 750
99 751
99 753
99 756
99 762
99 764
99 767
99 768
99 771
99 772
99 775
99 776
99 779
99 781
99 783
99 786
99 789
99 790
99 793
99 801
99 802
99 813
99 816
99 820
99 826
99 832
99 838
99 840
99 843
99 846
99 852
99 856
99 859
99 860
99 862
99 865
99 867
99 868
99 873
99 875
99 882
99 891
99 896
99 901
99 906
99 914
99 920
99 928
99 931
99 933
99 937
99 938
99 939
99 943
99 947
99 951
99 952
99 953
99 962
99 964
99 970
99 971
99 973
99 977
99 978
99 982
99 988
99 991
99 999
100 503
100 504
100 509
100 510
100 511
100 514
100 517
100 518
100 521
100 522
100 524
100 527
100 530
100 531
100 532
100 534
100 535
100 540
100 547
100 549
100 552
100 554
100 556
100 566
100 571
100 572
100 574
100 580
100 583
100 584
100 587
100 590
100 601
100 606
100 611
100 615
100 617
100 624
100 626
100 628
100 633
100 634
100 636
100 640
100 642
100 644
100 649
100 652
100 655
100 656
100 663
100 673
100 687
100 690
100 691
100 694
100 695
100 696
100 710
100 717
100 720
100 723
100 724
100 730
100 731
100 733
100 734
100 735
100 736
100 739
100 746
100 753
100 757
100 758
100 763
100 766
100 768
100 769
100 772
100 774
100 775
100 777
100 778
100 779
100 780
100 784
100 792
100 794
100 795
100 796
100 799
100 800
100 801
100 804
100 805
100 806
100 810
100 813
100 815
100 816
100 817
100 818
100 820
100 826
100 828
100 831
100 834
100 837
100 840
100 842
100 843
100 847
100 849
100 855
100 857
100 859
100 860
100 864
100 865
100 866
100 875
100 876
100 877
100 878
100 879
100 885
100 886
100 888
100 889
100 892
100 893
100 894
100 896
100 901
100 902
100 905
100 910
100 913
100 915
100 917
100 920
100 935
100 939
100 947
100 948
100 949
100 952
100 960
100 969
100 971
100 972
100 979
100 982
100 989
100 995
100 996
100 997
101 501
101 502
101 503
101 504
101 506
101 509
101 513
101 515
101 516
101 522
101 525
101 529
101 536
101 539
101 548
101 549
101 551
101 560
101 564
101 565
101 567
101 569
101 573
101 583
101 584
101 586
101 588
101 589
101 594
101 597
101 598
101 599
101 601
101 604
101 610
101 611
101 620
101 621
101 622
101 626
101 632
101 633
101 634
101 635
101 643
101 645
101 647
101 648
101 649
101 653
101 667
101 670
101 680
101 681
101 693
101 696
101 706
101 708
101 714
101 722
101 726
101 729
101 731
101 733
101 734
101 741
101 747
101 751
101 757
101 760
101 761
101 764
101 765
101 768
101 769
101 770
101 776
101 782
101 788
101 790
101 792
101 793
101 800
101 810
101 812
101 820
101 822
101 828
101 829
101 830
101 839
101 843
101 845
101 846
101 847
101 856
101 857
101 859
101 864
101 867
101 868
101 869
101 871
101 872
101 877
101 878
101 879
101 886
101 888
101 889
101 896
101 897
101 901
101 904
101 908
101 911
101 915
101 919
101 920
101 922
101 926
101 929
101 930
101 931
101 936
101 938
101 940
101 945
101 946
101 948
101 951
101 958
101 959
101 961
101 962
101 963
101 965
101 971
101 975
101 976
101 979
101 984
101 990
101 991
101 992
101 994
101 995
101 996
101 1000
102 502
102 507
102 508
102 510
102 511
102 512
102 515
102 516
102 521
102 526
102 527
102 528
102 529
102 530
102 544
102 545
102 546
102 548
102 550
102 553
102 555
102 557
102 558
102 564
102 565
102 567
102 569
102 570
102 571
102 574
102 578
102 580
102 582
102 583
102 588
102 591
102 594
102 596
102 600
102 603
102 612
102 614
102 617
102 622
102 626
102 628
102 630
102 631
102 636
102 640
102 642
102 643
102 646
102 647
102 648
102 651
102 652
102 659
102 664
102 666
102 667
102 670
102 672
102 677
102 685
102 686
102 688
102 690
102 697
102 698
102 706
102 708
102 711
102 723
102 728
102 730
102 733
102 735
102 740
102 744
102 745
102 748
102 750
102 754
102 757
102 761
102 764
102 770
102 778
102 780
102 782
102 789
102 791
102 798
102 799
102 801
102 804
102 809
102 810
102 812
102 817
102 818
102 820
102 823
102 827
102 835
102 837
102 838
102 846
102 847
102 849
102 850
102 852
102 855
102 856
102 859
102 860
102 865
102 867
102 873
102 874
102 875
102 876
102 881
102 886
102 887
102 888
102 896
102 897
102 900
102 902
102 905
102 909
102 910
102 912
102 920
102 923
102 928
102 929
102 931
102 932
102 942
102 943
102 946
102 950
102 951
102 954
102 955
102 956
102 966
102 967
102 970
102 972
102 974
102 977
102 979
102 984
102 989
102 992
102 995
102 997
102 1000
103 502
103 503
103 505
103 508
103 513
103 522
103 525
103 530
103 531
103 536
103 538
103 542
103 544
103 549
103 552
103 555
103 557
103 563
103 570
103 571
103 578
103 584
103 602
103 604
103 606
103 608
103 611
103 612
103 614
103 619
103 624
103 625
103 626
103 628
103 630
103 634
103 637
103 639
103 642
103 643
103 645
103 646
103 653
103 658
103 666
103 667
103 668
103 672
103 675
103 679
103 689
103 691
103 699
103 707
103 709
103 713
103 714
103 719
103 720
103 722
103 724
103 725
103 732
103 735
103 737
103 738
103 739
103 742
103 744
103 747
103 752
103 754
103 755
103 758
103 760
103 762
103 768
103 769
103 772
103 775
103 778
103 781
103 794
103 797
103 800
103 806
103 808
103 815
103 816
103 817
103 819
103 823
103 825
103 827
103 828
103 830
103 839
103 845
103 847
103 848
103 852
103 854
103 858
103 859
103 860
103 862
103 869
103 874
103 878
103 881
103 883
103 885
103 887
103 888
103 890
103 895
103 897
103 905
103 908
103 910
103 915
103 916
103 921
103 929
103 932
103 933
103 937
103 940
103 941
103 945
103 949
103 962
103 969
103 972
103 973
103 974
103 983
103 989
103 992
103 993
104 502
104 507
104 509
104 512
104 516
104 518
104 527
104 538
104 542
104 545
104 546
104 547
104 548
104 551
104 552
104 556
104 558
104 564
104 565
104 568
104 569
104 570
104 577
104 582
104 591
104 595
104 597
104 598
104 604
104 609
104 621
104 625
104 626
104 632
104 635
104 642
104 648
104 649
104 659
104 660
104 662
104 663
104 665
104 669
104 670
104 671
104 674
104 675
104 677
104 683
104 684
104 685
104 686
104 689
104 690
104 697
104 703
104 706
104 709
104 711
104 712
104 714
104 715
104 732
104 735
104 739
104 746
104 747
104 749
104 750
104 752
104 754
104 757
104 767
104 768
104 772
104 773
104 774
104 775
104 782
104 785
104 793
104 796
104 800
104 802
104 807
104 810
104 812
104 814
104 817
104 819
104 822
104 826
104 830
104 831
104 832
104 838
104 841
104 843
104 845
104 846
104 847
104 848
104 850
104 851
104 861
104 864
104 872
104 873
104 880
104 882
104 885
104 891
104 899
104 907
104 917
104 918
104 922
104 924
104 926
104 934
104 935
104 936
104 943
104 953
104 961
104 962
104 964
104 973
104 976
104 977
104 983
104 987
104 999
105 501
105 508
105 509
105 513
105 515
105 516
105 517
105 519
105 528
105 534
105 535
105 536
105 539
105 541
105 548
105 549
105 551
105 553
105 554
105 558
105 561
105 563
105 565
105 568
105 569
105 571
105 576
105 581
105 586
105 589
105 595
105 600
105 602
105 608
105 609
105 612
105 613
105 615
105 620
105 621
105 629
105 637
105 640
105 641
105 642
105 644
105 647
105 649
105 650
105 652
105 657
105 658
105 663
105 664
105 666
105 667
105 668
105 669
105 671
105 679
105 681
105 685
105 687
105 688
105 690
105 691
105 692
105 695
105 699
105 700
105 705
105 707
105 708
105 714
105 715
105 720
105 726
105 728
105 729
105 730
105 732
105 733
105 734
105 735
105 739
105 743
105 746
105 747
105 748
105 750
105 754
105 756
105 757
105 758
105 760
105 762
105 766
105 771
105 773
105 778
105 780
105 781
105 783
105 784
105 785
105 786
105 788
105 793
105 795
105 796
105 800
105 801
105 802
105 803
105 806
105 807
105 809
105 817
105 819
105 824
105 825
105 827
105 828
105 831
105 833
105 834
105 839
105 844
105 857
105 858
105 860
105 861
105 864
105 866
105 869
105 872
105 873
105 874
105 875
105 879
105 887
105 896
105 897
105 901
105 902
105 906
105 908
105 910
105 911
105 916
105 917
105 918
105 919
105 922
105 927
105 933
105 934
105 938
105 941
105 943
105 946
105 947
105 949
105 951
105 953
105 954
105 959
105 964
105 966
105 967
105 969
105 970
105 971
105 973
105 974
105 975
105 978
105 981
105 983
105 987
105 989
105 994
105 995
105 996
105 1000
106 505
106 506
106 509
106 515
106 516
106 527
106 534
106 536
106 540
106 541
106 542
106 544
106 556
106 557
106 558
106 560
106 566
106 567
106 574
106 587
106 589
106 592
106 596
106 600
106 606
106 611
106 613
106 615
106 616
106 618
106 621
106 623
106 624
106 629
106 638
106 645
106 646
106 648
106 650
106 651
106 652
106 659
106 662
106 663
106 672
106 678
106 679
106 681
106 684
106 685
106 689
106 691
106 694
106 701
106 704
106 707
106 716
106 719
106 720
106 721
106 725
106 729
106 733
106 734
106 736
106 739
106 742
106 743
106 744
106 747
106 748
106 751
106 753
106 754
106 760
106 762
106 778
106 780
106 781
106 782
106 784
106 788
106 792
106 796
106 805
106 807
106 809
106 810
106 814
106 823
106 825
106 826
106 831
106 832
106 836
106 837
106 841
106 842
106 843
106 849
106 850
106 852
106 857
106 859
106 862
106 880
106 885
106 886
106 887
106 888
106 891
106 892
106 895
106 899
106 900
106 902
106 905
106 909
106 910
106 911
106 918
106 922
106 923
106 924
106 927
106 933
106 936
106 937
106 944
106 945
106 949
106 954
106 959
106 960
106 974
106 975
106 983
106 984
106 989
106 991
106 996
106 997
107 503
107 513
107 520
107 523
107 532
107 533
107 535
107 538
107 542
107 543
107 544
107 546
107 551
107 556
107 560
107 562
107 564
107 569
107 572
107 575
107 577
107 580
107 590
107 593
107 594
107 598
107 599
107 609
107 612
107 613
107 616
107 618
107 619
107 622
107 623
107 624
107 632
107 638
107 640
107 644
107 645
107 647
107 650
107 651
107 656
107 657
107 658
107 659
107 663
107 667
107 668
107 672
107 674
107 676
107 677
107 682
107 684
107 691
107 693
107 694
107 700
107 710
107 715
107 722
107 723
107 724
107 726
107 727
107 732
107 734
107 735
107 740
107 745
107 746
107 748
107 749
107 755
107 784
107 786
107 787
107 799
107 801
107 802
107 812
107 816
107 819
107 820
107 823
107 825
107 826
107 832
107 833
107 837
107 840
107 842
107 850
107 853
107 856
107 864
107 865
107 868
107 870
107 872
107 873
107 878
107 883
107 886
107 888
107 889
107 891
107 892
107 896
107 899
107 901
107 912
107 914
107 918
107 919
107 924
107 926
107 927
107 928
107 935
107 937
107 949
107 951
107 953
107 956
107 960
107 963
107 965
107 971
107 973
107 974
107 976
107 981
107 984
107 988
107 991
107 996
107 997
107 998
108 505
108 512
108 513
108 515
108 516
108 518
108 519
108 528
108 532
108 534
108 537
108 538
108 539
108 546
108 550
108 551
108 553
108 554
108 560
108 562
108 572
108 578
108 584
108 587
108 588
108 592
108 602
108 607
108 609
108 613
108 624
108 626
108 627
108 629
108 630
108 639
108 642
108 645
108 646
108 656
108 658
108 665
108 668
108 670
108 673
108 677
108 678
108 682
108 687
108 693
108 694
108 696
108 699
108 706
108 711
108 712
108 714
108 715
108 716
108 729
108 734
108 737
108 739
108 741
108 746
108 748
108 752
108 758
108 761
108 765
108 766
108 767
108 778
108 784
108 785
108 786
108 787
108 793
108 794
108 795
108 797
108 802
108 803
108 805
108 807
108 810
108 815
108 817
108 822
108 834
108 837
108 838
108 844
108 850
108 852
108 855
108 856
108 858
108 871
108 872
108 873
108 874
108 877
108 893
108 896
108 897
108 903
108 904
108 907
108 910
108 911
108 912
108 913
108 914
108 917
108 925
108 927
108 931
108 935
108 936
108 937
108 938
108 944
108 949
108 950
108 957
108 964
108 970
108 975
108 977
108 984
108 986
108 987
108 989
108 994
108 996
108 997
108 998
108 999
108 1000
109 502
109 504
109 507
109 512
109 513
109 516
109 518
109 522
109 523
109 531
109 535
109 536
109 539
109 543
109 545
109 547
109 548
109 549
109 555
109 557
109 558
109 562
109 568
109 571
109 576
109 579
109 581
109 582
109 593
109 595
109 601
109 604
109 605
109 617
109 618
109 619
109 622
109 623
109 626
109 631
109 634
109 651
109 652
109 658
109 661
109 665
109 670
109 671
109 673
109 682
109 693
109 698
109 700
109 714
109 719
109 722
109 724
109 728
109 729
109 730
109 737
109 744
109 746
109 755
109 756
109 757
109 763
109 764
109 766
109 768
109 769
109 773
109 774
109 777
109 779
109 784
109 786
109 791
109 792
109 796
109 798
109 801
109 802
109 805
109 806
109 809
109 811
109 813
109 814
109 823
109 824
109 825
109 827
109 828
109 830
109 831
109 832
109 835
109 836
109 838
109 841
109 842
109 843
109 847
109 855
109 857
109 863
109 864
109 868
109 873
109 874
109 882
109 887
109 889
109 892
109 898
109 902
109 908
109 910
109 913
109 918
109 923
109 924
109 936
109 939
109 942
109 944
109 951
109 955
109 959
109 960
109 961
109 962
109 967
109 968
109 970
109 971
109 972
109 973
109 974
109 975
109 980
109 981
109 983
109 989
109 996
109 998
109 999
110 507
110 513
110 516
110 518
110 525
110 526
110 527
110 530
110 533
110 534
110 535
110 536
110 537
110 539
110 541
110 548
110 549
110 551
110 557
110 559
110 560
110 565
110 569
110 573
110 575
110 577
110 578
110 580
110 586
110 588
110 589
110 593
110 594
110 595
110 598
110 601
110 605
110 608
110 616
110 618
110 619
110 620
110 625
110 633
110 634
110 647
110 650
110 651
110 654
110 657
110 660
110 661
110 664
110 669
110 671
110 675
110 677
110 678
110 681
110 682
110 687
110 689
110 692
110 696
110 702
110 703
110 704
110 706
110 709
110 711
110 712
110 714
110 719
110 722
110 727
110 728
110 733
110 736
110 737
110 739
110 740
110 745
110 747
110 748
110 752
110 753
110 754
110 774
110 783
110 784
110 787
110 791
110 795
110 797
110 803
110 804
110 811
110 813
110 817
110 822
110 828
110 829
110 832
110 834
110 840
110 846
110 847
110 848
110 854
110 855
110 857
110 860
110 872
110 874
110 876
110 879
110 885
110 894
110 903
110 905
110 906
110 907
110 909
110 923
110 925
110 930
110 931
110 932
110 933
110 934
110 935
110 939
110 946
110 948
110 954
110 955
110 961
110 962
110 963
110 967
110 968
110 969
110 972
110 976
110 977
110 980
110 981
110 983
110 986
110 987
110 990
110 996
111 501
111 504
111 505
111 519
111 520
111 522
111 535
111 536
111 538
111 539
111 545
111 547
111 551
111 553
111 556
111 559
111 561
111 566
111 567
111 573
111 576
111 580
111 586
111 590
111 593
111 608
111 611
111 612
111 621
111 622
111 628
111 634
111 642
111 647
111 651
111 665
111 666
111 672
111 673
111 675
111 679
111 680
111 681
111 695
111 705
111 707
111 708
111 709
111 713
111 715
111 719
111 721
111 723
111 728
111 735
111 736
111 737
111 739
111 742
111 745
111 748
111 750
111 757
111 758
111 769
111 772
111 775
111 777
111 780
111 781
111 788
111 790
111 793
111 795
111 807
111 811
111 812
111 815
111 817
111 821
111 822
111 826
111 829
111 833
111 837
111 843
111 847
111 849
111 850
111 857
111 874
111 877
111 878
111 880
111 882
111 884
111 897
111 900
111 906
111 910
111 916
111 921
111 922
111 923
111 928
111 929
111 930
111 934
111 935
111 936
111 938
111 943
111 945
111 949
111 950
111 951
111 952
111 954
111 961
111 964
111 968
111 973
111 977
111 978
111 988
111 993
111 998
111 999
112 501
112 502
112 507
112 509
112 511
112 512
112 513
112 517
112 521
112 522
112 526
112 536
112 537
112 538
112 539
112 541
112 542
112 543
112 545
112 547
112 548
112 550
112 551
112 552
112 554
112 559
112 562
112 568
112 569
112 573
112 576
112 578
112 579
112 580
112 583
112 585
112 586
112 594
112 597
112 600
112 604
112 605
112 609
112 613
112 615
112 616
112 617
112 618
112 619
112 621
112 622
112 625
112 626
112 632
112 637
112 641
112 647
112 657
112 660
112 661
112 665
112 670
112 673
112 675
112 676
112 680
112 688
112 696
112 697
112 704
112 705
112 709
112 715
112 716
112 717
112 718
112 719
112 729
112 730
112 732
112 735
112 747
112 749
112 750
112 753
112 755
112 756
112 758
112 762
112 766
112 775
112 776
112 777
112 780
112 783
112 785
112 786
112 789
112 799
112 811
112 812
112 813
112 815
112 816
112 818
112 819
112 823
112 825
112 832
112 844
112 849
112 852
112 858
112 860
112 861
112 864
112 870
112 872
112 875
112 881
112 884
112 888
112 889
112 891
112 893
112 894
112 895
112 896
112 897
112 899
112 900
112 901
112 902
112 905
112 908
112 915
112 922
112 924
112 925
112 927
112 929
112 934
112 935
112 943
112 944
112 947
112 948
112 952
112 954
112 955
112 956
112 965
112 973
112 974
112 975
112 978
112 979
112 984
112 986
112 989
112 990
112 998
112 999
113 501
113 504
113 507
113 508
113 512
113 518
113 520
113 522
113 526
113 528
113 529
113 531
113 532
113 537
113 538
113 543
113 544
113 549
113 550
113 552
113 560
113 567
113 570
113 572
113 573
113 576
113 577
113 579
113 581
113 583
113 590
113 593
113 596
113 604
113 606
113 614
113 616
113 622
113 628
113 631
113 632
113 633
113 634
113 635
113 641
113 642
113 644
113 645
113 649
113 655
113 657
113 661
113 670
113 671
113 676
113 677
113 681
113 685
113 686
113 688
113 689
113 690
113 692
113 698
113 700
113 702
113 707
113 708
113 718
113 722
113 724
113 727
113 728
113 729
113 731
113 735
113 737
113 742
113 743
113 746
113 750
113 751
113 754
113 768
113 773
113 776
113 778
113 779
113 783
113 786
113 792
113 794
113 797
113 799
113 803
113 806
113 808
113 809
113 811
113 816
113 819
113 829
113 831
113 832
113 834
113 835
113 837
113 841
113 856
113 857
113 858
113 862
113 868
113 872
113 877
113 879
113 881
113 883
113 887
113 897
113 901
113 903
113 905
113 906
113 907
113 909
113 911
113 914
113 916
113 917
113 920
113 922
113 924
113 929
113 930
113 931
113 932
113 937
113 938
113 942
113 943
113 944
113 954
113 957
113 963
113 970
113 974
113 975
113 979
113 982
113 983
113 987
113 988
113 990
113 992
114 504
114 510
114 512
114 514
114 517
114 518
114 519
114 520
114 523
114 525
114 532
114 536
114 538
114 543
114 548
114 549
114 550
114 557
114 559
114 567
114 578
114 579
114 581
114 583
114 588
114 590
114 595
114 598
114 599
114 600
114 601
114 608
114 610
114 615
114 618
114 627
114 634
114 638
114 639
114 642
114 643
114 644
114 646
114 648
114 650
114 653
114 654
114 661
114 666
114 667
114 668
114 670
114 675
114 677
114 680
114 683
114 685
114 690
114 692
114 693
114 694
114 699
114 702
114 704
114 705
114 707
114 713
114 720
114 722
114 726
114 732
114 740
114 741
114 743
114 745
114 751
114 755
114 757
114 762
114 766
114 771
114 772
114 773
114 778
114 779
114 791
114 793
114 795
114 796
114 799
114 801
114 804
114 808
114 810
114 813
114 814
114 824
114 826
114 830
114 832
114 833
114 836
114 840
114 854
114 855
114 863
114 869
114 870
114 878
114 881
114 885
114 886
114 887
114 888
114 889
114 900
114 902
114 908
114 914
114 920
114 923
114 929
114 933
114 942
114 947
114 949
114 951
114 954
114 957
114 959
114 962
114 972
114 978
114 980
114 981
114 985
114 992
114 996
115 502
115 519
115 521
115 522
115 530
115 537
115 540
115 541
115 543
115 547
115 549
115 552
115 557
115 558
115 559
115 564
115 569
115 572
115 575
115 576
115 580
115 584
115 595
115 598
115 605
115 608
115 613
115 623
115 626
115 627
115 629
115 631
115 634
115 635
115 638
115 639
115 642
115 644
115 645
115 649
115 651
115 656
115 658
115 659
115 661
115 674
115 677
115 679
115 685
115 686
115 690
115 694
115 699
115 702
115 703
115 711
115 712
115 714
115 715
115 721
115 728
115 733
115 740
115 745
115 753
115 757
115 760
115 763
115 772
115 775
115 780
115 781
115 782
115 784
115 791
115 794
115 795
115 799
115 800
115 801
115 804
115 808
115 809
115 810
115 814
115 816
115 818
115 829
115 830
115 833
115 835
115 840
115 844
115 845
115 848
115 851
115 859
115 863
115 871
115 873
115 878
115 880
115 890
115 891
115 894
115 896
115 899
115 907
115 915
115 922
115 923
115 925
115 935
115 936
115 937
115 942
115 948
115 949
115 957
115 961
115 963
115 966
115 976
115 979
115 984
115 991
115 992
115 994
115 996
115 997
116 502
116 504
116 506
116 520
116 522
116 528
116 533
116 538
116 543
116 549
116 550
116 552
116 559
116 560
116 564
116 565
116 569
116 574
116 579
116 581
116 583
116 584
116 585
116 588
116 589
116 590
116 593
116 594
116 595
116 599
116 603
116 606
116 614
116 625
116 627
116 629
116 635
116 637
116 641
116 642
116 643
116 644
116 648
116 652
116 653
116 654
116 656
116 662
116 665
116 672
116 673
116 675
116 676
116 685
116 686
116 697
116 698
116 704
116 706
116 709
116 710
116 717
116 721
116 722
116 725
116 726
116 728
116 732
116 741
116 742
116 746
116 749
116 751
116 752
116 754
116 761
116 765
116 766
116 769
116 771
116 774
116 781
116 787
116 789
116 791
116 796
116 798
116 799
116 800
116 805
116 809
116 812
116 814
116 816
116 817
116 821
116 822
116 824
116 831
116 832
116 838
116 845
116 846
116 848
116 854
116 855
116 861
116 862
116 864
116 866
116 867
116 869
116 872
116 875
116 877
116 880
116 882
116 883
116 889
116 893
116 900
116 903
116 908
116 911
116 914
116 916
116 918
116 920
116 924
116 926
116 930
116 933
116 934
116 936
116 937
116 938
116 940
116 941
116 946
116 951
116 960
116 963
116 966
116 981
116 994
116 999
117 502
117 504
117 507
117 514
117 516
117 519
117 521
117 524
117 528
117 531
117 533
117 544
117 545
117 550
117 553
117 556
117 557
117 558
117 561
117 562
117 564
117 565
117 570
117 571
117 572
117 577
117 581
117 592
117 595
117 597
117 599
117 601
117 602
117 603
117 604
117 611
117 613
117 614
117 616
117 618
117 623
117 624
117 625
117 628
117 631
117 637
117 642
117 644
117 652
117 656
117 657
117 659
117 662
117 664
117 665
117 666
117 667
117 669
117 670
117 672
117 673
117 674
117 675
117 690
117 692
117 694
117 698
117 702
117 708
117 720
117 721
117 726
117 731
117 733
117 735
117 737
117 740
117 747
117 748
117 761
117 763
117 766
117 768
117 772
117 781
117 790
117 791
117 794
117 796
117 807
117 816
117 829
117 831
117 832
117 837
117 839
117 842
117 844
117 850
117 854
117 861
117 869
117 871
117 872
117 874
117 880
117 884
117 889
117 892
117 893
117 894
117 898
117 903
117 906
117 907
117 912
117 913
117 916
117 917
117 924
117 927
117 933
117 935
117 942
117 943
117 948
117 949
117 950
117 954
117 958
117 960
117 961
117 962
117 967
117 980
117 982
117 983
117 991
117 993
117 994
117 998
117 999
118 505
118 507
118 510
118 513
118 521
118 522
118 527
118 528
118 532
118 539
118 546
118 547
118 550
118 552
118 556
118 557
118 558
118 560
118 567
118 568
118 573
118 578
118 579
118 582
118 583
118 584
118 586
118 587
118 590
118 598
118 599
118 601
118 604
118 607
118 609
118 616
118 619
118 623
118 624
118 625
118 627
118 630
118 634
118 635
118 639
118 653
118 655
118 657
118 658
118 659
118 660
118 661
118 662
118 664
118 665
118 667
118 675
118 678
118 681
118 691
118 693
118 698
118 701
118 707
118 716
118 717
118 723
118 726
118 729
118 730
118 732
118 733
118 735
118 738
118 741
118 747
118 750
118 753
118 755
118 773
118 774
118 776
118 777
118 780
118 781
118 784
118 785
118 788
118 795
118 796
118 804
118 805
118 808
118 810
118 812
118 813
118 814
118 815
118 820
118 823
118 824
118 828
118 833
118 838
118 839
118 840
118 841
118 843
118 844
118 845
118 847
118 849
118 851
118 853
118 859
118 861
118 863
118 867
118 874
118 877
118 881
118 889
118 891
118 894
118 896
118 900
118 901
118 902
118 906
118 913
118 914
118 921
118 923
118 926
118 927
118 928
118 937
118 944
118 947
118 956
118 957
118 958
118 959
118 961
118 963
118 965
118 966
118 974
118 975
118 983
118 986
118 992
119 507
119 511
119 513
119 516
119 520
119 528
119 529
119 538
119 540
119 543
119 544
119 547
119 553
119 555
119 557
119 558
119 561
119 573
119 581
119 586
119 587
119 588
119 589
119 590
119 591
119 595
119 596
119 606
119 611
119 613
119 614
119 621
119 622
119 626
119 629
119 632
119 634
119 636
119 638
119 641
119 643
119 644
119 647
119 668
119 672
119 674
119 675
119 678
119 679
119 681
119 682
119 685
119 687
119 702
119 703
119 709
119 710
119 711
119 714
119 718
119 719
119 720
119 725
119 729
119 730
119 731
119 738
119 742
119 743
119 754
119 758
119 767
119 768
119 773
119 777
119 786
119 788
119 791
119 793
119 795
119 806
119 809
119 810
119 820
119 821
119 822
119 829
119 831
119 833
119 834
119 835
119 836
119 837
119 840
119 844
119 848
119 852
119 855
119 856
119 857
119 862
119 865
119 878
119 884
119 888
119 890
119 891
119 894
119 905
119 906
119 910
119 911
119 917
119 918
119 919
119 920
119 928
119 930
119 931
119 933
119 937
119 942
119 944
119 949
119 950
119 954
119 955
119 960
119 963
119 973
119 985
119 986
119 989
119 992
119 993
120 501
120 502
120 505
120 509
120 510
120 512
120 520
120 522
120 527
120 528
120 535
120 537
120 539
120 540
120 543
120 545
120 549
120 555
120 557
120 558
120 561
120 565
120 568
120 573
120 578
120 582
120 588
120 596
120 597
120 601
120 602
120 603
120 605
120 606
120 609
120 613
120 616
120 621
120 633
120 634
120 637
120 640
120 643
120 650
120 651
120 652
120 653
120 656
120 660
120 661
120 663
120 664
120 665
120 667
120 669
120 673
120 677
120 686
120 687
120 691
120 695
120 697
120 701
120 702
120 705
120 710
120 711
120 717
120 724
120 726
120 732
120 737
120 739
120 741
120 742
120 749
120 755
120 756
120 757
120 761
120 766
120 773
120 777
120 778
120 782
120 793
120 796
120 800
120 807
120 808
120 812
120 813
120 816
120 820
120 821
120 822
120 836
120 839
120 840
120 844
120 852
120 855
120 859
120 860
120 863
120 865
120 866
120 868
120 874
120 880
120 883
120 888
120 892
120 899
120 907
120 916
120 920
120 926
120 927
120 928
120 930
120 932
120 934
120 935
120 937
120 943
120 951
120 952
120 953
120 954
120 956
120 958
120 959
120 962
120 963
120 972
120 973
120 980
120 981
120 982
120 984
120 988
120 989
120 995
120 998
121 501
121 506
121 507
121 512
121 517
121 518
121 520
121 526
121 527
121 530
121 533
121 534
121 535
121 536
121 537
121 541
121 545
121 547
121 548
121 550
121 554
121 556
121 559
121 560
121 565
121 566
121 570
121 572
121 578
121 581
121 583
121 585
121 586
121 588
121 589
121 595
121 599
121 602
121 606
121 607
121 609
121 610
121 614
121 615
121 616
121 620
121 623
121 626
121 628
121 629
121 635
121 636
121 637
121 642
121 643
121 644
121 646
121 651
121 652
121 653
121 658
121 660
121 665
121 670
121 676
121 679
121 680
121 681
121 682
121 684
121 690
121 692
121 694
121 696
121 697
121 698
121 699
121 701
121 704
121 705
121 711
121 714
121 718
121 724
121 728
121 730
121 732
121 734
121 739
121 741
121 761
121 762
121 765
121 768
121 769
121 770
121 784
121 789
121 790
121 793
121 796
121 800
121 801
121 804
121 805
121 807
121 814
121 828
121 829
121 831
121 841
121 842
121 843
121 847
121 849
121 850
121 854
121 857
121 860
121 863
121 864
121 871
121 875
121 880
121 884
121 888
121 894
121 895
121 898
121 902
121 905
121 910
121 911
121 912
121 914
121 915
121 917
121 921
121 927
121 931
121 932
121 933
121 938
121 942
121 946
121 947
121 948
121 955
121 957
121 962
121 965
121 966
121 970
121 973
121 976
121 980
121 982
121 985
121 987
121 994
122 502
122 503
122 509
122 511
122 515
122 521
122 522
122 523
122 526
122 529
122 530
122 531
122 533
122 546
122 556
122 560
122 561
122 567
122 574
122 585
122 589
122 591
122 594
122 599
122 602
122 605
122 607
122 612
122 615
122 622
122 629
122 630
122 641
122 645
122 648
122 650
122 656
122 657
122 658
122 668
122 673
122 675
122 677
122 679
122 687
122 690
122 694
122 697
122 709
122 712
122 716
122 720
122 721
122 724
122 725
122 726
122 727
122 728
122 733
122 734
122 736
122 737
122 738
122 739
122 745
122 746
122 747
122 750
122 752
122 753
122 755
122 756
122 760
122 766
122 778
122 780
122 783
122 786
122 790
122 795
122 798
122 799
122 803
122 805
122 806
122 808
122 811
122 813
122 815
122 816
122 819
122 829
122 831
122 832
122 836
122 839
122 841
122 842
122 844
122 846
122 847
122 848
122 850
122 864
122 870
122 871
122 876
122 878
122 879
122 882
122 887
122 890
122 899
122 903
122 917
122 923
122 924
122 928
122 931
122 933
122 934
122 941
122 942
122 953
122 958
122 959
122 964
122 965
122 971
122 974
122 975
122 978
122 980
122 982
122 984
122 988
122 989
122 990
122 992
122 995
122 997
122 1000
123 501
123 506
123 507
123 511
123 520
123 522
123 523
123 526
123 528
123 529
123 533
123 535
123 539
123 542
123 543
123 544
123 549
123 553
123 556
123 557
123 559
123 575
123 576
123 585
123 587
123 588
123 596
123 599
123 609
123 612
123 613
123 620
123 622
123 623
123 627
123 629
123 631
123 634
123 635
123 639
123 641
123 645
123 648
123 650
123 654
123 659
123 666
123 667
123 669
123 672
123 679
123 681
123 689
123 690
123 693
123 698
123 703
123 705
123 714
123 716
123 721
123 725
123 726
123 732
123 734
123 736
123 738
123 740
123 742
123 745
123 746
123 747
123 749
123 751
123 752
123 753
123 755
123 760
123 762
123 763
123 764
123 765
123 766
123 770
123 772
123 774
123 778
123 779
123 781
123 785
123 789
123 790
123 793
123 795
123 807
123 813
123 815
123 816
123 823
123 824
123 825
123 826
123 827
123 832
123 833
123 837
123 842
123 846
123 849
123 856
123 865
123 868
123 869
123 870
123 871
123 874
123 876
123 882
123 885
123 887
123 888
123 896
123 897
123 905
123 906
123 909
123 910
123 911
123 912
123 920
123 921
123 922
123 923
123 924
123 930
123 932
123 935
123 938
123 944
123 946
123 947
123 950
123 951
123 952
123 953
123 960
123 969
123 971
123 975
123 976
123 979
123 983
123 988
123 989
123 991
123 997
123 1000
124 501
124 503
124 504
124 506
124 507
124 509
124 510
124 515
124 519
124 521
124 526
124 527
124 531
124 538
124 540
124 541
124 543
124 547
124 550
124 552
124 554
124 557
124 558
124 561
124 563
124 569
124 570
124 572
124 576
124 577
124 582
124 584
124 591
124 594
124 603
124 608
124 609
124 610
124 611
124 612
124 616
124 620
124 624
124 627
124 628
124 630
124 632
124 633
124 635
124 637
124 639
124 640
124 642
124 644
124 645
124 649
124 652
124 655
124 661
124 663
124 669
124 671
124 679
124 682
124 687
124 689
124 696
124 699
124 708
124 713
124 716
124 719
124 724
124 733
124 736
124 738
124 739
124 741
124 742
124 743
124 747
124 749
124 751
124 761
124 781
124 787
124 788
124 790
124 791
124 792
124 800
124 805
124 806
124 809
124 811
124 816
124 817
124 818
124 821
124 825
124 828
124 831
124 841
124 845
124 852
124 855
124 857
124 858
124 860
124 863
124 864
124 867
124 868
124 871
124 872
124 879
124 880
124 881
124 883
124 884
124 886
124 899
124 901
124 902
124 904
124 906
124 909
124 910
124 911
124 916
124 918
124 919
124 920
124 921
124 922
124 925
124 929
124 935
124 936
124 937
124 938
124 941
124 946
124 948
124 949
124 950
124 952
124 953
124 954
124 960
124 963
124 965
124 966
124 967
124 973
124 975
124 976
124 978
124 983
124 988
124 991
124 997
124 999
125 502
125 505
125 507
125 509
125 520
125 524
125 529
125 531
125 535
125 538
125 539
125 542
125 544
125 550
125 551
125 553
125 561
125 563
125 567
125 572
125 576
125 581
125 590
125 592
125 594
125 595
125 600
125 601
125 602
125 603
125 608
125 613
125 614
125 617
125 620
125 622
125 623
125 629
125 632
125 633
125 637
125 640
125 641
125 642
125 660
125 661
125 662
125 663
125 664
125 671
125 673
125 674
125 679
125 692
125 694
125 695
125 697
125 698
125 704
125 705
125 706
125 709
125 710
125 712
125 715
125 720
125 723
125 726
125 729
125 732
125 733
125 735
125 737
125 739
125 746
125 756
125 757
125 759
125 760
125 764
125 765
125 766
125 767
125 770
125 772
125 773
125 774
125 780
125 782
125 787
125 794
125 803
125 808
125 809
125 829
125 842
125 845
125 847
125 849
125 851
125 857
125 863
125 864
125 882
125 884
125 895
125 907
125 911
125 913
125 914
125 916
125 918
125 923
125 924
125 930
125 931
125 933
125 941
125 946
125 950
125 952
125 963
125 964
125 968
125 971
125 990
125 992
126 503
126 504
126 507
126 509
126 512
126 518
126 519
126 522
126 525
126 527
126 531
126 532
126 535
126 536
126 537
126 538
126 547
126 548
126 550
126 554
126 557
126 558
126 562
126 565
126 567
126 568
126 572
126 577
126 579
126 581
126 582
126 589
126 594
126 600
126 605
126 606
126 616
126 619
126 621
126 623
126 629
126 633
126 640
126 647
126 651
126 654
126 657
126 658
126 659
126 663
126 664
126 670
126 674
126 675
126 680
126 681
126 685
126 686
126 688
126 689
126 690
126 691
126 692
126 693
126 694
126 696
126 698
126 699
126 701
126 708
126 716
126 718
126 729
126 741
126 744
126 756
126 757
126 762
126 767
126 771
126 772
126 776
126 778
126 779
126 780
126 783
126 784
126 788
126 798
126 803
126 805
126 807
126 810
126 813
126 817
126 837
126 844
126 847
126 848
126 849
126 854
126 858
126 862
126 865
126 867
126 873
126 874
126 877
126 878
126 882
126 884
126 890
126 893
126 903
126 910
126 925
126 926
126 929
126 933
126 934
126 936
126 938
126 939
126 941
126 944
126 960
126 961
126 964
126 966
126 967
126 970
126 976
126 979
126 982
126 986
126 989
126 990
126 994
126 998
127 502
127 505
127 506
127 507
127 509
127 511
127 512
127 517
127 519
127 522
127 523
127 525
127 528
127 530
127 533
127 535
127 536
127 541
127 545
127 552
127 555
127 557
127 569
127 582
127 587
127 588
127 593
127 595
127 599
127 608
127 613
127 614
127 620
127 624
127 629
127 632
127 638
127 639
127 644
127 647
127 651
127 656
127 659
127 667
127 676
127 679
127 682
127 685
127 709
127 710
127 713
127 716
127 721
127 723
127 724
127 725
127 731
127 732
127 736
127 740
127 741
127 745
127 747
127 750
127 751
127 758
127 762
127 764
127 766
127 767
127 770
127 773
127 780
127 782
127 783
127 791
127 796
127 798
127 801
127 805
127 806
127 810
127 811
127 818
127 819
127 820
127 823
127 832
127 833
127 837
127 839
127 840
127 841
127 845
127 846
127 852
127 854
127 861
127 862
127 863
127 864
127 866
127 867
127 869
127 870
127 884
127 889
127 890
127 895
127 899
127 901
127 903
127 906
127 907
127 908
127 911
127 915
127 918
127 919
127 933
127 934
127 935
127 936
127 938
127 940
127 943
127 944
127 945
127 947
127 948
127 949
127 952
127 954
127 958
127 964
127 965
127 968
127 969
127 975
127 977
127 979
127 981
127 998
127 1000
128 504
128 505
128 508
128 512
128 513
128 518
128 521
128 522
128 523
128 528
128 533
128 534
128 538
128 539
128 541
128 543
128 547
128 550
128 552
128 555
128 559
128 563
128 570
128 571
128 583
128 584
128 585
128 586
128 587
128 590
128 591
128 600
128 603
128 610
128 612
128 613
128 616
128 617
128 618
128 623
128 625
128 631
128 632
128 633
128 636
128 638
128 642
128 643
128 648
128 653
128 655
128 658
128 660
128 666
128 678
128 679
128 681
128 683
128 684
128 688
128 692
128 700
128 701
128 707
128 716
128 720
128 723
128 724
128 731
128 745
128 746
128 747
128 752
128 754
128 755
128 756
128 758
128 761
128 767
128 771
128 775
128 777
128 778
128 781
128 784
128 794
128 795
128 797
128 799
128 801
128 802
128 803
128 809
128 810
128 812
128 813
128 815
128 819
128 821
128 824
128 827
128 834
128 835
128 836
128 837
128 838
128 839
128 841
128 850
128 852
128 855
128 857
128 858
128 863
128 869
128 877
128 880
128 888
128 891
128 895
128 896
128 898
128 902
128 904
128 914
128 915
128 916
128 919
128 924
128 937
128 939
128 942
128 947
128 949
128 954
128 961
128 962
128 964
128 967
128 979
128 980
128 985
128 987
128 988
128 992
128 994
129 503
129 504
129 505
129 506
129 508
129 512
129 517
129 520
129 529
129 532
129 534
129 535
129 536
129 542
129 549
129 550
129 552
129 557
129 561
129 565
129 568
129 571
129 572
129 580
129 585
129 589
129 590
129 591
129 595
129 596
129 600
129 602
129 603
129 605
129 606
129 607
129 610
129 611
129 617
129 629
129 634
129 636
129 642
129 649
129 650
129 654
129 657
129 661
129 668
129 669
129 672
129 673
129 674
129 678
129 679
129 681
129 685
129 690
129 696
129 701
129 705
129 709
129 710
129 713
129 716
129 721
129 723
129 726
129 729
129 738
129 740
129 741
129 746
129 749
129 753
129 756
129 760
129 771
129 772
129 780
129 784
129 787
129 790
129 800
129 811
129 815
129 818
129 819
129 827
129 841
129 846
129 848
129 849
129 850
129 856
129 859
129 864
129 865
129 870
129 875
129 877
129 887
129 888
129 889
129 899
129 902
129 915
129 916
129 917
129 918
129 919
129 921
129 924
129 929
129 936
129 937
129 945
129 948
129 957
129 962
129 966
129 971
129 974
129 977
129 978
129 982
129 989
129 999
129 1000
130 502
130 511
130 513
130 514
130 516
130 517
130 519
130 520
130 522
130 523
130 524
130 537
130 538
130 540
130 542
130 543
130 544
130 546
130 547
130 549
130 550
130 551
130 555
130 556
130 561
130 564
130 568
130 576
130 580
130 593
130 595
130 600
130 601
130 602
130 606
130 607
130 609
130 610
130 611
130 613
130 617
130 619
130 620
130 624
130 628
130 631
130 632
130 639
130 649
130 650
130 657
130 659
130 661
130 662
130 674
130 683
130 686
130 692
130 695
130 696
130 697
130 698
130 699
130 701
130 707
130 708
130 709
130 711
130 714
130 715
130 719
130 720
130 725
130 728
130 729
130 731
130 735
130 736
130 740
130 748
130 750
130 753
130 755
130 757
130 763
130 767
130 772
130 774
130 776
130 779
130 781
130 783
130 790
130 792
130 793
130 794
130 800
130 803
130 806
130 815
130 821
130 822
130 824
130 829
130 830
130 831
130 832
130 834
130 835
130 837
130 838
130 841
130 844
130 849
130 850
130 853
130 856
130 865
130 866
130 871
130 874
130 886
130 887
130 888
130 890
130 891
130 893
130 902
130 913
130 917
130 918
130 919
130 920
130 922
130 928
130 936
130 938
130 946
130 948
130 949
130 950
130 952
130 955
130 957
130 958
130 962
130 965
130 966
130 968
130 969
130 970
130 973
130 980
130 982
130 989
130 998
130 1000
131 501
131 509
131 512
131 514
131 522
131 532
131 534
131 536
131 544
131 555
131 560
131 563
131 564
131 567
131 569
131 575
131 576
131 579
131 584
131 585
131 587
131 590
131 591
131 592
131 596
131 603
131 606
131 607
131 610
131 617
131 620
131 621
131 623
131 630
131 638
131 639
131 642
131 643
131 644
131 645
131 647
131 649
131 656
131 658
131 660
131 661
131 668
131 673
131 675
131 678
131 679
131 681
131 684
131 687
131 689
131 695
131 698
131 699
131 700
131 704
131 708
131 711
131 715
131 718
131 720
131 724
131 727
131 728
131 729
131 732
131 733
131 734
131 736
131 737
131 738
131 739
131 740
131 741
131 742
131 743
131 755
131 759
131 766
131 767
131 768
131 773
131 775
131 777
131 784
131 785
131 787
131 790
131 791
131 797
131 802
131 803
131 804
131 807
131 808
131 810
131 815
131 816
131 824
131 829
131 833
131 834
131 842
131 843
131 844
131 848
131 857
131 861
131 863
131 866
131 867
131 868
131 871
131 880
131 882
131 886
131 890
131 892
131 895
131 896
131 899
131 900
131 905
131 907
131 910
131 912
131 913
131 915
131 918
131 921
131 932
131 933
131 935
131 937
131 939
131 940
131 941
131 953
131 957
131 960
131 962
131 968
131 969
131 970
131 973
131 975
131 976
131 981
131 982
131 984
131 988
131 989
131 990
131 991
131 992
131 997
131 998
131 1000
132 504
132 507
132 509
132 510
132 513
132 514
132 516
132 518
132 520
132 525
132 526
132 530
132 531
132 535
132 536
132 537
132 539
132 540
132 542
132 546
132 553
132 555
132 556
132 559
132 562
132 569
132 575
132 578
132 579
132 589
132 595
132 597
132 604
132 608
132 609
132 610
132 617
132 619
132 621
132 623
132 627
132 628
132 634
132 637
132 640
132 642
132 644
132 650
132 651
132 654
132 655
132 657
132 658
132 661
132 666
132 668
132 669
132 670
132 671
132 672
132 675
132 677
132 681
132 687
132 699
132 700
132 702
132 704
132 706
132 710
132 714
132 715
132 718
132 719
132 720
132 728
132 731
132 732
132 741
132 743
132 746
132 749
132 755
132 756
132 757
132 758
132 759
132 760
132 764
132 766
132 767
132 769
132 776
132 778
132 780
132 781
132 783
132 786
132 791
132 793
132 796
132 803
132 805
132 806
132 808
132 811
132 813
132 819
132 822
132 824
132 827
132 828
132 834
132 837
132 839
132 840
132 841
132 850
132 851
132 852
132 853
132 854
132 858
132 864
132 868
132 877
132 878
132 880
132 882
132 885
132 887
132 888
132 893
132 895
132 896
132 897
132 899
132 901
132 909
132 914
132 916
132 920
132 926
132 928
132 934
132 938
132 939
132 944
132 947
132 948
132 954
132 964
132 965
132 967
132 972
132 983
132 985
132 988
132 999
133 503
133 504
133 508
133 510
133 511
133 516
133 520
133 522
133 526
133 527
133 531
133 536
133 537
133 541
133 542
133 544
133 547
133 555
133 577
133 579
133 585
133 588
133 594
133 595
133 597
133 604
133 606
133 609
133 613
133 621
133 623
133 626
133 632
133 634
133 640
133 641
133 642
133 644
133 647
133 650
133 655
133 656
133 659
133 663
133 665
133 666
133 669
133 671
133 676
133 677
133 683
133 690
133 692
133 696
133 697
133 699
133 701
133 704
133 706
133 708
133 709
133 717
133 718
133 721
133 732
133 737
133 742
133 748
133 752
133 753
133 757
133 759
133 761
133 768
133 769
133 780
133 781
133 783
133 787
133 788
133 794
133 801
133 805
133 806
133 809
133 810
133 811
133 814
133 823
133 824
133 828
133 830
133 832
133 834
133 837
133 841
133 842
133 843
133 844
133 852
133 855
133 857
133 865
133 866
133 869
133 870
133 874
133 875
133 876
133 878
133 882
133 886
133 889
133 895
133 901
133 906
133 910
133 913
133 916
133 920
133 926
133 928
133 931
133 933
133 936
133 938
133 940
133 942
133 946
133 947
133 949
133 950
133 952
133 954
133 956
133 958
133 960
133 961
133 963
133 968
133 969
133 972
133 975
133 976
133 977
133 979
133 981
133 982
133 983
133 984
133 986
133 987
133 988
133 989
133 991
133 995
133 996
133 997
133 999
134 501
134 510
134 514
134 517
134 519
134 520
134 521
134 523
134 524
134 525
134 530
134 531
134 535
134 536
134 541
134 544
134 546
134 547
134 548
134 549
134 552
134 555
134 559
134 566
134 568
134 569
134 570
134 575
134 576
134 578
134 583
134 585
134 591
134 594
134 597
134 606
134 611
134 614
134 620
134 621
134 622
134 627
134 633
134 635
134 636
134 642
134 643
134 644
134 649
134 651
134 656
134 660
134 670
134 677
134 683
134 685
134 686
134 689
134 690
134 694
134 696
134 698
134 700
134 704
134 705
134 706
134 719
134 720
134 724
134 726
134 728
134 730
134 731
134 733
134 735
134 736
134 738
134 742
134 743
134 745
134 746
134 747
134 749
134 751
134 755
134 756
134 757
134 759
134 761
134 772
134 776
134 779
134 780
134 784
134 785
134 787
134 788
134 790
134 791
134 794
134 795
134 796
134 804
134 809
134 811
134 812
134 820
134 822
134 824
134 825
134 826
134 831
134 832
134 833
134 834
134 836
134 838
134 839
134 840
134 841
134 843
134 845
134 846
134 848
134 849
134 855
134 860
134 861
134 864
134 867
134 868
134 870
134 876
134 878
134 882
134 887
134 891
134 894
134 896
134 898
134 910
134 911
134 917
134 918
134 922
134 925
134 933
134 934
134 935
134 936
134 941
134 944
134 948
134 951
134 959
134 961
134 963
134 964
134 969
134 971
134 974
134 975
134 980
134 982
134 983
134 989
134 991
134 993
134 994
134 998
135 501
135 503
135 513
135 517
135 520
135 527
135 528
135 531
135 533
135 536
135 538
135 539
135 540
135 546
135 547
135 549
135 550
135 551
135 554
135 557
135 558
135 567
135 575
135 577
135 578
135 579
135 583
135 585
135 587
135 591
135 595
135 597
135 600
135 601
135 607
135 612
135 616
135 620
135 627
135 630
135 632
135 636
135 638
135 644
135 650
135 656
135 662
135 663
135 668
135 670
135 673
135 674
135 679
135 680
135 683
135 690
135 692
135 693
135 696
135 697
135 699
135 701
135 708
135 712
135 713
135 715
135 718
135 722
135 723
135 724
135 725
135 728
135 736
135 739
135 742
135 744
135 746
135 747
135 749
135 750
135 751
135 752
135 753
135 755
135 756
135 762
135 764
135 766
135 767
135 772
135 773
135 775
135 782
135 784
135 787
135 789
135 791
135 793
135 795
135 796
135 800
135 802
135 806
135 808
135 810
135 811
135 813
135 816
135 817
135 822
135 823
135 824
135 840
135 841
135 842
135 847
135 850
135 858
135 862
135 863
135 864
135 871
135 873
135 874
135 879
135 880
135 882
135 888
135 889
135 906
135 907
135 910
135 919
135 921
135 923
135 924
135 925
135 926
135 928
135 932
135 934
135 938
135 939
135 944
135 949
135 951
135 952
135 954
135 958
135 966
135 967
135 968
135 969
135 973
135 978
135 979
135 982
135 993
135 998
136 507
136 509
136 511
136 512
136 517
136 518
136 521
136 523
136 526
136 528
136 529
136 532
136 535
136 536
136 537
136 539
136 542
136 543
136 547
136 556
136 560
136 564
136 565
136 567
136 577
136 578
136 580
136 595
136 596
136 597
136 598
136 599
136 603
136 609
136 611
136 612
136 616
136 621
136 629
136 633
136 634
136 641
136 652
136 654
136 656
136 657
136 666
136 670
136 676
136 678
136 683
136 684
136 690
136 699
136 700
136 703
136 709
136 711
136 722
136 723
136 726
136 731
136 734
136 737
136 741
136 742
136 744
136 745
136 747
136 749
136 750
136 752
136 757
136 760
136 761
136 771
136 775
136 781
136 786
136 791
136 796
136 797
136 799
136 815
136 821
136 822
136 823
136 824
136 826
136 830
136 831
136 834
136 837
136 838
136 841
136 848
136 852
136 860
136 861
136 862
136 865
136 866
136 870
136 878
136 881
136 883
136 885
136 887
136 889
136 898
136 900
136 901
136 902
136 905
136 909
136 910
136 916
136 924
136 925
136 930
136 933
136 936
136 938
136 941
136 945
136 951
136 953
136 957
136 958
136 961
136 962
136 965
136 966
136 972
136 973
136 976
136 979
136 981
136 982
136 992
137 502
137 503
137 508
137 509
137 514
137 527
137 530
137 532
137 533
137 534
137 536
137 539
137 544
137 545
137 549
137 559
137 562
137 563
137 564
137 567
137 568
137 576
137 578
137 579
137 581
137 585
137 590
137 597
137 598
137 604
137 610
137 623
137 626
137 638
137 640
137 641
137 649
137 650
137 658
137 676
137 683
137 688
137 693
137 698
137 699
137 700
137 703
137 707
137 708
137 713
137 718
137 720
137 722
137 723
137 725
137 728
137 732
137 736
137 739
137 748
137 750
137 754
137 755
137 758
137 762
137 771
137 773
137 774
137 779
137 782
137 786
137 789
137 791
137 800
137 801
137 802
137 803
137 805
137 812
137 821
137 830
137 831
137 833
137 835
137 837
137 838
137 840
137 844
137 848
137 852
137 855
137 856
137 860
137 861
137 862
137 864
137 865
137 867
137 870
137 872
137 875
137 879
137 884
137 886
137 888
137 889
137 894
137 895
137 897
137 900
137 904
137 907
137 909
137 916
137 919
137 920
137 921
137 927
137 931
137 932
137 934
137 935
137 939
137 940
137 942
137 950
137 957
137 966
137 968
137 971
137 972
137 982
137 983
137 987
137 988
137 992
137 999
138 502
138 505
138 509
138 512
138 513
138 526
138 527
138 529
138 535
138 536
138 537
138 538
138 539
138 541
138 549
138 551
138 553
138 554
138 557
138 562
138 563
138 565
138 566
138 569
138 571
138 576
138 578
138 580
138 581
138 583
138 585
138 594
138 598
138 601
138 602
138 605
138 610
138 613
138 615
138 616
138 617
138 618
138 624
138 625
138 626
138 627
138 632
138 635
138 637
138 645
138 646
138 649
138 652
138 659
138 660
138 663
138 666
138 673
138 675
138 678
138 684
138 685
138 689
138 690
138 693
138 697
138 699
138 700
138 705
138 708
138 714
138 719
138 721
138 724
138 727
138 728
138 739
138 741
138 742
138 743
138 747
138 748
138 754
138 760
138 762
138 763
138 768
138 775
138 777
138 785
138 787
138 788
138 793
138 799
138 800
138 802
138 804
138 808
138 809
138 811
138 812
138 814
138 823
138 827
138 828
138 829
138 832
138 835
138 841
138 846
138 851
138 852
138 854
138 855
138 856
138 859
138 860
138 862
138 865
138 867
138 871
138 873
138 877
138 881
138 882
138 886
138 890
138 892
138 894
138 895
138 896
138 899
138 900
138 902
138 904
138 907
138 908
138 909
138 910
138 911
138 913
138 917
138 918
138 919
138 920
138 922
138 923
138 928
138 934
138 937
138 939
138 940
138 941
138 942
138 943
138 945
138 948
138 950
138 951
138 956
138 958
138 963
138 964
138 966
138 967
138 972
138 977
138 981
138 984
138 987
138 988
138 995
138 999
138 1000
139 503
139 506
139 507
139 517
139 519
139 526
139 528
139 529
139 530
139 532
139 533
139 535
139 544
139 547
139 551
139 552
139 555
139 558
139 561
139 570
139 571
139 574
139 576
139 577
139 581
139 582
139 584
139 585
139 588
139 590
139 591
139 592
139 593
139 599
139 608
139 621
139 623
139 624
139 629
139 630
139 631
139 632
139 633
139 634
139 637
139 639
139 642
139 645
139 647
139 648
139 650
139 652
139 654
139 661
139 662
139 664
139 672
139 674
139 676
139 677
139 679
139 683
139 685
139 687
139 688
139 692
139 694
139 700
139 701
139 704
139 708
139 710
139 714
139 718
139 719
139 721
139 727
139 728
139 732
139 735
139 738
139 740
139 745
139 751
139 752
139 753
139 757
139 761
139 764
139 768
139 773
139 774
139 775
139 779
139 783
139 784
139 785
139 787
139 790
139 791
139 793
139 806
139 810
139 814
139 815
139 816
139 818
139 819
139 820
139 825
139 826
139 827
139 829
139 830
139 831
139 834
139 835
139 838
139 840
139 843
139 846
139 853
139 855
139 856
139 858
139 864
139 866
139 873
139 874
139 875
139 877
139 878
139 883
139 887
139 894
139 895
139 901
139 902
139 903
139 906
139 913
139 917
139 919
139 920
139 923
139 925
139 927
139 929
139 930
139 932
139 937
139 940
139 941
139 945
139 947
139 949
139 954
139 961
139 965
139 974
139 975
139 977
139 982
139 984
139 989
139 990
139 992
139 993
139 996
139 998
140 501
140 502
140 503
140 506
140 507
140 508
140 513
140 522
140 525
140 526
140 528
140 529
140 541
140 545
140 550
140 552
140 555
140 563
140 565
140 569
140 571
140 573
140 581
140 582
140 595
140 597
140 598
140 602
140 616
140 622
140 624
140 629
140 630
140 634
140 643
140 645
140 649
140 651
140 652
140 655
140 656
140 660
140 662
140 664
140 665
140 672
140 674
140 675
140 677
140 679
140 681
140 692
140 694
140 697
140 698
140 700
140 704
140 705
140 709
140 710
140 712
140 713
140 715
140 718
140 722
140 723
140 726
140 734
140 735
140 737
140 738
140 740
140 744
140 746
140 750
140 753
140 757
140 764
140 766
140 767
140 779
140 785
140 791
140 792
140 796
140 797
140 798
140 801
140 810
140 813
140 814
140 819
140 820
140 825
140 830
140 841
140 842
140 845
140 848
140 856
140 861
140 862
140 864
140 866
140 867
140 870
140 871
140 876
140 878
140 879
140 885
140 886
140 888
140 889
140 891
140 914
140 917
140 919
140 920
140 924
140 926
140 928
140 930
140 937
140 938
140 941
140 942
140 945
140 948
140 954
140 960
140 966
140 978
140 979
140 985
140 992
140 994
140 996
141 505
141 506
141 509
141 515
141 517
141 519
141 522
141 523
141 533
141 536
141 542
141 544
141 551
141 552
141 553
141 555
141 558
141 562
141 564
141 565
141 566
141 570
141 572
141 573
141 578
141 582
141 583
141 586
141 589
141 592
141 594
141 599
141 607
141 609
141 610
141 613
141 620
141 622
141 623
141 626
141 627
141 630
141 639
141 640
141 646
141 651
141 655
141 660
141 671
141 673
141 679
141 681
141 685
141 686
141 689
141 690
141 691
141 693
141 697
141 700
141 701
141 702
141 714
141 719
141 722
141 724
141 725
141 729
141 730
141 731
141 734
141 740
141 741
141 747
141 750
141 752
141 756
141 757
141 759
141 764
141 776
141 781
141 788
141 797
141 799
141 800
141 805
141 809
141 813
141 815
141 816
141 817
141 820
141 823
141 826
141 831
141 842
141 845
141 850
141 851
141 857
141 862
141 863
141 864
141 872
141 878
141 882
141 885
141 887
141 889
141 890
141 892
141 896
141 897
141 898
141 899
141 902
141 903
141 904
141 909
141 913
141 914
141 919
141 922
141 927
141 933
141 934
141 935
141 940
141 949
141 952
141 963
141 964
141 967
141 971
141 972
141 973
141 977
141 978
141 985
141 994
141 995
141 996
141 997
141 999
142 502
142 509
142 514
142 515
142 517
142 518
142 520
142 527
142 535
142 537
142 539
142 541
142 544
142 550
142 554
142 556
142 557
142 560
142 573
142 577
142 578
142 580
142 584
142 585
142 596
142 599
142 600
142 601
142 603
142 607
142 608
142 618
142 619
142 620
142 621
142 624
142 625
142 627
142 628
142 629
142 630
142 632
142 633
142 639
142 642
142 643
142 645
142 646
142 647
142 648
142 650
142 652
142 653
142 655
142 656
142 659
142 664
142 667
142 672
142 673
142 680
142 682
142 684
142 685
142 688
142 692
142 694
142 698
142 699
142 704
142 707
142 716
142 719
142 723
142 727
142 730
142 734
142 736
142 737
142 744
142 748
142 758
142 759
142 769
142 773
142 777
142 782
142 788
142 795
142 797
142 798
142 802
142 803
142 805
142 806
142 809
142 812
142 813
142 821
142 829
142 830
142 831
142 836
142 838
142 850
142 853
142 854
142 860
142 864
142 866
142 869
142 873
142 878
142 881
142 884
142 886
142 887
142 891
142 892
142 894
142 900
142 901
142 904
142 905
142 907
142 919
142 925
142 927
142 932
142 941
142 945
142 946
142 947
142 949
142 955
142 957
142 959
142 961
142 962
142 963
142 964
142 966
142 975
142 977
142 984
142 989
142 992
142 995
142 996
142 1000
143 502
143 504
143 508
143 511
143 533
143 535
143 536
143 537
143 540
143 549
143 553
143 554
143 555
143 557
143 560
143 563
143 564
143 565
143 566
143 577
143 578
143 583
143 586
143 593
143 595
143 602
143 604
143 611
143 613
143 616
143 623
143 625
143 636
143 637
143 639
143 641
143 643
143 644
143 645
143 649
143 653
143 661
143 664
143 670
143 678
143 685
143 688
143 693
143 694
143 696
143 706
143 713
143 715
143 717
143 722
143 725
143 732
143 733
143 738
143 743
143 744
143 746
143 747
143 748
143 753
143 764
143 772
143 774
143 781
143 783
143 784
143 785
143 792
143 797
143 798
143 800
143 803
143 805
143 807
143 810
143 811
143 812
143 813
143 817
143 819
143 824
143 826
143 829
143 834
143 835
143 838
143 840
143 841
143 847
143 849
143 851
143 852
143 854
143 856
143 857
143 858
143 862
143 866
143 868
143 872
143 874
143 875
143 881
143 888
143 890
143 906
143 908
143 913
143 916
143 917
143 922
143 923
143 928
143 930
143 936
143 941
143 945
143 946
143 948
143 949
143 951
143 952
143 959
143 960
143 965
143 966
143 973
143 976
143 977
143 978
143 982
143 983
143 987
143 989
143 992
143 1000
144 503
144 511
144 514
144 515
144 516
144 532
144 534
144 536
144 538
144 539
144 544
144 545
144 550
144 558
144 560
144 564
144 566
144 570
144 572
144 573
144 574
144 582
144 587
144 592
144 593
144 597
144 598
144 599
144 602
144 607
144 608
144 609
144 610
144 614
144 615
144 620
144 622
144 630
144 635
144 636
144 637
144 638
144 639
144 642
144 644
144 649
144 651
144 656
144 657
144 662
144 674
144 675
144 680
144 689
144 690
144 699
144 712
144 720
144 725
144 726
144 737
144 739
144 741
144 742
144 749
144 753
144 754
144 756
144 762
144 763
144 766
144 767
144 768
144 773
144 784
144 787
144 788
144 789
144 791
144 792
144 793
144 797
144 799
144 804
144 811
144 816
144 817
144 819
144 820
144 821
144 824
144 829
144 842
144 843
144 847
144 851
144 856
144 866
144 867
144 870
144 871
144 873
144 875
144 876
144 879
144 881
144 882
144 886
144 892
144 894
144 898
144 899
144 900
144 903
144 906
144 909
144 916
144 929
144 930
144 936
144 937
144 938
144 943
144 947
144 948
144 949
144 952
144 953
144 957
144 960
144 964
144 967
144 971
144 975
144 981
144 987
144 990
144 993
145 505
145 507
145 509
145 516
145 517
145 519
145 522
145 528
145 529
145 533
145 534
145 540
145 541
145 549
145 553
145 554
145 555
145 560
145 561
145 562
145 567
145 570
145 573
145 575
145 576
145 580
145 584
145 585
145 587
145 588
145 590
145 591
145 599
145 604
145 605
145 609
145 610
145 611
145 612
145 620
145 625
145 627
145 629
145 630
145 631
145 635
145 640
145 642
145 643
145 657
145 662
145 669
145 671
145 674
145 676
145 680
145 681
145 682
145 683
145 684
145 685
145 688
145 693
145 700
145 701
145 711
145 712
145 714
145 715
145 716
145 724
145 729
145 731
145 733
145 736
145 737
145 754
145 755
145 757
145 759
145 763
145 766
145 769
145 775
145 778
145 780
145 782
145 783
145 792
145 796
145 799
145 802
145 803
145 804
145 806
145 807
145 808
145 809
145 810
145 815
145 816
145 820
145 821
145 824
145 825
145 826
145 829
145 831
145 832
145 833
145 836
145 839
145 840
145 841
145 849
145 853
145 855
145 857
145 858
145 861
145 868
145 869
145 871
145 878
145 881
145 883
145 888
145 893
145 895
145 900
145 901
145 902
145 906
145 911
145 913
145 916
145 917
145 920
145 922
145 924
145 925
145 934
145 935
145 936
145 942
145 949
145 952
145 958
145 960
145 962
145 964
145 965
145 972
145 975
145 977
145 978
145 982
145 989
145 997
146 501
146 503
146 505
146 508
146 510
146 513
146 529
146 532
146 537
146 538
146 541
146 542
146 546
146 548
146 549
146 552
146 560
146 561
146 563
146 564
146 565
146 567
146 568
146 577
146 580
146 581
146 582
146 586
146 591
146 596
146 600
146 606
146 612
146 614
146 617
146 619
146 623
146 625
146 627
146 628
146 633
146 638
146 644
146 646
146 652
146 653
146 656
146 665
146 670
146 673
146 674
146 679
146 691
146 693
146 707
146 708
146 711
146 714
146 717
146 718
146 719
146 720
146 721
146 722
146 724
146 725
146 727
146 735
146 744
146 745
146 747
146 752
146 756
146 760
146 762
146 763
146 770
146 774
146 780
146 782
146 783
146 785
146 791
146 794
146 795
146 796
146 797
146 799
146 801
146 810
146 811
146 813
146 816
146 823
146 825
146 829
146 832
146 843
146 848
146 851
146 852
146 853
146 858
146 862
146 863
146 867
146 873
146 880
146 883
146 894
146 897
146 904
146 905
146 908
146 911
146 912
146 916
146 930
146 939
146 941
146 942
146 945
146 947
146 952
146 959
146 961
146 962
146 964
146 965
146 970
146 974
146 982
146 985
146 986
146 996
146 997
147 506
147 516
147 518
147 521
147 523
147 529
147 530
147 537
147 539
147 547
147 548
147 549
147 553
147 558
147 564
147 565
147 570
147 571
147 577
147 579
147 581
147 583
147 584
147 587
147 588
147 597
147 598
147 601
147 605
147 609
147 619
147 628
147 634
147 635
147 641
147 644
147 649
147 650
147 658
147 660
147 664
147 668
147 670
147 676
147 678
147 682
147 686
147 691
147 698
147 712
147 713
147 717
147 718
147 719
147 724
147 730
147 732
147 743
147 744
147 748
147 750
147 753
147 755
147 756
147 757
147 767
147 768
147 769
147 773
147 774
147 779
147 781
147 783
147 784
147 787
147 790
147 794
147 795
147 796
147 797
147 804
147 805
147 811
147 816
147 821
147 822
147 825
147 834
147 835
147 836
147 840
147 841
147 842
147 843
147 844
147 845
147 850
147 856
147 865
147 868
147 872
147 875
147 877
147 879
147 882
147 883
147 886
147 889
147 890
147 891
147 892
147 893
147 894
147 895
147 901
147 904
147 908
147 909
147 913
147 914
147 917
147 919
147 921
147 925
147 934
147 935
147 940
147 944
147 958
147 961
147 962
147 964
147 972
147 973
147 974
147 975
147 987
147 990
147 992
147 994
147 997
147 1000
148 504
148 507
148 508
148 517
148 525
148 530
148 533
148 537
148 540
148 543
148 547
148 551
148 558
148 559
148 562
148 565
148 573
148 574
148 576
148 577
148 578
148 581
148 584
148 588
148 592
148 594
148 595
148 599
148 600
148 607
148 608
148 614
148 615
148 616
148 625
148 630
148 631
148 633
148 635
148 637
148 638
148 639
148 640
148 647
148 648
148 652
148 653
148 659
148 663
148 664
148 674
148 680
148 681
148 684
148 685
148 689
148 691
148 692
148 697
148 698
148 702
148 703
148 704
148 706
148 718
148 719
148 721
148 725
148 733
148 734
148 737
148 743
148 746
148 749
148 751
148 753
148 759
148 763
148 769
148 770
148 772
148 779
148 783
148 791
148 795
148 802
148 809
148 810
148 811
148 812
148 815
148 816
148 818
148 824
148 832
148 833
148 834
148 838
148 839
148 842
148 847
148 853
148 856
148 858
148 859
148 864
148 870
148 874
148 875
148 883
148 884
148 887
148 890
148 896
148 902
148 909
148 910
148 913
148 915
148 916
148 925
148 927
148 930
148 932
148 933
148 945
148 948
148 951
148 954
148 957
148 964
148 966
148 973
148 984
148 985
148 991
148 994
148 995
148 996
148 997
148 998
149 504
149 511
149 516
149 520
149 521
149 524
149 525
149 528
149 530
149 532
149 534
149 536
149 539
149 541
149 544
149 545
149 547
149 550
149 554
149 563
149 566
149 569
149 570
149 576
149 577
149 578
149 579
149 583
149 585
149 588
149 590
149 592
149 595
149 599
149 602
149 603
149 604
149 606
149 607
149 608
149 611
149 612
149 614
149 617
149 620
149 622
149 623
149 625
149 626
149 633
149 636
149 638
149 642
149 643
149 644
149 645
149 646
149 648
149 649
149 653
149 659
149 660
149 663
149 664
149 665
149 669
149 677
149 680
149 681
149 686
149 690
149 693
149 703
149 710
149 711
149 715
149 718
149 723
149 724
149 734
149 736
149 737
149 738
149 739
149 743
149 744
149 747
149 750
149 752
149 753
149 754
149 755
149 756
149 757
149 761
149 768
149 769
149 770
149 772
149 773
149 775
149 777
149 779
149 781
149 783
149 784
149 785
149 786
149 787
149 789
149 791
149 792
149 796
149 797
149 799
149 802
149 803
149 804
149 806
149 812
149 815
149 819
149 820
149 821
149 823
149 827
149 828
149 833
149 835
149 838
149 840
149 842
149 843
149 845
149 846
149 847
149 848
149 851
149 853
149 854
149 856
149 857
149 862
149 863
149 865
149 871
149 873
149 875
149 879
149 883
149 887
149 888
149 891
149 892
149 896
149 897
149 907
149 908
149 909
149 914
149 918
149 920
149 925
149 930
149 935
149 946
149 951
149 954
149 956
149 958
149 962
149 965
149 967
149 972
149 973
149 974
149 982
149 984
149 985
149 986
150 501
150 515
150 535
150 541
150 542
150 545
150 547
150 548
150 550
150 557
150 560
150 561
150 565
150 569
150 580
150 581
150 587
150 588
150 589
150 595
150 606
150 610
150 611
150 612
150 616
150 625
150 628
150 633
150 638
150 640
150 641
150 644
150 645
150 646
150 650
150 656
150 657
150 658
150 662
150 667
150 668
150 670
150 671
150 673
150 685
150 686
150 689
150 691
150 692
150 700
150 701
150 703
150 705
150 711
150 716
150 717
150 722
150 729
150 731
150 734
150 741
150 744
150 748
150 755
150 756
150 757
150 762
150 763
150 770
150 772
150 778
150 780
150 781
150 784
150 785
150 794
150 798
150 800
150 801
150 806
150 807
150 808
150 814
150 819
150 828
150 835
150 839
150 840
150 844
150 845
150 847
150 854
150 857
150 867
150 873
150 874
150 876
150 882
150 886
150 889
150 890
150 892
150 893
150 897
150 905
150 906
150 912
150 924
150 927
150 929
150 933
150 939
150 941
150 945
150 947
150 948
150 949
150 950
150 951
150 957
150 958
150 963
150 964
150 966
150 968
150 970
150 971
150 972
150 974
150 977
150 979
150 983
150 984
150 987
150 990
150 992
150 996
150 997
150 998
150 1000
151 504
151 509
151 512
151 516
151 517
151 519
151 520
151 525
151 527
151 533
151 539
151 542
151 549
151 552
151 557
151 559
151 564
151 568
151 570
151 573
151 579
151 580
151 586
151 587
151 591
151 594
151 598
151 602
151 607
151 611
151 618
151 623
151 626
151 629
151 631
151 633
151 637
151 639
151 642
151 643
151 646
151 651
151 653
151 656
151 658
151 659
151 662
151 665
151 670
151 674
151 678
151 682
151 683
151 691
151 693
151 695
151 705
151 712
151 713
151 714
151 716
151 717
151 723
151 725
151 726
151 727
151 728
151 729
151 731
151 734
151 736
151 739
151 744
151 751
151 755
151 758
151 761
151 766
151 767
151 770
151 774
151 777
151 778
151 779
151 785
151 791
151 797
151 798
151 801
151 812
151 819
151 822
151 824
151 825
151 826
151 828
151 829
151 830
151 832
151 835
151 836
151 843
151 850
151 857
151 860
151 863
151 865
151 869
151 870
151 871
151 873
151 877
151 882
151 884
151 886
151 891
151 895
151 897
151 900
151 903
151 905
151 906
151 908
151 909
151 911
151 912
151 914
151 915
151 919
151 920
151 924
151 927
151 928
151 929
151 932
151 941
151 943
151 952
151 954
151 959
151 964
151 972
151 978
151 980
151 985
151 989
151 991
151 995
151 997
152 501
152 512
152 513
152 514
152 515
152 516
152 520
152 524
152 530
152 536
152 537
152 544
152 548
152 549
152 555
152 559
152 572
152 573
152 581
152 585
152 591
152 596
152 597
152 606
152 608
152 610
152 616
152 618
152 624
152 625
152 627
152 629
152 630
152 632
152 639
152 643
152 645
152 656
152 661
152 666
152 669
152 671
152 672
152 674
152 683
152 700
152 704
152 711
152 714
152 721
152 725
152 728
152 731
152 733
152 736
152 744
152 747
152 751
152 753
152 754
152 758
152 760
152 763
152 768
152 769
152 770
152 773
152 776
152 781
152 782
152 783
152 785
152 789
152 790
152 794
152 795
152 797
152 800
152 802
152 805
152 809
152 813
152 816
152 820
152 823
152 828
152 829
152 832
152 840
152 845
152 846
152 847
152 849
152 850
152 851
152 853
152 855
152 856
152 857
152 868
152 876
152 877
152 879
152 881
152 885
152 886
152 890
152 894
152 898
152 899
152 901
152 903
152 910
152 918
152 920
152 923
152 924
152 925
152 927
152 932
152 935
152 938
152 939
152 940
152 941
152 944
152 947
152 948
152 951
152 953
152 957
152 959
152 960
152 961
152 964
152 965
152 968
152 973
152 976
152 980
152 983
152 988
152 991
152 992
152 994
152 996
152 997
152 998
153 502
153 504
153 507
153 508
153 509
153 514
153 516
153 517
153 530
153 533
153 541
153 542
153 548
153 551
153 559
153 563
153 564
153 567
153 569
153 570
153 572
153 574
153 577
153 583
153 584
153 585
153 586
153 587
153 588
153 589
153 592
153 595
153 596
153 609
153 611
153 612
153 616
153 618
153 623
153 624
153 628
153 629
153 630
153 632
153 633
153 640
153 641
153 652
153 660
153 667
153 669
153 671
153 673
153 674
153 675
153 678
153 679
153 681
153 684
153 685
153 686
153 687
153 690
153 691
153 697
153 699
153 705
153 706
153 710
153 712
153 715
153 716
153 721
153 725
153 737
153 739
153 747
153 750
153 751
153 759
153 761
153 765
153 769
153 775
153 776
153 778
153 782
153 790
153 794
153 795
153 799
153 806
153 807
153 808
153 809
153 810
153 813
153 818
153 819
153 825
153 827
153 830
153 835
153 836
153 837
153 838
153 840
153 841
153 842
153 843
153 844
153 845
153 850
153 854
153 857
153 858
153 859
153 862
153 865
153 869
153 871
153 874
153 876
153 885
153 889
153 891
153 892
153 895
153 899
153 902
153 911
153 912
153 916
153 917
153 919
153 927
153 929
153 931
153 933
153 936
153 937
153 939
153 943
153 945
153 946
153 947
153 952
153 958
153 966
153 974
153 975
153 977
153 978
153 980
153 981
153 983
153 984
153 985
153 986
153 991
153 995
153 999
154 508
154 509
154 516
154 518
154 519
154 520
154 521
154 523
154 525
154 529
154 532
154 534
154 541
154 543
154 552
154 554
154 558
154 559
154 561
154 563
154 564
154 565
154 569
154 573
154 577
154 578
154 581
154 584
154 586
154 587
154 589
154 590
154 596
154 597
154 600
154 607
154 612
154 613
154 617
154 626
154 628
154 629
154 630
154 640
154 643
154 644
154 645
154 646
154 647
154 651
154 655
154 656
154 657
154 660
154 661
154 663
154 665
154 668
154 671
154 678
154 681
154 683
154 685
154 690
154 692
154 702
154 707
154 708
154 710
154 712
154 718
154 721
154 725
154 726
154 727
154 728
154 729
154 741
154 742
154 747
154 759
154 760
154 761
154 762
154 765
154 766
154 767
154 771
154 773
154 776
154 777
154 779
154 784
154 785
154 790
154 792
154 793
154 795
154 806
154 807
154 810
154 813
154 816
154 818
154 820
154 825
154 827
154 828
154 829
154 830
154 831
154 835
154 838
154 839
154 842
154 843
154 858
154 859
154 860
154 863
154 870
154 871
154 872
154 878
154 883
154 886
154 888
154 890
154 891
154 900
154 902
154 904
154 906
154 913
154 914
154 915
154 918
154 925
154 927
154 928
154 930
154 936
154 946
154 947
154 948
154 951
154 953
154 958
154 962
154 963
154 965
154 973
154 977
154 983
154 985
154 992
154 995
154 999
154 1000
155 502
155 505
155 507
155 508
155 509
155 512
155 513
155 514
155 515
155 517
155 519
155 530
155 532
155 541
155 543
155 550
155 551
155 552
155 554
155 555
155 557
155 559
155 561
155 562
155 567
155 568
155 570
155 571
155 578
155 584
155 588
155 597
155 598
155 599
155 600
155 601
155 602
155 604
155 608
155 610
155 614
155 615
155 617
155 619
155 620
155 624
155 628
155 630
155 636
155 637
155 643
155 644
155 648
155 649
155 655
155 659
155 661
155 662
155 664
155 668
155 670
155 672
155 679
155 682
155 684
155 685
155 688
155 690
155 691
155 696
155 698
155 701
155 705
155 711
155 715
155 721
155 722
155 734
155 742
155 743
155 755
155 759
155 763
155 766
155 767
155 771
155 773
155 775
155 776
155 783
155 784
155 788
155 796
155 798
155 801
155 802
155 803
155 812
155 814
155 815
155 817
155 826
155 828
155 831
155 834
155 837
155 845
155 850
155 851
155 852
155 859
155 860
155 870
155 874
155 883
155 885
155 888
155 892
155 894
155 907
155 909
155 913
155 914
155 917
155 919
155 920
155 921
155 924
155 929
155 931
155 932
155 935
155 941
155 943
155 944
155 945
155 946
155 950
155 952
155 957
155 959
155 967
155 969
155 971
155 982
155 985
155 990
155 991
155 992
155 998
156 501
156 505
156 509
156 510
156 514
156 515
156 517
156 521
156 525
156 526
156 532
156 545
156 550
156 552
156 560
156 562
156 564
156 568
156 570
156 575
156 579
156 588
156 589
156 590
156 592
156 594
156 603
156 608
156 612
156 613
156 619
156 632
156 634
156 635
156 642
156 643
156 644
156 650
156 654
156 655
156 660
156 661
156 671
156 673
156 674
156 678
156 681
156 683
156 684
156 685
156 687
156 688
156 693
156 697
156 699
156 703
156 704
156 714
156 719
156 723
156 725
156 726
156 728
156 730
156 731
156 738
156 742
156 743
156 744
156 745
156 749
156 750
156 752
156 754
156 755
156 757
156 759
156 775
156 777
156 782
156 783
156 790
156 793
156 795
156 807
156 811
156 812
156 814
156 817
156 820
156 821
156 826
156 828
156 829
156 832
156 834
156 841
156 849
156 851
156 856
156 857
156 862
156 874
156 891
156 894
156 904
156 906
156 907
156 909
156 911
156 913
156 915
156 919
156 920
156 921
156 923
156 932
156 933
156 938
156 939
156 945
156 965
156 966
156 968
156 973
156 981
156 983
156 984
156 985
156 987
156 990
156 996
157 502
157 514
157 517
157 519
157 530
157 531
157 532
157 536
157 545
157 550
157 554
157 557
157 564
157 568
157 596
157 601
157 608
157 609
157 610
157 612
157 615
157 620
157 622
157 630
157 632
157 638
157 640
157 643
157 647
157 648
157 653
157 657
157 659
157 672
157 673
157 681
157 684
157 688
157 693
157 694
157 696
157 702
157 705
157 709
157 710
157 712
157 715
157 718
157 731
157 732
157 735
157 736
157 737
157 739
157 743
157 751
157 753
157 758
157 760
157 763
157 764
157 765
157 766
157 767
157 781
157 782
157 787
157 794
157 797
157 798
157 801
157 804
157 807
157 810
157 812
157 813
157 814
157 815
157 816
157 820
157 822
157 824
157 826
157 827
157 829
157 830
157 838
157 839
157 843
157 847
157 854
157 856
157 857
157 861
157 862
157 869
157 870
157 875
157 879
157 881
157 883
157 887
157 895
157 896
157 898
157 900
157 909
157 910
157 912
157 913
157 914
157 921
157 926
157 928
157 939
157 948
157 952
157 958
157 960
157 961
157 964
157 974
157 978
157 981
157 988
157 992
157 995
157 997
158 502
158 503
158 507
158 514
158 516
158 523
158 524
158 528
158 531
158 532
158 533
158 538
158 541
158 542
158 544
158 546
158 547
158 548
158 551
158 556
158 557
158 559
158 562
158 566
158 574
158 575
158 577
158 584
158 586
158 597
158 603
158 611
158 612
158 613
158 614
158 616
158 619
158 622
158 626
158 628
158 630
158 633
158 634
158 635
158 637
158 649
158 650
158 651
158 653
158 655
158 659
158 662
158 663
158 665
158 666
158 674
158 680
158 682
158 684
158 687
158 689
158 690
158 695
158 697
158 699
158 702
158 703
158 707
158 708
158 709
158 710
158 715
158 717
158 718
158 719
158 720
158 721
158 722
158 724
158 731
158 732
158 735
158 747
158 749
158 751
158 753
158 755
158 758
158 760
158 761
158 763
158 766
158 768
158 770
158 771
158 772
158 775
158 784
158 786
158 789
158 794
158 795
158 799
158 802
158 804
158 808
158 809
158 824
158 829
158 833
158 835
158 844
158 848
158 861
158 862
158 866
158 867
158 868
158 874
158 875
158 876
158 877
158 878
158 881
158 884
158 885
158 887
158 889
158 891
158 896
158 898
158 899
158 900
158 901
158 903
158 906
158 909
158 914
158 916
158 917
158 921
158 923
158 925
158 931
158 937
158 942
158 943
158 944
158 948
158 950
158 957
158 962
158 963
158 965
158 969
158 971
158 979
158 987
158 988
158 989
158 991
158 992
158 993
158 995
158 999
159 501
159 503
159 513
159 514
159 516
159 518
159 523
159 536
159 545
159 546
159 549
159 556
159 557
159 567
159 571
159 581
159 584
159 585
159 589
159 593
159 594
159 596
159 597
159 602
159 609
159 610
159 620
159 628
159 629
159 631
159 633
159 636
159 642
159 646
159 650
159 653
159 654
159 657
159 659
159 662
159 675
159 681
159 687
159 688
159 690
159 701
159 706
159 707
159 709
159 713
159 716
159 719
159 721
159 722
159 723
159 725
159 732
159 733
159 737
159 744
159 746
159 747
159 748
159 750
159 754
159 756
159 757
159 759
159 761
159 762
159 764
159 765
159 779
159 780
159 781
159 788
159 790
159 793
159 795
159 796
159 801
159 806
159 809
159 810
159 812
159 815
159 817
159 818
159 824
159 825
159 828
159 829
159 830
159 837
159 838
159 848
159 850
159 855
159 856
159 859
159 860
159 861
159 865
159 867
159 869
159 873
159 874
159 877
159 883
159 887
159 890
159 895
159 896
159 898
159 899
159 901
159 902
159 904
159 907
159 914
159 917
159 918
159 922
159 924
159 925
159 932
159 935
159 939
159 940
159 943
159 949
159 950
159 952
159 956
159 958
159 961
159 963
159 970
159 973
159 976
159 981
159 982
159 983
159 987
159 989
159 996
159 999
159 1000
160 505
160 506
160 509
160 511
160 521
160 522
160 523
160 524
160 525
160 526
160 531
160 534
160 539
160 540
160 543
160 547
160 552
160 554
160 556
160 561
160 566
160 567
160 570
160 571
160 572
160 581
160 585
160 586
160 592
160 595
160 599
160 603
160 605
160 610
160 615
160 618
160 620
160 626
160 633
160 639
160 640
160 644
160 647
160 648
160 649
160 650
160 651
160 653
160 658
160 660
160 661
160 662
160 663
160 665
160 667
160 671
160 672
160 678
160 680
160 681
160 686
160 688
160 690
160 692
160 694
160 698
160 700
160 703
160 709
160 713
160 714
160 723
160 725
160 729
160 734
160 735
160 743
160 751
160 752
160 754
160 755
160 761
160 765
160 766
160 767
160 770
160 771
160 775
160 778
160 781
160 782
160 784
160 787
160 789
160 794
160 797
160 799
160 802
160 808
160 811
160 813
160 818
160 826
160 830
160 832
160 837
160 850
160 857
160 858
160 859
160 867
160 872
160 875
160 883
160 884
160 885
160 886
160 887
160 890
160 893
160 896
160 898
160 899
160 900
160 901
160 905
160 909
160 911
160 914
160 917
160 918
160 919
160 922
160 931
160 933
160 934
160 941
160 942
160 944
160 946
160 957
160 964
160 969
160 970
160 971
160 974
160 977
160 980
160 982
160 984
160 988
160 991
161 504
161 506
161 508
161 521
161 527
161 532
161 537
161 544
161 548
161 549
161 553
161 558
161 564
161 566
161 567
161 568
161 572
161 573
161 580
161 581
161 582
161 590
161 591
161 592
161 593
161 596
161 600
161 603
161 604
161 605
161 608
161 610
161 611
161 618
161 622
161 625
161 631
161 636
161 642
161 648
161 654
161 656
161 658
161 660
161 664
161 665
161 668
161 669
161 677
161 679
161 680
161 681
161 682
161 684
161 689
161 691
161 697
161 703
161 706
161 714
161 719
161 720
161 725
161 726
161 727
161 736
161 738
161 740
161 744
161 745
161 749
161 751
161 754
161 755
161 756
161 760
161 762
161 768
161 774
161 776
161 779
161 783
161 786
161 798
161 799
161 801
161 802
161 803
161 811
161 812
161 814
161 816
161 817
161 824
161 829
161 830
161 831
161 839
161 843
161 846
161 849
161 850
161 851
161 852
161 853
161 854
161 855
161 856
161 859
161 861
161 862
161 863
161 865
161 867
161 868
161 869
161 871
161 874
161 875
161 880
161 881
161 882
161 886
161 887
161 889
161 891
161 892
161 893
161 896
161 899
161 900
161 903
161 905
161 907
161 914
161 915
161 916
161 920
161 921
161 926
161 930
161 931
161 932
161 946
161 950
161 954
161 956
161 957
161 961
161 963
161 965
161 967
161 970
161 974
161 976
161 983
161 993
161 996
161 999
162 501
162 504
162 506
162 510
162 511
162 524
162 532
162 533
162 537
162 538
162 539
162 541
162 546
162 549
162 550
162 552
162 553
162 555
162 562
162 564
162 570
162 572
162 573
162 574
162 576
162 582
162 584
162 586
162 588
162 593
162 594
162 596
162 597
162 601
162 604
162 610
162 611
162 612
162 615
162 617
162 619
162 625
162 628
162 629
162 630
162 637
162 638
162 642
162 643
162 644
162 646
162 649
162 651
162 652
162 656
162 660
162 662
162 663
162 666
162 682
162 683
162 692
162 694
162 695
162 697
162 698
162 700
162 708
162 709
162 712
162 716
162 727
162 730
162 736
162 739
162 741
162 755
162 763
162 764
162 765
162 767
162 771
162 772
162 773
162 774
162 777
162 778
162 780
162 781
162 788
162 791
162 798
162 799
162 800
162 801
162 802
162 803
162 807
162 808
162 812
162 816
162 817
162 827
162 833
162 836
162 845
162 848
162 858
162 860
162 863
162 866
162 872
162 873
162 874
162 875
162 876
162 884
162 891
162 901
162 903
162 904
162 907
162 912
162 913
162 915
162 916
162 918
162 926
162 928
162 931
162 934
162 935
162 937
162 940
162 944
162 949
162 950
162 952
162 954
162 957
162 958
162 963
162 965
162 966
162 968
162 970
162 971
162 977
162 982
162 983
162 986
162 989
162 990
162 992
162 993
162 994
162 1000
163 501
163 506
163 507
163 511
163 518
163 520
163 522
163 523
163 526
163 527
163 528
163 531
163 533
163 534
163 536
163 537
163 538
163 539
163 554
163 555
163 556
163 557
163 559
163 561
163 562
163 563
163 566
163 568
163 573
163 574
163 593
163 596
163 601
163 604
163 609
163 611
163 612
163 613
163 614
163 615
163 616
163 617
163 618
163 620
163 622
163 625
163 627
163 631
163 636
163 639
163 640
163 644
163 645
163 659
163 668
163 672
163 682
163 683
163 686
163 693
163 694
163 695
163 697
163 699
163 702
163 705
163 710
163 717
163 718
163 722
163 723
163 729
163 734
163 736
163 737
163 747
163 748
163 753
163 755
163 758
163 761
163 771
163 775
163 776
163 783
163 785
163 788
163 789
163 797
163 799
163 801
163 804
163 806
163 808
163 809
163 813
163 819
163 820
163 822
163 823
163 829
163 830
163 834
163 838
163 840
163 841
163 843
163 845
163 848
163 851
163 853
163 858
163 861
163 863
163 869
163 870
163 871
163 872
163 874
163 881
163 885
163 888
163 892
163 896
163 897
163 899
163 904
163 905
163 910
163 913
163 916
163 925
163 927
163 933
163 939
163 941
163 944
163 953
163 956
163 957
163 959
163 964
163 978
163 979
163 983
163 986
163 988
163 990
163 994
164 508
164 509
164 510
164 516
164 517
164 519
164 520
164 521
164 528
164 529
164 531
164 532
164 536
164 540
164 542
164 544
164 546
164 547
164 549
164 550
164 551
164 555
164 558
164 563
164 567
164 571
164 572
164 573
164 574
164 576
164 585
164 587
164 591
164 596
164 597
164 599
164 604
164 606
164 612
164 614
164 615
164 619
164 626
164 631
164 634
164 640
164 648
164 653
164 654
164 664
164 666
164 667
164 668
164 669
164 673
164 678
164 680
164 689
164 690
164 692
164 694
164 696
164 697
164 699
164 704
164 705
164 709
164 710
164 711
164 715
164 724
164 726
164 727
164 730
164 739
164 748
164 749
164 756
164 757
164 780
164 787
164 788
164 797
164 803
164 808
164 811
164 815
164 816
164 817
164 820
164 824
164 828
164 830
164 835
164 837
164 844
164 847
164 851
164 852
164 859
164 864
164 867
164 868
164 869
164 871
164 872
164 876
164 895
164 898
164 900
164 901
164 903
164 904
164 906
164 907
164 909
164 915
164 916
164 920
164 921
164 925
164 928
164 929
164 932
164 936
164 941
164 942
164 959
164 965
164 970
164 973
164 975
164 978
164 981
164 983
164 985
164 987
164 988
164 989
164 1000
165 511
165 512
165 515
165 520
165 522
165 526
165 528
165 530
165 533
165 535
165 542
165 543
165 544
165 546
165 556
165 558
165 559
165 565
165 570
165 574
165 575
165 582
165 584
165 590
165 594
165 598
165 599
165 608
165 611
165 612
165 617
165 619
165 620
165 623
165 625
165 626
165 627
165 629
165 633
165 641
165 648
165 649
165 650
165 651
165 652
165 654
165 655
165 661
165 666
165 667
165 668
165 674
165 675
165 676
165 680
165 696
165 697
165 699
165 704
165 706
165 720
165 729
165 730
165 731
165 733
165 734
165 736
165 738
165 747
165 748
165 750
165 752
165 753
165 761
165 767
165 768
165 777
165 783
165 784
165 788
165 793
165 794
165 795
165 799
165 805
165 807
165 812
165 821
165 823
165 824
165 828
165 829
165 830
165 833
165 835
165 836
165 849
165 853
165 859
165 865
165 868
165 869
165 873
165 876
165 881
165 882
165 885
165 890
165 894
165 902
165 903
165 904
165 908
165 909
165 917
165 921
165 927
165 930
165 935
165 936
165 937
165 938
165 940
165 941
165 942
165 945
165 948
165 955
165 957
165 960
165 964
165 967
165 969
165 971
165 974
165 976
165 978
165 981
165 987
165 991
165 995
165 996
165 998
165 1000
166 504
166 506
166 507
166 508
166 511
166 512
166 513
166 515
166 518
166 521
166 529
166 532
166 533
166 534
166 538
166 541
166 547
166 549
166 555
166 558
166 559
166 560
166 561
166 565
166 568
166 573
166 576
166 580
166 582
166 583
166 584
166 592
166 593
166 596
166 601
166 603
166 607
166 608
166 613
166 614
166 617
166 625
166 626
166 629
166 630
166 633
166 648
166 654
166 656
166 661
166 662
166 664
166 670
166 671
166 672
166 673
166 676
166 677
166 684
166 687
166 692
166 693
166 694
166 698
166 703
166 704
166 709
166 710
166 712
166 713
166 717
166 722
166 728
166 730
166 732
166 734
166 743
166 746
166 751
166 752
166 754
166 755
166 758
166 760
166 762
166 764
166 768
166 786
166 794
166 805
166 806
166 809
166 812
166 817
166 822
166 827
166 832
166 834
166 837
166 860
166 862
166 865
166 868
166 876
166 878
166 881
166 884
166 889
166 890
166 891
166 893
166 895
166 901
166 908
166 910
166 911
166 915
166 919
166 921
166 922
166 924
166 931
166 934
166 938
166 939
166 941
166 947
166 955
166 957
166 963
166 969
166 972
166 974
166 976
166 977
166 979
166 981
166 984
166 989
166 991
166 992
166 994
166 995
166 997
166 1000
167 501
167 507
167 509
167 510
167 512
167 521
167 526
167 534
167 539
167 545
167 546
167 547
167 550
167 554
167 560
167 566
167 569
167 576
167 577
167 578
167 582
167 589
167 590
167 591
167 594
167 596
167 610
167 613
167 615
167 616
167 618
167 619
167 625
167 627
167 634
167 641
167 644
167 653
167 654
167 659
167 663
167 667
167 671
167 672
167 674
167 675
167 677
167 687
167 694
167 695
167 697
167 699
167 700
167 702
167 720
167 721
167 723
167 724
167 726
167 729
167 732
167 733
167 734
167 740
167 741
167 745
167 747
167 748
167 749
167 760
167 762
167 763
167 764
167 768
167 769
167 773
167 782
167 786
167 788
167 793
167 796
167 799
167 806
167 810
167 811
167 812
167 813
167 815
167 817
167 820
167 831
167 832
167 835
167 840
167 842
167 848
167 849
167 850
167 852
167 854
167 860
167 863
167 866
167 874
167 876
167 877
167 880
167 882
167 886
167 887
167 890
167 895
167 899
167 901
167 903
167 906
167 909
167 910
167 917
167 919
167 925
167 926
167 927
167 930
167 931
167 932
167 938
167 940
167 949
167 950
167 951
167 953
167 955
167 956
167 962
167 963
167 966
167 968
167 971
167 972
167 976
167 980
167 981
167 986
167 988
167 995
167 999
168 502
168 504
168 507
168 508
168 510
168 511
168 512
168 514
168 516
168 518
168 524
168 526
168 527
168 535
168 537
168 545
168 550
168 552
168 557
168 561
168 566
168 569
168 577
168 578
168 581
168 584
168 588
168 590
168 591
168 592
168 603
168 606
168 608
168 609
168 610
168 614
168 617
168 618
168 624
168 625
168 628
168 631
168 636
168 640
168 641
168 651
168 652
168 655
168 656
168 657
168 666
168 668
168 669
168 671
168 673
168 678
168 682
168 683
168 685
168 686
168 690
168 691
168 692
168 693
168 694
168 697
168 704
168 714
168 716
168 719
168 727
168 728
168 729
168 730
168 732
168 733
168 735
168 744
168 746
168 748
168 753
168 755
168 759
168 775
168 781
168 787
168 789
168 793
168 796
168 800
168 802
168 805
168 806
168 808
168 811
168 812
168 815
168 816
168 817
168 818
168 819
168 824
168 826
168 827
168 831
168 834
168 836
168 841
168 842
168 849
168 856
168 861
168 864
168 873
168 883
168 890
168 897
168 898
168 899
168 901
168 902
168 903
168 909
168 912
168 917
168 918
168 922
168 930
168 931
168 932
168 933
168 935
168 936
168 938
168 942
168 945
168 953
168 954
168 956
168 959
168 961
168 966
168 971
168 974
168 975
168 976
168 978
168 983
168 985
168 987
168 990
168 992
168 993
168 994
168 999
168 1000
169 502
169 503
169 507
169 514
169 515
169 516
169 521
169 522
169 525
169 534
169 544
169 548
169 554
169 557
169 561
169 571
169 579
169 580
169 589
169 591
169 595
169 599
169 601
169 602
169 605
169 606
169 610
169 611
169 616
169 618
169 619
169 620
169 621
169 626
169 634
169 635
169 636
169 637
169 640
169 641
169 642
169 643
169 644
169 645
169 650
169 653
169 655
169 656
169 657
169 660
169 667
169 681
169 683
169 684
169 689
169 690
169 693
169 696
169 697
169 700
169 701
169 703
169 709
169 711
169 712
169 718
169 721
169 737
169 738
169 740
169 741
169 745
169 746
169 747
169 748
169 749
169 750
169 751
169 752
169 755
169 756
169 761
169 765
169 766
169 770
169 774
169 775
169 776
169 784
169 791
169 792
169 794
169 802
169 803
169 805
169 807
169 808
169 809
169 811
169 814
169 817
169 818
169 819
169 820
169 823
169 824
169 828
169 839
169 844
169 846
169 850
169 857
169 862
169 864
169 867
169 868
169 874
169 876
169 880
169 881
169 884
169 885
169 887
169 891
169 892
169 893
169 894
169 895
169 898
169 899
169 901
169 902
169 904
169 906
169 910
169 914
169 916
169 919
169 922
169 925
169 928
169 929
169 930
169 938
169 941
169 944
169 947
169 949
169 950
169 953
169 955
169 957
169 959
169 961
169 962
169 967
169 968
169 970
169 977
169 978
169 986
169 993
169 995
169 996
169 998
170 502
170 503
170 507
170 511
170 517
170 523
170 530
170 531
170 536
170 538
170 541
170 542
170 547
170 549
170 550
170 553
170 555
170 557
170 559
170 562
170 563
170 566
170 571
170 576
170 580
170 584
170 594
170 595
170 597
170 600
170 602
170 610
170 611
170 617
170 619
170 621
170 625
170 626
170 631
170 632
170 636
170 637
170 641
170 645
170 646
170 654
170 661
170 664
170 667
170 674
170 676
170 680
170 689
170 690
170 692
170 693
170 697
170 698
170 702
170 706
170 709
170 711
170 714
170 718
170 719
170 722
170 727
170 729
170 731
170 733
170 737
170 741
170 747
170 749
170 750
170 758
170 764
170 766
170 767
170 769
170 770
170 771
170 773
170 777
170 780
170 782
170 783
170 784
170 787
170 790
170 793
170 794
170 798
170 803
170 811
170 813
170 815
170 821
170 826
170 830
170 831
170 833
170 836
170 837
170 840
170 845
170 852
170 859
170 860
170 863
170 864
170 866
170 872
170 874
170 877
170 878
170 879
170 881
170 889
170 890
170 892
170 894
170 903
170 906
170 908
170 916
170 920
170 924
170 926
170 927
170 930
170 931
170 934
170 935
170 937
170 941
170 945
170 946
170 947
170 948
170 951
170 954
170 955
170 956
170 960
170 966
170 967
170 971
170 973
170 978
170 988
170 990
170 996
170 997
170 998
171 501
171 503
171 507
171 508
171 509
171 510
171 513
171 514
171 516
171 520
171 522
171 524
171 525
171 526
171 528
171 538
171 541
171 542
171 544
171 555
171 559
171 563
171 567
171 568
171 569
171 571
171 577
171 578
171 581
171 586
171 589
171 591
171 596
171 597
171 600
171 602
171 604
171 605
171 608
171 609
171 614
171 615
171 616
171 621
171 623
171 624
171 626
171 627
171 628
171 630
171 632
171 637
171 640
171 645
171 647
171 651
171 656
171 660
171 661
171 664
171 665
171 669
171 678
171 684
171 685
171 688
171 694
171 698
171 704
171 707
171 715
171 718
171 727
171 742
171 745
171 749
171 750
171 757
171 761
171 762
171 772
171 774
171 776
171 780
171 782
171 783
171 785
171 787
171 789
171 794
171 798
171 805
171 808
171 815
171 818
171 821
171 825
171 827
171 835
171 836
171 840
171 841
171 844
171 846
171 847
171 849
171 851
171 854
171 855
171 857
171 858
171 861
171 866
171 869
171 870
171 871
171 874
171 883
171 884
171 885
171 886
171 892
171 894
171 895
171 898
171 900
171 903
171 908
171 909
171 910
171 911
171 912
171 913
171 914
171 915
171 921
171 924
171 925
171 928
171 929
171 932
171 935
171 936
171 938
171 939
171 941
171 942
171 946
171 947
171 957
171 963
171 968
171 975
171 979
171 981
171 984
171 986
171 993
171 995
171 997
172 508
172 509
172 510
172 517
172 521
172 522
172 523
172 524
172 526
172 534
172 538
172 541
172 542
172 547
172 553
172 555
172 560
172 564
172 573
172 576
172 582
172 586
172 587
172 593
172 595
172 598
172 599
172 602
172 605
172 606
172 612
172 614
172 615
172 616
172 617
172 620
172 622
172 624
172 628
172 629
172 634
172 636
172 641
172 643
172 648
172 650
172 658
172 659
172 662
172 663
172 666
172 668
172 669
172 677
172 679
172 681
172 682
172 683
172 684
172 689
172 697
172 700
172 705
172 706
172 707
172 710
172 714
172 717
172 719
172 721
172 722
172 724
172 729
172 730
172 733
172 734
172 737
172 739
172 744
172 746
172 750
172 751
172 756
172 760
172 761
172 766
172 770
172 772
172 776
172 777
172 781
172 782
172 783
172 784
172 786
172 787
172 788
172 792
172 799
172 801
172 804
172 811
172 813
172 814
172 820
172 822
172 825
172 831
172 833
172 841
172 842
172 845
172 847
172 852
172 854
172 859
172 860
172 862
172 864
172 866
172 871
172 873
172 874
172 878
172 880
172 884
172 890
172 892
172 894
172 895
172 910
172 915
172 918
172 924
172 926
172 927
172 930
172 937
172 938
172 939
172 941
172 950
172 951
172 955
172 959
172 964
172 970
172 971
172 978
172 985
172 986
172 987
172 990
172 996
173 502
173 503
173 504
173 508
173 509
173 511
173 513
173 514
173 517
173 532
173 535
173 536
173 542
173 543
173 549
173 551
173 552
173 553
173 554
173 557
173 559
173 564
173 569
173 570
173 577
173 579
173 585
173 588
173 591
173 592
173 597
173 600
173 605
173 608
173 610
173 614
173 625
173 629
173 631
173 636
173 644
173 654
173 659
173 660
173 667
173 668
173 670
173 673
173 674
173 680
173 681
173 683
173 685
173 687
173 691
173 693
173 696
173 704
173 705
173 714
173 715
173 725
173 726
173 744
173 746
173 747
173 754
173 762
173 765
173 771
173 780
173 782
173 784
173 786
173 792
173 793
173 794
173 795
173 796
173 797
173 804
173 808
173 812
173 814
173 823
173 825
173 831
173 838
173 840
173 841
173 849
173 854
173 855
173 857
173 858
173 860
173 866
173 867
173 868
173 869
173 875
173 877
173 879
173 880
173 884
173 888
173 889
173 890
173 892
173 893
173 894
173 898
173 905
173 909
173 916
173 919
173 921
173 922
173 924
173 926
173 931
173 932
173 937
173 942
173 945
173 946
173 953
173 956
173 964
173 966
173 975
173 980
173 982
173 984
173 985
173 987
173 989
173 990
173 991
173 992
173 993
173 994
173 998
173 999
174 505
174 512
174 514
174 516
174 517
174 520
174 526
174 529
174 533
174 534
174 544
174 548
174 551
174 552
174 557
174 563
174 565
174 568
174 570
174 573
174 576
174 577
174 578
174 579
174 581
174 584
174 587
174 589
174 592
174 594
174 595
174 596
174 597
174 609
174 611
174 615
174 616
174 621
174 624
174 627
174 632
174 634
174 639
174 641
174 645
174 646
174 647
174 649
174 653
174 656
174 670
174 673
174 676
174 677
174 678
174 680
174 683
174 684
174 690
174 691
174 693
174 696
174 699
174 707
174 708
174 709
174 712
174 714
174 715
174 725
174 727
174 728
174 735
174 736
174 738
174 743
174 745
174 749
174 750
174 751
174 754
174 760
174 767
174 772
174 774
174 777
174 783
174 789
174 790
174 792
174 793
174 794
174 797
174 799
174 802
174 803
174 804
174 807
174 810
174 811
174 817
174 820
174 823
174 826
174 828
174 836
174 837
174 841
174 848
174 850
174 852
174 854
174 855
174 857
174 864
174 874
174 876
174 880
174 884
174 903
174 906
174 910
174 913
174 914
174 917
174 919
174 920
174 922
174 929
174 932
174 933
174 942
174 944
174 948
174 952
174 955
174 958
174 961
174 963
174 966
174 970
174 973
174 974
174 977
174 978
174 980
174 981
174 985
174 989
174 992
174 995
174 996
174 997
174 1000
175 502
175 503
175 506
175 507
175 508
175 511
175 513
175 521
175 522
175 531
175 537
175 542
175 544
175 550
175 554
175 559
175 562
175 566
175 575
175 579
175 581
175 584
175 595
175 599
175 602
175 603
175 609
175 610
175 617
175 624
175 628
175 633
175 634
175 635
175 641
175 642
175 643
175 646
175 648
175 654
175 660
175 661
175 663
175 667
175 669
175 670
175 674
175 678
175 679
175 682
175 683
175 688
175 693
175 699
175 700
175 705
175 709
175 713
175 716
175 720
175 724
175 740
175 745
175 747
175 748
175 750
175 751
175 759
175 760
175 763
175 765
175 769
175 778
175 783
175 789
175 793
175 800
175 805
175 806
175 809
175 821
175 827
175 829
175 832
175 837
175 841
175 846
175 848
175 849
175 850
175 851
175 854
175 858
175 868
175 871
175 874
175 875
175 883
175 884
175 886
175 888
175 892
175 894
175 896
175 898
175 899
175 901
175 904
175 907
175 909
175 913
175 921
175 933
175 934
175 938
175 939
175 940
175 941
175 944
175 948
175 951
175 952
175 957
175 960
175 962
175 963
175 974
175 975
175 976
175 980
175 981
175 982
175 984
175 985
175 990
175 993
175 999
176 507
176 512
176 518
176 519
176 525
176 528
176 529
176 531
176 536
176 545
176 546
176 551
176 552
176 562
176 568
176 570
176 572
176 573
176 574
176 575
176 584
176 585
176 587
176 591
176 594
176 608
176 610
176 615
176 616
176 619
176 620
176 623
176 627
176 629
176 630
176 632
176 634
176 638
176 641
176 657
176 658
176 660
176 662
176 671
176 672
176 674
176 675
176 682
176 684
176 687
176 696
176 703
176 706
176 712
176 713
176 718
176 720
176 721
176 722
176 724
176 725
176 731
176 733
176 737
176 738
176 741
176 742
176 749
176 750
176 753
176 755
176 758
176 759
176 760
176 762
176 770
176 774
176 775
176 777
176 778
176 779
176 780
176 786
176 787
176 791
176 796
176 805
176 807
176 809
176 812
176 820
176 821
176 822
176 824
176 831
176 840
176 841
176 845
176 848
176 850
176 852
176 868
176 870
176 878
176 882
176 883
176 884
176 890
176 891
176 894
176 897
176 898
176 899
176 903
176 904
176 905
176 908
176 909
176 911
176 912
176 918
176 923
176 925
176 935
176 937
176 942
176 944
176 945
176 946
176 948
176 950
176 952
176 953
176 959
176 962
176 963
176 964
176 970
176 973
176 974
176 977
176 979
176 981
176 986
176 998
176 999
177 501
177 502
177 503
177 504
177 506
177 507
177 513
177 514
177 515
177 517
177 519
177 523
177 529
177 530
177 532
177 534
177 538
177 541
177 543
177 549
177 553
177 554
177 558
177 564
177 566
177 567
177 568
177 577
177 578
177 581
177 582
177 585
177 593
177 600
177 602
177 607
177 609
177 616
177 619
177 620
177 622
177 625
177 626
177 627
177 628
177 635
177 642
177 646
177 648
177 651
177 655
177 657
177 658
177 662
177 675
177 676
177 677
177 680
177 682
177 683
177 687
177 692
177 699
177 705
177 707
177 717
177 718
177 721
177 722
177 723
177 724
177 725
177 728
177 729
177 730
177 732
177 733
177 736
177 737
177 741
177 745
177 752
177 754
177 759
177 760
177 764
177 771
177 775
177 776
177 780
177 782
177 786
177 789
177 792
177 795
177 800
177 804
177 806
177 807
177 809
177 814
177 817
177 818
177 819
177 820
177 821
177 822
177 826
177 832
177 833
177 834
177 837
177 839
177 843
177 846
177 855
177 866
177 872
177 873
177 875
177 876
177 878
177 879
177 881
177 883
177 884
177 887
177 895
177 896
177 897
177 899
177 900
177 909
177 910
177 919
177 920
177 926
177 928
177 931
177 935
177 939
177 943
177 952
177 955
177 956
177 957
177 960
177 962
177 970
177 973
177 974
177 975
177 976
177 978
177 979
177 987
177 999
178 503
178 504
178 510
178 512
178 514
178 520
178 525
178 531
178 532
178 534
178 536
178 537
178 541
178 542
178 543
178 548
178 554
178 557
178 560
178 566
178 567
178 568
178 575
178 579
178 580
178 581
178 586
178 588
178 591
178 594
178 595
178 599
178 607
178 611
178 612
178 617
178 630
178 638
178 639
178 642
178 644
178 645
178 646
178 650
178 654
178 658
178 660
178 662
178 664
178 667
178 670
178 671
178 673
178 675
178 676
178 677
178 678
178 679
178 683
178 685
178 690
178 691
178 692
178 698
178 700
178 708
178 709
178 711
178 713
178 717
178 720
178 722
178 724
178 730
178 731
178 734
178 735
178 739
178 746
178 747
178 748
178 749
178 751
178 756
178 757
178 758
178 764
178 765
178 767
178 768
178 769
178 770
178 779
178 783
178 785
178 790
178 791
178 792
178 797
178 801
178 803
178 804
178 806
178 812
178 814
178 816
178 822
178 823
178 826
178 830
178 834
178 836
178 837
178 838
178 841
178 845
178 846
178 851
178 856
178 861
178 864
178 869
178 871
178 875
178 876
178 877
178 878
178 887
178 890
178 891
178 895
178 897
178 899
178 904
178 906
178 907
178 908
178 911
178 914
178 916
178 919
178 920
178 921
178 922
178 924
178 925
178 928
178 933
178 934
178 936
178 945
178 946
178 949
178 951
178 955
178 956
178 958
178 960
178 962
178 969
178 970
178 985
178 996
178 998
179 503
179 509
179 517
179 525
179 526
179 532
179 534
179 535
179 536
179 537
179 539
179 544
179 548
179 554
179 556
179 562
179 565
179 568
179 570
179 572
179 575
179 589
179 591
179 593
179 596
179 597
179 601
179 605
179 609
179 612
179 614
179 619
179 623
179 626
179 627
179 631
179 635
179 637
179 640
179 644
179 646
179 652
179 660
179 663
179 669
179 670
179 673
179 675
179 677
179 678
179 681
179 683
179 687
179 689
179 690
179 692
179 694
179 696
179 705
179 707
179 714
179 721
179 726
179 730
179 733
179 739
179 747
179 748
179 750
179 751
179 752
179 755
179 757
179 758
179 759
179 767
179 769
179 772
179 777
179 782
179 784
179 789
179 791
179 792
179 794
179 795
179 796
179 797
179 799
179 801
179 804
179 805
179 808
179 810
179 811
179 815
179 820
179 828
179 829
179 832
179 849
179 851
179 852
179 858
179 860
179 865
179 866
179 874
179 875
179 877
179 887
179 891
179 894
179 901
179 911
179 915
179 917
179 925
179 935
179 938
179 941
179 944
179 947
179 948
179 949
179 952
179 954
179 957
179 959
179 961
179 963
179 964
179 968
179 969
179 971
179 980
179 983
179 986
179 989
179 999
180 502
180 511
180 513
180 515
180 516
180 517
180 518
180 519
180 521
180 522
180 529
180 535
180 536
180 538
180 543
180 546
180 547
180 549
180 551
180 553
180 554
180 556
180 558
180 560
180 561
180 563
180 571
180 579
180 584
180 586
180 588
180 591
180 592
180 599
180 600
180 604
180 606
180 612
180 613
180 615
180 618
180 625
180 626
180 627
180 629
180 631
180 637
180 638
180 639
180 649
180 653
180 657
180 659
180 661
180 662
180 667
180 669
180 671
180 672
180 675
180 677
180 678
180 683
180 687
180 689
180 691
180 699
180 700
180 707
180 717
180 720
180 732
180 736
180 739
180 743
180 746
180 747
180 751
180 752
180 754
180 756
180 758
180 759
180 760
180 764
180 765
180 768
180 774
180 775
180 777
180 780
180 786
180 789
180 790
180 793
180 799
180 807
180 808
180 814
180 816
180 821
180 822
180 823
180 825
180 827
180 832
180 837
180 840
180 849
180 853
180 860
180 862
180 864
180 865
180 866
180 868
180 870
180 871
180 872
180 874
180 875
180 879
180 884
180 885
180 889
180 906
180 907
180 908
180 912
180 913
180 915
180 917
180 918
180 920
180 921
180 923
180 924
180 928
180 929
180 930
180 934
180 939
180 943
180 944
180 945
180 948
180 952
180 954
180 957
180 959
180 960
180 963
180 965
180 966
180 969
180 973
180 974
180 975
180 978
180 979
180 983
180 984
180 995
180 996
180 997
180 1000
181 501
181 503
181 512
181 515
181 518
181 520
181 522
181 528
181 530
181 532
181 535
181 537
181 538
181 540
181 554
181 560
181 564
181 577
181 579
181 580
181 584
181 585
181 589
181 590
181 594
181 598
181 600
181 606
181 608
181 610
181 611
181 614
181 617
181 623
181 629
181 631
181 633
181 635
181 636
181 643
181 649
181 655
181 659
181 663
181 666
181 667
181 671
181 675
181 679
181 680
181 681
181 686
181 687
181 693
181 697
181 700
181 704
181 705
181 706
181 707
181 714
181 720
181 721
181 723
181 726
181 727
181 728
181 733
181 737
181 738
181 742
181 743
181 746
181 765
181 775
181 779
181 783
181 789
181 790
181 793
181 795
181 796
181 800
181 801
181 805
181 807
181 808
181 810
181 812
181 816
181 818
181 819
181 822
181 828
181 830
181 832
181 833
181 840
181 841
181 847
181 853
181 854
181 855
181 856
181 858
181 862
181 868
181 869
181 871
181 872
181 873
181 875
181 877
181 880
181 889
181 895
181 902
181 903
181 909
181 912
181 913
181 918
181 920
181 932
181 938
181 946
181 947
181 949
181 954
181 957
181 958
181 962
181 963
181 964
181 965
181 968
181 969
181 972
181 975
181 978
181 984
181 986
181 988
181 991
181 994
181 998
181 1000
182 501
182 506
182 508
182 509
182 513
182 519
182 520
182 521
182 526
182 527
182 536
182 537
182 540
182 548
182 553
182 558
182 562
182 567
182 570
182 571
182 572
182 573
182 576
182 578
182 580
182 582
182 583
182 592
182 598
182 599
182 601
182 602
182 603
182 604
182 610
182 612
182 616
182 617
182 622
182 624
182 625
182 626
182 630
182 636
182 637
182 638
182 643
182 645
182 646
182 651
182 653
182 654
182 658
182 664
182 667
182 672
182 673
182 678
182 681
182 682
182 687
182 695
182 696
182 698
182 699
182 702
182 705
182 706
182 709
182 710
182 713
182 716
182 718
182 720
182 723
182 730
182 739
182 746
182 752
182 755
182 757
182 763
182 767
182 770
182 780
182 783
182 784
182 787
182 789
182 791
182 795
182 799
182 801
182 803
182 805
182 806
182 807
182 809
182 810
182 813
182 818
182 822
182 824
182 827
182 831
182 835
182 837
182 841
182 844
182 852
182 853
182 856
182 860
182 863
182 865
182 866
182 871
182 872
182 888
182 889
182 891
182 894
182 897
182 898
182 908
182 913
182 917
182 921
182 924
182 925
182 927
182 935
182 937
182 940
182 944
182 948
182 950
182 954
182 962
182 969
182 972
182 974
182 978
182 981
182 983
182 986
182 992
182 993
182 994
182 997
182 999
183 503
183 509
183 511
183 513
183 514
183 519
183 524
183 528
183 532
183 536
183 538
183 541
183 543
183 545
183 551
183 552
183 555
183 556
183 560
183 564
183 565
183 569
183 575
183 579
183 584
183 585
183 586
183 589
183 600
183 602
183 603
183 607
183 608
183 609
183 612
183 614
183 615
183 616
183 617
183 618
183 619
183 620
183 621
183 623
183 627
183 630
183 632
183 633
183 636
183 637
183 643
183 644
183 648
183 651
183 658
183 659
183 661
183 664
183 667
183 668
183 671
183 674
183 680
183 682
183 683
183 685
183 691
183 695
183 700
183 703
183 706
183 710
183 711
183 714
183 718
183 721
183 722
183 723
183 728
183 732
183 733
183 734
183 742
183 744
183 746
183 752
183 755
183 761
183 766
183 767
183 772
183 784
183 787
183 790
183 802
183 808
183 809
183 810
183 811
183 815
183 817
183 820
183 821
183 827
183 832
183 834
183 838
183 839
183 840
183 845
183 846
183 849
183 850
183 852
183 861
183 864
183 865
183 866
183 867
183 868
183 871
183 876
183 879
183 887
183 892
183 898
183 900
183 903
183 904
183 908
183 915
183 917
183 921
183 922
183 924
183 925
183 929
183 930
183 932
183 935
183 943
183 946
183 948
183 951
183 952
183 956
183 964
183 979
183 982
183 984
183 986
183 997
183 999
184 502
184 503
184 510
184 511
184 512
184 518
184 524
184 525
184 526
184 528
184 529
184 530
184 536
184 540
184 544
184 545
184 549
184 553
184 558
184 559
184 560
184 563
184 569
184 572
184 580
184 584
184 585
184 589
184 593
184 597
184 598
184 599
184 600
184 606
184 610
184 616
184 621
184 622
184 626
184 628
184 632
184 636
184 639
184 641
184 648
184 651
184 654
184 655
184 657
184 658
184 660
184 663
184 666
184 672
184 674
184 678
184 680
184 686
184 690
184 693
184 698
184 699
184 701
184 708
184 712
184 717
184 720
184 721
184 723
184 725
184 732
184 735
184 736
184 740
184 742
184 743
184 745
184 746
184 748
184 749
184 750
184 751
184 758
184 764
184 765
184 766
184 767
184 768
184 770
184 775
184 777
184 778
184 779
184 780
184 781
184 782
184 783
184 785
184 792
184 796
184 799
184 805
184 813
184 821
184 822
184 828
184 836
184 837
184 840
184 841
184 843
184 852
184 853
184 855
184 864
184 865
184 867
184 868
184 871
184 875
184 876
184 879
184 880
184 883
184 895
184 901
184 903
184 905
184 909
184 914
184 915
184 923
184 926
184 936
184 937
184 942
184 949
184 950
184 953
184 954
184 956
184 958
184 965
184 967
184 969
184 970
184 972
184 975
184 978
184 980
184 981
184 983
184 992
184 993
184 997
184 999
185 501
185 503
185 506
185 507
185 508
185 509
185 516
185 517
185 519
185 520
185 521
185 526
185 534
185 536
185 537
185 539
185 543
185 547
185 549
185 558
185 561
185 563
185 564
185 569
185 570
185 574
185 576
185 578
185 581
185 583
185 588
185 590
185 593
185 599
185 608
185 611
185 613
185 615
185 616
185 617
185 619
185 625
185 627
185 630
185 631
185 636
185 638
185 641
185 643
185 644
185 646
185 647
185 649
185 651
185 653
185 655
185 657
185 658
185 659
185 668
185 672
185 681
185 683
185 685
185 688
185 690
185 694
185 698
185 700
185 704
185 705
185 706
185 707
185 710
185 713
185 719
185 725
185 733
185 734
185 736
185 737
185 742
185 743
185 746
185 750
185 753
185 754
185 755
185 756
185 757
185 767
185 779
185 789
185 791
185 794
185 796
185 799
185 804
185 806
185 808
185 810
185 812
185 813
185 819
185 823
185 824
185 825
185 828
185 830
185 832
185 834
185 837
185 841
185 848
185 850
185 858
185 861
185 862
185 867
185 871
185 874
185 879
185 880
185 882
185 886
185 887
185 889
185 891
185 893
185 897
185 898
185 900
185 903
185 910
185 913
185 915
185 918
185 919
185 920
185 926
185 927
185 929
185 931
185 936
185 937
185 939
185 941
185 947
185 953
185 955
185 958
185 975
185 981
185 987
185 988
185 995
185 1000
186 502
186 510
186 512
186 523
186 529
186 533
186 547
186 551
186 555
186 556
186 559
186 563
186 567
186 568
186 569
186 571
186 573
186 577
186 578
186 580
186 582
186 583
186 588
186 592
186 593
186 600
186 602
186 605
186 616
186 617
186 618
186 622
186 625
186 628
186 631
186 632
186 633
186 641
186 642
186 643
186 644
186 650
186 660
186 663
186 671
186 672
186 681
186 693
186 694
186 696
186 701
186 704
186 705
186 712
186 718
186 720
186 724
186 735
186 736
186 738
186 739
186 743
186 745
186 746
186 747
186 755
186 757
186 758
186 761
186 771
186 772
186 774
186 775
186 779
186 784
186 785
186 787
186 788
186 793
186 795
186 801
186 802
186 805
186 806
186 810
186 811
186 816
186 817
186 820
186 824
186 830
186 832
186 837
186 841
186 844
186 853
186 854
186 858
186 870
186 874
186 877
186 878
186 881
186 886
186 887
186 888
186 896
186 897
186 898
186 900
186 908
186 909
186 910
186 916
186 920
186 925
186 928
186 933
186 935
186 936
186 938
186 945
186 948
186 950
186 953
186 957
186 959
186 965
186 972
186 979
186 980
186 984
186 989
186 990
186 991
186 998
186 999
186 1000
187 501
187 502
187 503
187 510
187 513
187 516
187 519
187 528
187 531
187 533
187 534
187 537
187 538
187 541
187 544
187 548
187 552
187 553
187 554
187 557
187 560
187 561
187 562
187 564
187 567
187 568
187 570
187 581
187 584
187 589
187 594
187 595
187 604
187 605
187 608
187 611
187 614
187 616
187 619
187 620
187 622
187 624
187 626
187 629
187 630
187 632
187 635
187 636
187 639
187 640
187 641
187 642
187 651
187 654
187 656
187 657
187 658
187 660
187 663
187 665
187 666
187 668
187 675
187 677
187 678
187 684
187 688
187 693
187 699
187 700
187 703
187 707
187 709
187 723
187 728
187 731
187 733
187 736
187 739
187 743
187 744
187 751
187 752
187 756
187 757
187 760
187 761
187 763
187 771
187 773
187 774
187 778
187 782
187 784
187 788
187 790
187 802
187 806
187 808
187 809
187 810
187 811
187 816
187 826
187 827
187 829
187 832
187 833
187 836
187 839
187 842
187 843
187 844
187 852
187 853
187 854
187 855
187 857
187 860
187 864
187 865
187 866
187 881
187 882
187 888
187 889
187 890
187 892
187 893
187 895
187 896
187 898
187 899
187 904
187 908
187 909
187 914
187 917
187 922
187 925
187 926
187 928
187 934
187 936
187 941
187 943
187 949
187 950
187 951
187 955
187 957
187 962
187 963
187 965
187 967
187 969
187 970
187 972
187 974
187 989
187 991
187 994
188 501
188 502
188 503
188 512
188 513
188 524
188 550
188 552
188 555
188 557
188 558
188 560
188 563
188 564
188 565
188 566
188 567
188 571
188 578
188 581
188 590
188 593
188 597
188 598
188 600
188 604
188 605
188 610
188 623
188 626
188 632
188 633
188 634
188 635
188 637
188 639
188 640
188 641
188 645
188 649
188 653
188 655
188 665
188 666
188 670
188 678
188 699
188 702
188 708
188 710
188 712
188 714
188 715
188 716
188 722
188 727
188 733
188 734
188 736
188 737
188 739
188 745
188 748
188 749
188 750
188 752
188 755
188 767
188 770
188 771
188 772
188 773
188 778
188 782
188 786
188 792
188 797
188 799
188 800
188 801
188 806
188 807
188 811
188 812
188 814
188 815
188 817
188 821
188 823
188 827
188 834
188 837
188 842
188 843
188 844
188 847
188 852
188 853
188 854
188 857
188 858
188 867
188 870
188 871
188 875
188 878
188 879
188 881
188 883
188 884
188 891
188 894
188 895
188 902
188 903
188 906
188 908
188 911
188 916
188 918
188 920
188 922
188 923
188 925
188 928
188 929
188 933
188 940
188 942
188 944
188 947
188 949
188 963
188 965
188 966
188 973
188 974
188 977
188 981
188 983
188 986
188 987
188 990
188 995
188 998
188 999
189 504
189 506
189 508
189 509
189 512
189 514
189 516
189 521
189 530
189 533
189 537
189 542
189 547
189 551
189 554
189 556
189 562
189 565
189 572
189 576
189 591
189 593
189 594
189 596
189 599
189 604
189 605
189 612
189 619
189 626
189 635
189 636
189 638
189 641
189 642
189 643
189 648
189 650
189 652
189 653
189 659
189 660
189 661
189 666
189 667
189 671
189 674
189 678
189 679
189 680
189 682
189 683
189 685
189 691
189 692
189 693
189 697
189 701
189 703
189 706
189 707
189 709
189 714
189 722
189 723
189 725
189 726
189 727
189 729
189 731
189 733
189 734
189 737
189 739
189 741
189 744
189 746
189 747
189 749
189 753
189 759
189 760
189 767
189 772
189 773
189 774
189 775
189 777
189 782
189 785
189 787
189 791
189 799
189 801
189 807
189 808
189 809
189 815
189 832
189 836
189 846
189 849
189 850
189 854
189 855
189 863
189 864
189 868
189 874
189 877
189 879
189 880
189 882
189 883
189 895
189 899
189 900
189 901
189 903
189 905
189 911
189 912
189 915
189 917
189 919
189 920
189 921
189 922
189 927
189 928
189 930
189 931
189 933
189 935
189 939
189 953
189 955
189 958
189 962
189 968
189 969
189 970
189 971
189 973
189 978
189 985
189 988
189 991
189 994
189 995
189 996
190 501
190 504
190 506
190 507
190 509
190 513
190 514
190 515
190 516
190 517
190 518
190 521
190 525
190 527
190 528
190 530
190 531
190 535
190 537
190 549
190 552
190 553
190 555
190 556
190 557
190 558
190 564
190 566
190 569
190 570
190 572
190 573
190 576
190 579
190 583
190 584
190 587
190 589
190 590
190 595
190 601
190 602
190 605
190 606
190 609
190 619
190 620
190 621
190 622
190 627
190 634
190 639
190 646
190 650
190 661
190 665
190 671
190 673
190 674
190 676
190 685
190 686
190 690
190 691
190 698
190 700
190 704
190 707
190 714
190 718
190 720
190 723
190 741
190 742
190 743
190 747
190 748
190 752
190 753
190 755
190 756
190 757
190 764
190 766
190 770
190 772
190 773
190 776
190 782
190 784
190 789
190 790
190 792
190 797
190 801
190 803
190 807
190 811
190 813
190 815
190 820
190 826
190 831
190 832
190 834
190 835
190 837
190 843
190 845
190 847
190 848
190 850
190 855
190 856
190 858
190 860
190 861
190 865
190 870
190 873
190 875
190 882
190 883
190 884
190 891
190 892
190 894
190 896
190 899
190 906
190 911
190 916
190 917
190 923
190 928
190 929
190 930
190 932
190 936
190 943
190 947
190 949
190 951
190 955
190 957
190 958
190 964
190 965
190 969
190 972
190 973
190 974
190 975
190 977
190 985
190 987
190 988
190 995
191 501
191 507
191 509
191 511
191 512
191 514
191 515
191 519
191 520
191 524
191 525
191 531
191 533
191 538
191 539
191 541
191 546
191 548
191 549
191 554
191 558
191 559
191 561
191 564
191 565
191 566
191 569
191 571
191 573
191 576
191 579
191 581
191 591
191 592
191 593
191 595
191 597
191 599
191 600
191 602
191 603
191 606
191 607
191 611
191 612
191 613
191 614
191 615
191 617
191 619
191 620
191 623
191 626
191 629
191 635
191 638
191 642
191 643
191 647
191 655
191 657
191 662
191 665
191 668
191 670
191 671
191 676
191 677
191 680
191 682
191 686
191 696
191 697
191 700
191 706
191 712
191 716
191 719
191 720
191 727
191 730
191 737
191 738
191 748
191 750
191 753
191 755
191 756
191 757
191 763
191 764
191 765
191 768
191 773
191 774
191 776
191 779
191 784
191 788
191 790
191 793
191 798
191 800
191 807
191 808
191 813
191 815
191 817
191 825
191 826
191 827
191 833
191 834
191 835
191 836
191 837
191 838
191 851
191 861
191 865
191 868
191 869
191 871
191 875
191 877
191 880
191 881
191 884
191 886
191 894
191 896
191 899
191 919
191 923
191 925
191 927
191 930
191 932
191 933
191 934
191 935
191 940
191 942
191 951
191 952
191 957
191 965
191 966
191 968
191 969
191 972
191 973
191 975
191 976
191 980
191 986
191 988
191 991
191 993
191 998
192 502
192 510
192 512
192 518
192 522
192 527
192 534
192 536
192 540
192 542
192 544
192 547
192 550
192 555
192 558
192 560
192 566
192 571
192 572
192 574
192 576
192 581
192 584
192 590
192 594
192 596
192 608
192 609
192 610
192 612
192 615
192 622
192 627
192 629
192 634
192 636
192 637
192 646
192 649
192 651
192 656
192 660
192 667
192 673
192 679
192 683
192 684
192 686
192 690
192 691
192 698
192 705
192 707
192 708
192 714
192 719
192 728
192 732
192 734
192 735
192 736
192 739
192 742
192 743
192 746
192 748
192 753
192 760
192 761
192 762
192 763
192 764
192 765
192 766
192 772
192 776
192 777
192 778
192 779
192 785
192 787
192 788
192 794
192 801
192 804
192 805
192 807
192 810
192 812
192 817
192 821
192 825
192 827
192 828
192 829
192 832
192 840
192 842
192 850
192 852
192 854
192 856
192 861
192 866
192 871
192 873
192 875
192 876
192 883
192 884
192 888
192 899
192 909
192 910
192 911
192 914
192 916
192 917
192 921
192 922
192 923
192 931
192 932
192 934
192 937
192 940
192 941
192 943
192 948
192 951
192 963
192 965
192 967
192 972
192 980
192 982
192 983
192 985
192 986
192 989
192 993
192 995
192 997
192 1000
193 503
193 505
193 511
193 513
193 522
193 523
193 524
193 525
193 529
193 538
193 540
193 542
193 545
193 546
193 552
193 554
193 557
193 558
193 559
193 563
193 564
193 565
193 574
193 575
193 576
193 577
193 578
193 580
193 583
193 594
193 598
193 603
193 604
193 607
193 609
193 614
193 615
193 619
193 629
193 630
193 631
193 639
193 657
193 663
193 664
193 666
193 667
193 669
193 675
193 676
193 680
193 681
193 685
193 688
193 692
193 695
193 697
193 699
193 701
193 703
193 704
193 706
193 708
193 711
193 715
193 716
193 717
193 718
193 726
193 727
193 735
193 737
193 742
193 744
193 745
193 753
193 754
193 757
193 759
193 764
193 766
193 767
193 770
193 777
193 782
193 784
193 786
193 787
193 788
193 789
193 798
193 799
193 800
193 802
193 804
193 810
193 811
193 813
193 817
193 820
193 821
193 829
193 831
193 832
193 833
193 835
193 841
193 845
193 846
193 851
193 852
193 854
193 859
193 866
193 870
193 871
193 874
193 877
193 879
193 880
193 882
193 883
193 888
193 891
193 892
193 893
193 895
193 902
193 904
193 907
193 910
193 914
193 917
193 920
193 927
193 929
193 930
193 931
193 944
193 947
193 948
193 952
193 953
193 957
193 960
193 961
193 962
193 963
193 966
193 970
193 971
193 972
193 976
193 977
193 978
193 980
193 995
193 999
194 502
194 507
194 511
194 513
194 517
194 520
194 523
194 524
194 528
194 529
194 530
194 535
194 536
194 537
194 540
194 541
194 542
194 544
194 546
194 548
194 554
194 557
194 559
194 560
194 561
194 570
194 574
194 577
194 581
194 582
194 583
194 588
194 593
194 597
194 605
194 609
194 612
194 613
194 623
194 625
194 628
194 633
194 641
194 642
194 646
194 648
194 656
194 660
194 662
194 665
194 671
194 672
194 675
194 677
194 678
194 679
194 682
194 685
194 686
194 689
194 690
194 698
194 700
194 701
194 705
194 706
194 710
194 712
194 714
194 716
194 736
194 737
194 738
194 741
194 743
194 745
194 748
194 752
194 753
194 757
194 762
194 764
194 772
194 774
194 779
194 780
194 789
194 791
194 792
194 803
194 809
194 810
194 816
194 817
194 819
194 823
194 826
194 834
194 838
194 839
194 840
194 841
194 842
194 847
194 849
194 855
194 856
194 857
194 861
194 864
194 865
194 869
194 872
194 875
194 876
194 881
194 887
194 890
194 899
194 900
194 906
194 911
194 919
194 922
194 923
194 926
194 927
194 930
194 932
194 933
194 938
194 940
194 942
194 947
194 951
194 953
194 955
194 956
194 958
194 961
194 963
194 967
194 970
194 971
194 972
194 973
194 988
194 990
194 995
194 996
194 997
195 501
195 502
195 504
195 506
195 508
195 514
195 515
195 516
195 523
195 528
195 533
195 537
195 540
195 543
195 546
195 550
195 551
195 559
195 564
195 568
195 569
195 570
195 573
195 575
195 578
195 587
195 588
195 598
195 606
195 607
195 611
195 613
195 614
195 615
195 621
195 622
195 623
195 634
195 638
195 643
195 644
195 645
195 646
195 652
195 655
195 658
195 660
195 661
195 663
195 666
195 670
195 674
195 676
195 679
195 680
195 681
195 684
195 687
195 688
195 693
195 695
195 696
195 704
195 707
195 715
195 720
195 722
195 723
195 730
195 734
195 739
195 742
195 744
195 745
195 748
195 760
195 761
195 764
195 765
195 766
195 767
195 771
195 777
195 778
195 780
195 783
195 785
195 788
195 789
195 792
195 794
195 797
195 798
195 805
195 812
195 815
195 818
195 821
195 822
195 823
195 824
195 827
195 832
195 833
195 835
195 838
195 842
195 845
195 853
195 854
195 870
195 871
195 873
195 875
195 876
195 881
195 882
195 883
195 888
195 893
195 900
195 904
195 908
195 910
195 911
195 914
195 916
195 917
195 923
195 924
195 925
195 927
195 930
195 933
195 938
195 944
195 947
195 949
195 955
195 959
195 961
195 962
195 964
195 971
195 972
195 973
195 975
195 982
195 983
195 990
195 991
195 993
195 1000
196 503
196 504
196 506
196 514
196 515
196 516
196 521
196 523
196 527
196 528
196 529
196 530
196 531
196 536
196 538
196 540
196 544
196 550
196 553
196 559
196 562
196 564
196 573
196 576
196 577
196 578
196 585
196 591
196 596
196 597
196 598
196 614
196 619
196 626
196 629
196 630
196 632
196 634
196 641
196 644
196 647
196 648
196 649
196 650
196 654
196 663
196 668
196 674
196 675
196 676
196 677
196 678
196 680
196 685
196 687
196 690
196 692
196 696
196 697
196 698
196 699
196 700
196 701
196 702
196 703
196 704
196 705
196 708
196 709
196 711
196 714
196 716
196 721
196 723
196 725
196 729
196 730
196 734
196 737
196 738
196 739
196 746
196 748
196 750
196 752
196 754
196 758
196 759
196 768
196 775
196 778
196 780
196 784
196 786
196 787
196 792
196 797
196 798
196 799
196 809
196 811
196 814
196 815
196 816
196 819
196 822
196 824
196 826
196 829
196 831
196 832
196 836
196 837
196 841
196 842
196 844
196 845
196 853
196 854
196 855
196 857
196 858
196 859
196 862
196 863
196 866
196 868
196 871
196 873
196 877
196 884
196 886
196 888
196 890
196 896
196 897
196 904
196 908
196 911
196 915
196 917
196 921
196 923
196 926
196 927
196 931
196 934
196 935
196 938
196 939
196 944
196 945
196 947
196 953
196 959
196 960
196 962
196 969
196 976
196 978
196 980
196 982
196 983
196 986
196 987
196 990
196 991
196 992
196 993
196 996
197 503
197 510
197 515
197 519
197 520
197 527
197 528
197 538
197 540
197 546
197 547
197 554
197 556
197 558
197 567
197 568
197 578
197 580
197 582
197 584
197 588
197 589
197 598
197 601
197 602
197 603
197 604
197 608
197 614
197 615
197 624
197 625
197 627
197 632
197 636
197 639
197 640
197 643
197 644
197 645
197 647
197 654
197 655
197 656
197 660
197 669
197 670
197 675
197 677
197 681
197 685
197 688
197 719
197 723
197 724
197 725
197 726
197 727
197 732
197 734
197 735
197 738
197 740
197 743
197 744
197 746
197 748
197 749
197 752
197 758
197 763
197 775
197 776
197 782
197 783
197 786
197 788
197 793
197 795
197 796
197 807
197 813
197 816
197 817
197 819
197 820
197 823
197 825
197 827
197 831
197 835
197 836
197 843
197 849
197 850
197 853
197 857
197 859
197 865
197 871
197 873
197 874
197 875
197 877
197 878
197 879
197 880
197 881
197 882
197 885
197 896
197 898
197 906
197 907
197 914
197 916
197 930
197 933
197 935
197 936
197 938
197 939
197 940
197 941
197 944
197 945
197 947
197 948
197 949
197 952
197 953
197 960
197 961
197 963
197 969
197 972
197 975
197 976
197 980
197 986
197 994
197 998
198 509
198 511
198 513
198 517
198 525
198 526
198 527
198 529
198 532
198 535
198 536
198 537
198 541
198 548
198 549
198 552
198 554
198 556
198 557
198 565
198 566
198 579
198 580
198 581
198 583
198 585
198 586
198 589
198 590
198 592
198 599
198 605
198 608
198 610
198 612
198 613
198 615
198 621
198 633
198 635
198 638
198 646
198 648
198 653
198 654
198 655
198 656
198 657
198 661
198 663
198 664
198 667
198 673
198 674
198 676
198 680
198 681
198 683
198 686
198 688
198 691
198 693
198 696
198 698
198 702
198 703
198 705
198 706
198 709
198 711
198 712
198 714
198 716
198 718
198 721
198 722
198 723
198 729
198 730
198 733
198 734
198 738
198 746
198 751
198 754
198 767
198 771
198 773
198 774
198 778
198 781
198 783
198 785
198 787
198 788
198 789
198 790
198 795
198 796
198 799
198 802
198 811
198 815
198 820
198 821
198 829
198 831
198 842
198 848
198 849
198 850
198 851
198 852
198 855
198 856
198 857
198 861
198 863
198 871
198 876
198 880
198 883
198 887
198 888
198 895
198 898
198 901
198 902
198 908
198 911
198 912
198 913
198 919
198 923
198 931
198 937
198 941
198 942
198 944
198 948
198 950
198 954
198 956
198 957
198 963
198 970
198 972
198 979
198 983
198 985
198 986
198 993
198 994
198 998
198 999
199 504
199 505
199 508
199 513
199 514
199 515
199 516
199 517
199 518
199 523
199 531
199 533
199 534
199 539
199 540
199 546
199 547
199 550
199 551
199 554
199 556
199 557
199 559
199 563
199 570
199 574
199 575
199 580
199 588
199 589
199 590
199 604
199 607
199 612
199 615
199 617
199 619
199 620
199 621
199 624
199 628
199 630
199 632
199 633
199 636
199 642
199 643
199 645
199 649
199 651
199 655
199 662
199 663
199 665
199 671
199 676
199 679
199 690
199 694
199 697
199 698
199 702
199 708
199 709
199 713
199 715
199 720
199 725
199 726
199 727
199 728
199 730
199 732
199 740
199 744
199 749
199 756
199 759
199 760
199 763
199 764
199 767
199 768
199 770
199 775
199 778
199 779
199 782
199 792
199 794
199 798
199 800
199 804
199 809
199 811
199 813
199 816
199 817
199 824
199 825
199 827
199 828
199 832
199 837
199 840
199 841
199 845
199 846
199 849
199 850
199 853
199 856
199 859
199 863
199 866
199 869
199 872
199 873
199 875
199 876
199 878
199 886
199 888
199 891
199 894
199 903
199 906
199 908
199 910
199 916
199 917
199 919
199 922
199 929
199 933
199 936
199 937
199 939
199 946
199 947
199 951
199 952
199 956
199 960
199 962
199 964
199 965
199 967
199 982
199 984
199 985
199 987
199 989
199 990
199 991
199 995
200 501
200 505
200 506
200 512
200 516
200 518
200 519
200 522
200 526
200 529
200 538
200 540
200 541
200 543
200 544
200 550
200 551
200 552
200 554
200 559
200 569
200 575
200 580
200 581
200 584
200 588
200 595
200 596
200 597
200 598
200 599
200 601
200 603
200 604
200 605
200 607
200 608
200 609
200 610
200 611
200 612
200 616
200 622
200 623
200 628
200 630
200 636
200 646
200 651
200 652
200 654
200 656
200 659
200 663
200 664
200 665
200 667
200 672
200 675
200 678
200 679
200 685
200 686
200 689
200 690
200 691
200 694
200 695
200 696
200 699
200 707
200 710
200 712
200 719
200 720
200 723
200 724
200 728
200 730
200 731
200 738
200 739
200 741
200 742
200 743
200 744
200 745
200 746
200 751
200 752
200 753
200 759
200 761
200 763
200 769
200 770
200 772
200 783
200 784
200 799
200 802
200 803
200 806
200 808
200 815
200 819
200 820
200 838
200 841
200 843
200 846
200 849
200 853
200 854
200 859
200 863
200 864
200 872
200 878
200 880
200 882
200 898
200 902
200 903
200 905
200 912
200 913
200 918
200 920
200 925
200 927
200 930
200 933
200 936
200 937
200 938
200 939
200 940
200 947
200 949
200 950
200 955
200 957
200 958
200 960
200 964
200 965
200 970
200 973
200 974
200 975
200 977
200 978
200 980
200 983
200 986
200 989
200 991
200 995
200 996
201 502
201 512
201 517
201 523
201 524
201 530
201 532
201 537
201 541
201 542
201 545
201 546
201 547
201 550
201 555
201 556
201 564
201 569
201 570
201 577
201 579
201 582
201 583
201 588
201 595
201 601
201 603
201 617
201 624
201 626
201 628
201 629
201 632
201 633
201 643
201 646
201 647
201 657
201 659
201 663
201 670
201 671
201 672
201 678
201 681
201 684
201 689
201 691
201 692
201 694
201 698
201 701
201 709
201 711
201 716
201 725
201 735
201 739
201 741
201 745
201 749
201 755
201 762
201 764
201 766
201 772
201 776
201 779
201 785
201 786
201 788
201 794
201 800
201 801
201 802
201 806
201 808
201 811
201 816
201 820
201 821
201 825
201 828
201 829
201 831
201 833
201 836
201 837
201 845
201 850
201 854
201 856
201 862
201 863
201 864
201 867
201 870
201 872
201 873
201 874
201 875
201 880
201 883
201 885
201 890
201 895
201 901
201 902
201 904
201 905
201 912
201 913
201 916
201 918
201 922
201 923
201 929
201 934
201 936
201 937
201 938
201 939
201 942
201 946
201 948
201 952
201 955
201 963
201 969
201 970
201 979
201 982
201 990
201 995
201 998
201 1000
202 501
202 502
202 504
202 505
202 506
202 510
202 513
202 516
202 517
202 519
202 520
202 522
202 525
202 529
202 530
202 532
202 534
202 536
202 538
202 539
202 543
202 554
202 559
202 561
202 564
202 566
202 576
202 579
202 584
202 594
202 605
202 607
202 608
202 611
202 615
202 617
202 618
202 620
202 622
202 623
202 627
202 635
202 639
202 643
202 644
202 650
202 654
202 656
202 665
202 666
202 667
202 668
202 671
202 673
202 674
202 689
202 691
202 696
202 697
202 698
202 703
202 709
202 717
202 721
202 727
202 754
202 755
202 756
202 757
202 761
202 762
202 764
202 768
202 771
202 775
202 777
202 782
202 784
202 791
202 797
202 798
202 803
202 808
202 811
202 815
202 819
202 827
202 828
202 834
202 836
202 838
202 842
202 845
202 847
202 848
202 853
202 858
202 869
202 870
202 873
202 876
202 877
202 882
202 890
202 895
202 898
202 899
202 901
202 904
202 907
202 910
202 914
202 917
202 918
202 920
202 923
202 924
202 926
202 930
202 931
202 932
202 933
202 942
202 946
202 947
202 953
202 954
202 956
202 958
202 961
202 963
202 964
202 967
202 969
202 973
202 974
202 976
202 977
202 980
202 983
202 990
202 991
202 992
202 997
202 999
202 1000
203 503
203 514
203 515
203 516
203 517
203 520
203 526
203 528
203 530
203 531
203 532
203 541
203 542
203 545
203 548
203 551
203 559
203 560
203 568
203 572
203 576
203 577
203 584
203 585
203 587
203 596
203 597
203 601
203 605
203 607
203 608
203 610
203 614
203 617
203 618
203 623
203 626
203 628
203 631
203 651
203 656
203 661
203 663
203 666
203 667
203 669
203 673
203 675
203 676
203 679
203 685
203 690
203 693
203 694
203 695
203 701
203 714
203 717
203 727
203 735
203 742
203 746
203 748
203 749
203 750
203 752
203 753
203 756
203 759
203 760
203 764
203 779
203 787
203 794
203 795
203 798
203 799
203 800
203 805
203 817
203 822
203 844
203 850
203 856
203 859
203 861
203 862
203 863
203 872
203 874
203 877
203 880
203 884
203 885
203 887
203 888
203 889
203 891
203 897
203 901
203 906
203 909
203 913
203 919
203 921
203 922
203 926
203 928
203 936
203 937
203 938
203 939
203 940
203 946
203 958
203 961
203 962
203 963
203 966
203 973
203 976
203 977
203 981
203 983
203 984
203 986
203 988
203 989
203 991
203 994
203 997
203 1000
204 503
204 504
204 506
204 512
204 518
204 522
204 524
204 526
204 529
204 530
204 532
204 535
204 537
204 539
204 545
204 546
204 548
204 550
204 564
204 567
204 569
204 574
204 575
204 576
204 584
204 592
204 593
204 594
204 595
204 609
204 612
204 618
204 619
204 623
204 627
204 629
204 632
204 633
204 634
204 636
204 637
204 641
204 643
204 645
204 646
204 647
204 650
204 653
204 654
204 655
204 657
204 659
204 660
204 664
204 665
204 666
204 674
204 675
204 678
204 684
204 686
204 687
204 690
204 696
204 707
204 709
204 716
204 718
204 719
204 720
204 723
204 725
204 728
204 736
204 737
204 748
204 750
204 751
204 755
204 757
204 759
204 763
204 767
204 771
204 772
204 776
204 778
204 780
204 790
204 792
204 797
204 799
204 802
204 803
204 806
204 808
204 815
204 820
204 821
204 822
204 825
204 828
204 830
204 834
204 836
204 837
204 838
204 840
204 841
204 844
204 858
204 859
204 860
204 866
204 869
204 874
204 880
204 882
204 887
204 897
204 902
204 904
204 905
204 916
204 920
204 923
204 924
204 927
204 930
204 933
204 935
204 939
204 942
204 947
204 948
204 949
204 952
204 958
204 959
204 962
204 963
204 964
204 965
204 966
204 967
204 970
204 975
204 976
204 978
204 981
204 982
204 986
204 989
204 990
205 502
205 506
205 509
205 514
205 516
205 518
205 519
205 520
205 525
205 527
205 533
205 535
205 536
205 538
205 539
205 541
205 543
205 549
205 553
205 555
205 556
205 562
205 564
205 565
205 571
205 572
205 577
205 580
205 582
205 583
205 584
205 588
205 589
205 590
205 593
205 595
205 596
205 597
205 601
205 602
205 605
205 609
205 618
205 619
205 623
205 626
205 628
205 630
205 636
205 641
205 642
205 644
205 645
205 653
205 654
205 661
205 662
205 671
205 674
205 676
205 680
205 681
205 682
205 686
205 689
205 692
205 695
205 697
205 700
205 701
205 706
205 709
205 713
205 716
205 723
205 734
205 737
205 738
205 745
205 746
205 748
205 749
205 750
205 751
205 756
205 760
205 762
205 763
205 764
205 769
205 770
205 775
205 777
205 778
205 779
205 781
205 795
205 800
205 801
205 807
205 811
205 813
205 828
205 830
205 837
205 839
205 841
205 845
205 847
205 848
205 850
205 855
205 856
205 859
205 860
205 868
205 874
205 875
205 878
205 879
205 881
205 886
205 889
205 891
205 892
205 894
205 896
205 898
205 911
205 917
205 918
205 922
205 926
205 937
205 942
205 943
205 944
205 945
205 948
205 955
205 965
205 970
205 972
205 978
205 979
205 982
205 983
205 984
205 985
205 990
205 997
206 502
206 504
206 507
206 521
206 522
206 523
206 525
206 529
206 530
206 535
206 544
206 547
206 549
206 550
206 554
206 557
206 560
206 563
206 566
206 568
206 579
206 585
206 588
206 589
206 591
206 596
206 599
206 602
206 607
206 609
206 610
206 611
206 614
206 617
206 624
206 628
206 630
206 632
206 634
206 643
206 646
206 650
206 651
206 654
206 655
206 657
206 659
206 662
206 664
206 668
206 671
206 672
206 674
206 675
206 678
206 680
206 681
206 684
206 685
206 689
206 691
206 692
206 695
206 700
206 701
206 702
206 704
206 707
206 714
206 718
206 719
206 722
206 723
206 729
206 731
206 734
206 736
206 738
206 741
206 743
206 745
206 747
206 748
206 752
206 757
206 764
206 765
206 766
206 767
206 769
206 772
206 775
206 779
206 781
206 782
206 791
206 792
206 796
206 800
206 801
206 804
206 811
206 822
206 823
206 824
206 826
206 835
206 836
206 839
206 840
206 841
206 845
206 853
206 855
206 856
206 867
206 868
206 869
206 872
206 877
206 879
206 880
206 883
206 884
206 885
206 887
206 892
206 896
206 898
206 902
206 903
206 904
206 905
206 911
206 918
206 920
206 921
206 923
206 924
206 926
206 933
206 942
206 943
206 946
206 947
206 949
206 951
206 952
206 954
206 955
206 957
206 961
206 964
206 970
206 973
206 975
206 976
206 977
206 980
206 981
206 983
206 986
206 987
206 989
206 990
206 992
206 995
206 998
206 999
207 501
207 503
207 507
207 509
207 510
207 514
207 520
207 522
207 529
207 530
207 533
207 534
207 537
207 539
207 544
207 551
207 553
207 562
207 569
207 571
207 572
207 573
207 575
207 579
207 582
207 591
207 593
207 595
207 598
207 601
207 602
207 603
207 608
207 610
207 612
207 614
207 618
207 619
207 622
207 624
207 626
207 632
207 638
207 641
207 642
207 645
207 647
207 650
207 655
207 657
207 659
207 660
207 661
207 663
207 665
207 666
207 667
207 670
207 671
207 672
207 674
207 676
207 677
207 678
207 679
207 680
207 684
207 686
207 693
207 696
207 698
207 706
207 711
207 712
207 714
207 717
207 720
207 722
207 723
207 726
207 730
207 731
207 732
207 734
207 739
207 741
207 748
207 749
207 750
207 751
207 753
207 756
207 759
207 764
207 768
207 774
207 777
207 780
207 793
207 795
207 798
207 807
207 810
207 811
207 818
207 819
207 832
207 833
207 834
207 837
207 848
207 849
207 851
207 852
207 854
207 862
207 863
207 869
207 872
207 878
207 884
207 886
207 895
207 896
207 897
207 899
207 900
207 904
207 905
207 910
207 912
207 917
207 922
207 929
207 935
207 948
207 951
207 955
207 958
207 961
207 962
207 963
207 964
207 968
207 973
207 975
207 977
207 982
207 993
207 995
207 997
207 998
208 505
208 509
208 510
208 511
208 512
208 514
208 522
208 523
208 527
208 528
208 535
208 536
208 538
208 539
208 543
208 545
208 546
208 547
208 555
208 556
208 570
208 571
208 572
208 573
208 574
208 578
208 579
208 582
208 585
208 589
208 600
208 604
208 605
208 608
208 614
208 615
208 618
208 620
208 621
208 627
208 636
208 638
208 639
208 640
208 644
208 650
208 656
208 658
208 659
208 660
208 662
208 666
208 667
208 669
208 672
208 680
208 685
208 687
208 688
208 690
208 697
208 698
208 702
208 706
208 708
208 709
208 713
208 715
208 716
208 726
208 727
208 732
208 734
208 735
208 737
208 738
208 741
208 743
208 745
208 746
208 749
208 765
208 768
208 771
208 772
208 774
208 777
208 786
208 787
208 790
208 791
208 797
208 799
208 803
208 805
208 809
208 811
208 816
208 817
208 820
208 822
208 824
208 828
208 829
208 830
208 831
208 833
208 834
208 836
208 837
208 840
208 845
208 846
208 847
208 851
208 870
208 871
208 872
208 873
208 875
208 877
208 879
208 891
208 892
208 895
208 899
208 903
208 904
208 905
208 906
208 907
208 908
208 914
208 915
208 919
208 922
208 923
208 924
208 927
208 930
208 933
208 935
208 938
208 944
208 948
208 953
208 959
208 963
208 964
208 965
208 966
208 967
208 968
208 969
208 973
208 976
208 977
208 978
208 980
208 985
208 986
208 988
208 991
208 994
208 996
208 1000
209 501
209 507
209 508
209 517
209 518
209 519
209 527
209 530
209 531
209 532
209 536
209 537
209 538
209 542
209 544
209 553
209 554
209 559
209 562
209 567
209 577
209 581
209 585
209 592
209 594
209 596
209 599
209 602
209 605
209 618
209 622
209 624
209 625
209 630
209 631
209 637
209 639
209 642
209 644
209 645
209 646
209 649
209 652
209 658
209 659
209 666
209 668
209 669
209 671
209 672
209 675
209 676
209 677
209 678
209 680
209 681
209 683
209 687
209 692
209 693
209 695
209 697
209 698
209 705
209 709
209 713
209 715
209 717
209 719
209 721
209 725
209 728
209 735
209 741
209 743
209 748
209 750
209 751
209 766
209 767
209 768
209 769
209 770
209 772
209 773
209 776
209 779
209 784
209 792
209 795
209 796
209 797
209 798
209 806
209 807
209 808
209 811
209 814
209 815
209 818
209 819
209 821
209 825
209 826
209 827
209 828
209 830
209 833
209 834
209 838
209 839
209 841
209 843
209 846
209 848
209 856
209 862
209 864
209 867
209 869
209 873
209 880
209 882
209 886
209 888
209 893
209 894
209 895
209 902
209 905
209 910
209 911
209 913
209 917
209 921
209 929
209 931
209 935
209 938
209 942
209 943
209 949
209 952
209 956
209 963
209 964
209 974
209 982
209 983
209 985
209 988
209 992
209 993
209 994
209 995
209 998
209 999
210 506
210 507
210 513
210 514
210 515
210 516
210 519
210 521
210 529
210 533
210 536
210 538
210 552
210 560
210 563
210 564
210 566
210 568
210 570
210 571
210 573
210 574
210 585
210 590
210 591
210 592
210 602
210 603
210 611
210 622
210 625
210 630
210 633
210 635
210 637
210 639
210 640
210 642
210 652
210 653
210 654
210 656
210 657
210 663
210 665
210 666
210 667
210 679
210 681
210 683
210 686
210 687
210 692
210 693
210 699
210 704
210 707
210 708
210 710
210 711
210 715
210 721
210 724
210 732
210 733
210 737
210 738
210 747
210 748
210 753
210 755
210 761
210 763
210 765
210 766
210 770
210 773
210 777
210 785
210 789
210 793
210 794
210 798
210 802
210 803
210 805
210 808
210 809
210 816
210 819
210 821
210 822
210 828
210 844
210 847
210 848
210 852
210 853
210 860
210 863
210 869
210 873
210 874
210 881
210 883
210 885
210 886
210 889
210 901
210 903
210 907
210 910
210 915
210 917
210 921
210 933
210 934
210 936
210 943
210 946
210 953
210 957
210 958
210 959
210 968
210 974
210 975
210 981
210 984
210 986
210 987
210 990
210 995
210 997
211 501
211 504
211 514
211 515
211 522
211 524
211 534
211 537
211 539
211 543
211 544
211 557
211 564
211 565
211 567
211 568
211 576
211 577
211 578
211 580
211 587
211 591
211 594
211 595
211 597
211 598
211 600
211 609
211 612
211 614
211 615
211 621
211 623
211 624
211 627
211 628
211 629
211 634
211 637
211 640
211 642
211 643
211 644
211 645
211 646
211 647
211 648
211 652
211 653
211 658
211 661
211 664
211 672
211 674
211 675
211 678
211 680
211 681
211 683
211 686
211 692
211 698
211 699
211 700
211 701
211 705
211 713
211 715
211 716
211 722
211 725
211 726
211 730
211 734
211 737
211 741
211 743
211 744
211 750
211 751
211 752
211 759
211 763
211 764
211 768
211 772
211 774
211 775
211 778
211 780
211 785
211 786
211 790
211 796
211 804
211 806
211 807
211 810
211 812
211 816
211 819
211 822
211 823
211 824
211 825
211 827
211 831
211 835
211 841
211 844
211 848
211 849
211 852
211 853
211 855
211 862
211 867
211 877
211 885
211 888
211 890
211 894
211 896
211 902
211 906
211 908
211 912
211 913
211 919
211 921
211 927
211 932
211 933
211 935
211 938
211 940
211 941
211 942
211 945
211 955
211 963
211 967
211 972
211 975
211 979
211 981
211 986
211 991
211 995
211 999
212 505
212 508
212 510
212 512
212 516
212 519
212 524
212 527
212 531
212 541
212 543
212 544
212 550
212 562
212 564
212 565
212 566
212 568
212 570
212 573
212 581
212 585
212 590
212 594
212 597
212 600
212 601
212 603
212 606
212 614
212 619
212 622
212 625
212 626
212 631
212 632
212 634
212 639
212 650
212 656
212 660
212 661
212 663
212 667
212 672
212 673
212 674
212 675
212 679
212 680
212 681
212 683
212 685
212 686
212 692
212 694
212 699
212 702
212 703
212 704
212 709
212 713
212 716
212 717
212 718
212 728
212 729
212 730
212 732
212 733
212 739
212 744
212 746
212 749
212 751
212 753
212 755
212 756
212 757
212 760
212 764
212 765
212 776
212 778
212 779
212 782
212 783
212 789
212 794
212 796
212 801
212 802
212 806
212 810
212 817
212 825
212 827
212 831
212 834
212 835
212 839
212 842
212 844
212 845
212 846
212 848
212 852
212 854
212 857
212 864
212 865
212 866
212 868
212 870
212 872
212 876
212 881
212 884
212 885
212 886
212 891
212 892
212 899
212 903
212 905
212 913
212 917
212 918
212 920
212 922
212 923
212 927
212 928
212 931
212 938
212 939
212 940
212 944
212 946
212 958
212 962
212 965
212 968
212 978
212 979
212 980
212 983
212 984
212 985
212 986
212 988
212 996
213 503
213 509
213 513
213 515
213 518
213 519
213 521
213 525
213 527
213 529
213 530
213 532
213 534
213 535
213 542
213 543
213 546
213 550
213 551
213 557
213 561
213 565
213 570
213 571
213 572
213 577
213 582
213 584
213 585
213 587
213 589
213 592
213 596
213 602
213 604
213 606
213 607
213 610
213 613
213 623
213 635
213 638
213 644
213 646
213 647
213 648
213 650
213 651
213 657
213 658
213 661
213 667
213 669
213 671
213 677
213 679
213 681
213 683
213 685
213 688
213 694
213 696
213 699
213 710
213 711
213 721
213 726
213 727
213 728
213 729
213 732
213 733
213 735
213 737
213 740
213 743
213 746
213 749
213 751
213 753
213 756
213 758
213 760
213 765
213 766
213 767
213 768
213 769
213 770
213 771
213 772
213 774
213 775
213 781
213 783
213 785
213 791
213 794
213 796
213 797
213 798
213 800
213 802
213 804
213 806
213 807
213 811
213 814
213 818
213 822
213 825
213 826
213 829
213 830
213 835
213 836
213 837
213 840
213 841
213 844
213 849
213 852
213 858
213 859
213 861
213 863
213 875
213 880
213 886
213 888
213 890
213 897
213 900
213 905
213 907
213 913
213 915
213 918
213 920
213 927
213 929
213 933
213 935
213 944
213 946
213 947
213 950
213 952
213 955
213 956
213 957
213 958
213 959
213 960
213 961
213 963
213 964
213 965
213 966
213 967
213 981
213 982
213 985
213 990
213 991
213 992
213 993
213 995
213 998
213 999
214 506
214 508
214 511
214 516
214 518
214 520
214 521
214 528
214 530
214 531
214 534
214 536
214 539
214 540
214 541
214 542
214 546
214 547
214 548
214 549
214 551
214 554
214 557
214 560
214 562
214 564
214 567
214 569
214 570
214 573
214 577
214 579
214 580
214 581
214 582
214 585
214 588
214 590
214 591
214 592
214 594
214 597
214 600
214 602
214 605
214 606
214 608
214 609
214 612
214 617
214 623
214 624
214 626
214 631
214 633
214 635
214 636
214 638
214 649
214 656
214 660
214 666
214 667
214 668
214 678
214 679
214 683
214 685
214 686
214 687
214 688
214 695
214 696
214 698
214 701
214 709
214 711
214 713
214 714
214 720
214 726
214 727
214 730
214 739
214 744
214 745
214 748
214 754
214 755
214 765
214 772
214 775
214 780
214 781
214 787
214 791
214 792
214 799
214 800
214 801
214 805
214 806
214 810
214 814
214 821
214 822
214 823
214 827
214 828
214 831
214 832
214 833
214 836
214 838
214 839
214 842
214 849
214 852
214 853
214 856
214 857
214 858
214 859
214 865
214 867
214 870
214 873
214 880
214 882
214 885
214 888
214 890
214 891
214 898
214 908
214 917
214 924
214 927
214 934
214 935
214 942
214 944
214 945
214 948
214 949
214 951
214 953
214 959
214 960
214 965
214 975
214 984
214 991
214 992
214 994
214 995
214 996
215 501
215 508
215 511
215 512
215 513
215 514
215 517
215 522
215 523
215 526
215 529
215 531
215 535
215 539
215 540
215 544
215 549
215 555
215 556
215 562
215 564
215 567
215 569
215 570
215 584
215 585
215 586
215 589
215 590
215 592
215 595
215 597
215 599
215 607
215 611
215 612
215 615
215 621
215 623
215 624
215 634
215 635
215 644
215 649
215 651
215 656
215 658
215 660
215 661
215 672
215 679
215 681
215 683
215 685
215 690
215 691
215 694
215 698
215 703
215 708
215 709
215 710
215 712
215 713
215 717
215 718
215 719
215 720
215 721
215 722
215 725
215 728
215 731
215 732
215 734
215 742
215 746
215 750
215 752
215 754
215 755
215 756
215 765
215 766
215 767
215 769
215 773
215 775
215 779
215 782
215 786
215 787
215 788
215 792
215 794
215 795
215 805
215 807
215 815
215 822
215 825
215 826
215 827
215 831
215 836
215 841
215 843
215 845
215 846
215 847
215 858
215 876
215 882
215 883
215 888
215 893
215 895
215 897
215 898
215 899
215 904
215 907
215 908
215 909
215 910
215 911
215 914
215 915
215 916
215 923
215 924
215 926
215 928
215 929
215 930
215 933
215 934
215 949
215 950
215 951
215 955
215 957
215 959
215 960
215 962
215 966
215 969
215 970
215 973
215 974
215 976
215 978
215 981
215 985
215 988
215 991
215 994
215 999
215 1000
216 501
216 504
216 505
216 507
216 508
216 509
216 511
216 513
216 517
216 518
216 519
216 520
216 526
216 531
216 532
216 537
216 539
216 543
216 544
216 547
216 551
216 552
216 553
216 554
216 555
216 556
216 562
216 564
216 565
216 566
216 568
216 569
216 570
216 571
216 572
216 573
216 574
216 575
216 577
216 580
216 582
216 587
216 588
216 592
216 601
216 615
216 619
216 620
216 622
216 625
216 627
216 631
216 638
216 650
216 652
216 656
216 666
216 669
216 670
216 674
216 680
216 682
216 685
216 688
216 695
216 703
216 706
216 707
216 715
216 717
216 721
216 724
216 726
216 728
216 730
216 740
216 742
216 744
216 748
216 751
216 756
216 757
216 759
216 765
216 768
216 769
216 770
216 771
216 772
216 774
216 776
216 778
216 782
216 784
216 785
216 786
216 788
216 789
216 790
216 805
216 808
216 809
216 811
216 812
216 815
216 817
216 818
216 819
216 821
216 825
216 826
216 827
216 828
216 829
216 831
216 839
216 844
216 851
216 856
216 859
216 861
216 865
216 866
216 868
216 880
216 881
216 884
216 886
216 889
216 893
216 895
216 898
216 900
216 905
216 907
216 908
216 910
216 911
216 916
216 917
216 920
216 922
216 923
216 924
216 932
216 933
216 937
216 938
216 943
216 944
216 945
216 947
216 949
216 951
216 956
216 957
216 958
216 961
216 963
216 968
216 969
216 971
216 972
216 976
216 980
216 981
216 982
216 983
216 987
216 990
216 992
216 994
216 997
216 998
217 501
217 504
217 506
217 507
217 511
217 513
217 516
217 518
217 519
217 521
217 522
217 530
217 532
217 534
217 536
217 540
217 541
217 543
217 545
217 558
217 567
217 570
217 574
217 580
217 582
217 586
217 587
217 591
217 594
217 600
217 601
217 602
217 610
217 614
217 615
217 623
217 624
217 627
217 629
217 636
217 637
217 640
217 653
217 654
217 657
217 663
217 664
217 669
217 670
217 671
217 674
217 683
217 686
217 691
217 697
217 699
217 703
217 704
217 707
217 712
217 720
217 722
217 724
217 725
217 727
217 728
217 734
217 735
217 739
217 741
217 744
217 746
217 747
217 748
217 749
217 754
217 757
217 759
217 763
217 764
217 765
217 770
217 771
217 775
217 777
217 778
217 780
217 782
217 784
217 795
217 798
217 803
217 804
217 805
217 806
217 811
217 812
217 817
217 820
217 821
217 829
217 839
217 842
217 843
217 848
217 849
217 851
217 852
217 855
217 857
217 865
217 867
217 872
217 877
217 879
217 883
217 891
217 895
217 898
217 900
217 902
217 904
217 907
217 910
217 911
217 914
217 915
217 916
217 919
217 920
217 923
217 924
217 925
217 933
217 939
217 940
217 942
217 955
217 960
217 969
217 971
217 974
217 977
217 979
217 980
217 981
217 982
217 983
217 985
217 989
217 991
217 996
217 997
217 998
217 1000
218 504
218 507
218 509
218 511
218 513
218 515
218 517
218 521
218 528
218 530
218 531
218 536
218 540
218 542
218 543
218 545
218 546
218 548
218 549
218 551
218 553
218 554
218 557
218 558
218 561
218 563
218 564
218 565
218 572
218 573
218 581
218 582
218 583
218 585
218 596
218 597
218 598
218 602
218 604
218 606
218 609
218 615
218 622
218 625
218 628
218 631
218 632
218 639
218 640
218 642
218 645
218 648
218 653
218 655
218 658
218 661
218 671
218 673
218 678
218 681
218 682
218 683
218 684
218 696
218 697
218 698
218 702
218 705
218 706
218 707
218 708
218 713
218 716
218 719
218 720
218 728
218 730
218 733
218 735
218 738
218 739
218 743
218 749
218 755
218 761
218 770
218 774
218 775
218 778
218 785
218 786
218 798
218 800
218 802
218 804
218 812
218 815
218 817
218 818
218 819
218 822
218 824
218 825
218 830
218 831
218 837
218 838
218 839
218 847
218 848
218 849
218 852
218 853
218 854
218 855
218 856
218 858
218 859
218 864
218 865
218 867
218 876
218 877
218 883
218 888
218 895
218 896
218 897
218 898
218 904
218 906
218 907
218 910
218 912
218 916
218 917
218 921
218 925
218 929
218 930
218 932
218 935
218 937
218 939
218 940
218 946
218 947
218 951
218 952
218 954
218 963
218 966
218 971
218 976
218 977
218 979
218 980
218 982
218 984
218 985
218 993
218 996
218 997
219 503
219 504
219 507
219 512
219 518
219 520
219 523
219 525
219 527
219 533
219 536
219 537
219 539
219 542
219 544
219 551
219 552
219 555
219 562
219 571
219 575
219 576
219 577
219 582
219 587
219 594
219 595
219 597
219 598
219 599
219 600
219 601
219 602
219 604
219 605
219 607
219 609
219 613
219 614
219 620
219 624
219 625
219 628
219 634
219 635
219 641
219 644
219 647
219 648
219 653
219 658
219 663
219 666
219 667
219 668
219 670
219 671
219 676
219 679
219 684
219 687
219 688
219 690
219 692
219 693
219 702
219 706
219 716
219 721
219 728
219 731
219 739
219 745
219 746
219 750
219 751
219 754
219 757
219 759
219 764
219 770
219 771
219 782
219 784
219 786
219 794
219 795
219 802
219 810
219 816
219 825
219 829
219 832
219 837
219 842
219 856
219 859
219 861
219 865
219 877
219 883
219 885
219 886
219 887
219 891
219 902
219 903
219 906
219 911
219 915
219 921
219 924
219 925
219 931
219 933
219 935
219 940
219 942
219 943
219 944
219 947
219 948
219 954
219 964
219 965
219 966
219 968
219 969
219 970
219 971
219 978
219 981
219 982
219 985
219 989
219 990
219 993
219 994
219 998
219 999
219 1000
220 503
220 504
220 509
220 512
220 518
220 519
220 521
220 523
220 525
220 526
220 528
220 534
220 535
220 539
220 541
220 543
220 555
220 561
220 563
220 566
220 567
220 568
220 572
220 580
220 581
220 584
220 588
220 591
220 593
220 597
220 601
220 603
220 604
220 606
220 611
220 618
220 623
220 634
220 636
220 637
220 639
220 640
220 641
220 643
220 647
220 652
220 653
220 661
220 665
220 667
220 674
220 676
220 677
220 679
220 682
220 683
220 687
220 695
220 697
220 698
220 702
220 706
220 708
220 712
220 718
220 723
220 726
220 727
220 729
220 730
220 733
220 734
220 737
220 740
220 744
220 751
220 755
220 760
220 761
220 764
220 770
220 771
220 773
220 774
220 777
220 782
220 783
220 785
220 787
220 789
220 799
220 805
220 809
220 814
220 815
220 823
220 824
220 825
220 828
220 833
220 839
220 841
220 845
220 848
220 853
220 857
220 862
220 865
220 872
220 874
220 875
220 878
220 879
220 883
220 885
220 892
220 893
220 897
220 899
220 900
220 901
220 902
220 903
220 904
220 906
220 908
220 909
220 913
220 917
220 918
220 919
220 920
220 923
220 924
220 928
220 930
220 932
220 934
220 936
220 938
220 939
220 942
220 943
220 946
220 949
220 952
220 959
220 961
220 963
220 964
220 966
220 967
220 971
220 972
220 976
220 978
220 979
220 981
220 987
220 995
220 997
221 516
221 517
221 519
221 523
221 531
221 532
221 533
221 534
221 536
221 549
221 551
221 552
221 557
221 559
221 561
221 564
221 565
221 568
221 569
221 571
221 572
221 578
221 584
221 585
221 587
221 589
221 590
221 594
221 597
221 605
221 606
221 607
221 610
221 612
221 615
221 616
221 620
221 623
221 624
221 625
221 626
221 629
221 635
221 647
221 656
221 659
221 660
221 665
221 668
221 670
221 673
221 677
221 678
221 681
221 682
221 685
221 686
221 687
221 690
221 695
221 696
221 697
221 699
221 702
221 706
221 708
221 711
221 717
221 718
221 725
221 726
221 730
221 731
221 738
221 739
221 740
221 742
221 748
221 750
221 752
221 757
221 762
221 765
221 766
221 770
221 778
221 779
221 780
221 785
221 789
221 794
221 796
221 799
221 800
221 801
221 809
221 815
221 816
221 817
221 820
221 821
221 824
221 825
221 826
221 831
221 835
221 836
221 841
221 846
221 860
221 862
221 864
221 865
221 869
221 872
221 877
221 880
221 888
221 889
221 895
221 897
221 904
221 905
221 906
221 908
221 912
221 921
221 924
221 927
221 930
221 931
221 935
221 941
221 952
221 959
221 962
221 963
221 966
221 967
221 968
221 970
221 975
221 976
221 980
221 982
221 986
221 990
221 996
221 997
221 998
221 999
221 1000
222 502
222 503
222 504
222 510
222 511
222 523
222 525
222 526
222 528
222 535
222 541
222 544
222 547
222 548
222 549
222 550
222 551
222 556
222 563
222 567
222 572
222 579
222 580
222 581
222 584
222 585
222 592
222 595
222 601
222 602
222 605
222 609
222 614
222 616
222 617
222 620
222 622
222 624
222 625
222 632
222 645
222 647
222 649
222 652
222 656
222 662
222 665
222 672
222 673
222 676
222 677
222 680
222 685
222 687
222 689
222 690
222 691
222 695
222 701
222 702
222 706
222 707
222 708
222 709
222 714
222 716
222 718
222 719
222 721
222 730
222 731
222 734
222 736
222 737
222 745
222 746
222 747
222 751
222 756
222 763
222 765
222 775
222 780
222 786
222 789
222 792
222 796
222 798
222 800
222 805
222 814
222 825
222 829
222 834
222 838
222 841
222 845
222 852
222 855
222 856
222 857
222 860
222 870
222 871
222 877
222 881
222 884
222 885
222 887
222 888
222 889
222 890
222 892
222 898
222 903
222 922
222 926
222 931
222 940
222 946
222 951
222 954
222 955
222 956
222 957
222 960
222 962
222 964
222 966
222 969
222 971
222 972
222 974
222 978
222 979
222 980
222 988
222 989
222 990
222 994
222 999
223 501
223 502
223 503
223 506
223 507
223 511
223 518
223 523
223 524
223 529
223 530
223 531
223 539
223 544
223 545
223 546
223 547
223 564
223 565
223 568
223 570
223 571
223 578
223 586
223 589
223 590
223 591
223 595
223 596
223 598
223 612
223 614
223 616
223 621
223 624
223 629
223 632
223 637
223 638
223 640
223 644
223 645
223 649
223 650
223 651
223 653
223 655
223 657
223 663
223 665
223 671
223 673
223 675
223 685
223 686
223 691
223 693
223 702
223 710
223 721
223 727
223 729
223 732
223 734
223 735
223 737
223 738
223 739
223 749
223 750
223 751
223 753
223 758
223 768
223 771
223 776
223 785
223 787
223 789
223 795
223 796
223 797
223 800
223 803
223 806
223 808
223 810
223 811
223 813
223 815
223 819
223 820
223 821
223 827
223 829
223 830
223 831
223 834
223 837
223 838
223 840
223 843
223 844
223 848
223 849
223 850
223 857
223 859
223 863
223 864
223 867
223 870
223 871
223 873
223 878
223 881
223 883
223 884
223 885
223 889
223 893
223 896
223 899
223 902
223 904
223 906
223 910
223 912
223 914
223 915
223 920
223 922
223 926
223 934
223 935
223 942
223 943
223 946
223 953
223 954
223 957
223 960
223 966
223 969
223 970
223 974
223 976
223 983
223 985
223 987
223 989
223 990
223 991
223 992
223 993
223 994
223 996
223 1000
224 503
224 505
224 513
224 515
224 519
224 523
224 529
224 531
224 533
224 536
224 542
224 543
224 546
224 551
224 552
224 555
224 556
224 557
224 558
224 562
224 565
224 566
224 568
224 573
224 575
224 577
224 579
224 584
224 585
224 589
224 594
224 597
224 598
224 600
224 601
224 602
224 603
224 604
224 609
224 611
224 613
224 621
224 622
224 625
224 628
224 633
224 640
224 643
224 644
224 646
224 647
224 655
224 657
224 661
224 662
224 665
224 668
224 678
224 679
224 680
224 683
224 685
224 687
224 688
224 692
224 695
224 701
224 704
224 712
224 714
224 725
224 741
224 745
224 747
224 753
224 754
224 756
224 760
224 770
224 771
224 776
224 779
224 784
224 785
224 788
224 789
224 792
224 794
224 795
224 797
224 807
224 810
224 814
224 815
224 821
224 825
224 834
224 841
224 843
224 844
224 846
224 850
224 856
224 858
224 862
224 865
224 867
224 873
224 877
224 880
224 886
224 888
224 897
224 905
224 906
224 911
224 913
224 915
224 919
224 920
224 921
224 926
224 927
224 930
224 934
224 935
224 937
224 940
224 943
224 944
224 951
224 954
224 958
224 959
224 961
224 963
224 966
224 968
224 972
224 982
224 984
224 985
224 988
224 991
224 992
224 994
224 996
224 997
224 998
224 999
225 501
225 503
225 511
225 512
225 515
225 521
225 523
225 532
225 536
225 539
225 540
225 541
225 542
225 545
225 546
225 549
225 550
225 553
225 556
225 560
225 563
225 569
225 571
225 572
225 573
225 583
225 588
225 595
225 607
225 614
225 616
225 621
225 622
225 627
225 630
225 632
225 633
225 634
225 636
225 640
225 644
225 648
225 649
225 655
225 657
225 658
225 660
225 664
225 671
225 672
225 675
225 678
225 679
225 680
225 685
225 686
225 687
225 690
225 691
225 693
225 695
225 708
225 709
225 714
225 722
225 733
225 736
225 743
225 744
225 745
225 750
225 755
225 756
225 761
225 763
225 773
225 775
225 776
225 781
225 787
225 790
225 793
225 794
225 796
225 798
225 800
225 805
225 806
225 807
225 809
225 811
225 812
225 813
225 814
225 819
225 822
225 827
225 829
225 830
225 831
225 832
225 833
225 835
225 839
225 842
225 843
225 848
225 849
225 850
225 853
225 856
225 859
225 871
225 875
225 876
225 879
225 886
225 890
225 899
225 900
225 903
225 908
225 912
225 915
225 923
225 926
225 927
225 928
225 932
225 943
225 944
225 946
225 947
225 949
225 951
225 954
225 957
225 961
225 963
225 969
225 971
225 974
225 977
225 980
225 984
225 987
225 990
225 991
225 994
225 995
226 501
226 502
226 510
226 511
226 514
226 515
226 519
226 521
226 532
226 541
226 551
226 555
226 558
226 559
226 561
226 562
226 563
226 565
226 566
226 568
226 569
226 574
226 582
226 584
226 588
226 592
226 599
226 605
226 608
226 611
226 612
226 618
226 620
226 621
226 629
226 631
226 634
226 644
226 646
226 648
226 659
226 660
226 662
226 664
226 666
226 674
226 677
226 680
226 683
226 686
226 694
226 695
226 696
226 698
226 699
226 702
226 704
226 705
226 707
226 708
226 709
226 711
226 712
226 715
226 718
226 719
226 720
226 722
226 725
226 727
226 735
226 741
226 743
226 749
226 750
226 753
226 758
226 760
226 763
226 767
226 768
226 769
226 770
226 773
226 784
226 787
226 788
226 790
226 791
226 794
226 800
226 803
226 807
226 808
226 814
226 821
226 824
226 826
226 835
226 838
226 839
226 844
226 845
226 847
226 849
226 861
226 863
226 864
226 865
226 867
226 871
226 872
226 874
226 875
226 876
226 882
226 886
226 887
226 888
226 889
226 899
226 901
226 908
226 910
226 911
226 912
226 919
226 923
226 930
226 936
226 943
226 948
226 951
226 952
226 954
226 955
226 959
226 961
226 963
226 971
226 976
226 977
226 980
226 984
226 990
226 991
226 994
226 995
226 997
227 507
227 513
227 516
227 520
227 523
227 524
227 531
227 532
227 536
227 543
227 544
227 545
227 550
227 551
227 552
227 558
227 559
227 561
227 562
227 564
227 565
227 570
227 574
227 575
227 577
227 579
227 585
227 594
227 595
227 596
227 600
227 607
227 610
227 611
227 613
227 619
227 621
227 622
227 631
227 648
227 651
227 660
227 661
227 662
227 666
227 675
227 676
227 679
227 680
227 684
227 689
227 693
227 694
227 695
227 697
227 701
227 702
227 703
227 705
227 707
227 710
227 711
227 714
227 715
227 716
227 717
227 723
227 725
227 728
227 730
227 738
227 741
227 742
227 746
227 749
227 753
227 755
227 757
227 760
227 763
227 764
227 776
227 780
227 782
227 787
227 789
227 799
227 804
227 807
227 814
227 815
227 820
227 827
227 830
227 831
227 837
227 846
227 851
227 852
227 862
227 863
227 873
227 877
227 879
227 880
227 883
227 885
227 887
227 889
227 893
227 896
227 897
227 908
227 912
227 913
227 914
227 917
227 918
227 923
227 929
227 930
227 932
227 934
227 938
227 939
227 941
227 943
227 945
227 947
227 950
227 951
227 953
227 960
227 962
227 966
227 967
227 969
227 987
227 989
227 990
227 996
227 997
227 998
228 501
228 505
228 510
228 512
228 516
228 518
228 519
228 521
228 522
228 524
228 527
228 528
228 530
228 531
228 542
228 552
228 553
228 555
228 560
228 562
228 563
228 565
228 569
228 570
228 571
228 573
228 577
228 581
228 582
228 586
228 588
228 591
228 592
228 594
228 605
228 609
228 611
228 612
228 613
228 618
228 621
228 622
228 623
228 627
228 632
228 633
228 639
228 641
228 644
228 646
228 650
228 654
228 659
228 663
228 667
228 668
228 669
228 670
228 671
228 675
228 677
228 679
228 684
228 685
228 686
228 687
228 693
228 694
228 695
228 697
228 699
228 702
228 713
228 715
228 720
228 724
228 726
228 731
228 746
228 747
228 749
228 753
228 755
228 757
228 759
228 761
228 767
228 771
228 774
228 775
228 776
228 782
228 786
228 787
228 788
228 789
228 797
228 799
228 800
228 801
228 807
228 808
228 809
228 811
228 823
228 827
228 832
228 834
228 835
228 836
228 838
228 841
228 842
228 844
228 846
228 848
228 855
228 857
228 860
228 861
228 867
228 874
228 880
228 886
228 887
228 890
228 891
228 892
228 894
228 898
228 902
228 903
228 905
228 909
228 911
228 912
228 913
228 914
228 915
228 916
228 921
228 925
228 931
228 933
228 936
228 947
228 949
228 951
228 956
228 958
228 959
228 962
228 968
228 969
228 970
228 977
228 991
228 993
228 994
229 501
229 504
229 505
229 506
229 510
229 511
229 513
229 517
229 518
229 528
229 534
229 545
229 547
229 548
229 551
229 562
229 566
229 567
229 568
229 573
229 577
229 583
229 584
229 585
229 586
229 589
229 590
229 591
229 592
229 593
229 596
229 601
229 604
229 607
229 612
229 615
229 619
229 625
229 626
229 628
229 629
229 631
229 632
229 636
229 637
229 642
229 643
229 646
229 648
229 652
229 653
229 664
229 666
229 669
229 672
229 675
229 681
229 682
229 683
229 685
229 687
229 689
229 691
229 694
229 698
229 705
229 706
229 710
229 713
229 714
229 719
229 720
229 726
229 728
229 731
229 733
229 737
229 740
229 754
229 756
229 757
229 758
229 759
229 761
229 762
229 765
229 769
229 772
229 786
229 787
229 788
229 792
229 796
229 797
229 799
229 800
229 801
229 802
229 804
229 806
229 819
229 827
229 832
229 834
229 835
229 843
229 844
229 845
229 857
229 859
229 860
229 863
229 875
229 880
229 882
229 886
229 887
229 891
229 896
229 906
229 907
229 911
229 917
229 921
229 922
229 924
229 925
229 927
229 932
229 934
229 944
229 946
229 947
229 954
229 955
229 957
229 964
229 967
229 978
229 979
229 981
229 989
229 992
229 993
230 501
230 504
230 506
230 510
230 515
230 519
230 522
230 527
230 529
230 532
230 536
230 538
230 542
230 552
230 554
230 557
230 558
230 559
230 565
230 567
230 568
230 571
230 572
230 574
230 583
230 585
230 589
230 592
230 596
230 600
230 601
230 608
230 616
230 618
230 628
230 635
230 643
230 644
230 646
230 649
230 653
230 654
230 656
230 658
230 659
230 660
230 662
230 665
230 668
230 679
230 680
230 681
230 684
230 687
230 688
230 690
230 697
230 701
230 702
230 704
230 710
230 712
230 713
230 715
230 720
230 724
230 725
230 728
230 730
230 738
230 741
230 748
230 752
230 753
230 756
230 757
230 758
230 766
230 776
230 777
230 778
230 783
230 784
230 785
230 786
230 788
230 789
230 792
230 793
230 797
230 800
230 805
230 806
230 807
230 820
230 821
230 822
230 831
230 833
230 835
230 836
230 837
230 838
230 841
230 842
230 845
230 850
230 861
230 862
230 866
230 868
230 869
230 870
230 874
230 879
230 880
230 881
230 886
230 887
230 893
230 896
230 901
230 902
230 905
230 907
230 908
230 912
230 918
230 920
230 925
230 926
230 929
230 931
230 933
230 937
230 939
230 941
230 953
230 961
230 963
230 968
230 969
230 970
230 971
230 973
230 975
230 980
230 982
230 986
230 988
230 992
230 993
230 999
231 501
231 504
231 506
231 509
231 514
231 515
231 516
231 522
231 524
231 530
231 531
231 536
231 538
231 539
231 540
231 543
231 545
231 546
231 547
231 560
231 563
231 568
231 569
231 570
231 577
231 584
231 588
231 593
231 594
231 603
231 604
231 615
231 617
231 619
231 621
231 622
231 624
231 632
231 633
231 635
231 640
231 641
231 646
231 647
231 649
231 650
231 651
231 653
231 657
231 658
231 674
231 675
231 682
231 687
231 696
231 699
231 701
231 702
231 704
231 709
231 710
231 712
231 716
231 717
231 721
231 722
231 724
231 731
231 740
231 741
231 746
231 748
231 751
231 757
231 758
231 760
231 761
231 764
231 765
231 774
231 775
231 785
231 792
231 793
231 795
231 809
231 812
231 814
231 815
231 816
231 819
231 822
231 823
231 824
231 829
231 832
231 839
231 843
231 847
231 848
231 852
231 853
231 856
231 858
231 859
231 862
231 863
231 868
231 870
231 872
231 875
231 878
231 883
231 885
231 886
231 890
231 892
231 895
231 897
231 903
231 907
231 908
231 909
231 910
231 916
231 918
231 924
231 927
231 929
231 933
231 939
231 942
231 944
231 945
231 946
231 951
231 952
231 953
231 954
231 967
231 971
231 973
231 980
231 981
231 987
231 988
232 502
232 503
232 504
232 508
232 510
232 511
232 513
232 515
232 516
232 521
232 523
232 526
232 529
232 530
232 531
232 533
232 535
232 537
232 539
232 542
232 543
232 546
232 550
232 553
232 558
232 560
232 563
232 571
232 573
232 578
232 580
232 588
232 589
232 592
232 594
232 595
232 598
232 601
232 605
232 607
232 610
232 612
232 621
232 626
232 629
232 637
232 638
232 642
232 645
232 646
232 648
232 649
232 650
232 651
232 653
232 663
232 668
232 669
232 670
232 673
232 674
232 679
232 680
232 682
232 689
232 694
232 696
232 699
232 701
232 703
232 708
232 709
232 712
232 713
232 715
232 719
232 723
232 724
232 727
232 728
232 729
232 737
232 738
232 743
232 750
232 755
232 757
232 762
232 768
232 774
232 775
232 778
232 781
232 792
232 794
232 796
232 798
232 799
232 801
232 804
232 807
232 810
232 811
232 828
232 830
232 832
232 833
232 835
232 842
232 846
232 852
232 854
232 856
232 862
232 866
232 870
232 871
232 874
232 875
232 876
232 878
232 879
232 883
232 884
232 885
232 889
232 891
232 893
232 899
232 900
232 902
232 903
232 905
232 909
232 910
232 911
232 919
232 923
232 926
232 928
232 934
232 935
232 936
232 939
232 941
232 942
232 944
232 945
232 946
232 950
232 951
232 954
232 956
232 957
232 960
232 962
232 969
232 970
232 983
232 984
232 987
232 988
232 989
232 990
232 992
232 999
233 502
233 503
233 504
233 507
233 513
233 514
233 515
233 522
233 523
233 524
233 525
233 529
233 532
233 535
233 537
233 544
233 545
233 546
233 547
233 550
233 553
233 556
233 564
233 566
233 567
233 571
233 573
233 576
233 578
233 580
233 586
233 588
233 589
233 591
233 596
233 600
233 605
233 609
233 611
233 632
233 641
233 645
233 647
233 652
233 658
233 659
233 673
233 674
233 680
233 681
233 687
233 688
233 689
233 690
233 692
233 696
233 700
233 701
233 705
233 706
233 708
233 717
233 718
233 719
233 723
233 727
233 734
233 736
233 737
233 742
233 743
233 744
233 752
233 753
233 754
233 755
233 760
233 761
233 762
233 763
233 768
233 769
233 776
233 777
233 779
233 790
233 791
233 794
233 795
233 801
233 808
233 810
233 811
233 813
233 816
233 818
233 819
233 821
233 824
233 830
233 841
233 842
233 844
233 846
233 852
233 858
233 859
233 860
233 861
233 865
233 866
233 868
233 869
233 875
233 876
233 880
233 883
233 886
233 887
233 892
233 894
233 899
233 902
233 905
233 907
233 910
233 912
233 914
233 917
233 921
233 927
233 931
233 933
233 936
233 938
233 940
233 941
233 946
233 954
233 955
233 959
233 960
233 961
233 965
233 969
233 975
233 977
233 981
233 982
233 983
233 984
233 997
233 999
234 502
234 504
234 523
234 526
234 527
234 532
234 538
234 545
234 552
234 555
234 556
234 560
234 568
234 569
234 574
234 576
234 579
234 590
234 593
234 594
234 597
234 605
234 607
234 609
234 612
234 616
234 621
234 625
234 627
234 634
234 641
234 642
234 650
234 661
234 664
234 667
234 668
234 670
234 677
234 682
234 693
234 694
234 695
234 698
234 699
234 700
234 701
234 703
234 710
234 712
234 717
234 719
234 721
234 724
234 726
234 727
234 730
234 738
234 740
234 742
234 743
234 746
234 747
234 751
234 753
234 754
234 763
234 766
234 768
234 775
234 776
234 781
234 789
234 792
234 798
234 803
234 804
234 807
234 809
234 810
234 812
234 816
234 817
234 819
234 820
234 822
234 828
234 829
234 832
234 834
234 838
234 842
234 844
234 858
234 859
234 860
234 862
234 870
234 873
234 874
234 875
234 879
234 881
234 882
234 883
234 884
234 885
234 887
234 892
234 898
234 901
234 906
234 912
234 917
234 924
234 926
234 930
234 938
234 939
234 945
234 951
234 952
234 955
234 957
234 959
234 964
234 972
234 975
234 976
234 978
234 981
234 984
234 988
234 992
234 994
234 999
235 501
235 502
235 505
235 507
235 509
235 511
235 513
235 515
235 517
235 519
235 522
235 527
235 530
235 531
235 535
235 557
235 561
235 563
235 564
235 565
235 567
235 569
235 575
235 576
235 577
235 579
235 581
235 584
235 585
235 586
235 597
235 601
235 603
235 607
235 608
235 610
235 616
235 617
235 620
235 623
235 626
235 629
235 631
235 644
235 651
235 663
235 668
235 670
235 672
235 673
235 676
235 681
235 686
235 687
235 689
235 692
235 701
235 706
235 709
235 710
235 711
235 715
235 716
235 717
235 718
235 719
235 720
235 721
235 722
235 727
235 731
235 732
235 733
235 734
235 735
235 737
235 740
235 741
235 743
235 754
235 755
235 758
235 763
235 771
235 774
235 776
235 777
235 779
235 783
235 786
235 787
235 790
235 791
235 796
235 802
235 808
235 810
235 813
235 816
235 817
235 823
235 825
235 827
235 829
235 838
235 840
235 843
235 847
235 859
235 862
235 864
235 865
235 866
235 872
235 874
235 875
235 877
235 882
235 883
235 884
235 892
235 896
235 899
235 901
235 904
235 906
235 911
235 916
235 917
235 923
235 924
235 926
235 930
235 932
235 940
235 941
235 947
235 949
235 950
235 953
235 957
235 958
235 960
235 961
235 965
235 966
235 967
235 968
235 971
235 980
235 981
235 984
235 986
235 988
235 991
235 992
235 994
235 995
236 501
236 502
236 503
236 505
236 513
236 515
236 516
236 518
236 520
236 524
236 525
236 527
236 540
236 545
236 547
236 551
236 556
236 557
236 558
236 560
236 563
236 575
236 577
236 579
236 580
236 582
236 587
236 588
236 589
236 591
236 593
236 594
236 597
236 599
236 601
236 602
236 625
236 629
236 634
236 639
236 640
236 642
236 645
236 648
236 650
236 652
236 659
236 660
236 667
236 668
236 670
236 672
236 673
236 674
236 675
236 677
236 678
236 679
236 681
236 683
236 685
236 691
236 695
236 696
236 699
236 703
236 704
236 706
236 709
236 710
236 717
236 718
236 721
236 727
236 728
236 729
236 730
236 734
236 738
236 740
236 743
236 751
236 754
236 758
236 761
236 763
236 765
236 768
236 770
236 776
236 778
236 784
236 785
236 787
236 789
236 792
236 794
236 797
236 798
236 799
236 802
236 805
236 806
236 812
236 813
236 814
236 816
236 817
236 823
236 825
236 827
236 830
236 838
236 841
236 843
236 845
236 848
236 850
236 851
236 854
236 855
236 856
236 858
236 864
236 865
236 866
236 874
236 877
236 880
236 882
236 886
236 892
236 899
236 902
236 904
236 909
236 912
236 917
236 922
236 927
236 928
236 936
236 937
236 939
236 944
236 948
236 949
236 954
236 958
236 966
236 971
236 972
236 976
236 977
236 978
236 982
236 984
236 987
236 988
236 990
236 993
236 994
236 995
236 996
236 999
236 1000
237 506
237 514
237 517
237 526
237 528
237 533
237 537
237 541
237 542
237 544
237 546
237 548
237 553
237 554
237 556
237 557
237 558
237 560
237 562
237 570
237 572
237 575
237 579
237 593
237 595
237 598
237 605
237 607
237 610
237 612
237 613
237 614
237 618
237 619
237 620
237 622
237 623
237 628
237 631
237 635
237 643
237 646
237 649
237 655
237 665
237 667
237 669
237 671
237 679
237 681
237 683
237 689
237 691
237 693
237 694
237 697
237 698
237 705
237 712
237 713
237 720
237 721
237 722
237 725
237 732
237 734
237 741
237 748
237 751
237 752
237 753
237 755
237 758
237 759
237 760
237 761
237 763
237 765
237 766
237 769
237 774
237 776
237 778
237 780
237 790
237 797
237 798
237 799
237 803
237 812
237 816
237 817
237 823
237 827
237 837
237 840
237 841
237 842
237 846
237 852
237 855
237 856
237 859
237 865
237 868
237 870
237 871
237 874
237 876
237 882
237 884
237 885
237 886
237 888
237 891
237 892
237 895
237 904
237 905
237 907
237 909
237 911
237 913
237 922
237 925
237 929
237 930
237 931
237 932
237 936
237 938
237 939
237 943
237 949
237 950
237 954
237 955
237 957
237 961
237 962
237 969
237 971
237 973
237 975
237 979
237 982
237 985
237 986
237 987
237 993
237 996
237 998
237 999
238 503
238 505
238 506
238 508
238 514
238 518
238 520
238 522
238 523
238 524
238 526
238 527
238 531
238 532
238 533
238 537
238 538
238 540
238 541
238 549
238 556
238 558
238 562
238 563
238 567
238 569
238 570
238 571
238 572
238 574
238 578
238 579
238 590
238 593
238 594
238 595
238 606
238 612
238 614
238 617
238 620
238 623
238 624
238 626
238 628
238 645
238 647
238 648
238 650
238 654
238 658
238 659
238 665
238 666
238 672
238 673
238 674
238 675
238 683
238 684
238 685
238 687
238 689
238 690
238 692
238 694
238 696
238 700
238 708
238 710
238 717
238 718
238 724
238 729
238 730
238 732
238 736
238 738
238 741
238 749
238 752
238 757
238 758
238 759
238 765
238 771
238 779
238 788
238 791
238 794
238 804
238 805
238 807
238 808
238 809
238 812
238 817
238 819
238 822
238 824
238 833
238 834
238 838
238 845
238 846
238 851
238 853
238 854
238 855
238 856
238 861
238 863
238 865
238 867
238 871
238 873
238 874
238 878
238 879
238 882
238 884
238 890
238 892
238 893
238 894
238 896
238 897
238 898
238 903
238 904
238 906
238 914
238 915
238 921
238 924
238 928
238 931
238 934
238 938
238 942
238 952
238 955
238 957
238 958
238 965
238 968
238 970
238 976
238 979
238 980
238 981
238 983
238 987
238 988
238 995
238 999
239 502
239 505
239 506
239 509
239 511
239 512
239 516
239 518
239 523
239 524
239 525
239 527
239 533
239 536
239 538
239 540
239 545
239 546
239 550
239 555
239 559
239 566
239 569
239 580
239 581
239 582
239 584
239 587
239 591
239 598
239 602
239 603
239 607
239 608
239 610
239 615
239 616
239 620
239 623
239 628
239 630
239 632
239 633
239 635
239 640
239 644
239 645
239 650
239 652
239 653
239 657
239 659
239 661
239 670
239 671
239 672
239 673
239 676
239 678
239 681
239 682
239 688
239 693
239 699
239 701
239 702
239 703
239 706
239 713
239 714
239 715
239 717
239 722
239 724
239 726
239 728
239 735
239 736
239 738
239 744
239 745
239 751
239 759
239 761
239 765
239 777
239 778
239 779
239 780
239 784
239 790
239 793
239 801
239 804
239 807
239 812
239 818
239 821
239 823
239 825
239 827
239 833
239 835
239 836
239 838
239 841
239 843
239 847
239 849
239 852
239 854
239 861
239 868
239 869
239 874
239 882
239 883
239 885
239 887
239 891
239 893
239 896
239 901
239 902
239 903
239 905
239 923
239 924
239 930
239 935
239 943
239 946
239 952
239 953
239 954
239 961
239 963
239 965
239 966
239 969
239 970
239 973
239 975
239 977
239 981
239 983
239 988
239 990
239 993
239 995
239 996
240 507
240 510
240 512
240 516
240 518
240 522
240 523
240 524
240 527
240 528
240 529
240 530
240 531
240 541
240 543
240 545
240 550
240 551
240 553
240 564
240 567
240 573
240 574
240 582
240 600
240 602
240 604
240 606
240 609
240 613
240 617
240 619
240 623
240 631
240 634
240 640
240 646
240 649
240 651
240 652
240 656
240 658
240 665
240 667
240 669
240 670
240 673
240 676
240 677
240 682
240 685
240 687
240 690
240 693
240 694
240 696
240 700
240 704
240 708
240 710
240 712
240 713
240 725
240 730
240 731
240 733
240 735
240 738
240 745
240 749
240 759
240 763
240 773
240 774
240 778
240 779
240 782
240 786
240 788
240 792
240 794
240 795
240 796
240 799
240 804
240 805
240 808
240 809
240 812
240 815
240 818
240 819
240 821
240 823
240 825
240 829
240 831
240 833
240 835
240 838
240 843
240 845
240 847
240 848
240 849
240 850
240 851
240 854
240 855
240 856
240 857
240 859
240 860
240 863
240 866
240 868
240 869
240 872
240 873
240 881
240 882
240 894
240 899
240 900
240 915
240 925
240 926
240 929
240 936
240 940
240 942
240 945
240 950
240 954
240 955
240 969
240 971
240 972
240 976
240 980
240 982
240 984
240 985
240 989
240 993
240 994
240 996
240 997
240 998
241 504
241 511
241 520
241 527
241 528
241 541
241 542
241 543
241 544
241 551
241 553
241 554
241 561
241 572
241 579
241 581
241 582
241 593
241 597
241 598
241 599
241 600
241 603
241 604
241 605
241 606
241 610
241 611
241 612
241 614
241 616
241 618
241 621
241 622
241 625
241 627
241 632
241 634
241 636
241 646
241 647
241 649
241 652
241 653
241 654
241 657
241 658
241 662
241 666
241 672
241 681
241 682
241 686
241 687
241 694
241 698
241 701
241 706
241 708
241 711
241 713
241 716
241 717
241 719
241 729
241 746
241 748
241 749
241 750
241 751
241 752
241 753
241 756
241 759
241 763
241 775
241 776
241 779
241 783
241 784
241 785
241 794
241 795
241 801
241 805
241 806
241 811
241 812
241 817
241 823
241 827
241 829
241 831
241 834
241 840
241 841
241 842
241 846
241 850
241 851
241 852
241 853
241 857
241 861
241 868
241 869
241 878
241 881
241 885
241 887
241 891
241 895
241 904
241 906
241 907
241 909
241 914
241 916
241 919
241 921
241 922
241 924
241 927
241 930
241 931
241 934
241 935
241 936
241 938
241 947
241 948
241 950
241 951
241 956
241 976
241 978
241 979
241 984
241 990
241 991
241 993
241 995
241 997
242 504
242 506
242 507
242 508
242 509
242 511
242 513
242 519
242 521
242 523
242 525
242 526
242 527
242 532
242 533
242 534
242 535
242 536
242 542
242 544
242 551
242 556
242 558
242 561
242 562
242 563
242 564
242 569
242 571
242 572
242 573
242 574
242 575
242 577
242 580
242 581
242 583
242 590
242 595
242 596
242 599
242 600
242 601
242 603
242 604
242 605
242 607
242 612
242 617
242 618
242 619
242 620
242 624
242 640
242 642
242 643
242 646
242 647
242 654
242 655
242 656
242 658
242 659
242 662
242 671
242 674
242 684
242 686
242 689
242 699
242 707
242 714
242 715
242 716
242 721
242 722
242 723
242 724
242 725
242 727
242 732
242 744
242 745
242 748
242 749
242 750
242 756
242 758
242 760
242 762
242 765
242 771
242 775
242 778
242 798
242 800
242 801
242 803
242 804
242 809
242 810
242 813
242 814
242 818
242 825
242 831
242 833
242 836
242 837
242 841
242 843
242 846
242 847
242 854
242 855
242 856
242 859
242 863
242 864
242 867
242 869
242 870
242 873
242 874
242 876
242 878
242 879
242 880
242 881
242 884
242 889
242 894
242 895
242 898
242 899
242 904
242 909
242 916
242 920
242 928
242 931
242 934
242 936
242 937
242 945
242 957
242 958
242 961
242 962
242 964
242 966
242 969
242 976
242 979
242 987
242 989
242 994
242 997
243 504
243 505
243 507
243 508
243 513
243 515
243 520
243 521
243 525
243 526
243 532
243 543
243 548
243 550
243 551
243 558
243 559
243 560
243 562
243 570
243 572
243 576
243 578
243 580
243 584
243 590
243 592
243 593
243 597
243 602
243 605
243 606
243 609
243 615
243 616
243 623
243 627
243 630
243 631
243 633
243 647
243 651
243 655
243 660
243 670
243 672
243 674
243 679
243 690
243 693
243 694
243 699
243 704
243 707
243 711
243 712
243 715
243 716
243 719
243 720
243 721
243 723
243 725
243 726
243 727
243 732
243 734
243 735
243 737
243 739
243 749
243 757
243 758
243 765
243 771
243 773
243 775
243 777
243 782
243 793
243 796
243 798
243 801
243 807
243 812
243 813
243 816
243 817
243 818
243 822
243 824
243 826
243 830
243 833
243 838
243 841
243 844
243 853
243 854
243 855
243 856
243 858
243 861
243 865
243 866
243 868
243 869
243 870
243 872
243 882
243 883
243 887
243 890
243 898
243 901
243 902
243 909
243 913
243 915
243 916
243 925
243 927
243 929
243 930
243 935
243 937
243 938
243 939
243 945
243 952
243 953
243 954
243 957
243 958
243 960
243 963
243 972
243 973
243 974
243 984
243 986
243 988
243 995
243 1000
244 506
244 507
244 510
244 515
244 517
244 519
244 526
244 528
244 534
244 535
244 537
244 542
244 544
244 547
244 549
244 557
244 567
244 568
244 569
244 570
244 575
244 580
244 587
244 593
244 597
244 602
244 611
244 612
244 615
244 618
244 619
244 621
244 631
244 632
244 638
244 639
244 640
244 642
244 645
244 648
244 652
244 660
244 665
244 669
244 672
244 673
244 680
244 681
244 682
244 684
244 688
244 690
244 691
244 695
244 698
244 705
244 723
244 724
244 726
244 732
244 733
244 736
244 739
244 745
244 750
244 752
244 754
244 756
244 757
244 772
244 775
244 776
244 783
244 793
244 795
244 797
244 798
244 799
244 803
244 809
244 810
244 814
244 817
244 821
244 834
244 837
244 838
244 846
244 852
244 854
244 856
244 858
244 859
244 862
244 863
244 868
244 869
244 870
244 877
244 878
244 879
244 885
244 891
244 892
244 895
244 897
244 901
244 906
244 907
244 908
244 909
244 912
244 913
244 915
244 916
244 917
244 922
244 929
244 934
244 935
244 938
244 948
244 951
244 952
244 958
244 961
244 965
244 968
244 976
244 985
244 988
244 993
244 995
244 997
245 501
245 510
245 517
245 531
245 533
245 534
245 538
245 542
245 543
245 545
245 555
245 557
245 558
245 559
245 563
245 567
245 572
245 573
245 579
245 584
245 585
245 587
245 592
245 593
245 595
245 598
245 599
245 600
245 603
245 604
245 611
245 616
245 617
245 619
245 628
245 629
245 631
245 632
245 633
245 639
245 641
245 643
245 644
245 645
245 652
245 657
245 660
245 661
245 663
245 665
245 666
245 673
245 685
245 687
245 691
245 692
245 695
245 696
245 698
245 704
245 711
245 713
245 719
245 728
245 730
245 735
245 738
245 739
245 740
245 746
245 749
245 759
245 766
245 778
245 779
245 780
245 782
245 786
245 788
245 790
245 797
245 799
245 801
245 804
245 808
245 812
245 813
245 817
245 819
245 820
245 822
245 823
245 832
245 833
245 834
245 835
245 843
245 850
245 851
245 852
245 853
245 854
245 858
245 860
245 861
245 865
245 867
245 868
245 870
245 879
245 882
245 891
245 895
245 896
245 903
245 908
245 912
245 913
245 920
245 924
245 926
245 927
245 930
245 934
245 935
245 938
245 939
245 940
245 941
245 945
245 947
245 950
245 953
245 956
245 957
245 958
245 959
245 960
245 963
245 966
245 970
245 978
245 979
245 987
245 990
245 991
245 995
245 996
245 999
246 504
246 505
246 509
246 510
246 511
246 517
246 519
246 525
246 528
246 529
246 532
246 533
246 537
246 538
246 542
246 545
246 548
246 549
246 550
246 551
246 555
246 558
246 563
246 575
246 578
246 580
246 586
246 589
246 592
246 600
246 603
246 606
246 607
246 608
246 611
246 617
246 618
246 624
246 627
246 631
246 639
246 641
246 646
246 648
246 649
246 650
246 653
246 658
246 659
246 665
246 674
246 682
246 683
246 686
246 688
246 690
246 691
246 694
246 695
246 701
246 706
246 707
246 710
246 713
246 715
246 720
246 726
246 727
246 739
246 741
246 744
246 752
246 755
246 756
246 758
246 763
246 764
246 771
246 778
246 781
246 793
246 795
246 796
246 800
246 803
246 804
246 806
246 808
246 810
246 814
246 815
246 819
246 820
246 825
246 831
246 837
246 841
246 845
246 849
246 851
246 855
246 861
246 862
246 865
246 868
246 869
246 872
246 873
246 878
246 880
246 885
246 888
246 892
246 893
246 896
246 900
246 901
246 902
246 903
246 907
246 910
246 913
246 915
246 916
246 917
246 925
246 927
246 929
246 931
246 932
246 933
246 935
246 942
246 944
246 949
246 951
246 953
246 961
246 965
246 966
246 976
246 980
246 987
246 988
246 991
246 993
246 994
246 997
247 502
247 503
247 506
247 507
247 508
247 510
247 511
247 518
247 524
247 527
247 531
247 533
247 535
247 546
247 550
247 551
247 556
247 562
247 565
247 567
247 568
247 571
247 572
247 573
247 577
247 579
247 580
247 582
247 586
247 591
247 595
247 596
247 597
247 598
247 599
247 601
247 603
247 607
247 611
247 613
247 616
247 619
247 628
247 629
247 635
247 645
247 646
247 651
247 652
247 657
247 661
247 662
247 663
247 664
247 677
247 680
247 681
247 682
247 687
247 689
247 690
247 692
247 694
247 696
247 697
247 710
247 713
247 714
247 715
247 724
247 728
247 730
247 732
247 735
247 737
247 738
247 742
247 747
247 748
247 749
247 750
247 751
247 753
247 758
247 760
247 761
247 763
247 764
247 766
247 769
247 777
247 779
247 782
247 783
247 784
247 788
247 794
247 796
247 798
247 799
247 803
247 808
247 812
247 813
247 815
247 820
247 822
247 828
247 833
247 839
247 840
247 845
247 846
247 852
247 860
247 864
247 871
247 874
247 877
247 878
247 879
247 881
247 882
247 883
247 884
247 885
247 888
247 890
247 892
247 897
247 902
247 903
247 908
247 909
247 911
247 915
247 916
247 917
247 918
247 920
247 922
247 925
247 927
247 930
247 931
247 932
247 946
247 949
247 957
247 959
247 961
247 962
247 963
247 965
247 967
247 968
247 970
247 972
247 975
247 977
247 980
247 982
247 983
247 985
247 988
247 991
247 993
247 997
247 998
247 999
248 504
248 505
248 508
248 511
248 521
248 523
248 527
248 528
248 529
248 536
248 539
248 542
248 548
248 549
248 554
248 557
248 560
248 563
248 567
248 575
248 581
248 584
248 588
248 595
248 610
248 613
248 614
248 617
248 621
248 623
248 624
248 628
248 629
248 630
248 633
248 634
248 636
248 642
248 643
248 644
248 646
248 648
248 649
248 653
248 655
248 656
248 657
248 660
248 666
248 669
248 673
248 674
248 675
248 678
248 685
248 687
248 688
248 690
248 705
248 712
248 715
248 716
248 718
248 723
248 726
248 731
248 733
248 734
248 736
248 748
248 751
248 762
248 766
248 770
248 773
248 775
248 777
248 796
248 800
248 807
248 810
248 812
248 813
248 816
248 819
248 822
248 823
248 826
248 828
248 830
248 831
248 833
248 834
248 838
248 843
248 847
248 853
248 856
248 858
248 859
248 860
248 861
248 865
248 869
248 874
248 875
248 876
248 878
248 882
248 883
248 885
248 887
248 894
248 895
248 896
248 901
248 910
248 911
248 915
248 917
248 918
248 920
248 926
248 933
248 939
248 944
248 945
248 946
248 956
248 958
248 962
248 968
248 981
248 982
248 986
248 990
248 995
248 999
249 501
249 505
249 506
249 511
249 512
249 513
249 515
249 534
249 547
249 549
249 552
249 553
249 554
249 557
249 559
249 565
249 568
249 570
249 574
249 578
249 588
249 592
249 595
249 597
249 603
249 606
249 614
249 616
249 617
249 618
249 626
249 627
249 632
249 636
249 638
249 643
249 650
249 651
249 652
249 654
249 658
249 659
249 661
249 662
249 669
249 670
249 671
249 675
249 682
249 684
249 699
249 702
249 706
249 715
249 718
249 719
249 724
249 731
249 732
249 737
249 739
249 745
249 746
249 752
249 764
249 770
249 772
249 776
249 788
249 790
249 792
249 795
249 798
249 803
249 808
249 812
249 817
249 818
249 820
249 828
249 834
249 838
249 846
249 847
249 852
249 856
249 866
249 868
249 871
249 872
249 874
249 877
249 878
249 881
249 885
249 891
249 897
249 902
249 903
249 906
249 916
249 919
249 920
249 923
249 930
249 939
249 940
249 942
249 943
249 945
249 955
249 959
249 962
249 964
249 967
249 970
249 974
249 976
249 977
249 980
249 984
249 990
249 995
249 1000
250 502
250 503
250 509
250 512
250 513
250 515
250 516
250 517
250 523
250 527
250 528
250 529
250 534
250 539
250 543
250 545
250 548
250 552
250 564
250 567
250 568
250 569
250 573
250 574
250 577
250 581
250 587
250 596
250 599
250 603
250 605
250 610
250 611
250 612
250 616
250 618
250 619
250 620
250 621
250 624
250 636
250 638
250 640
250 644
250 647
250 648
250 650
250 651
250 654
250 659
250 662
250 663
250 666
250 669
250 672
250 686
250 689
250 693
250 695
250 698
250 701
250 702
250 708
250 709
250 712
250 714
250 717
250 719
250 722
250 724
250 725
250 730
250 731
250 734
250 735
250 739
250 746
250 749
250 751
250 755
250 759
250 760
250 761
250 767
250 768
250 770
250 780
250 781
250 783
250 785
250 786
250 788
250 790
250 793
250 796
250 797
250 800
250 801
250 804
250 811
250 814
250 823
250 826
250 828
250 830
250 833
250 836
250 840
250 842
250 843
250 855
250 859
250 861
250 862
250 863
250 866
250 867
250 868
250 871
250 873
250 877
250 878
250 881
250 882
250 883
250 884
250 885
250 888
250 891
250 892
250 893
250 896
250 897
250 905
250 907
250 910
250 912
250 917
250 919
250 927
250 928
250 934
250 943
250 953
250 957
250 964
250 969
250 970
250 992
250 997
250 998
250 1000
251 507
251 510
251 515
251 516
251 520
251 522
251 525
251 529
251 531
251 534
251 535
251 543
251 544
251 545
251 549
251 552
251 554
251 557
251 563
251 565
251 569
251 570
251 571
251 575
251 577
251 579
251 582
251 583
251 585
251 587
251 590
251 596
251 599
251 600
251 608
251 613
251 614
251 621
251 622
251 624
251 632
251 641
251 643
251 644
251 645
251 649
251 651
251 656
251 657
251 659
251 663
251 665
251 669
251 672
251 674
251 676
251 682
251 684
251 688
251 689
251 691
251 692
251 693
251 696
251 698
251 701
251 706
251 710
251 712
251 714
251 717
251 718
251 719
251 723
251 724
251 726
251 732
251 733
251 739
251 740
251 755
251 758
251 761
251 762
251 780
251 781
251 782
251 784
251 785
251 787
251 789
251 791
251 802
251 804
251 806
251 809
251 810
251 812
251 816
251 821
251 822
251 826
251 827
251 829
251 830
251 832
251 833
251 834
251 836
251 841
251 843
251 849
251 850
251 851
251 861
251 867
251 869
251 875
251 876
251 878
251 880
251 881
251 883
251 887
251 890
251 899
251 902
251 906
251 908
251 914
251 916
251 918
251 922
251 924
251 925
251 928
251 931
251 938
251 939
251 948
251 952
251 953
251 954
251 961
251 963
251 964
251 966
251 967
251 969
251 970
251 972
251 973
251 974
251 977
251 979
251 980
251 981
251 982
251 984
251 988
251 989
251 993
251 994
251 999
252 502
252 505
252 511
252 517
252 518
252 519
252 523
252 524
252 526
252 529
252 531
252 533
252 534
252 539
252 542
252 543
252 547
252 548
252 549
252 550
252 555
252 564
252 566
252 569
252 571
252 573
252 575
252 577
252 585
252 587
252 588
252 590
252 592
252 595
252 598
252 601
252 602
252 604
252 609
252 613
252 620
252 621
252 624
252 625
252 626
252 627
252 628
252 635
252 644
252 645
252 646
252 647
252 654
252 655
252 657
252 658
252 665
252 666
252 669
252 670
252 679
252 680
252 682
252 688
252 692
252 693
252 700
252 706
252 711
252 723
252 724
252 727
252 728
252 731
252 734
252 738
252 748
252 752
252 753
252 754
252 757
252 759
252 760
252 763
252 764
252 766
252 774
252 776
252 781
252 788
252 789
252 790
252 792
252 796
252 810
252 819
252 822
252 828
252 829
252 830
252 832
252 837
252 841
252 842
252 846
252 847
252 852
252 855
252 862
252 863
252 866
252 872
252 878
252 879
252 882
252 884
252 885
252 892
252 903
252 904
252 909
252 910
252 911
252 913
252 918
252 923
252 926
252 927
252 930
252 932
252 935
252 936
252 948
252 959
252 961
252 963
252 971
252 976
252 979
252 990
252 992
252 996
252 998
252 1000
253 501
253 504
253 506
253 509
253 510
253 526
253 527
253 532
253 533
253 535
253 536
253 538
253 543
253 545
253 547
253 551
253 552
253 553
253 556
253 559
253 567
253 568
253 570
253 573
253 577
253 579
253 585
253 593
253 594
253 597
253 598
253 599
253 603
253 606
253 609
253 610
253 614
253 621
253 628
253 630
253 632
253 635
253 639
253 645
253 648
253 650
253 651
253 657
253 658
253 659
253 661
253 662
253 664
253 666
253 671
253 677
253 678
253 685
253 687
253 688
253 689
253 691
253 692
253 693
253 695
253 699
253 702
253 707
253 716
253 717
253 719
253 723
253 729
253 732
253 736
253 743
253 746
253 750
253 754
253 757
253 758
253 764
253 769
253 770
253 771
253 774
253 779
253 784
253 791
253 799
253 802
253 804
253 805
253 808
253 809
253 812
253 815
253 820
253 821
253 824
253 826
253 832
253 837
253 839
253 843
253 844
253 850
253 852
253 860
253 863
253 870
253 872
253 882
253 886
253 892
253 900
253 904
253 915
253 916
253 919
253 922
253 923
253 927
253 933
253 935
253 942
253 944
253 950
253 952
253 953
253 962
253 964
253 967
253 973
253 975
253 977
253 986
253 987
253 989
253 991
253 996
254 506
254 516
254 520
254 521
254 523
254 524
254 527
254 528
254 535
254 536
254 539
254 542
254 543
254 553
254 557
254 560
254 561
254 565
254 567
254 571
254 572
254 573
254 577
254 592
254 594
254 595
254 596
254 597
254 598
254 605
254 607
254 610
254 614
254 615
254 617
254 618
254 620
254 624
254 627
254 630
254 631
254 633
254 636
254 638
254 639
254 642
254 643
254 645
254 647
254 651
254 654
254 655
254 656
254 664
254 670
254 681
254 683
254 685
254 686
254 690
254 692
254 693
254 694
254 700
254 702
254 704
254 707
254 710
254 713
254 718
254 720
254 722
254 723
254 725
254 733
254 734
254 741
254 744
254 745
254 749
254 752
254 753
254 764
254 766
254 773
254 780
254 787
254 790
254 794
254 797
254 801
254 808
254 810
254 811
254 816
254 820
254 823
254 824
254 827
254 830
254 833
254 839
254 841
254 842
254 844
254 849
254 850
254 851
254 855
254 856
254 857
254 862
254 866
254 868
254 870
254 871
254 873
254 874
254 882
254 883
254 884
254 893
254 898
254 899
254 901
254 907
254 910
254 915
254 917
254 918
254 919
254 921
254 924
254 927
254 939
254 942
254 946
254 957
254 958
254 961
254 962
254 963
254 965
254 968
254 971
254 972
254 973
254 974
254 979
254 982
254 985
254 990
254 994
254 998
254 1000
255 501
255 502
255 511
255 512
255 513
255 519
255 520
255 521
255 528
255 533
255 534
255 536
255 538
255 539
255 540
255 546
255 549
255 551
255 554
255 556
255 558
255 561
255 564
255 565
255 566
255 568
255 572
255 574
255 578
255 579
255 581
255 584
255 588
255 590
255 593
255 602
255 605
255 606
255 608
255 609
255 612
255 613
255 615
255 619
255 621
255 624
255 625
255 628
255 631
255 633
255 635
255 642
255 645
255 646
255 648
255 652
255 653
255 655
255 658
255 659
255 661
255 665
255 667
255 669
255 671
255 678
255 680
255 684
255 687
255 688
255 689
255 690
255 696
255 698
255 708
255 709
255 712
255 713
255 714
255 721
255 723
255 726
255 728
255 729
255 730
255 731
255 735
255 736
255 737
255 738
255 739
255 743
255 747
255 748
255 752
255 754
255 757
255 762
255 768
255 769
255 775
255 779
255 782
255 783
255 784
255 790
255 796
255 798
255 803
255 811
255 813
255 814
255 815
255 823
255 827
255 830
255 831
255 832
255 833
255 836
255 842
255 843
255 845
255 847
255 850
255 851
255 852
255 856
255 859
255 863
255 865
255 867
255 870
255 872
255 873
255 879
255 880
255 896
255 902
255 913
255 914
255 918
255 919
255 925
255 933
255 941
255 943
255 944
255 957
255 961
255 964
255 974
255 977
255 980
255 982
255 986
255 991
255 992
255 994
255 996
256 508
256 511
256 512
256 513
256 517
256 524
256 526
256 531
256 533
256 537
256 544
256 548
256 549
256 551
256 555
256 556
256 560
256 561
256 564
256 567
256 569
256 570
256 572
256 575
256 576
256 580
256 585
256 587
256 588
256 593
256 594
256 595
256 597
256 601
256 602
256 604
256 609
256 616
256 618
256 620
256 622
256 630
256 634
256 635
256 637
256 638
256 640
256 641
256 642
256 648
256 649
256 655
256 657
256 658
256 660
256 662
256 666
256 671
256 672
256 674
256 675
256 677
256 681
256 682
256 684
256 685
256 687
256 695
256 700
256 705
256 709
256 711
256 712
256 716
256 721
256 724
256 726
256 727
256 728
256 735
256 738
256 741
256 744
256 746
256 747
256 752
256 755
256 756
256 758
256 762
256 767
256 772
256 783
256 788
256 789
256 793
256 795
256 797
256 803
256 813
256 815
256 817
256 818
256 827
256 835
256 840
256 842
256 844
256 845
256 851
256 854
256 856
256 859
256 862
256 864
256 870
256 872
256 873
256 876
256 882
256 883
256 884
256 886
256 887
256 891
256 892
256 893
256 894
256 897
256 898
256 902
256 904
256 905
256 906
256 908
256 911
256 913
256 916
256 925
256 927
256 930
256 931
256 933
256 934
256 938
256 943
256 944
256 948
256 951
256 953
256 956
256 964
256 973
256 974
256 986
256 994
256 996
256 997
257 502
257 503
257 504
257 508
257 516
257 518
257 520
257 523
257 538
257 539
257 547
257 549
257 551
257 552
257 554
257 562
257 567
257 568
257 570
257 573
257 576
257 587
257 588
257 591
257 592
257 594
257 604
257 605
257 606
257 607
257 613
257 614
257 619
257 621
257 622
257 627
257 628
257 629
257 633
257 636
257 637
257 638
257 639
257 646
257 651
257 653
257 654
257 655
257 661
257 663
257 665
257 667
257 672
257 677
257 678
257 682
257 684
257 688
257 689
257 691
257 693
257 698
257 701
257 703
257 710
257 715
257 717
257 723
257 724
257 728
257 730
257 735
257 742
257 744
257 747
257 751
257 752
257 757
257 765
257 766
257 774
257 778
257 781
257 786
257 801
257 808
257 810
257 812
257 814
257 818
257 826
257 829
257 834
257 836
257 843
257 847
257 853
257 856
257 862
257 866
257 872
257 875
257 876
257 880
257 882
257 883
257 886
257 888
257 890
257 891
257 893
257 895
257 896
257 897
257 899
257 902
257 904
257 910
257 912
257 915
257 923
257 925
257 926
257 928
257 931
257 933
257 934
257 936
257 937
257 938
257 940
257 942
257 945
257 949
257 960
257 961
257 964
257 967
257 968
257 972
257 980
257 983
257 984
257 986
257 987
257 997
257 1000
258 502
258 506
258 510
258 511
258 513
258 514
258 519
258 522
258 524
258 525
258 531
258 532
258 539
258 542
258 546
258 551
258 552
258 561
258 563
258 564
258 567
258 571
258 579
258 587
258 591
258 594
258 598
258 600
258 602
258 607
258 610
258 613
258 614
258 617
258 633
258 637
258 638
258 641
258 645
258 646
258 647
258 649
258 658
258 659
258 663
258 665
258 674
258 675
258 677
258 684
258 700
258 704
258 714
258 717
258 719
258 721
258 723
258 728
258 730
258 732
258 735
258 736
258 744
258 745
258 746
258 747
258 750
258 752
258 754
258 755
258 758
258 759
258 760
258 766
258 767
258 768
258 773
258 778
258 781
258 794
258 795
258 801
258 802
258 803
258 812
258 815
258 819
258 822
258 823
258 827
258 832
258 833
258 834
258 836
258 837
258 845
258 848
258 851
258 855
258 859
258 861
258 862
258 865
258 866
258 868
258 870
258 871
258 876
258 878
258 879
258 880
258 882
258 885
258 886
258 891
258 897
258 901
258 909
258 910
258 911
258 915
258 924
258 925
258 931
258 932
258 935
258 944
258 947
258 949
258 951
258 952
258 959
258 961
258 962
258 966
258 968
258 975
258 978
258 980
258 981
258 985
258 990
258 995
259 507
259 511
259 514
259 517
259 520
259 523
259 524
259 525
259 526
259 531
259 536
259 537
259 538
259 539
259 540
259 542
259 543
259 547
259 552
259 554
259 556
259 563
259 567
259 570
259 576
259 577
259 579
259 585
259 587
259 588
259 594
259 595
259 610
259 621
259 622
259 623
259 624
259 628
259 630
259 634
259 640
259 641
259 646
259 647
259 648
259 649
259 650
259 651
259 653
259 660
259 661
259 667
259 668
259 671
259 675
259 681
259 682
259 686
259 687
259 688
259 692
259 693
259 696
259 708
259 709
259 711
259 719
259 725
259 734
259 739
259 741
259 743
259 746
259 747
259 754
259 762
259 763
259 765
259 771
259 778
259 779
259 784
259 789
259 797
259 799
259 804
259 805
259 807
259 808
259 811
259 814
259 815
259 823
259 825
259 827
259 830
259 834
259 836
259 840
259 848
259 858
259 867
259 870
259 873
259 874
259 875
259 879
259 880
259 883
259 885
259 886
259 890
259 905
259 906
259 914
259 915
259 919
259 923
259 930
259 934
259 935
259 936
259 940
259 945
259 950
259 956
259 961
259 968
259 971
259 974
259 975
259 976
259 977
259 980
259 983
259 989
259 996
259 997
260 507
260 512
260 514
260 515
260 520
260 525
260 526
260 530
260 533
260 541
260 543
260 544
260 546
260 547
260 552
260 558
260 561
260 563
260 566
260 567
260 571
260 573
260 574
260 575
260 582
260 585
260 587
260 588
260 590
260 592
260 595
260 600
260 606
260 607
260 609
260 611
260 615
260 616
260 621
260 622
260 626
260 637
260 641
260 643
260 645
260 646
260 647
260 648
260 650
260 652
260 656
260 660
260 666
260 668
260 675
260 676
260 677
260 681
260 682
260 686
260 695
260 700
260 702
260 703
260 704
260 706
260 707
260 714
260 720
260 729
260 735
260 740
260 741
260 746
260 752
260 761
260 764
260 767
260 768
260 774
260 776
260 791
260 793
260 794
260 802
260 803
260 807
260 808
260 810
260 811
260 812
260 813
260 816
260 820
260 821
260 823
260 826
260 836
260 837
260 838
260 842
260 846
260 851
260 852
260 856
260 857
260 858
260 864
260 866
260 868
260 869
260 870
260 873
260 880
260 881
260 887
260 888
260 889
260 890
260 892
260 896
260 897
260 898
260 903
260 904
260 905
260 907
260 908
260 918
260 919
260 923
260 927
260 929
260 940
260 945
260 948
260 951
260 954
260 958
260 959
260 964
260 965
260 967
260 968
260 970
260 971
260 974
260 988
260 996
260 997
260 998
260 999
260 1000
261 501
261 503
261 504
261 507
261 508
261 509
261 511
261 514
261 517
261 518
261 521
261 522
261 523
261 530
261 534
261 544
261 552
261 554
261 557
261 558
261 560
261 568
261 570
261 573
261 577
261 578
261 580
261 587
261 589
261 592
261 595
261 600
261 602
261 604
261 605
261 611
261 613
261 616
261 617
261 623
261 626
261 627
261 628
261 631
261 634
261 635
261 640
261 642
261 646
261 652
261 653
261 656
261 658
261 660
261 661
261 663
261 673
261 674
261 677
261 681
261 687
261 688
261 691
261 692
261 696
261 697
261 698
261 700
261 703
261 713
261 714
261 715
261 716
261 721
261 722
261 723
261 725
261 727
261 729
261 732
261 733
261 739
261 741
261 746
261 748
261 756
261 758
261 766
261 767
261 768
261 770
261 771
261 774
261 778
261 783
261 784
261 785
261 787
261 791
261 796
261 802
261 803
261 806
261 807
261 812
261 817
261 822
261 825
261 828
261 830
261 837
261 838
261 839
261 842
261 844
261 846
261 848
261 855
261 860
261 861
261 863
261 864
261 867
261 874
261 875
261 878
261 879
261 886
261 892
261 893
261 895
261 896
261 898
261 902
261 906
261 908
261 911
261 914
261 922
261 924
261 926
261 929
261 932
261 933
261 936
261 942
261 944
261 946
261 947
261 949
261 954
261 957
261 959
261 963
261 966
261 967
261 969
261 971
261 976
261 981
261 983
261 996
261 1000
262 502
262 505
262 507
262 513
262 518
262 521
262 526
262 527
262 530
262 531
262 534
262 543
262 544
262 551
262 554
262 562
262 566
262 569
262 570
262 571
262 577
262 582
262 585
262 588
262 592
262 597
262 603
262 610
262 613
262 616
262 619
262 624
262 625
262 626
262 627
262 629
262 630
262 633
262 634
262 636
262 637
262 638
262 639
262 641
262 642
262 644
262 645
262 648
262 649
262 653
262 657
262 661
262 665
262 668
262 672
262 676
262 679
262 681
262 688
262 689
262 692
262 696
262 697
262 698
262 699
262 705
262 707
262 710
262 712
262 713
262 720
262 721
262 722
262 729
262 730
262 731
262 733
262 735
262 739
262 741
262 746
262 748
262 751
262 752
262 753
262 760
262 764
262 765
262 768
262 771
262 778
262 779
262 781
262 782
262 787
262 791
262 796
262 801
262 813
262 816
262 817
262 825
262 829
262 831
262 832
262 833
262 837
262 845
262 847
262 861
262 863
262 864
262 865
262 867
262 868
262 874
262 876
262 878
262 882
262 886
262 888
262 892
262 893
262 895
262 898
262 903
262 907
262 908
262 911
262 918
262 922
262 931
262 932
262 933
262 935
262 944
262 945
262 952
262 958
262 961
262 963
262 970
262 973
262 975
262 982
262 986
262 987
262 991
262 993
262 995
262 996
262 998
262 999
263 501
263 508
263 514
263 515
263 522
263 523
263 525
263 526
263 532
263 533
263 543
263 545
263 547
263 549
263 550
263 552
263 554
263 557
263 559
263 566
263 567
263 575
263 576
263 577
263 581
263 582
263 585
263 589
263 594
263 597
263 601
263 608
263 609
263 614
263 615
263 617
263 620
263 621
263 622
263 623
263 624
263 627
263 633
263 641
263 657
263 663
263 671
263 673
263 675
263 677
263 678
263 687
263 693
263 695
263 696
263 697
263 699
263 701
263 708
263 709
263 717
263 719
263 720
263 721
263 727
263 728
263 740
263 742
263 744
263 745
263 747
263 749
263 750
263 755
263 756
263 772
263 773
263 776
263 777
263 778
263 784
263 785
263 786
263 791
263 794
263 798
263 799
263 800
263 802
263 803
263 804
263 807
263 808
263 812
263 814
263 818
263 823
263 831
263 832
263 835
263 839
263 841
263 842
263 848
263 853
263 861
263 863
263 864
263 869
263 877
263 878
263 879
263 883
263 889
263 898
263 899
263 901
263 904
263 907
263 914
263 924
263 926
263 929
263 933
263 935
263 937
263 939
263 945
263 953
263 958
263 962
263 963
263 964
263 966
263 971
263 972
263 973
263 974
263 976
263 982
263 984
263 987
263 994
264 503
264 508
264 515
264 516
264 522
264 541
264 542
264 547
264 554
264 555
264 558
264 560
264 562
264 565
264 567
264 570
264 576
264 582
264 583
264 585
264 588
264 595
264 599
264 602
264 605
264 610
264 611
264 612
264 614
264 625
264 630
264 633
264 637
264 641
264 642
264 647
264 657
264 658
264 659
264 662
264 663
264 666
264 669
264 676
264 678
264 684
264 689
264 692
264 700
264 704
264 705
264 706
264 707
264 709
264 712
264 714
264 715
264 722
264 723
264 726
264 736
264 742
264 744
264 747
264 754
264 755
264 756
264 757
264 761
264 766
264 779
264 781
264 784
264 788
264 800
264 807
264 813
264 814
264 816
264 817
264 821
264 824
264 828
264 831
264 834
264 835
264 841
264 849
264 850
264 852
264 853
264 862
264 872
264 873
264 878
264 880
264 881
264 882
264 885
264 887
264 888
264 897
264 901
264 903
264 908
264 910
264 914
264 917
264 918
264 922
264 928
264 930
264 933
264 935
264 937
264 938
264 940
264 941
264 942
264 947
264 949
264 957
264 960
264 963
264 964
264 967
264 968
264 971
264 972
264 978
264 980
264 983
264 989
264 997
264 999
265 503
265 505
265 508
265 514
265 518
265 519
265 521
265 525
265 530
265 534
265 544
265 545
265 546
265 547
265 549
265 551
265 555
265 556
265 559
265 561
265 562
265 563
265 564
265 565
265 569
265 572
265 575
265 579
265 586
265 591
265 595
265 597
265 599
265 602
265 604
265 605
265 607
265 609
265 615
265 616
265 620
265 638
265 643
265 646
265 647
265 650
265 657
265 659
265 660
265 664
265 667
265 671
265 673
265 677
265 678
265 679
265 684
265 685
265 686
265 688
265 691
265 693
265 694
265 696
265 700
265 701
265 705
265 706
265 708
265 711
265 712
265 714
265 718
265 719
265 721
265 724
265 727
265 731
265 735
265 737
265 740
265 742
265 744
265 747
265 748
265 749
265 750
265 752
265 763
265 769
265 777
265 778
265 781
265 784
265 785
265 788
265 789
265 795
265 797
265 798
265 799
265 801
265 809
265 811
265 812
265 816
265 826
265 830
265 835
265 837
265 838
265 839
265 843
265 844
265 847
265 849
265 855
265 856
265 857
265 861
265 864
265 870
265 871
265 874
265 875
265 881
265 882
265 887
265 892
265 893
265 894
265 895
265 896
265 897
265 898
265 899
265 902
265 904
265 909
265 916
265 919
265 928
265 931
265 932
265 933
265 934
265 935
265 942
265 945
265 946
265 952
265 954
265 955
265 959
265 960
265 972
265 973
265 974
265 976
265 980
265 981
265 983
265 985
265 986
265 987
265 993
265 995
265 996
265 998
266 506
266 509
266 519
266 520
266 522
266 524
266 525
266 529
266 530
266 531
266 535
266 536
266 538
266 548
266 549
266 556
266 557
266 561
266 562
266 563
266 564
266 565
266 566
266 568
266 574
266 575
266 582
266 586
266 588
266 589
266 595
266 597
266 598
266 601
266 605
266 608
266 609
266 611
266 612
266 613
266 616
266 617
266 625
266 635
266 640
266 644
266 647
266 649
266 653
266 655
266 661
266 669
266 673
266 675
266 682
266 684
266 688
266 691
266 692
266 693
266 695
266 696
266 700
266 703
266 706
266 709
266 718
266 725
266 726
266 728
266 729
266 732
266 740
266 747
266 748
266 749
266 752
266 753
266 757
266 762
266 763
266 764
266 767
266 768
266 772
266 773
266 776
266 777
266 780
266 784
266 791
266 798
266 800
266 809
266 813
266 818
266 825
266 829
266 830
266 842
266 850
266 856
266 858
266 859
266 860
266 864
266 866
266 869
266 871
266 873
266 875
266 876
266 877
266 882
266 889
266 898
266 905
266 910
266 912
266 915
266 916
266 917
266 919
266 920
266 924
266 930
266 939
266 946
266 947
266 951
266 955
266 956
266 958
266 961
266 966
266 967
266 968
266 970
266 974
266 975
266 976
266 978
266 979
266 981
266 985
266 991
266 996
266 997
266 999
267 501
267 502
267 507
267 508
267 511
267 512
267 515
267 519
267 520
267 522
267 523
267 528
267 529
267 531
267 532
267 538
267 539
267 540
267 542
267 543
267 550
267 553
267 555
267 565
267 568
267 569
267 570
267 580
267 582
267 584
267 591
267 597
267 601
267 603
267 605
267 606
267 613
267 615
267 616
267 618
267 633
267 640
267 644
267 646
267 652
267 656
267 662
267 666
267 673
267 675
267 676
267 677
267 678
267 680
267 682
267 689
267 697
267 700
267 701
267 702
267 708
267 709
267 711
267 717
267 725
267 726
267 729
267 735
267 741
267 744
267 745
267 756
267 758
267 761
267 766
267 767
267 771
267 772
267 773
267 774
267 777
267 794
267 796
267 797
267 799
267 812
267 815
267 818
267 823
267 827
267 832
267 834
267 837
267 838
267 843
267 849
267 857
267 862
267 864
267 870
267 873
267 876
267 878
267 879
267 884
267 888
267 889
267 890
267 896
267 898
267 902
267 915
267 920
267 921
267 922
267 925
267 930
267 933
267 935
267 936
267 942
267 943
267 944
267 946
267 952
267 953
267 954
267 955
267 958
267 962
267 963
267 972
267 975
267 977
267 980
267 988
267 994
267 995
268 510
268 511
268 518
268 521
268 522
268 523
268 524
268 527
268 536
268 537
268 538
268 545
268 549
268 553
268 560
268 567
268 569
268 575
268 576
268 579
268 595
268 596
268 613
268 622
268 625
268 628
268 632
268 637
268 638
268 648
268 652
268 653
268 658
268 661
268 664
268 670
268 672
268 679
268 680
268 681
268 686
268 689
268 692
268 693
268 695
268 698
268 700
268 703
268 705
268 708
268 709
268 710
268 711
268 712
268 713
268 714
268 717
268 721
268 722
268 723
268 730
268 731
268 732
268 733
268 738
268 740
268 742
268 745
268 757
268 763
268 766
268 767
268 772
268 776
268 777
268 780
268 783
268 789
268 790
268 792
268 793
268 801
268 803
268 804
268 805
268 808
268 809
268 810
268 811
268 813
268 815
268 816
268 817
268 818
268 821
268 830
268 840
268 853
268 855
268 866
268 872
268 873
268 876
268 877
268 884
268 885
268 888
268 890
268 892
268 897
268 899
268 902
268 903
268 908
268 914
268 919
268 920
268 921
268 922
268 923
268 924
268 930
268 931
268 934
268 938
268 942
268 946
268 953
268 954
268 957
268 960
268 962
268 963
268 965
268 967
268 968
268 969
268 970
268 978
268 986
268 989
268 995
269 504
269 505
269 509
269 510
269 512
269 513
269 518
269 523
269 524
269 525
269 526
269 528
269 529
269 533
269 534
269 537
269 567
269 572
269 573
269 575
269 581
269 583
269 589
269 591
269 594
269 599
269 609
269 614
269 615
269 617
269 624
269 626
269 630
269 632
269 634
269 636
269 640
269 641
269 642
269 643
269 644
269 650
269 664
269 665
269 666
269 668
269 673
269 674
269 675
269 677
269 681
269 682
269 691
269 693
269 696
269 702
269 704
269 713
269 719
269 722
269 723
269 725
269 742
269 746
269 747
269 748
269 750
269 751
269 754
269 755
269 760
269 766
269 778
269 781
269 787
269 794
269 796
269 797
269 798
269 800
269 801
269 805
269 811
269 812
269 813
269 815
269 816
269 824
269 827
269 828
269 832
269 833
269 837
269 838
269 839
269 840
269 842
269 843
269 847
269 852
269 856
269 859
269 872
269 886
269 889
269 892
269 900
269 903
269 904
269 910
269 911
269 917
269 919
269 921
269 922
269 924
269 925
269 928
269 929
269 940
269 946
269 947
269 952
269 953
269 963
269 966
269 979
269 989
269 992
269 993
269 996
269 997
269 999
269 1000
270 502
270 503
270 505
270 507
270 510
270 511
270 527
270 529
270 534
270 536
270 542
270 553
270 560
270 563
270 566
270 570
270 576
270 577
270 578
270 580
270 582
270 589
270 590
270 599
270 602
270 611
270 613
270 620
270 631
270 632
270 635
270 637
270 638
270 640
270 641
270 642
270 645
270 646
270 652
270 657
270 658
270 664
270 670
270 674
270 681
270 684
270 686
270 688
270 698
270 701
270 704
270 708
270 710
270 711
270 712
270 714
270 716
270 720
270 724
270 726
270 728
270 729
270 731
270 734
270 736
270 739
270 740
270 741
270 742
270 743
270 751
270 754
270 755
270 756
270 757
270 759
270 760
270 763
270 765
270 767
270 771
270 773
270 786
270 787
270 788
270 790
270 794
270 797
270 798
270 800
270 801
270 802
270 807
270 815
270 818
270 819
270 820
270 821
270 823
270 835
270 837
270 838
270 839
270 844
270 846
270 848
270 850
270 852
270 855
270 856
270 862
270 864
270 865
270 869
270 870
270 871
270 879
270 880
270 886
270 888
270 893
270 896
270 897
270 901
270 903
270 904
270 906
270 909
270 912
270 919
270 922
270 926
270 927
270 930
270 933
270 936
270 940
270 948
270 955
270 956
270 962
270 970
270 976
270 979
270 982
270 984
270 992
270 995
270 998
270 999
271 504
271 508
271 513
271 517
271 518
271 521
271 522
271 523
271 524
271 526
271 528
271 529
271 532
271 534
271 544
271 548
271 553
271 554
271 556
271 561
271 562
271 565
271 567
271 569
271 570
271 573
271 574
271 575
271 578
271 583
271 587
271 590
271 595
271 599
271 600
271 602
271 604
271 609
271 610
271 612
271 619
271 620
271 624
271 625
271 626
271 627
271 628
271 631
271 633
271 634
271 637
271 644
271 649
271 650
271 653
271 654
271 656
271 659
271 661
271 665
271 666
271 668
271 672
271 673
271 677
271 678
271 679
271 682
271 685
271 687
271 688
271 691
271 696
271 700
271 701
271 704
271 708
271 710
271 717
271 721
271 723
271 724
271 725
271 727
271 729
271 733
271 734
271 736
271 748
271 749
271 754
271 755
271 756
271 766
271 767
271 769
271 773
271 774
271 777
271 779
271 782
271 783
271 785
271 786
271 789
271 803
271 809
271 816
271 818
271 819
271 821
271 829
271 831
271 838
271 840
271 842
271 852
271 872
271 873
271 880
271 883
271 885
271 890
271 891
271 895
271 898
271 902
271 904
271 906
271 908
271 909
271 910
271 911
271 913
271 916
271 917
271 918
271 920
271 923
271 928
271 930
271 932
271 933
271 934
271 936
271 939
271 945
271 946
271 952
271 954
271 955
271 958
271 959
271 960
271 963
271 972
271 980
271 983
271 992
271 993
271 999
272 505
272 508
272 510
272 511
272 516
272 521
272 525
272 526
272 533
272 537
272 540
272 541
272 548
272 553
272 556
272 561
272 564
272 566
272 570
272 572
272 574
272 578
272 581
272 586
272 589
272 591
272 592
272 596
272 597
272 601
272 610
272 616
272 618
272 622
272 626
272 630
272 631
272 636
272 637
272 639
272 643
272 645
272 650
272 651
272 653
272 657
272 660
272 666
272 667
272 675
272 676
272 680
272 681
272 683
272 684
272 689
272 696
272 698
272 700
272 706
272 708
272 716
272 718
272 727
272 730
272 731
272 732
272 735
272 737
272 738
272 744
272 745
272 752
272 754
272 755
272 760
272 768
272 773
272 788
272 791
272 797
272 798
272 799
272 802
272 804
272 807
272 812
272 813
272 814
272 817
272 824
272 825
272 826
272 827
272 834
272 836
272 837
272 844
272 845
272 848
272 850
272 854
272 855
272 857
272 859
272 862
272 867
272 869
272 870
272 873
272 875
272 878
272 882
272 889
272 893
272 894
272 898
272 900
272 901
272 902
272 904
272 905
272 910
272 911
272 913
272 914
272 919
272 921
272 922
272 923
272 928
272 929
272 935
272 937
272 938
272 962
272 974
272 975
272 978
272 979
272 985
272 990
272 993
272 995
272 997
272 999
273 503
273 504
273 507
273 509
273 511
273 512
273 513
273 514
273 523
273 526
273 534
273 535
273 538
273 543
273 544
273 547
273 553
273 555
273 559
273 561
273 564
273 568
273 569
273 571
273 573
273 574
273 582
273 588
273 592
273 596
273 599
273 601
273 606
273 608
273 610
273 613
273 618
273 623
273 627
273 637
273 638
273 639
273 640
273 641
273 642
273 643
273 644
273 645
273 648
273 649
273 666
273 670
273 673
273 674
273 675
273 680
273 685
273 697
273 702
273 706
273 708
273 709
273 712
273 713
273 718
273 721
273 726
273 731
273 732
273 733
273 734
273 738
273 741
273 747
273 749
273 750
273 751
273 757
273 772
273 775
273 777
273 780
273 783
273 785
273 791
273 793
273 800
273 804
273 806
273 807
273 808
273 809
273 811
273 813
273 819
273 820
273 821
273 825
273 827
273 828
273 829
273 835
273 840
273 842
273 843
273 845
273 847
273 858
273 859
273 862
273 864
273 865
273 868
273 872
273 880
273 886
273 900
273 914
273 916
273 922
273 923
273 931
273 932
273 937
273 938
273 939
273 940
273 941
273 942
273 955
273 959
273 961
273 964
273 968
273 970
273 972
273 977
273 978
273 986
273 987
273 988
273 1000
274 503
274 505
274 506
274 508
274 511
274 516
274 518
274 522
274 526
274 530
274 533
274 534
274 540
274 543
274 546
274 550
274 553
274 562
274 563
274 567
274 568
274 570
274 571
274 585
274 586
274 597
274 598
274 599
274 607
274 609
274 614
274 616
274 620
274 621
274 632
274 636
274 638
274 641
274 642
274 644
274 645
274 646
274 647
274 650
274 654
274 657
274 658
274 663
274 664
274 665
274 670
274 671
274 673
274 676
274 678
274 684
274 685
274 688
274 690
274 695
274 696
274 698
274 699
274 706
274 708
274 710
274 717
274 718
274 723
274 739
274 741
274 752
274 764
274 768
274 772
274 776
274 783
274 785
274 787
274 788
274 790
274 791
274 793
274 794
274 796
274 797
274 798
274 803
274 807
274 812
274 813
274 819
274 824
274 829
274 836
274 847
274 848
274 849
274 851
274 853
274 857
274 858
274 859
274 860
274 861
274 864
274 865
274 866
274 867
274 869
274 872
274 874
274 875
274 879
274 881
274 886
274 891
274 905
274 913
274 914
274 916
274 919
274 921
274 934
274 935
274 937
274 941
274 944
274 947
274 948
274 949
274 952
274 955
274 960
274 964
274 973
274 974
274 980
274 985
274 989
274 991
274 992
274 995
274 998
274 1000
275 504
275 506
275 510
275 518
275 524
275 526
275 531
275 532
275 538
275 542
275 543
275 547
275 549
275 550
275 553
275 554
275 561
275 562
275 563
275 566
275 569
275 570
275 573
275 575
275 577
275 583
275 584
275 587
275 590
275 592
275 596
275 597
275 602
275 612
275 613
275 615
275 617
275 621
275 624
275 626
275 632
275 636
275 645
275 647
275 650
275 651
275 660
275 663
275 664
275 671
275 672
275 673
275 674
275 676
275 678
275 679
275 680
275 681
275 682
275 685
275 691
275 693
275 694
275 704
275 708
275 709
275 710
275 711
275 715
275 735
275 738
275 740
275 746
275 750
275 754
275 759
275 760
275 761
275 762
275 769
275 770
275 771
275 773
275 781
275 782
275 784
275 786
275 792
275 795
275 797
275 800
275 803
275 808
275 811
275 813
275 822
275 824
275 826
275 828
275 831
275 832
275 833
275 834
275 847
275 848
275 861
275 866
275 867
275 870
275 874
275 876
275 882
275 888
275 891
275 894
275 896
275 901
275 914
275 916
275 917
275 919
275 923
275 927
275 929
275 931
275 934
275 935
275 938
275 940
275 941
275 945
275 947
275 952
275 953
275 956
275 963
275 964
275 966
275 968
275 969
275 973
275 980
275 982
275 985
275 989
275 991
275 994
275 996
275 999
276 504
276 506
276 507
276 508
276 510
276 512
276 514
276 525
276 528
276 529
276 534
276 536
276 540
276 543
276 547
276 550
276 558
276 560
276 567
276 569
276 573
276 575
276 587
276 588
276 589
276 590
276 597
276 599
276 600
276 604
276 620
276 621
276 623
276 624
276 634
276 638
276 640
276 641
276 645
276 646
276 656
276 659
276 660
276 666
276 667
276 668
276 674
276 676
276 681
276 685
276 689
276 692
276 696
276 700
276 704
276 709
276 713
276 718
276 723
276 727
276 733
276 737
276 740
276 741
276 742
276 753
276 755
276 763
276 764
276 771
276 772
276 779
276 781
276 785
276 786
276 787
276 802
276 804
276 805
276 807
276 809
276 811
276 813
276 815
276 818
276 822
276 823
276 825
276 831
276 832
276 833
276 835
276 839
276 847
276 848
276 853
276 856
276 858
276 860
276 869
276 871
276 875
276 876
276 877
276 878
276 879
276 885
276 900
276 903
276 906
276 908
276 910
276 912
276 916
276 917
276 920
276 921
276 933
276 934
276 940
276 942
276 951
276 952
276 954
276 955
276 959
276 960
276 973
276 975
276 978
276 988
276 989
276 992
276 995
276 999
277 503
277 509
277 511
277 512
277 515
277 517
277 523
277 524
277 533
277 536
277 538
277 540
277 545
277 547
277 551
277 554
277 557
277 561
277 562
277 563
277 566
277 569
277 572
277 574
277 577
277 580
277 582
277 583
277 584
277 591
277 592
277 594
277 597
277 599
277 601
277 608
277 609
277 617
277 618
277 621
277 623
277 627
277 636
277 645
277 651
277 657
277 659
277 662
277 664
277 669
277 671
277 676
277 682
277 683
277 684
277 688
277 689
277 690
277 692
277 693
277 694
277 698
277 702
277 707
277 710
277 711
277 713
277 717
277 718
277 722
277 727
277 732
277 734
277 736
277 737
277 739
277 740
277 745
277 747
277 752
277 755
277 757
277 758
277 759
277 761
277 768
277 772
277 774
277 783
277 791
277 792
277 794
277 796
277 800
277 801
277 813
277 819
277 826
277 827
277 831
277 832
277 833
277 838
277 844
277 846
277 850
277 851
277 853
277 879
277 890
277 891
277 892
277 894
277 895
277 903
277 905
277 911
277 914
277 916
277 917
277 918
277 920
277 921
277 926
277 934
277 938
277 947
277 948
277 950
277 952
277 956
277 960
277 962
277 963
277 968
277 970
277 983
277 985
277 986
277 993
277 995
277 997
277 999
277 1000
278 501
278 502
278 503
278 504
278 507
278 513
278 514
278 516
278 518
278 525
278 528
278 536
278 538
278 539
278 543
278 548
278 550
278 553
278 556
278 560
278 571
278 572
278 574
278 577
278 581
278 582
278 587
278 590
278 597
278 599
278 609
278 612
278 614
278 620
278 621
278 625
278 626
278 629
278 631
278 634
278 635
278 636
278 640
278 646
278 653
278 655
278 659
278 660
278 663
278 667
278 668
278 670
278 673
278 678
278 680
278 681
278 683
278 690
278 691
278 693
278 695
278 696
278 702
278 706
278 708
278 711
278 714
278 717
278 718
278 721
278 734
278 735
278 736
278 746
278 755
278 756
278 764
278 766
278 775
278 776
278 778
278 784
278 786
278 791
278 793
278 794
278 800
278 801
278 806
278 809
278 819
278 820
278 821
278 822
278 828
278 834
278 836
278 837
278 838
278 839
278 841
278 842
278 848
278 856
278 862
278 865
278 866
278 867
278 868
278 873
278 876
278 882
278 884
278 885
278 886
278 887
278 890
278 891
278 895
278 896
278 901
278 907
278 908
278 912
278 915
278 916
278 917
278 918
278 919
278 920
278 924
278 931
278 933
278 938
278 941
278 943
278 945
278 946
278 955
278 958
278 959
278 962
278 963
278 966
278 974
278 976
278 984
278 985
278 990
278 992
278 996
278 1000
279 504
279 505
279 506
279 516
279 517
279 518
279 519
279 524
279 527
279 529
279 535
279 537
279 544
279 547
279 551
279 566
279 572
279 575
279 576
279 580
279 582
279 585
279 602
279 606
279 607
279 608
279 614
279 618
279 620
279 625
279 636
279 638
279 640
279 645
279 651
279 652
279 653
279 656
279 661
279 664
279 669
279 670
279 673
279 676
279 677
279 681
279 684
279 686
279 688
279 691
279 699
279 701
279 702
279 707
279 712
279 720
279 722
279 723
279 728
279 730
279 737
279 738
279 739
279 743
279 746
279 747
279 748
279 751
279 752
279 754
279 758
279 760
279 762
279 764
279 765
279 771
279 772
279 774
279 777
279 778
279 783
279 784
279 787
279 790
279 793
279 795
279 800
279 804
279 805
279 807
279 821
279 825
279 829
279 830
279 834
279 837
279 839
279 845
279 848
279 853
279 855
279 856
279 858
279 867
279 868
279 870
279 877
279 879
279 882
279 886
279 890
279 896
279 897
279 898
279 899
279 900
279 902
279 905
279 916
279 917
279 923
279 927
279 932
279 937
279 940
279 942
279 943
279 944
279 949
279 953
279 956
279 957
279 958
279 960
279 967
279 971
279 975
279 976
279 981
279 983
279 985
279 988
279 990
279 995
279 996
280 506
280 507
280 512
280 514
280 521
280 522
280 524
280 527
280 528
280 529
280 539
280 540
280 542
280 544
280 546
280 550
280 561
280 564
280 565
280 566
280 573
280 574
280 576
280 578
280 579
280 582
280 583
280 584
280 588
280 589
280 596
280 601
280 607
280 610
280 611
280 613
280 619
280 623
280 628
280 629
280 633
280 637
280 638
280 642
280 644
280 645
280 649
280 652
280 656
280 658
280 664
280 666
280 681
280 682
280 683
280 684
280 685
280 689
280 691
280 693
280 695
280 708
280 710
280 712
280 714
280 715
280 726
280 731
280 732
280 741
280 747
280 750
280 752
280 756
280 757
280 765
280 768
280 778
280 780
280 781
280 782
280 784
280 787
280 790
280 792
280 794
280 795
280 796
280 797
280 802
280 807
280 809
280 815
280 817
280 819
280 820
280 822
280 825
280 839
280 848
280 850
280 851
280 854
280 862
280 865
280 871
280 875
280 877
280 879
280 884
280 885
280 889
280 891
280 894
280 897
280 899
280 901
280 903
280 904
280 905
280 909
280 911
280 914
280 915
280 920
280 923
280 926
280 929
280 932
280 933
280 934
280 937
280 938
280 940
280 945
280 954
280 955
280 957
280 966
280 967
280 972
280 974
280 978
280 983
280 985
280 988
280 993
280 994
280 995
280 1000
281 507
281 510
281 512
281 514
281 515
281 520
281 522
281 525
281 527
281 529
281 530
281 531
281 532
281 534
281 537
281 543
281 548
281 550
281 558
281 560
281 561
281 562
281 566
281 567
281 576
281 580
281 581
281 585
281 588
281 595
281 596
281 597
281 598
281 599
281 605
281 606
281 607
281 608
281 610
281 612
281 615
281 616
281 617
281 619
281 620
281 625
281 629
281 631
281 633
281 635
281 643
281 647
281 652
281 653
281 656
281 657
281 659
281 667
281 690
281 695
281 696
281 697
281 706
281 707
281 708
281 711
281 714
281 715
281 716
281 718
281 719
281 721
281 739
281 740
281 744
281 749
281 753
281 754
281 756
281 757
281 758
281 765
281 770
281 773
281 780
281 781
281 782
281 784
281 790
281 793
281 794
281 795
281 797
281 798
281 805
281 809
281 811
281 812
281 814
281 816
281 822
281 824
281 827
281 828
281 830
281 831
281 833
281 838
281 840
281 843
281 845
281 851
281 862
281 863
281 865
281 866
281 867
281 873
281 875
281 876
281 877
281 880
281 889
281 894
281 899
281 901
281 903
281 904
281 908
281 912
281 916
281 919
281 921
281 923
281 924
281 926
281 927
281 934
281 937
281 940
281 942
281 947
281 949
281 950
281 954
281 965
281 970
281 971
281 972
281 975
281 976
281 979
281 980
281 987
281 991
281 994
281 996
281 997
281 999
282 506
282 508
282 512
282 518
282 521
282 530
282 531
282 533
282 540
282 542
282 549
282 551
282 552
282 555
282 557
282 561
282 567
282 570
282 575
282 577
282 583
282 584
282 585
282 591
282 593
282 594
282 600
282 602
282 607
282 608
282 611
282 617
282 624
282 628
282 636
282 639
282 642
282 646
282 649
282 656
282 658
282 660
282 661
282 663
282 665
282 666
282 668
282 672
282 674
282 691
282 694
282 695
282 703
282 704
282 724
282 726
282 728
282 731
282 733
282 735
282 739
282 745
282 752
282 755
282 759
282 761
282 770
282 776
282 780
282 781
282 782
282 786
282 787
282 791
282 793
282 794
282 796
282 797
282 799
282 800
282 806
282 809
282 813
282 815
282 817
282 833
282 843
282 855
282 859
282 860
282 863
282 865
282 866
282 873
282 879
282 880
282 882
282 884
282 885
282 887
282 888
282 889
282 890
282 894
282 898
282 899
282 900
282 911
282 912
282 923
282 927
282 929
282 930
282 932
282 939
282 941
282 951
282 952
282 957
282 960
282 962
282 964
282 965
282 967
282 969
282 976
282 977
282 978
282 981
282 983
282 984
282 986
282 994
283 501
283 503
283 507
283 508
283 509
283 511
283 512
283 514
283 518
283 522
283 530
283 533
283 537
283 538
283 540
283 546
283 548
283 552
283 553
283 563
283 569
283 572
283 573
283 574
283 577
283 578
283 579
283 585
283 587
283 588
283 590
283 594
283 597
283 601
283 603
283 604
283 606
283 616
283 620
283 622
283 631
283 632
283 641
283 649
283 650
283 651
283 653
283 655
283 658
283 664
283 667
283 670
283 671
283 673
283 676
283 677
283 680
283 681
283 690
283 692
283 697
283 700
283 702
283 703
283 704
283 705
283 708
283 713
283 719
283 722
283 724
283 726
283 730
283 735
283 738
283 742
283 759
283 761
283 763
283 765
283 767
283 768
283 771
283 774
283 777
283 785
283 796
283 800
283 803
283 804
283 806
283 808
283 811
283 812
283 816
283 817
283 824
283 829
283 831
283 846
283 847
283 849
283 858
283 866
283 869
283 872
283 874
283 879
283 885
283 887
283 888
283 889
283 891
283 897
283 900
283 902
283 905
283 907
283 913
283 917
283 919
283 920
283 923
283 924
283 927
283 928
283 932
283 934
283 936
283 939
283 940
283 945
283 947
283 948
283 951
283 964
283 965
283 966
283 971
283 973
283 976
283 979
283 980
283 982
283 984
283 988
283 990
283 992
283 998
284 501
284 505
284 508
284 510
284 512
284 513
284 519
284 520
284 521
284 526
284 531
284 532
284 533
284 539
284 544
284 545
284 550
284 552
284 555
284 557
284 559
284 565
284 568
284 576
284 577
284 580
284 582
284 584
284 590
284 601
284 606
284 614
284 618
284 620
284 627
284 632
284 634
284 636
284 641
284 643
284 652
284 654
284 659
284 664
284 667
284 671
284 673
284 674
284 675
284 678
284 679
284 680
284 687
284 692
284 696
284 704
284 708
284 710
284 711
284 717
284 719
284 730
284 738
284 740
284 742
284 745
284 749
284 750
284 754
284 755
284 762
284 763
284 766
284 768
284 776
284 777
284 782
284 784
284 785
284 786
284 790
284 793
284 799
284 804
284 805
284 806
284 807
284 811
284 815
284 822
284 823
284 824
284 827
284 828
284 834
284 835
284 836
284 837
284 839
284 842
284 847
284 849
284 851
284 852
284 854
284 855
284 856
284 857
284 859
284 867
284 868
284 869
284 873
284 876
284 877
284 880
284 888
284 889
284 891
284 893
284 894
284 897
284 898
284 903
284 907
284 910
284 911
284 912
284 914
284 915
284 920
284 926
284 931
284 937
284 938
284 940
284 944
284 945
284 949
284 954
284 955
284 957
284 959
284 965
284 967
284 968
284 969
284 972
284 976
284 978
284 982
284 984
284 988
284 989
284 991
284 994
284 995
284 996
284 999
285 504
285 511
285 512
285 515
285 517
285 520
285 529
285 530
285 535
285 537
285 541
285 542
285 544
285 547
285 549
285 551
285 553
285 557
285 559
285 560
285 565
285 583
285 589
285 591
285 596
285 597
285 598
285 600
285 601
285 607
285 610
285 611
285 618
285 627
285 631
285 643
285 644
285 646
285 647
285 650
285 654
285 656
285 659
285 665
285 675
285 676
285 683
285 688
285 692
285 699
285 703
285 706
285 711
285 715
285 717
285 719
285 722
285 726
285 727
285 728
285 729
285 731
285 732
285 737
285 738
285 744
285 747
285 751
285 752
285 753
285 754
285 756
285 757
285 759
285 760
285 761
285 763
285 764
285 765
285 770
285 772
285 776
285 782
285 788
285 792
285 796
285 801
285 812
285 813
285 817
285 818
285 826
285 827
285 830
285 833
285 835
285 839
285 845
285 859
285 860
285 866
285 869
285 874
285 877
285 880
285 885
285 894
285 896
285 897
285 908
285 915
285 918
285 923
285 925
285 926
285 927
285 929
285 932
285 933
285 935
285 950
285 954
285 958
285 959
285 964
285 966
285 967
285 970
285 972
285 978
285 981
285 982
285 983
285 986
285 992
286 502
286 509
286 513
286 514
286 520
286 524
286 525
286 527
286 528
286 535
286 536
286 537
286 542
286 543
286 547
286 563
286 567
286 568
286 569
286 571
286 572
286 575
286 580
286 582
286 586
286 591
286 592
286 593
286 597
286 598
286 599
286 602
286 604
286 606
286 608
286 610
286 611
286 614
286 619
286 621
286 623
286 637
286 639
286 641
286 645
286 653
286 658
286 663
286 667
286 670
286 672
286 674
286 675
286 676
286 680
286 688
286 689
286 691
286 692
286 696
286 697
286 709
286 711
286 715
286 717
286 718
286 719
286 721
286 722
286 724
286 725
286 727
286 729
286 730
286 734
286 741
286 748
286 750
286 751
286 753
286 760
286 761
286 764
286 768
286 770
286 773
286 776
286 778
286 782
286 789
286 797
286 799
286 809
286 811
286 814
286 817
286 820
286 823
286 824
286 828
286 830
286 832
286 841
286 850
286 851
286 856
286 861
286 867
286 871
286 874
286 879
286 885
286 888
286 889
286 892
286 898
286 901
286 902
286 903
286 911
286 912
286 917
286 918
286 920
286 921
286 925
286 927
286 930
286 932
286 934
286 940
286 945
286 946
286 949
286 951
286 952
286 958
286 960
286 961
286 962
286 964
286 979
286 983
286 987
286 991
286 993
286 994
287 501
287 506
287 510
287 511
287 512
287 516
287 519
287 522
287 523
287 525
287 529
287 531
287 532
287 536
287 539
287 540
287 542
287 543
287 544
287 546
287 550
287 556
287 559
287 562
287 564
287 568
287 569
287 577
287 579
287 591
287 596
287 598
287 599
287 605
287 606
287 607
287 620
287 622
287 623
287 631
287 633
287 634
287 638
287 649
287 653
287 654
287 656
287 659
287 662
287 663
287 670
287 671
287 675
287 676
287 677
287 682
287 686
287 691
287 693
287 697
287 702
287 704
287 705
287 707
287 714
287 716
287 721
287 722
287 723
287 731
287 732
287 736
287 737
287 742
287 748
287 749
287 750
287 752
287 753
287 755
287 760
287 762
287 763
287 764
287 771
287 778
287 779
287 780
287 782
287 784
287 788
287 791
287 794
287 796
287 798
287 801
287 810
287 821
287 824
287 827
287 829
287 835
287 839
287 840
287 848
287 851
287 852
287 855
287 857
287 867
287 869
287 870
287 871
287 872
287 878
287 880
287 893
287 894
287 898
287 899
287 903
287 909
287 918
287 923
287 924
287 926
287 932
287 937
287 943
287 944
287 950
287 952
287 954
287 959
287 962
287 963
287 965
287 966
287 967
287 969
287 971
287 973
287 974
287 977
287 985
287 989
287 998
287 999
287 1000
288 504
288 511
288 512
288 516
288 529
288 533
288 535
288 538
288 542
288 553
288 556
288 557
288 566
288 569
288 579
288 583
288 586
288 588
288 592
288 595
288 599
288 610
288 611
288 625
288 627
288 631
288 637
288 642
288 647
288 652
288 654
288 658
288 662
288 664
288 665
288 666
288 667
288 669
288 674
288 679
288 687
288 688
288 689
288 695
288 696
288 697
288 699
288 705
288 709
288 710
288 716
288 717
288 723
288 725
288 729
288 732
288 737
288 740
288 744
288 751
288 754
288 756
288 763
288 769
288 770
288 772
288 773
288 776
288 779
288 781
288 785
288 793
288 801
288 802
288 804
288 807
288 813
288 817
288 819
288 820
288 830
288 835
288 836
288 837
288 838
288 840
288 842
288 845
288 849
288 854
288 858
288 864
288 865
288 866
288 868
288 871
288 873
288 875
288 876
288 878
288 879
288 882
288 888
288 892
288 893
288 896
288 899
288 900
288 904
288 905
288 906
288 915
288 916
288 918
288 920
288 924
288 930
288 933
288 943
288 951
288 952
288 953
288 956
288 958
288 959
288 963
288 964
288 966
288 968
288 970
288 974
288 980
288 988
288 991
288 993
288 994
288 999
289 501
289 505
289 509
289 514
289 520
289 522
289 526
289 533
289 535
289 537
289 539
289 544
289 546
289 547
289 548
289 550
289 553
289 555
289 558
289 560
289 567
289 570
289 577
289 579
289 581
289 586
289 587
289 595
289 596
289 603
289 608
289 618
289 620
289 621
289 622
289 625
289 634
289 636
289 640
289 647
289 651
289 655
289 656
289 663
289 667
289 668
289 672
289 673
289 675
289 681
289 683
289 686
289 688
289 692
289 693
289 697
289 699
289 702
289 704
289 708
289 710
289 711
289 716
289 717
289 723
289 744
289 745
289 746
289 747
289 754
289 758
289 763
289 770
289 771
289 772
289 776
289 777
289 779
289 781
289 784
289 793
289 797
289 798
289 802
289 804
289 808
289 812
289 814
289 816
289 817
289 825
289 833
289 836
289 837
289 840
289 841
289 843
289 847
289 848
289 854
289 857
289 865
289 869
289 872
289 873
289 878
289 879
289 884
289 890
289 898
289 900
289 901
289 904
289 905
289 906
289 910
289 911
289 916
289 917
289 918
289 919
289 922
289 924
289 927
289 928
289 930
289 931
289 932
289 933
289 938
289 942
289 947
289 954
289 959
289 976
289 981
289 985
289 990
289 996
289 999
290 501
290 504
290 505
290 507
290 510
290 513
290 514
290 517
290 519
290 523
290 525
290 529
290 537
290 539
290 543
290 545
290 548
290 552
290 553
290 561
290 564
290 568
290 572
290 573
290 574
290 576
290 578
290 581
290 583
290 584
290 585
290 586
290 589
290 593
290 600
290 601
290 602
290 603
290 607
290 608
290 613
290 615
290 619
290 622
290 627
290 628
290 630
290 638
290 640
290 650
290 654
290 660
290 663
290 668
290 674
290 685
290 688
290 691
290 698
290 700
290 701
290 703
290 705
290 713
290 714
290 715
290 717
290 718
290 720
290 721
290 723
290 724
290 725
290 731
290 737
290 740
290 741
290 744
290 746
290 748
290 749
290 754
290 757
290 758
290 762
290 770
290 773
290 774
290 775
290 777
290 779
290 793
290 794
290 798
290 800
290 808
290 820
290 823
290 824
290 826
290 832
290 839
290 846
290 850
290 853
290 855
290 856
290 859
290 861
290 862
290 865
290 869
290 875
290 879
290 884
290 885
290 888
290 889
290 890
290 894
290 901
290 904
290 905
290 908
290 910
290 915
290 918
290 921
290 924
290 925
290 929
290 930
290 931
290 940
290 943
290 948
290 952
290 954
290 955
290 958
290 959
290 961
290 962
290 964
290 967
290 975
290 977
290 979
290 982
290 983
290 984
290 998
291 502
291 503
291 506
291 507
291 511
291 513
291 514
291 521
291 522
291 541
291 546
291 548
291 549
291 555
291 570
291 575
291 576
291 578
291 587
291 588
291 590
291 591
291 593
291 597
291 609
291 615
291 616
291 617
291 620
291 621
291 624
291 632
291 634
291 650
291 652
291 659
291 660
291 663
291 664
291 667
291 668
291 670
291 671
291 675
291 677
291 679
291 681
291 682
291 685
291 692
291 693
291 698
291 700
291 703
291 704
291 705
291 707
291 709
291 711
291 712
291 716
291 728
291 733
291 735
291 739
291 745
291 746
291 747
291 749
291 750
291 754
291 756
291 757
291 762
291 766
291 768
291 785
291 788
291 790
291 792
291 795
291 796
291 798
291 800
291 809
291 810
291 814
291 817
291 821
291 822
291 827
291 829
291 834
291 835
291 837
291 838
291 844
291 846
291 847
291 851
291 856
291 862
291 869
291 871
291 872
291 874
291 876
291 881
291 883
291 886
291 889
291 892
291 900
291 909
291 910
291 911
291 917
291 921
291 924
291 926
291 928
291 930
291 936
291 937
291 939
291 940
291 942
291 943
291 945
291 948
291 949
291 953
291 958
291 961
291 962
291 964
291 966
291 970
291 972
291 977
291 978
291 979
291 982
291 983
291 984
291 996
291 997
291 998
292 501
292 502
292 503
292 506
292 512
292 515
292 520
292 526
292 528
292 533
292 534
292 541
292 542
292 544
292 545
292 548
292 550
292 558
292 564
292 570
292 571
292 578
292 583
292 586
292 594
292 595
292 597
292 598
292 600
292 601
292 604
292 605
292 619
292 621
292 625
292 635
292 637
292 639
292 642
292 652
292 662
292 663
292 664
292 665
292 669
292 673
292 677
292 687
292 690
292 695
292 696
292 701
292 702
292 703
292 710
292 711
292 717
292 718
292 732
292 734
292 735
292 739
292 745
292 747
292 751
292 753
292 755
292 760
292 762
292 763
292 764
292 773
292 775
292 779
292 781
292 785
292 786
292 794
292 795
292 797
292 803
292 811
292 818
292 820
292 821
292 822
292 826
292 828
292 834
292 836
292 841
292 842
292 843
292 844
292 845
292 855
292 862
292 863
292 866
292 868
292 875
292 876
292 877
292 878
292 882
292 883
292 887
292 897
292 912
292 914
292 915
292 917
292 919
292 922
292 923
292 932
292 935
292 937
292 940
292 942
292 944
292 953
292 958
292 962
292 968
292 970
292 972
292 973
292 975
292 977
292 985
292 987
292 988
292 995
292 996
293 503
293 504
293 505
293 506
293 511
293 512
293 514
293 517
293 520
293 529
293 538
293 542
293 546
293 547
293 556
293 563
293 564
293 565
293 566
293 574
293 578
293 579
293 583
293 586
293 587
293 588
293 589
293 595
293 597
293 611
293 612
293 614
293 616
293 618
293 620
293 635
293 638
293 639
293 643
293 646
293 653
293 654
293 657
293 659
293 668
293 670
293 672
293 677
293 678
293 686
293 687
293 689
293 693
293 695
293 696
293 697
293 703
293 709
293 710
293 711
293 712
293 713
293 716
293 720
293 723
293 728
293 729
293 732
293 733
293 741
293 744
293 751
293 760
293 765
293 768
293 770
293 772
293 778
293 785
293 787
293 789
293 790
293 793
293 794
293 801
293 802
293 807
293 812
293 816
293 821
293 826
293 827
293 829
293 831
293 832
293 835
293 836
293 837
293 840
293 843
293 845
293 846
293 857
293 858
293 860
293 868
293 874
293 880
293 882
293 887
293 898
293 899
293 907
293 908
293 912
293 913
293 916
293 918
293 920
293 921
293 923
293 926
293 930
293 934
293 938
293 942
293 943
293 944
293 945
293 949
293 952
293 962
293 964
293 965
293 966
293 970
293 978
293 979
293 985
293 986
293 987
293 991
293 993
293 996
293 1000
294 501
294 503
294 504
294 511
294 512
294 514
294 516
294 517
294 519
294 520
294 526
294 527
294 529
294 531
294 533
294 538
294 548
294 550
294 551
294 554
294 558
294 562
294 565
294 569
294 575
294 578
294 579
294 580
294 581
294 584
294 585
294 586
294 591
294 592
294 594
294 600
294 601
294 606
294 609
294 610
294 611
294 612
294 613
294 619
294 620
294 630
294 631
294 637
294 639
294 641
294 647
294 662
294 664
294 668
294 671
294 673
294 675
294 677
294 680
294 681
294 686
294 687
294 688
294 696
294 701
294 702
294 703
294 707
294 709
294 713
294 715
294 731
294 737
294 740
294 742
294 743
294 744
294 748
294 750
294 755
294 761
294 762
294 764
294 766
294 768
294 772
294 773
294 777
294 785
294 794
294 797
294 798
294 807
294 812
294 815
294 820
294 821
294 822
294 823
294 824
294 830
294 831
294 832
294 837
294 838
294 842
294 845
294 848
294 849
294 850
294 854
294 862
294 863
294 872
294 881
294 888
294 890
294 891
294 895
294 898
294 901
294 903
294 904
294 906
294 907
294 912
294 914
294 916
294 920
294 922
294 924
294 926
294 935
294 936
294 937
294 942
294 946
294 949
294 951
294 952
294 953
294 954
294 958
294 959
294 960
294 972
294 978
294 981
294 982
294 983
294 985
294 987
294 988
294 990
294 991
294 992
294 997
294 998
294 999
295 501
295 509
295 510
295 511
295 513
295 514
295 516
295 517
295 524
295 526
295 528
295 529
295 532
295 537
295 538
295 540
295 541
295 545
295 552
295 573
295 578
295 581
295 582
295 585
295 593
295 595
295 596
295 598
295 606
295 611
295 620
295 621
295 622
295 623
295 624
295 630
295 632
295 634
295 635
295 640
295 650
295 653
295 658
295 659
295 661
295 663
295 665
295 668
295 671
295 672
295 676
295 680
295 685
295 686
295 689
295 697
295 698
295 709
295 712
295 715
295 721
295 729
295 730
295 735
295 754
295 757
295 758
295 759
295 760
295 777
295 778
295 789
295 790
295 791
295 801
295 803
295 804
295 805
295 806
295 809
295 813
295 826
295 830
295 831
295 833
295 836
295 844
295 846
295 851
295 852
295 853
295 858
295 862
295 864
295 865
295 866
295 867
295 869
295 873
295 875
295 879
295 880
295 881
295 884
295 886
295 887
295 888
295 890
295 891
295 893
295 894
295 899
295 903
295 905
295 906
295 912
295 925
295 933
295 935
295 937
295 942
295 944
295 945
295 956
295 959
295 961
295 964
295 965
295 967
295 968
295 969
295 974
295 981
295 990
295 992
295 993
296 501
296 506
296 507
296 509
296 510
296 513
296 517
296 519
296 526
296 527
296 535
296 536
296 538
296 539
296 540
296 541
296 544
296 545
296 552
296 557
296 559
296 562
296 565
296 568
296 571
296 574
296 581
296 583
296 587
296 592
296 594
296 607
296 608
296 612
296 618
296 621
296 627
296 628
296 629
296 635
296 638
296 643
296 646
296 647
296 648
296 651
296 653
296 655
296 656
296 662
296 664
296 665
296 669
296 670
296 671
296 674
296 678
296 679
296 681
296 683
296 691
296 693
296 695
296 698
296 702
296 705
296 706
296 708
296 709
296 710
296 714
296 717
296 718
296 721
296 723
296 726
296 727
296 728
296 729
296 730
296 733
296 735
296 737
296 744
296 749
296 757
296 758
296 763
296 764
296 767
296 771
296 774
296 778
296 780
296 781
296 784
296 790
296 794
296 801
296 815
296 816
296 821
296 825
296 827
296 833
296 836
296 843
296 844
296 846
296 850
296 851
296 857
296 859
296 863
296 870
296 874
296 875
296 879
296 880
296 882
296 883
296 884
296 889
296 891
296 894
296 896
296 897
296 901
296 903
296 909
296 911
296 912
296 915
296 916
296 917
296 922
296 929
296 931
296 936
296 938
296 947
296 950
296 958
296 963
296 967
296 970
296 978
296 980
296 984
296 990
296 997
296 1000
297 501
297 510
297 515
297 520
297 527
297 529
297 535
297 544
297 548
297 553
297 554
297 556
297 561
297 562
297 563
297 566
297 572
297 576
297 577
297 586
297 588
297 591
297 595
297 604
297 606
297 608
297 609
297 611
297 616
297 621
297 623
297 624
297 632
297 639
297 641
297 647
297 648
297 650
297 652
297 654
297 667
297 669
297 679
297 680
297 681
297 686
297 688
297 690
297 692
297 703
297 705
297 707
297 709
297 714
297 717
297 719
297 720
297 725
297 728
297 729
297 735
297 737
297 740
297 746
297 754
297 768
297 770
297 775
297 776
297 778
297 779
297 780
297 786
297 788
297 789
297 790
297 791
297 804
297 805
297 806
297 808
297 816
297 819
297 821
297 823
297 827
297 830
297 836
297 838
297 839
297 845
297 848
297 863
297 866
297 867
297 873
297 875
297 877
297 878
297 879
297 881
297 887
297 888
297 889
297 891
297 896
297 908
297 915
297 923
297 924
297 925
297 926
297 930
297 932
297 933
297 941
297 947
297 952
297 955
297 959
297 962
297 964
297 973
297 976
297 979
297 981
297 983
297 992
297 993
298 504
298 506
298 508
298 510
298 513
298 514
298 517
298 518
298 519
298 520
298 521
298 527
298 528
298 529
298 532
298 539
298 540
298 541
298 543
298 546
298 548
298 549
298 550
298 555
298 557
298 558
298 561
298 563
298 566
298 569
298 575
298 577
298 582
298 589
298 600
298 606
298 608
298 610
298 611
298 625
298 630
298 638
298 639
298 641
298 644
298 645
298 649
298 664
298 667
298 668
298 670
298 671
298 673
298 674
298 679
298 701
298 702
298 707
298 708
298 719
298 720
298 724
298 725
298 729
298 730
298 732
298 734
298 738
298 741
298 742
298 744
298 749
298 753
298 758
298 759
298 766
298 774
298 776
298 778
298 779
298 780
298 782
298 785
298 788
298 794
298 795
298 797
298 799
298 807
298 809
298 810
298 817
298 818
298 821
298 824
298 835
298 836
298 839
298 846
298 850
298 851
298 852
298 853
298 857
298 858
298 862
298 865
298 874
298 875
298 877
298 878
298 880
298 881
298 884
298 885
298 889
298 901
298 903
298 904
298 909
298 911
298 915
298 918
298 919
298 921
298 922
298 923
298 924
298 925
298 927
298 930
298 932
298 936
298 939
298 941
298 943
298 945
298 946
298 955
298 956
298 958
298 960
298 969
298 974
298 979
298 981
298 987
298 988
298 990
298 991
298 993
298 994
299 502
299 506
299 507
299 517
299 521
299 522
299 524
299 527
299 530
299 533
299 537
299 541
299 542
299 544
299 556
299 558
299 563
299 565
299 566
299 571
299 572
299 574
299 577
299 579
299 583
299 584
299 589
299 590
299 593
299 596
299 607
299 612
299 626
299 628
299 629
299 631
299 633
299 636
299 639
299 641
299 642
299 645
299 656
299 660
299 667
299 668
299 669
299 671
299 677
299 678
299 679
299 682
299 685
299 693
299 695
299 696
299 698
299 700
299 704
299 705
299 706
299 710
299 716
299 723
299 725
299 729
299 733
299 737
299 745
299 746
299 763
299 766
299 767
299 770
299 771
299 772
299 773
299 778
299 780
299 783
299 788
299 791
299 797
299 801
299 822
299 825
299 826
299 831
299 834
299 839
299 842
299 843
299 844
299 845
299 851
299 853
299 856
299 857
299 860
299 864
299 866
299 869
299 876
299 879
299 881
299 887
299 894
299 897
299 898
299 901
299 902
299 907
299 909
299 910
299 914
299 915
299 921
299 926
299 927
299 928
299 938
299 940
299 946
299 966
299 967
299 971
299 972
299 973
299 979
299 982
299 987
299 988
299 989
299 990
299 994
299 995
299 1000
300 502
300 507
300 509
300 511
300 512
300 516
300 517
300 518
300 521
300 526
300 528
300 533
300 536
300 539
300 545
300 547
300 553
300 555
300 559
300 560
300 562
300 563
300 569
300 572
300 575
300 576
300 578
300 581
300 582
300 585
300 588
300 592
300 595
300 596
300 606
300 608
300 610
300 611
300 613
300 615
300 618
300 619
300 621
300 623
300 625
300 627
300 641
300 653
300 663
300 664
300 667
300 672
300 673
300 678
300 692
300 700
300 711
300 712
300 714
300 718
300 719
300 727
300 730
300 731
300 734
300 735
300 739
300 740
300 741
300 753
300 754
300 757
300 761
300 762
300 769
300 770
300 777
300 780
300 783
300 784
300 787
300 793
300 794
300 796
300 803
300 810
300 818
300 824
300 825
300 827
300 829
300 830
300 834
300 836
300 837
300 839
300 840
300 842
300 843
300 845
300 846
300 848
300 852
300 861
300 866
300 870
300 878
300 880
300 886
300 888
300 889
300 902
300 903
300 907
300 911
300 912
300 915
300 916
300 923
300 928
300 929
300 930
300 936
300 938
300 939
300 943
300 946
300 948
300 962
300 972
300 973
300 974
300 977
300 979
300 984
300 994
300 997
301 502
301 503
301 504
301 506
301 509
301 513
301 520
301 521
301 522
301 524
301 527
301 528
301 530
301 532
301 536
301 539
301 548
301 557
301 558
301 563
301 566
301 571
301 574
301 579
301 580
301 582
301 586
301 591
301 593
301 594
301 599
301 600
301 602
301 605
301 606
301 614
301 615
301 618
301 623
301 624
301 636
301 638
301 640
301 644
301 645
301 649
301 650
301 653
301 655
301 657
301 659
301 660
301 666
301 673
301 676
301 677
301 682
301 685
301 686
301 687
301 701
301 702
301 705
301 706
301 711
301 716
301 719
301 724
301 726
301 731
301 732
301 740
301 741
301 744
301 755
301 759
301 762
301 763
301 766
301 781
301 784
301 785
301 787
301 788
301 790
301 793
301 803
301 807
301 809
301 810
301 812
301 814
301 818
301 820
301 827
301 828
301 829
301 831
301 832
301 836
301 842
301 846
301 848
301 854
301 855
301 858
301 862
301 871
301 873
301 876
301 877
301 878
301 879
301 889
301 890
301 893
301 897
301 898
301 899
301 900
301 901
301 906
301 910
301 918
301 920
301 925
301 927
301 928
301 933
301 936
301 937
301 941
301 944
301 948
301 959
301 960
301 961
301 963
301 965
301 966
301 970
301 971
301 979
301 988
301 990
301 992
301 996
301 997
301 999
301 1000
302 502
302 506
302 512
302 513
302 514
302 518
302 524
302 526
302 531
302 532
302 537
302 552
302 553
302 555
302 557
302 563
302 564
302 566
302 568
302 569
302 570
302 574
302 578
302 580
302 582
302 583
302 594
302 595
302 598
302 599
302 604
302 605
302 608
302 611
302 613
302 614
302 624
302 625
302 629
302 631
302 632
302 633
302 634
302 640
302 641
302 646
302 649
302 653
302 654
302 657
302 659
302 662
302 663
302 666
302 668
302 670
302 674
302 687
302 689
302 696
302 697
302 698
302 704
302 705
302 709
302 711
302 712
302 713
302 715
302 717
302 721
302 725
302 731
302 737
302 739
302 741
302 742
302 746
302 749
302 756
302 758
302 759
302 770
302 781
302 789
302 797
302 798
302 799
302 801
302 803
302 805
302 810
302 817
302 819
302 821
302 829
302 830
302 838
302 841
302 845
302 846
302 855
302 866
302 867
302 870
302 871
302 873
302 876
302 900
302 902
302 906
302 908
302 912
302 919
302 926
302 943
302 944
302 946
302 949
302 950
302 953
302 956
302 958
302 959
302 960
302 961
302 962
302 964
302 966
302 967
302 970
302 973
302 979
302 985
302 988
302 989
302 991
302 992
302 997
303 505
303 508
303 510
303 511
303 512
303 518
303 523
303 524
303 530
303 533
303 536
303 541
303 543
303 549
303 553
303 556
303 557
303 563
303 564
303 567
303 570
303 571
303 575
303 576
303 579
303 581
303 591
303 595
303 598
303 599
303 601
303 602
303 604
303 610
303 612
303 613
303 615
303 617
303 618
303 619
303 628
303 630
303 640
303 641
303 646
303 652
303 656
303 658
303 659
303 661
303 667
303 669
303 670
303 671
303 674
303 677
303 679
303 680
303 682
303 683
303 684
303 687
303 688
303 690
303 693
303 694
303 695
303 696
303 697
303 700
303 701
303 705
303 707
303 708
303 710
303 712
303 714
303 717
303 718
303 719
303 720
303 723
303 725
303 729
303 731
303 736
303 740
303 741
303 744
303 751
303 752
303 756
303 757
303 759
303 761
303 762
303 765
303 766
303 767
303 768
303 770
303 777
303 779
303 783
303 786
303 787
303 788
303 789
303 790
303 792
303 794
303 801
303 803
303 805
303 810
303 811
303 812
303 813
303 814
303 815
303 818
303 820
303 821
303 822
303 825
303 831
303 832
303 833
303 836
303 839
303 842
303 848
303 849
303 850
303 852
303 857
303 858
303 859
303 862
303 863
303 871
303 877
303 878
303 879
303 880
303 881
303 883
303 885
303 891
303 893
303 896
303 898
303 901
303 903
303 907
303 910
303 911
303 912
303 913
303 918
303 928
303 929
303 933
303 934
303 937
303 944
303 948
303 950
303 954
303 955
303 956
303 958
303 961
303 963
303 965
303 967
303 970
303 971
303 972
303 978
303 983
303 989
303 990
303 991
303 993
303 994
303 996
303 998
304 504
304 505
304 515
304 517
304 518
304 519
304 520
304 523
304 524
304 525
304 527
304 530
304 531
304 532
304 538
304 539
304 544
304 545
304 546
304 547
304 549
304 551
304 556
304 558
304 559
304 563
304 569
304 574
304 576
304 578
304 582
304 586
304 589
304 594
304 595
304 596
304 603
304 613
304 614
304 615
304 620
304 622
304 623
304 625
304 627
304 637
304 640
304 641
304 642
304 645
304 647
304 651
304 654
304 657
304 658
304 664
304 667
304 673
304 679
304 682
304 685
304 688
304 690
304 692
304 696
304 697
304 698
304 699
304 702
304 704
304 709
304 710
304 715
304 718
304 719
304 732
304 751
304 754
304 755
304 772
304 774
304 775
304 776
304 779
304 787
304 792
304 794
304 795
304 802
304 806
304 807
304 808
304 813
304 822
304 823
304 824
304 827
304 832
304 833
304 835
304 842
304 848
304 851
304 855
304 859
304 860
304 861
304 863
304 864
304 866
304 867
304 870
304 872
304 875
304 876
304 881
304 886
304 887
304 888
304 908
304 918
304 925
304 930
304 935
304 936
304 937
304 944
304 945
304 946
304 952
304 954
304 955
304 960
304 963
304 964
304 965
304 966
304 973
304 977
304 979
304 980
304 982
304 987
304 989
304 993
304 995
305 502
305 503
305 505
305 508
305 509
305 510
305 514
305 519
305 523
305 524
305 526
305 528
305 530
305 534
305 535
305 536
305 537
305 538
305 540
305 541
305 543
305 548
305 550
305 552
305 559
305 562
305 568
305 571
305 574
305 579
305 584
305 587
305 598
305 602
305 609
305 610
305 614
305 616
305 619
305 620
305 627
305 632
305 634
305 638
305 641
305 642
305 645
305 648
305 649
305 654
305 659
305 660
305 667
305 668
305 669
305 670
305 680
305 690
305 691
305 694
305 696
305 701
305 705
305 713
305 715
305 716
305 718
305 723
305 724
305 726
305 728
305 744
305 747
305 751
305 752
305 756
305 761
305 763
305 764
305 765
305 767
305 769
305 772
305 774
305 775
305 777
305 785
305 787
305 788
305 789
305 790
305 792
305 797
305 798
305 799
305 802
305 804
305 814
305 831
305 838
305 845
305 848
305 850
305 859
305 860
305 863
305 866
305 867
305 876
305 877
305 889
305 890
305 895
305 896
305 897
305 898
305 904
305 905
305 913
305 915
305 923
305 925
305 932
305 935
305 936
305 939
305 943
305 951
305 953
305 955
305 956
305 957
305 963
305 965
305 970
305 971
305 975
305 977
305 982
305 987
305 988
305 995
305 997
306 504
306 507
306 508
306 510
306 512
306 513
306 534
306 545
306 546
306 547
306 548
306 549
306 560
306 562
306 565
306 577
306 583
306 586
306 587
306 588
306 597
306 599
306 602
306 603
306 604
306 605
306 609
306 612
306 614
306 615
306 616
306 617
306 621
306 627
306 631
306 632
306 633
306 642
306 649
306 651
306 652
306 655
306 658
306 660
306 662
306 664
306 667
306 671
306 676
306 677
306 680
306 681
306 682
306 683
306 688
306 692
306 694
306 696
306 697
306 702
306 703
306 705
306 706
306 710
306 713
306 716
306 721
306 727
306 728
306 734
306 740
306 742
306 745
306 751
306 756
306 759
306 766
306 777
306 779
306 782
306 783
306 786
306 789
306 790
306 794
306 795
306 799
306 802
306 804
306 806
306 807
306 810
306 811
306 821
306 824
306 827
306 828
306 834
306 835
306 840
306 843
306 846
306 852
306 855
306 860
306 863
306 864
306 865
306 866
306 870
306 876
306 884
306 890
306 892
306 894
306 898
306 900
306 904
306 905
306 907
306 909
306 911
306 913
306 915
306 924
306 925
306 928
306 929
306 936
306 938
306 943
306 946
306 952
306 955
306 956
306 958
306 959
306 960
306 962
306 964
306 969
306 972
306 977
306 979
306 980
306 983
306 986
306 1000
307 505
307 506
307 508
307 509
307 513
307 517
307 524
307 525
307 526
307 527
307 528
307 530
307 534
307 535
307 537
307 538
307 540
307 542
307 547
307 548
307 549
307 551
307 557
307 560
307 561
307 567
307 569
307 570
307 578
307 580
307 581
307 590
307 592
307 594
307 596
307 597
307 598
307 599
307 603
307 604
307 605
307 608
307 614
307 615
307 627
307 631
307 638
307 639
307 643
307 653
307 656
307 658
307 659
307 663
307 664
307 666
307 667
307 670
307 671
307 672
307 675
307 682
307 687
307 689
307 692
307 694
307 695
307 696
307 704
307 711
307 713
307 714
307 721
307 724
307 729
307 734
307 742
307 743
307 746
307 747
307 748
307 750
307 754
307 757
307 758
307 764
307 777
307 778
307 780
307 787
307 792
307 793
307 799
307 800
307 814
307 817
307 820
307 822
307 825
307 827
307 828
307 830
307 834
307 839
307 840
307 844
307 845
307 851
307 855
307 862
307 863
307 865
307 866
307 867
307 873
307 874
307 877
307 878
307 880
307 883
307 887
307 889
307 897
307 898
307 901
307 903
307 904
307 905
307 908
307 911
307 912
307 915
307 919
307 920
307 927
307 939
307 941
307 942
307 944
307 946
307 948
307 951
307 952
307 956
307 962
307 975
307 977
307 978
307 984
307 986
307 987
307 989
307 995
308 505
308 507
308 510
308 512
308 513
308 519
308 524
308 531
308 534
308 540
308 542
308 545
308 552
308 569
308 573
308 576
308 577
308 578
308 595
308 599
308 600
308 603
308 604
308 605
308 607
308 610
308 616
308 619
308 622
308 624
308 629
308 636
308 642
308 643
308 647
308 648
308 649
308 652
308 654
308 658
308 660
308 673
308 675
308 685
308 687
308 690
308 696
308 705
308 706
308 709
308 710
308 711
308 713
308 715
308 717
308 723
308 725
308 731
308 732
308 738
308 739
308 740
308 744
308 745
308 747
308 750
308 751
308 752
308 757
308 759
308 760
308 761
308 762
308 763
308 764
308 765
308 771
308 773
308 774
308 776
308 784
308 788
308 789
308 794
308 798
308 800
308 802
308 803
308 805
308 806
308 807
308 811
308 815
308 818
308 824
308 827
308 831
308 832
308 833
308 835
308 836
308 839
308 840
308 841
308 843
308 844
308 846
308 849
308 851
308 853
308 857
308 859
308 864
308 869
308 871
308 872
308 883
308 885
308 889
308 891
308 892
308 893
308 894
308 901
308 908
308 911
308 921
308 926
308 930
308 934
308 939
308 941
308 942
308 946
308 947
308 949
308 950
308 951
308 959
308 973
308 975
308 978
308 980
308 987
308 990
308 992
308 993
308 995
308 996
308 997
308 999
309 506
309 507
309 509
309 512
309 514
309 518
309 519
309 522
309 523
309 526
309 529
309 530
309 537
309 538
309 539
309 540
309 547
309 549
309 550
309 553
309 554
309 562
309 564
309 565
309 566
309 572
309 576
309 578
309 581
309 584
309 586
309 592
309 593
309 599
309 601
309 602
309 603
309 608
309 611
309 612
309 614
309 620
309 625
309 626
309 631
309 633
309 636
309 639
309 641
309 642
309 647
309 648
309 649
309 650
309 651
309 653
309 661
309 663
309 665
309 667
309 668
309 674
309 676
309 678
309 682
309 683
309 686
309 689
309 690
309 691
309 692
309 695
309 697
309 698
309 699
309 700
309 713
309 716
309 733
309 735
309 736
309 743
309 745
309 746
309 747
309 749
309 753
309 766
309 775
309 776
309 777
309 782
309 786
309 790
309 794
309 796
309 797
309 799
309 805
309 807
309 810
309 811
309 814
309 815
309 816
309 817
309 821
309 822
309 847
309 848
309 851
309 854
309 855
309 856
309 861
309 863
309 872
309 874
309 876
309 879
309 881
309 882
309 888
309 890
309 894
309 899
309 900
309 904
309 905
309 906
309 907
309 913
309 914
309 916
309 922
309 924
309 926
309 927
309 928
309 932
309 942
309 945
309 951
309 958
309 963
309 966
309 971
309 972
309 973
309 975
309 981
309 982
309 986
309 987
309 989
309 990
309 997
309 999
310 501
310 504
310 505
310 518
310 519
310 530
310 532
310 534
310 537
310 540
310 549
310 554
310 557
310 566
310 569
310 571
310 574
310 576
310 577
310 586
310 589
310 590
310 597
310 599
310 600
310 602
310 604
310 605
310 611
310 613
310 614
310 615
310 618
310 626
310 627
310 628
310 632
310 635
310 637
310 646
310 647
310 648
310 653
310 657
310 662
310 664
310 665
310 666
310 670
310 671
310 679
310 681
310 683
310 687
310 692
310 696
310 699
310 702
310 705
310 713
310 714
310 718
310 719
310 720
310 722
310 725
310 726
310 730
310 731
310 736
310 743
310 748
310 750
310 758
310 760
310 761
310 762
310 767
310 769
310 775
310 779
310 782
310 784
310 788
310 789
310 790
310 797
310 799
310 807
310 808
310 815
310 817
310 820
310 824
310 838
310 845
310 849
310 850
310 853
310 855
310 857
310 859
310 860
310 868
310 870
310 877
310 881
310 882
310 888
310 890
310 894
310 897
310 900
310 902
310 906
310 908
310 911
310 913
310 915
310 923
310 924
310 930
310 932
310 933
310 937
310 943
310 946
310 950
310 951
310 952
310 954
310 959
310 968
310 969
310 971
310 977
310 984
310 985
310 986
310 987
310 988
310 994
310 995
310 998
311 503
311 506
311 507
311 510
311 512
311 515
311 516
311 518
311 521
311 525
311 527
311 530
311 535
311 550
311 551
311 553
311 560
311 561
311 570
311 572
311 573
311 576
311 581
311 583
311 586
311 587
311 589
311 590
311 592
311 598
311 599
311 604
311 608
311 609
311 610
311 611
311 612
311 616
311 617
311 619
311 623
311 627
311 628
311 629
311 640
311 656
311 660
311 666
311 667
311 671
311 675
311 676
311 677
311 678
311 680
311 681
311 684
311 685
311 686
311 687
311 688
311 690
311 697
311 701
311 705
311 706
311 707
311 711
311 715
311 717
311 723
311 733
311 736
311 737
311 739
311 741
311 742
311 743
311 747
311 757
311 765
311 767
311 769
311 770
311 771
311 774
311 776
311 779
311 781
311 782
311 783
311 784
311 787
311 791
311 796
311 798
311 802
311 803
311 807
311 809
311 812
311 814
311 817
311 820
311 822
311 828
311 829
311 831
311 832
311 834
311 835
311 842
311 844
311 847
311 849
311 850
311 851
311 855
311 861
311 865
311 866
311 873
311 875
311 878
311 881
311 885
311 888
311 892
311 895
311 897
311 898
311 899
311 902
311 903
311 904
311 905
311 908
311 911
311 913
311 914
311 920
311 921
311 922
311 923
311 935
311 939
311 941
311 944
311 945
311 950
311 958
311 967
311 969
311 970
311 971
311 972
311 973
311 975
311 977
311 979
311 984
311 985
311 988
311 993
311 996
311 998
311 999
312 503
312 505
312 510
312 511
312 521
312 531
312 537
312 540
312 541
312 544
312 548
312 550
312 551
312 555
312 556
312 558
312 563
312 564
312 565
312 566
312 570
312 571
312 575
312 577
312 585
312 587
312 589
312 595
312 596
312 601
312 604
312 607
312 609
312 612
312 615
312 617
312 619
312 620
312 622
312 637
312 643
312 647
312 649
312 652
312 658
312 659
312 660
312 671
312 676
312 678
312 682
312 685
312 687
312 693
312 694
312 699
312 700
312 704
312 706
312 707
312 713
312 719
312 722
312 725
312 726
312 728
312 730
312 733
312 734
312 739
312 740
312 747
312 748
312 749
312 755
312 757
312 759
312 760
312 762
312 763
312 768
312 769
312 772
312 777
312 783
312 785
312 787
312 790
312 794
312 799
312 805
312 806
312 808
312 814
312 815
312 817
312 824
312 826
312 840
312 842
312 844
312 854
312 862
312 865
312 872
312 873
312 876
312 879
312 880
312 882
312 884
312 886
312 890
312 894
312 903
312 904
312 905
312 906
312 908
312 910
312 912
312 914
312 917
312 918
312 920
312 924
312 931
312 932
312 936
312 939
312 941
312 942
312 943
312 944
312 947
312 954
312 957
312 960
312 962
312 964
312 965
312 967
312 970
312 975
312 978
312 980
312 983
312 986
312 990
312 994
312 995
312 997
313 502
313 503
313 504
313 505
313 511
313 515
313 517
313 518
313 526
313 528
313 538
313 540
313 543
313 544
313 545
313 546
313 550
313 553
313 556
313 574
313 576
313 577
313 579
313 582
313 583
313 584
313 585
313 586
313 589
313 591
313 595
313 597
313 604
313 605
313 606
313 607
313 608
313 612
313 616
313 618
313 619
313 621
313 623
313 627
313 632
313 641
313 642
313 644
313 645
313 646
313 648
313 649
313 651
313 653
313 657
313 660
313 661
313 664
313 667
313 677
313 684
313 688
313 696
313 700
313 701
313 702
313 704
313 705
313 713
313 725
313 733
313 736
313 740
313 744
313 746
313 749
313 751
313 755
313 756
313 757
313 758
313 759
313 767
313 773
313 774
313 779
313 780
313 790
313 795
313 796
313 802
313 806
313 811
313 813
313 815
313 819
313 822
313 826
313 830
313 831
313 832
313 836
313 837
313 842
313 843
313 847
313 860
313 861
313 865
313 870
313 872
313 874
313 876
313 879
313 890
313 899
313 900
313 903
313 905
313 908
313 917
313 918
313 924
313 933
313 935
313 936
313 941
313 949
313 961
313 963
313 969
313 970
313 972
313 974
313 979
313 981
313 982
313 984
313 990
313 994
313 995
313 996
313 997
314 501
314 507
314 509
314 510
314 514
314 518
314 524
314 528
314 533
314 543
314 549
314 551
314 563
314 565
314 568
314 570
314 571
314 579
314 580
314 584
314 586
314 588
314 595
314 601
314 602
314 608
314 609
314 616
314 617
314 620
314 623
314 629
314 633
314 637
314 642
314 644
314 650
314 654
314 656
314 657
314 659
314 668
314 672
314 673
314 684
314 686
314 690
314 696
314 699
314 703
314 708
314 709
314 711
314 717
314 722
314 730
314 733
314 739
314 740
314 742
314 745
314 749
314 753
314 755
314 756
314 758
314 759
314 760
314 761
314 764
314 767
314 779
314 781
314 783
314 786
314 787
314 789
314 791
314 792
314 793
314 794
314 798
314 799
314 804
314 805
314 806
314 810
314 815
314 818
314 819
314 821
314 822
314 835
314 840
314 841
314 842
314 847
314 849
314 855
314 861
314 862
314 866
314 878
314 879
314 885
314 886
314 891
314 895
314 897
314 898
314 903
314 904
314 913
314 916
314 922
314 924
314 926
314 936
314 939
314 941
314 948
314 954
314 957
314 960
314 963
314 964
314 965
314 971
314 973
314 975
314 977
314 983
314 985
314 989
314 992
314 997
315 508
315 510
315 517
315 518
315 524
315 528
315 530
315 531
315 534
315 539
315 544
315 545
315 546
315 549
315 555
315 556
315 559
315 568
315 573
315 575
315 582
315 590
315 591
315 594
315 598
315 600
315 602
315 605
315 607
315 608
315 611
315 618
315 620
315 622
315 626
315 627
315 635
315 636
315 638
315 639
315 651
315 657
315 662
315 666
315 667
315 670
315 675
315 680
315 681
315 688
315 693
315 694
315 700
315 709
315 712
315 713
315 718
315 720
315 729
315 730
315 733
315 735
315 737
315 738
315 739
315 741
315 743
315 744
315 745
315 750
315 753
315 756
315 759
315 766
315 775
315 778
315 782
315 787
315 789
315 792
315 796
315 799
315 800
315 801
315 803
315 804
315 806
315 811
315 813
315 816
315 817
315 818
315 819
315 822
315 825
315 826
315 828
315 829
315 838
315 840
315 848
315 852
315 866
315 867
315 868
315 870
315 872
315 876
315 877
315 879
315 880
315 881
315 882
315 885
315 886
315 889
315 890
315 891
315 892
315 899
315 903
315 906
315 909
315 911
315 913
315 915
315 919
315 920
315 921
315 923
315 927
315 933
315 936
315 938
315 942
315 943
315 946
315 947
315 952
315 953
315 955
315 961
315 962
315 963
315 965
315 972
315 973
315 974
315 980
315 983
315 984
315 986
315 989
315 994
315 996
315 997
315 1000
316 501
316 502
316 503
316 508
316 509
316 511
316 514
316 515
316 516
316 520
316 524
316 530
316 543
316 547
316 550
316 552
316 558
316 566
316 567
316 569
316 572
316 578
316 579
316 583
316 585
316 588
316 593
316 595
316 596
316 599
316 604
316 608
316 609
316 612
316 616
316 617
316 618
316 620
316 621
316 630
316 631
316 636
316 637
316 640
316 645
316 647
316 648
316 652
316 653
316 655
316 664
316 665
316 669
316 674
316 675
316 677
316 679
316 683
316 684
316 686
316 687
316 688
316 689
316 690
316 691
316 696
316 699
316 704
316 706
316 709
316 710
316 713
316 715
316 723
316 725
316 726
316 729
316 731
316 732
316 734
316 736
316 737
316 739
316 740
316 743
316 747
316 752
316 754
316 759
316 761
316 768
316 778
316 779
316 785
316 786
316 787
316 805
316 806
316 807
316 810
316 814
316 816
316 822
316 826
316 830
316 836
316 837
316 838
316 842
316 848
316 849
316 852
316 853
316 856
316 868
316 873
316 878
316 879
316 882
316 883
316 894
316 899
316 900
316 901
316 906
316 907
316 910
316 911
316 913
316 914
316 917
316 919
316 923
316 928
316 929
316 930
316 934
316 935
316 937
316 938
316 940
316 944
316 947
316 948
316 951
316 961
316 967
316 968
316 971
316 972
316 980
316 981
316 982
316 985
316 987
316 988
316 991
316 992
316 993
316 995
317 506
317 507
317 512
317 517
317 519
317 525
317 526
317 527
317 532
317 534
317 539
317 541
317 546
317 547
317 549
317 553
317 557
317 558
317 559
317 564
317 566
317 567
317 569
317 571
317 573
317 577
317 578
317 584
317 586
317 588
317 592
317 593
317 594
317 596
317 597
317 601
317 602
317 603
317 611
317 613
317 615
317 620
317 623
317 628
317 629
317 636
317 640
317 642
317 644
317 646
317 647
317 650
317 656
317 658
317 659
317 661
317 663
317 664
317 665
317 667
317 671
317 672
317 678
317 679
317 684
317 685
317 687
317 689
317 692
317 694
317 695
317 696
317 697
317 699
317 701
317 702
317 707
317 708
317 710
317 711
317 714
317 730
317 734
317 735
317 743
317 744
317 745
317 757
317 761
317 763
317 765
317 777
317 782
317 784
317 785
317 787
317 788
317 789
317 790
317 800
317 801
317 807
317 811
317 812
317 813
317 821
317 824
317 826
317 827
317 829
317 831
317 832
317 840
317 845
317 846
317 850
317 858
317 864
317 867
317 873
317 876
317 879
317 883
317 884
317 887
317 889
317 904
317 905
317 910
317 912
317 913
317 915
317 917
317 923
317 925
317 932
317 933
317 934
317 944
317 948
317 951
317 952
317 957
317 961
317 962
317 971
317 975
317 976
317 979
317 986
317 987
317 989
317 990
317 997
317 999
318 501
318 502
318 503
318 509
318 512
318 514
318 515
318 524
318 527
318 530
318 534
318 535
318 536
318 537
318 539
318 540
318 541
318 545
318 550
318 558
318 559
318 563
318 565
318 567
318 570
318 571
318 572
318 576
318 578
318 582
318 587
318 589
318 593
318 595
318 596
318 603
318 604
318 605
318 612
318 615
318 617
318 618
318 623
318 625
318 629
318 637
318 642
318 643
318 644
318 649
318 651
318 652
318 653
318 654
318 656
318 657
318 661
318 662
318 663
318 668
318 670
318 671
318 674
318 676
318 681
318 684
318 687
318 688
318 692
318 700
318 704
318 708
318 710
318 712
318 714
318 716
318 717
318 719
318 720
318 721
318 725
318 728
318 729
318 730
318 731
318 735
318 744
318 746
318 747
318 750
318 751
318 752
318 763
318 765
318 771
318 773
318 776
318 777
318 782
318 783
318 784
318 785
318 787
318 788
318 794
318 796
318 797
318 798
318 801
318 803
318 804
318 805
318 807
318 808
318 814
318 815
318 817
318 820
318 823
318 827
318 828
318 829
318 834
318 838
318 847
318 850
318 852
318 857
318 859
318 870
318 871
318 872
318 876
318 877
318 879
318 884
318 886
318 887
318 888
318 890
318 891
318 892
318 893
318 894
318 895
318 901
318 905
318 907
318 908
318 912
318 921
318 923
318 925
318 927
318 930
318 934
318 937
318 940
318 941
318 942
318 945
318 947
318 951
318 960
318 964
318 966
318 968
318 969
318 971
318 973
318 980
318 991
318 999
319 505
319 508
319 516
319 518
319 524
319 531
319 532
319 536
319 539
319 540
319 544
319 545
319 546
319 548
319 550
319 551
319 554
319 560
319 561
319 565
319 566
319 567
319 575
319 580
319 582
319 585
319 587
319 589
319 592
319 595
319 596
319 597
319 598
319 601
319 603
319 605
319 613
319 614
319 616
319 621
319 626
319 629
319 630
319 643
319 645
319 653
319 658
319 659
319 661
319 662
319 663
319 665
319 668
319 669
319 670
319 681
319 686
319 687
319 688
319 689
319 692
319 696
319 698
319 704
319 709
319 710
319 711
319 715
319 723
319 725
319 727
319 728
319 729
319 730
319 737
319 743
319 744
319 747
319 751
319 759
319 763
319 764
319 767
319 770
319 771
319 774
319 776
319 777
319 778
319 780
319 782
319 783
319 787
319 789
319 793
319 797
319 799
319 800
319 802
319 808
319 809
319 811
319 813
319 819
319 820
319 821
319 822
319 824
319 825
319 828
319 831
319 833
319 835
319 837
319 838
319 840
319 841
319 843
319 846
319 856
319 860
319 861
319 863
319 864
319 871
319 875
319 877
319 879
319 881
319 883
319 886
319 888
319 892
319 894
319 895
319 898
319 910
319 914
319 927
319 929
319 937
319 938
319 941
319 945
319 950
319 952
319 955
319 960
319 962
319 966
319 967
319 972
319 979
319 983
319 985
319 988
319 992
319 993
319 997
319 1000
320 501
320 502
320 508
320 518
320 520
320 525
320 526
320 529
320 542
320 543
320 555
320 568
320 570
320 572
320 574
320 580
320 581
320 585
320 586
320 587
320 596
320 599
320 603
320 607
320 609
320 610
320 612
320 613
320 618
320 622
320 623
320 631
320 633
320 640
320 641
320 643
320 644
320 650
320 651
320 653
320 654
320 656
320 661
320 662
320 670
320 673
320 674
320 677
320 682
320 684
320 685
320 692
320 698
320 700
320 701
320 709
320 713
320 714
320 719
320 722
320 724
320 725
320 727
320 730
320 732
320 737
320 740
320 742
320 746
320 750
320 754
320 755
320 763
320 771
320 772
320 781
320 787
320 788
320 789
320 793
320 794
320 796
320 801
320 806
320 807
320 808
320 810
320 811
320 815
320 816
320 817
320 822
320 825
320 826
320 834
320 843
320 850
320 851
320 858
320 862
320 865
320 866
320 869
320 877
320 878
320 883
320 889
320 891
320 893
320 894
320 896
320 902
320 910
320 913
320 915
320 916
320 918
320 923
320 925
320 927
320 928
320 931
320 938
320 939
320 940
320 943
320 945
320 948
320 949
320 961
320 965
320 971
320 977
320 983
320 985
320 987
320 990
320 992
320 993
320 995
321 502
321 503
321 506
321 508
321 509
321 513
321 515
321 520
321 522
321 523
321 524
321 535
321 536
321 541
321 543
321 548
321 553
321 557
321 560
321 567
321 568
321 572
321 573
321 574
321 575
321 582
321 585
321 587
321 594
321 596
321 597
321 601
321 607
321 610
321 611
321 612
321 614
321 616
321 622
321 624
321 630
321 632
321 635
321 636
321 638
321 639
321 640
321 649
321 650
321 651
321 652
321 657
321 660
321 664
321 665
321 679
321 680
321 683
321 684
321 686
321 687
321 691
321 692
321 696
321 702
321 704
321 705
321 711
321 713
321 714
321 720
321 726
321 730
321 731
321 732
321 735
321 741
321 742
321 748
321 752
321 754
321 756
321 760
321 762
321 763
321 765
321 768
321 771
321 773
321 786
321 788
321 795
321 806
321 812
321 815
321 821
321 826
321 830
321 835
321 839
321 841
321 844
321 849
321 851
321 852
321 854
321 858
321 859
321 864
321 871
321 877
321 878
321 880
321 883
321 889
321 890
321 895
321 906
321 907
321 915
321 916
321 920
321 921
321 922
321 925
321 926
321 927
321 929
321 930
321 931
321 936
321 937
321 938
321 941
321 943
321 949
321 950
321 969
321 971
321 973
321 974
321 978
321 981
321 982
321 985
321 987
321 991
321 993
321 997
321 999
322 501
322 507
322 514
322 515
322 520
322 522
322 524
322 525
322 529
322 530
322 535
322 541
322 542
322 543
322 544
322 545
322 549
322 550
322 553
322 555
322 557
322 559
322 561
322 563
322 565
322 567
322 574
322 577
322 580
322 581
322 583
322 586
322 590
322 592
322 593
322 597
322 604
322 611
322 613
322 614
322 615
322 616
322 617
322 622
322 624
322 630
322 631
322 635
322 638
322 643
322 647
322 649
322 650
322 652
322 653
322 654
322 655
322 662
322 669
322 671
322 674
322 683
322 684
322 685
322 687
322 690
322 693
322 696
322 697
322 703
322 714
322 715
322 720
322 725
322 729
322 734
322 736
322 741
322 748
322 750
322 754
322 763
322 765
322 767
322 772
322 773
322 774
322 778
322 784
322 792
322 800
322 804
322 806
322 808
322 810
322 811
322 812
322 820
322 823
322 827
322 843
322 852
322 854
322 856
322 861
322 868
322 876
322 878
322 885
322 891
322 892
322 893
322 895
322 896
322 901
322 903
322 907
322 912
322 913
322 915
322 917
322 921
322 930
322 933
322 939
322 940
322 941
322 942
322 951
322 954
322 957
322 963
322 972
322 975
322 984
322 985
322 986
322 987
322 988
322 990
322 993
323 507
323 509
323 510
323 511
323 517
323 518
323 520
323 522
323 525
323 527
323 531
323 532
323 533
323 534
323 540
323 541
323 543
323 546
323 549
323 554
323 561
323 563
323 566
323 570
323 572
323 586
323 590
323 595
323 598
323 602
323 606
323 608
323 611
323 617
323 623
323 626
323 628
323 629
323 634
323 635
323 638
323 639
323 643
323 647
323 651
323 659
323 662
323 668
323 669
323 675
323 676
323 679
323 680
323 686
323 688
323 692
323 693
323 702
323 704
323 706
323 707
323 711
323 713
323 714
323 715
323 720
323 730
323 736
323 739
323 744
323 748
323 749
323 753
323 754
323 756
323 759
323 760
323 766
323 767
323 774
323 776
323 779
323 786
323 794
323 797
323 801
323 806
323 808
323 809
323 810
323 814
323 815
323 818
323 819
323 828
323 831
323 832
323 833
323 834
323 838
323 840
323 841
323 844
323 845
323 850
323 852
323 853
323 860
323 864
323 865
323 867
323 868
323 871
323 875
323 876
323 878
323 885
323 886
323 890
323 891
323 897
323 899
323 900
323 905
323 906
323 915
323 922
323 923
323 925
323 926
323 928
323 929
323 932
323 938
323 939
323 942
323 954
323 955
323 957
323 960
323 964
323 974
323 975
323 979
323 983
323 984
323 989
323 992
323 994
323 998
324 502
324 504
324 505
324 506
324 509
324 511
324 516
324 517
324 520
324 524
324 527
324 533
324 534
324 537
324 538
324 540
324 547
324 550
324 553
324 555
324 570
324 571
324 573
324 578
324 579
324 580
324 582
324 587
324 588
324 590
324 591
324 594
324 596
324 608
324 611
324 614
324 618
324 620
324 624
324 625
324 631
324 635
324 639
324 640
324 644
324 652
324 653
324 654
324 655
324 660
324 664
324 665
324 667
324 668
324 674
324 677
324 682
324 684
324 685
324 700
324 702
324 704
324 705
324 717
324 719
324 723
324 724
324 725
324 729
324 730
324 732
324 737
324 742
324 743
324 751
324 752
324 753
324 758
324 759
324 760
324 761
324 766
324 768
324 769
324 772
324 775
324 779
324 784
324 787
324 790
324 792
324 795
324 801
324 802
324 806
324 811
324 814
324 816
324 817
324 819
324 822
324 823
324 835
324 839
324 840
324 848
324 849
324 850
324 852
324 854
324 859
324 865
324 868
324 872
324 876
324 879
324 880
324 881
324 883
324 884
324 886
324 892
324 895
324 896
324 898
324 899
324 907
324 910
324 914
324 915
324 922
324 923
324 926
324 929
324 930
324 933
324 939
324 940
324 941
324 943
324 944
324 946
324 948
324 950
324 956
324 960
324 962
324 964
324 968
324 974
324 982
324 984
324 985
324 986
324 988
324 990
324 993
324 999
325 501
325 507
325 510
325 517
325 518
325 522
325 526
325 528
325 529
325 532
325 533
325 538
325 548
325 550
325 555
325 557
325 559
325 568
325 569
325 572
325 576
325 577
325 582
325 595
325 596
325 601
325 604
325 613
325 614
325 620
325 627
325 634
325 637
325 640
325 643
325 645
325 650
325 651
325 662
325 663
325 666
325 681
325 689
325 692
325 693
325 704
325 705
325 708
325 710
325 714
325 727
325 736
325 740
325 746
325 748
325 764
325 767
325 774
325 779
325 781
325 782
325 790
325 792
325 798
325 800
325 802
325 805
325 806
325 807
325 808
325 809
325 810
325 813
325 814
325 818
325 819
325 822
325 825
325 827
325 830
325 834
325 840
325 846
325 847
325 848
325 849
325 852
325 856
325 858
325 859
325 861
325 866
325 867
325 871
325 872
325 874
325 875
325 877
325 881
325 885
325 888
325 898
325 901
325 902
325 904
325 908
325 909
325 910
325 911
325 913
325 915
325 918
325 919
325 927
325 929
325 932
325 933
325 939
325 945
325 947
325 949
325 950
325 955
325 956
325 958
325 959
325 960
325 963
325 966
325 967
325 979
325 980
325 981
325 983
325 993
325 997
326 505
326 510
326 513
326 515
326 517
326 519
326 531
326 532
326 533
326 537
326 541
326 543
326 549
326 550
326 552
326 554
326 555
326 560
326 561
326 565
326 566
326 568
326 571
326 574
326 576
326 577
326 580
326 581
326 585
326 587
326 591
326 592
326 593
326 594
326 597
326 599
326 601
326 602
326 611
326 612
326 615
326 618
326 619
326 628
326 630
326 631
326 632
326 633
326 638
326 639
326 643
326 645
326 649
326 650
326 652
326 654
326 656
326 658
326 664
326 676
326 678
326 681
326 686
326 688
326 689
326 690
326 692
326 694
326 696
326 697
326 702
326 705
326 712
326 716
326 720
326 721
326 723
326 726
326 728
326 732
326 735
326 740
326 741
326 743
326 745
326 747
326 753
326 760
326 761
326 764
326 772
326 776
326 778
326 780
326 783
326 785
326 787
326 788
326 791
326 795
326 796
326 798
326 801
326 807
326 808
326 813
326 814
326 816
326 818
326 821
326 823
326 826
326 827
326 828
326 831
326 841
326 843
326 844
326 850
326 852
326 858
326 859
326 860
326 873
326 874
326 882
326 883
326 885
326 889
326 890
326 892
326 893
326 894
326 895
326 901
326 906
326 910
326 913
326 915
326 916
326 917
326 922
326 930
326 931
326 932
326 934
326 935
326 937
326 938
326 943
326 944
326 948
326 950
326 952
326 953
326 954
326 955
326 957
326 960
326 968
326 977
326 980
326 981
326 986
326 988
326 989
326 998
327 504
327 510
327 513
327 516
327 517
327 518
327 519
327 522
327 530
327 532
327 544
327 545
327 546
327 549
327 551
327 557
327 558
327 562
327 566
327 567
327 573
327 576
327 577
327 581
327 582
327 589
327 594
327 601
327 607
327 612
327 617
327 620
327 622
327 627
327 628
327 629
327 633
327 635
327 639
327 647
327 649
327 650
327 653
327 654
327 657
327 658
327 659
327 660
327 661
327 666
327 670
327 679
327 682
327 695
327 696
327 699
327 700
327 702
327 713
327 716
327 722
327 727
327 729
327 736
327 737
327 738
327 744
327 745
327 747
327 751
327 754
327 756
327 758
327 759
327 764
327 768
327 773
327 776
327 778
327 786
327 787
327 791
327 796
327 797
327 800
327 801
327 802
327 804
327 809
327 811
327 820
327 830
327 833
327 838
327 846
327 850
327 851
327 853
327 855
327 856
327 859
327 864
327 866
327 867
327 870
327 871
327 872
327 873
327 875
327 876
327 878
327 881
327 885
327 886
327 888
327 891
327 895
327 896
327 898
327 899
327 900
327 903
327 906
327 909
327 912
327 924
327 927
327 929
327 930
327 942
327 944
327 946
327 948
327 950
327 954
327 957
327 963
327 965
327 968
327 978
327 979
327 981
327 984
327 985
327 987
327 988
327 991
327 993
327 998
327 999
327 1000
328 503
328 504
328 506
328 507
328 508
328 511
328 512
328 513
328 515
328 519
328 521
328 523
328 528
328 529
328 534
328 536
328 537
328 541
328 545
328 547
328 555
328 556
328 558
328 571
328 576
328 584
328 588
328 591
328 596
328 599
328 600
328 602
328 603
328 610
328 613
328 614
328 615
328 616
328 617
328 619
328 627
328 628
328 631
328 634
328 635
328 636
328 638
328 643
328 644
328 648
328 650
328 657
328 662
328 679
328 682
328 684
328 690
328 699
328 701
328 706
328 710
328 711
328 712
328 715
328 716
328 718
328 720
328 722
328 723
328 725
328 726
328 728
328 734
328 737
328 745
328 747
328 748
328 749
328 759
328 764
328 765
328 770
328 772
328 773
328 777
328 778
328 785
328 786
328 787
328 788
328 789
328 791
328 793
328 794
328 797
328 799
328 803
328 817
328 818
328 825
328 828
328 830
328 833
328 843
328 844
328 848
328 849
328 861
328 862
328 863
328 868
328 872
328 877
328 878
328 881
328 883
328 884
328 887
328 888
328 889
328 891
328 892
328 900
328 905
328 911
328 912
328 913
328 919
328 920
328 924
328 933
328 953
328 956
328 962
328 964
328 965
328 969
328 975
328 976
328 977
328 979
328 980
328 984
328 985
328 990
328 993
328 997
328 1000
329 501
329 508
329 509
329 517
329 518
329 521
329 531
329 535
329 536
329 537
329 539
329 540
329 543
329 547
329 549
329 553
329 556
329 558
329 559
329 566
329 570
329 574
329 580
329 599
329 601
329 603
329 608
329 612
329 618
329 623
329 632
329 634
329 635
329 637
329 638
329 643
329 647
329 651
329 652
329 658
329 662
329 671
329 675
329 680
329 688
329 689
329 690
329 693
329 701
329 723
329 733
329 736
329 737
329 738
329 739
329 748
329 754
329 756
329 759
329 762
329 767
329 774
329 778
329 782
329 785
329 788
329 790
329 792
329 794
329 795
329 796
329 797
329 802
329 803
329 805
329 806
329 809
329 810
329 811
329 813
329 815
329 817
329 824
329 828
329 833
329 834
329 837
329 839
329 840
329 841
329 844
329 845
329 846
329 859
329 860
329 863
329 865
329 870
329 871
329 878
329 887
329 890
329 891
329 892
329 893
329 894
329 895
329 902
329 906
329 908
329 916
329 920
329 925
329 926
329 927
329 928
329 930
329 931
329 933
329 935
329 937
329 940
329 942
329 944
329 946
329 948
329 951
329 953
329 954
329 957
329 959
329 964
329 970
329 975
329 983
329 986
329 988
329 990
329 993
329 994
329 997
329 998
330 501
330 502
330 505
330 506
330 509
330 511
330 514
330 516
330 521
330 523
330 527
330 528
330 535
330 537
330 539
330 545
330 548
330 549
330 550
330 556
330 557
330 559
330 564
330 567
330 577
330 580
330 586
330 587
330 588
330 595
330 601
330 602
330 606
330 608
330 609
330 610
330 611
330 620
330 623
330 624
330 625
330 627
330 628
330 629
330 632
330 640
330 641
330 643
330 644
330 645
330 646
330 647
330 655
330 656
330 657
330 660
330 662
330 670
330 676
330 677
330 678
330 687
330 699
330 700
330 702
330 704
330 706
330 707
330 709
330 711
330 712
330 714
330 716
330 718
330 721
330 722
330 725
330 728
330 732
330 733
330 735
330 738
330 739
330 742
330 743
330 745
330 747
330 750
330 753
330 755
330 757
330 760
330 761
330 766
330 769
330 770
330 773
330 775
330 777
330 779
330 783
330 790
330 791
330 795
330 798
330 799
330 800
330 802
330 804
330 816
330 818
330 824
330 825
330 826
330 829
330 830
330 832
330 836
330 837
330 845
330 846
330 852
330 860
330 864
330 871
330 875
330 876
330 879
330 888
330 889
330 890
330 892
330 893
330 895
330 904
330 906
330 907
330 908
330 910
330 913
330 914
330 915
330 917
330 918
330 920
330 922
330 926
330 932
330 934
330 940
330 941
330 942
330 943
330 944
330 945
330 948
330 952
330 953
330 956
330 958
330 964
330 965
330 966
330 967
330 969
330 977
330 978
330 980
330 988
330 989
330 995
331 504
331 505
331 511
331 512
331 513
331 517
331 521
331 522
331 523
331 527
331 530
331 531
331 533
331 535
331 536
331 537
331 552
331 554
331 556
331 558
331 560
331 565
331 567
331 576
331 582
331 583
331 584
331 587
331 592
331 594
331 602
331 607
331 608
331 615
331 625
331 628
331 629
331 632
331 640
331 645
331 647
331 650
331 651
331 652
331 656
331 658
331 665
331 671
331 673
331 675
331 680
331 681
331 682
331 683
331 685
331 686
331 687
331 698
331 701
331 707
331 708
331 710
331 711
331 714
331 717
331 718
331 720
331 721
331 726
331 727
331 728
331 729
331 738
331 741
331 743
331 750
331 755
331 756
331 757
331 758
331 759
331 764
331 769
331 771
331 777
331 779
331 789
331 792
331 807
331 810
331 811
331 819
331 821
331 822
331 826
331 829
331 830
331 831
331 832
331 834
331 855
331 857
331 866
331 868
331 872
331 884
331 885
331 890
331 891
331 895
331 896
331 897
331 898
331 901
331 902
331 903
331 905
331 906
331 916
331 924
331 925
331 926
331 947
331 948
331 953
331 956
331 960
331 961
331 962
331 968
331 971
331 972
331 982
331 990
331 994
331 996
331 998
332 502
332 503
332 504
332 509
332 511
332 512
332 514
332 515
332 516
332 518
332 519
332 522
332 523
332 525
332 526
332 528
332 529
332 532
332 533
332 539
332 542
332 550
332 551
332 553
332 554
332 555
332 558
332 559
332 563
332 572
332 574
332 576
332 578
332 580
332 581
332 588
332 593
332 598
332 599
332 600
332 601
332 603
332 605
332 607
332 610
332 617
332 619
332 621
332 629
332 630
332 635
332 639
332 641
332 643
332 647
332 659
332 662
332 663
332 664
332 665
332 666
332 667
332 669
332 671
332 673
332 675
332 677
332 680
332 681
332 689
332 690
332 694
332 697
332 699
332 700
332 703
332 704
332 705
332 706
332 710
332 712
332 721
332 729
332 733
332 734
332 741
332 742
332 743
332 744
332 753
332 757
332 761
332 762
332 765
332 773
332 777
332 778
332 780
332 781
332 784
332 786
332 788
332 793
332 795
332 798
332 804
332 805
332 816
332 819
332 821
332 822
332 828
332 831
332 835
332 840
332 845
332 848
332 851
332 854
332 855
332 867
332 868
332 871
332 873
332 880
332 881
332 883
332 887
332 888
332 891
332 893
332 895
332 898
332 901
332 907
332 911
332 914
332 923
332 926
332 927
332 928
332 931
332 945
332 946
332 950
332 955
332 959
332 973
332 974
332 975
332 976
332 978
332 979
332 986
332 988
332 990
332 995
332 999
333 503
333 505
333 506
333 507
333 508
333 510
333 513
333 514
333 531
333 536
333 539
333 543
333 544
333 545
333 549
333 550
333 552
333 554
333 555
333 561
333 562
333 564
333 565
333 569
333 571
333 573
333 578
333 579
333 580
333 581
333 582
333 589
333 594
333 596
333 598
333 599
333 602
333 613
333 623
333 634
333 638
333 640
333 642
333 644
333 650
333 651
333 652
333 653
333 657
333 660
333 661
333 665
333 671
333 679
333 682
333 683
333 685
333 686
333 688
333 698
333 705
333 709
333 715
333 716
333 717
333 722
333 723
333 726
333 736
333 739
333 745
333 750
333 751
333 754
333 757
333 758
333 763
333 764
333 766
333 769
333 771
333 773
333 777
333 778
333 779
333 785
333 787
333 791
333 794
333 795
333 797
333 802
333 804
333 806
333 809
333 810
333 811
333 812
333 818
333 821
333 825
333 828
333 832
333 835
333 837
333 838
333 840
333 843
333 853
333 854
333 856
333 859
333 873
333 874
333 875
333 876
333 878
333 881
333 887
333 888
333 889
333 890
333 894
333 901
333 903
333 906
333 911
333 917
333 923
333 931
333 938
333 941
333 944
333 946
333 954
333 955
333 956
333 957
333 959
333 964
333 965
333 968
333 971
333 973
333 979
333 984
333 985
333 986
333 988
333 989
333 990
333 994
333 995
333 996
333 997
333 999
334 502
334 506
334 508
334 515
334 516
334 518
334 521
334 522
334 526
334 527
334 534
334 537
334 546
334 547
334 548
334 552
334 557
334 559
334 562
334 566
334 571
334 573
334 575
334 576
334 582
334 583
334 584
334 585
334 589
334 592
334 596
334 597
334 598
334 599
334 601
334 602
334 608
334 611
334 612
334 613
334 616
334 617
334 619
334 620
334 622
334 624
334 626
334 627
334 628
334 629
334 639
334 641
334 642
334 644
334 647
334 650
334 655
334 657
334 660
334 662
334 663
334 671
334 674
334 677
334 678
334 681
334 682
334 684
334 693
334 694
334 701
334 704
334 706
334 710
334 713
334 716
334 718
334 719
334 720
334 722
334 728
334 729
334 731
334 734
334 737
334 739
334 741
334 746
334 749
334 751
334 754
334 773
334 776
334 782
334 790
334 791
334 796
334 800
334 806
334 807
334 811
334 815
334 819
334 822
334 823
334 827
334 828
334 833
334 835
334 836
334 841
334 845
334 850
334 851
334 852
334 853
334 869
334 870
334 874
334 875
334 879
334 883
334 892
334 893
334 894
334 897
334 900
334 905
334 906
334 907
334 909
334 910
334 912
334 914
334 915
334 917
334 921
334 922
334 930
334 935
334 942
334 943
334 945
334 948
334 957
334 959
334 968
334 980
334 986
334 988
334 992
334 993
334 1000
335 503
335 506
335 507
335 508
335 512
335 513
335 516
335 518
335 520
335 521
335 527
335 528
335 529
335 531
335 534
335 540
335 542
335 545
335 547
335 549
335 550
335 552
335 555
335 557
335 559
335 561
335 562
335 563
335 565
335 570
335 572
335 583
335 584
335 585
335 589
335 592
335 593
335 595
335 596
335 597
335 602
335 608
335 620
335 622
335 623
335 632
335 633
335 636
335 638
335 643
335 644
335 648
335 649
335 650
335 655
335 659
335 660
335 665
335 667
335 670
335 671
335 680
335 686
335 690
335 691
335 695
335 704
335 710
335 711
335 713
335 714
335 721
335 724
335 726
335 728
335 733
335 735
335 737
335 742
335 743
335 745
335 749
335 757
335 759
335 762
335 772
335 778
335 781
335 786
335 798
335 801
335 804
335 808
335 811
335 812
335 816
335 821
335 822
335 824
335 828
335 834
335 836
335 838
335 847
335 854
335 855
335 856
335 857
335 860
335 862
335 864
335 874
335 878
335 879
335 882
335 886
335 889
335 891
335 892
335 894
335 896
335 900
335 902
335 904
335 906
335 910
335 911
335 912
335 914
335 916
335 920
335 921
335 933
335 936
335 937
335 940
335 942
335 946
335 947
335 948
335 949
335 950
335 951
335 956
335 959
335 960
335 965
335 967
335 970
335 972
335 973
335 975
335 982
335 984
335 985
335 990
335 992
335 997
336 501
336 502
336 503
336 508
336 511
336 513
336 514
336 516
336 524
336 536
336 539
336 547
336 549
336 553
336 564
336 565
336 574
336 575
336 577
336 579
336 580
336 581
336 585
336 599
336 601
336 602
336 607
336 608
336 610
336 612
336 613
336 614
336 616
336 618
336 624
336 625
336 627
336 633
336 634
336 641
336 643
336 644
336 645
336 648
336 656
336 658
336 659
336 660
336 663
336 665
336 669
336 672
336 676
336 680
336 683
336 689
336 690
336 691
336 692
336 695
336 697
336 698
336 700
336 701
336 705
336 710
336 715
336 728
336 730
336 738
336 741
336 742
336 744
336 746
336 748
336 751
336 753
336 754
336 760
336 761
336 768
336 771
336 772
336 773
336 777
336 781
336 789
336 790
336 792
336 793
336 797
336 798
336 802
336 803
336 804
336 805
336 811
336 813
336 816
336 817
336 825
336 826
336 830
336 831
336 835
336 839
336 842
336 846
336 848
336 849
336 853
336 854
336 869
336 873
336 879
336 881
336 884
336 885
336 888
336 889
336 896
336 899
336 907
336 910
336 911
336 912
336 915
336 916
336 917
336 924
336 930
336 933
336 934
336 935
336 937
336 953
336 955
336 959
336 965
336 966
336 967
336 976
336 977
336 984
336 988
336 991
336 994
337 505
337 508
337 509
337 512
337 513
337 514
337 518
337 529
337 531
337 532
337 533
337 542
337 543
337 546
337 552
337 553
337 554
337 557
337 563
337 565
337 568
337 569
337 570
337 572
337 573
337 575
337 576
337 584
337 588
337 597
337 603
337 610
337 611
337 612
337 618
337 625
337 632
337 635
337 636
337 638
337 642
337 651
337 654
337 656
337 658
337 663
337 668
337 671
337 672
337 684
337 688
337 691
337 692
337 694
337 695
337 698
337 702
337 703
337 705
337 710
337 714
337 717
337 718
337 720
337 722
337 724
337 727
337 738
337 740
337 743
337 746
337 750
337 751
337 759
337 762
337 763
337 764
337 765
337 771
337 772
337 779
337 781
337 782
337 787
337 788
337 789
337 790
337 795
337 796
337 797
337 800
337 804
337 813
337 814
337 815
337 816
337 817
337 819
337 820
337 824
337 825
337 830
337 837
337 842
337 844
337 861
337 869
337 871
337 872
337 878
337 879
337 880
337 881
337 883
337 884
337 889
337 893
337 895
337 902
337 904
337 908
337 913
337 914
337 926
337 931
337 940
337 943
337 945
337 950
337 957
337 971
337 972
337 973
337 975
337 982
337 985
337 988
337 991
337 997
337 998
337 1000
338 503
338 504
338 514
338 522
338 523
338 526
338 527
338 528
338 530
338 535
338 540
338 542
338 544
338 545
338 546
338 547
338 554
338 555
338 558
338 559
338 561
338 562
338 565
338 567
338 568
338 570
338 576
338 580
338 582
338 583
338 584
338 589
338 592
338 604
338 612
338 616
338 621
338 624
338 626
338 630
338 632
338 633
338 635
338 637
338 640
338 643
338 648
338 649
338 650
338 653
338 661
338 662
338 666
338 667
338 676
338 677
338 679
338 685
338 686
338 688
338 691
338 694
338 696
338 697
338 698
338 699
338 701
338 704
338 705
338 710
338 713
338 716
338 719
338 720
338 721
338 722
338 723
338 724
338 733
338 739
338 740
338 741
338 744
338 745
338 746
338 747
338 749
338 750
338 751
338 753
338 755
338 759
338 761
338 765
338 767
338 768
338 772
338 774
338 779
338 783
338 785
338 786
338 787
338 788
338 792
338 794
338 797
338 801
338 803
338 804
338 810
338 817
338 819
338 820
338 821
338 824
338 825
338 826
338 827
338 830
338 837
338 838
338 839
338 842
338 852
338 853
338 856
338 858
338 860
338 864
338 867
338 868
338 871
338 875
338 876
338 884
338 888
338 889
338 891
338 893
338 894
338 896
338 897
338 903
338 905
338 911
338 913
338 915
338 916
338 917
338 923
338 924
338 925
338 926
338 931
338 932
338 934
338 937
338 942
338 945
338 950
338 955
338 956
338 961
338 966
338 974
338 977
338 978
338 979
338 981
338 984
338 985
338 986
338 988
338 994
338 998
339 503
339 507
339 510
339 511
339 516
339 522
339 531
339 532
339 533
339 534
339 537
339 540
339 541
339 544
339 545
339 547
339 549
339 552
339 553
339 554
339 555
339 560
339 562
339 564
339 565
339 566
339 572
339 582
339 583
339 585
339 589
339 591
339 594
339 595
339 597
339 601
339 609
339 614
339 616
339 617
339 621
339 630
339 632
339 633
339 636
339 640
339 649
339 652
339 654
339 656
339 657
339 658
339 661
339 663
339 665
339 671
339 672
339 678
339 682
339 684
339 692
339 695
339 697
339 698
339 700
339 704
339 705
339 706
339 707
339 712
339 713
339 720
339 721
339 723
339 735
339 737
339 738
339 745
339 746
339 750
339 760
339 765
339 767
339 769
339 770
339 773
339 777
339 778
339 779
339 783
339 791
339 795
339 799
339 803
339 804
339 806
339 808
339 818
339 819
339 820
339 822
339 828
339 829
339 831
339 834
339 836
339 838
339 844
339 845
339 847
339 848
339 850
339 853
339 857
339 862
339 865
339 866
339 868
339 869
339 871
339 872
339 873
339 876
339 877
339 880
339 886
339 887
339 890
339 893
339 895
339 915
339 917
339 918
339 921
339 927
339 928
339 930
339 934
339 939
339 946
339 950
339 952
339 955
339 956
339 957
339 961
339 962
339 967
339 973
339 974
339 978
339 979
339 984
339 997
340 501
340 502
340 503
340 506
340 510
340 514
340 516
340 520
340 524
340 525
340 530
340 531
340 532
340 534
340 538
340 539
340 540
340 545
340 547
340 550
340 552
340 556
340 558
340 569
340 570
340 571
340 575
340 576
340 577
340 581
340 582
340 583
340 585
340 597
340 604
340 605
340 609
340 617
340 618
340 619
340 621
340 625
340 631
340 636
340 638
340 639
340 640
340 645
340 647
340 651
340 654
340 655
340 659
340 663
340 664
340 665
340 668
340 670
340 674
340 675
340 678
340 679
340 682
340 684
340 689
340 695
340 696
340 697
340 708
340 712
340 720
340 722
340 724
340 725
340 727
340 730
340 732
340 742
340 744
340 746
340 747
340 748
340 750
340 751
340 755
340 756
340 760
340 764
340 768
340 769
340 771
340 774
340 775
340 776
340 778
340 779
340 783
340 784
340 787
340 790
340 791
340 792
340 794
340 803
340 804
340 805
340 812
340 813
340 819
340 824
340 825
340 829
340 832
340 842
340 844
340 854
340 856
340 858
340 859
340 863
340 864
340 865
340 866
340 867
340 868
340 872
340 874
340 878
340 881
340 884
340 889
340 895
340 898
340 905
340 909
340 911
340 912
340 914
340 916
340 917
340 920
340 923
340 924
340 933
340 942
340 944
340 945
340 949
340 950
340 952
340 955
340 956
340 960
340 971
340 975
340 976
340 978
340 981
340 982
340 984
340 990
340 993
340 996
340 997
340 999
341 504
341 505
341 507
341 512
341 519
341 522
341 528
341 536
341 537
341 538
341 541
341 544
341 545
341 547
341 548
341 554
341 556
341 557
341 559
341 562
341 563
341 565
341 567
341 568
341 582
341 583
341 584
341 586
341 589
341 591
341 594
341 602
341 604
341 608
341 609
341 620
341 622
341 626
341 628
341 634
341 640
341 641
341 644
341 648
341 649
341 650
341 652
341 656
341 660
341 663
341 665
341 671
341 672
341 673
341 674
341 680
341 683
341 684
341 685
341 692
341 693
341 698
341 702
341 710
341 713
341 715
341 717
341 725
341 728
341 729
341 730
341 732
341 734
341 736
341 738
341 741
341 744
341 748
341 760
341 762
341 766
341 770
341 772
341 774
341 777
341 781
341 783
341 788
341 789
341 796
341 798
341 806
341 817
341 819
341 822
341 825
341 831
341 834
341 838
341 840
341 845
341 847
341 848
341 851
341 853
341 854
341 856
341 858
341 861
341 862
341 863
341 865
341 875
341 885
341 887
341 894
341 895
341 898
341 912
341 915
341 921
341 924
341 925
341 927
341 928
341 934
341 942
341 946
341 949
341 955
341 959
341 969
341 970
341 972
341 979
341 980
341 981
341 983
341 984
341 985
341 986
341 987
341 995
341 996
341 997
341 998
342 503
342 504
342 505
342 507
342 510
342 528
342 531
342 533
342 534
342 535
342 540
342 541
342 545
342 546
342 547
342 551
342 554
342 556
342 560
342 563
342 567
342 570
342 572
342 579
342 588
342 589
342 592
342 594
342 595
342 598
342 599
342 600
342 602
342 608
342 609
342 611
342 620
342 621
342 626
342 629
342 632
342 634
342 635
342 636
342 638
342 647
342 651
342 654
342 660
342 665
342 670
342 676
342 678
342 679
342 687
342 688
342 692
342 694
342 696
342 697
342 698
342 699
342 702
342 712
342 717
342 718
342 720
342 722
342 727
342 733
342 734
342 738
342 740
342 744
342 745
342 751
342 753
342 754
342 757
342 758
342 760
342 763
342 769
342 771
342 773
342 774
342 778
342 789
342 792
342 793
342 794
342 795
342 796
342 797
342 798
342 800
342 802
342 804
342 809
342 812
342 814
342 822
342 825
342 830
342 834
342 844
342 853
342 857
342 864
342 865
342 869
342 870
342 880
342 881
342 885
342 886
342 888
342 890
342 892
342 901
342 902
342 903
342 904
342 906
342 908
342 914
342 915
342 917
342 920
342 925
342 927
342 928
342 934
342 937
342 941
342 950
342 952
342 953
342 954
342 955
342 956
342 957
342 958
342 959
342 962
342 965
342 966
342 968
342 969
342 970
342 972
342 974
342 977
342 979
342 982
342 984
342 985
342 986
342 987
342 995
342 996
343 502
343 505
343 506
343 508
343 510
343 516
343 518
343 520
343 521
343 527
343 529
343 533
343 538
343 541
343 544
343 548
343 555
343 558
343 559
343 561
343 563
343 565
343 568
343 574
343 584
343 585
343 595
343 596
343 599
343 600
343 606
343 612
343 613
343 614
343 618
343 621
343 622
343 626
343 628
343 630
343 646
343 647
343 653
343 658
343 664
343 674
343 679
343 683
343 684
343 685
343 686
343 687
343 689
343 694
343 701
343 715
343 716
343 718
343 722
343 723
343 726
343 735
343 736
343 738
343 743
343 746
343 752
343 754
343 758
343 759
343 763
343 764
343 765
343 766
343 767
343 768
343 769
343 775
343 781
343 782
343 784
343 786
343 796
343 799
343 802
343 803
343 807
343 809
343 811
343 814
343 823
343 824
343 825
343 826
343 827
343 828
343 830
343 832
343 834
343 837
343 843
343 845
343 852
343 856
343 859
343 863
343 864
343 873
343 878
343 880
343 883
343 884
343 888
343 889
343 890
343 891
343 895
343 900
343 901
343 904
343 909
343 912
343 917
343 920
343 923
343 930
343 931
343 939
343 940
343 952
343 953
343 954
343 960
343 967
343 969
343 975
343 977
343 978
343 979
343 987
343 989
343 992
343 993
343 995
343 997
343 998
343 1000
344 506
344 507
344 512
344 514
344 519
344 524
344 530
344 535
344 536
344 537
344 539
344 542
344 543
344 544
344 545
344 557
344 561
344 562
344 567
344 571
344 572
344 573
344 574
344 580
344 585
344 590
344 592
344 594
344 605
344 615
344 620
344 624
344 626
344 629
344 633
344 634
344 638
344 639
344 645
344 646
344 648
344 649
344 654
344 658
344 673
344 674
344 675
344 676
344 681
344 683
344 684
344 686
344 687
344 700
344 703
344 706
344 715
344 717
344 719
344 724
344 726
344 730
344 733
344 735
344 737
344 738
344 747
344 752
344 755
344 757
344 763
344 764
344 765
344 767
344 768
344 769
344 772
344 774
344 777
344 778
344 786
344 788
344 792
344 793
344 794
344 795
344 797
344 802
344 809
344 819
344 823
344 827
344 829
344 837
344 841
344 844
344 850
344 854
344 855
344 858
344 869
344 871
344 872
344 877
344 880
344 881
344 888
344 889
344 894
344 895
344 899
344 902
344 906
344 907
344 908
344 911
344 916
344 922
344 925
344 931
344 939
344 942
344 946
344 947
344 951
344 955
344 957
344 960
344 969
344 970
344 977
344 978
344 984
344 985
344 990
344 993
344 996
344 999
345 501
345 503
345 504
345 507
345 509
345 510
345 515
345 518
345 519
345 521
345 528
345 535
345 545
345 548
345 559
345 563
345 567
345 568
345 569
345 572
345 574
345 576
345 581
345 584
345 585
345 586
345 587
345 589
345 592
345 595
345 596
345 598
345 599
345 603
345 604
345 606
345 611
345 612
345 620
345 622
345 626
345 630
345 632
345 636
345 643
345 645
345 647
345 648
345 651
345 653
345 656
345 660
345 662
345 667
345 668
345 669
345 670
345 680
345 682
345 685
345 687
345 691
345 692
345 693
345 696
345 697
345 704
345 708
345 711
345 715
345 725
345 726
345 727
345 728
345 730
345 738
345 742
345 743
345 745
345 747
345 757
345 767
345 770
345 778
345 781
345 782
345 783
345 791
345 796
345 797
345 802
345 804
345 806
345 808
345 812
345 814
345 815
345 819
345 822
345 824
345 825
345 830
345 835
345 836
345 837
345 838
345 847
345 850
345 864
345 870
345 871
345 874
345 882
345 883
345 885
345 894
345 901
345 913
345 922
345 924
345 925
345 934
345 937
345 939
345 942
345 943
345 952
345 954
345 955
345 958
345 967
345 969
345 970
345 972
345 973
345 975
345 978
345 981
345 985
345 986
345 987
345 997
346 502
346 504
346 506
346 511
346 514
346 516
346 519
346 521
346 525
346 526
346 527
346 529
346 530
346 531
346 534
346 536
346 538
346 540
346 543
346 544
346 548
346 553
346 556
346 559
346 564
346 569
346 571
346 573
346 574
346 582
346 583
346 587
346 589
346 594
346 596
346 599
346 601
346 602
346 603
346 609
346 615
346 616
346 620
346 624
346 626
346 630
346 631
346 636
346 643
346 649
346 654
346 656
346 659
346 662
346 665
346 666
346 667
346 671
346 672
346 680
346 681
346 683
346 684
346 685
346 695
346 697
346 698
346 701
346 707
346 710
346 711
346 712
346 717
346 722
346 730
346 732
346 734
346 735
346 738
346 742
346 746
346 755
346 757
346 760
346 763
346 769
346 772
346 776
346 779
346 780
346 786
346 791
346 798
346 803
346 811
346 812
346 813
346 816
346 824
346 831
346 833
346 835
346 837
346 840
346 842
346 851
346 855
346 857
346 860
346 861
346 863
346 864
346 870
346 871
346 873
346 875
346 881
346 882
346 887
346 888
346 890
346 892
346 896
346 900
346 903
346 907
346 914
346 917
346 919
346 924
346 929
346 931
346 933
346 935
346 937
346 940
346 942
346 944
346 947
346 949
346 954
346 958
346 963
346 966
346 968
346 970
346 973
346 978
346 987
346 988
346 993
346 995
346 999
346 1000
347 503
347 506
347 507
347 509
347 515
347 517
347 529
347 532
347 535
347 537
347 543
347 544
347 559
347 561
347 563
347 566
347 573
347 581
347 584
347 590
347 591
347 592
347 594
347 606
347 607
347 610
347 615
347 625
347 633
347 635
347 636
347 637
347 638
347 641
347 645
347 646
347 647
347 649
347 652
347 655
347 656
347 658
347 659
347 661
347 662
347 663
347 667
347 671
347 675
347 683
347 687
347 690
347 705
347 723
347 726
347 727
347 735
347 737
347 739
347 743
347 744
347 748
347 750
347 752
347 756
347 757
347 761
347 766
347 767
347 768
347 770
347 773
347 782
347 793
347 794
347 796
347 805
347 810
347 813
347 814
347 815
347 816
347 821
347 824
347 827
347 829
347 840
347 846
347 851
347 853
347 855
347 858
347 859
347 869
347 870
347 877
347 881
347 882
347 884
347 885
347 888
347 891
347 893
347 895
347 898
347 899
347 906
347 921
347 923
347 924
347 928
347 930
347 933
347 935
347 938
347 939
347 952
347 953
347 954
347 956
347 957
347 958
347 960
347 964
347 968
347 970
347 972
347 974
347 976
347 977
347 978
347 984
347 985
347 993
348 502
348 504
348 522
348 524
348 526
348 527
348 528
348 536
348 538
348 546
348 553
348 554
348 556
348 559
348 565
348 568
348 569
348 570
348 572
348 576
348 579
348 581
348 582
348 587
348 599
348 600
348 602
348 603
348 605
348 614
348 624
348 629
348 631
348 633
348 634
348 635
348 636
348 637
348 638
348 639
348 640
348 643
348 644
348 645
348 647
348 648
348 649
348 656
348 659
348 660
348 662
348 663
348 670
348 672
348 675
348 679
348 682
348 683
348 686
348 687
348 691
348 693
348 694
348 699
348 701
348 703
348 714
348 716
348 719
348 731
348 732
348 733
348 738
348 743
348 761
348 763
348 765
348 772
348 774
348 777
348 782
348 788
348 789
348 792
348 794
348 800
348 804
348 806
348 809
348 813
348 814
348 816
348 817
348 820
348 824
348 828
348 830
348 835
348 838
348 839
348 843
348 850
348 851
348 854
348 859
348 862
348 866
348 868
348 869
348 876
348 879
348 882
348 888
348 889
348 891
348 900
348 902
348 906
348 907
348 908
348 914
348 916
348 918
348 919
348 921
348 924
348 929
348 932
348 933
348 937
348 939
348 940
348 944
348 953
348 959
348 963
348 978
348 982
348 986
348 987
348 988
348 989
348 993
348 996
348 999
349 505
349 506
349 507
349 513
349 516
349 517
349 518
349 523
349 540
349 543
349 544
349 548
349 549
349 552
349 554
349 555
349 557
349 562
349 566
349 568
349 572
349 580
349 586
349 587
349 589
349 591
349 592
349 593
349 598
349 606
349 613
349 619
349 620
349 621
349 628
349 632
349 635
349 639
349 642
349 643
349 645
349 649
349 654
349 655
349 659
349 660
349 662
349 665
349 672
349 680
349 681
349 686
349 688
349 691
349 692
349 693
349 695
349 696
349 697
349 702
349 703
349 706
349 707
349 712
349 721
349 725
349 727
349 728
349 734
349 737
349 742
349 745
349 746
349 748
349 752
349 755
349 758
349 762
349 763
349 765
349 768
349 769
349 778
349 781
349 783
349 786
349 787
349 792
349 795
349 801
349 808
349 809
349 812
349 813
349 819
349 821
349 823
349 830
349 831
349 835
349 837
349 839
349 854
349 856
349 868
349 874
349 875
349 879
349 884
349 885
349 886
349 889
349 891
349 895
349 897
349 903
349 904
349 906
349 912
349 913
349 917
349 918
349 930
349 932
349 933
349 937
349 938
349 939
349 940
349 943
349 944
349 945
349 946
349 951
349 953
349 954
349 956
349 963
349 964
349 968
349 970
349 971
349 972
349 974
349 976
349 983
349 986
349 987
349 991
349 992
349 994
349 997
349 999
349 1000
350 504
350 507
350 511
350 516
350 518
350 522
350 523
350 524
350 526
350 531
350 532
350 533
350 537
350 538
350 539
350 541
350 542
350 544
350 548
350 552
350 555
350 558
350 560
350 562
350 568
350 575
350 577
350 580
350 585
350 588
350 597
350 598
350 600
350 601
350 604
350 606
350 608
350 609
350 610
350 612
350 614
350 619
350 620
350 621
350 622
350 623
350 624
350 625
350 627
350 638
350 639
350 641
350 643
350 646
350 647
350 648
350 650
350 654
350 658
350 661
350 664
350 666
350 667
350 672
350 674
350 676
350 683
350 689
350 692
350 694
350 695
350 696
350 702
350 703
350 704
350 707
350 712
350 720
350 722
350 725
350 728
350 732
350 736
350 739
350 741
350 755
350 756
350 757
350 767
350 774
350 780
350 785
350 787
350 792
350 797
350 798
350 799
350 800
350 811
350 813
350 815
350 819
350 823
350 824
350 828
350 829
350 832
350 833
350 834
350 836
350 837
350 840
350 842
350 848
350 852
350 854
350 855
350 859
350 861
350 865
350 866
350 867
350 868
350 871
350 873
350 878
350 880
350 881
350 883
350 885
350 887
350 888
350 894
350 895
350 899
350 903
350 907
350 912
350 913
350 914
350 920
350 925
350 926
350 930
350 932
350 933
350 936
350 939
350 940
350 946
350 951
350 955
350 957
350 958
350 959
350 960
350 961
350 963
350 964
350 967
350 969
350 971
350 978
350 983
350 985
350 987
350 988
350 989
350 992
350 994
350 995
350 998
350 1000
351 502
351 511
351 512
351 515
351 526
351 531
351 533
351 537
351 541
351 543
351 545
351 549
351 558
351 561
351 571
351 574
351 576
351 579
351 581
351 582
351 585
351 589
351 590
351 593
351 596
351 600
351 605
351 606
351 607
351 608
351 609
351 616
351 619
351 620
351 623
351 630
351 632
351 633
351 634
351 637
351 639
351 644
351 647
351 653
351 654
351 655
351 656
351 658
351 661
351 663
351 667
351 670
351 677
351 682
351 694
351 696
351 697
351 701
351 702
351 715
351 716
351 717
351 720
351 721
351 722
351 726
351 728
351 730
351 731
351 734
351 736
351 738
351 739
351 742
351 744
351 745
351 746
351 751
351 752
351 753
351 756
351 760
351 762
351 765
351 769
351 770
351 776
351 782
351 784
351 785
351 787
351 789
351 796
351 797
351 798
351 800
351 805
351 806
351 810
351 811
351 812
351 819
351 820
351 824
351 831
351 832
351 833
351 834
351 835
351 836
351 843
351 849
351 850
351 853
351 855
351 856
351 862
351 864
351 874
351 878
351 882
351 886
351 891
351 892
351 893
351 894
351 895
351 897
351 901
351 903
351 906
351 910
351 916
351 923
351 933
351 935
351 938
351 940
351 957
351 958
351 962
351 963
351 964
351 970
351 974
351 980
351 982
351 983
351 987
351 988
351 991
351 995
351 997
351 998
351 999
351 1000
352 503
352 513
352 514
352 524
352 525
352 528
352 529
352 530
352 531
352 533
352 540
352 541
352 542
352 545
352 548
352 554
352 557
352 559
352 563
352 569
352 571
352 575
352 578
352 581
352 583
352 591
352 593
352 599
352 601
352 604
352 605
352 606
352 611
352 615
352 618
352 619
352 625
352 627
352 635
352 638
352 639
352 644
352 645
352 652
352 656
352 659
352 660
352 661
352 664
352 668
352 670
352 674
352 677
352 690
352 691
352 702
352 710
352 712
352 713
352 716
352 718
352 731
352 735
352 737
352 738
352 745
352 746
352 752
352 759
352 760
352 763
352 769
352 774
352 775
352 779
352 782
352 788
352 789
352 793
352 796
352 798
352 803
352 804
352 808
352 814
352 819
352 824
352 826
352 828
352 829
352 833
352 837
352 838
352 845
352 847
352 854
352 855
352 857
352 860
352 862
352 869
352 870
352 878
352 882
352 885
352 886
352 889
352 894
352 901
352 909
352 914
352 919
352 926
352 933
352 935
352 941
352 943
352 945
352 948
352 957
352 959
352 963
352 965
352 968
352 969
352 970
352 972
352 973
352 974
352 977
352 981
352 987
352 988
352 989
352 991
352 995
352 996
352 997
352 999
353 510
353 514
353 515
353 529
353 531
353 533
353 546
353 547
353 550
353 552
353 555
353 560
353 567
353 568
353 576
353 580
353 581
353 596
353 597
353 598
353 606
353 607
353 608
353 609
353 615
353 618
353 621
353 631
353 637
353 638
353 640
353 642
353 643
353 644
353 646
353 651
353 653
353 654
353 655
353 660
353 666
353 670
353 672
353 676
353 684
353 687
353 694
353 698
353 701
353 704
353 708
353 711
353 714
353 717
353 721
353 723
353 732
353 734
353 735
353 737
353 743
353 744
353 745
353 750
353 751
353 755
353 756
353 757
353 759
353 760
353 761
353 762
353 763
353 767
353 769
353 776
353 784
353 786
353 788
353 790
353 791
353 793
353 795
353 796
353 800
353 803
353 814
353 817
353 822
353 824
353 829
353 830
353 831
353 838
353 841
353 843
353 847
353 849
353 851
353 854
353 860
353 862
353 863
353 864
353 865
353 866
353 869
353 872
353 877
353 878
353 883
353 886
353 889
353 893
353 895
353 908
353 909
353 911
353 915
353 917
353 920
353 921
353 923
353 924
353 925
353 930
353 939
353 940
353 941
353 943
353 944
353 948
353 950
353 953
353 958
353 960
353 964
353 965
353 968
353 969
353 973
353 974
353 978
353 983
353 986
353 989
353 991
353 996
354 507
354 508
354 512
354 513
354 514
354 518
354 526
354 536
354 537
354 540
354 550
354 557
354 558
354 566
354 567
354 569
354 572
354 576
354 578
354 579
354 582
354 584
354 588
354 589
354 594
354 595
354 596
354 599
354 605
354 606
354 607
354 610
354 614
354 615
354 630
354 632
354 633
354 636
354 643
354 648
354 653
354 654
354 656
354 658
354 662
354 663
354 669
354 670
354 671
354 672
354 679
354 681
354 682
354 687
354 690
354 692
354 696
354 699
354 702
354 703
354 704
354 708
354 717
354 719
354 721
354 722
354 725
354 729
354 738
354 739
354 741
354 742
354 746
354 752
354 758
354 760
354 761
354 768
354 776
354 777
354 779
354 781
354 784
354 791
354 796
354 801
354 806
354 808
354 811
354 812
354 813
354 816
354 817
354 819
354 823
354 827
354 831
354 835
354 836
354 840
354 845
354 846
354 849
354 852
354 853
354 854
354 857
354 858
354 861
354 865
354 866
354 870
354 871
354 877
354 879
354 880
354 884
354 897
354 901
354 904
354 908
354 909
354 912
354 913
354 914
354 916
354 920
354 928
354 929
354 930
354 934
354 937
354 941
354 942
354 945
354 948
354 953
354 959
354 963
354 965
354 966
354 967
354 968
354 973
354 974
354 976
354 980
354 983
354 991
354 992
355 511
355 513
355 519
355 521
355 537
355 541
355 542
355 546
355 547
355 549
355 553
355 555
355 560
355 563
355 564
355 567
355 569
355 570
355 572
355 573
355 576
355 582
355 583
355 585
355 586
355 587
355 590
355 596
355 604
355 611
355 618
355 623
355 625
355 627
355 636
355 640
355 641
355 643
355 644
355 646
355 648
355 650
355 656
355 657
355 658
355 660
355 665
355 671
355 672
355 673
355 674
355 679
355 681
355 682
355 685
355 691
355 699
355 700
355 702
355 703
355 705
355 707
355 709
355 719
355 721
355 723
355 725
355 729
355 731
355 732
355 738
355 740
355 742
355 745
355 750
355 751
355 753
355 754
355 757
355 763
355 765
355 768
355 769
355 771
355 772
355 778
355 779
355 780
355 781
355 783
355 790
355 795
355 802
355 810
355 811
355 812
355 813
355 815
355 816
355 817
355 818
355 819
355 828
355 833
355 838
355 841
355 847
355 857
355 860
355 870
355 872
355 873
355 875
355 877
355 878
355 883
355 887
355 889
355 891
355 898
355 903
355 905
355 906
355 908
355 909
355 914
355 917
355 918
355 923
355 924
355 929
355 930
355 931
355 936
355 945
355 950
355 952
355 956
355 959
355 960
355 962
355 963
355 966
355 967
355 968
355 971
355 974
355 983
355 990
355 992
355 994
355 996
355 998
356 503
356 511
356 513
356 515
356 516
356 518
356 521
356 523
356 524
356 527
356 529
356 533
356 539
356 540
356 541
356 546
356 550
356 551
356 552
356 555
356 562
356 563
356 565
356 567
356 573
356 574
356 576
356 577
356 586
356 587
356 588
356 591
356 595
356 598
356 602
356 606
356 612
356 614
356 620
356 628
356 629
356 630
356 631
356 634
356 637
356 645
356 648
356 660
356 663
356 664
356 676
356 679
356 680
356 681
356 682
356 684
356 689
356 690
356 695
356 696
356 705
356 709
356 710
356 715
356 716
356 718
356 721
356 724
356 725
356 734
356 740
356 742
356 743
356 745
356 746
356 754
356 757
356 762
356 769
356 770
356 774
356 775
356 779
356 789
356 795
356 799
356 808
356 811
356 812
356 815
356 816
356 817
356 823
356 824
356 828
356 829
356 830
356 832
356 837
356 842
356 851
356 852
356 853
356 859
356 861
356 863
356 865
356 866
356 867
356 868
356 871
356 872
356 876
356 880
356 884
356 892
356 894
356 897
356 899
356 900
356 903
356 917
356 918
356 920
356 924
356 925
356 931
356 933
356 934
356 936
356 942
356 947
356 950
356 953
356 958
356 960
356 962
356 965
356 974
356 976
356 985
356 986
356 991
356 998
357 504
357 508
357 509
357 512
357 515
357 518
357 521
357 523
357 532
357 533
357 535
357 539
357 541
357 544
357 548
357 550
357 551
357 552
357 556
357 557
357 559
357 565
357 566
357 570
357 574
357 579
357 584
357 595
357 596
357 599
357 600
357 602
357 606
357 607
357 613
357 617
357 618
357 619
357 621
357 623
357 624
357 625
357 626
357 630
357 635
357 636
357 644
357 645
357 646
357 648
357 651
357 655
357 656
357 660
357 661
357 664
357 665
357 668
357 675
357 676
357 690
357 697
357 698
357 702
357 703
357 704
357 714
357 715
357 716
357 717
357 721
357 722
357 733
357 741
357 746
357 750
357 751
357 768
357 769
357 776
357 788
357 794
357 798
357 799
357 801
357 804
357 805
357 809
357 812
357 814
357 815
357 816
357 821
357 822
357 827
357 829
357 831
357 838
357 840
357 841
357 842
357 845
357 847
357 848
357 849
357 852
357 854
357 858
357 862
357 864
357 865
357 866
357 870
357 873
357 875
357 879
357 887
357 889
357 891
357 892
357 894
357 902
357 911
357 916
357 917
357 918
357 924
357 928
357 929
357 930
357 942
357 945
357 947
357 952
357 953
357 956
357 957
357 958
357 960
357 963
357 970
357 974
357 975
357 979
357 980
357 984
357 986
357 989
357 992
357 996
357 998
358 502
358 508
358 509
358 527
358 534
358 535
358 537
358 540
358 541
358 544
358 552
358 555
358 557
358 558
358 559
358 561
358 562
358 569
358 574
358 575
358 579
358 580
358 583
358 586
358 590
358 594
358 598
358 599
358 601
358 602
358 604
358 609
358 610
358 612
358 613
358 615
358 618
358 620
358 622
358 623
358 624
358 634
358 635
358 640
358 643
358 644
358 645
358 647
358 649
358 653
358 654
358 655
358 657
358 660
358 662
358 663
358 664
358 665
358 666
358 667
358 669
358 673
358 681
358 693
358 694
358 704
358 705
358 709
358 710
358 711
358 715
358 716
358 721
358 722
358 723
358 725
358 726
358 728
358 733
358 734
358 736
358 747
358 751
358 759
358 761
358 764
358 770
358 773
358 779
358 785
358 788
358 789
358 794
358 797
358 806
358 812
358 816
358 817
358 822
358 824
358 825
358 827
358 835
358 839
358 841
358 844
358 852
358 853
358 855
358 860
358 862
358 863
358 864
358 866
358 867
358 869
358 870
358 872
358 876
358 882
358 883
358 884
358 888
358 895
358 896
358 898
358 903
358 906
358 910
358 911
358 915
358 917
358 918
358 922
358 925
358 931
358 935
358 940
358 941
358 944
358 952
358 955
358 959
358 960
358 961
358 964
358 967
358 970
358 971
358 973
358 980
358 988
358 989
358 993
358 994
359 502
359 503
359 504
359 509
359 510
359 511
359 513
359 514
359 517
359 523
359 529
359 530
359 531
359 532
359 533
359 534
359 536
359 538
359 554
359 555
359 559
359 561
359 564
359 565
359 568
359 575
359 577
359 580
359 585
359 597
359 603
359 604
359 606
359 607
359 609
359 617
359 619
359 620
359 623
359 630
359 631
359 640
359 641
359 645
359 647
359 648
359 652
359 659
359 660
359 661
359 666
359 668
359 669
359 675
359 680
359 684
359 685
359 686
359 690
359 692
359 702
359 710
359 711
359 716
359 718
359 720
359 724
359 729
359 733
359 737
359 739
359 744
359 750
359 751
359 753
359 756
359 757
359 759
359 760
359 765
359 771
359 772
359 780
359 784
359 787
359 788
359 789
359 800
359 803
359 809
359 818
359 819
359 820
359 826
359 829
359 830
359 833
359 836
359 837
359 838
359 841
359 843
359 845
359 853
359 856
359 858
359 862
359 865
359 871
359 873
359 874
359 876
359 877
359 878
359 879
359 883
359 884
359 885
359 886
359 890
359 891
359 894
359 896
359 897
359 900
359 904
359 908
359 909
359 913
359 917
359 919
359 924
359 927
359 929
359 932
359 933
359 934
359 935
359 939
359 940
359 947
359 950
359 951
359 953
359 954
359 955
359 961
359 962
359 966
359 968
359 973
359 977
359 978
359 981
359 982
359 983
359 992
360 503
360 504
360 505
360 507
360 513
360 520
360 521
360 527
360 529
360 534
360 535
360 539
360 540
360 541
360 542
360 544
360 549
360 550
360 559
360 566
360 568
360 569
360 572
360 573
360 575
360 576
360 578
360 580
360 586
360 587
360 592
360 593
360 596
360 598
360 599
360 601
360 605
360 611
360 612
360 613
360 619
360 625
360 626
360 630
360 634
360 638
360 640
360 645
360 647
360 651
360 652
360 654
360 656
360 658
360 659
360 661
360 663
360 666
360 671
360 675
360 679
360 680
360 682
360 684
360 691
360 693
360 694
360 702
360 707
360 708
360 709
360 710
360 711
360 726
360 735
360 737
360 743
360 744
360 749
360 750
360 754
360 755
360 760
360 764
360 769
360 770
360 774
360 776
360 785
360 787
360 788
360 793
360 797
360 800
360 806
360 807
360 815
360 819
360 820
360 821
360 822
360 827
360 828
360 832
360 834
360 838
360 839
360 841
360 848
360 849
360 861
360 862
360 867
360 869
360 871
360 872
360 874
360 876
360 887
360 889
360 894
360 896
360 899
360 904
360 911
360 912
360 914
360 919
360 920
360 925
360 932
360 934
360 935
360 936
360 937
360 947
360 950
360 954
360 959
360 961
360 968
360 975
360 984
360 985
360 988
360 993
360 997
361 506
361 514
361 516
361 520
361 522
361 523
361 525
361 526
361 536
361 545
361 549
361 551
361 555
361 564
361 567
361 568
361 569
361 570
361 576
361 577
361 578
361 581
361 587
361 591
361 594
361 598
361 602
361 603
361 608
361 613
361 617
361 620
361 622
361 623
361 624
361 626
361 628
361 634
361 635
361 639
361 644
361 645
361 647
361 649
361 651
361 653
361 654
361 656
361 663
361 665
361 676
361 679
361 680
361 681
361 682
361 690
361 692
361 694
361 700
361 701
361 704
361 705
361 710
361 712
361 713
361 714
361 715
361 716
361 717
361 723
361 724
361 729
361 734
361 735
361 744
361 745
361 747
361 750
361 751
361 753
361 758
361 759
361 761
361 763
361 765
361 772
361 776
361 779
361 784
361 788
361 789
361 795
361 798
361 799
361 806
361 808
361 809
361 813
361 814
361 816
361 826
361 828
361 830
361 835
361 837
361 845
361 858
361 860
361 864
361 865
361 866
361 869
361 878
361 881
361 884
361 896
361 899
361 901
361 903
361 904
361 906
361 911
361 913
361 917
361 928
361 931
361 933
361 937
361 944
361 948
361 952
361 953
361 957
361 958
361 963
361 967
361 971
361 974
361 979
361 980
361 982
361 983
361 985
361 992
361 994
361 997
361 999
362 503
362 504
362 505
362 509
362 517
362 521
362 522
362 524
362 525
362 532
362 533
362 534
362 540
362 542
362 547
362 553
362 554
362 559
362 565
362 570
362 574
362 579
362 584
362 593
362 594
362 603
362 604
362 605
362 606
362 608
362 613
362 615
362 616
362 618
362 621
362 622
362 624
362 625
362 632
362 633
362 641
362 644
362 645
362 647
362 652
362 659
362 671
362 672
362 678
362 681
362 683
362 684
362 685
362 686
362 689
362 691
362 699
362 701
362 706
362 711
362 713
362 724
362 725
362 726
362 727
362 728
362 729
362 731
362 732
362 733
362 734
362 743
362 748
362 749
362 750
362 759
362 761
362 764
362 769
362 779
362 784
362 786
362 787
362 790
362 791
362 795
362 804
362 805
362 808
362 810
362 811
362 813
362 820
362 825
362 828
362 847
362 852
362 854
362 855
362 856
362 860
362 861
362 862
362 870
362 878
362 885
362 891
362 899
362 900
362 901
362 907
362 908
362 909
362 913
362 917
362 926
362 927
362 933
362 934
362 936
362 938
362 939
362 940
362 944
362 956
362 959
362 962
362 963
362 965
362 971
362 980
362 982
362 986
362 987
362 991
362 996
362 997
363 510
363 513
363 517
363 520
363 521
363 524
363 525
363 526
363 528
363 537
363 545
363 555
363 557
363 558
363 562
363 563
363 564
363 581
363 585
363 600
363 609
363 615
363 616
363 619
363 620
363 624
363 628
363 631
363 636
363 638
363 645
363 648
363 654
363 656
363 657
363 662
363 665
363 672
363 677
363 680
363 683
363 687
363 688
363 689
363 690
363 691
363 693
363 697
363 701
363 703
363 704
363 705
363 708
363 714
363 716
363 717
363 718
363 721
363 722
363 723
363 724
363 725
363 726
363 730
363 733
363 734
363 736
363 740
363 741
363 743
363 749
363 750
363 755
363 757
363 759
363 760
363 764
363 769
363 775
363 776
363 778
363 779
363 783
363 788
363 789
363 795
363 799
363 802
363 803
363 804
363 808
363 809
363 812
363 814
363 824
363 825
363 827
363 828
363 830
363 835
363 843
363 854
363 856
363 857
363 859
363 862
363 863
363 864
363 865
363 867
363 879
363 880
363 882
363 886
363 887
363 889
363 890
363 893
363 901
363 903
363 904
363 908
363 910
363 911
363 914
363 916
363 917
363 920
363 924
363 925
363 928
363 930
363 933
363 939
363 940
363 947
363 951
363 953
363 955
363 957
363 959
363 960
363 962
363 963
363 966
363 968
363 976
363 977
363 987
363 988
363 994
364 502
364 506
364 515
364 517
364 521
364 529
364 530
364 537
364 540
364 543
364 545
364 547
364 550
364 553
364 557
364 560
364 566
364 575
364 579
364 582
364 586
364 587
364 589
364 590
364 591
364 599
364 612
364 614
364 623
364 624
364 626
364 627
364 630
364 632
364 635
364 638
364 643
364 644
364 646
364 649
364 653
364 657
364 662
364 663
364 670
364 678
364 681
364 684
364 686
364 691
364 693
364 697
364 699
364 700
364 705
364 708
364 711
364 713
364 714
364 725
364 728
364 729
364 737
364 750
364 753
364 766
364 767
364 776
364 780
364 784
364 787
364 790
364 791
364 796
364 798
364 802
364 806
364 808
364 812
364 813
364 814
364 817
364 819
364 820
364 823
364 826
364 828
364 829
364 831
364 836
364 843
364 846
364 847
364 852
364 857
364 858
364 860
364 864
364 865
364 866
364 869
364 871
364 872
364 878
364 879
364 881
364 884
364 885
364 894
364 898
364 900
364 911
364 912
364 925
364 931
364 935
364 936
364 941
364 943
364 948
364 953
364 956
364 959
364 961
364 966
364 967
364 971
364 975
364 983
364 985
364 988
364 993
364 995
364 997
364 999
365 505
365 510
365 512
365 514
365 517
365 527
365 528
365 532
365 534
365 535
365 542
365 543
365 545
365 546
365 547
365 551
365 567
365 569
365 571
365 572
365 576
365 579
365 581
365 582
365 585
365 586
365 588
365 590
365 592
365 594
365 595
365 599
365 600
365 603
365 607
365 610
365 620
365 626
365 629
365 633
365 638
365 639
365 640
365 642
365 644
365 650
365 659
365 662
365 666
365 669
365 677
365 678
365 679
365 684
365 686
365 691
365 692
365 693
365 698
365 699
365 706
365 708
365 709
365 710
365 717
365 718
365 719
365 720
365 726
365 727
365 728
365 732
365 734
365 741
365 742
365 745
365 751
365 755
365 759
365 761
365 769
365 772
365 773
365 774
365 775
365 782
365 785
365 786
365 791
365 792
365 793
365 795
365 800
365 803
365 804
365 806
365 808
365 809
365 810
365 811
365 812
365 814
365 815
365 823
365 825
365 827
365 828
365 829
365 830
365 832
365 833
365 835
365 836
365 837
365 841
365 844
365 845
365 849
365 851
365 855
365 860
365 861
365 862
365 866
365 869
365 876
365 886
365 887
365 891
365 893
365 896
365 899
365 900
365 902
365 911
365 918
365 919
365 923
365 927
365 932
365 934
365 935
365 936
365 937
365 938
365 939
365 943
365 949
365 951
365 952
365 954
365 957
365 958
365 961
365 965
365 966
365 968
365 969
365 972
365 975
365 976
365 977
365 981
365 982
365 984
365 986
365 992
365 998
366 504
366 506
366 507
366 513
366 522
366 523
366 530
366 545
366 549
366 554
366 556
366 559
366 562
366 566
366 567
366 570
366 574
366 575
366 585
366 588
366 595
366 599
366 606
366 610
366 613
366 617
366 620
366 621
366 622
366 624
366 636
366 639
366 640
366 646
366 655
366 658
366 660
366 662
366 664
366 671
366 677
366 684
366 686
366 688
366 689
366 690
366 692
366 697
366 698
366 700
366 703
366 704
366 718
366 722
366 723
366 726
366 730
366 733
366 741
366 742
366 743
366 745
366 748
366 754
366 755
366 756
366 757
366 759
366 760
366 761
366 763
366 764
366 766
366 770
366 773
366 774
366 777
366 779
366 780
366 781
366 783
366 785
366 786
366 788
366 793
366 797
366 799
366 800
366 802
366 807
366 813
366 814
366 815
366 822
366 828
366 831
366 837
366 840
366 842
366 843
366 845
366 847
366 850
366 851
366 858
366 860
366 861
366 868
366 869
366 874
366 876
366 881
366 883
366 884
366 888
366 890
366 894
366 896
366 897
366 898
366 899
366 905
366 911
366 913
366 918
366 920
366 924
366 925
366 928
366 937
366 939
366 940
366 942
366 945
366 947
366 951
366 953
366 958
366 964
366 970
366 972
366 977
366 980
366 985
366 986
366 990
366 996
366 1000
367 503
367 509
367 511
367 515
367 523
367 525
367 527
367 529
367 534
367 535
367 536
367 546
367 558
367 560
367 561
367 564
367 567
367 572
367 575
367 577
367 580
367 582
367 589
367 599
367 606
367 614
367 615
367 616
367 617
367 619
367 623
367 628
367 631
367 633
367 635
367 643
367 647
367 652
367 661
367 665
367 668
367 671
367 672
367 675
367 678
367 679
367 680
367 685
367 687
367 690
367 691
367 695
367 699
367 702
367 703
367 707
367 708
367 710
367 715
367 718
367 720
367 731
367 736
367 737
367 739
367 743
367 748
367 749
367 753
367 754
367 761
367 762
367 763
367 767
367 772
367 777
367 785
367 790
367 799
367 803
367 808
367 813
367 818
367 826
367 828
367 832
367 834
367 837
367 839
367 843
367 844
367 846
367 849
367 850
367 853
367 856
367 862
367 863
367 869
367 871
367 872
367 873
367 874
367 881
367 884
367 899
367 902
367 905
367 908
367 915
367 916
367 927
367 929
367 932
367 933
367 939
367 941
367 944
367 945
367 954
367 957
367 958
367 968
367 972
367 973
367 974
367 976
367 977
367 979
367 981
367 983
367 988
367 990
367 992
367 993
367 995
367 996
367 998
368 507
368 518
368 522
368 523
368 525
368 531
368 532
368 534
368 542
368 543
368 545
368 549
368 551
368 552
368 553
368 554
368 556
368 562
368 563
368 564
368 570
368 577
368 578
368 580
368 581
368 583
368 584
368 589
368 594
368 604
368 609
368 610
368 613
368 615
368 626
368 633
368 635
368 636
368 638
368 642
368 650
368 651
368 655
368 660
368 663
368 669
368 678
368 679
368 684
368 685
368 686
368 688
368 693
368 694
368 696
368 698
368 702
368 709
368 710
368 711
368 722
368 732
368 733
368 734
368 735
368 737
368 738
368 744
368 746
368 747
368 751
368 760
368 762
368 766
368 772
368 773
368 776
368 778
368 783
368 784
368 788
368 789
368 792
368 795
368 798
368 801
368 807
368 808
368 809
368 810
368 813
368 818
368 819
368 821
368 822
368 824
368 826
368 829
368 830
368 837
368 839
368 842
368 847
368 850
368 854
368 856
368 860
368 861
368 865
368 871
368 874
368 876
368 877
368 879
368 880
368 881
368 886
368 889
368 897
368 899
368 904
368 905
368 907
368 909
368 920
368 924
368 929
368 935
368 936
368 937
368 939
368 940
368 941
368 945
368 947
368 949
368 951
368 952
368 955
368 957
368 960
368 961
368 962
368 963
368 967
368 969
368 970
368 973
368 979
368 998
368 999
369 506
369 509
369 510
369 517
369 518
369 525
369 526
369 528
369 536
369 549
369 550
369 554
369 558
369 559
369 560
369 566
369 567
369 568
369 571
369 596
369 597
369 603
369 604
369 612
369 618
369 620
369 622
369 623
369 626
369 627
369 628
369 638
369 642
369 647
369 651
369 652
369 653
369 654
369 656
369 659
369 663
369 668
369 672
369 678
369 682
369 683
369 686
369 689
369 691
369 692
369 695
369 698
369 702
369 705
369 706
369 712
369 713
369 718
369 719
369 724
369 725
369 726
369 730
369 739
369 744
369 746
369 747
369 748
369 750
369 770
369 772
369 777
369 782
369 783
369 786
369 793
369 800
369 803
369 805
369 812
369 814
369 815
369 817
369 819
369 822
369 823
369 831
369 832
369 835
369 839
369 842
369 846
369 847
369 850
369 852
369 853
369 856
369 860
369 863
369 864
369 867
369 868
369 872
369 873
369 874
369 876
369 877
369 882
369 888
369 900
369 905
369 908
369 911
369 912
369 913
369 916
369 919
369 923
369 926
369 929
369 930
369 931
369 933
369 934
369 938
369 939
369 948
369 949
369 952
369 957
369 958
369 965
369 974
369 981
369 987
369 990
369 996
369 998
369 1000
370 501
370 504
370 505
370 506
370 510
370 512
370 516
370 519
370 523
370 528
370 535
370 538
370 543
370 550
370 551
370 552
370 557
370 560
370 562
370 567
370 573
370 575
370 580
370 583
370 585
370 588
370 589
370 591
370 592
370 595
370 601
370 605
370 611
370 618
370 621
370 627
370 630
370 632
370 633
370 637
370 639
370 640
370 641
370 646
370 653
370 661
370 665
370 671
370 680
370 686
370 690
370 691
370 696
370 697
370 698
370 700
370 701
370 702
370 705
370 708
370 711
370 712
370 715
370 719
370 720
370 723
370 726
370 729
370 731
370 732
370 734
370 735
370 736
370 737
370 744
370 746
370 747
370 748
370 750
370 752
370 757
370 759
370 761
370 766
370 769
370 770
370 773
370 777
370 783
370 786
370 787
370 793
370 794
370 802
370 813
370 815
370 821
370 822
370 826
370 839
370 847
370 852
370 853
370 854
370 858
370 861
370 863
370 866
370 869
370 874
370 884
370 887
370 893
370 894
370 900
370 902
370 906
370 909
370 910
370 911
370 913
370 915
370 920
370 931
370 935
370 937
370 938
370 939
370 941
370 945
370 949
370 952
370 958
370 960
370 961
370 966
370 968
370 970
370 972
370 973
370 974
370 977
370 979
370 998
370 999
371 509
371 511
371 515
371 517
371 518
371 519
371 521
371 522
371 530
371 538
371 541
371 545
371 550
371 555
371 556
371 557
371 561
371 563
371 564
371 570
371 573
371 575
371 585
371 595
371 596
371 601
371 606
371 608
371 613
371 614
371 625
371 626
371 628
371 629
371 631
371 633
371 640
371 641
371 642
371 645
371 646
371 651
371 653
371 654
371 655
371 657
371 658
371 660
371 663
371 664
371 666
371 667
371 669
371 673
371 679
371 680
371 681
371 682
371 686
371 695
371 697
371 703
371 705
371 707
371 708
371 711
371 714
371 722
371 724
371 728
371 732
371 734
371 736
371 743
371 744
371 750
371 757
371 763
371 764
371 782
371 783
371 785
371 793
371 796
371 797
371 799
371 801
371 803
371 806
371 810
371 817
371 818
371 821
371 824
371 827
371 829
371 832
371 835
371 846
371 847
371 849
371 852
371 864
371 868
371 869
371 871
371 873
371 885
371 888
371 892
371 903
371 904
371 908
371 910
371 911
371 912
371 914
371 917
371 926
371 929
371 937
371 941
371 944
371 946
371 949
371 953
371 954
371 961
371 963
371 964
371 965
371 968
371 969
371 973
371 974
371 976
371 980
371 981
371 995
371 997
371 999
372 505
372 506
372 508
372 509
372 510
372 511
372 516
372 519
372 521
372 522
372 534
372 536
372 542
372 544
372 551
372 556
372 561
372 576
372 583
372 584
372 586
372 591
372 592
372 595
372 597
372 600
372 601
372 604
372 605
372 606
372 607
372 618
372 621
372 622
372 625
372 629
372 633
372 636
372 639
372 642
372 651
372 653
372 655
372 657
372 659
372 663
372 668
372 670
372 673
372 674
372 676
372 677
372 678
372 685
372 686
372 688
372 689
372 709
372 718
372 726
372 729
372 737
372 739
372 740
372 741
372 744
372 746
372 747
372 756
372 758
372 759
372 762
372 770
372 776
372 777
372 779
372 788
372 794
372 795
372 798
372 800
372 802
372 804
372 806
372 811
372 812
372 817
372 818
372 819
372 820
372 821
372 829
372 834
372 835
372 839
372 841
372 842
372 845
372 852
372 855
372 856
372 860
372 862
372 867
372 869
372 875
372 881
372 885
372 895
372 903
372 904
372 907
372 915
372 916
372 917
372 919
372 922
372 927
372 928
372 929
372 934
372 936
372 941
372 947
372 950
372 951
372 953
372 954
372 964
372 967
372 968
372 972
372 979
372 981
372 982
372 983
372 990
372 993
372 1000
373 506
373 509
373 510
373 512
373 517
373 518
373 523
373 524
373 534
373 536
373 537
373 540
373 542
373 543
373 545
373 546
373 547
373 548
373 556
373 559
373 562
373 563
373 566
373 576
373 577
373 580
373 584
373 592
373 594
373 595
373 598
373 605
373 608
373 610
373 611
373 612
373 624
373 635
373 638
373 649
373 651
373 656
373 657
373 660
373 664
373 667
373 671
373 674
373 676
373 677
373 681
373 682
373 683
373 684
373 688
373 690
373 692
373 693
373 700
373 704
373 709
373 711
373 713
373 714
373 715
373 718
373 726
373 729
373 734
373 736
373 739
373 745
373 750
373 752
373 759
373 761
373 762
373 766
373 770
373 771
373 772
373 776
373 778
373 779
373 784
373 785
373 794
373 800
373 805
373 806
373 809
373 810
373 812
373 813
373 814
373 824
373 825
373 827
373 830
373 835
373 837
373 838
373 841
373 842
373 846
373 847
373 853
373 854
373 855
373 856
373 860
373 864
373 869
373 873
373 876
373 883
373 885
373 889
373 891
373 893
373 894
373 895
373 897
373 898
373 908
373 910
373 915
373 918
373 919
373 923
373 924
373 927
373 931
373 934
373 937
373 938
373 940
373 942
373 944
373 945
373 961
373 967
373 969
373 972
373 973
373 976
373 981
373 983
373 987
373 988
373 989
373 993
374 503
374 504
374 508
374 510
374 512
374 523
374 526
374 529
374 533
374 535
374 538
374 542
374 544
374 545
374 548
374 554
374 555
374 557
374 561
374 563
374 566
374 568
374 572
374 573
374 575
374 577
374 579
374 584
374 587
374 590
374 593
374 596
374 600
374 609
374 610
374 612
374 619
374 620
374 621
374 622
374 623
374 624
374 629
374 634
374 636
374 638
374 639
374 644
374 647
374 648
374 649
374 657
374 662
374 664
374 667
374 673
374 678
374 679
374 682
374 683
374 688
374 691
374 692
374 696
374 697
374 698
374 699
374 707
374 714
374 722
374 725
374 727
374 734
374 735
374 738
374 739
374 740
374 742
374 743
374 756
374 766
374 767
374 769
374 772
374 773
374 781
374 786
374 788
374 794
374 803
374 804
374 809
374 811
374 823
374 825
374 826
374 831
374 835
374 836
374 838
374 840
374 843
374 845
374 846
374 849
374 853
374 854
374 857
374 858
374 859
374 860
374 866
374 867
374 875
374 876
374 884
374 886
374 888
374 905
374 913
374 918
374 923
374 929
374 931
374 932
374 946
374 947
374 952
374 955
374 960
374 964
374 966
374 968
374 971
374 972
374 976
374 982
374 991
374 1000
375 507
375 512
375 513
375 525
375 527
375 533
375 535
375 538
375 540
375 541
375 545
375 552
375 559
375 561
375 564
375 565
375 566
375 574
375 575
375 577
375 580
375 582
375 584
375 586
375 595
375 597
375 598
375 603
375 606
375 607
375 608
375 610
375 612
375 615
375 616
375 618
375 619
375 623
375 625
375 626
375 632
375 635
375 636
375 645
375 646
375 647
375 648
375 650
375 652
375 659
375 663
375 664
375 665
375 666
375 667
375 671
375 673
375 674
375 675
375 678
375 685
375 691
375 694
375 698
375 700
375 705
375 709
375 715
375 717
375 719
375 720
375 721
375 723
375 727
375 729
375 730
375 738
375 740
375 745
375 752
375 753
375 756
375 762
375 766
375 769
375 770
375 771
375 772
375 774
375 778
375 779
375 783
375 791
375 793
375 797
375 801
375 802
375 811
375 815
375 818
375 825
375 830
375 831
375 833
375 837
375 839
375 846
375 847
375 851
375 860
375 861
375 864
375 865
375 868
375 871
375 872
375 879
375 880
375 885
375 886
375 892
375 897
375 898
375 899
375 901
375 902
375 903
375 905
375 913
375 926
375 927
375 928
375 931
375 932
375 943
375 944
375 950
375 955
375 956
375 959
375 964
375 967
375 970
375 973
375 974
375 984
375 989
375 992
375 994
375 995
375 996
375 997
375 999
376 502
376 507
376 508
376 510
376 511
376 512
376 513
376 515
376 518
376 519
376 520
376 522
376 524
376 526
376 528
376 532
376 533
376 534
376 537
376 540
376 542
376 543
376 545
376 547
376 550
376 552
376 555
376 560
376 562
376 564
376 569
376 573
376 579
376 580
376 583
376 585
376 587
376 588
376 589
376 590
376 592
376 595
376 602
376 604
376 607
376 611
376 618
376 619
376 621
376 633
376 636
376 638
376 640
376 643
376 646
376 650
376 657
376 659
376 669
376 676
376 677
376 681
376 684
376 694
376 696
376 697
376 698
376 699
376 704
376 706
376 709
376 712
376 716
376 721
376 724
376 725
376 731
376 732
376 733
376 734
376 735
376 736
376 737
376 741
376 744
376 746
376 750
376 759
376 761
376 765
376 768
376 769
376 773
376 776
376 778
376 780
376 781
376 782
376 783
376 786
376 790
376 795
376 801
376 803
376 806
376 811
376 815
376 819
376 825
376 826
376 838
376 839
376 847
376 854
376 858
376 862
376 863
376 864
376 865
376 871
376 872
376 874
376 878
376 886
376 888
376 892
376 893
376 897
376 898
376 900
376 901
376 902
376 903
376 906
376 913
376 916
376 919
376 932
376 934
376 938
376 939
376 954
376 957
376 958
376 960
376 961
376 963
376 967
376 969
376 981
376 982
376 984
376 985
376 987
376 990
376 991
376 993
376 999
377 502
377 508
377 520
377 522
377 526
377 527
377 528
377 531
377 532
377 533
377 534
377 535
377 536
377 538
377 540
377 541
377 542
377 544
377 545
377 547
377 548
377 553
377 555
377 561
377 563
377 569
377 572
377 578
377 581
377 582
377 589
377 591
377 593
377 594
377 598
377 601
377 605
377 609
377 611
377 613
377 616
377 619
377 631
377 634
377 636
377 637
377 645
377 649
377 650
377 652
377 657
377 658
377 662
377 667
377 668
377 669
377 670
377 675
377 678
377 679
377 682
377 683
377 686
377 691
377 697
377 698
377 699
377 701
377 703
377 705
377 708
377 713
377 720
377 723
377 731
377 736
377 737
377 743
377 747
377 748
377 751
377 752
377 765
377 770
377 774
377 776
377 780
377 781
377 787
377 791
377 793
377 796
377 798
377 799
377 802
377 803
377 810
377 812
377 814
377 815
377 818
377 822
377 824
377 825
377 829
377 833
377 834
377 835
377 836
377 837
377 846
377 855
377 857
377 860
377 876
377 885
377 887
377 889
377 890
377 893
377 898
377 901
377 902
377 909
377 911
377 915
377 919
377 921
377 926
377 931
377 933
377 940
377 941
377 944
377 947
377 953
377 966
377 968
377 969
377 971
377 975
377 978
377 987
377 989
377 994
377 995
377 999
378 503
378 508
378 513
378 519
378 523
378 524
378 525
378 530
378 538
378 539
378 548
378 549
378 550
378 553
378 554
378 556
378 558
378 560
378 561
378 562
378 566
378 570
378 574
378 575
378 576
378 577
378 579
378 581
378 583
378 585
378 593
378 599
378 600
378 601
378 609
378 615
378 618
378 621
378 623
378 624
378 632
378 633
378 639
378 641
378 644
378 650
378 654
378 656
378 660
378 662
378 664
378 673
378 677
378 682
378 685
378 688
378 691
378 692
378 696
378 697
378 698
378 699
378 705
378 706
378 707
378 713
378 716
378 717
378 724
378 725
378 728
378 730
378 733
378 739
378 741
378 742
378 743
378 745
378 746
378 747
378 748
378 751
378 754
378 764
378 766
378 768
378 775
378 786
378 792
378 795
378 796
378 802
378 813
378 818
378 819
378 820
378 822
378 825
378 830
378 832
378 833
378 841
378 842
378 844
378 847
378 851
378 852
378 853
378 855
378 859
378 863
378 865
378 866
378 871
378 873
378 874
378 875
378 876
378 878
378 889
378 891
378 895
378 897
378 906
378 907
378 911
378 915
378 917
378 920
378 926
378 927
378 931
378 934
378 936
378 937
378 938
378 940
378 941
378 943
378 946
378 952
378 953
378 954
378 956
378 960
378 965
378 971
378 972
378 973
378 974
378 987
378 989
378 992
378 993
378 994
379 503
379 507
379 508
379 509
379 512
379 514
379 517
379 518
379 529
379 530
379 531
379 532
379 539
379 541
379 545
379 549
379 550
379 557
379 558
379 574
379 577
379 578
379 582
379 589
379 591
379 592
379 597
379 599
379 604
379 608
379 610
379 615
379 616
379 620
379 623
379 624
379 635
379 636
379 640
379 642
379 650
379 658
379 666
379 669
379 671
379 672
379 674
379 678
379 680
379 685
379 688
379 693
379 694
379 696
379 697
379 698
379 699
379 700
379 701
379 707
379 712
379 719
379 725
379 727
379 728
379 729
379 730
379 732
379 733
379 735
379 742
379 743
379 744
379 750
379 751
379 752
379 753
379 756
379 758
379 760
379 762
379 770
379 773
379 780
379 781
379 783
379 788
379 789
379 790
379 796
379 798
379 801
379 802
379 806
379 808
379 815
379 816
379 818
379 819
379 824
379 825
379 827
379 831
379 833
379 837
379 839
379 841
379 844
379 846
379 849
379 851
379 853
379 860
379 861
379 862
379 865
379 867
379 869
379 874
379 878
379 879
379 881
379 884
379 886
379 888
379 892
379 903
379 904
379 909
379 910
379 911
379 912
379 920
379 927
379 933
379 936
379 937
379 943
379 953
379 955
379 957
379 959
379 961
379 962
379 964
379 969
379 971
379 977
379 980
379 982
379 984
379 991
379 992
379 998
379 999
380 501
380 502
380 504
380 508
380 509
380 511
380 514
380 520
380 521
380 522
380 524
380 533
380 536
380 538
380 543
380 544
380 555
380 556
380 557
380 558
380 563
380 564
380 566
380 567
380 573
380 576
380 578
380 581
380 592
380 597
380 600
380 616
380 618
380 620
380 624
380 625
380 628
380 630
380 635
380 636
380 639
380 640
380 643
380 644
380 648
380 649
380 650
380 651
380 660
380 666
380 668
380 670
380 672
380 674
380 677
380 683
380 685
380 690
380 697
380 700
380 703
380 705
380 708
380 710
380 712
380 715
380 718
380 722
380 729
380 746
380 749
380 754
380 760
380 761
380 762
380 764
380 765
380 766
380 773
380 777
380 778
380 780
380 781
380 784
380 786
380 787
380 791
380 802
380 804
380 809
380 810
380 813
380 815
380 818
380 827
380 833
380 839
380 845
380 852
380 853
380 857
380 859
380 868
380 869
380 872
380 873
380 874
380 875
380 877
380 878
380 879
380 880
380 885
380 889
380 893
380 894
380 898
380 899
380 906
380 914
380 916
380 920
380 923
380 927
380 928
380 929
380 933
380 941
380 942
380 947
380 949
380 951
380 953
380 955
380 957
380 959
380 960
380 965
380 969
380 982
380 983
380 984
380 986
380 988
380 991
380 994
380 999
381 501
381 502
381 503
381 504
381 508
381 510
381 511
381 518
381 521
381 523
381 531
381 537
381 539
381 542
381 543
381 545
381 550
381 551
381 552
381 553
381 554
381 561
381 564
381 567
381 568
381 571
381 573
381 576
381 578
381 580
381 585
381 600
381 602
381 605
381 606
381 610
381 611
381 614
381 618
381 620
381 621
381 626
381 638
381 639
381 643
381 648
381 650
381 656
381 661
381 662
381 664
381 667
381 668
381 670
381 674
381 680
381 681
381 682
381 683
381 684
381 685
381 686
381 688
381 692
381 699
381 704
381 706
381 712
381 716
381 717
381 719
381 721
381 722
381 725
381 731
381 732
381 734
381 735
381 738
381 740
381 741
381 745
381 748
381 751
381 752
381 756
381 760
381 761
381 766
381 774
381 775
381 776
381 778
381 790
381 792
381 804
381 807
381 808
381 810
381 812
381 817
381 827
381 829
381 831
381 836
381 838
381 839
381 842
381 845
381 847
381 851
381 852
381 853
381 857
381 858
381 859
381 864
381 868
381 877
381 879
381 883
381 887
381 891
381 894
381 897
381 900
381 901
381 903
381 910
381 911
381 918
381 919
381 924
381 926
381 927
381 929
381 933
381 936
381 945
381 946
381 951
381 953
381 956
381 961
381 965
381 971
381 972
381 986
381 991
381 994
381 999
382 501
382 502
382 507
382 508
382 510
382 512
382 519
382 520
382 524
382 525
382 528
382 533
382 536
382 537
382 544
382 545
382 546
382 549
382 552
382 562
382 566
382 567
382 570
382 573
382 576
382 577
382 583
382 586
382 587
382 588
382 592
382 597
382 599
382 604
382 606
382 608
382 610
382 611
382 612
382 613
382 615
382 618
382 621
382 629
382 643
382 644
382 645
382 650
382 652
382 654
382 659
382 661
382 664
382 669
382 678
382 680
382 682
382 683
382 688
382 689
382 690
382 692
382 700
382 704
382 706
382 708
382 711
382 712
382 716
382 719
382 720
382 721
382 726
382 733
382 736
382 744
382 746
382 749
382 751
382 759
382 761
382 773
382 776
382 779
382 785
382 789
382 790
382 791
382 794
382 799
382 801
382 805
382 810
382 811
382 815
382 823
382 834
382 836
382 840
382 849
382 850
382 855
382 856
382 860
382 864
382 865
382 866
382 867
382 869
382 870
382 873
382 876
382 880
382 882
382 883
382 884
382 885
382 889
382 891
382 892
382 894
382 895
382 899
382 901
382 902
382 907
382 909
382 910
382 912
382 918
382 919
382 924
382 929
382 931
382 932
382 939
382 941
382 950
382 955
382 956
382 957
382 961
382 965
382 966
382 969
382 973
382 978
382 979
382 980
382 984
382 995
382 1000
383 505
383 506
383 508
383 511
383 512
383 515
383 519
383 521
383 523
383 524
383 525
383 529
383 530
383 532
383 534
383 541
383 543
383 546
383 548
383 550
383 556
383 559
383 561
383 571
383 572
383 577
383 580
383 592
383 593
383 594
383 599
383 601
383 604
383 608
383 609
383 610
383 611
383 612
383 620
383 624
383 632
383 633
383 634
383 637
383 650
383 658
383 661
383 662
383 663
383 668
383 669
383 672
383 674
383 676
383 678
383 679
383 685
383 686
383 688
383 692
383 693
383 696
383 699
383 704
383 707
383 714
383 719
383 725
383 728
383 729
383 731
383 734
383 736
383 738
383 743
383 745
383 747
383 752
383 753
383 758
383 759
383 762
383 770
383 775
383 776
383 778
383 779
383 784
383 788
383 794
383 795
383 798
383 802
383 803
383 806
383 807
383 808
383 813
383 818
383 819
383 820
383 821
383 822
383 824
383 830
383 834
383 836
383 837
383 843
383 844
383 845
383 855
383 857
383 858
383 860
383 865
383 866
383 870
383 871
383 881
383 882
383 883
383 885
383 892
383 893
383 896
383 897
383 898
383 905
383 907
383 908
383 910
383 916
383 918
383 920
383 926
383 935
383 942
383 944
383 951
383 953
383 955
383 957
383 959
383 966
383 967
383 968
383 970
383 971
383 979
383 980
383 983
383 984
383 987
383 991
383 992
383 993
383 994
384 501
384 509
384 511
384 513
384 515
384 522
384 525
384 530
384 532
384 536
384 537
384 539
384 540
384 542
384 543
384 544
384 546
384 552
384 556
384 559
384 563
384 566
384 571
384 572
384 575
384 576
384 578
384 583
384 584
384 590
384 591
384 593
384 596
384 599
384 602
384 603
384 610
384 611
384 612
384 616
384 619
384 620
384 623
384 624
384 626
384 627
384 630
384 634
384 649
384 658
384 660
384 662
384 664
384 668
384 669
384 670
384 672
384 674
384 681
384 684
384 685
384 686
384 687
384 688
384 689
384 690
384 694
384 697
384 708
384 713
384 714
384 717
384 718
384 720
384 723
384 724
384 732
384 737
384 740
384 743
384 747
384 748
384 759
384 762
384 768
384 772
384 773
384 781
384 784
384 788
384 789
384 791
384 793
384 794
384 795
384 797
384 801
384 808
384 809
384 811
384 828
384 831
384 832
384 835
384 849
384 855
384 863
384 869
384 870
384 872
384 873
384 875
384 877
384 878
384 880
384 886
384 888
384 892
384 898
384 901
384 902
384 903
384 918
384 920
384 923
384 925
384 928
384 929
384 934
384 943
384 952
384 960
384 961
384 964
384 966
384 970
384 972
384 978
384 981
384 984
384 987
384 988
384 989
384 990
384 994
385 501
385 503
385 504
385 507
385 516
385 520
385 521
385 524
385 531
385 535
385 542
385 544
385 547
385 549
385 556
385 558
385 559
385 560
385 563
385 566
385 567
385 568
385 570
385 574
385 578
385 580
385 582
385 585
385 587
385 591
385 597
385 604
385 605
385 606
385 612
385 613
385 614
385 615
385 616
385 617
385 628
385 638
385 639
385 640
385 641
385 647
385 650
385 651
385 652
385 657
385 658
385 659
385 660
385 662
385 664
385 668
385 670
385 671
385 672
385 675
385 676
385 679
385 685
385 687
385 690
385 691
385 694
385 700
385 701
385 707
385 710
385 711
385 712
385 718
385 724
385 725
385 729
385 730
385 731
385 737
385 742
385 743
385 745
385 746
385 751
385 752
385 754
385 757
385 760
385 761
385 762
385 767
385 768
385 770
385 779
385 780
385 785
385 786
385 787
385 788
385 791
385 796
385 797
385 798
385 799
385 802
385 803
385 805
385 809
385 813
385 821
385 822
385 823
385 824
385 825
385 831
385 835
385 839
385 840
385 841
385 848
385 850
385 856
385 857
385 860
385 861
385 864
385 865
385 870
385 871
385 878
385 880
385 881
385 883
385 887
385 888
385 891
385 892
385 893
385 898
385 902
385 906
385 911
385 913
385 914
385 915
385 920
385 927
385 928
385 929
385 933
385 934
385 940
385 943
385 945
385 950
385 959
385 961
385 966
385 967
385 970
385 985
385 986
385 994
386 507
386 510
386 513
386 515
386 529
386 532
386 533
386 547
386 548
386 555
386 558
386 561
386 563
386 564
386 565
386 566
386 570
386 573
386 574
386 577
386 579
386 583
386 586
386 588
386 589
386 594
386 601
386 602
386 606
386 607
386 611
386 616
386 620
386 627
386 628
386 635
386 636
386 640
386 642
386 643
386 644
386 651
386 653
386 655
386 656
386 658
386 659
386 661
386 662
386 663
386 665
386 667
386 673
386 677
386 680
386 681
386 684
386 685
386 689
386 692
386 695
386 699
386 708
386 712
386 717
386 718
386 722
386 723
386 725
386 727
386 729
386 732
386 734
386 735
386 737
386 738
386 740
386 742
386 747
386 752
386 757
386 759
386 760
386 762
386 763
386 769
386 770
386 771
386 772
386 795
386 803
386 804
386 806
386 809
386 814
386 818
386 823
386 834
386 843
386 844
386 845
386 847
386 848
386 851
386 862
386 868
386 871
386 876
386 877
386 880
386 881
386 885
386 895
386 896
386 897
386 900
386 903
386 905
386 913
386 915
386 918
386 919
386 922
386 924
386 940
386 941
386 942
386 951
386 955
386 965
386 969
386 970
386 979
386 983
386 985
386 986
386 987
386 991
386 994
386 995
386 999
387 505
387 508
387 512
387 513
387 515
387 516
387 517
387 522
387 523
387 527
387 536
387 538
387 542
387 548
387 549
387 550
387 551
387 557
387 558
387 563
387 566
387 570
387 588
387 596
387 600
387 602
387 604
387 607
387 608
387 611
387 612
387 615
387 616
387 617
387 619
387 621
387 625
387 635
387 642
387 645
387 651
387 654
387 657
387 659
387 662
387 666
387 672
387 675
387 678
387 681
387 685
387 694
387 696
387 697
387 698
387 699
387 701
387 705
387 721
387 722
387 725
387 726
387 728
387 740
387 745
387 751
387 753
387 759
387 760
387 763
387 776
387 780
387 783
387 784
387 785
387 786
387 789
387 790
387 791
387 793
387 803
387 809
387 815
387 816
387 817
387 820
387 821
387 822
387 824
387 829
387 831
387 835
387 837
387 840
387 845
387 846
387 848
387 849
387 859
387 860
387 869
387 870
387 882
387 884
387 885
387 889
387 903
387 910
387 914
387 917
387 918
387 921
387 922
387 923
387 925
387 941
387 943
387 949
387 950
387 952
387 953
387 955
387 956
387 963
387 968
387 969
387 971
387 976
387 978
387 979
387 980
387 985
387 986
387 991
387 994
388 506
388 509
388 516
388 520
388 522
388 523
388 529
388 532
388 539
388 542
388 543
388 545
388 547
388 558
388 559
388 560
388 563
388 565
388 571
388 573
388 574
388 577
388 582
388 584
388 585
388 587
388 589
388 590
388 593
388 594
388 596
388 602
388 603
388 604
388 605
388 606
388 607
388 609
388 610
388 614
388 616
388 620
388 626
388 629
388 631
388 633
388 635
388 641
388 651
388 652
388 653
388 654
388 655
388 659
388 666
388 667
388 670
388 674
388 675
388 686
388 688
388 689
388 703
388 709
388 711
388 713
388 714
388 716
388 721
388 723
388 724
388 726
388 729
388 731
388 734
388 735
388 743
388 744
388 745
388 746
388 748
388 751
388 755
388 756
388 761
388 763
388 780
388 783
388 786
388 792
388 793
388 796
388 801
388 802
388 804
388 805
388 807
388 811
388 812
388 814
388 817
388 820
388 822
388 827
388 841
388 847
388 853
388 857
388 861
388 862
388 863
388 864
388 868
388 869
388 871
388 876
388 883
388 884
388 885
388 888
388 889
388 890
388 891
388 893
388 912
388 913
388 915
388 919
388 920
388 922
388 924
388 932
388 936
388 938
388 939
388 942
388 943
388 951
388 954
388 955
388 956
388 959
388 961
388 966
388 970
388 972
388 973
388 985
388 990
388 992
388 995
388 997
389 505
389 507
389 510
389 511
389 517
389 522
389 523
389 524
389 534
389 538
389 539
389 542
389 544
389 548
389 552
389 559
389 563
389 564
389 566
389 570
389 577
389 579
389 580
389 588
389 591
389 594
389 600
389 605
389 606
389 607
389 608
389 611
389 615
389 616
389 617
389 618
389 620
389 625
389 626
389 635
389 637
389 639
389 640
389 641
389 646
389 647
389 648
389 649
389 652
389 655
389 662
389 665
389 666
389 676
389 677
389 681
389 682
389 686
389 687
389 689
389 690
389 696
389 701
389 707
389 711
389 714
389 715
389 718
389 721
389 724
389 731
389 734
389 736
389 737
389 739
389 743
389 746
389 749
389 750
389 751
389 753
389 758
389 759
389 760
389 761
389 764
389 767
389 768
389 777
389 778
389 779
389 781
389 785
389 788
389 793
389 800
389 803
389 806
389 809
389 811
389 819
389 823
389 828
389 842
389 845
389 847
389 848
389 855
389 856
389 861
389 863
389 864
389 867
389 870
389 871
389 872
389 873
389 874
389 876
389 881
389 885
389 887
389 889
389 891
389 898
389 901
389 908
389 914
389 926
389 927
389 930
389 931
389 932
389 935
389 940
389 941
389 943
389 951
389 957
389 958
389 959
389 963
389 965
389 966
389 979
389 980
389 981
389 987
389 988
389 989
389 992
389 993
389 994
390 508
390 515
390 516
390 518
390 519
390 525
390 526
390 535
390 537
390 540
390 544
390 557
390 560
390 565
390 566
390 568
390 572
390 574
390 576
390 586
390 587
390 589
390 590
390 597
390 599
390 600
390 604
390 607
390 608
390 611
390 621
390 623
390 630
390 631
390 632
390 633
390 635
390 642
390 645
390 650
390 654
390 655
390 656
390 657
390 659
390 666
390 667
390 669
390 671
390 672
390 678
390 679
390 681
390 687
390 690
390 691
390 695
390 700
390 703
390 714
390 715
390 719
390 720
390 723
390 724
390 725
390 726
390 728
390 729
390 745
390 747
390 749
390 750
390 755
390 759
390 762
390 764
390 774
390 778
390 781
390 786
390 800
390 803
390 809
390 812
390 815
390 817
390 818
390 820
390 821
390 827
390 829
390 832
390 833
390 838
390 840
390 841
390 842
390 843
390 844
390 849
390 853
390 861
390 863
390 866
390 876
390 885
390 886
390 889
390 891
390 893
390 897
390 902
390 905
390 912
390 913
390 916
390 922
390 923
390 924
390 926
390 931
390 932
390 934
390 935
390 942
390 943
390 944
390 945
390 960
390 964
390 968
390 970
390 971
390 973
390 976
390 979
390 986
390 991
390 994
390 1000
391 504
391 509
391 510
391 511
391 513
391 514
391 516
391 520
391 527
391 528
391 530
391 532
391 535
391 537
391 545
391 548
391 549
391 553
391 555
391 563
391 567
391 572
391 575
391 580
391 584
391 586
391 589
391 597
391 598
391 604
391 606
391 611
391 613
391 619
391 620
391 624
391 625
391 626
391 630
391 633
391 634
391 643
391 646
391 657
391 660
391 662
391 663
391 664
391 671
391 672
391 674
391 678
391 680
391 683
391 686
391 688
391 692
391 695
391 697
391 699
391 708
391 713
391 714
391 715
391 716
391 720
391 725
391 728
391 731
391 736
391 737
391 738
391 744
391 745
391 747
391 749
391 751
391 752
391 753
391 758
391 763
391 770
391 771
391 777
391 781
391 788
391 789
391 793
391 794
391 804
391 808
391 809
391 810
391 812
391 814
391 820
391 826
391 827
391 828
391 830
391 837
391 838
391 839
391 845
391 848
391 852
391 862
391 863
391 877
391 878
391 887
391 889
391 892
391 893
391 898
391 905
391 906
391 913
391 914
391 917
391 920
391 921
391 923
391 924
391 926
391 928
391 934
391 935
391 941
391 942
391 945
391 951
391 953
391 955
391 959
391 963
391 966
391 968
391 969
391 985
391 987
391 988
391 992
391 995
391 997
391 998
391 999
392 501
392 502
392 505
392 506
392 507
392 508
392 510
392 512
392 516
392 517
392 519
392 520
392 525
392 527
392 528
392 530
392 536
392 550
392 556
392 565
392 573
392 574
392 575
392 584
392 586
392 587
392 589
392 592
392 600
392 603
392 606
392 610
392 611
392 615
392 629
392 632
392 635
392 636
392 639
392 640
392 643
392 646
392 651
392 655
392 656
392 662
392 676
392 679
392 680
392 683
392 684
392 685
392 688
392 690
392 693
392 698
392 704
392 705
392 707
392 708
392 709
392 713
392 718
392 720
392 723
392 730
392 732
392 733
392 737
392 743
392 745
392 746
392 747
392 749
392 751
392 754
392 759
392 761
392 774
392 776
392 777
392 781
392 783
392 784
392 793
392 795
392 798
392 800
392 803
392 805
392 807
392 809
392 810
392 814
392 824
392 826
392 832
392 845
392 853
392 858
392 863
392 874
392 875
392 880
392 889
392 893
392 896
392 897
392 898
392 905
392 911
392 920
392 923
392 926
392 929
392 930
392 932
392 933
392 934
392 937
392 938
392 939
392 944
392 946
392 949
392 952
392 954
392 956
392 964
392 970
392 975
392 976
392 981
392 983
392 985
392 990
392 993
392 994
392 995
392 997
392 998
392 999
392 1000
393 501
393 503
393 509
393 519
393 522
393 523
393 525
393 531
393 532
393 534
393 544
393 545
393 549
393 556
393 563
393 564
393 568
393 569
393 571
393 575
393 578
393 579
393 581
393 584
393 585
393 590
393 593
393 594
393 597
393 600
393 603
393 605
393 614
393 617
393 619
393 623
393 626
393 628
393 629
393 632
393 645
393 649
393 651
393 673
393 674
393 677
393 680
393 682
393 686
393 688
393 690
393 691
393 692
393 693
393 696
393 700
393 701
393 702
393 703
393 706
393 709
393 713
393 715
393 717
393 719
393 724
393 726
393 727
393 728
393 730
393 731
393 737
393 738
393 741
393 744
393 746
393 751
393 760
393 763
393 768
393 774
393 776
393 777
393 781
393 785
393 788
393 791
393 792
393 794
393 795
393 801
393 802
393 805
393 806
393 807
393 809
393 814
393 815
393 817
393 819
393 820
393 826
393 827
393 832
393 833
393 849
393 853
393 854
393 858
393 869
393 877
393 879
393 883
393 886
393 892
393 895
393 898
393 900
393 906
393 909
393 913
393 915
393 923
393 928
393 931
393 938
393 939
393 941
393 945
393 948
393 951
393 952
393 960
393 962
393 965
393 969
393 970
393 972
393 974
393 980
393 981
393 982
393 983
393 985
393 986
393 989
393 990
393 993
393 994
393 999
394 502
394 503
394 504
394 512
394 514
394 517
394 523
394 525
394 526
394 535
394 536
394 539
394 542
394 543
394 544
394 545
394 548
394 550
394 551
394 555
394 557
394 558
394 560
394 574
394 578
394 580
394 583
394 585
394 587
394 597
394 598
394 605
394 607
394 608
394 610
394 612
394 618
394 625
394 631
394 637
394 641
394 655
394 658
394 667
394 669
394 677
394 681
394 683
394 687
394 688
394 692
394 698
394 703
394 708
394 709
394 712
394 714
394 715
394 718
394 721
394 723
394 725
394 731
394 735
394 738
394 744
394 746
394 754
394 755
394 756
394 757
394 759
394 760
394 772
394 773
394 774
394 786
394 789
394 793
394 795
394 797
394 799
394 800
394 801
394 804
394 805
394 806
394 808
394 812
394 816
394 817
394 819
394 822
394 823
394 824
394 825
394 828
394 831
394 832
394 835
394 836
394 837
394 843
394 845
394 846
394 848
394 849
394 850
394 854
394 856
394 859
394 861
394 866
394 873
394 874
394 876
394 877
394 884
394 885
394 896
394 897
394 898
394 900
394 902
394 904
394 906
394 907
394 908
394 909
394 913
394 915
394 921
394 924
394 926
394 933
394 934
394 935
394 937
394 941
394 947
394 953
394 955
394 957
394 966
394 968
394 970
394 976
394 998
395 501
395 502
395 507
395 510
395 516
395 521
395 525
395 531
395 532
395 536
395 546
395 548
395 549
395 555
395 556
395 558
395 559
395 560
395 561
395 566
395 573
395 575
395 576
395 578
395 579
395 588
395 590
395 591
395 593
395 596
395 598
395 604
395 605
395 607
395 610
395 614
395 617
395 618
395 619
395 621
395 625
395 626
395 628
395 633
395 636
395 637
395 638
395 645
395 650
395 651
395 652
395 653
395 655
395 658
395 661
395 662
395 667
395 673
395 683
395 684
395 691
395 697
395 698
395 704
395 707
395 708
395 709
395 710
395 711
395 717
395 719
395 725
395 727
395 730
395 732
395 734
395 735
395 740
395 741
395 744
395 748
395 749
395 758
395 759
395 760
395 761
395 762
395 776
395 777
395 780
395 785
395 787
395 789
395 791
395 792
395 795
395 797
395 799
395 802
395 804
395 812
395 815
395 816
395 817
395 822
395 831
395 835
395 837
395 838
395 840
395 846
395 848
395 850
395 855
395 856
395 857
395 858
395 865
395 866
395 869
395 872
395 879
395 880
395 882
395 884
395 885
395 886
395 888
395 890
395 893
395 894
395 895
395 899
395 901
395 902
395 905
395 906
395 910
395 911
395 913
395 915
395 931
395 932
395 939
395 949
395 951
395 953
395 956
395 957
395 958
395 967
395 968
395 972
395 983
395 985
395 987
395 988
395 993
395 999
395 1000
396 501
396 502
396 509
396 510
396 513
396 514
396 515
396 516
396 517
396 521
396 522
396 523
396 525
396 531
396 532
396 535
396 538
396 539
396 542
396 563
396 568
396 569
396 575
396 581
396 582
396 584
396 585
396 587
396 594
396 595
396 600
396 603
396 604
396 605
396 606
396 615
396 618
396 621
396 631
396 632
396 635
396 640
396 643
396 647
396 648
396 660
396 667
396 668
396 671
396 672
396 673
396 681
396 688
396 693
396 697
396 702
396 708
396 711
396 712
396 713
396 717
396 720
396 723
396 726
396 736
396 738
396 739
396 740
396 741
396 742
396 746
396 749
396 751
396 754
396 757
396 762
396 766
396 767
396 775
396 777
396 778
396 782
396 784
396 786
396 787
396 791
396 794
396 799
396 805
396 806
396 807
396 811
396 813
396 815
396 820
396 824
396 825
396 826
396 827
396 829
396 833
396 839
396 842
396 844
396 846
396 848
396 849
396 850
396 851
396 855
396 860
396 861
396 862
396 863
396 864
396 867
396 871
396 873
396 876
396 878
396 883
396 891
396 892
396 894
396 896
396 897
396 904
396 911
396 913
396 915
396 924
396 931
396 938
396 939
396 942
396 952
396 965
396 966
396 969
396 971
396 975
396 987
396 994
396 995
396 996
396 999
397 505
397 506
397 512
397 514
397 515
397 517
397 518
397 519
397 525
397 527
397 541
397 542
397 543
397 545
397 546
397 552
397 554
397 558
397 561
397 563
397 570
397 571
397 572
397 573
397 576
397 578
397 581
397 589
397 592
397 594
397 598
397 601
397 602
397 612
397 615
397 620
397 621
397 625
397 633
397 638
397 640
397 646
397 648
397 652
397 664
397 667
397 669
397 670
397 671
397 672
397 678
397 679
397 680
397 682
397 686
397 689
397 701
397 708
397 709
397 710
397 714
397 719
397 720
397 725
397 733
397 739
397 741
397 742
397 744
397 745
397 746
397 747
397 748
397 750
397 752
397 756
397 757
397 763
397 765
397 767
397 770
397 782
397 783
397 784
397 787
397 792
397 793
397 799
397 801
397 804
397 805
397 817
397 826
397 827
397 828
397 829
397 831
397 836
397 838
397 844
397 845
397 846
397 848
397 851
397 854
397 855
397 857
397 861
397 866
397 873
397 874
397 878
397 879
397 885
397 888
397 889
397 897
397 898
397 899
397 901
397 904
397 905
397 906
397 907
397 909
397 913
397 925
397 926
397 931
397 935
397 936
397 939
397 940
397 946
397 948
397 954
397 955
397 957
397 958
397 959
397 960
397 961
397 962
397 964
397 967
397 968
397 977
397 981
397 982
397 984
397 985
397 988
397 990
397 995
397 996
398 501
398 509
398 512
398 515
398 519
398 520
398 523
398 524
398 529
398 533
398 538
398 542
398 546
398 548
398 549
398 550
398 560
398 562
398 563
398 564
398 572
398 577
398 583
398 584
398 586
398 587
398 588
398 589
398 594
398 596
398 599
398 601
398 602
398 605
398 607
398 618
398 619
398 620
398 627
398 632
398 638
398 641
398 642
398 643
398 644
398 645
398 646
398 648
398 656
398 659
398 660
398 661
398 663
398 668
398 669
398 671
398 672
398 673
398 674
398 688
398 689
398 694
398 703
398 711
398 715
398 717
398 720
398 726
398 728
398 732
398 733
398 735
398 738
398 739
398 743
398 745
398 748
398 750
398 754
398 755
398 760
398 763
398 768
398 770
398 781
398 782
398 790
398 791
398 793
398 796
398 804
398 805
398 806
398 811
398 812
398 813
398 815
398 816
398 818
398 823
398 824
398 825
398 829
398 830
398 832
398 836
398 837
398 848
398 849
398 852
398 853
398 857
398 861
398 862
398 866
398 867
398 868
398 869
398 872
398 874
398 877
398 879
398 881
398 885
398 886
398 887
398 888
398 894
398 898
398 900
398 905
398 911
398 916
398 919
398 921
398 922
398 924
398 927
398 935
398 936
398 938
398 942
398 960
398 965
398 966
398 969
398 971
398 977
398 979
398 980
398 986
398 990
398 991
398 993
398 995
398 999
399 505
399 521
399 523
399 532
399 536
399 538
399 543
399 544
399 545
399 548
399 549
399 553
399 555
399 556
399 557
399 560
399 561
399 563
399 567
399 569
399 572
399 573
399 574
399 582
399 583
399 587
399 588
399 591
399 593
399 594
399 595
399 603
399 606
399 608
399 613
399 616
399 621
399 622
399 623
399 625
399 633
399 638
399 640
399 641
399 642
399 645
399 646
399 647
399 650
399 651
399 656
399 657
399 658
399 660
399 670
399 671
399 672
399 674
399 675
399 677
399 679
399 684
399 687
399 690
399 692
399 694
399 696
399 698
399 700
399 701
399 702
399 703
399 705
399 709
399 710
399 711
399 729
399 741
399 745
399 749
399 751
399 752
399 753
399 754
399 758
399 760
399 761
399 763
399 766
399 767
399 778
399 780
399 782
399 784
399 785
399 786
399 790
399 798
399 802
399 803
399 804
399 805
399 806
399 814
399 815
399 826
399 829
399 832
399 835
399 836
399 839
399 846
399 852
399 855
399 859
399 860
399 863
399 869
399 870
399 873
399 877
399 879
399 887
399 894
399 897
399 898
399 900
399 901
399 902
399 903
399 904
399 911
399 912
399 913
399 914
399 915
399 918
399 927
399 928
399 930
399 932
399 935
399 940
399 941
399 946
399 949
399 953
399 954
399 955
399 966
399 967
399 971
399 977
399 982
399 984
399 990
399 992
399 996
399 997
399 999
400 507
400 508
400 511
400 513
400 516
400 520
400 527
400 529
400 532
400 533
400 535
400 539
400 540
400 544
400 546
400 549
400 550
400 551
400 553
400 554
400 557
400 558
400 574
400 579
400 581
400 591
400 597
400 599
400 600
400 601
400 603
400 606
400 608
400 611
400 614
400 615
400 618
400 626
400 629
400 634
400 635
400 640
400 641
400 643
400 652
400 661
400 670
400 673
400 677
400 678
400 680
400 682
400 684
400 686
400 688
400 693
400 694
400 695
400 697
400 698
400 699
400 701
400 706
400 710
400 711
400 715
400 718
400 722
400 723
400 727
400 728
400 739
400 743
400 749
400 752
400 759
400 761
400 767
400 770
400 771
400 773
400 776
400 777
400 784
400 786
400 787
400 789
400 792
400 795
400 799
400 802
400 804
400 806
400 811
400 812
400 814
400 817
400 820
400 823
400 828
400 830
400 831
400 833
400 834
400 842
400 845
400 847
400 858
400 859
400 872
400 873
400 875
400 877
400 879
400 881
400 882
400 886
400 888
400 892
400 894
400 897
400 902
400 903
400 907
400 910
400 911
400 914
400 916
400 920
400 922
400 924
400 930
400 932
400 933
400 939
400 941
400 943
400 946
400 949
400 950
400 951
400 955
400 959
400 960
400 963
400 967
400 968
400 969
400 975
400 977
400 979
400 980
400 983
400 984
400 986
400 990
400 991
400 992
400 998
401 510
401 517
401 524
401 528
401 532
401 538
401 548
401 550
401 551
401 554
401 555
401 556
401 562
401 566
401 567
401 569
401 570
401 575
401 584
401 588
401 591
401 592
401 593
401 594
401 602
401 605
401 608
401 611
401 614
401 616
401 620
401 622
401 624
401 625
401 628
401 634
401 638
401 639
401 642
401 644
401 652
401 656
401 659
401 662
401 663
401 665
401 666
401 667
401 675
401 676
401 678
401 679
401 682
401 685
401 690
401 698
401 699
401 702
401 703
401 704
401 706
401 708
401 711
401 713
401 714
401 717
401 718
401 719
401 720
401 721
401 722
401 723
401 724
401 726
401 731
401 732
401 735
401 738
401 744
401 745
401 747
401 748
401 749
401 750
401 754
401 758
401 760
401 766
401 767
401 768
401 770
401 773
401 774
401 775
401 776
401 783
401 788
401 795
401 800
401 806
401 807
401 808
401 815
401 819
401 825
401 829
401 830
401 834
401 836
401 841
401 845
401 849
401 854
401 855
401 856
401 859
401 860
401 863
401 867
401 869
401 874
401 878
401 885
401 887
401 890
401 891
401 892
401 895
401 897
401 901
401 902
401 905
401 907
401 914
401 920
401 925
401 930
401 936
401 938
401 939
401 941
401 944
401 945
401 948
401 950
401 952
401 953
401 962
401 966
401 967
401 971
401 975
401 986
401 989
402 503
402 504
402 508
402 511
402 517
402 521
402 522
402 536
402 544
402 547
402 552
402 555
402 557
402 562
402 567
402 570
402 576
402 581
402 590
402 593
402 594
402 599
402 605
402 607
402 610
402 615
402 622
402 624
402 626
402 629
402 630
402 631
402 633
402 635
402 641
402 651
402 653
402 654
402 659
402 663
402 666
402 670
402 671
402 675
402 676
402 683
402 684
402 691
402 692
402 698
402 703
402 704
402 705
402 709
402 710
402 714
402 720
402 725
402 726
402 730
402 731
402 733
402 734
402 736
402 748
402 750
402 754
402 755
402 763
402 764
402 767
402 768
402 770
402 771
402 772
402 774
402 778
402 781
402 782
402 783
402 786
402 796
402 797
402 801
402 803
402 806
402 808
402 809
402 810
402 813
402 823
402 825
402 828
402 829
402 834
402 838
402 841
402 842
402 851
402 853
402 855
402 856
402 858
402 861
402 862
402 863
402 867
402 873
402 876
402 878
402 886
402 887
402 888
402 890
402 893
402 897
402 902
402 903
402 905
402 908
402 912
402 913
402 917
402 919
402 920
402 925
402 928
402 931
402 939
402 940
402 945
402 948
402 951
402 954
402 955
402 956
402 958
402 962
402 963
402 965
402 967
402 973
402 975
402 977
402 981
402 983
402 984
402 988
402 991
402 994
402 1000
403 501
403 514
403 518
403 520
403 521
403 523
403 526
403 527
403 533
403 537
403 542
403 543
403 546
403 548
403 549
403 551
403 555
403 562
403 565
403 566
403 568
403 573
403 577
403 578
403 597
403 598
403 599
403 602
403 608
403 609
403 611
403 617
403 619
403 625
403 627
403 629
403 631
403 633
403 634
403 636
403 642
403 644
403 648
403 655
403 656
403 658
403 660
403 661
403 662
403 666
403 667
403 668
403 671
403 678
403 682
403 683
403 686
403 690
403 691
403 697
403 698
403 699
403 703
403 709
403 710
403 713
403 718
403 719
403 725
403 726
403 727
403 728
403 731
403 734
403 736
403 737
403 738
403 742
403 745
403 750
403 751
403 755
403 764
403 765
403 768
403 775
403 778
403 786
403 793
403 794
403 800
403 801
403 804
403 807
403 813
403 817
403 821
403 832
403 834
403 842
403 848
403 854
403 864
403 866
403 868
403 873
403 875
403 876
403 878
403 880
403 881
403 883
403 888
403 890
403 892
403 896
403 897
403 898
403 899
403 902
403 906
403 909
403 912
403 917
403 918
403 920
403 926
403 928
403 930
403 933
403 937
403 947
403 949
403 950
403 954
403 957
403 958
403 967
403 969
403 971
403 975
403 976
403 977
403 980
403 981
403 982
403 984
403 989
403 990
403 991
403 992
403 993
403 994
403 997
404 503
404 507
404 508
404 511
404 525
404 526
404 528
404 534
404 535
404 537
404 540
404 552
404 555
404 557
404 563
404 568
404 576
404 592
404 597
404 600
404 602
404 605
404 606
404 608
404 612
404 616
404 618
404 619
404 621
404 624
404 633
404 640
404 645
404 648
404 652
404 653
404 655
404 657
404 658
404 661
404 662
404 664
404 666
404 667
404 669
404 670
404 674
404 675
404 676
404 678
404 681
404 683
404 684
404 690
404 692
404 696
404 702
404 703
404 704
404 705
404 708
404 710
404 712
404 715
404 716
404 717
404 720
404 723
404 725
404 726
404 730
404 734
404 743
404 748
404 754
404 755
404 757
404 758
404 762
404 764
404 766
404 777
404 783
404 786
404 789
404 791
404 792
404 794
404 798
404 801
404 804
404 807
404 808
404 818
404 823
404 826
404 831
404 832
404 834
404 840
404 844
404 848
404 849
404 864
404 869
404 870
404 876
404 877
404 880
404 883
404 890
404 891
404 893
404 906
404 909
404 919
404 921
404 931
404 937
404 938
404 941
404 944
404 947
404 951
404 958
404 963
404 965
404 966
404 967
404 974
404 977
404 978
404 979
404 989
404 991
404 1000
405 510
405 512
405 515
405 519
405 520
405 524
405 531
405 533
405 535
405 542
405 549
405 559
405 562
405 568
405 570
405 571
405 572
405 573
405 574
405 580
405 581
405 582
405 585
405 586
405 587
405 595
405 597
405 604
405 613
405 614
405 618
405 622
405 631
405 633
405 642
405 649
405 652
405 653
405 654
405 656
405 657
405 658
405 664
405 667
405 671
405 684
405 686
405 690
405 692
405 693
405 694
405 695
405 696
405 700
405 705
405 712
405 713
405 720
405 721
405 727
405 734
405 737
405 739
405 743
405 744
405 749
405 750
405 751
405 754
405 757
405 761
405 766
405 767
405 774
405 777
405 779
405 780
405 781
405 782
405 784
405 786
405 787
405 792
405 793
405 796
405 801
405 805
405 806
405 808
405 816
405 818
405 823
405 824
405 825
405 827
405 833
405 837
405 838
405 840
405 844
405 849
405 851
405 852
405 853
405 861
405 865
405 869
405 872
405 873
405 875
405 877
405 880
405 886
405 887
405 888
405 893
405 899
405 902
405 903
405 907
405 911
405 912
405 914
405 915
405 920
405 924
405 926
405 927
405 928
405 932
405 934
405 936
405 938
405 945
405 947
405 949
405 951
405 961
405 965
405 967
405 969
405 973
405 979
405 981
405 983
405 988
405 989
405 993
405 998
405 999
406 502
406 505
406 508
406 513
406 514
406 515
406 518
406 519
406 522
406 525
406 533
406 535
406 536
406 538
406 540
406 541
406 543
406 544
406 548
406 550
406 555
406 557
406 559
406 561
406 567
406 568
406 571
406 572
406 575
406 579
406 581
406 585
406 586
406 588
406 590
406 598
406 599
406 602
406 603
406 620
406 627
406 628
406 629
406 638
406 639
406 646
406 649
406 653
406 670
406 671
406 676
406 678
406 679
406 682
406 685
406 686
406 688
406 689
406 691
406 695
406 702
406 705
406 706
406 711
406 719
406 723
406 724
406 725
406 728
406 729
406 731
406 733
406 735
406 736
406 738
406 740
406 747
406 754
406 755
406 756
406 758
406 764
406 770
406 776
406 777
406 781
406 782
406 783
406 784
406 785
406 789
406 794
406 795
406 799
406 802
406 808
406 811
406 814
406 817
406 818
406 819
406 822
406 824
406 825
406 830
406 833
406 837
406 838
406 843
406 845
406 847
406 848
406 852
406 855
406 856
406 857
406 859
406 863
406 867
406 868
406 870
406 873
406 876
406 880
406 882
406 883
406 885
406 889
406 890
406 893
406 896
406 898
406 902
406 905
406 907
406 915
406 923
406 924
406 933
406 934
406 935
406 941
406 942
406 944
406 945
406 947
406 954
406 955
406 961
406 964
406 971
406 972
406 974
406 979
406 993
406 997
406 998
406 999
407 503
407 508
407 513
407 517
407 523
407 526
407 530
407 531
407 533
407 543
407 546
407 547
407 553
407 561
407 562
407 563
407 564
407 567
407 572
407 575
407 578
407 580
407 582
407 587
407 596
407 598
407 606
407 611
407 614
407 617
407 619
407 622
407 624
407 626
407 631
407 637
407 639
407 640
407 642
407 647
407 649
407 650
407 654
407 658
407 663
407 665
407 666
407 667
407 673
407 674
407 679
407 682
407 688
407 690
407 691
407 696
407 700
407 701
407 702
407 704
407 708
407 714
407 717
407 719
407 733
407 735
407 745
407 747
407 756
407 764
407 766
407 771
407 772
407 779
407 790
407 791
407 792
407 798
407 800
407 801
407 802
407 803
407 808
407 813
407 814
407 817
407 820
407 828
407 829
407 831
407 832
407 834
407 835
407 837
407 844
407 849
407 850
407 852
407 853
407 856
407 860
407 861
407 863
407 867
407 872
407 873
407 875
407 878
407 879
407 889
407 890
407 894
407 895
407 896
407 898
407 899
407 900
407 901
407 902
407 907
407 910
407 912
407 913
407 914
407 917
407 919
407 920
407 925
407 927
407 929
407 931
407 934
407 936
407 944
407 945
407 948
407 959
407 961
407 962
407 965
407 975
407 978
407 979
407 980
407 981
407 986
407 993
407 995
407 998
408 504
408 509
408 522
408 528
408 530
408 533
408 535
408 538
408 539
408 540
408 546
408 548
408 550
408 552
408 553
408 555
408 561
408 566
408 568
408 571
408 576
408 580
408 581
408 585
408 595
408 598
408 600
408 603
408 606
408 609
408 613
408 615
408 617
408 621
408 626
408 628
408 639
408 642
408 649
408 653
408 654
408 655
408 656
408 657
408 658
408 659
408 660
408 665
408 671
408 681
408 682
408 683
408 684
408 686
408 687
408 690
408 691
408 692
408 694
408 695
408 696
408 703
408 707
408 709
408 710
408 713
408 716
408 722
408 723
408 725
408 728
408 732
408 733
408 734
408 736
408 739
408 743
408 746
408 749
408 750
408 751
408 753
408 756
408 758
408 771
408 774
408 775
408 778
408 782
408 787
408 791
408 793
408 795
408 798
408 800
408 803
408 807
408 811
408 813
408 819
408 839
408 843
408 853
408 855
408 858
408 861
408 862
408 870
408 871
408 883
408 885
408 888
408 889
408 902
408 905
408 907
408 915
408 918
408 922
408 924
408 927
408 929
408 932
408 939
408 943
408 947
408 953
408 958
408 965
408 967
408 971
408 976
408 977
408 980
408 981
408 983
408 986
408 988
408 990
408 992
408 994
408 999
408 1000
409 508
409 509
409 512
409 514
409 531
409 534
409 538
409 539
409 543
409 545
409 546
409 547
409 548
409 553
409 560
409 563
409 569
409 571
409 572
409 579
409 581
409 582
409 585
409 586
409 587
409 590
409 591
409 592
409 594
409 598
409 600
409 601
409 602
409 607
409 611
409 612
409 614
409 615
409 617
409 618
409 619
409 620
409 621
409 623
409 628
409 631
409 632
409 637
409 638
409 639
409 644
409 645
409 648
409 658
409 663
409 664
409 666
409 672
409 676
409 687
409 688
409 693
409 696
409 698
409 700
409 704
409 705
409 707
409 711
409 714
409 715
409 721
409 727
409 739
409 741
409 748
409 749
409 752
409 755
409 758
409 760
409 761
409 762
409 763
409 764
409 768
409 772
409 773
409 778
409 785
409 787
409 790
409 791
409 792
409 794
409 795
409 796
409 801
409 804
409 807
409 811
409 812
409 817
409 822
409 835
409 837
409 841
409 846
409 848
409 850
409 851
409 853
409 855
409 862
409 863
409 865
409 866
409 870
409 872
409 874
409 875
409 877
409 878
409 882
409 905
409 906
409 907
409 909
409 910
409 911
409 913
409 915
409 928
409 937
409 945
409 948
409 949
409 955
409 956
409 958
409 960
409 961
409 969
409 970
409 977
409 985
409 989
409 990
409 991
409 1000
410 504
410 505
410 509
410 510
410 513
410 515
410 516
410 519
410 521
410 523
410 528
410 531
410 534
410 536
410 540
410 541
410 545
410 547
410 550
410 551
410 554
410 560
410 561
410 562
410 572
410 573
410 576
410 581
410 582
410 585
410 586
410 587
410 590
410 591
410 594
410 602
410 603
410 606
410 607
410 610
410 615
410 618
410 625
410 629
410 631
410 633
410 635
410 639
410 640
410 654
410 660
410 661
410 665
410 666
410 668
410 669
410 670
410 671
410 676
410 677
410 686
410 687
410 690
410 691
410 692
410 695
410 696
410 697
410 698
410 702
410 704
410 707
410 709
410 710
410 711
410 713
410 715
410 719
410 725
410 726
410 727
410 728
410 731
410 738
410 744
410 747
410 748
410 750
410 751
410 756
410 761
410 762
410 766
410 772
410 774
410 776
410 781
410 783
410 785
410 786
410 787
410 788
410 789
410 790
410 800
410 801
410 811
410 813
410 817
410 818
410 819
410 821
410 827
410 828
410 837
410 840
410 844
410 849
410 850
410 852
410 856
410 861
410 862
410 865
410 869
410 878
410 879
410 881
410 883
410 884
410 885
410 886
410 892
410 895
410 896
410 902
410 908
410 913
410 918
410 927
410 930
410 931
410 933
410 936
410 937
410 938
410 939
410 941
410 944
410 945
410 947
410 950
410 951
410 952
410 953
410 954
410 958
410 959
410 961
410 962
410 963
410 968
410 971
410 973
410 975
410 978
410 981
410 982
410 984
410 985
410 986
410 989
410 991
410 996
410 1000
411 502
411 506
411 510
411 517
411 520
411 524
411 525
411 541
411 546
411 549
411 553
411 557
411 560
411 562
411 563
411 564
411 565
411 575
411 583
411 585
411 587
411 596
411 597
411 605
411 607
411 608
411 610
411 612
411 614
411 616
411 618
411 623
411 628
411 629
411 631
411 632
411 636
411 642
411 644
411 649
411 651
411 652
411 657
411 660
411 667
411 673
411 675
411 681
411 688
411 689
411 693
411 698
411 702
411 703
411 708
411 710
411 722
411 726
411 727
411 730
411 732
411 735
411 738
411 739
411 741
411 743
411 747
411 749
411 762
411 766
411 768
411 770
411 782
411 784
411 785
411 786
411 790
411 792
411 797
411 798
411 800
411 803
411 804
411 805
411 807
411 813
411 814
411 827
411 828
411 829
411 834
411 845
411 846
411 850
411 851
411 852
411 860
411 861
411 866
411 869
411 875
411 879
411 881
411 883
411 885
411 886
411 891
411 896
411 898
411 903
411 904
411 905
411 906
411 907
411 909
411 912
411 916
411 929
411 930
411 935
411 936
411 938
411 940
411 943
411 944
411 949
411 957
411 960
411 961
411 967
411 971
411 972
411 975
411 977
411 981
411 983
411 985
411 988
411 993
411 994
411 998
411 1000
412 505
412 508
412 510
412 512
412 513
412 515
412 517
412 520
412 521
412 526
412 529
412 535
412 541
412 542
412 543
412 548
412 550
412 551
412 559
412 562
412 568
412 572
412 573
412 575
412 577
412 578
412 579
412 582
412 583
412 584
412 590
412 594
412 599
412 600
412 601
412 602
412 604
412 608
412 610
412 616
412 617
412 618
412 623
412 624
412 625
412 626
412 627
412 629
412 630
412 633
412 635
412 636
412 639
412 643
412 644
412 661
412 663
412 664
412 667
412 673
412 682
412 687
412 690
412 691
412 692
412 695
412 696
412 697
412 703
412 704
412 707
412 711
412 712
412 715
412 717
412 721
412 726
412 727
412 732
412 734
412 735
412 742
412 750
412 751
412 754
412 755
412 758
412 760
412 767
412 768
412 770
412 774
412 779
412 784
412 792
412 795
412 800
412 804
412 805
412 812
412 822
412 832
412 833
412 836
412 837
412 840
412 848
412 852
412 853
412 860
412 864
412 866
412 868
412 869
412 870
412 871
412 872
412 875
412 876
412 885
412 886
412 887
412 895
412 899
412 900
412 906
412 913
412 917
412 918
412 922
412 931
412 932
412 935
412 936
412 941
412 942
412 944
412 948
412 949
412 951
412 953
412 957
412 964
412 971
412 972
412 974
412 979
412 981
412 982
412 984
412 987
412 989
412 992
412 996
412 997
413 504
413 507
413 512
413 514
413 522
413 531
413 532
413 542
413 543
413 544
413 545
413 550
413 563
413 565
413 569
413 574
413 579
413 581
413 590
413 593
413 599
413 617
413 618
413 620
413 621
413 627
413 628
413 629
413 636
413 638
413 642
413 643
413 646
413 649
413 654
413 659
413 660
413 661
413 666
413 670
413 677
413 679
413 681
413 682
413 683
413 689
413 690
413 693
413 695
413 698
413 700
413 702
413 705
413 710
413 711
413 714
413 715
413 716
413 721
413 728
413 730
413 731
413 732
413 737
413 738
413 743
413 746
413 747
413 749
413 755
413 757
413 758
413 759
413 762
413 766
413 769
413 772
413 776
413 783
413 785
413 787
413 792
413 794
413 799
413 802
413 803
413 807
413 808
413 811
413 812
413 815
413 817
413 826
413 828
413 834
413 837
413 839
413 844
413 852
413 853
413 861
413 862
413 864
413 869
413 870
413 874
413 876
413 878
413 881
413 882
413 886
413 890
413 891
413 892
413 898
413 907
413 914
413 915
413 917
413 922
413 926
413 928
413 931
413 935
413 936
413 939
413 941
413 942
413 943
413 945
413 946
413 951
413 954
413 957
413 960
413 962
413 969
413 973
413 975
413 978
413 980
413 981
413 988
413 994
413 995
414 511
414 512
414 514
414 515
414 522
414 523
414 531
414 534
414 535
414 542
414 545
414 546
414 549
414 550
414 553
414 557
414 558
414 564
414 570
414 572
414 573
414 580
414 586
414 588
414 590
414 592
414 596
414 600
414 611
414 612
414 614
414 616
414 618
414 622
414 624
414 628
414 633
414 636
414 641
414 643
414 644
414 645
414 654
414 655
414 656
414 663
414 665
414 668
414 670
414 672
414 679
414 680
414 681
414 688
414 691
414 695
414 696
414 702
414 709
414 713
414 721
414 723
414 725
414 729
414 730
414 737
414 740
414 743
414 747
414 748
414 755
414 757
414 758
414 762
414 769
414 772
414 774
414 776
414 781
414 783
414 787
414 790
414 791
414 794
414 798
414 811
414 816
414 817
414 821
414 822
414 823
414 824
414 830
414 834
414 835
414 839
414 840
414 841
414 843
414 847
414 848
414 850
414 852
414 862
414 867
414 871
414 873
414 875
414 876
414 879
414 880
414 882
414 884
414 890
414 901
414 905
414 907
414 909
414 911
414 913
414 914
414 918
414 919
414 920
414 921
414 926
414 929
414 930
414 931
414 933
414 935
414 936
414 939
414 942
414 943
414 944
414 945
414 951
414 955
414 957
414 960
414 965
414 966
414 969
414 971
414 972
414 975
414 977
414 980
414 984
414 988
414 989
414 991
414 993
414 994
414 995
414 996
414 998
415 503
415 507
415 509
415 515
415 517
415 520
415 533
415 540
415 542
415 544
415 545
415 547
415 548
415 562
415 563
415 564
415 565
415 567
415 569
415 573
415 580
415 583
415 584
415 585
415 587
415 597
415 599
415 602
415 603
415 605
415 612
415 615
415 621
415 628
415 629
415 630
415 631
415 633
415 635
415 637
415 638
415 648
415 649
415 651
415 656
415 657
415 659
415 663
415 664
415 668
415 671
415 672
415 673
415 680
415 685
415 692
415 700
415 704
415 705
415 708
415 712
415 713
415 715
415 716
415 719
415 722
415 724
415 726
415 727
415 728
415 730
415 731
415 735
415 739
415 743
415 745
415 746
415 749
415 755
415 756
415 762
415 768
415 769
415 772
415 774
415 775
415 776
415 778
415 779
415 781
415 783
415 795
415 797
415 799
415 800
415 804
415 806
415 814
415 819
415 828
415 832
415 834
415 837
415 843
415 844
415 847
415 850
415 855
415 858
415 866
415 870
415 872
415 876
415 883
415 885
415 886
415 887
415 890
415 891
415 895
415 901
415 909
415 912
415 913
415 915
415 919
415 925
415 928
415 931
415 934
415 936
415 939
415 941
415 942
415 943
415 945
415 946
415 956
415 957
415 958
415 960
415 977
415 978
415 979
415 982
415 988
415 989
415 994
415 999
416 502
416 503
416 505
416 508
416 512
416 513
416 517
416 520
416 522
416 524
416 528
416 530
416 534
416 536
416 537
416 539
416 553
416 555
416 558
416 562
416 565
416 570
416 571
416 576
416 577
416 578
416 579
416 580
416 582
416 583
416 587
416 588
416 594
416 595
416 609
416 610
416 614
416 616
416 618
416 621
416 626
416 627
416 638
416 640
416 641
416 642
416 647
416 652
416 656
416 658
416 660
416 665
416 668
416 670
416 671
416 673
416 679
416 682
416 688
416 689
416 696
416 697
416 708
416 709
416 710
416 712
416 714
416 721
416 723
416 727
416 728
416 737
416 743
416 746
416 750
416 751
416 759
416 763
416 764
416 765
416 768
416 769
416 772
416 775
416 780
416 781
416 787
416 789
416 791
416 793
416 798
416 800
416 803
416 806
416 810
416 812
416 815
416 820
416 822
416 823
416 825
416 826
416 827
416 830
416 833
416 836
416 838
416 843
416 846
416 847
416 852
416 855
416 858
416 864
416 868
416 872
416 876
416 877
416 882
416 883
416 885
416 887
416 893
416 894
416 903
416 905
416 906
416 908
416 909
416 911
416 912
416 919
416 922
416 929
416 939
416 944
416 945
416 947
416 948
416 955
416 957
416 958
416 960
416 962
416 964
416 966
416 971
416 976
416 977
416 981
416 989
416 991
416 997
417 501
417 503
417 504
417 505
417 507
417 508
417 509
417 510
417 518
417 519
417 524
417 529
417 531
417 533
417 538
417 539
417 540
417 551
417 554
417 558
417 561
417 567
417 568
417 582
417 583
417 589
417 593
417 598
417 602
417 603
417 609
417 620
417 623
417 625
417 633
417 636
417 644
417 648
417 654
417 662
417 663
417 669
417 671
417 673
417 675
417 678
417 688
417 689
417 692
417 693
417 695
417 703
417 705
417 708
417 712
417 714
417 716
417 721
417 727
417 728
417 732
417 740
417 747
417 750
417 759
417 761
417 762
417 766
417 776
417 778
417 784
417 786
417 791
417 792
417 795
417 809
417 816
417 821
417 824
417 825
417 826
417 829
417 830
417 832
417 833
417 846
417 848
417 849
417 850
417 855
417 858
417 861
417 863
417 867
417 868
417 873
417 874
417 875
417 876
417 880
417 895
417 903
417 907
417 908
417 911
417 917
417 918
417 919
417 926
417 927
417 929
417 930
417 937
417 940
417 942
417 943
417 945
417 949
417 950
417 952
417 957
417 958
417 960
417 962
417 963
417 968
417 973
417 974
417 976
417 979
417 980
417 982
417 995
418 504
418 505
418 507
418 510
418 512
418 515
418 518
418 519
418 522
418 530
418 531
418 539
418 541
418 549
418 553
418 555
418 566
418 567
418 568
418 573
418 580
418 584
418 586
418 588
418 592
418 593
418 595
418 597
418 602
418 604
418 608
418 610
418 614
418 616
418 617
418 624
418 630
418 635
418 636
418 640
418 642
418 644
418 645
418 647
418 654
418 656
418 660
418 661
418 662
418 663
418 665
418 669
418 676
418 678
418 687
418 693
418 700
418 705
418 708
418 710
418 718
418 720
418 721
418 725
418 726
418 734
418 739
418 741
418 749
418 757
418 758
418 759
418 765
418 766
418 768
418 769
418 770
418 772
418 775
418 780
418 783
418 785
418 786
418 789
418 795
418 796
418 802
418 807
418 810
418 811
418 812
418 820
418 830
418 834
418 835
418 839
418 840
418 842
418 848
418 849
418 852
418 853
418 854
418 855
418 860
418 861
418 863
418 865
418 870
418 871
418 875
418 876
418 877
418 880
418 883
418 884
418 887
418 888
418 893
418 898
418 902
418 905
418 908
418 915
418 929
418 931
418 932
418 935
418 939
418 941
418 942
418 943
418 944
418 950
418 953
418 954
418 955
418 959
418 961
418 962
418 963
418 967
418 968
418 970
418 971
418 974
418 977
418 980
418 982
418 983
418 985
418 991
418 992
418 993
418 994
418 995
418 998
418 999
419 512
419 514
419 515
419 517
419 519
419 523
419 524
419 527
419 533
419 534
419 535
419 538
419 546
419 552
419 556
419 558
419 566
419 573
419 574
419 575
419 576
419 578
419 580
419 589
419 590
419 591
419 592
419 594
419 598
419 601
419 607
419 611
419 614
419 616
419 617
419 620
419 622
419 626
419 627
419 636
419 641
419 656
419 657
419 658
419 661
419 662
419 666
419 667
419 670
419 674
419 677
419 680
419 685
419 686
419 688
419 694
419 697
419 698
419 707
419 713
419 714
419 715
419 718
419 719
419 726
419 729
419 730
419 734
419 748
419 753
419 755
419 759
419 760
419 761
419 763
419 770
419 771
419 773
419 778
419 780
419 781
419 783
419 785
419 787
419 790
419 791
419 799
419 800
419 802
419 803
419 809
419 814
419 817
419 825
419 829
419 830
419 837
419 839
419 841
419 853
419 855
419 856
419 857
419 860
419 861
419 862
419 878
419 879
419 881
419 883
419 885
419 889
419 890
419 892
419 900
419 901
419 904
419 905
419 907
419 910
419 915
419 917
419 918
419 919
419 920
419 921
419 931
419 933
419 936
419 944
419 945
419 946
419 950
419 952
419 953
419 957
419 962
419 963
419 970
419 972
419 973
419 975
419 980
419 981
419 982
419 985
419 994
419 999
420 505
420 506
420 508
420 510
420 511
420 512
420 513
420 517
420 519
420 526
420 535
420 536
420 538
420 540
420 542
420 544
420 547
420 549
420 554
420 555
420 556
420 557
420 559
420 562
420 573
420 574
420 575
420 579
420 601
420 602
420 604
420 615
420 617
420 618
420 619
420 621
420 622
420 623
420 624
420 626
420 627
420 633
420 638
420 640
420 642
420 645
420 646
420 647
420 649
420 650
420 651
420 655
420 659
420 660
420 664
420 666
420 670
420 676
420 677
420 679
420 686
420 687
420 688
420 690
420 691
420 694
420 697
420 702
420 703
420 713
420 718
420 724
420 732
420 737
420 738
420 739
420 743
420 745
420 746
420 758
420 763
420 767
420 774
420 780
420 781
420 783
420 786
420 788
420 789
420 790
420 791
420 806
420 813
420 814
420 816
420 818
420 820
420 821
420 823
420 829
420 830
420 831
420 833
420 842
420 844
420 853
420 856
420 861
420 862
420 863
420 865
420 869
420 882
420 884
420 885
420 887
420 893
420 894
420 899
420 901
420 908
420 916
420 919
420 927
420 931
420 939
420 944
420 947
420 949
420 957
420 960
420 963
420 964
420 965
420 967
420 973
420 974
420 976
420 977
420 978
420 985
420 992
420 993
420 994
420 996
420 997
421 502
421 507
421 514
421 517
421 528
421 530
421 534
421 539
421 540
421 542
421 544
421 550
421 556
421 557
421 558
421 561
421 566
421 569
421 579
421 580
421 582
421 584
421 589
421 590
421 591
421 592
421 594
421 595
421 597
421 602
421 603
421 607
421 617
421 619
421 620
421 624
421 625
421 628
421 630
421 631
421 633
421 634
421 638
421 641
421 649
421 650
421 651
421 652
421 655
421 659
421 664
421 665
421 671
421 673
421 677
421 679
421 680
421 681
421 686
421 689
421 691
421 693
421 694
421 697
421 708
421 709
421 712
421 713
421 714
421 715
421 716
421 723
421 724
421 726
421 728
421 737
421 739
421 741
421 745
421 746
421 750
421 753
421 755
421 760
421 764
421 768
421 773
421 774
421 777
421 780
421 782
421 783
421 793
421 795
421 796
421 797
421 805
421 807
421 813
421 814
421 821
421 825
421 826
421 827
421 828
421 830
421 832
421 833
421 838
421 840
421 842
421 848
421 856
421 860
421 862
421 864
421 870
421 873
421 874
421 877
421 888
421 893
421 894
421 897
421 898
421 899
421 909
421 911
421 912
421 917
421 921
421 926
421 927
421 929
421 930
421 935
421 938
421 941
421 952
421 954
421 963
421 964
421 965
421 968
421 970
421 975
421 978
421 981
421 982
421 985
421 988
421 995
421 997
421 998
421 999
422 501
422 503
422 504
422 506
422 508
422 517
422 520
422 522
422 526
422 527
422 534
422 535
422 536
422 540
422 544
422 545
422 548
422 553
422 557
422 558
422 564
422 575
422 576
422 579
422 581
422 588
422 593
422 597
422 598
422 607
422 610
422 612
422 614
422 615
422 618
422 620
422 625
422 626
422 631
422 632
422 634
422 635
422 637
422 640
422 641
422 644
422 650
422 651
422 655
422 656
422 658
422 660
422 664
422 670
422 671
422 673
422 681
422 682
422 686
422 691
422 692
422 694
422 707
422 711
422 712
422 715
422 717
422 722
422 724
422 725
422 727
422 728
422 731
422 735
422 736
422 752
422 760
422 761
422 763
422 767
422 770
422 774
422 778
422 784
422 785
422 787
422 790
422 791
422 801
422 805
422 806
422 812
422 814
422 819
422 829
422 831
422 834
422 837
422 838
422 841
422 842
422 846
422 847
422 849
422 852
422 858
422 860
422 863
422 864
422 866
422 869
422 873
422 874
422 875
422 876
422 877
422 879
422 889
422 894
422 895
422 896
422 900
422 902
422 903
422 904
422 906
422 912
422 914
422 915
422 919
422 920
422 924
422 937
422 938
422 940
422 947
422 952
422 958
422 960
422 962
422 963
422 966
422 968
422 970
422 972
422 973
422 974
422 977
422 978
422 979
422 980
422 981
422 982
422 988
422 992
422 994
422 998
423 504
423 508
423 510
423 513
423 518
423 522
423 523
423 528
423 532
423 541
423 542
423 547
423 552
423 557
423 562
423 564
423 565
423 566
423 572
423 584
423 588
423 590
423 594
423 595
423 601
423 602
423 603
423 605
423 606
423 614
423 617
423 620
423 623
423 625
423 626
423 628
423 635
423 640
423 643
423 646
423 647
423 648
423 652
423 657
423 660
423 661
423 662
423 665
423 670
423 679
423 680
423 686
423 687
423 688
423 694
423 696
423 698
423 707
423 708
423 714
423 715
423 722
423 726
423 732
423 736
423 737
423 741
423 744
423 745
423 749
423 755
423 756
423 757
423 763
423 769
423 775
423 776
423 779
423 782
423 787
423 788
423 789
423 800
423 801
423 802
423 804
423 807
423 809
423 812
423 814
423 816
423 818
423 819
423 821
423 832
423 833
423 841
423 842
423 847
423 848
423 858
423 864
423 874
423 876
423 881
423 885
423 886
423 888
423 889
423 890
423 894
423 896
423 898
423 899
423 908
423 913
423 921
423 922
423 923
423 926
423 927
423 930
423 931
423 936
423 938
423 939
423 941
423 948
423 950
423 952
423 954
423 957
423 959
423 960
423 963
423 965
423 967
423 968
423 971
423 972
423 974
423 988
423 991
423 993
423 994
423 997
423 999
424 501
424 505
424 511
424 512
424 513
424 520
424 524
424 525
424 526
424 533
424 535
424 538
424 546
424 547
424 548
424 551
424 552
424 554
424 557
424 558
424 559
424 560
424 562
424 566
424 567
424 569
424 570
424 575
424 576
424 580
424 597
424 600
424 606
424 608
424 613
424 614
424 615
424 620
424 624
424 627
424 634
424 635
424 638
424 641
424 646
424 647
424 649
424 651
424 654
424 655
424 656
424 660
424 662
424 663
424 667
424 669
424 671
424 675
424 681
424 700
424 703
424 704
424 710
424 715
424 722
424 725
424 733
424 736
424 737
424 738
424 742
424 747
424 754
424 755
424 762
424 765
424 768
424 769
424 774
424 778
424 782
424 783
424 787
424 791
424 794
424 795
424 801
424 802
424 807
424 810
424 815
424 819
424 822
424 826
424 828
424 831
424 832
424 836
424 838
424 841
424 842
424 849
424 854
424 862
424 864
424 866
424 870
424 872
424 873
424 875
424 881
424 883
424 886
424 887
424 888
424 889
424 894
424 896
424 897
424 898
424 904
424 905
424 906
424 910
424 912
424 914
424 915
424 919
424 920
424 923
424 933
424 935
424 938
424 940
424 941
424 945
424 947
424 950
424 952
424 954
424 955
424 959
424 962
424 964
424 966
424 967
424 968
424 970
424 974
424 977
424 978
424 980
424 984
424 987
424 994
425 505
425 508
425 509
425 510
425 514
425 520
425 526
425 527
425 530
425 531
425 533
425 534
425 543
425 545
425 546
425 549
425 557
425 562
425 565
425 570
425 571
425 574
425 577
425 579
425 581
425 587
425 588
425 589
425 596
425 598
425 600
425 610
425 612
425 613
425 614
425 620
425 621
425 626
425 632
425 635
425 636
425 639
425 642
425 643
425 647
425 656
425 658
425 665
425 666
425 667
425 668
425 675
425 684
425 685
425 686
425 690
425 691
425 698
425 701
425 705
425 709
425 711
425 713
425 714
425 728
425 733
425 734
425 741
425 742
425 744
425 745
425 746
425 749
425 756
425 759
425 762
425 767
425 774
425 775
425 780
425 783
425 785
425 789
425 792
425 795
425 796
425 797
425 798
425 809
425 817
425 818
425 820
425 824
425 832
425 833
425 840
425 842
425 844
425 846
425 847
425 854
425 865
425 868
425 871
425 874
425 875
425 876
425 880
425 881
425 888
425 890
425 894
425 895
425 896
425 899
425 901
425 910
425 913
425 921
425 923
425 925
425 928
425 929
425 933
425 935
425 939
425 946
425 951
425 953
425 954
425 955
425 962
425 965
425 966
425 968
425 973
425 979
425 983
425 984
425 988
425 994
425 997
425 998
426 502
426 504
426 509
426 512
426 514
426 515
426 516
426 517
426 520
426 521
426 522
426 523
426 524
426 525
426 528
426 530
426 531
426 532
426 536
426 537
426 539
426 541
426 542
426 546
426 550
426 553
426 555
426 556
426 565
426 566
426 576
426 581
426 582
426 583
426 588
426 592
426 593
426 596
426 597
426 602
426 604
426 605
426 609
426 611
426 615
426 616
426 617
426 619
426 622
426 623
426 624
426 628
426 643
426 644
426 645
426 658
426 661
426 662
426 664
426 665
426 669
426 670
426 671
426 677
426 681
426 684
426 687
426 692
426 695
426 696
426 697
426 699
426 701
426 705
426 716
426 717
426 719
426 720
426 721
426 732
426 737
426 740
426 741
426 742
426 744
426 750
426 751
426 752
426 753
426 754
426 757
426 760
426 762
426 766
426 769
426 770
426 777
426 783
426 784
426 786
426 790
426 792
426 797
426 802
426 809
426 813
426 817
426 818
426 821
426 822
426 823
426 826
426 827
426 829
426 832
426 835
426 837
426 838
426 839
426 843
426 846
426 859
426 861
426 864
426 865
426 868
426 877
426 879
426 882
426 885
426 888
426 897
426 909
426 913
426 916
426 917
426 928
426 931
426 932
426 942
426 951
426 953
426 954
426 958
426 960
426 975
426 976
426 978
426 979
426 981
426 984
426 988
426 996
427 503
427 504
427 505
427 510
427 512
427 513
427 516
427 517
427 518
427 525
427 527
427 537
427 540
427 547
427 551
427 555
427 558
427 559
427 565
427 568
427 569
427 571
427 575
427 576
427 577
427 580
427 584
427 588
427 589
427 591
427 598
427 601
427 602
427 604
427 609
427 611
427 612
427 613
427 621
427 622
427 623
427 624
427 626
427 632
427 636
427 640
427 647
427 649
427 652
427 653
427 655
427 656
427 660
427 662
427 672
427 674
427 675
427 676
427 677
427 682
427 683
427 684
427 694
427 695
427 697
427 698
427 701
427 702
427 706
427 709
427 712
427 723
427 728
427 730
427 738
427 739
427 740
427 742
427 743
427 745
427 746
427 748
427 749
427 751
427 752
427 757
427 760
427 771
427 774
427 787
427 793
427 801
427 806
427 810
427 811
427 814
427 834
427 836
427 842
427 843
427 845
427 853
427 855
427 859
427 863
427 865
427 866
427 872
427 873
427 881
427 883
427 884
427 890
427 891
427 892
427 897
427 898
427 899
427 904
427 908
427 910
427 911
427 912
427 913
427 916
427 931
427 932
427 933
427 937
427 941
427 944
427 947
427 948
427 950
427 952
427 957
427 960
427 962
427 967
427 971
427 974
427 976
427 977
427 978
427 979
427 983
427 984
427 985
427 988
427 990
427 993
427 996
427 998
428 512
428 514
428 525
428 532
428 534
428 549
428 550
428 551
428 557
428 560
428 561
428 562
428 565
428 568
428 569
428 579
428 580
428 581
428 584
428 585
428 588
428 589
428 600
428 601
428 604
428 605
428 611
428 612
428 613
428 615
428 617
428 618
428 622
428 629
428 630
428 637
428 640
428 646
428 647
428 649
428 652
428 653
428 656
428 661
428 662
428 664
428 667
428 670
428 671
428 672
428 684
428 689
428 695
428 696
428 697
428 698
428 705
428 707
428 708
428 709
428 711
428 712
428 713
428 715
428 718
428 719
428 723
428 725
428 737
428 746
428 749
428 750
428 753
428 754
428 758
428 759
428 763
428 766
428 768
428 771
428 775
428 776
428 786
428 789
428 793
428 795
428 796
428 800
428 804
428 806
428 812
428 815
428 816
428 820
428 823
428 824
428 829
428 832
428 833
428 835
428 838
428 839
428 841
428 842
428 845
428 848
428 849
428 851
428 853
428 857
428 859
428 867
428 871
428 876
428 877
428 880
428 883
428 889
428 903
428 904
428 908
428 910
428 911
428 915
428 924
428 926
428 930
428 934
428 937
428 944
428 950
428 951
428 953
428 958
428 959
428 961
428 969
428 971
428 994
428 999
428 1000
429 501
429 505
429 506
429 507
429 509
429 511
429 512
429 514
429 515
429 516
429 518
429 519
429 522
429 525
429 528
429 534
429 536
429 538
429 542
429 545
429 555
429 561
429 564
429 574
429 575
429 577
429 578
429 579
429 580
429 584
429 585
429 587
429 588
429 599
429 602
429 604
429 607
429 608
429 622
429 623
429 624
429 635
429 637
429 639
429 642
429 644
429 645
429 649
429 651
429 655
429 658
429 664
429 665
429 674
429 678
429 687
429 689
429 691
429 697
429 700
429 705
429 708
429 717
429 720
429 726
429 727
429 728
429 736
429 741
429 742
429 745
429 746
429 748
429 749
429 750
429 756
429 764
429 769
429 772
429 777
429 778
429 779
429 784
429 787
429 792
429 794
429 800
429 805
429 808
429 811
429 816
429 817
429 818
429 821
429 822
429 825
429 831
429 837
429 839
429 840
429 855
429 866
429 867
429 873
429 880
429 881
429 886
429 888
429 894
429 895
429 896
429 898
429 901
429 902
429 912
429 913
429 915
429 916
429 925
429 929
429 932
429 936
429 939
429 944
429 951
429 954
429 957
429 959
429 968
429 970
429 971
429 974
429 981
429 985
429 989
429 995
429 1000
430 501
430 504
430 506
430 509
430 510
430 511
430 512
430 517
430 518
430 521
430 522
430 523
430 525
430 530
430 534
430 541
430 549
430 552
430 555
430 560
430 561
430 563
430 566
430 570
430 584
430 592
430 593
430 598
430 608
430 619
430 620
430 622
430 624
430 626
430 627
430 628
430 629
430 638
430 641
430 643
430 644
430 645
430 651
430 655
430 660
430 661
430 667
430 668
430 671
430 675
430 677
430 681
430 682
430 683
430 686
430 687
430 695
430 702
430 708
430 711
430 712
430 716
430 717
430 722
430 725
430 726
430 727
430 732
430 736
430 739
430 743
430 745
430 747
430 752
430 754
430 758
430 761
430 768
430 770
430 772
430 774
430 779
430 781
430 782
430 783
430 785
430 788
430 796
430 801
430 806
430 813
430 815
430 816
430 823
430 824
430 826
430 828
430 829
430 830
430 834
430 836
430 838
430 843
430 845
430 846
430 847
430 853
430 861
430 863
430 865
430 872
430 873
430 881
430 886
430 892
430 893
430 896
430 901
430 903
430 904
430 906
430 907
430 908
430 910
430 913
430 915
430 918
430 919
430 921
430 924
430 930
430 931
430 932
430 935
430 936
430 940
430 947
430 957
430 961
430 962
430 972
430 973
430 974
430 979
430 985
430 990
430 994
430 997
430 999
431 501
431 503
431 505
431 506
431 510
431 512
431 513
431 516
431 517
431 526
431 528
431 534
431 535
431 536
431 543
431 548
431 552
431 558
431 561
431 562
431 565
431 566
431 567
431 568
431 570
431 578
431 581
431 583
431 585
431 586
431 587
431 588
431 590
431 592
431 593
431 594
431 601
431 603
431 608
431 612
431 621
431 623
431 628
431 630
431 636
431 642
431 643
431 646
431 654
431 655
431 656
431 665
431 670
431 675
431 676
431 677
431 678
431 679
431 683
431 685
431 688
431 692
431 693
431 695
431 697
431 699
431 701
431 704
431 706
431 708
431 709
431 711
431 713
431 717
431 721
431 724
431 728
431 729
431 731
431 737
431 742
431 743
431 745
431 749
431 762
431 764
431 766
431 768
431 777
431 778
431 782
431 783
431 797
431 800
431 801
431 804
431 809
431 810
431 815
431 824
431 826
431 834
431 838
431 844
431 848
431 850
431 851
431 856
431 865
431 866
431 870
431 875
431 890
431 891
431 893
431 894
431 899
431 902
431 903
431 909
431 914
431 924
431 927
431 933
431 934
431 935
431 938
431 940
431 941
431 946
431 948
431 954
431 955
431 960
431 963
431 964
431 969
431 971
431 978
431 979
431 985
431 988
431 990
431 991
431 996
432 505
432 509
432 511
432 512
432 522
432 525
432 529
432 530
432 531
432 537
432 538
432 540
432 546
432 547
432 551
432 554
432 559
432 560
432 568
432 573
432 576
432 581
432 583
432 588
432 589
432 593
432 594
432 597
432 598
432 607
432 616
432 617
432 624
432 625
432 630
432 631
432 632
432 634
432 635
432 640
432 642
432 647
432 651
432 654
432 658
432 659
432 678
432 679
432 682
432 683
432 685
432 686
432 687
432 691
432 693
432 701
432 705
432 707
432 708
432 712
432 713
432 714
432 716
432 721
432 722
432 725
432 730
432 732
432 734
432 738
432 739
432 743
432 745
432 758
432 759
432 760
432 762
432 770
432 771
432 780
432 782
432 784
432 788
432 789
432 791
432 792
432 795
432 796
432 797
432 802
432 804
432 815
432 818
432 819
432 822
432 825
432 829
432 835
432 838
432 841
432 843
432 846
432 847
432 850
432 853
432 855
432 856
432 867
432 868
432 869
432 873
432 876
432 878
432 880
432 882
432 885
432 888
432 894
432 900
432 902
432 904
432 906
432 907
432 909
432 917
432 921
432 922
432 926
432 929
432 932
432 933
432 941
432 943
432 944
432 947
432 949
432 953
432 955
432 958
432 967
432 971
432 973
432 974
432 977
432 978
432 987
432 988
432 989
432 994
432 996
433 501
433 504
433 505
433 507
433 508
433 512
433 516
433 519
433 527
433 536
433 539
433 541
433 543
433 550
433 552
433 553
433 555
433 556
433 559
433 561
433 569
433 571
433 572
433 574
433 578
433 580
433 582
433 587
433 594
433 603
433 604
433 605
433 608
433 611
433 612
433 613
433 615
433 617
433 618
433 622
433 624
433 625
433 627
433 630
433 632
433 646
433 650
433 651
433 655
433 657
433 660
433 661
433 662
433 665
433 667
433 668
433 673
433 676
433 683
433 686
433 688
433 696
433 697
433 698
433 700
433 704
433 705
433 706
433 707
433 709
433 710
433 714
433 716
433 717
433 722
433 733
433 737
433 745
433 746
433 747
433 749
433 750
433 755
433 758
433 764
433 766
433 775
433 782
433 783
433 786
433 794
433 797
433 800
433 805
433 806
433 810
433 814
433 817
433 818
433 822
433 825
433 827
433 833
433 837
433 843
433 846
433 849
433 855
433 860
433 861
433 870
433 872
433 873
433 876
433 880
433 881
433 883
433 884
433 885
433 887
433 891
433 892
433 894
433 905
433 907
433 908
433 909
433 912
433 913
433 914
433 915
433 918
433 927
433 929
433 930
433 931
433 932
433 939
433 942
433 945
433 946
433 949
433 956
433 959
433 960
433 961
433 962
433 965
433 973
433 975
433 978
433 981
433 984
433 989
433 990
433 991
433 993
433 1000
434 521
434 529
434 532
434 534
434 538
434 539
434 544
434 545
434 548
434 556
434 562
434 564
434 572
434 575
434 581
434 582
434 586
434 588
434 601
434 602
434 608
434 609
434 611
434 615
434 617
434 618
434 621
434 622
434 623
434 626
434 627
434 631
434 632
434 637
434 638
434 639
434 642
434 660
434 666
434 671
434 673
434 674
434 676
434 678
434 681
434 686
434 687
434 691
434 695
434 699
434 700
434 701
434 702
434 709
434 710
434 711
434 716
434 717
434 719
434 720
434 722
434 723
434 725
434 728
434 730
434 732
434 733
434 735
434 736
434 737
434 738
434 741
434 745
434 748
434 750
434 751
434 753
434 755
434 760
434 765
434 768
434 777
434 783
434 786
434 792
434 793
434 794
434 799
434 809
434 810
434 813
434 816
434 819
434 821
434 824
434 832
434 834
434 841
434 843
434 844
434 852
434 854
434 863
434 866
434 867
434 869
434 871
434 876
434 879
434 880
434 882
434 884
434 885
434 901
434 905
434 907
434 908
434 909
434 923
434 924
434 927
434 930
434 932
434 936
434 939
434 945
434 947
434 949
434 951
434 954
434 957
434 960
434 963
434 965
434 966
434 969
434 971
434 972
434 975
434 978
434 980
434 982
434 983
434 985
434 986
434 989
434 995
435 501
435 511
435 512
435 513
435 515
435 517
435 519
435 520
435 524
435 526
435 531
435 532
435 534
435 540
435 542
435 545
435 549
435 552
435 553
435 555
435 556
435 563
435 570
435 572
435 581
435 583
435 586
435 588
435 591
435 600
435 602
435 603
435 604
435 609
435 612
435 615
435 618
435 620
435 623
435 633
435 634
435 637
435 639
435 645
435 647
435 650
435 654
435 658
435 659
435 662
435 665
435 670
435 671
435 673
435 676
435 677
435 682
435 685
435 690
435 691
435 693
435 697
435 700
435 701
435 703
435 705
435 706
435 708
435 710
435 713
435 714
435 722
435 737
435 739
435 740
435 743
435 746
435 747
435 752
435 754
435 757
435 764
435 771
435 772
435 778
435 780
435 782
435 784
435 785
435 789
435 791
435 792
435 793
435 795
435 796
435 799
435 801
435 802
435 804
435 805
435 808
435 811
435 814
435 815
435 818
435 825
435 826
435 830
435 832
435 837
435 844
435 846
435 847
435 849
435 850
435 852
435 853
435 854
435 861
435 868
435 873
435 874
435 879
435 880
435 886
435 888
435 890
435 893
435 896
435 900
435 903
435 905
435 906
435 911
435 913
435 916
435 917
435 920
435 928
435 934
435 936
435 943
435 946
435 953
435 954
435 955
435 956
435 958
435 959
435 961
435 965
435 966
435 967
435 968
435 972
435 974
435 977
435 979
435 983
435 984
435 985
435 990
435 991
436 501
436 504
436 505
436 506
436 507
436 514
436 519
436 522
436 523
436 526
436 529
436 531
436 534
436 540
436 541
436 542
436 545
436 546
436 547
436 548
436 554
436 562
436 563
436 565
436 569
436 570
436 571
436 572
436 582
436 584
436 587
436 593
436 600
436 606
436 610
436 612
436 617
436 619
436 623
436 625
436 626
436 635
436 643
436 647
436 656
436 657
436 660
436 670
436 674
436 680
436 683
436 688
436 689
436 692
436 693
436 694
436 696
436 701
436 705
436 712
436 716
436 719
436 721
436 728
436 732
436 734
436 736
436 739
436 743
436 745
436 746
436 748
436 752
436 753
436 761
436 762
436 771
436 781
436 782
436 786
436 787
436 793
436 797
436 799
436 802
436 803
436 816
436 820
436 821
436 824
436 826
436 827
436 835
436 842
436 845
436 846
436 849
436 853
436 858
436 861
436 868
436 869
436 871
436 877
436 879
436 884
436 886
436 892
436 895
436 899
436 900
436 902
436 906
436 916
436 921
436 925
436 927
436 930
436 931
436 932
436 933
436 934
436 937
436 939
436 940
436 942
436 943
436 946
436 948
436 952
436 958
436 965
436 969
436 970
436 974
436 975
436 977
436 983
436 986
436 992
436 993
436 994
436 995
437 501
437 504
437 507
437 508
437 509
437 525
437 527
437 528
437 537
437 540
437 546
437 547
437 548
437 549
437 552
437 555
437 558
437 561
437 565
437 568
437 572
437 574
437 576
437 578
437 581
437 583
437 590
437 595
437 598
437 606
437 608
437 610
437 614
437 616
437 619
437 620
437 628
437 633
437 634
437 636
437 637
437 638
437 639
437 642
437 644
437 646
437 647
437 648
437 649
437 654
437 656
437 665
437 667
437 669
437 672
437 684
437 687
437 688
437 694
437 695
437 701
437 704
437 705
437 709
437 716
437 721
437 722
437 727
437 730
437 737
437 743
437 744
437 751
437 755
437 756
437 757
437 758
437 774
437 776
437 787
437 790
437 800
437 802
437 807
437 808
437 809
437 813
437 814
437 815
437 817
437 818
437 820
437 821
437 823
437 829
437 830
437 832
437 833
437 834
437 837
437 839
437 842
437 852
437 854
437 860
437 872
437 879
437 882
437 885
437 888
437 890
437 891
437 892
437 893
437 895
437 900
437 901
437 903
437 904
437 907
437 911
437 912
437 919
437 920
437 921
437 923
437 924
437 926
437 928
437 930
437 935
437 936
437 937
437 938
437 939
437 940
437 943
437 944
437 946
437 949
437 951
437 958
437 962
437 970
437 972
437 973
437 975
437 979
437 981
437 982
437 984
437 987
437 988
437 990
437 995
437 998
437 1000
438 505
438 506
438 508
438 510
438 515
438 517
438 519
438 520
438 529
438 530
438 535
438 540
438 541
438 543
438 546
438 547
438 548
438 557
438 561
438 562
438 563
438 564
438 570
438 572
438 573
438 580
438 591
438 598
438 603
438 613
438 616
438 621
438 622
438 623
438 628
438 631
438 633
438 635
438 638
438 642
438 643
438 645
438 653
438 655
438 656
438 669
438 672
438 674
438 680
438 686
438 688
438 690
438 693
438 697
438 699
438 703
438 705
438 706
438 712
438 713
438 714
438 715
438 721
438 724
438 731
438 743
438 745
438 748
438 749
438 753
438 756
438 758
438 766
438 768
438 771
438 772
438 773
438 774
438 779
438 781
438 784
438 791
438 794
438 796
438 799
438 802
438 805
438 807
438 808
438 810
438 814
438 819
438 821
438 822
438 823
438 824
438 828
438 830
438 835
438 837
438 839
438 841
438 842
438 843
438 848
438 851
438 856
438 857
438 858
438 861
438 862
438 863
438 867
438 869
438 872
438 880
438 883
438 889
438 893
438 898
438 899
438 903
438 907
438 908
438 909
438 911
438 913
438 914
438 915
438 916
438 917
438 919
438 920
438 930
438 935
438 937
438 938
438 940
438 941
438 945
438 946
438 947
438 950
438 952
438 956
438 959
438 968
438 970
438 974
438 975
438 977
438 980
438 982
438 985
438 992
439 503
439 506
439 516
439 517
439 527
439 528
439 529
439 533
439 536
439 537
439 538
439 541
439 542
439 548
439 549
439 553
439 556
439 565
439 571
439 573
439 576
439 580
439 582
439 584
439 588
439 595
439 598
439 606
439 616
439 620
439 621
439 625
439 626
439 628
439 635
439 638
439 642
439 649
439 655
439 663
439 666
439 669
439 670
439 671
439 673
439 675
439 679
439 686
439 687
439 688
439 690
439 693
439 694
439 697
439 702
439 705
439 709
439 715
439 716
439 722
439 723
439 726
439 727
439 729
439 731
439 733
439 734
439 738
439 744
439 745
439 747
439 748
439 750
439 753
439 755
439 758
439 762
439 765
439 767
439 771
439 772
439 775
439 776
439 779
439 780
439 783
439 790
439 791
439 795
439 799
439 806
439 809
439 811
439 814
439 817
439 825
439 836
439 839
439 841
439 843
439 845
439 852
439 855
439 861
439 863
439 867
439 868
439 871
439 876
439 880
439 881
439 888
439 892
439 893
439 896
439 900
439 906
439 909
439 912
439 916
439 917
439 918
439 921
439 926
439 928
439 929
439 936
439 937
439 943
439 946
439 947
439 949
439 950
439 951
439 953
439 958
439 965
439 966
439 970
439 971
439 972
439 973
439 974
439 979
439 988
439 990
439 993
439 994
440 501
440 507
440 508
440 511
440 512
440 513
440 518
440 521
440 522
440 525
440 530
440 532
440 533
440 534
440 535
440 540
440 543
440 548
440 551
440 552
440 553
440 554
440 555
440 556
440 557
440 561
440 564
440 567
440 568
440 581
440 592
440 598
440 601
440 604
440 606
440 611
440 615
440 617
440 619
440 622
440 624
440 628
440 632
440 636
440 638
440 639
440 643
440 644
440 649
440 661
440 662
440 663
440 665
440 672
440 676
440 682
440 683
440 684
440 689
440 690
440 694
440 697
440 698
440 699
440 700
440 706
440 709
440 713
440 717
440 720
440 721
440 723
440 730
440 731
440 740
440 741
440 742
440 748
440 751
440 752
440 753
440 757
440 758
440 759
440 761
440 763
440 765
440 766
440 768
440 773
440 774
440 776
440 780
440 786
440 790
440 791
440 794
440 796
440 805
440 811
440 814
440 815
440 817
440 824
440 825
440 826
440 827
440 833
440 841
440 842
440 843
440 846
440 850
440 855
440 857
440 858
440 860
440 866
440 868
440 869
440 876
440 879
440 881
440 882
440 886
440 887
440 889
440 893
440 895
440 904
440 910
440 912
440 916
440 920
440 921
440 924
440 929
440 930
440 938
440 940
440 944
440 946
440 950
440 957
440 959
440 971
440 977
440 980
440 984
440 986
440 989
440 990
440 991
440 992
440 993
440 996
440 999
441 507
441 508
441 509
441 512
441 517
441 521
441 532
441 536
441 539
441 541
441 544
441 545
441 546
441 548
441 549
441 559
441 560
441 561
441 562
441 566
441 568
441 572
441 577
441 579
441 586
441 592
441 597
441 603
441 605
441 610
441 614
441 617
441 626
441 627
441 631
441 632
441 633
441 637
441 638
441 644
441 646
441 647
441 650
441 653
441 665
441 666
441 671
441 675
441 677
441 680
441 681
441 682
441 683
441 686
441 687
441 692
441 695
441 700
441 701
441 702
441 704
441 706
441 707
441 708
441 714
441 715
441 721
441 723
441 726
441 727
441 728
441 739
441 740
441 741
441 742
441 744
441 751
441 752
441 754
441 759
441 764
441 773
441 776
441 778
441 781
441 784
441 786
441 791
441 796
441 799
441 806
441 810
441 818
441 823
441 832
441 836
441 848
441 857
441 859
441 871
441 880
441 881
441 883
441 886
441 887
441 888
441 896
441 903
441 906
441 907
441 908
441 912
441 913
441 921
441 922
441 928
441 933
441 935
441 943
441 945
441 948
441 955
441 965
441 967
441 968
441 976
441 983
441 984
441 988
441 993
441 995
441 1000
442 507
442 512
442 513
442 514
442 521
442 522
442 529
442 539
442 541
442 549
442 551
442 552
442 554
442 566
442 567
442 568
442 569
442 573
442 575
442 576
442 577
442 579
442 580
442 583
442 588
442 593
442 595
442 597
442 598
442 609
442 613
442 618
442 619
442 625
442 626
442 628
442 631
442 634
442 635
442 643
442 644
442 647
442 650
442 653
442 654
442 658
442 660
442 662
442 663
442 667
442 676
442 677
442 681
442 683
442 689
442 696
442 697
442 707
442 710
442 712
442 716
442 723
442 724
442 729
442 734
442 735
442 736
442 740
442 743
442 746
442 754
442 755
442 756
442 758
442 759
442 762
442 763
442 767
442 768
442 770
442 781
442 782
442 785
442 788
442 789
442 791
442 792
442 793
442 796
442 798
442 801
442 802
442 803
442 808
442 809
442 818
442 820
442 828
442 831
442 839
442 841
442 847
442 852
442 853
442 856
442 858
442 859
442 865
442 868
442 874
442 876
442 877
442 879
442 884
442 886
442 896
442 905
442 906
442 908
442 912
442 915
442 920
442 921
442 922
442 924
442 932
442 934
442 937
442 944
442 946
442 951
442 954
442 961
442 962
442 980
442 982
442 985
442 989
442 994
442 995
442 997
443 501
443 504
443 506
443 508
443 526
443 528
443 531
443 534
443 535
443 536
443 546
443 551
443 562
443 563
443 567
443 577
443 580
443 585
443 591
443 601
443 602
443 603
443 608
443 612
443 616
443 617
443 618
443 619
443 622
443 626
443 632
443 638
443 640
443 645
443 651
443 655
443 656
443 661
443 665
443 667
443 671
443 672
443 679
443 683
443 685
443 690
443 691
443 694
443 696
443 700
443 705
443 707
443 709
443 716
443 719
443 721
443 722
443 732
443 736
443 745
443 746
443 748
443 751
443 759
443 762
443 764
443 765
443 766
443 772
443 773
443 776
443 780
443 785
443 786
443 788
443 789
443 790
443 791
443 796
443 797
443 798
443 801
443 802
443 803
443 808
443 809
443 811
443 812
443 813
443 818
443 821
443 824
443 829
443 832
443 833
443 834
443 843
443 845
443 849
443 856
443 859
443 861
443 862
443 863
443 864
443 869
443 873
443 876
443 880
443 882
443 883
443 885
443 887
443 889
443 890
443 891
443 896
443 898
443 900
443 904
443 907
443 908
443 915
443 917
443 918
443 933
443 941
443 942
443 943
443 944
443 945
443 948
443 949
443 955
443 960
443 961
443 962
443 965
443 971
443 972
443 974
443 976
443 980
443 981
443 983
443 984
443 987
443 994
443 995
443 997
443 998
443 999
444 501
444 508
444 513
444 517
444 519
444 526
444 528
444 531
444 533
444 534
444 540
444 546
444 551
444 553
444 554
444 555
444 563
444 580
444 586
444 590
444 593
444 596
444 597
444 598
444 602
444 606
444 607
444 611
444 617
444 619
444 625
444 630
444 632
444 634
444 638
444 640
444 642
444 643
444 644
444 653
444 655
444 656
444 659
444 663
444 668
444 670
444 675
444 676
444 689
444 690
444 691
444 697
444 699
444 706
444 711
444 712
444 714
444 717
444 719
444 720
444 724
444 727
444 733
444 736
444 737
444 743
444 746
444 751
444 756
444 757
444 761
444 763
444 764
444 765
444 769
444 776
444 784
444 798
444 800
444 801
444 802
444 806
444 810
444 813
444 814
444 817
444 820
444 828
444 831
444 834
444 841
444 846
444 850
444 851
444 853
444 855
444 857
444 859
444 866
444 868
444 873
444 875
444 876
444 877
444 887
444 889
444 891
444 902
444 903
444 907
444 908
444 918
444 920
444 926
444 929
444 938
444 940
444 942
444 943
444 948
444 950
444 951
444 953
444 959
444 964
444 965
444 967
444 968
444 971
444 972
444 974
444 978
444 979
444 982
444 988
444 990
444 993
444 995
444 999
444 1000
445 503
445 508
445 509
445 511
445 513
445 517
445 521
445 526
445 530
445 533
445 537
445 538
445 541
445 547
445 557
445 562
445 565
445 571
445 572
445 573
445 574
445 575
445 576
445 581
445 590
445 591
445 595
445 600
445 606
445 610
445 616
445 618
445 622
445 624
445 629
445 630
445 632
445 634
445 642
445 649
445 655
445 658
445 659
445 660
445 662
445 666
445 667
445 669
445 671
445 675
445 679
445 681
445 682
445 684
445 688
445 692
445 696
445 698
445 701
445 703
445 705
445 707
445 708
445 709
445 710
445 711
445 712
445 716
445 718
445 719
445 724
445 729
445 730
445 736
445 738
445 739
445 741
445 743
445 745
445 754
445 756
445 758
445 759
445 760
445 761
445 763
445 766
445 767
445 768
445 769
445 773
445 774
445 775
445 776
445 781
445 784
445 786
445 788
445 792
445 794
445 795
445 798
445 801
445 808
445 810
445 811
445 814
445 818
445 821
445 824
445 833
445 836
445 837
445 848
445 849
445 855
445 856
445 858
445 860
445 861
445 866
445 867
445 869
445 876
445 877
445 881
445 885
445 888
445 889
445 891
445 893
445 894
445 896
445 913
445 915
445 916
445 922
445 927
445 930
445 932
445 935
445 941
445 944
445 946
445 950
445 965
445 968
445 970
445 973
445 974
445 978
445 984
445 988
445 991
445 993
445 995
445 997
445 998
446 503
446 504
446 506
446 510
446 513
446 514
446 515
446 519
446 523
446 524
446 527
446 529
446 531
446 537
446 542
446 543
446 547
446 549
446 550
446 552
446 558
446 559
446 561
446 562
446 563
446 564
446 567
446 570
446 571
446 575
446 577
446 579
446 585
446 593
446 596
446 602
446 604
446 606
446 610
446 612
446 614
446 618
446 625
446 629
446 633
446 634
446 636
446 637
446 647
446 650
446 656
446 657
446 660
446 672
446 673
446 676
446 677
446 680
446 683
446 699
446 702
446 705
446 709
446 711
446 715
446 724
446 726
446 728
446 735
446 743
446 744
446 746
446 752
446 757
446 761
446 762
446 766
446 767
446 772
446 775
446 777
446 791
446 794
446 796
446 801
446 803
446 805
446 808
446 812
446 813
446 816
446 817
446 825
446 827
446 828
446 829
446 830
446 831
446 833
446 834
446 838
446 845
446 848
446 851
446 852
446 855
446 860
446 864
446 866
446 867
446 868
446 873
446 876
446 877
446 882
446 889
446 891
446 892
446 893
446 895
446 898
446 910
446 911
446 918
446 920
446 923
446 925
446 929
446 931
446 934
446 936
446 938
446 939
446 942
446 944
446 945
446 946
446 947
446 948
446 949
446 953
446 954
446 963
446 964
446 965
446 970
446 976
446 981
446 984
446 987
446 990
446 998
447 501
447 504
447 506
447 523
447 529
447 533
447 534
447 538
447 541
447 543
447 545
447 548
447 549
447 550
447 559
447 563
447 567
447 570
447 574
447 575
447 580
447 581
447 582
447 586
447 587
447 588
447 599
447 602
447 605
447 608
447 620
447 624
447 626
447 627
447 633
447 637
447 639
447 641
447 642
447 644
447 646
447 649
447 651
447 655
447 663
447 664
447 670
447 675
447 678
447 679
447 682
447 684
447 685
447 689
447 690
447 696
447 701
447 703
447 705
447 708
447 712
447 717
447 722
447 723
447 730
447 731
447 733
447 735
447 739
447 740
447 742
447 743
447 751
447 753
447 764
447 766
447 767
447 768
447 769
447 771
447 773
447 776
447 782
447 783
447 785
447 787
447 789
447 790
447 791
447 792
447 793
447 795
447 797
447 812
447 813
447 817
447 822
447 826
447 828
447 829
447 841
447 845
447 846
447 847
447 849
447 850
447 851
447 853
447 854
447 856
447 860
447 864
447 866
447 867
447 868
447 869
447 870
447 876
447 877
447 878
447 888
447 889
447 890
447 892
447 894
447 895
447 896
447 900
447 902
447 907
447 912
447 917
447 921
447 933
447 935
447 943
447 944
447 948
447 949
447 956
447 960
447 961
447 962
447 970
447 971
447 973
447 978
447 979
447 980
447 981
447 989
447 994
447 998
447 999
448 503
448 506
448 507
448 508
448 512
448 515
448 518
448 521
448 528
448 529
448 532
448 534
448 536
448 537
448 538
448 539
448 544
448 547
448 558
448 561
448 562
448 563
448 567
448 572
448 574
448 576
448 581
448 583
448 584
448 595
448 600
448 602
448 608
448 613
448 617
448 625
448 627
448 628
448 630
448 634
448 637
448 638
448 648
448 649
448 651
448 652
448 655
448 658
448 665
448 669
448 671
448 675
448 678
448 684
448 685
448 688
448 689
448 691
448 695
448 696
448 697
448 699
448 705
448 706
448 708
448 709
448 711
448 712
448 719
448 723
448 724
448 726
448 729
448 732
448 733
448 737
448 739
448 740
448 742
448 743
448 746
448 749
448 751
448 754
448 762
448 768
448 770
448 771
448 776
448 779
448 781
448 783
448 786
448 788
448 794
448 795
448 799
448 801
448 807
448 811
448 814
448 817
448 819
448 821
448 823
448 827
448 830
448 832
448 833
448 838
448 843
448 845
448 851
448 857
448 858
448 860
448 863
448 865
448 867
448 870
448 873
448 876
448 879
448 881
448 882
448 889
448 892
448 896
448 898
448 903
448 908
448 909
448 911
448 913
448 918
448 921
448 932
448 940
448 941
448 947
448 949
448 951
448 954
448 957
448 960
448 963
448 965
448 966
448 971
448 973
448 974
448 981
448 983
448 986
448 987
448 988
448 990
448 994
448 996
449 503
449 504
449 507
449 514
449 538
449 540
449 542
449 546
449 548
449 551
449 557
449 558
449 563
449 564
449 566
449 570
449 571
449 573
449 581
449 582
449 588
449 589
449 592
449 595
449 604
449 605
449 607
449 613
449 617
449 619
449 625
449 627
449 630
449 636
449 645
449 649
449 658
449 660
449 666
449 673
449 677
449 678
449 679
449 681
449 687
449 688
449 691
449 703
449 709
449 717
449 721
449 730
449 733
449 735
449 736
449 737
449 739
449 740
449 741
449 746
449 752
449 754
449 758
449 767
449 777
449 779
449 790
449 791
449 798
449 801
449 805
449 810
449 811
449 812
449 813
449 818
449 823
449 826
449 828
449 829
449 833
449 841
449 843
449 846
449 849
449 853
449 857
449 859
449 860
449 866
449 867
449 868
449 869
449 871
449 874
449 875
449 883
449 886
449 889
449 896
449 899
449 904
449 905
449 914
449 918
449 929
449 931
449 936
449 938
449 942
449 946
449 947
449 955
449 958
449 959
449 969
449 971
449 973
449 981
449 982
449 983
449 986
449 988
449 993
449 996
449 997
450 501
450 504
450 505
450 507
450 510
450 513
450 522
450 524
450 525
450 531
450 537
450 540
450 541
450 544
450 548
450 553
450 555
450 556
450 557
450 560
450 563
450 564
450 566
450 567
450 570
450 571
450 579
450 582
450 591
450 592
450 593
450 600
450 603
450 608
450 609
450 612
450 616
450 624
450 625
450 630
450 637
450 638
450 640
450 642
450 648
450 652
450 653
450 654
450 656
450 657
450 659
450 667
450 668
450 670
450 672
450 673
450 674
450 679
450 680
450 681
450 683
450 691
450 692
450 693
450 696
450 701
450 704
450 705
450 706
450 709
450 710
450 713
450 718
450 724
450 726
450 728
450 729
450 730
450 732
450 736
450 737
450 739
450 745
450 746
450 748
450 750
450 751
450 752
450 753
450 756
450 757
450 759
450 762
450 764
450 766
450 772
450 774
450 779
450 786
450 789
450 791
450 793
450 794
450 798
450 799
450 801
450 803
450 804
450 805
450 806
450 809
450 812
450 814
450 815
450 816
450 817
450 820
450 826
450 827
450 832
450 833
450 834
450 837
450 838
450 839
450 842
450 844
450 848
450 850
450 851
450 856
450 860
450 862
450 863
450 869
450 871
450 873
450 877
450 878
450 879
450 880
450 882
450 891
450 892
450 899
450 901
450 912
450 921
450 924
450 925
450 930
450 933
450 935
450 938
450 940
450 941
450 944
450 947
450 948
450 949
450 956
450 957
450 960
450 963
450 965
450 967
450 976
450 978
450 985
450 992
451 501
451 506
451 508
451 510
451 514
451 515
451 516
451 517
451 518
451 520
451 524
451 526
451 533
451 537
451 538
451 544
451 545
451 546
451 548
451 549
451 552
451 553
451 554
451 561
451 567
451 571
451 576
451 578
451 580
451 583
451 589
451 593
451 597
451 599
451 601
451 606
451 608
451 609
451 610
451 616
451 617
451 618
451 619
451 624
451 631
451 633
451 637
451 638
451 642
451 646
451 648
451 651
451 652
451 655
451 656
451 660
451 661
451 663
451 671
451 676
451 681
451 685
451 692
451 696
451 697
451 698
451 700
451 705
451 710
451 711
451 714
451 715
451 716
451 720
451 722
451 723
451 725
451 726
451 728
451 731
451 735
451 736
451 742
451 752
451 757
451 761
451 762
451 764
451 767
451 770
451 774
451 775
451 787
451 789
451 791
451 793
451 795
451 797
451 800
451 801
451 805
451 807
451 811
451 813
451 815
451 817
451 818
451 821
451 822
451 826
451 828
451 834
451 835
451 837
451 841
451 842
451 844
451 846
451 854
451 857
451 859
451 861
451 864
451 866
451 870
451 874
451 875
451 876
451 879
451 882
451 890
451 891
451 893
451 896
451 908
451 910
451 917
451 920
451 921
451 925
451 926
451 929
451 933
451 936
451 937
451 941
451 944
451 946
451 947
451 948
451 954
451 955
451 956
451 959
451 960
451 961
451 962
451 968
451 970
451 975
451 983
451 984
451 998
451 999
452 502
452 506
452 509
452 510
452 511
452 516
452 519
452 520
452 522
452 523
452 524
452 530
452 532
452 535
452 537
452 544
452 546
452 547
452 551
452 554
452 555
452 556
452 557
452 558
452 563
452 564
452 568
452 569
452 570
452 572
452 577
452 579
452 582
452 583
452 584
452 587
452 588
452 589
452 590
452 591
452 592
452 595
452 601
452 608
452 614
452 615
452 619
452 620
452 621
452 625
452 627
452 632
452 643
452 644
452 646
452 649
452 656
452 658
452 662
452 663
452 664
452 666
452 669
452 673
452 675
452 677
452 678
452 679
452 682
452 693
452 694
452 695
452 696
452 697
452 701
452 705
452 711
452 712
452 713
452 716
452 721
452 722
452 727
452 728
452 730
452 732
452 737
452 739
452 740
452 742
452 752
452 753
452 754
452 757
452 758
452 761
452 770
452 773
452 777
452 786
452 788
452 790
452 795
452 798
452 800
452 802
452 810
452 812
452 813
452 814
452 815
452 816
452 821
452 823
452 827
452 828
452 831
452 836
452 837
452 840
452 841
452 848
452 849
452 851
452 852
452 853
452 856
452 867
452 868
452 872
452 874
452 875
452 877
452 883
452 884
452 888
452 889
452 900
452 901
452 903
452 912
452 921
452 924
452 934
452 936
452 945
452 946
452 947
452 952
452 954
452 955
452 957
452 958
452 959
452 968
452 972
452 978
452 982
452 990
452 991
452 992
452 994
452 998
453 505
453 508
453 513
453 516
453 517
453 518
453 519
453 520
453 521
453 524
453 525
453 531
453 539
453 544
453 545
453 547
453 550
453 552
453 554
453 555
453 558
453 560
453 562
453 563
453 565
453 570
453 571
453 575
453 583
453 592
453 593
453 598
453 601
453 602
453 607
453 613
453 618
453 635
453 639
453 641
453 642
453 643
453 644
453 645
453 646
453 656
453 657
453 658
453 662
453 663
453 664
453 665
453 672
453 673
453 674
453 677
453 678
453 681
453 693
453 699
453 704
453 707
453 709
453 710
453 712
453 715
453 720
453 722
453 727
453 730
453 731
453 734
453 741
453 742
453 749
453 754
453 761
453 767
453 769
453 775
453 777
453 778
453 784
453 785
453 788
453 789
453 792
453 795
453 798
453 808
453 810
453 811
453 814
453 815
453 817
453 819
453 821
453 825
453 836
453 840
453 851
453 853
453 855
453 858
453 864
453 865
453 866
453 868
453 874
453 875
453 878
453 885
453 887
453 892
453 895
453 896
453 898
453 899
453 905
453 910
453 914
453 915
453 916
453 917
453 919
453 920
453 922
453 924
453 929
453 930
453 932
453 939
453 946
453 953
453 955
453 961
453 963
453 965
453 966
453 967
453 969
453 970
453 973
453 979
453 980
453 984
453 985
453 989
453 992
453 994
453 996
453 999
454 503
454 513
454 517
454 518
454 520
454 522
454 529
454 531
454 532
454 534
454 536
454 538
454 539
454 541
454 542
454 543
454 544
454 545
454 547
454 549
454 555
454 560
454 564
454 566
454 567
454 568
454 571
454 573
454 574
454 581
454 591
454 598
454 607
454 609
454 610
454 612
454 613
454 615
454 618
454 624
454 632
454 635
454 637
454 644
454 655
454 656
454 657
454 658
454 667
454 668
454 671
454 673
454 675
454 676
454 681
454 682
454 696
454 704
454 709
454 710
454 714
454 716
454 719
454 721
454 722
454 724
454 737
454 740
454 741
454 742
454 743
454 746
454 747
454 748
454 749
454 750
454 751
454 754
454 759
454 760
454 761
454 764
454 766
454 767
454 769
454 773
454 774
454 780
454 783
454 786
454 789
454 791
454 798
454 799
454 804
454 812
454 814
454 817
454 820
454 822
454 826
454 827
454 828
454 830
454 833
454 837
454 839
454 840
454 847
454 849
454 850
454 852
454 856
454 858
454 861
454 863
454 866
454 869
454 870
454 875
454 879
454 882
454 886
454 907
454 910
454 911
454 914
454 917
454 921
454 934
454 937
454 938
454 939
454 942
454 943
454 945
454 948
454 949
454 950
454 952
454 955
454 957
454 959
454 978
454 983
454 984
454 986
454 994
454 995
454 998
454 999
455 503
455 508
455 510
455 519
455 520
455 532
455 533
455 534
455 536
455 540
455 542
455 545
455 552
455 555
455 561
455 563
455 564
455 567
455 569
455 580
455 597
455 599
455 601
455 602
455 608
455 613
455 615
455 621
455 622
455 623
455 630
455 633
455 634
455 639
455 640
455 651
455 655
455 663
455 664
455 667
455 668
455 674
455 676
455 682
455 685
455 686
455 689
455 693
455 694
455 698
455 700
455 712
455 722
455 723
455 729
455 730
455 731
455 732
455 733
455 734
455 738
455 740
455 742
455 749
455 756
455 757
455 760
455 764
455 774
455 780
455 786
455 789
455 791
455 797
455 801
455 802
455 803
455 806
455 809
455 811
455 812
455 815
455 816
455 820
455 823
455 824
455 827
455 828
455 832
455 835
455 837
455 841
455 842
455 845
455 847
455 849
455 853
455 861
455 869
455 872
455 875
455 877
455 881
455 888
455 903
455 904
455 908
455 910
455 911
455 917
455 918
455 924
455 926
455 928
455 929
455 935
455 936
455 938
455 941
455 942
455 946
455 949
455 951
455 952
455 956
455 968
455 972
455 974
455 975
455 977
455 979
455 984
455 986
455 997
455 998
455 999
455 1000
456 501
456 504
456 505
456 507
456 512
456 516
456 518
456 520
456 524
456 527
456 539
456 544
456 545
456 548
456 551
456 553
456 558
456 559
456 560
456 564
456 568
456 577
456 584
456 586
456 594
456 595
456 597
456 600
456 604
456 605
456 607
456 608
456 609
456 613
456 616
456 621
456 625
456 630
456 632
456 636
456 644
456 651
456 652
456 654
456 660
456 661
456 663
456 667
456 670
456 673
456 677
456 682
456 686
456 690
456 692
456 698
456 701
456 706
456 707
456 710
456 711
456 712
456 719
456 720
456 721
456 727
456 728
456 743
456 747
456 749
456 752
456 756
456 765
456 766
456 775
456 776
456 781
456 783
456 791
456 794
456 795
456 797
456 798
456 799
456 801
456 803
456 807
456 808
456 811
456 814
456 817
456 821
456 827
456 829
456 831
456 833
456 840
456 842
456 844
456 845
456 850
456 851
456 852
456 854
456 855
456 858
456 861
456 863
456 866
456 869
456 873
456 879
456 881
456 882
456 889
456 892
456 893
456 898
456 903
456 908
456 912
456 915
456 918
456 927
456 928
456 931
456 932
456 935
456 936
456 937
456 945
456 949
456 955
456 959
456 963
456 965
456 966
456 967
456 975
456 980
456 985
456 986
456 987
456 994
456 995
456 1000
457 504
457 508
457 509
457 512
457 514
457 517
457 520
457 524
457 532
457 541
457 547
457 554
457 557
457 560
457 562
457 568
457 571
457 582
457 584
457 587
457 588
457 592
457 596
457 602
457 604
457 609
457 622
457 624
457 625
457 636
457 640
457 643
457 645
457 646
457 648
457 649
457 654
457 657
457 658
457 660
457 662
457 665
457 666
457 669
457 673
457 677
457 685
457 689
457 696
457 699
457 702
457 705
457 709
457 718
457 719
457 721
457 722
457 725
457 727
457 734
457 749
457 753
457 755
457 756
457 757
457 759
457 760
457 773
457 776
457 778
457 784
457 786
457 788
457 791
457 793
457 797
457 802
457 805
457 807
457 808
457 810
457 816
457 820
457 821
457 823
457 824
457 827
457 833
457 836
457 838
457 841
457 842
457 844
457 845
457 847
457 859
457 861
457 868
457 869
457 873
457 878
457 881
457 883
457 884
457 892
457 893
457 896
457 898
457 902
457 903
457 908
457 914
457 916
457 920
457 922
457 927
457 929
457 930
457 940
457 941
457 944
457 945
457 948
457 955
457 957
457 958
457 961
457 962
457 964
457 968
457 970
457 971
457 974
457 983
457 988
457 989
457 991
457 996
457 997
457 998
457 999
457 1000
458 501
458 504
458 507
458 510
458 513
458 516
458 517
458 518
458 519
458 538
458 539
458 540
458 542
458 544
458 549
458 550
458 552
458 553
458 557
458 558
458 561
458 564
458 569
458 571
458 573
458 576
458 578
458 581
458 585
458 589
458 590
458 608
458 610
458 618
458 620
458 626
458 628
458 629
458 633
458 640
458 643
458 644
458 647
458 649
458 654
458 655
458 656
458 663
458 664
458 673
458 683
458 688
458 691
458 700
458 702
458 703
458 704
458 705
458 706
458 709
458 713
458 717
458 721
458 722
458 732
458 735
458 745
458 748
458 751
458 752
458 753
458 757
458 758
458 759
458 760
458 761
458 767
458 768
458 770
458 774
458 775
458 776
458 785
458 789
458 791
458 792
458 793
458 796
458 803
458 807
458 808
458 812
458 817
458 819
458 820
458 823
458 824
458 827
458 830
458 831
458 835
458 836
458 841
458 845
458 853
458 855
458 862
458 872
458 876
458 878
458 886
458 888
458 889
458 892
458 894
458 895
458 897
458 898
458 899
458 902
458 906
458 908
458 911
458 912
458 914
458 915
458 916
458 917
458 941
458 944
458 946
458 948
458 954
458 957
458 958
458 961
458 962
458 964
458 967
458 971
458 973
458 978
458 979
458 985
458 986
458 989
458 990
458 991
458 992
458 993
458 995
458 998
459 501
459 506
459 507
459 510
459 517
459 518
459 521
459 526
459 527
459 535
459 539
459 541
459 542
459 544
459 550
459 552
459 561
459 563
459 565
459 576
459 577
459 580
459 582
459 597
459 598
459 606
459 608
459 615
459 617
459 620
459 625
459 626
459 629
459 630
459 631
459 635
459 638
459 642
459 652
459 653
459 655
459 657
459 661
459 668
459 670
459 672
459 673
459 675
459 676
459 678
459 681
459 686
459 690
459 696
459 697
459 700
459 701
459 702
459 703
459 704
459 705
459 710
459 712
459 713
459 715
459 719
459 721
459 723
459 724
459 727
459 729
459 733
459 736
459 743
459 744
459 745
459 746
459 748
459 752
459 753
459 757
459 765
459 766
459 768
459 770
459 771
459 775
459 779
459 781
459 782
459 783
459 786
459 791
459 796
459 797
459 798
459 799
459 803
459 805
459 809
459 812
459 813
459 814
459 819
459 820
459 821
459 824
459 826
459 828
459 841
459 842
459 844
459 850
459 861
459 865
459 868
459 873
459 876
459 879
459 881
459 882
459 896
459 906
459 910
459 912
459 914
459 923
459 925
459 928
459 929
459 933
459 937
459 938
459 941
459 944
459 946
459 947
459 948
459 950
459 953
459 962
459 964
459 965
459 975
459 980
459 981
459 983
459 985
459 988
459 989
459 993
459 995
459 996
460 501
460 502
460 503
460 506
460 507
460 512
460 519
460 521
460 525
460 526
460 527
460 529
460 531
460 532
460 533
460 534
460 535
460 536
460 537
460 542
460 543
460 557
460 558
460 559
460 560
460 561
460 564
460 568
460 572
460 574
460 576
460 577
460 585
460 588
460 590
460 594
460 603
460 604
460 605
460 606
460 608
460 611
460 616
460 617
460 618
460 622
460 638
460 642
460 649
460 659
460 660
460 669
460 671
460 672
460 675
460 676
460 677
460 678
460 681
460 682
460 683
460 684
460 691
460 692
460 694
460 699
460 712
460 713
460 714
460 723
460 728
460 732
460 734
460 736
460 739
460 740
460 746
460 750
460 751
460 755
460 760
460 761
460 764
460 765
460 769
460 770
460 774
460 777
460 778
460 779
460 782
460 785
460 786
460 790
460 794
460 798
460 803
460 805
460 809
460 812
460 814
460 816
460 818
460 819
460 824
460 828
460 829
460 830
460 831
460 832
460 833
460 842
460 853
460 854
460 858
460 859
460 860
460 861
460 864
460 868
460 873
460 874
460 875
460 878
460 889
460 892
460 894
460 895
460 896
460 897
460 898
460 900
460 901
460 903
460 908
460 909
460 912
460 915
460 923
460 928
460 932
460 944
460 945
460 946
460 947
460 948
460 957
460 962
460 963
460 964
460 972
460 975
460 984
460 990
460 992
460 997
461 501
461 503
461 508
461 512
461 514
461 517
461 519
461 522
461 527
461 532
461 533
461 537
461 539
461 540
461 542
461 546
461 547
461 550
461 551
461 554
461 565
461 567
461 572
461 574
461 576
461 577
461 578
461 582
461 586
461 593
461 594
461 595
461 596
461 598
461 605
461 607
461 608
461 609
461 611
461 615
461 616
461 619
461 621
461 624
461 625
461 630
461 632
461 634
461 635
461 642
461 644
461 645
461 646
461 654
461 663
461 665
461 666
461 667
461 668
461 670
461 675
461 676
461 679
461 684
461 687
461 689
461 691
461 692
461 697
461 700
461 711
461 712
461 713
461 725
461 730
461 733
461 742
461 743
461 745
461 749
461 755
461 757
461 758
461 763
461 766
461 781
461 785
461 787
461 797
461 800
461 803
461 804
461 817
461 821
461 826
461 828
461 829
461 837
461 840
461 841
461 845
461 846
461 848
461 852
461 859
461 860
461 873
461 876
461 879
461 880
461 884
461 885
461 889
461 890
461 893
461 894
461 898
461 900
461 901
461 903
461 905
461 908
461 918
461 919
461 924
461 926
461 927
461 934
461 936
461 937
461 938
461 939
461 943
461 944
461 950
461 951
461 953
461 957
461 962
461 964
461 966
461 967
461 971
461 973
461 974
461 976
461 980
461 982
461 983
461 1000
462 505
462 506
462 507
462 509
462 512
462 515
462 517
462 518
462 521
462 526
462 528
462 532
462 533
462 534
462 536
462 538
462 547
462 550
462 557
462 561
462 564
462 565
462 566
462 567
462 570
462 574
462 575
462 578
462 579
462 580
462 581
462 584
462 585
462 594
462 598
462 603
462 604
462 608
462 610
462 611
462 620
462 622
462 623
462 626
462 635
462 640
462 641
462 642
462 643
462 646
462 647
462 650
462 651
462 653
462 659
462 662
462 663
462 664
462 666
462 674
462 680
462 686
462 689
462 698
462 699
462 704
462 711
462 712
462 717
462 735
462 736
462 737
462 738
462 743
462 749
462 755
462 762
462 768
462 769
462 770
462 772
462 774
462 777
462 799
462 801
462 803
462 804
462 805
462 813
462 817
462 820
462 822
462 831
462 840
462 841
462 843
462 845
462 851
462 852
462 861
462 863
462 873
462 875
462 882
462 884
462 887
462 891
462 892
462 893
462 894
462 897
462 900
462 904
462 915
462 920
462 921
462 922
462 923
462 924
462 925
462 928
462 929
462 930
462 935
462 938
462 948
462 950
462 955
462 959
462 970
462 975
462 978
462 981
462 982
462 988
462 990
462 993
462 995
462 997
462 999
463 504
463 506
463 507
463 516
463 518
463 519
463 520
463 523
463 524
463 525
463 526
463 527
463 528
463 529
463 540
463 555
463 556
463 560
463 561
463 563
463 573
463 577
463 580
463 583
463 587
463 590
463 595
463 596
463 597
463 599
463 601
463 603
463 606
463 609
463 611
463 617
463 619
463 621
463 622
463 628
463 632
463 638
463 639
463 644
463 645
463 653
463 655
463 661
463 662
463 663
463 664
463 667
463 669
463 670
463 679
463 683
463 686
463 688
463 692
463 698
463 700
463 702
463 704
463 709
463 711
463 713
463 718
463 719
463 723
463 726
463 729
463 742
463 746
463 749
463 750
463 752
463 754
463 760
463 766
463 773
463 775
463 780
463 783
463 785
463 787
463 791
463 792
463 794
463 808
463 811
463 816
463 822
463 825
463 826
463 832
463 834
463 837
463 838
463 840
463 842
463 845
463 847
463 848
463 849
463 855
463 857
463 864
463 866
463 871
463 872
463 875
463 882
463 883
463 884
463 887
463 888
463 893
463 895
463 902
463 904
463 905
463 908
463 911
463 913
463 914
463 921
463 922
463 923
463 927
463 931
463 933
463 934
463 940
463 943
463 948
463 953
463 955
463 957
463 959
463 963
463 967
463 971
463 975
463 979
463 984
463 989
463 992
463 994
463 995
463 999
464 501
464 502
464 504
464 505
464 519
464 521
464 523
464 535
464 543
464 544
464 546
464 547
464 559
464 563
464 579
464 581
464 587
464 590
464 592
464 593
464 597
464 599
464 600
464 607
464 610
464 616
464 618
464 629
464 630
464 636
464 639
464 650
464 653
464 655
464 657
464 660
464 661
464 665
464 669
464 670
464 671
464 674
464 681
464 694
464 695
464 697
464 698
464 703
464 711
464 716
464 718
464 720
464 722
464 724
464 726
464 730
464 731
464 733
464 735
464 738
464 739
464 741
464 750
464 752
464 754
464 765
464 768
464 770
464 771
464 777
464 782
464 783
464 785
464 797
464 803
464 804
464 807
464 809
464 810
464 812
464 813
464 814
464 817
464 820
464 821
464 822
464 824
464 827
464 828
464 830
464 833
464 835
464 840
464 841
464 844
464 847
464 853
464 858
464 861
464 864
464 865
464 869
464 871
464 876
464 878
464 879
464 880
464 882
464 883
464 885
464 886
464 887
464 889
464 891
464 892
464 901
464 904
464 905
464 906
464 907
464 911
464 925
464 937
464 938
464 946
464 949
464 951
464 960
464 962
464 968
464 972
464 973
464 974
464 977
464 978
464 979
464 981
464 982
464 994
464 997
465 502
465 505
465 511
465 517
465 518
465 520
465 521
465 524
465 528
465 531
465 534
465 535
465 536
465 538
465 543
465 549
465 552
465 553
465 554
465 560
465 564
465 568
465 570
465 580
465 587
465 589
465 599
465 600
465 605
465 607
465 612
465 617
465 620
465 621
465 634
465 635
465 645
465 647
465 648
465 650
465 654
465 661
465 667
465 668
465 679
465 683
465 691
465 698
465 703
465 710
465 712
465 715
465 719
465 721
465 722
465 725
465 727
465 728
465 730
465 732
465 736
465 738
465 739
465 743
465 747
465 753
465 754
465 757
465 759
465 763
465 767
465 771
465 774
465 779
465 784
465 785
465 789
465 790
465 794
465 795
465 796
465 797
465 801
465 813
465 814
465 816
465 819
465 820
465 823
465 824
465 825
465 829
465 836
465 840
465 841
465 843
465 847
465 849
465 850
465 853
465 863
465 866
465 867
465 871
465 872
465 873
465 877
465 878
465 883
465 885
465 889
465 901
465 912
465 913
465 925
465 928
465 929
465 930
465 931
465 933
465 936
465 938
465 948
465 954
465 959
465 963
465 964
465 965
465 967
465 970
465 971
465 976
465 977
465 978
465 980
465 985
465 990
465 991
465 992
465 995
465 997
466 501
466 506
466 510
466 522
466 532
466 535
466 542
466 545
466 551
466 554
466 555
466 565
466 568
466 574
466 578
466 585
466 586
466 601
466 606
466 609
466 610
466 615
466 617
466 618
466 619
466 622
466 629
466 630
466 631
466 633
466 636
466 638
466 639
466 653
466 655
466 663
466 671
466 674
466 675
466 681
466 685
466 686
466 688
466 693
466 697
466 699
466 702
466 704
466 705
466 710
466 718
466 719
466 720
466 728
466 730
466 732
466 737
466 738
466 739
466 742
466 743
466 747
466 751
466 752
466 753
466 760
466 762
466 763
466 765
466 773
466 777
466 778
466 782
466 783
466 785
466 787
466 788
466 791
466 799
466 802
466 809
466 811
466 812
466 817
466 820
466 821
466 826
466 828
466 829
466 831
466 834
466 835
466 839
466 840
466 841
466 844
466 847
466 849
466 854
466 857
466 858
466 859
466 862
466 866
466 867
466 869
466 872
466 873
466 875
466 877
466 879
466 880
466 889
466 892
466 896
466 897
466 898
466 900
466 901
466 902
466 905
466 917
466 922
466 923
466 926
466 928
466 936
466 937
466 943
466 946
466 951
466 955
466 957
466 959
466 960
466 962
466 963
466 970
466 971
466 973
466 976
466 983
466 985
466 988
466 992
466 994
466 995
467 504
467 505
467 509
467 523
467 524
467 525
467 526
467 527
467 533
467 537
467 538
467 540
467 544
467 548
467 549
467 553
467 558
467 559
467 561
467 563
467 564
467 570
467 572
467 573
467 578
467 586
467 587
467 589
467 594
467 596
467 597
467 599
467 601
467 603
467 605
467 614
467 617
467 619
467 625
467 626
467 631
467 634
467 636
467 638
467 643
467 648
467 650
467 655
467 656
467 657
467 659
467 660
467 671
467 676
467 677
467 681
467 683
467 686
467 689
467 690
467 692
467 696
467 704
467 709
467 711
467 713
467 714
467 730
467 734
467 735
467 743
467 745
467 753
467 755
467 756
467 759
467 764
467 766
467 768
467 778
467 785
467 790
467 791
467 795
467 796
467 797
467 799
467 800
467 802
467 804
467 806
467 812
467 817
467 818
467 820
467 824
467 826
467 827
467 835
467 837
467 838
467 842
467 845
467 847
467 850
467 857
467 858
467 873
467 876
467 883
467 885
467 898
467 899
467 901
467 902
467 904
467 906
467 909
467 914
467 918
467 919
467 922
467 923
467 924
467 929
467 930
467 933
467 937
467 940
467 941
467 944
467 948
467 953
467 954
467 963
467 970
467 974
467 975
467 976
467 977
467 979
467 991
467 992
467 995
467 998
468 501
468 505
468 506
468 509
468 510
468 515
468 518
468 519
468 523
468 524
468 526
468 527
468 528
468 531
468 534
468 535
468 547
468 551
468 553
468 555
468 558
468 560
468 565
468 566
468 570
468 572
468 573
468 574
468 580
468 581
468 586
468 593
468 595
468 596
468 597
468 604
468 608
468 609
468 611
468 612
468 622
468 627
468 631
468 637
468 639
468 641
468 650
468 653
468 658
468 663
468 664
468 666
468 670
468 671
468 674
468 675
468 682
468 685
468 686
468 689
468 691
468 695
468 697
468 698
468 699
468 700
468 705
468 715
468 718
468 722
468 725
468 727
468 728
468 729
468 731
468 732
468 733
468 738
468 740
468 743
468 744
468 748
468 749
468 753
468 754
468 755
468 757
468 758
468 760
468 766
468 769
468 770
468 771
468 772
468 775
468 782
468 783
468 785
468 786
468 788
468 789
468 797
468 798
468 799
468 800
468 801
468 803
468 808
468 813
468 817
468 818
468 820
468 824
468 826
468 827
468 829
468 831
468 839
468 840
468 842
468 845
468 851
468 853
468 854
468 855
468 857
468 860
468 865
468 867
468 868
468 874
468 876
468 877
468 882
468 884
468 885
468 886
468 888
468 890
468 896
468 897
468 900
468 901
468 906
468 909
468 911
468 912
468 914
468 915
468 918
468 921
468 922
468 926
468 929
468 931
468 933
468 955
468 958
468 962
468 963
468 964
468 966
468 971
468 973
468 977
468 981
468 982
468 983
468 993
468 994
468 998
469 501
469 505
469 507
469 508
469 509
469 510
469 515
469 517
469 520
469 525
469 526
469 528
469 531
469 533
469 534
469 535
469 538
469 542
469 545
469 551
469 561
469 565
469 571
469 575
469 577
469 580
469 581
469 583
469 585
469 590
469 597
469 599
469 603
469 605
469 607
469 608
469 609
469 614
469 616
469 617
469 622
469 626
469 627
469 630
469 631
469 632
469 641
469 644
469 648
469 652
469 653
469 656
469 661
469 662
469 663
469 667
469 671
469 676
469 679
469 686
469 697
469 698
469 701
469 705
469 708
469 711
469 719
469 722
469 741
469 747
469 748
469 752
469 757
469 760
469 762
469 764
469 765
469 769
469 774
469 776
469 777
469 780
469 781
469 782
469 785
469 787
469 790
469 792
469 794
469 801
469 805
469 813
469 818
469 819
469 821
469 826
469 837
469 847
469 851
469 852
469 854
469 855
469 864
469 868
469 870
469 871
469 873
469 875
469 876
469 879
469 881
469 888
469 891
469 894
469 895
469 896
469 913
469 914
469 919
469 922
469 923
469 930
469 932
469 934
469 935
469 937
469 946
469 951
469 952
469 953
469 955
469 959
469 962
469 969
469 976
469 978
469 982
469 996
469 998
470 503
470 509
470 510
470 511
470 516
470 521
470 525
470 527
470 533
470 538
470 539
470 543
470 553
470 557
470 558
470 562
470 567
470 570
470 573
470 578
470 580
470 586
470 587
470 589
470 590
470 594
470 596
470 598
470 603
470 605
470 609
470 614
470 617
470 620
470 622
470 627
470 633
470 638
470 639
470 641
470 642
470 644
470 648
470 650
470 651
470 660
470 664
470 671
470 673
470 675
470 677
470 679
470 683
470 685
470 688
470 693
470 694
470 697
470 701
470 705
470 711
470 719
470 720
470 722
470 728
470 734
470 739
470 740
470 742
470 753
470 758
470 760
470 762
470 765
470 768
470 773
470 774
470 780
470 783
470 784
470 785
470 787
470 796
470 798
470 799
470 802
470 808
470 809
470 810
470 814
470 816
470 817
470 823
470 824
470 830
470 838
470 841
470 842
470 844
470 852
470 854
470 858
470 860
470 873
470 877
470 880
470 887
470 889
470 893
470 894
470 895
470 897
470 898
470 904
470 909
470 911
470 912
470 913
470 914
470 915
470 920
470 922
470 928
470 929
470 932
470 935
470 945
470 946
470 951
470 953
470 955
470 956
470 960
470 962
470 965
470 967
470 975
470 976
470 984
470 986
470 989
470 992
470 999
471 502
471 503
471 511
471 513
471 518
471 522
471 523
471 527
471 537
471 542
471 547
471 548
471 554
471 558
471 567
471 570
471 576
471 577
471 579
471 582
471 586
471 587
471 588
471 602
471 605
471 607
471 609
471 627
471 632
471 640
471 651
471 652
471 654
471 658
471 659
471 660
471 663
471 672
471 673
471 679
471 683
471 687
471 690
471 693
471 694
471 695
471 696
471 700
471 701
471 704
471 705
471 706
471 709
471 712
471 714
471 715
471 718
471 722
471 726
471 731
471 737
471 740
471 741
471 744
471 749
471 750
471 754
471 757
471 759
471 768
471 769
471 779
471 782
471 784
471 785
471 790
471 795
471 797
471 798
471 804
471 805
471 806
471 814
471 817
471 818
471 819
471 820
471 824
471 825
471 831
471 832
471 834
471 837
471 838
471 847
471 851
471 856
471 857
471 858
471 861
471 862
471 870
471 874
471 875
471 880
471 889
471 893
471 896
471 897
471 898
471 904
471 907
471 914
471 916
471 917
471 919
471 921
471 924
471 926
471 929
471 935
471 938
471 966
471 973
471 974
471 975
471 976
471 979
471 983
471 984
471 987
471 990
472 504
472 506
472 509
472 516
472 517
472 518
472 520
472 523
472 536
472 538
472 542
472 543
472 545
472 547
472 549
472 554
472 557
472 561
472 571
472 572
472 573
472 577
472 578
472 580
472 582
472 596
472 598
472 606
472 607
472 608
472 610
472 614
472 621
472 624
472 628
472 629
472 641
472 642
472 645
472 647
472 648
472 657
472 658
472 660
472 661
472 669
472 672
472 674
472 675
472 677
472 681
472 682
472 688
472 690
472 692
472 697
472 701
472 704
472 707
472 708
472 709
472 710
472 711
472 712
472 717
472 720
472 721
472 722
472 729
472 730
472 732
472 736
472 738
472 739
472 740
472 746
472 754
472 760
472 761
472 762
472 764
472 767
472 770
472 771
472 773
472 775
472 777
472 779
472 780
472 784
472 795
472 799
472 804
472 805
472 807
472 815
472 817
472 821
472 823
472 826
472 832
472 835
472 839
472 846
472 848
472 849
472 852
472 855
472 861
472 865
472 866
472 867
472 869
472 871
472 875
472 877
472 879
472 880
472 881
472 887
472 888
472 889
472 890
472 892
472 893
472 894
472 903
472 904
472 907
472 912
472 914
472 918
472 921
472 923
472 924
472 926
472 930
472 938
472 944
472 945
472 946
472 947
472 949
472 954
472 961
472 964
472 968
472 969
472 973
472 975
472 981
472 982
472 983
472 988
472 991
472 993
472 995
472 999
472 1000
473 501
473 511
473 512
473 514
473 515
473 522
473 527
473 532
473 533
473 536
473 537
473 538
473 540
473 543
473 544
473 545
473 552
473 553
473 554
473 570
473 577
473 579
473 581
473 587
473 589
473 591
473 593
473 599
473 603
473 604
473 605
473 610
473 615
473 617
473 619
473 620
473 621
473 628
473 631
473 632
473 634
473 644
473 645
473 651
473 654
473 655
473 666
473 675
473 680
473 681
473 688
473 691
473 692
473 693
473 698
473 702
473 705
473 712
473 718
473 722
473 725
473 737
473 739
473 740
473 741
473 747
473 748
473 753
473 755
473 756
473 760
473 765
473 769
473 774
473 780
473 785
473 789
473 790
473 791
473 792
473 793
473 795
473 805
473 807
473 812
473 813
473 822
473 823
473 824
473 825
473 831
473 835
473 843
473 844
473 846
473 847
473 848
473 857
473 858
473 865
473 866
473 867
473 868
473 873
473 882
473 883
473 887
473 892
473 893
473 895
473 901
473 902
473 904
473 910
473 915
473 917
473 920
473 921
473 922
473 924
473 926
473 928
473 934
473 939
473 941
473 942
473 946
473 949
473 950
473 952
473 958
473 960
473 962
473 969
473 971
473 975
473 977
473 978
473 980
473 985
473 986
473 987
473 990
473 997
473 1000
474 502
474 503
474 504
474 506
474 510
474 511
474 514
474 517
474 521
474 524
474 532
474 534
474 538
474 544
474 545
474 547
474 550
474 554
474 560
474 561
474 563
474 564
474 565
474 566
474 574
474 575
474 576
474 578
474 579
474 582
474 583
474 584
474 587
474 600
474 603
474 606
474 609
474 613
474 617
474 618
474 621
474 623
474 624
474 628
474 631
474 635
474 636
474 641
474 663
474 665
474 667
474 668
474 669
474 670
474 673
474 675
474 678
474 682
474 683
474 686
474 688
474 690
474 696
474 699
474 703
474 704
474 713
474 714
474 718
474 719
474 722
474 729
474 731
474 739
474 741
474 743
474 747
474 748
474 759
474 766
474 767
474 779
474 782
474 783
474 785
474 787
474 789
474 792
474 793
474 795
474 797
474 805
474 807
474 810
474 814
474 815
474 817
474 821
474 822
474 823
474 825
474 828
474 831
474 833
474 836
474 843
474 847
474 848
474 852
474 856
474 859
474 861
474 869
474 876
474 885
474 888
474 889
474 891
474 896
474 897
474 900
474 902
474 911
474 913
474 915
474 918
474 925
474 929
474 931
474 932
474 934
474 938
474 942
474 943
474 944
474 946
474 950
474 954
474 955
474 956
474 959
474 965
474 966
474 967
474 976
474 977
474 980
474 981
474 982
474 984
474 985
474 990
474 992
474 993
474 996
475 504
475 509
475 510
475 511
475 514
475 516
475 519
475 520
475 527
475 528
475 536
475 539
475 542
475 546
475 551
475 552
475 554
475 558
475 562
475 565
475 569
475 570
475 575
475 580
475 582
475 583
475 588
475 590
475 596
475 598
475 599
475 600
475 604
475 606
475 614
475 615
475 618
475 621
475 624
475 625
475 626
475 633
475 635
475 638
475 647
475 649
475 652
475 661
475 663
475 667
475 680
475 686
475 687
475 690
475 693
475 696
475 700
475 706
475 707
475 711
475 713
475 716
475 720
475 722
475 723
475 724
475 735
475 738
475 743
475 745
475 749
475 759
475 763
475 767
475 770
475 771
475 774
475 775
475 776
475 779
475 781
475 785
475 794
475 798
475 807
475 809
475 810
475 816
475 818
475 819
475 822
475 830
475 832
475 838
475 839
475 841
475 854
475 855
475 867
475 870
475 876
475 879
475 882
475 890
475 891
475 892
475 894
475 897
475 898
475 900
475 904
475 907
475 916
475 923
475 925
475 926
475 929
475 932
475 941
475 942
475 943
475 945
475 948
475 952
475 957
475 960
475 964
475 971
475 973
475 975
475 976
475 978
475 980
475 985
475 986
475 990
475 991
475 992
475 993
475 994
475 996
475 997
475 999
475 1000
476 505
476 511
476 516
476 519
476 522
476 525
476 526
476 528
476 529
476 531
476 547
476 548
476 551
476 553
476 554
476 564
476 565
476 568
476 569
476 573
476 580
476 582
476 585
476 586
476 590
476 599
476 600
476 602
476 603
476 615
476 616
476 617
476 620
476 621
476 629
476 647
476 648
476 650
476 651
476 658
476 659
476 660
476 661
476 665
476 668
476 673
476 677
476 683
476 684
476 688
476 689
476 690
476 696
476 699
476 708
476 710
476 712
476 721
476 723
476 730
476 731
476 743
476 751
476 752
476 754
476 762
476 763
476 767
476 768
476 769
476 770
476 773
476 781
476 786
476 787
476 791
476 792
476 794
476 797
476 803
476 804
476 810
476 811
476 813
476 814
476 815
476 822
476 828
476 830
476 832
476 835
476 836
476 840
476 843
476 845
476 850
476 851
476 852
476 853
476 854
476 857
476 858
476 861
476 864
476 867
476 869
476 871
476 876
476 877
476 880
476 883
476 890
476 891
476 895
476 898
476 902
476 903
476 910
476 912
476 914
476 916
476 918
476 940
476 942
476 944
476 949
476 953
476 956
476 957
476 968
476 978
476 980
476 985
476 994
476 996
477 501
477 502
477 504
477 508
477 509
477 511
477 515
477 518
477 519
477 520
477 523
477 524
477 525
477 529
477 530
477 535
477 537
477 538
477 539
477 542
477 545
477 546
477 552
477 559
477 560
477 562
477 563
477 567
477 569
477 570
477 573
477 577
477 578
477 579
477 581
477 596
477 598
477 601
477 605
477 607
477 611
477 620
477 623
477 624
477 629
477 639
477 643
477 655
477 662
477 671
477 673
477 678
477 681
477 684
477 696
477 697
477 699
477 701
477 706
477 709
477 711
477 713
477 714
477 715
477 721
477 724
477 725
477 728
477 732
477 736
477 738
477 739
477 741
477 742
477 748
477 753
477 755
477 757
477 760
477 766
477 770
477 772
477 775
477 788
477 789
477 791
477 793
477 799
477 810
477 814
477 815
477 818
477 820
477 835
477 837
477 839
477 841
477 844
477 848
477 849
477 850
477 853
477 856
477 858
477 864
477 868
477 872
477 873
477 875
477 878
477 880
477 881
477 883
477 889
477 891
477 892
477 899
477 901
477 902
477 904
477 905
477 907
477 909
477 911
477 913
477 926
477 927
477 928
477 929
477 933
477 934
477 937
477 939
477 940
477 941
477 942
477 943
477 947
477 948
477 949
477 953
477 954
477 955
477 956
477 957
477 960
477 962
477 964
477 966
477 973
477 977
477 983
477 989
477 990
477 992
477 994
477 999
477 1000
478 501
478 513
478 516
478 517
478 518
478 519
478 522
478 525
478 528
478 531
478 533
478 534
478 535
478 537
478 540
478 541
478 542
478 543
478 544
478 549
478 550
478 552
478 553
478 561
478 577
478 578
478 582
478 583
478 591
478 593
478 595
478 601
478 607
478 610
478 612
478 617
478 621
478 623
478 624
478 626
478 627
478 628
478 630
478 638
478 639
478 640
478 641
478 645
478 649
478 650
478 652
478 655
478 659
478 661
478 668
478 672
478 673
478 689
478 690
478 691
478 692
478 694
478 696
478 699
478 702
478 705
478 709
478 710
478 712
478 727
478 728
478 738
478 740
478 741
478 742
478 744
478 747
478 749
478 752
478 753
478 758
478 761
478 769
478 770
478 773
478 774
478 781
478 783
478 784
478 787
478 788
478 789
478 790
478 791
478 795
478 804
478 805
478 806
478 811
478 814
478 815
478 816
478 817
478 818
478 819
478 820
478 823
478 824
478 825
478 828
478 833
478 837
478 840
478 843
478 844
478 848
478 853
478 861
478 863
478 865
478 872
478 875
478 880
478 881
478 882
478 884
478 887
478 896
478 899
478 900
478 903
478 904
478 911
478 916
478 924
478 925
478 927
478 928
478 934
478 935
478 936
478 939
478 941
478 948
478 954
478 962
478 971
478 974
478 977
478 978
478 979
478 982
478 989
478 998
479 501
479 504
479 508
479 514
479 516
479 522
479 526
479 530
479 537
479 551
479 560
479 564
479 566
479 567
479 571
479 574
479 576
479 579
479 582
479 586
479 590
479 591
479 593
479 597
479 598
479 600
479 602
479 604
479 605
479 606
479 610
479 611
479 613
479 616
479 622
479 623
479 626
479 632
479 634
479 635
479 637
479 638
479 642
479 645
479 647
479 654
479 655
479 659
479 661
479 664
479 666
479 667
479 672
479 678
479 682
479 683
479 687
479 688
479 690
479 692
479 694
479 699
479 705
479 706
479 707
479 708
479 709
479 712
479 718
479 725
479 726
479 730
479 735
479 736
479 739
479 742
479 745
479 748
479 750
479 751
479 752
479 758
479 765
479 767
479 769
479 771
479 779
479 780
479 781
479 782
479 787
479 791
479 793
479 798
479 804
479 806
479 807
479 808
479 814
479 818
479 823
479 824
479 826
479 827
479 828
479 831
479 833
479 834
479 835
479 838
479 840
479 846
479 854
479 861
479 862
479 868
479 870
479 874
479 877
479 880
479 883
479 893
479 895
479 899
479 907
479 910
479 914
479 917
479 920
479 921
479 927
479 931
479 934
479 943
479 946
479 949
479 960
479 961
479 963
479 968
479 976
479 979
479 981
479 984
479 987
479 988
479 990
479 995
479 997
480 505
480 506
480 509
480 511
480 515
480 516
480 517
480 522
480 525
480 526
480 528
480 531
480 534
480 540
480 541
480 555
480 556
480 558
480 562
480 567
480 578
480 581
480 590
480 593
480 594
480 595
480 598
480 599
480 610
480 612
480 613
480 621
480 622
480 623
480 635
480 636
480 641
480 642
480 643
480 656
480 658
480 666
480 668
480 679
480 682
480 683
480 690
480 691
480 693
480 700
480 702
480 703
480 704
480 705
480 707
480 709
480 710
480 711
480 722
480 723
480 725
480 726
480 728
480 732
480 733
480 742
480 743
480 745
480 748
480 754
480 760
480 761
480 762
480 764
480 771
480 774
480 776
480 778
480 779
480 783
480 788
480 791
480 795
480 798
480 799
480 802
480 809
480 814
480 815
480 816
480 818
480 820
480 824
480 826
480 829
480 832
480 834
480 836
480 837
480 839
480 847
480 851
480 852
480 856
480 861
480 865
480 872
480 873
480 874
480 875
480 876
480 879
480 881
480 885
480 887
480 888
480 891
480 894
480 896
480 897
480 900
480 903
480 912
480 913
480 921
480 925
480 930
480 932
480 948
480 949
480 959
480 961
480 963
480 966
480 968
480 969
480 971
480 973
480 978
480 981
480 983
480 988
480 990
480 994
480 996
480 999
481 507
481 508
481 510
481 514
481 518
481 523
481 525
481 529
481 535
481 538
481 541
481 542
481 543
481 545
481 551
481 567
481 570
481 575
481 578
481 579
481 581
481 582
481 584
481 598
481 601
481 604
481 606
481 609
481 616
481 622
481 624
481 625
481 628
481 630
481 633
481 642
481 643
481 646
481 647
481 649
481 659
481 661
481 662
481 665
481 670
481 671
481 680
481 681
481 688
481 689
481 690
481 691
481 692
481 693
481 695
481 698
481 701
481 709
481 710
481 724
481 726
481 740
481 741
481 744
481 748
481 753
481 757
481 763
481 768
481 774
481 776
481 777
481 781
481 792
481 794
481 796
481 798
481 799
481 803
481 815
481 816
481 824
481 825
481 827
481 831
481 836
481 838
481 848
481 853
481 854
481 856
481 857
481 860
481 862
481 868
481 871
481 874
481 875
481 880
481 881
481 888
481 890
481 891
481 896
481 897
481 898
481 900
481 902
481 903
481 904
481 906
481 908
481 910
481 912
481 920
481 921
481 924
481 927
481 930
481 939
481 942
481 950
481 953
481 954
481 957
481 959
481 971
481 972
481 978
481 982
481 983
481 984
481 992
482 505
482 514
482 515
482 520
482 523
482 529
482 533
482 534
482 536
482 539
482 545
482 546
482 547
482 550
482 553
482 555
482 560
482 562
482 567
482 582
482 584
482 585
482 586
482 596
482 598
482 607
482 616
482 618
482 620
482 623
482 625
482 627
482 630
482 631
482 639
482 643
482 648
482 656
482 664
482 666
482 668
482 669
482 670
482 676
482 680
482 681
482 682
482 683
482 685
482 686
482 687
482 689
482 692
482 698
482 699
482 701
482 704
482 709
482 721
482 723
482 725
482 732
482 737
482 749
482 752
482 753
482 757
482 762
482 763
482 768
482 770
482 772
482 777
482 783
482 784
482 786
482 788
482 791
482 792
482 794
482 808
482 809
482 811
482 817
482 818
482 820
482 822
482 825
482 828
482 831
482 835
482 837
482 843
482 845
482 847
482 849
482 850
482 852
482 856
482 860
482 863
482 871
482 872
482 873
482 877
482 878
482 882
482 883
482 900
482 901
482 903
482 904
482 907
482 908
482 909
482 920
482 926
482 928
482 930
482 937
482 938
482 939
482 942
482 950
482 951
482 954
482 958
482 959
482 962
482 965
482 968
482 969
482 970
482 977
482 978
482 980
482 984
482 987
482 989
482 996
482 998
482 999
482 1000
483 501
483 505
483 508
483 511
483 515
483 516
483 519
483 522
483 524
483 525
483 531
483 539
483 546
483 547
483 551
483 553
483 559
483 563
483 566
483 568
483 569
483 570
483 571
483 573
483 574
483 579
483 580
483 582
483 584
483 587
483 588
483 590
483 599
483 601
483 602
483 603
483 606
483 608
483 609
483 618
483 622
483 635
483 636
483 640
483 648
483 650
483 651
483 652
483 655
483 660
483 662
483 664
483 672
483 674
483 676
483 682
483 685
483 688
483 690
483 695
483 697
483 707
483 709
483 712
483 716
483 720
483 724
483 725
483 728
483 729
483 732
483 733
483 737
483 741
483 743
483 744
483 745
483 748
483 749
483 750
483 752
483 758
483 766
483 771
483 772
483 773
483 774
483 775
483 782
483 786
483 789
483 790
483 792
483 794
483 795
483 797
483 799
483 801
483 802
483 809
483 815
483 816
483 827
483 830
483 837
483 839
483 840
483 841
483 842
483 844
483 848
483 852
483 854
483 857
483 859
483 860
483 861
483 863
483 869
483 870
483 873
483 875
483 877
483 879
483 885
483 891
483 893
483 896
483 897
483 900
483 909
483 910
483 912
483 918
483 920
483 921
483 922
483 935
483 948
483 949
483 954
483 957
483 963
483 966
483 967
483 970
483 975
483 985
483 987
483 988
483 989
483 990
483 997
483 999
484 505
484 515
484 519
484 529
484 532
484 533
484 541
484 543
484 545
484 546
484 551
484 553
484 555
484 561
484 562
484 565
484 567
484 573
484 575
484 579
484 585
484 589
484 593
484 594
484 596
484 598
484 600
484 608
484 612
484 613
484 615
484 622
484 623
484 624
484 628
484 629
484 630
484 635
484 639
484 653
484 655
484 657
484 658
484 663
484 674
484 681
484 682
484 683
484 684
484 686
484 689
484 692
484 693
484 703
484 705
484 706
484 709
484 710
484 711
484 713
484 716
484 718
484 720
484 721
484 722
484 726
484 731
484 734
484 736
484 738
484 748
484 753
484 757
484 761
484 762
484 764
484 768
484 769
484 771
484 776
484 777
484 780
484 781
484 785
484 790
484 792
484 795
484 796
484 804
484 805
484 808
484 809
484 810
484 819
484 820
484 821
484 826
484 828
484 831
484 836
484 840
484 841
484 844
484 845
484 846
484 849
484 852
484 853
484 855
484 866
484 868
484 879
484 880
484 882
484 883
484 892
484 895
484 899
484 907
484 911
484 916
484 920
484 921
484 925
484 926
484 930
484 931
484 933
484 934
484 937
484 938
484 941
484 944
484 949
484 955
484 965
484 968
484 971
484 977
484 982
484 985
484 990
484 996
485 502
485 505
485 507
485 517
485 518
485 526
485 536
485 540
485 545
485 546
485 547
485 554
485 557
485 558
485 559
485 561
485 562
485 564
485 566
485 574
485 578
485 580
485 589
485 590
485 593
485 595
485 601
485 603
485 605
485 606
485 607
485 612
485 614
485 616
485 617
485 620
485 621
485 627
485 628
485 634
485 637
485 641
485 643
485 645
485 648
485 656
485 661
485 669
485 671
485 673
485 674
485 675
485 678
485 680
485 683
485 688
485 690
485 696
485 700
485 704
485 705
485 709
485 710
485 712
485 719
485 720
485 721
485 722
485 724
485 730
485 731
485 732
485 734
485 744
485 760
485 766
485 767
485 770
485 773
485 774
485 778
485 783
485 793
485 798
485 800
485 808
485 810
485 825
485 827
485 828
485 829
485 831
485 835
485 837
485 839
485 841
485 843
485 845
485 846
485 848
485 850
485 857
485 867
485 869
485 872
485 873
485 874
485 881
485 883
485 884
485 886
485 890
485 891
485 892
485 893
485 896
485 897
485 900
485 901
485 907
485 916
485 922
485 924
485 931
485 943
485 945
485 947
485 952
485 953
485 957
485 960
485 962
485 969
485 970
485 975
485 976
485 979
485 987
485 988
485 989
485 990
485 995
485 998
486 502
486 504
486 507
486 509
486 514
486 517
486 518
486 525
486 528
486 530
486 532
486 536
486 538
486 542
486 546
486 549
486 550
486 555
486 559
486 561
486 569
486 571
486 575
486 581
486 582
486 587
486 588
486 589
486 597
486 599
486 602
486 611
486 615
486 624
486 627
486 628
486 629
486 630
486 636
486 642
486 645
486 648
486 651
486 655
486 658
486 675
486 680
486 681
486 682
486 683
486 686
486 687
486 688
486 689
486 693
486 694
486 699
486 708
486 711
486 713
486 714
486 717
486 720
486 722
486 723
486 724
486 725
486 727
486 731
486 736
486 741
486 745
486 754
486 759
486 761
486 767
486 774
486 781
486 782
486 784
486 785
486 792
486 795
486 796
486 798
486 802
486 803
486 814
486 815
486 817
486 818
486 819
486 823
486 825
486 826
486 828
486 830
486 839
486 840
486 842
486 847
486 852
486 853
486 855
486 858
486 860
486 863
486 867
486 871
486 875
486 876
486 879
486 880
486 881
486 884
486 885
486 887
486 888
486 889
486 899
486 900
486 904
486 907
486 908
486 910
486 914
486 917
486 924
486 926
486 927
486 931
486 933
486 934
486 940
486 941
486 943
486 945
486 948
486 952
486 954
486 960
486 961
486 964
486 967
486 969
486 970
486 972
486 977
486 978
486 981
486 984
486 986
486 989
486 990
486 996
486 999
487 501
487 503
487 509
487 516
487 520
487 522
487 523
487 529
487 533
487 541
487 542
487 544
487 548
487 549
487 550
487 551
487 552
487 553
487 555
487 558
487 561
487 562
487 563
487 565
487 566
487 567
487 585
487 596
487 597
487 599
487 601
487 605
487 607
487 612
487 613
487 623
487 624
487 627
487 630
487 634
487 646
487 647
487 652
487 654
487 656
487 659
487 661
487 662
487 663
487 668
487 670
487 673
487 674
487 681
487 684
487 685
487 687
487 688
487 699
487 702
487 704
487 705
487 716
487 717
487 718
487 720
487 724
487 729
487 733
487 734
487 737
487 740
487 742
487 750
487 755
487 759
487 765
487 768
487 775
487 777
487 792
487 796
487 800
487 805
487 808
487 810
487 814
487 818
487 819
487 822
487 825
487 827
487 841
487 844
487 846
487 855
487 860
487 862
487 863
487 869
487 872
487 875
487 876
487 878
487 881
487 882
487 889
487 896
487 902
487 904
487 906
487 907
487 908
487 912
487 922
487 923
487 925
487 929
487 931
487 935
487 938
487 940
487 941
487 945
487 951
487 953
487 954
487 956
487 958
487 960
487 966
487 967
487 968
487 975
487 980
487 981
487 989
487 990
487 995
487 997
487 999
488 504
488 508
488 510
488 511
488 513
488 515
488 516
488 519
488 524
488 525
488 526
488 531
488 535
488 537
488 539
488 540
488 543
488 551
488 552
488 555
488 559
488 562
488 563
488 564
488 565
488 572
488 576
488 581
488 584
488 589
488 590
488 591
488 592
488 595
488 596
488 597
488 602
488 609
488 613
488 614
488 620
488 621
488 623
488 624
488 625
488 632
488 643
488 644
488 650
488 666
488 667
488 671
488 675
488 680
488 681
488 682
488 691
488 694
488 697
488 699
488 701
488 708
488 709
488 712
488 717
488 719
488 720
488 721
488 722
488 724
488 730
488 731
488 733
488 734
488 736
488 739
488 741
488 743
488 745
488 747
488 749
488 750
488 751
488 752
488 754
488 758
488 760
488 767
488 770
488 776
488 791
488 797
488 800
488 802
488 803
488 805
488 808
488 814
488 817
488 819
488 821
488 822
488 825
488 828
488 832
488 833
488 834
488 838
488 840
488 842
488 844
488 849
488 851
488 853
488 857
488 858
488 859
488 860
488 861
488 862
488 866
488 869
488 870
488 873
488 876
488 884
488 889
488 890
488 897
488 900
488 903
488 905
488 906
488 908
488 912
488 915
488 916
488 918
488 919
488 922
488 928
488 931
488 932
488 935
488 939
488 941
488 943
488 959
488 962
488 963
488 964
488 968
488 969
488 986
488 989
488 999
488 1000
489 501
489 502
489 503
489 513
489 516
489 529
489 532
489 534
489 542
489 543
489 544
489 546
489 549
489 551
489 552
489 553
489 555
489 557
489 562
489 564
489 565
489 570
489 573
489 575
489 578
489 579
489 580
489 587
489 590
489 591
489 596
489 598
489 600
489 602
489 605
489 612
489 614
489 615
489 618
489 624
489 625
489 627
489 631
489 637
489 638
489 641
489 642
489 645
489 648
489 650
489 654
489 657
489 658
489 664
489 665
489 670
489 673
489 676
489 687
489 688
489 690
489 696
489 698
489 699
489 702
489 704
489 706
489 708
489 709
489 710
489 712
489 713
489 715
489 716
489 723
489 726
489 728
489 735
489 736
489 746
489 747
489 748
489 749
489 753
489 755
489 757
489 760
489 765
489 768
489 772
489 777
489 779
489 783
489 786
489 790
489 798
489 799
489 800
489 804
489 805
489 807
489 812
489 813
489 817
489 818
489 825
489 826
489 828
489 834
489 840
489 844
489 845
489 848
489 850
489 853
489 854
489 855
489 857
489 858
489 861
489 865
489 866
489 871
489 872
489 873
489 878
489 881
489 884
489 889
489 894
489 895
489 901
489 913
489 920
489 923
489 924
489 925
489 927
489 928
489 929
489 931
489 932
489 933
489 938
489 944
489 948
489 951
489 969
489 980
489 982
489 991
489 999
489 1000
490 503
490 505
490 511
490 516
490 517
490 524
490 525
490 526
490 532
490 534
490 536
490 539
490 544
490 545
490 550
490 553
490 554
490 558
490 559
490 561
490 562
490 563
490 564
490 569
490 570
490 582
490 583
490 586
490 588
490 590
490 595
490 596
490 597
490 603
490 606
490 607
490 608
490 613
490 617
490 624
490 626
490 630
490 631
490 633
490 634
490 635
490 638
490 641
490 642
490 654
490 658
490 659
490 660
490 662
490 667
490 668
490 670
490 682
490 683
490 692
490 698
490 707
490 708
490 712
490 714
490 718
490 720
490 721
490 722
490 727
490 730
490 734
490 738
490 740
490 743
490 746
490 748
490 754
490 760
490 761
490 762
490 767
490 770
490 784
490 785
490 790
490 795
490 796
490 799
490 808
490 813
490 814
490 815
490 818
490 819
490 828
490 834
490 838
490 839
490 841
490 843
490 844
490 847
490 850
490 853
490 862
490 868
490 879
490 881
490 886
490 889
490 892
490 894
490 896
490 903
490 908
490 911
490 912
490 913
490 915
490 918
490 922
490 924
490 925
490 938
490 941
490 943
490 949
490 953
490 961
490 962
490 966
490 967
490 968
490 971
490 974
490 978
490 981
490 983
490 985
490 992
490 997
490 1000
491 501
491 511
491 514
491 515
491 516
491 517
491 523
491 526
491 527
491 529
491 533
491 536
491 538
491 539
491 543
491 544
491 545
491 546
491 549
491 552
491 554
491 555
491 559
491 560
491 564
491 567
491 570
491 572
491 573
491 574
491 577
491 580
491 587
491 596
491 598
491 599
491 601
491 604
491 609
491 610
491 611
491 614
491 619
491 620
491 629
491 633
491 634
491 636
491 638
491 640
491 642
491 645
491 649
491 651
491 656
491 657
491 658
491 660
491 661
491 666
491 667
491 669
491 670
491 671
491 674
491 678
491 679
491 681
491 683
491 685
491 687
491 689
491 690
491 694
491 697
491 698
491 699
491 700
491 703
491 705
491 707
491 717
491 720
491 725
491 728
491 729
491 738
491 739
491 747
491 748
491 749
491 750
491 751
491 752
491 758
491 760
491 762
491 768
491 779
491 780
491 782
491 783
491 784
491 785
491 786
491 790
491 791
491 799
491 802
491 810
491 813
491 814
491 815
491 816
491 817
491 818
491 826
491 828
491 829
491 831
491 835
491 839
491 840
491 845
491 846
491 853
491 855
491 858
491 866
491 873
491 875
491 878
491 879
491 880
491 883
491 887
491 893
491 899
491 904
491 912
491 914
491 916
491 917
491 918
491 919
491 923
491 927
491 929
491 935
491 940
491 945
491 953
491 954
491 957
491 959
491 963
491 965
491 966
491 969
491 971
491 974
491 976
491 978
491 981
491 983
491 986
491 988
491 989
491 991
491 997
492 503
492 505
492 506
492 514
492 517
492 518
492 520
492 521
492 523
492 524
492 528
492 529
492 530
492 531
492 533
492 537
492 542
492 546
492 549
492 551
492 559
492 566
492 569
492 571
492 572
492 573
492 575
492 579
492 581
492 586
492 589
492 594
492 595
492 600
492 601
492 606
492 607
492 610
492 621
492 622
492 627
492 628
492 630
492 634
492 638
492 641
492 642
492 652
492 653
492 665
492 666
492 667
492 671
492 673
492 675
492 678
492 686
492 691
492 699
492 700
492 703
492 704
492 705
492 707
492 712
492 715
492 722
492 725
492 731
492 734
492 742
492 743
492 746
492 747
492 754
492 757
492 766
492 768
492 769
492 775
492 776
492 777
492 782
492 785
492 787
492 789
492 793
492 796
492 801
492 802
492 803
492 805
492 806
492 807
492 809
492 812
492 817
492 834
492 835
492 839
492 840
492 842
492 843
492 848
492 851
492 855
492 859
492 860
492 861
492 863
492 864
492 865
492 868
492 873
492 876
492 878
492 882
492 884
492 890
492 892
492 895
492 897
492 899
492 901
492 902
492 903
492 908
492 909
492 911
492 912
492 913
492 914
492 916
492 917
492 918
492 921
492 923
492 924
492 928
492 929
492 931
492 936
492 938
492 939
492 941
492 943
492 944
492 946
492 947
492 949
492 954
492 958
492 960
492 962
492 965
492 966
492 968
492 969
492 974
492 975
492 976
492 978
492 979
492 982
492 984
492 987
492 993
492 997
493 507
493 509
493 513
493 515
493 516
493 518
493 524
493 527
493 531
493 532
493 535
493 538
493 539
493 542
493 551
493 552
493 554
493 557
493 562
493 573
493 575
493 579
493 581
493 585
493 590
493 597
493 598
493 599
493 600
493 603
493 604
493 606
493 611
493 613
493 617
493 620
493 623
493 626
493 627
493 629
493 630
493 635
493 636
493 638
493 640
493 641
493 648
493 650
493 651
493 655
493 663
493 666
493 673
493 677
493 679
493 680
493 681
493 683
493 684
493 696
493 697
493 698
493 701
493 702
493 705
493 706
493 708
493 709
493 711
493 713
493 721
493 729
493 731
493 737
493 747
493 751
493 753
493 759
493 762
493 767
493 769
493 771
493 772
493 774
493 777
493 779
493 780
493 785
493 787
493 797
493 798
493 799
493 801
493 804
493 805
493 806
493 808
493 810
493 812
493 820
493 821
493 822
493 823
493 826
493 827
493 829
493 831
493 834
493 839
493 841
493 849
493 852
493 861
493 864
493 869
493 881
493 883
493 886
493 893
493 909
493 912
493 914
493 916
493 918
493 920
493 927
493 929
493 930
493 933
493 938
493 944
493 945
493 946
493 960
493 963
493 964
493 971
493 974
493 978
493 982
493 983
493 989
493 995
493 998
494 503
494 507
494 510
494 512
494 514
494 518
494 522
494 537
494 540
494 547
494 549
494 550
494 551
494 557
494 558
494 559
494 560
494 567
494 571
494 573
494 576
494 577
494 578
494 579
494 582
494 588
494 595
494 597
494 600
494 601
494 603
494 606
494 614
494 615
494 621
494 627
494 628
494 630
494 633
494 635
494 637
494 639
494 641
494 647
494 649
494 650
494 651
494 653
494 672
494 677
494 683
494 687
494 693
494 707
494 710
494 713
494 714
494 715
494 716
494 718
494 723
494 733
494 737
494 740
494 741
494 745
494 747
494 752
494 753
494 756
494 757
494 760
494 761
494 765
494 766
494 770
494 774
494 779
494 781
494 782
494 783
494 787
494 792
494 796
494 801
494 803
494 810
494 814
494 815
494 817
494 823
494 824
494 839
494 847
494 851
494 856
494 863
494 869
494 871
494 875
494 876
494 877
494 879
494 880
494 883
494 884
494 886
494 887
494 890
494 892
494 893
494 895
494 897
494 898
494 900
494 907
494 908
494 910
494 913
494 918
494 919
494 920
494 921
494 923
494 926
494 936
494 938
494 950
494 957
494 964
494 977
494 979
494 980
494 981
494 985
494 989
494 992
494 993
494 999
495 503
495 521
495 530
495 533
495 537
495 541
495 542
495 546
495 550
495 557
495 558
495 560
495 561
495 562
495 569
495 575
495 577
495 582
495 587
495 588
495 595
495 596
495 597
495 600
495 603
495 604
495 610
495 611
495 614
495 619
495 625
495 627
495 629
495 631
495 635
495 636
495 637
495 639
495 641
495 647
495 650
495 651
495 654
495 659
495 666
495 672
495 677
495 678
495 679
495 680
495 682
495 684
495 685
495 688
495 689
495 692
495 696
495 703
495 706
495 711
495 712
495 713
495 714
495 723
495 727
495 731
495 733
495 739
495 741
495 751
495 752
495 757
495 762
495 765
495 768
495 769
495 771
495 774
495 776
495 782
495 783
495 795
495 802
495 803
495 813
495 816
495 817
495 818
495 819
495 822
495 823
495 830
495 833
495 836
495 840
495 850
495 852
495 853
495 858
495 859
495 863
495 866
495 868
495 871
495 872
495 878
495 880
495 882
495 888
495 890
495 891
495 894
495 895
495 896
495 899
495 903
495 904
495 906
495 909
495 910
495 913
495 914
495 922
495 923
495 924
495 930
495 931
495 932
495 936
495 939
495 951
495 955
495 964
495 966
495 968
495 974
495 975
495 982
495 984
495 985
495 988
495 989
495 991
495 993
495 999
496 502
496 506
496 509
496 515
496 517
496 518
496 519
496 521
496 522
496 523
496 530
496 534
496 542
496 552
496 553
496 555
496 556
496 567
496 568
496 573
496 576
496 577
496 579
496 584
496 587
496 589
496 592
496 595
496 597
496 600
496 601
496 602
496 603
496 606
496 611
496 615
496 616
496 618
496 625
496 632
496 633
496 637
496 640
496 645
496 646
496 655
496 666
496 670
496 677
496 678
496 680
496 684
496 685
496 686
496 687
496 691
496 694
496 697
496 699
496 700
496 706
496 711
496 712
496 717
496 718
496 722
496 723
496 724
496 729
496 730
496 737
496 738
496 743
496 747
496 748
496 751
496 753
496 762
496 770
496 777
496 786
496 787
496 796
496 804
496 814
496 824
496 826
496 829
496 832
496 841
496 843
496 846
496 852
496 853
496 856
496 860
496 862
496 866
496 867
496 870
496 871
496 878
496 881
496 884
496 890
496 891
496 892
496 899
496 901
496 908
496 909
496 916
496 919
496 922
496 930
496 933
496 934
496 935
496 936
496 939
496 942
496 945
496 946
496 949
496 950
496 952
496 953
496 954
496 955
496 963
496 966
496 967
496 969
496 970
496 972
496 973
496 974
496 975
496 978
496 980
496 981
496 982
496 983
496 985
496 992
496 999
496 1000
497 501
497 502
497 506
497 510
497 513
497 520
497 522
497 525
497 529
497 532
497 536
497 539
497 540
497 544
497 547
497 552
497 555
497 557
497 567
497 571
497 573
497 575
497 578
497 586
497 590
497 599
497 605
497 609
497 611
497 616
497 617
497 621
497 629
497 632
497 635
497 636
497 640
497 644
497 645
497 652
497 657
497 658
497 659
497 660
497 661
497 662
497 663
497 669
497 670
497 671
497 679
497 685
497 686
497 688
497 689
497 690
497 692
497 693
497 702
497 705
497 712
497 715
497 716
497 723
497 733
497 734
497 735
497 736
497 741
497 743
497 744
497 749
497 755
497 758
497 760
497 763
497 768
497 770
497 772
497 780
497 782
497 791
497 793
497 796
497 797
497 800
497 804
497 808
497 810
497 813
497 822
497 824
497 825
497 826
497 828
497 829
497 832
497 835
497 838
497 840
497 846
497 850
497 853
497 855
497 858
497 864
497 866
497 867
497 870
497 874
497 879
497 881
497 888
497 889
497 894
497 896
497 903
497 904
497 906
497 910
497 922
497 924
497 940
497 942
497 947
497 954
497 956
497 957
497 959
497 961
497 964
497 971
497 974
497 975
497 976
497 978
497 979
497 980
497 986
497 988
497 989
497 990
497 991
497 992
497 997
497 1000
498 503
498 504
498 507
498 509
498 510
498 519
498 523
498 527
498 531
498 532
498 534
498 537
498 538
498 539
498 542
498 544
498 548
498 553
498 556
498 557
498 560
498 562
498 568
498 570
498 578
498 580
498 582
498 587
498 591
498 597
498 602
498 603
498 604
498 612
498 613
498 614
498 620
498 621
498 623
498 624
498 630
498 631
498 634
498 636
498 640
498 642
498 649
498 652
498 654
498 658
498 670
498 671
498 673
498 679
498 680
498 688
498 689
498 691
498 694
498 704
498 707
498 708
498 712
498 713
498 714
498 716
498 717
498 719
498 720
498 723
498 724
498 728
498 734
498 738
498 739
498 749
498 751
498 752
498 753
498 754
498 758
498 764
498 768
498 769
498 778
498 779
498 786
498 789
498 793
498 794
498 795
498 799
498 800
498 804
498 807
498 816
498 818
498 821
498 823
498 824
498 825
498 837
498 840
498 850
498 859
498 868
498 870
498 876
498 880
498 881
498 882
498 884
498 885
498 887
498 889
498 890
498 893
498 894
498 895
498 900
498 907
498 909
498 911
498 914
498 923
498 926
498 927
498 929
498 939
498 942
498 943
498 944
498 946
498 949
498 950
498 956
498 958
498 960
498 963
498 970
498 973
498 975
498 977
498 978
498 980
498 983
498 984
498 988
498 992
498 994
498 995
498 996
499 501
499 504
499 512
499 513
499 515
499 516
499 518
499 521
499 525
499 527
499 536
499 540
499 543
499 544
499 552
499 554
499 572
499 573
499 583
499 585
499 588
499 591
499 593
499 598
499 599
499 601
499 605
499 606
499 608
499 610
499 611
499 614
499 615
499 616
499 619
499 620
499 628
499 629
499 632
499 633
499 634
499 637
499 640
499 650
499 653
499 654
499 655
499 657
499 659
499 663
499 666
499 667
499 679
499 689
499 690
499 691
499 697
499 698
499 701
499 702
499 705
499 706
499 710
499 713
499 718
499 719
499 723
499 729
499 731
499 733
499 734
499 739
499 742
499 745
499 748
499 749
499 750
499 751
499 754
499 762
499 763
499 765
499 766
499 767
499 768
499 769
499 770
499 774
499 778
499 780
499 781
499 788
499 790
499 791
499 807
499 811
499 815
499 816
499 819
499 825
499 827
499 831
499 837
499 843
499 846
499 852
499 854
499 859
499 861
499 873
499 876
499 879
499 889
499 892
499 897
499 900
499 901
499 906
499 909
499 911
499 912
499 913
499 916
499 917
499 924
499 939
499 945
499 947
499 949
499 950
499 951
499 952
499 953
499 955
499 958
499 963
499 967
499 975
499 981
499 982
499 984
499 985
499 989
499 992
499 994
499 996
500 514
500 515
500 525
500 527
500 531
500 532
500 533
500 534
500 535
500 542
500 543
500 545
500 546
500 547
500 549
500 550
500 551
500 553
500 558
500 561
500 565
500 573
500 574
500 577
500 584
500 587
500 589
500 592
500 595
500 596
500 598
500 610
500 611
500 612
500 621
500 627
500 633
500 637
500 639
500 640
500 641
500 644
500 651
500 653
500 655
500 656
500 662
500 663
500 666
500 668
500 669
500 671
500 672
500 678
500 680
500 681
500 682
500 687
500 688
500 697
500 698
500 699
500 705
500 706
500 713
500 714
500 715
500 717
500 718
500 719
500 720
500 723
500 726
500 729
500 734
500 737
500 738
500 740
500 749
500 753
500 754
500 757
500 761
500 769
500 772
500 775
500 777
500 778
500 790
500 791
500 792
500 797
500 799
500 802
500 807
500 810
500 811
500 818
500 825
500 831
500 834
500 835
500 836
500 838
500 841
500 843
500 847
500 848
500 849
500 852
500 857
500 863
500 864
500 866
500 873
500 876
500 882
500 883
500 884
500 885
500 895
500 900
500 903
500 907
500 908
500 909
500 913
500 922
500 926
500 927
500 928
500 932
500 934
500 935
500 938
500 939
500 946
500 947
500 958
500 964
500 965
500 978
500 981
500 983
500 987
500 990
500 992
500 993
500 998
500 999
