500 500 30
1 501
1 503
1 504
1 505
1 506
1 509
1 511
1 513
1 514
1 515
1 517
1 518
1 519
1 521
1 524
1 526
1 530
1 531
1 533
1 535
1 537
1 539
1 540
1 542
1 544
1 548
1 549
1 552
1 554
1 555
1 559
1 560
1 561
1 564
1 565
1 566
1 568
1 569
1 571
1 576
1 577
1 580
1 581
1 582
1 583
1 584
1 585
1 587
1 589
1 592
1 594
1 596
1 597
1 599
1 601
1 602
1 603
1 608
1 609
1 610
1 612
1 613
1 614
1 615
1 616
1 617
1 622
1 624
1 625
1 626
1 627
1 629
1 631
1 632
1 634
1 635
1 636
1 638
1 639
1 644
1 646
1 647
1 648
1 649
1 653
1 657
1 658
1 659
1 662
1 663
1 667
1 670
1 671
1 672
1 673
1 675
1 677
1 680
1 681
1 684
1 685
1 686
1 687
1 688
1 689
1 690
1 691
1 692
1 693
1 694
1 697
1 698
1 702
1 704
1 707
1 710
1 712
1 713
1 715
1 716
1 717
1 719
1 720
1 721
1 725
1 727
1 728
1 730
1 734
1 735
1 736
1 738
1 741
1 742
1 743
1 744
1 747
1 748
1 750
1 753
1 754
1 755
1 757
1 758
1 762
1 764
1 765
1 766
1 767
1 768
1 769
1 770
1 771
1 775
1 778
1 780
1 781
1 783
1 784
1 786
1 787
1 788
1 790
1 792
1 794
1 795
1 796
1 797
1 798
1 800
1 802
1 804
1 807
1 809
1 810
1 811
1 812
1 813
1 814
1 815
1 817
1 818
1 819
1 821
1 822
1 825
1 826
1 827
1 829
1 830
1 831
1 832
1 836
1 837
1 840
1 841
1 844
1 846
1 847
1 848
1 849
1 850
1 852
1 854
1 857
1 860
1 863
1 864
1 865
1 866
1 868
1 876
1 880
1 881
1 883
1 884
1 886
1 887
1 888
1 889
1 891
1 893
1 896
1 897
1 899
1 900
1 901
1 902
1 903
1 904
1 906
1 911
1 912
1 913
1 917
1 918
1 920
1 921
1 922
1 924
1 925
1 926
1 927
1 931
1 935
1 937
1 942
1 943
1 948
1 950
1 957
1 961
1 962
1 965
1 968
1 974
1 975
1 978
1 980
1 982
1 983
1 985
1 986
1 987
1 988
1 989
1 990
1 992
1 996
1 998
2 505
2 506
2 509
2 512
2 513
2 515
2 517
2 518
2 519
2 523
2 527
2 529
2 530
2 533
2 539
2 540
2 541
2 542
2 545
2 546
2 548
2 551
2 552
2 553
2 555
2 556
2 559
2 563
2 565
2 572
2 573
2 576
2 578
2 582
2 583
2 584
2 585
2 586
2 588
2 590
2 591
2 600
2 601
2 603
2 604
2 605
2 607
2 609
2 610
2 612
2 613
2 616
2 617
2 620
2 621
2 623
2 625
2 626
2 627
2 629
2 633
2 634
2 637
2 643
2 644
2 646
2 649
2 655
2 657
2 658
2 659
2 660
2 665
2 666
2 667
2 669
2 670
2 671
2 674
2 679
2 681
2 687
2 688
2 689
2 691
2 693
2 696
2 698
2 699
2 700
2 701
2 705
2 711
2 712
2 713
2 714
2 715
2 716
2 717
2 719
2 720
2 722
2 727
2 730
2 734
2 735
2 736
2 739
2 740
2 741
2 742
2 743
2 744
2 748
2 749
2 750
2 751
2 752
2 754
2 756
2 757
2 760
2 762
2 764
2 765
2 766
2 768
2 769
2 770
2 771
2 772
2 774
2 775
2 777
2 779
2 780
2 782
2 785
2 786
2 790
2 792
2 797
2 802
2 803
2 804
2 805
2 806
2 807
2 808
2 811
2 812
2 816
2 820
2 821
2 826
2 827
2 828
2 832
2 835
2 836
2 839
2 840
2 845
2 846
2 849
2 850
2 855
2 856
2 858
2 861
2 863
2 864
2 866
2 867
2 876
2 881
2 882
2 883
2 886
2 888
2 890
2 891
2 892
2 895
2 900
2 903
2 904
2 905
2 906
2 908
2 909
2 910
2 911
2 913
2 914
2 916
2 917
2 919
2 920
2 927
2 931
2 932
2 933
2 935
2 936
2 939
2 940
2 946
2 949
2 950
2 951
2 952
2 953
2 954
2 957
2 958
2 960
2 962
2 964
2 966
2 967
2 970
2 972
2 974
2 977
2 981
2 982
2 984
2 987
2 988
2 989
2 993
2 1000
3 501
3 503
3 506
3 509
3 510
3 512
3 523
3 525
3 527
3 529
3 530
3 531
3 534
3 541
3 548
3 553
3 554
3 559
3 560
3 562
3 564
3 565
3 570
3 572
3 578
3 582
3 584
3 585
3 587
3 592
3 593
3 595
3 596
3 598
3 599
3 600
3 601
3 606
3 608
3 611
3 613
3 616
3 622
3 623
3 629
3 639
3 640
3 643
3 644
3 645
3 646
3 647
3 651
3 653
3 659
3 660
3 662
3 663
3 664
3 677
3 678
3 679
3 683
3 684
3 685
3 686
3 688
3 689
3 690
3 692
3 693
3 694
3 695
3 696
3 697
3 701
3 702
3 704
3 706
3 707
3 709
3 710
3 717
3 718
3 719
3 720
3 721
3 732
3 735
3 736
3 738
3 739
3 740
3 746
3 747
3 752
3 753
3 758
3 763
3 764
3 766
3 767
3 770
3 771
3 773
3 776
3 779
3 780
3 784
3 788
3 790
3 791
3 794
3 795
3 798
3 800
3 805
3 806
3 807
3 808
3 811
3 813
3 815
3 816
3 817
3 819
3 820
3 821
3 822
3 826
3 827
3 830
3 831
3 832
3 834
3 835
3 836
3 840
3 845
3 847
3 848
3 850
3 852
3 854
3 855
3 856
3 858
3 861
3 862
3 863
3 864
3 868
3 881
3 882
3 883
3 884
3 885
3 886
3 887
3 888
3 890
3 891
3 892
3 893
3 894
3 896
3 897
3 898
3 899
3 900
3 903
3 904
3 905
3 908
3 914
3 918
3 920
3 921
3 924
3 926
3 927
3 929
3 932
3 933
3 937
3 938
3 939
3 942
3 943
3 945
3 948
3 951
3 952
3 953
3 955
3 956
3 957
3 958
3 960
3 963
3 965
3 966
3 968
3 972
3 978
3 979
3 982
3 983
3 984
3 990
3 991
3 992
3 995
3 997
3 998
4 502
4 503
4 507
4 509
4 510
4 511
4 513
4 516
4 517
4 518
4 520
4 521
4 522
4 526
4 527
4 528
4 529
4 530
4 534
4 535
4 537
4 538
4 543
4 544
4 545
4 546
4 548
4 549
4 551
4 555
4 557
4 560
4 561
4 562
4 565
4 566
4 567
4 572
4 573
4 574
4 575
4 576
4 577
4 579
4 582
4 583
4 584
4 585
4 587
4 588
4 589
4 591
4 592
4 593
4 597
4 600
4 602
4 604
4 605
4 607
4 610
4 611
4 612
4 613
4 614
4 615
4 617
4 619
4 620
4 621
4 622
4 625
4 626
4 627
4 630
4 631
4 632
4 634
4 636
4 637
4 638
4 640
4 641
4 642
4 644
4 645
4 646
4 651
4 652
4 653
4 654
4 655
4 656
4 658
4 659
4 660
4 661
4 662
4 665
4 666
4 667
4 669
4 670
4 672
4 674
4 675
4 679
4 682
4 683
4 685
4 686
4 687
4 688
4 690
4 691
4 692
4 694
4 696
4 701
4 703
4 704
4 705
4 706
4 707
4 708
4 710
4 711
4 713
4 715
4 717
4 718
4 720
4 723
4 726
4 729
4 735
4 736
4 737
4 739
4 744
4 745
4 746
4 750
4 751
4 754
4 756
4 758
4 762
4 766
4 767
4 769
4 770
4 774
4 775
4 776
4 777
4 778
4 779
4 782
4 783
4 787
4 788
4 789
4 790
4 791
4 793
4 794
4 795
4 796
4 798
4 799
4 801
4 802
4 803
4 811
4 812
4 814
4 815
4 818
4 819
4 821
4 823
4 826
4 827
4 828
4 831
4 833
4 835
4 836
4 837
4 838
4 841
4 844
4 845
4 846
4 847
4 848
4 849
4 850
4 853
4 854
4 855
4 856
4 857
4 859
4 860
4 861
4 863
4 864
4 867
4 869
4 871
4 873
4 875
4 876
4 877
4 878
4 880
4 884
4 888
4 889
4 890
4 891
4 894
4 895
4 898
4 899
4 900
4 902
4 907
4 910
4 913
4 916
4 920
4 921
4 922
4 923
4 924
4 928
4 929
4 932
4 933
4 935
4 936
4 937
4 942
4 943
4 944
4 946
4 951
4 954
4 957
4 958
4 960
4 961
4 962
4 963
4 964
4 965
4 966
4 969
4 970
4 971
4 975
4 978
4 979
4 982
4 984
4 985
4 987
4 989
4 992
4 993
4 994
4 997
4 998
4 999
5 501
5 503
5 504
5 506
5 508
5 509
5 510
5 511
5 512
5 519
5 520
5 522
5 524
5 525
5 526
5 528
5 531
5 532
5 533
5 539
5 540
5 544
5 546
5 550
5 551
5 552
5 554
5 555
5 557
5 558
5 559
5 560
5 562
5 563
5 566
5 567
5 568
5 569
5 572
5 580
5 581
5 584
5 586
5 588
5 589
5 590
5 591
5 596
5 598
5 601
5 605
5 607
5 608
5 609
5 610
5 613
5 614
5 615
5 616
5 618
5 619
5 623
5 625
5 627
5 632
5 633
5 634
5 635
5 636
5 639
5 640
5 642
5 643
5 644
5 646
5 648
5 649
5 650
5 653
5 654
5 655
5 660
5 662
5 664
5 666
5 669
5 670
5 671
5 672
5 678
5 680
5 685
5 686
5 689
5 690
5 691
5 693
5 694
5 696
5 698
5 699
5 700
5 702
5 703
5 711
5 712
5 715
5 719
5 720
5 721
5 724
5 725
5 726
5 727
5 731
5 733
5 736
5 739
5 740
5 741
5 744
5 745
5 746
5 747
5 748
5 750
5 751
5 752
5 754
5 755
5 756
5 758
5 759
5 761
5 762
5 764
5 765
5 767
5 768
5 770
5 772
5 778
5 779
5 780
5 781
5 784
5 785
5 787
5 788
5 791
5 792
5 793
5 795
5 797
5 798
5 799
5 801
5 802
5 803
5 804
5 805
5 810
5 811
5 813
5 815
5 816
5 818
5 820
5 821
5 823
5 824
5 825
5 827
5 829
5 831
5 832
5 834
5 835
5 836
5 839
5 841
5 843
5 844
5 846
5 847
5 849
5 850
5 851
5 852
5 853
5 854
5 856
5 859
5 862
5 864
5 866
5 867
5 871
5 874
5 875
5 876
5 879
5 880
5 882
5 888
5 890
5 891
5 893
5 894
5 898
5 899
5 903
5 904
5 905
5 908
5 910
5 914
5 915
5 922
5 923
5 924
5 928
5 931
5 934
5 935
5 936
5 937
5 938
5 940
5 942
5 944
5 947
5 952
5 954
5 956
5 957
5 958
5 959
5 961
5 962
5 964
5 966
5 973
5 974
5 975
5 976
5 977
5 979
5 980
5 981
5 982
5 985
5 988
5 989
5 990
5 993
5 998
6 503
6 504
6 506
6 509
6 510
6 512
6 513
6 520
6 522
6 524
6 530
6 531
6 533
6 534
6 536
6 540
6 541
6 543
6 544
6 545
6 548
6 549
6 550
6 553
6 556
6 557
6 558
6 563
6 565
6 567
6 569
6 570
6 573
6 575
6 578
6 579
6 581
6 582
6 586
6 588
6 589
6 590
6 591
6 593
6 594
6 595
6 597
6 598
6 600
6 601
6 602
6 604
6 605
6 606
6 607
6 613
6 615
6 617
6 620
6 621
6 626
6 627
6 628
6 629
6 631
6 632
6 636
6 637
6 639
6 640
6 641
6 645
6 647
6 652
6 655
6 657
6 658
6 659
6 662
6 666
6 668
6 670
6 671
6 672
6 675
6 677
6 680
6 681
6 683
6 685
6 687
6 688
6 689
6 692
6 693
6 695
6 696
6 697
6 699
6 700
6 701
6 702
6 703
6 705
6 707
6 708
6 709
6 710
6 712
6 713
6 714
6 715
6 716
6 718
6 720
6 722
6 723
6 725
6 726
6 728
6 729
6 730
6 733
6 737
6 738
6 739
6 740
6 742
6 743
6 744
6 745
6 746
6 750
6 751
6 754
6 756
6 758
6 759
6 760
6 764
6 765
6 770
6 771
6 772
6 774
6 775
6 776
6 781
6 786
6 788
6 792
6 793
6 795
6 798
6 803
6 804
6 807
6 808
6 809
6 812
6 814
6 816
6 817
6 818
6 819
6 820
6 821
6 822
6 829
6 832
6 834
6 836
6 841
6 843
6 844
6 851
6 853
6 854
6 855
6 856
6 857
6 863
6 866
6 868
6 869
6 871
6 872
6 873
6 874
6 876
6 884
6 885
6 886
6 890
6 891
6 893
6 896
6 897
6 898
6 899
6 900
6 902
6 903
6 904
6 908
6 909
6 910
6 911
6 914
6 915
6 916
6 918
6 920
6 926
6 927
6 928
6 930
6 932
6 933
6 936
6 937
6 940
6 947
6 949
6 950
6 951
6 953
6 954
6 956
6 958
6 959
6 961
6 962
6 963
6 965
6 967
6 968
6 969
6 971
6 973
6 974
6 976
6 980
6 981
6 983
6 984
6 985
6 987
6 988
6 989
6 990
6 996
6 997
6 998
6 999
7 501
7 503
7 509
7 510
7 515
7 516
7 517
7 518
7 519
7 521
7 522
7 523
7 524
7 525
7 526
7 528
7 531
7 534
7 535
7 537
7 538
7 539
7 542
7 543
7 545
7 548
7 550
7 552
7 553
7 557
7 559
7 560
7 562
7 563
7 566
7 570
7 572
7 573
7 575
7 577
7 578
7 581
7 582
7 583
7 584
7 585
7 586
7 588
7 590
7 592
7 594
7 596
7 598
7 601
7 603
7 604
7 606
7 611
7 612
7 614
7 617
7 619
7 623
7 625
7 626
7 631
7 632
7 636
7 637
7 638
7 641
7 643
7 644
7 647
7 648
7 649
7 651
7 657
7 658
7 660
7 661
7 662
7 663
7 666
7 667
7 668
7 670
7 672
7 673
7 676
7 677
7 678
7 679
7 680
7 685
7 686
7 688
7 690
7 692
7 693
7 696
7 699
7 702
7 703
7 705
7 710
7 711
7 713
7 714
7 715
7 716
7 717
7 721
7 722
7 723
7 726
7 727
7 728
7 730
7 731
7 734
7 736
7 738
7 739
7 740
7 743
7 746
7 749
7 752
7 754
7 755
7 757
7 760
7 761
7 762
7 768
7 769
7 771
7 772
7 776
7 777
7 778
7 779
7 785
7 792
7 793
7 794
7 795
7 796
7 798
7 800
7 801
7 802
7 804
7 805
7 807
7 808
7 810
7 811
7 816
7 817
7 820
7 821
7 823
7 824
7 825
7 826
7 828
7 829
7 830
7 831
7 832
7 833
7 834
7 835
7 837
7 838
7 843
7 847
7 848
7 850
7 851
7 852
7 854
7 858
7 860
7 861
7 862
7 867
7 869
7 870
7 871
7 872
7 874
7 878
7 881
7 882
7 884
7 887
7 888
7 894
7 895
7 896
7 897
7 899
7 901
7 904
7 906
7 908
7 909
7 912
7 916
7 917
7 918
7 920
7 923
7 924
7 926
7 927
7 928
7 931
7 935
7 936
7 939
7 940
7 944
7 945
7 947
7 948
7 949
7 950
7 952
7 953
7 956
7 957
7 959
7 960
7 963
7 964
7 965
7 969
7 970
7 971
7 977
7 978
7 983
7 984
7 989
7 991
7 992
7 995
7 997
7 999
7 1000
8 503
8 504
8 506
8 507
8 510
8 512
8 514
8 516
8 518
8 519
8 520
8 521
8 522
8 523
8 527
8 529
8 530
8 532
8 533
8 534
8 535
8 536
8 537
8 538
8 539
8 541
8 544
8 546
8 548
8 549
8 550
8 554
8 555
8 557
8 558
8 559
8 565
8 566
8 570
8 572
8 573
8 574
8 575
8 577
8 579
8 582
8 589
8 590
8 592
8 593
8 595
8 597
8 600
8 601
8 605
8 606
8 608
8 610
8 611
8 612
8 614
8 616
8 617
8 618
8 620
8 622
8 624
8 625
8 626
8 627
8 631
8 632
8 637
8 640
8 642
8 643
8 644
8 645
8 647
8 648
8 649
8 650
8 652
8 654
8 659
8 661
8 662
8 663
8 664
8 665
8 666
8 671
8 672
8 675
8 678
8 680
8 681
8 688
8 695
8 696
8 697
8 700
8 703
8 704
8 706
8 707
8 709
8 710
8 713
8 714
8 715
8 719
8 721
8 722
8 723
8 724
8 726
8 728
8 729
8 733
8 734
8 739
8 740
8 741
8 742
8 744
8 746
8 751
8 752
8 753
8 755
8 757
8 760
8 763
8 764
8 765
8 766
8 767
8 768
8 770
8 771
8 773
8 774
8 776
8 778
8 781
8 785
8 787
8 788
8 790
8 792
8 794
8 798
8 801
8 802
8 803
8 804
8 807
8 809
8 810
8 811
8 813
8 814
8 815
8 816
8 817
8 821
8 822
8 823
8 832
8 833
8 836
8 839
8 842
8 843
8 845
8 846
8 847
8 848
8 849
8 851
8 855
8 856
8 857
8 858
8 859
8 860
8 862
8 864
8 865
8 868
8 869
8 870
8 874
8 876
8 877
8 878
8 879
8 880
8 884
8 887
8 889
8 890
8 896
8 898
8 902
8 904
8 905
8 908
8 909
8 910
8 911
8 912
8 913
8 914
8 916
8 919
8 922
8 924
8 931
8 933
8 934
8 935
8 936
8 937
8 939
8 944
8 949
8 951
8 952
8 955
8 956
8 957
8 958
8 959
8 963
8 964
8 966
8 967
8 968
8 969
8 970
8 975
8 977
8 978
8 979
8 983
8 984
8 985
8 989
8 990
8 991
8 992
8 994
8 998
8 1000
9 502
9 504
9 505
9 508
9 510
9 513
9 514
9 516
9 519
9 520
9 521
9 522
9 523
9 528
9 531
9 532
9 533
9 538
9 541
9 542
9 545
9 546
9 553
9 555
9 556
9 559
9 560
9 561
9 562
9 563
9 564
9 566
9 569
9 571
9 572
9 575
9 577
9 580
9 582
9 583
9 584
9 587
9 588
9 589
9 591
9 593
9 596
9 597
9 600
9 601
9 602
9 606
9 607
9 608
9 609
9 612
9 617
9 621
9 624
9 628
9 630
9 631
9 634
9 641
9 643
9 644
9 645
9 648
9 650
9 652
9 653
9 655
9 656
9 658
9 660
9 661
9 662
9 665
9 666
9 667
9 671
9 672
9 674
9 675
9 676
9 678
9 680
9 685
9 686
9 687
9 690
9 691
9 694
9 695
9 697
9 698
9 699
9 701
9 704
9 705
9 708
9 709
9 712
9 713
9 716
9 721
9 724
9 726
9 728
9 731
9 732
9 734
9 735
9 739
9 740
9 741
9 743
9 744
9 749
9 755
9 756
9 757
9 762
9 764
9 765
9 769
9 770
9 771
9 774
9 775
9 776
9 777
9 779
9 780
9 781
9 782
9 784
9 785
9 787
9 792
9 798
9 799
9 802
9 803
9 804
9 806
9 809
9 810
9 815
9 817
9 819
9 825
9 827
9 828
9 829
9 830
9 836
9 839
9 840
9 841
9 843
9 846
9 850
9 851
9 852
9 855
9 856
9 859
9 862
9 863
9 865
9 873
9 874
9 875
9 877
9 879
9 880
9 882
9 884
9 886
9 888
9 889
9 893
9 896
9 897
9 900
9 901
9 902
9 903
9 904
9 907
9 908
9 909
9 911
9 914
9 917
9 919
9 922
9 926
9 928
9 930
9 932
9 937
9 938
9 939
9 942
9 945
9 947
9 948
9 949
9 951
9 952
9 954
9 955
9 956
9 958
9 959
9 960
9 965
9 966
9 969
9 972
9 982
9 983
9 985
9 987
9 989
9 991
9 993
9 994
9 995
9 996
9 999
10 502
10 503
10 507
10 509
10 510
10 511
10 512
10 513
10 514
10 515
10 517
10 518
10 519
10 520
10 522
10 523
10 524
10 525
10 527
10 529
10 530
10 531
10 535
10 537
10 538
10 542
10 544
10 546
10 548
10 549
10 554
10 555
10 557
10 558
10 559
10 560
10 563
10 566
10 568
10 569
10 570
10 571
10 576
10 577
10 578
10 579
10 580
10 582
10 583
10 584
10 589
10 590
10 591
10 595
10 596
10 600
10 601
10 602
10 603
10 607
10 609
10 611
10 612
10 614
10 617
10 620
10 621
10 624
10 626
10 627
10 632
10 634
10 635
10 638
10 639
10 640
10 642
10 643
10 648
10 649
10 652
10 656
10 658
10 659
10 660
10 661
10 662
10 664
10 665
10 669
10 670
10 674
10 677
10 687
10 689
10 693
10 694
10 695
10 696
10 697
10 700
10 701
10 702
10 703
10 705
10 706
10 707
10 709
10 710
10 711
10 715
10 719
10 721
10 722
10 723
10 724
10 726
10 728
10 729
10 731
10 734
10 735
10 736
10 738
10 741
10 744
10 746
10 747
10 754
10 756
10 759
10 760
10 761
10 762
10 763
10 765
10 773
10 778
10 780
10 781
10 782
10 787
10 788
10 791
10 793
10 796
10 797
10 798
10 803
10 804
10 807
10 808
10 809
10 810
10 812
10 815
10 816
10 819
10 820
10 822
10 823
10 824
10 828
10 830
10 831
10 833
10 836
10 838
10 839
10 840
10 845
10 847
10 848
10 849
10 850
10 851
10 852
10 857
10 858
10 859
10 861
10 864
10 866
10 870
10 873
10 875
10 881
10 882
10 886
10 887
10 888
10 889
10 892
10 893
10 894
10 895
10 900
10 901
10 902
10 905
10 907
10 908
10 909
10 913
10 914
10 915
10 917
10 919
10 923
10 924
10 927
10 929
10 932
10 934
10 936
10 938
10 939
10 942
10 944
10 945
10 947
10 950
10 952
10 954
10 956
10 958
10 960
10 962
10 964
10 966
10 967
10 968
10 969
10 971
10 973
10 974
10 979
10 981
10 982
10 984
10 987
10 988
10 989
10 990
10 991
10 992
10 993
10 995
10 998
10 999
11 501
11 502
11 503
11 504
11 506
11 508
11 513
11 514
11 519
11 523
11 524
11 527
11 529
11 531
11 533
11 535
11 536
11 537
11 538
11 541
11 542
11 547
11 548
11 549
11 550
11 552
11 556
11 557
11 561
11 562
11 563
11 564
11 567
11 569
11 572
11 577
11 583
11 585
11 590
11 591
11 592
11 593
11 597
11 599
11 600
11 601
11 602
11 606
11 607
11 609
11 613
11 614
11 617
11 622
11 623
11 626
11 627
11 628
11 629
11 633
11 635
11 636
11 641
11 643
11 644
11 646
11 649
11 650
11 651
11 652
11 654
11 655
11 656
11 657
11 659
11 660
11 661
11 665
11 669
11 671
11 672
11 674
11 676
11 680
11 681
11 683
11 684
11 692
11 695
11 697
11 699
11 702
11 706
11 709
11 710
11 711
11 714
11 715
11 716
11 717
11 718
11 720
11 721
11 722
11 723
11 726
11 731
11 732
11 734
11 735
11 736
11 746
11 747
11 748
11 749
11 750
11 752
11 754
11 757
11 758
11 759
11 762
11 765
11 769
11 771
11 772
11 773
11 774
11 775
11 778
11 780
11 784
11 785
11 786
11 789
11 790
11 794
11 796
11 797
11 799
11 801
11 802
11 803
11 804
11 805
11 806
11 807
11 808
11 811
11 814
11 820
11 822
11 824
11 825
11 827
11 828
11 829
11 832
11 836
11 838
11 839
11 841
11 842
11 844
11 851
11 853
11 855
11 856
11 858
11 864
11 865
11 866
11 867
11 869
11 872
11 874
11 875
11 877
11 882
11 887
11 888
11 889
11 892
11 893
11 896
11 899
11 900
11 901
11 902
11 904
11 905
11 906
11 907
11 909
11 910
11 911
11 917
11 919
11 921
11 924
11 926
11 928
11 930
11 933
11 934
11 936
11 939
11 941
11 942
11 943
11 945
11 947
11 948
11 950
11 954
11 955
11 956
11 957
11 959
11 962
11 964
11 967
11 969
11 971
11 973
11 974
11 977
11 978
11 979
11 984
11 985
11 989
11 990
11 991
11 992
11 994
11 996
11 997
12 502
12 504
12 507
12 508
12 509
12 512
12 514
12 519
12 520
12 521
12 523
12 524
12 525
12 526
12 528
12 529
12 530
12 531
12 532
12 534
12 535
12 538
12 539
12 541
12 545
12 546
12 547
12 549
12 554
12 558
12 559
12 560
12 562
12 563
12 567
12 568
12 570
12 571
12 572
12 573
12 575
12 576
12 577
12 579
12 582
12 589
12 591
12 592
12 593
12 595
12 599
12 601
12 603
12 606
12 608
12 609
12 614
12 615
12 616
12 617
12 619
12 621
12 622
12 623
12 625
12 627
12 630
12 633
12 634
12 636
12 637
12 638
12 639
12 641
12 645
12 646
12 651
12 655
12 657
12 661
12 662
12 666
12 667
12 669
12 671
12 674
12 677
12 678
12 679
12 680
12 681
12 682
12 684
12 686
12 687
12 689
12 691
12 695
12 697
12 698
12 701
12 704
12 705
12 707
12 708
12 710
12 711
12 713
12 715
12 719
12 720
12 722
12 724
12 727
12 728
12 730
12 731
12 732
12 733
12 735
12 736
12 737
12 738
12 740
12 741
12 744
12 752
12 753
12 754
12 755
12 758
12 759
12 762
12 763
12 767
12 768
12 769
12 770
12 777
12 778
12 779
12 781
12 782
12 783
12 784
12 785
12 787
12 790
12 797
12 798
12 799
12 800
12 802
12 803
12 804
12 805
12 806
12 809
12 812
12 813
12 814
12 816
12 817
12 818
12 819
12 821
12 823
12 826
12 830
12 831
12 833
12 834
12 836
12 838
12 840
12 845
12 846
12 853
12 854
12 856
12 857
12 862
12 864
12 865
12 869
12 871
12 876
12 878
12 879
12 885
12 887
12 888
12 889
12 890
12 894
12 895
12 897
12 899
12 901
12 904
12 905
12 908
12 911
12 912
12 913
12 915
12 919
12 920
12 921
12 922
12 923
12 925
12 926
12 928
12 929
12 930
12 932
12 933
12 934
12 935
12 936
12 939
12 945
12 947
12 949
12 952
12 954
12 955
12 956
12 957
12 962
12 963
12 965
12 968
12 974
12 975
12 980
12 981
12 983
12 984
12 988
12 989
12 992
12 993
12 995
12 998
12 1000
13 501
13 502
13 506
13 507
13 509
13 511
13 514
13 518
13 522
13 524
13 527
13 530
13 531
13 532
13 536
13 538
13 542
13 543
13 544
13 545
13 546
13 548
13 549
13 553
13 556
13 557
13 558
13 559
13 560
13 561
13 569
13 572
13 574
13 577
13 578
13 579
13 581
13 582
13 587
13 588
13 590
13 591
13 594
13 595
13 597
13 598
13 599
13 600
13 601
13 604
13 606
13 607
13 612
13 616
13 617
13 620
13 621
13 622
13 623
13 626
13 629
13 630
13 631
13 633
13 636
13 638
13 639
13 644
13 645
13 651
13 652
13 654
13 657
13 660
13 661
13 664
13 666
13 667
13 670
13 672
13 673
13 674
13 675
13 677
13 678
13 680
13 681
13 682
13 683
13 686
13 687
13 689
13 694
13 695
13 696
13 697
13 698
13 699
13 702
13 704
13 707
13 708
13 713
13 714
13 715
13 717
13 719
13 720
13 722
13 723
13 729
13 730
13 731
13 732
13 735
13 736
13 739
13 745
13 746
13 750
13 752
13 755
13 756
13 758
13 760
13 763
13 765
13 770
13 771
13 772
13 774
13 775
13 776
13 777
13 780
13 781
13 782
13 785
13 786
13 787
13 788
13 790
13 792
13 793
13 794
13 795
13 798
13 800
13 801
13 802
13 803
13 807
13 808
13 810
13 811
13 812
13 814
13 815
13 816
13 817
13 821
13 822
13 824
13 825
13 826
13 827
13 831
13 834
13 835
13 836
13 838
13 843
13 849
13 852
13 854
13 856
13 859
13 860
13 864
13 866
13 867
13 868
13 869
13 873
13 875
13 877
13 878
13 879
13 880
13 883
13 886
13 890
13 892
13 894
13 897
13 900
13 901
13 904
13 907
13 910
13 912
13 913
13 914
13 915
13 916
13 917
13 919
13 920
13 921
13 922
13 923
13 925
13 929
13 931
13 932
13 933
13 934
13 935
13 937
13 939
13 942
13 943
13 945
13 946
13 952
13 953
13 955
13 956
13 960
13 964
13 966
13 969
13 970
13 972
13 974
13 979
13 982
13 984
13 988
13 989
13 992
13 995
13 1000
14 501
14 502
14 503
14 506
14 512
14 513
14 514
14 515
14 516
14 519
14 520
14 521
14 524
14 527
14 529
14 531
14 533
14 534
14 535
14 538
14 540
14 542
14 543
14 545
14 547
14 549
14 550
14 552
14 553
14 557
14 558
14 559
14 560
14 561
14 562
14 566
14 567
14 568
14 572
14 573
14 575
14 577
14 585
14 587
14 588
14 591
14 592
14 593
14 597
14 598
14 599
14 601
14 606
14 607
14 610
14 615
14 616
14 617
14 618
14 620
14 622
14 623
14 624
14 626
14 627
14 628
14 629
14 631
14 634
14 635
14 636
14 638
14 641
14 642
14 643
14 647
14 648
14 649
14 650
14 651
14 653
14 654
14 656
14 657
14 658
14 661
14 662
14 664
14 666
14 668
14 670
14 671
14 672
14 674
14 678
14 679
14 685
14 686
14 687
14 688
14 690
14 691
14 695
14 696
14 697
14 698
14 701
14 704
14 706
14 707
14 712
14 714
14 718
14 719
14 721
14 723
14 724
14 725
14 728
14 732
14 733
14 737
14 739
14 741
14 742
14 743
14 746
14 749
14 750
14 751
14 752
14 754
14 756
14 757
14 758
14 765
14 767
14 770
14 771
14 772
14 773
14 776
14 777
14 779
14 782
14 784
14 790
14 792
14 793
14 794
14 796
14 801
14 802
14 806
14 811
14 812
14 813
14 814
14 815
14 816
14 817
14 819
14 820
14 825
14 826
14 827
14 830
14 832
14 834
14 838
14 839
14 841
14 843
14 844
14 847
14 848
14 849
14 851
14 852
14 855
14 856
14 860
14 863
14 864
14 865
14 867
14 870
14 871
14 872
14 878
14 879
14 881
14 884
14 886
14 887
14 889
14 890
14 892
14 895
14 898
14 899
14 901
14 903
14 904
14 906
14 907
14 910
14 911
14 912
14 914
14 915
14 921
14 922
14 925
14 926
14 927
14 928
14 931
14 933
14 935
14 937
14 939
14 942
14 943
14 944
14 945
14 948
14 950
14 951
14 952
14 954
14 956
14 959
14 962
14 963
14 965
14 967
14 968
14 971
14 975
14 976
14 978
14 979
14 980
14 981
14 982
14 985
14 986
14 987
14 988
14 991
14 993
14 994
14 997
14 999
14 1000
15 503
15 505
15 511
15 514
15 515
15 516
15 519
15 520
15 522
15 523
15 525
15 528
15 529
15 535
15 536
15 538
15 540
15 544
15 545
15 548
15 549
15 550
15 553
15 554
15 555
15 556
15 557
15 558
15 561
15 562
15 567
15 571
15 572
15 573
15 574
15 575
15 576
15 577
15 579
15 583
15 589
15 590
15 592
15 594
15 598
15 600
15 601
15 606
15 609
15 615
15 616
15 617
15 618
15 620
15 622
15 624
15 625
15 627
15 629
15 630
15 632
15 633
15 635
15 638
15 640
15 641
15 644
15 646
15 647
15 652
15 653
15 654
15 656
15 660
15 661
15 662
15 663
15 664
15 665
15 666
15 669
15 672
15 673
15 674
15 675
15 676
15 679
15 680
15 681
15 683
15 684
15 685
15 686
15 688
15 690
15 693
15 694
15 695
15 698
15 700
15 701
15 704
15 706
15 707
15 708
15 716
15 717
15 718
15 722
15 724
15 727
15 729
15 736
15 737
15 738
15 740
15 741
15 742
15 743
15 744
15 745
15 747
15 748
15 749
15 751
15 754
15 755
15 757
15 758
15 759
15 767
15 770
15 773
15 774
15 775
15 779
15 780
15 782
15 786
15 788
15 789
15 790
15 792
15 793
15 796
15 798
15 799
15 800
15 801
15 802
15 803
15 804
15 805
15 806
15 807
15 808
15 811
15 813
15 816
15 818
15 819
15 820
15 821
15 823
15 829
15 830
15 832
15 835
15 838
15 839
15 840
15 841
15 842
15 843
15 844
15 845
15 846
15 849
15 850
15 852
15 854
15 857
15 859
15 862
15 863
15 864
15 865
15 866
15 872
15 874
15 878
15 880
15 884
15 887
15 888
15 892
15 893
15 894
15 896
15 897
15 899
15 900
15 902
15 903
15 907
15 908
15 909
15 911
15 913
15 914
15 924
15 925
15 926
15 929
15 930
15 932
15 933
15 934
15 941
15 944
15 945
15 946
15 947
15 948
15 950
15 953
15 954
15 955
15 956
15 957
15 960
15 961
15 967
15 973
15 974
15 978
15 980
15 981
15 982
15 983
15 984
15 986
15 987
15 989
15 990
15 992
15 994
15 995
15 996
15 997
15 999
15 1000
16 501
16 503
16 506
16 511
16 512
16 516
16 517
16 520
16 522
16 523
16 525
16 528
16 529
16 530
16 532
16 533
16 535
16 538
16 539
16 540
16 542
16 543
16 544
16 545
16 546
16 547
16 549
16 550
16 553
16 555
16 556
16 557
16 562
16 563
16 564
16 567
16 568
16 571
16 572
16 574
16 575
16 576
16 579
16 582
16 584
16 585
16 587
16 588
16 589
16 592
16 594
16 595
16 596
16 601
16 603
16 604
16 605
16 610
16 613
16 615
16 616
16 618
16 619
16 620
16 621
16 623
16 625
16 626
16 627
16 628
16 629
16 630
16 634
16 635
16 636
16 639
16 640
16 641
16 645
16 646
16 647
16 650
16 653
16 654
16 655
16 656
16 657
16 658
16 660
16 662
16 663
16 666
16 667
16 668
16 669
16 670
16 671
16 672
16 673
16 674
16 675
16 676
16 677
16 680
16 681
16 684
16 685
16 690
16 692
16 693
16 694
16 695
16 697
16 698
16 701
16 703
16 708
16 710
16 711
16 715
16 716
16 717
16 718
16 720
16 721
16 722
16 724
16 727
16 728
16 730
16 731
16 733
16 735
16 736
16 737
16 741
16 743
16 748
16 750
16 751
16 754
16 757
16 759
16 761
16 762
16 763
16 765
16 769
16 770
16 772
16 773
16 776
16 779
16 780
16 782
16 783
16 784
16 787
16 789
16 791
16 792
16 794
16 795
16 796
16 801
16 802
16 805
16 807
16 809
16 811
16 813
16 816
16 820
16 821
16 824
16 825
16 827
16 830
16 833
16 835
16 836
16 842
16 843
16 848
16 849
16 850
16 851
16 852
16 853
16 854
16 855
16 857
16 858
16 859
16 861
16 863
16 865
16 866
16 867
16 868
16 870
16 872
16 874
16 875
16 876
16 878
16 879
16 881
16 883
16 885
16 886
16 887
16 888
16 889
16 890
16 891
16 893
16 895
16 896
16 897
16 900
16 902
16 907
16 909
16 911
16 912
16 913
16 914
16 916
16 917
16 918
16 921
16 922
16 923
16 924
16 928
16 929
16 932
16 935
16 942
16 943
16 944
16 948
16 949
16 950
16 951
16 954
16 955
16 958
16 962
16 963
16 965
16 967
16 968
16 969
16 971
16 972
16 974
16 975
16 976
16 977
16 978
16 981
16 982
16 986
16 988
16 990
16 991
16 992
16 995
16 997
16 999
17 502
17 504
17 506
17 508
17 509
17 510
17 513
17 514
17 517
17 518
17 519
17 520
17 521
17 524
17 526
17 528
17 529
17 530
17 531
17 534
17 535
17 536
17 537
17 539
17 540
17 542
17 543
17 545
17 546
17 547
17 548
17 549
17 550
17 554
17 555
17 557
17 558
17 560
17 563
17 567
17 574
17 576
17 580
17 581
17 588
17 589
17 590
17 591
17 592
17 593
17 594
17 597
17 599
17 600
17 601
17 602
17 605
17 606
17 607
17 608
17 609
17 610
17 611
17 613
17 617
17 618
17 620
17 621
17 622
17 623
17 629
17 630
17 633
17 634
17 637
17 641
17 644
17 645
17 646
17 647
17 650
17 652
17 655
17 656
17 658
17 667
17 668
17 669
17 670
17 671
17 674
17 676
17 678
17 679
17 680
17 681
17 682
17 683
17 684
17 685
17 687
17 688
17 689
17 690
17 691
17 692
17 693
17 696
17 698
17 700
17 702
17 704
17 705
17 707
17 709
17 710
17 713
17 714
17 717
17 718
17 722
17 724
17 725
17 726
17 731
17 737
17 738
17 739
17 740
17 741
17 745
17 746
17 751
17 752
17 755
17 756
17 759
17 761
17 762
17 763
17 768
17 769
17 770
17 775
17 779
17 782
17 783
17 784
17 785
17 787
17 790
17 794
17 795
17 800
17 805
17 806
17 807
17 808
17 809
17 810
17 812
17 815
17 817
17 818
17 820
17 824
17 825
17 826
17 827
17 829
17 833
17 834
17 836
17 837
17 839
17 840
17 841
17 842
17 844
17 846
17 847
17 849
17 851
17 853
17 854
17 856
17 861
17 862
17 864
17 867
17 869
17 872
17 873
17 874
17 877
17 879
17 880
17 881
17 882
17 883
17 884
17 886
17 887
17 888
17 890
17 893
17 894
17 896
17 897
17 900
17 901
17 904
17 905
17 907
17 908
17 909
17 910
17 911
17 913
17 914
17 916
17 918
17 920
17 921
17 923
17 925
17 926
17 927
17 928
17 930
17 931
17 933
17 941
17 942
17 944
17 945
17 947
17 949
17 950
17 954
17 956
17 957
17 962
17 963
17 968
17 974
17 976
17 978
17 980
17 984
17 985
17 986
17 987
17 989
17 991
17 992
17 993
17 996
17 998
17 999
18 503
18 504
18 505
18 507
18 510
18 513
18 514
18 515
18 518
18 519
18 522
18 524
18 525
18 526
18 528
18 529
18 530
18 533
18 535
18 536
18 539
18 540
18 541
18 543
18 546
18 547
18 548
18 550
18 551
18 556
18 559
18 564
18 566
18 568
18 571
18 572
18 573
18 574
18 578
18 581
18 582
18 584
18 587
18 588
18 589
18 591
18 593
18 594
18 598
18 601
18 602
18 603
18 607
18 609
18 611
18 612
18 614
18 620
18 621
18 622
18 627
18 629
18 631
18 632
18 634
18 635
18 636
18 637
18 641
18 642
18 643
18 644
18 647
18 648
18 649
18 650
18 651
18 655
18 656
18 658
18 662
18 664
18 665
18 667
18 669
18 671
18 672
18 674
18 676
18 678
18 679
18 680
18 682
18 683
18 684
18 686
18 687
18 689
18 691
18 692
18 695
18 699
18 701
18 702
18 705
18 706
18 707
18 709
18 711
18 714
18 715
18 716
18 717
18 718
18 719
18 720
18 721
18 722
18 724
18 725
18 726
18 727
18 728
18 730
18 732
18 734
18 736
18 737
18 743
18 744
18 747
18 748
18 758
18 760
18 761
18 762
18 765
18 768
18 769
18 770
18 772
18 774
18 775
18 776
18 777
18 778
18 779
18 781
18 785
18 786
18 788
18 790
18 791
18 792
18 794
18 797
18 800
18 802
18 803
18 804
18 806
18 808
18 810
18 812
18 815
18 816
18 818
18 819
18 820
18 822
18 824
18 827
18 829
18 830
18 832
18 833
18 839
18 842
18 845
18 847
18 849
18 850
18 852
18 856
18 857
18 858
18 859
18 861
18 862
18 863
18 864
18 865
18 866
18 868
18 871
18 873
18 874
18 882
18 883
18 885
18 886
18 888
18 891
18 893
18 903
18 906
18 908
18 909
18 910
18 911
18 912
18 913
18 914
18 916
18 921
18 923
18 927
18 928
18 931
18 935
18 936
18 937
18 938
18 939
18 942
18 944
18 947
18 949
18 950
18 955
18 959
18 960
18 961
18 962
18 963
18 964
18 968
18 969
18 970
18 971
18 972
18 979
18 980
18 989
18 990
18 991
18 992
18 995
18 997
18 999
19 504
19 508
19 510
19 511
19 512
19 513
19 514
19 517
19 518
19 521
19 523
19 524
19 525
19 526
19 527
19 529
19 530
19 533
19 536
19 537
19 538
19 539
19 540
19 542
19 547
19 548
19 552
19 553
19 557
19 560
19 561
19 564
19 566
19 568
19 569
19 572
19 573
19 577
19 582
19 583
19 588
19 589
19 590
19 593
19 595
19 596
19 597
19 601
19 604
19 605
19 606
19 609
19 610
19 611
19 612
19 617
19 619
19 622
19 625
19 626
19 628
19 631
19 632
19 634
19 635
19 637
19 638
19 639
19 640
19 642
19 643
19 644
19 645
19 646
19 647
19 649
19 650
19 651
19 653
19 656
19 657
19 659
19 660
19 661
19 662
19 667
19 674
19 678
19 679
19 680
19 681
19 686
19 688
19 689
19 691
19 694
19 695
19 698
19 699
19 701
19 702
19 705
19 710
19 711
19 714
19 715
19 717
19 718
19 728
19 729
19 732
19 733
19 734
19 737
19 738
19 739
19 740
19 741
19 745
19 747
19 748
19 749
19 750
19 751
19 752
19 753
19 754
19 755
19 757
19 759
19 763
19 764
19 766
19 769
19 770
19 771
19 779
19 782
19 783
19 784
19 786
19 787
19 795
19 799
19 801
19 802
19 803
19 804
19 808
19 811
19 812
19 815
19 817
19 820
19 822
19 824
19 825
19 828
19 829
19 831
19 832
19 833
19 834
19 835
19 836
19 839
19 842
19 844
19 849
19 850
19 851
19 854
19 859
19 862
19 863
19 864
19 865
19 866
19 868
19 872
19 874
19 876
19 877
19 878
19 881
19 883
19 887
19 891
19 895
19 896
19 898
19 901
19 902
19 905
19 906
19 908
19 909
19 910
19 911
19 912
19 913
19 916
19 917
19 922
19 923
19 926
19 927
19 928
19 929
19 931
19 932
19 935
19 936
19 937
19 939
19 941
19 942
19 944
19 945
19 946
19 951
19 952
19 953
19 954
19 955
19 956
19 958
19 960
19 964
19 967
19 970
19 973
19 974
19 975
19 976
19 980
19 981
19 986
19 991
19 992
19 993
19 994
19 996
20 501
20 504
20 505
20 508
20 510
20 511
20 512
20 514
20 515
20 517
20 520
20 521
20 522
20 524
20 525
20 526
20 530
20 531
20 533
20 534
20 537
20 538
20 540
20 543
20 546
20 548
20 549
20 552
20 553
20 554
20 556
20 557
20 558
20 560
20 561
20 562
20 563
20 565
20 566
20 567
20 568
20 569
20 574
20 576
20 577
20 578
20 579
20 580
20 583
20 585
20 586
20 587
20 592
20 594
20 595
20 596
20 597
20 599
20 601
20 603
20 605
20 607
20 608
20 610
20 611
20 613
20 618
20 621
20 622
20 623
20 624
20 627
20 631
20 636
20 640
20 644
20 647
20 649
20 650
20 653
20 654
20 656
20 658
20 659
20 661
20 662
20 664
20 665
20 668
20 671
20 674
20 676
20 678
20 681
20 684
20 687
20 692
20 693
20 694
20 695
20 698
20 700
20 701
20 702
20 704
20 705
20 708
20 709
20 711
20 712
20 716
20 717
20 718
20 720
20 721
20 723
20 724
20 726
20 727
20 729
20 731
20 732
20 734
20 737
20 742
20 749
20 752
20 753
20 754
20 756
20 758
20 759
20 760
20 761
20 762
20 765
20 767
20 768
20 770
20 774
20 776
20 781
20 783
20 789
20 798
20 800
20 801
20 806
20 807
20 808
20 809
20 812
20 814
20 818
20 820
20 823
20 826
20 827
20 829
20 831
20 832
20 835
20 839
20 842
20 845
20 846
20 847
20 848
20 849
20 851
20 855
20 856
20 859
20 862
20 864
20 866
20 867
20 868
20 871
20 872
20 873
20 875
20 883
20 884
20 886
20 887
20 888
20 889
20 890
20 891
20 892
20 893
20 894
20 895
20 896
20 897
20 898
20 901
20 902
20 903
20 904
20 907
20 909
20 910
20 911
20 912
20 913
20 914
20 915
20 919
20 922
20 924
20 927
20 928
20 930
20 937
20 941
20 948
20 949
20 950
20 952
20 954
20 959
20 960
20 963
20 964
20 965
20 969
20 971
20 972
20 974
20 977
20 979
20 982
20 983
20 984
20 985
20 986
20 987
20 988
20 990
20 993
20 995
20 996
20 997
20 998
20 1000
21 503
21 505
21 506
21 507
21 508
21 516
21 517
21 518
21 519
21 520
21 524
21 525
21 527
21 528
21 531
21 532
21 534
21 537
21 538
21 539
21 542
21 543
21 547
21 548
21 549
21 550
21 551
21 554
21 555
21 556
21 557
21 560
21 563
21 567
21 571
21 577
21 579
21 580
21 581
21 582
21 584
21 585
21 586
21 588
21 589
21 594
21 595
21 596
21 599
21 601
21 604
21 606
21 607
21 609
21 610
21 613
21 614
21 617
21 619
21 621
21 622
21 624
21 626
21 628
21 629
21 630
21 633
21 634
21 635
21 636
21 641
21 642
21 643
21 646
21 647
21 649
21 653
21 654
21 655
21 656
21 663
21 664
21 665
21 666
21 672
21 673
21 674
21 676
21 678
21 679
21 680
21 683
21 684
21 685
21 688
21 689
21 696
21 698
21 705
21 706
21 707
21 708
21 716
21 717
21 718
21 720
21 722
21 723
21 725
21 726
21 730
21 732
21 733
21 737
21 738
21 741
21 742
21 745
21 747
21 748
21 749
21 750
21 751
21 754
21 755
21 757
21 761
21 762
21 764
21 765
21 767
21 768
21 769
21 771
21 772
21 773
21 774
21 775
21 776
21 781
21 782
21 784
21 785
21 786
21 787
21 788
21 791
21 792
21 795
21 799
21 800
21 802
21 803
21 805
21 806
21 808
21 811
21 812
21 814
21 815
21 817
21 821
21 822
21 823
21 832
21 834
21 835
21 839
21 841
21 843
21 847
21 850
21 851
21 852
21 854
21 855
21 861
21 863
21 864
21 865
21 866
21 869
21 871
21 873
21 874
21 877
21 878
21 879
21 881
21 884
21 886
21 887
21 889
21 890
21 892
21 893
21 896
21 897
21 899
21 901
21 902
21 906
21 908
21 911
21 913
21 914
21 915
21 919
21 921
21 922
21 923
21 924
21 925
21 928
21 930
21 931
21 932
21 933
21 937
21 938
21 945
21 946
21 947
21 950
21 953
21 955
21 958
21 959
21 961
21 962
21 965
21 967
21 968
21 969
21 971
21 974
21 975
21 976
21 977
21 978
21 979
21 980
21 982
21 984
21 996
21 997
21 1000
22 502
22 507
22 508
22 512
22 513
22 514
22 515
22 520
22 521
22 522
22 526
22 527
22 528
22 538
22 540
22 543
22 547
22 551
22 554
22 555
22 557
22 560
22 563
22 566
22 569
22 571
22 574
22 575
22 576
22 580
22 582
22 590
22 592
22 599
22 600
22 602
22 603
22 604
22 605
22 607
22 608
22 613
22 617
22 619
22 622
22 624
22 625
22 626
22 627
22 631
22 632
22 635
22 637
22 638
22 639
22 642
22 643
22 645
22 647
22 648
22 649
22 651
22 654
22 657
22 660
22 661
22 665
22 666
22 667
22 669
22 670
22 676
22 679
22 683
22 686
22 687
22 689
22 693
22 697
22 698
22 699
22 700
22 704
22 706
22 708
22 713
22 716
22 719
22 720
22 723
22 724
22 725
22 726
22 727
22 728
22 729
22 730
22 731
22 732
22 733
22 734
22 735
22 737
22 739
22 741
22 742
22 744
22 745
22 746
22 747
22 749
22 752
22 754
22 756
22 757
22 759
22 760
22 761
22 762
22 764
22 769
22 771
22 774
22 775
22 777
22 778
22 782
22 783
22 785
22 786
22 788
22 790
22 791
22 794
22 796
22 800
22 803
22 805
22 809
22 810
22 812
22 813
22 814
22 816
22 819
22 820
22 821
22 823
22 824
22 826
22 827
22 828
22 829
22 831
22 836
22 837
22 838
22 840
22 841
22 842
22 847
22 848
22 849
22 863
22 864
22 865
22 868
22 869
22 871
22 875
22 878
22 879
22 880
22 886
22 889
22 891
22 896
22 900
22 901
22 903
22 904
22 905
22 912
22 913
22 914
22 917
22 919
22 921
22 923
22 925
22 930
22 935
22 936
22 937
22 938
22 939
22 945
22 946
22 947
22 948
22 950
22 954
22 959
22 960
22 961
22 964
22 968
22 969
22 970
22 972
22 974
22 975
22 977
22 978
22 980
22 981
22 989
22 993
22 994
22 997
22 999
22 1000
23 502
23 504
23 505
23 508
23 509
23 510
23 511
23 512
23 514
23 516
23 517
23 519
23 520
23 522
23 525
23 526
23 527
23 530
23 531
23 532
23 535
23 536
23 538
23 539
23 543
23 548
23 549
23 552
23 553
23 560
23 563
23 564
23 565
23 566
23 567
23 569
23 574
23 576
23 577
23 578
23 579
23 580
23 583
23 584
23 585
23 588
23 590
23 591
23 593
23 596
23 603
23 604
23 606
23 607
23 609
23 610
23 612
23 613
23 614
23 616
23 617
23 619
23 620
23 622
23 623
23 624
23 627
23 630
23 631
23 633
23 638
23 640
23 641
23 642
23 644
23 656
23 657
23 658
23 659
23 660
23 664
23 668
23 669
23 670
23 674
23 675
23 677
23 679
23 680
23 681
23 686
23 690
23 693
23 694
23 695
23 697
23 698
23 699
23 700
23 702
23 703
23 706
23 707
23 708
23 713
23 718
23 723
23 725
23 727
23 728
23 729
23 733
23 735
23 736
23 737
23 743
23 746
23 747
23 748
23 751
23 753
23 756
23 757
23 761
23 765
23 766
23 774
23 775
23 778
23 781
23 782
23 784
23 791
23 792
23 794
23 795
23 796
23 804
23 805
23 806
23 812
23 813
23 814
23 816
23 818
23 819
23 820
23 822
23 823
23 830
23 831
23 833
23 837
23 838
23 840
23 841
23 842
23 844
23 845
23 846
23 848
23 850
23 851
23 853
23 855
23 859
23 860
23 861
23 862
23 866
23 867
23 869
23 873
23 877
23 879
23 880
23 881
23 882
23 884
23 885
23 886
23 888
23 893
23 900
23 901
23 905
23 907
23 908
23 918
23 921
23 924
23 928
23 930
23 931
23 935
23 938
23 940
23 941
23 945
23 948
23 952
23 955
23 960
23 962
23 963
23 964
23 968
23 969
23 971
23 975
23 976
23 978
23 982
23 984
23 985
23 988
23 989
23 990
23 991
23 996
23 997
23 999
24 504
24 506
24 507
24 508
24 510
24 515
24 516
24 517
24 518
24 519
24 522
24 523
24 525
24 527
24 528
24 529
24 535
24 537
24 540
24 542
24 543
24 546
24 548
24 549
24 552
24 553
24 558
24 566
24 567
24 568
24 572
24 573
24 574
24 576
24 578
24 581
24 584
24 586
24 587
24 589
24 590
24 594
24 595
24 596
24 598
24 599
24 600
24 603
24 604
24 606
24 608
24 610
24 611
24 612
24 613
24 615
24 616
24 617
24 618
24 619
24 620
24 621
24 624
24 626
24 628
24 630
24 631
24 635
24 636
24 637
24 638
24 639
24 640
24 642
24 643
24 645
24 652
24 653
24 654
24 657
24 659
24 663
24 664
24 667
24 668
24 669
24 670
24 671
24 672
24 674
24 675
24 676
24 677
24 679
24 681
24 684
24 686
24 687
24 689
24 690
24 692
24 693
24 694
24 697
24 699
24 701
24 702
24 703
24 704
24 709
24 711
24 712
24 715
24 716
24 717
24 718
24 720
24 721
24 724
24 727
24 730
24 736
24 737
24 738
24 741
24 744
24 745
24 746
24 747
24 748
24 750
24 751
24 753
24 754
24 756
24 758
24 759
24 760
24 761
24 766
24 767
24 768
24 769
24 770
24 772
24 775
24 779
24 780
24 782
24 783
24 786
24 788
24 790
24 791
24 792
24 793
24 797
24 799
24 801
24 803
24 804
24 805
24 806
24 808
24 809
24 811
24 812
24 814
24 815
24 816
24 817
24 818
24 819
24 820
24 822
24 823
24 825
24 827
24 828
24 829
24 832
24 835
24 836
24 840
24 841
24 842
24 843
24 846
24 847
24 848
24 853
24 854
24 857
24 863
24 864
24 866
24 867
24 873
24 874
24 875
24 876
24 877
24 879
24 883
24 884
24 889
24 890
24 891
24 893
24 897
24 901
24 903
24 905
24 906
24 909
24 910
24 912
24 913
24 914
24 915
24 916
24 918
24 920
24 924
24 925
24 926
24 927
24 931
24 934
24 935
24 936
24 937
24 939
24 940
24 942
24 944
24 946
24 947
24 951
24 952
24 957
24 959
24 960
24 962
24 965
24 966
24 967
24 970
24 972
24 975
24 977
24 978
24 979
24 980
24 982
24 983
24 985
24 986
24 989
24 990
24 992
24 993
24 994
24 996
24 998
24 999
24 1000
25 501
25 502
25 503
25 504
25 509
25 510
25 512
25 513
25 515
25 522
25 523
25 524
25 526
25 530
25 533
25 536
25 537
25 543
25 553
25 555
25 556
25 557
25 558
25 560
25 567
25 568
25 572
25 573
25 576
25 577
25 579
25 580
25 581
25 582
25 583
25 585
25 588
25 589
25 590
25 595
25 596
25 599
25 600
25 601
25 602
25 603
25 606
25 607
25 608
25 613
25 619
25 621
25 622
25 623
25 625
25 627
25 631
25 632
25 633
25 635
25 636
25 640
25 643
25 644
25 645
25 647
25 648
25 650
25 655
25 657
25 658
25 662
25 663
25 664
25 667
25 668
25 677
25 678
25 680
25 681
25 682
25 689
25 690
25 691
25 693
25 694
25 696
25 697
25 699
25 702
25 705
25 706
25 707
25 711
25 712
25 713
25 715
25 716
25 718
25 725
25 726
25 729
25 733
25 734
25 735
25 738
25 744
25 746
25 749
25 751
25 752
25 754
25 755
25 758
25 760
25 761
25 762
25 763
25 766
25 770
25 771
25 773
25 776
25 777
25 778
25 779
25 782
25 783
25 784
25 786
25 788
25 790
25 794
25 795
25 796
25 797
25 802
25 804
25 805
25 808
25 809
25 810
25 811
25 812
25 813
25 815
25 816
25 820
25 832
25 834
25 835
25 836
25 838
25 840
25 841
25 842
25 844
25 847
25 848
25 849
25 850
25 852
25 854
25 862
25 863
25 864
25 868
25 869
25 872
25 873
25 874
25 877
25 879
25 882
25 884
25 885
25 886
25 890
25 891
25 893
25 894
25 895
25 898
25 900
25 903
25 904
25 905
25 906
25 907
25 908
25 909
25 910
25 911
25 912
25 915
25 918
25 919
25 922
25 923
25 925
25 926
25 927
25 928
25 930
25 931
25 932
25 934
25 935
25 936
25 940
25 941
25 945
25 947
25 948
25 950
25 951
25 956
25 959
25 962
25 963
25 965
25 967
25 971
25 979
25 981
25 982
25 986
25 988
25 990
25 993
25 994
25 995
25 996
25 997
25 999
26 501
26 502
26 503
26 504
26 505
26 506
26 509
26 510
26 512
26 515
26 516
26 518
26 519
26 522
26 523
26 525
26 526
26 527
26 528
26 529
26 530
26 535
26 537
26 539
26 541
26 543
26 547
26 549
26 551
26 553
26 555
26 556
26 557
26 559
26 563
26 567
26 568
26 569
26 570
26 572
26 574
26 578
26 579
26 581
26 584
26 585
26 587
26 593
26 594
26 597
26 599
26 601
26 605
26 606
26 608
26 610
26 611
26 618
26 619
26 620
26 624
26 626
26 627
26 628
26 629
26 631
26 633
26 634
26 635
26 640
26 641
26 642
26 643
26 645
26 648
26 649
26 650
26 652
26 654
26 656
26 657
26 658
26 659
26 660
26 661
26 664
26 667
26 671
26 678
26 679
26 680
26 683
26 684
26 685
26 692
26 693
26 694
26 695
26 696
26 697
26 698
26 700
26 701
26 702
26 703
26 706
26 708
26 710
26 711
26 713
26 714
26 716
26 717
26 719
26 720
26 722
26 723
26 724
26 728
26 729
26 731
26 733
26 735
26 738
26 739
26 744
26 745
26 746
26 748
26 750
26 751
26 752
26 756
26 758
26 759
26 760
26 761
26 762
26 765
26 770
26 772
26 776
26 778
26 784
26 789
26 791
26 794
26 797
26 802
26 803
26 804
26 805
26 806
26 811
26 812
26 814
26 815
26 819
26 821
26 823
26 825
26 827
26 829
26 835
26 837
26 846
26 847
26 849
26 850
26 851
26 856
26 857
26 858
26 861
26 862
26 864
26 865
26 866
26 867
26 871
26 872
26 873
26 874
26 875
26 876
26 879
26 882
26 884
26 886
26 889
26 890
26 892
26 894
26 895
26 896
26 898
26 900
26 901
26 903
26 904
26 906
26 907
26 909
26 911
26 913
26 915
26 916
26 921
26 927
26 929
26 931
26 932
26 934
26 935
26 936
26 937
26 940
26 941
26 943
26 945
26 949
26 952
26 955
26 957
26 960
26 961
26 967
26 969
26 970
26 972
26 974
26 981
26 982
26 984
26 986
26 987
26 995
26 996
26 999
26 1000
27 501
27 503
27 505
27 506
27 515
27 516
27 520
27 523
27 525
27 526
27 527
27 528
27 531
27 532
27 537
27 538
27 539
27 540
27 541
27 543
27 545
27 548
27 551
27 552
27 554
27 559
27 561
27 562
27 563
27 566
27 567
27 568
27 571
27 573
27 575
27 576
27 577
27 578
27 580
27 581
27 582
27 583
27 584
27 586
27 589
27 591
27 592
27 593
27 595
27 599
27 600
27 601
27 603
27 606
27 607
27 608
27 609
27 610
27 612
27 615
27 616
27 617
27 618
27 619
27 621
27 625
27 626
27 627
27 628
27 630
27 631
27 633
27 634
27 638
27 639
27 641
27 643
27 645
27 646
27 647
27 649
27 652
27 655
27 656
27 657
27 658
27 662
27 663
27 670
27 672
27 673
27 675
27 676
27 683
27 684
27 686
27 687
27 688
27 689
27 691
27 692
27 694
27 696
27 701
27 703
27 704
27 710
27 711
27 712
27 713
27 718
27 722
27 723
27 725
27 726
27 727
27 728
27 729
27 731
27 732
27 733
27 734
27 735
27 736
27 738
27 739
27 741
27 742
27 743
27 745
27 750
27 752
27 759
27 760
27 762
27 763
27 764
27 767
27 768
27 769
27 770
27 772
27 773
27 779
27 780
27 781
27 782
27 783
27 784
27 786
27 787
27 788
27 789
27 792
27 793
27 794
27 795
27 796
27 797
27 798
27 799
27 801
27 802
27 805
27 806
27 807
27 811
27 813
27 815
27 820
27 827
27 832
27 833
27 834
27 836
27 842
27 848
27 849
27 851
27 853
27 854
27 855
27 856
27 858
27 860
27 861
27 864
27 870
27 871
27 872
27 874
27 875
27 876
27 885
27 888
27 894
27 895
27 897
27 899
27 901
27 902
27 903
27 904
27 908
27 913
27 915
27 916
27 920
27 921
27 924
27 925
27 926
27 928
27 929
27 932
27 934
27 937
27 939
27 940
27 941
27 942
27 946
27 950
27 954
27 955
27 956
27 957
27 958
27 959
27 960
27 963
27 964
27 965
27 966
27 970
27 971
27 974
27 980
27 981
27 983
27 984
27 986
27 988
27 989
27 990
27 992
27 995
27 998
27 999
28 501
28 502
28 504
28 507
28 509
28 511
28 512
28 513
28 516
28 517
28 518
28 519
28 520
28 522
28 523
28 525
28 526
28 527
28 529
28 531
28 532
28 536
28 537
28 540
28 541
28 542
28 544
28 546
28 548
28 549
28 550
28 552
28 553
28 554
28 555
28 559
28 560
28 561
28 564
28 565
28 568
28 569
28 570
28 571
28 572
28 573
28 576
28 577
28 579
28 580
28 581
28 582
28 586
28 588
28 589
28 590
28 591
28 592
28 593
28 600
28 601
28 602
28 603
28 604
28 606
28 607
28 608
28 609
28 610
28 612
28 614
28 619
28 620
28 623
28 624
28 625
28 626
28 627
28 628
28 629
28 631
28 632
28 633
28 635
28 637
28 638
28 642
28 644
28 646
28 648
28 651
28 652
28 653
28 656
28 657
28 658
28 659
28 661
28 664
28 667
28 668
28 669
28 670
28 671
28 673
28 675
28 677
28 680
28 681
28 684
28 686
28 687
28 690
28 692
28 693
28 694
28 696
28 698
28 699
28 700
28 701
28 702
28 705
28 708
28 709
28 710
28 711
28 715
28 716
28 717
28 719
28 720
28 722
28 724
28 725
28 726
28 729
28 731
28 735
28 740
28 743
28 744
28 745
28 746
28 747
28 748
28 750
28 755
28 757
28 758
28 759
28 761
28 763
28 770
28 773
28 776
28 779
28 781
28 783
28 784
28 786
28 788
28 794
28 795
28 802
28 808
28 810
28 812
28 814
28 817
28 818
28 819
28 820
28 821
28 822
28 824
28 826
28 828
28 830
28 831
28 832
28 836
28 838
28 841
28 842
28 844
28 846
28 847
28 853
28 855
28 856
28 858
28 861
28 864
28 871
28 872
28 873
28 874
28 875
28 876
28 878
28 882
28 883
28 886
28 887
28 888
28 891
28 892
28 895
28 899
28 900
28 903
28 904
28 905
28 908
28 911
28 914
28 915
28 916
28 918
28 919
28 921
28 922
28 925
28 928
28 930
28 931
28 932
28 935
28 937
28 939
28 941
28 942
28 943
28 945
28 947
28 948
28 950
28 951
28 953
28 955
28 958
28 963
28 964
28 965
28 966
28 968
28 970
28 971
28 973
28 974
28 976
28 978
28 982
28 983
28 985
28 987
28 988
28 989
28 990
28 991
28 993
28 995
28 996
28 997
28 999
28 1000
29 501
29 504
29 505
29 506
29 507
29 508
29 509
29 510
29 511
29 512
29 514
29 515
29 516
29 517
29 521
29 522
29 523
29 527
29 528
29 530
29 531
29 532
29 536
29 538
29 539
29 540
29 541
29 544
29 550
29 551
29 552
29 555
29 558
29 560
29 561
29 562
29 564
29 565
29 566
29 567
29 570
29 571
29 581
29 582
29 583
29 584
29 585
29 586
29 590
29 591
29 594
29 598
29 599
29 601
29 602
29 603
29 604
29 605
29 606
29 607
29 609
29 612
29 613
29 614
29 615
29 617
29 618
29 620
29 621
29 624
29 627
29 632
29 633
29 634
29 636
29 637
29 638
29 640
29 641
29 642
29 647
29 649
29 652
29 654
29 655
29 656
29 657
29 658
29 660
29 661
29 662
29 664
29 666
29 668
29 669
29 670
29 672
29 674
29 676
29 677
29 680
29 683
29 684
29 685
29 687
29 689
29 691
29 694
29 702
29 706
29 707
29 708
29 712
29 713
29 716
29 717
29 718
29 719
29 721
29 722
29 724
29 726
29 727
29 733
29 736
29 738
29 741
29 743
29 744
29 745
29 746
29 751
29 753
29 754
29 755
29 757
29 758
29 759
29 760
29 763
29 764
29 765
29 766
29 768
29 769
29 771
29 772
29 774
29 776
29 777
29 780
29 781
29 782
29 789
29 798
29 799
29 801
29 802
29 805
29 807
29 808
29 809
29 810
29 812
29 815
29 816
29 818
29 821
29 822
29 823
29 824
29 825
29 830
29 833
29 839
29 842
29 847
29 849
29 851
29 852
29 853
29 856
29 857
29 858
29 860
29 862
29 863
29 865
29 867
29 869
29 873
29 874
29 880
29 881
29 883
29 885
29 886
29 888
29 892
29 893
29 896
29 897
29 900
29 902
29 906
29 907
29 911
29 912
29 913
29 914
29 915
29 917
29 918
29 923
29 925
29 927
29 928
29 930
29 932
29 935
29 941
29 942
29 943
29 944
29 945
29 947
29 948
29 952
29 954
29 956
29 957
29 958
29 959
29 960
29 961
29 965
29 966
29 979
29 980
29 981
29 982
29 985
29 986
29 987
29 988
29 991
29 992
29 993
29 996
29 997
29 998
29 999
29 1000
30 502
30 504
30 506
30 507
30 508
30 511
30 513
30 515
30 516
30 518
30 519
30 520
30 523
30 524
30 526
30 527
30 529
30 532
30 535
30 537
30 540
30 541
30 542
30 544
30 550
30 551
30 555
30 556
30 558
30 559
30 560
30 561
30 562
30 563
30 564
30 566
30 567
30 569
30 571
30 572
30 575
30 576
30 580
30 584
30 585
30 587
30 588
30 589
30 590
30 593
30 594
30 595
30 597
30 599
30 600
30 601
30 603
30 604
30 605
30 607
30 608
30 611
30 612
30 614
30 615
30 616
30 617
30 618
30 621
30 624
30 625
30 627
30 631
30 634
30 637
30 638
30 639
30 641
30 643
30 648
30 652
30 654
30 657
30 658
30 660
30 661
30 665
30 667
30 669
30 670
30 671
30 672
30 673
30 674
30 676
30 680
30 684
30 685
30 686
30 687
30 689
30 690
30 691
30 692
30 693
30 695
30 700
30 701
30 704
30 705
30 706
30 707
30 708
30 710
30 714
30 715
30 719
30 723
30 727
30 732
30 734
30 736
30 738
30 745
30 746
30 748
30 749
30 750
30 756
30 759
30 764
30 765
30 768
30 769
30 770
30 773
30 774
30 776
30 778
30 782
30 783
30 786
30 788
30 790
30 792
30 793
30 796
30 797
30 800
30 802
30 803
30 804
30 805
30 808
30 811
30 815
30 819
30 820
30 821
30 822
30 824
30 826
30 832
30 833
30 838
30 842
30 844
30 846
30 847
30 848
30 850
30 852
30 853
30 855
30 857
30 858
30 859
30 861
30 862
30 867
30 868
30 874
30 875
30 877
30 878
30 881
30 885
30 887
30 888
30 892
30 894
30 897
30 898
30 899
30 904
30 906
30 908
30 909
30 912
30 915
30 920
30 921
30 927
30 928
30 929
30 930
30 932
30 936
30 941
30 942
30 943
30 945
30 946
30 947
30 950
30 953
30 954
30 958
30 959
30 960
30 961
30 962
30 963
30 964
30 969
30 970
30 974
30 976
30 977
30 979
30 980
30 981
30 983
30 986
30 987
30 989
30 991
30 993
30 994
30 995
30 997
30 998
30 1000
31 501
31 504
31 505
31 506
31 509
31 511
31 512
31 514
31 515
31 516
31 521
31 522
31 524
31 528
31 536
31 537
31 540
31 541
31 543
31 545
31 546
31 547
31 549
31 552
31 553
31 555
31 558
31 560
31 561
31 563
31 564
31 566
31 567
31 571
31 572
31 574
31 575
31 577
31 578
31 579
31 580
31 581
31 582
31 583
31 585
31 587
31 588
31 590
31 592
31 593
31 597
31 599
31 601
31 603
31 604
31 605
31 606
31 607
31 610
31 613
31 614
31 616
31 618
31 620
31 621
31 622
31 628
31 633
31 635
31 639
31 640
31 641
31 642
31 643
31 645
31 646
31 647
31 648
31 651
31 653
31 654
31 655
31 657
31 659
31 660
31 669
31 671
31 672
31 674
31 678
31 679
31 680
31 681
31 684
31 685
31 686
31 689
31 690
31 691
31 695
31 696
31 697
31 698
31 699
31 701
31 703
31 705
31 707
31 708
31 709
31 712
31 716
31 720
31 721
31 722
31 723
31 727
31 728
31 729
31 731
31 733
31 734
31 736
31 737
31 738
31 740
31 741
31 743
31 744
31 746
31 747
31 750
31 751
31 752
31 755
31 758
31 761
31 762
31 767
31 768
31 770
31 771
31 772
31 773
31 776
31 777
31 778
31 779
31 782
31 784
31 785
31 788
31 792
31 793
31 798
31 800
31 801
31 802
31 804
31 808
31 814
31 818
31 820
31 821
31 822
31 824
31 825
31 826
31 827
31 828
31 830
31 834
31 835
31 837
31 838
31 839
31 840
31 843
31 845
31 846
31 847
31 855
31 857
31 858
31 860
31 861
31 862
31 863
31 864
31 866
31 869
31 870
31 872
31 874
31 878
31 879
31 882
31 883
31 886
31 887
31 890
31 892
31 893
31 896
31 898
31 903
31 905
31 906
31 908
31 910
31 916
31 917
31 918
31 919
31 920
31 922
31 925
31 926
31 927
31 928
31 929
31 930
31 935
31 937
31 938
31 939
31 941
31 943
31 944
31 945
31 947
31 949
31 951
31 952
31 954
31 955
31 958
31 959
31 961
31 963
31 965
31 967
31 970
31 971
31 972
31 973
31 974
31 976
31 977
31 979
31 982
31 988
31 989
31 990
31 996
31 998
31 1000
32 501
32 502
32 503
32 505
32 506
32 510
32 511
32 513
32 514
32 515
32 519
32 520
32 521
32 522
32 524
32 526
32 527
32 529
32 531
32 532
32 533
32 537
32 539
32 541
32 544
32 545
32 547
32 548
32 549
32 554
32 555
32 557
32 559
32 561
32 563
32 564
32 566
32 569
32 570
32 571
32 573
32 574
32 575
32 577
32 578
32 582
32 583
32 584
32 585
32 586
32 592
32 593
32 594
32 595
32 596
32 598
32 600
32 602
32 603
32 606
32 607
32 608
32 621
32 622
32 623
32 625
32 626
32 627
32 630
32 631
32 633
32 634
32 638
32 639
32 641
32 642
32 643
32 644
32 647
32 648
32 651
32 654
32 657
32 658
32 659
32 660
32 661
32 663
32 666
32 667
32 668
32 669
32 671
32 672
32 674
32 675
32 677
32 680
32 681
32 683
32 684
32 685
32 686
32 687
32 689
32 690
32 691
32 692
32 695
32 698
32 699
32 700
32 701
32 703
32 705
32 707
32 709
32 713
32 714
32 715
32 716
32 719
32 720
32 723
32 725
32 726
32 727
32 730
32 731
32 735
32 737
32 738
32 742
32 743
32 744
32 745
32 747
32 751
32 752
32 755
32 756
32 757
32 758
32 760
32 762
32 764
32 767
32 768
32 770
32 772
32 774
32 775
32 776
32 778
32 780
32 785
32 789
32 790
32 791
32 792
32 793
32 797
32 803
32 804
32 806
32 809
32 810
32 816
32 818
32 820
32 821
32 822
32 823
32 827
32 828
32 832
32 833
32 835
32 837
32 838
32 840
32 843
32 846
32 851
32 855
32 857
32 858
32 860
32 861
32 862
32 863
32 868
32 869
32 870
32 871
32 873
32 874
32 875
32 876
32 883
32 886
32 890
32 891
32 894
32 895
32 898
32 900
32 902
32 905
32 907
32 909
32 911
32 912
32 914
32 915
32 916
32 917
32 919
32 922
32 923
32 924
32 926
32 927
32 928
32 929
32 930
32 933
32 934
32 938
32 940
32 942
32 943
32 945
32 947
32 952
32 954
32 955
32 956
32 958
32 959
32 960
32 963
32 964
32 965
32 966
32 967
32 968
32 969
32 970
32 973
32 975
32 978
32 979
32 980
32 981
32 983
32 987
32 993
32 995
32 996
32 997
32 998
32 1000
33 501
33 502
33 503
33 506
33 507
33 515
33 517
33 518
33 521
33 522
33 524
33 531
33 536
33 537
33 540
33 543
33 544
33 549
33 550
33 553
33 555
33 557
33 558
33 560
33 562
33 565
33 566
33 568
33 569
33 575
33 579
33 581
33 582
33 583
33 586
33 587
33 588
33 589
33 592
33 593
33 595
33 596
33 597
33 598
33 602
33 604
33 606
33 610
33 612
33 614
33 617
33 618
33 619
33 622
33 623
33 625
33 626
33 629
33 632
33 635
33 637
33 639
33 640
33 641
33 642
33 643
33 651
33 652
33 653
33 654
33 655
33 656
33 657
33 658
33 660
33 662
33 663
33 666
33 667
33 669
33 672
33 673
33 676
33 677
33 679
33 683
33 688
33 689
33 690
33 691
33 692
33 694
33 695
33 696
33 697
33 698
33 700
33 701
33 702
33 703
33 707
33 710
33 715
33 722
33 723
33 729
33 730
33 731
33 732
33 733
33 736
33 738
33 740
33 742
33 744
33 748
33 751
33 752
33 754
33 757
33 758
33 759
33 760
33 761
33 763
33 764
33 765
33 769
33 771
33 772
33 775
33 778
33 781
33 782
33 783
33 785
33 786
33 787
33 788
33 791
33 795
33 796
33 797
33 798
33 801
33 806
33 807
33 808
33 812
33 813
33 814
33 816
33 818
33 819
33 820
33 821
33 828
33 831
33 832
33 836
33 840
33 841
33 844
33 845
33 848
33 850
33 851
33 854
33 858
33 860
33 863
33 864
33 865
33 866
33 868
33 869
33 870
33 871
33 873
33 874
33 876
33 877
33 878
33 879
33 880
33 882
33 885
33 886
33 887
33 889
33 890
33 891
33 892
33 894
33 895
33 897
33 898
33 900
33 901
33 903
33 909
33 911
33 913
33 914
33 915
33 916
33 918
33 919
33 921
33 922
33 924
33 926
33 927
33 929
33 932
33 936
33 937
33 938
33 939
33 940
33 943
33 949
33 950
33 951
33 952
33 953
33 954
33 955
33 956
33 957
33 959
33 960
33 963
33 964
33 966
33 974
33 975
33 976
33 978
33 979
33 981
33 982
33 983
33 984
33 985
33 986
33 987
33 988
33 992
33 993
33 996
33 997
33 998
33 999
34 501
34 503
34 504
34 505
34 507
34 509
34 510
34 511
34 512
34 513
34 516
34 517
34 520
34 526
34 527
34 528
34 530
34 533
34 535
34 536
34 538
34 539
34 540
34 542
34 543
34 544
34 547
34 548
34 551
34 552
34 554
34 558
34 560
34 562
34 566
34 567
34 569
34 570
34 574
34 576
34 577
34 580
34 582
34 584
34 587
34 588
34 590
34 594
34 598
34 601
34 602
34 603
34 605
34 607
34 609
34 612
34 614
34 615
34 617
34 620
34 621
34 622
34 623
34 625
34 626
34 628
34 630
34 632
34 633
34 634
34 636
34 637
34 639
34 644
34 648
34 649
34 650
34 653
34 655
34 656
34 657
34 658
34 662
34 663
34 664
34 666
34 667
34 669
34 670
34 671
34 672
34 675
34 676
34 678
34 680
34 682
34 683
34 684
34 688
34 690
34 692
34 693
34 694
34 698
34 704
34 705
34 706
34 709
34 712
34 714
34 716
34 717
34 723
34 724
34 729
34 732
34 733
34 737
34 738
34 740
34 741
34 743
34 744
34 745
34 746
34 747
34 749
34 751
34 754
34 755
34 756
34 757
34 758
34 763
34 765
34 768
34 770
34 771
34 772
34 773
34 775
34 778
34 781
34 782
34 785
34 786
34 789
34 790
34 791
34 793
34 794
34 796
34 797
34 799
34 802
34 804
34 806
34 809
34 810
34 811
34 815
34 816
34 819
34 821
34 823
34 824
34 825
34 828
34 830
34 832
34 833
34 835
34 836
34 837
34 838
34 839
34 841
34 842
34 843
34 845
34 846
34 847
34 849
34 850
34 851
34 852
34 853
34 854
34 859
34 860
34 861
34 862
34 864
34 867
34 873
34 877
34 879
34 881
34 882
34 883
34 885
34 887
34 888
34 892
34 893
34 894
34 895
34 896
34 898
34 899
34 900
34 910
34 911
34 913
34 914
34 916
34 918
34 921
34 922
34 923
34 924
34 929
34 930
34 932
34 934
34 935
34 937
34 940
34 941
34 942
34 943
34 944
34 947
34 949
34 950
34 952
34 953
34 955
34 956
34 958
34 960
34 961
34 963
34 964
34 965
34 966
34 970
34 972
34 975
34 976
34 977
34 978
34 981
34 983
34 985
34 988
34 989
34 990
34 991
34 994
34 995
34 999
35 502
35 504
35 505
35 508
35 510
35 511
35 513
35 514
35 518
35 520
35 523
35 525
35 527
35 529
35 531
35 532
35 533
35 536
35 537
35 538
35 542
35 549
35 551
35 552
35 553
35 557
35 558
35 562
35 563
35 565
35 568
35 569
35 570
35 571
35 572
35 577
35 578
35 579
35 580
35 582
35 585
35 586
35 590
35 595
35 597
35 598
35 601
35 602
35 604
35 607
35 609
35 610
35 619
35 620
35 623
35 624
35 630
35 633
35 634
35 635
35 636
35 637
35 640
35 643
35 644
35 645
35 646
35 647
35 649
35 651
35 658
35 659
35 661
35 662
35 663
35 664
35 665
35 669
35 674
35 676
35 677
35 681
35 687
35 689
35 693
35 694
35 695
35 696
35 697
35 701
35 702
35 704
35 708
35 710
35 711
35 714
35 715
35 717
35 720
35 721
35 722
35 724
35 726
35 728
35 731
35 732
35 733
35 734
35 739
35 745
35 746
35 747
35 748
35 749
35 750
35 751
35 754
35 755
35 759
35 760
35 762
35 764
35 765
35 766
35 767
35 769
35 771
35 774
35 778
35 782
35 783
35 784
35 785
35 787
35 788
35 789
35 792
35 795
35 796
35 797
35 799
35 805
35 806
35 807
35 808
35 810
35 813
35 814
35 817
35 818
35 820
35 822
35 824
35 825
35 827
35 829
35 831
35 836
35 837
35 839
35 841
35 842
35 843
35 844
35 845
35 846
35 847
35 848
35 849
35 850
35 851
35 856
35 857
35 860
35 862
35 867
35 870
35 873
35 875
35 878
35 879
35 880
35 882
35 884
35 885
35 888
35 889
35 890
35 891
35 892
35 895
35 897
35 899
35 900
35 901
35 902
35 907
35 909
35 912
35 913
35 914
35 915
35 917
35 920
35 923
35 926
35 928
35 929
35 930
35 931
35 932
35 935
35 937
35 940
35 941
35 944
35 945
35 947
35 949
35 950
35 953
35 956
35 958
35 961
35 969
35 970
35 971
35 973
35 976
35 977
35 978
35 982
35 984
35 985
35 988
35 989
35 990
35 991
35 994
35 995
35 996
35 997
35 998
35 1000
36 506
36 509
36 510
36 512
36 513
36 514
36 515
36 520
36 521
36 525
36 526
36 527
36 528
36 531
36 532
36 535
36 536
36 537
36 543
36 546
36 547
36 549
36 550
36 552
36 554
36 557
36 558
36 559
36 560
36 562
36 564
36 565
36 567
36 568
36 569
36 579
36 580
36 582
36 583
36 585
36 586
36 588
36 590
36 591
36 592
36 593
36 594
36 596
36 599
36 600
36 601
36 604
36 605
36 606
36 608
36 611
36 613
36 614
36 615
36 617
36 618
36 622
36 624
36 626
36 627
36 628
36 630
36 632
36 633
36 638
36 640
36 641
36 645
36 646
36 647
36 649
36 651
36 653
36 655
36 661
36 662
36 665
36 666
36 669
36 670
36 671
36 675
36 676
36 677
36 678
36 679
36 681
36 682
36 683
36 684
36 685
36 686
36 687
36 688
36 689
36 691
36 697
36 700
36 702
36 703
36 707
36 708
36 709
36 710
36 713
36 715
36 716
36 717
36 719
36 725
36 726
36 728
36 730
36 732
36 733
36 735
36 736
36 737
36 741
36 742
36 743
36 745
36 746
36 750
36 751
36 753
36 755
36 757
36 758
36 760
36 762
36 763
36 765
36 770
36 773
36 774
36 775
36 777
36 783
36 784
36 786
36 789
36 790
36 791
36 793
36 794
36 800
36 801
36 803
36 805
36 810
36 811
36 812
36 813
36 814
36 817
36 818
36 819
36 820
36 821
36 824
36 826
36 827
36 828
36 834
36 835
36 837
36 842
36 843
36 844
36 846
36 847
36 849
36 856
36 857
36 858
36 860
36 862
36 863
36 864
36 868
36 872
36 874
36 878
36 880
36 881
36 882
36 883
36 884
36 886
36 890
36 897
36 898
36 899
36 900
36 902
36 904
36 906
36 907
36 909
36 911
36 912
36 914
36 919
36 920
36 921
36 922
36 923
36 924
36 926
36 927
36 929
36 930
36 931
36 932
36 937
36 940
36 942
36 943
36 945
36 947
36 948
36 951
36 952
36 953
36 955
36 956
36 957
36 958
36 959
36 961
36 963
36 967
36 970
36 973
36 975
36 976
36 977
36 978
36 980
36 983
36 985
36 987
36 990
36 991
36 992
36 993
36 994
36 995
36 996
36 999
37 502
37 503
37 504
37 505
37 506
37 510
37 512
37 513
37 514
37 515
37 516
37 518
37 521
37 525
37 526
37 532
37 533
37 534
37 535
37 536
37 538
37 540
37 541
37 547
37 550
37 553
37 555
37 556
37 557
37 560
37 561
37 564
37 566
37 568
37 569
37 573
37 574
37 576
37 577
37 578
37 579
37 580
37 581
37 584
37 585
37 586
37 588
37 589
37 590
37 591
37 592
37 594
37 595
37 596
37 597
37 599
37 600
37 601
37 605
37 609
37 613
37 614
37 615
37 616
37 617
37 618
37 621
37 622
37 623
37 624
37 625
37 626
37 628
37 629
37 630
37 632
37 633
37 634
37 635
37 637
37 639
37 643
37 647
37 648
37 649
37 651
37 656
37 658
37 659
37 661
37 662
37 663
37 669
37 670
37 671
37 673
37 674
37 678
37 679
37 680
37 681
37 685
37 686
37 687
37 691
37 692
37 694
37 696
37 697
37 698
37 702
37 706
37 711
37 712
37 713
37 714
37 716
37 719
37 720
37 722
37 723
37 725
37 726
37 732
37 737
37 738
37 743
37 745
37 749
37 750
37 751
37 758
37 761
37 765
37 768
37 769
37 775
37 778
37 780
37 781
37 783
37 786
37 788
37 790
37 792
37 795
37 797
37 799
37 800
37 801
37 802
37 803
37 804
37 805
37 806
37 807
37 808
37 810
37 811
37 813
37 814
37 820
37 825
37 827
37 828
37 829
37 830
37 831
37 832
37 833
37 834
37 835
37 836
37 837
37 840
37 843
37 844
37 845
37 847
37 850
37 851
37 853
37 854
37 856
37 857
37 858
37 861
37 862
37 870
37 871
37 872
37 873
37 874
37 880
37 881
37 886
37 887
37 890
37 891
37 892
37 894
37 896
37 898
37 899
37 900
37 902
37 904
37 905
37 906
37 907
37 910
37 914
37 915
37 917
37 918
37 919
37 921
37 922
37 923
37 925
37 926
37 927
37 928
37 932
37 935
37 936
37 937
37 938
37 940
37 941
37 945
37 946
37 950
37 951
37 952
37 956
37 958
37 959
37 966
37 967
37 968
37 969
37 970
37 971
37 972
37 973
37 975
37 977
37 979
37 980
37 983
37 987
37 991
37 994
37 995
37 996
37 997
38 502
38 503
38 504
38 507
38 509
38 512
38 513
38 514
38 517
38 518
38 521
38 524
38 525
38 527
38 528
38 529
38 530
38 531
38 532
38 534
38 537
38 538
38 541
38 543
38 544
38 546
38 555
38 557
38 558
38 559
38 561
38 562
38 564
38 567
38 571
38 573
38 574
38 577
38 580
38 581
38 584
38 587
38 589
38 591
38 592
38 594
38 595
38 596
38 598
38 599
38 600
38 603
38 605
38 606
38 609
38 612
38 613
38 614
38 615
38 616
38 619
38 624
38 627
38 629
38 631
38 633
38 634
38 637
38 638
38 640
38 642
38 644
38 646
38 648
38 649
38 650
38 651
38 654
38 659
38 661
38 662
38 664
38 666
38 667
38 670
38 674
38 675
38 677
38 678
38 679
38 680
38 687
38 689
38 691
38 692
38 694
38 697
38 698
38 699
38 701
38 703
38 707
38 708
38 714
38 715
38 717
38 722
38 726
38 727
38 730
38 731
38 732
38 733
38 734
38 737
38 738
38 739
38 745
38 748
38 751
38 753
38 754
38 756
38 759
38 760
38 766
38 768
38 772
38 773
38 777
38 780
38 782
38 785
38 788
38 789
38 790
38 791
38 794
38 797
38 798
38 800
38 801
38 802
38 803
38 806
38 807
38 808
38 812
38 814
38 816
38 818
38 819
38 826
38 829
38 830
38 831
38 832
38 833
38 834
38 836
38 837
38 840
38 841
38 843
38 848
38 851
38 852
38 856
38 860
38 862
38 864
38 865
38 867
38 870
38 872
38 873
38 875
38 877
38 878
38 879
38 880
38 883
38 885
38 886
38 887
38 889
38 892
38 894
38 895
38 896
38 897
38 898
38 899
38 900
38 901
38 902
38 903
38 905
38 907
38 908
38 909
38 910
38 913
38 915
38 916
38 917
38 918
38 922
38 923
38 924
38 926
38 927
38 928
38 929
38 930
38 931
38 933
38 936
38 937
38 939
38 941
38 947
38 948
38 949
38 950
38 951
38 952
38 953
38 954
38 956
38 957
38 964
38 967
38 969
38 970
38 972
38 973
38 975
38 979
38 981
38 982
38 985
38 987
38 988
38 994
38 996
38 998
38 999
38 1000
39 501
39 502
39 503
39 507
39 513
39 514
39 515
39 516
39 520
39 521
39 524
39 526
39 528
39 529
39 530
39 532
39 533
39 535
39 539
39 540
39 541
39 542
39 545
39 547
39 550
39 553
39 554
39 555
39 556
39 566
39 576
39 580
39 581
39 582
39 584
39 588
39 589
39 590
39 592
39 596
39 597
39 598
39 600
39 601
39 603
39 605
39 607
39 608
39 609
39 610
39 611
39 612
39 614
39 615
39 616
39 620
39 621
39 622
39 625
39 626
39 628
39 629
39 632
39 635
39 638
39 639
39 642
39 644
39 645
39 646
39 647
39 648
39 650
39 654
39 656
39 657
39 658
39 660
39 661
39 663
39 665
39 668
39 669
39 673
39 674
39 675
39 680
39 681
39 682
39 683
39 687
39 689
39 690
39 695
39 697
39 700
39 703
39 704
39 705
39 707
39 708
39 709
39 710
39 711
39 714
39 715
39 716
39 717
39 721
39 722
39 725
39 730
39 732
39 733
39 736
39 737
39 738
39 742
39 744
39 746
39 747
39 751
39 752
39 753
39 755
39 756
39 758
39 760
39 761
39 762
39 763
39 767
39 768
39 770
39 771
39 772
39 777
39 780
39 781
39 782
39 787
39 792
39 794
39 795
39 796
39 797
39 800
39 801
39 804
39 805
39 806
39 808
39 809
39 810
39 816
39 817
39 820
39 821
39 822
39 823
39 826
39 827
39 829
39 830
39 831
39 832
39 834
39 836
39 837
39 839
39 840
39 842
39 843
39 846
39 847
39 849
39 850
39 851
39 852
39 853
39 855
39 857
39 860
39 861
39 862
39 863
39 865
39 868
39 869
39 870
39 876
39 878
39 880
39 881
39 883
39 885
39 886
39 892
39 894
39 898
39 900
39 903
39 904
39 905
39 909
39 911
39 913
39 914
39 915
39 916
39 917
39 919
39 924
39 925
39 926
39 928
39 930
39 932
39 935
39 937
39 940
39 943
39 944
39 945
39 946
39 947
39 949
39 952
39 953
39 955
39 957
39 958
39 959
39 960
39 962
39 963
39 965
39 966
39 969
39 970
39 973
39 974
39 975
39 976
39 982
39 989
39 990
39 992
39 996
39 999
39 1000
40 504
40 507
40 508
40 509
40 511
40 514
40 515
40 517
40 518
40 522
40 523
40 527
40 529
40 530
40 537
40 538
40 539
40 540
40 541
40 542
40 543
40 544
40 545
40 546
40 550
40 551
40 552
40 553
40 554
40 557
40 559
40 561
40 564
40 568
40 577
40 579
40 582
40 583
40 585
40 586
40 588
40 589
40 590
40 591
40 592
40 593
40 594
40 597
40 601
40 602
40 604
40 606
40 607
40 608
40 614
40 615
40 618
40 620
40 625
40 626
40 627
40 628
40 629
40 635
40 639
40 641
40 644
40 645
40 646
40 647
40 648
40 650
40 654
40 658
40 660
40 661
40 665
40 666
40 667
40 670
40 671
40 673
40 676
40 678
40 680
40 683
40 684
40 685
40 686
40 687
40 690
40 691
40 693
40 695
40 696
40 698
40 699
40 701
40 702
40 703
40 709
40 713
40 714
40 716
40 718
40 719
40 726
40 727
40 728
40 729
40 732
40 736
40 739
40 741
40 744
40 745
40 746
40 747
40 748
40 749
40 751
40 753
40 755
40 758
40 759
40 761
40 762
40 764
40 765
40 766
40 767
40 770
40 771
40 773
40 774
40 775
40 776
40 777
40 781
40 782
40 783
40 784
40 786
40 787
40 789
40 790
40 794
40 803
40 806
40 809
40 810
40 812
40 819
40 821
40 824
40 828
40 831
40 834
40 835
40 838
40 840
40 843
40 845
40 847
40 848
40 850
40 851
40 852
40 853
40 855
40 856
40 858
40 859
40 861
40 863
40 865
40 866
40 867
40 868
40 869
40 870
40 873
40 877
40 878
40 879
40 881
40 883
40 888
40 889
40 892
40 896
40 899
40 900
40 904
40 907
40 909
40 913
40 915
40 916
40 917
40 918
40 920
40 921
40 922
40 925
40 928
40 930
40 931
40 934
40 938
40 939
40 941
40 942
40 943
40 945
40 949
40 951
40 952
40 955
40 958
40 959
40 960
40 961
40 962
40 963
40 964
40 966
40 970
40 971
40 974
40 975
40 977
40 978
40 980
40 981
40 982
40 983
40 988
40 990
40 991
40 993
40 999
41 505
41 506
41 507
41 508
41 509
41 511
41 512
41 513
41 514
41 515
41 517
41 518
41 520
41 522
41 523
41 524
41 525
41 526
41 527
41 528
41 530
41 531
41 532
41 537
41 539
41 541
41 543
41 547
41 549
41 550
41 552
41 555
41 559
41 561
41 562
41 564
41 565
41 566
41 567
41 574
41 575
41 576
41 580
41 582
41 583
41 589
41 592
41 594
41 598
41 601
41 602
41 603
41 604
41 608
41 615
41 618
41 621
41 628
41 630
41 631
41 632
41 634
41 636
41 637
41 638
41 639
41 641
41 647
41 649
41 650
41 652
41 655
41 656
41 658
41 665
41 667
41 668
41 670
41 672
41 673
41 674
41 676
41 677
41 681
41 683
41 687
41 688
41 689
41 690
41 691
41 692
41 698
41 700
41 705
41 706
41 707
41 708
41 710
41 713
41 715
41 717
41 718
41 722
41 725
41 727
41 728
41 730
41 731
41 738
41 739
41 740
41 741
41 743
41 744
41 745
41 749
41 751
41 753
41 755
41 756
41 757
41 759
41 762
41 764
41 767
41 769
41 770
41 772
41 774
41 779
41 780
41 781
41 784
41 786
41 788
41 789
41 791
41 793
41 794
41 795
41 797
41 798
41 801
41 802
41 807
41 809
41 811
41 816
41 819
41 820
41 822
41 824
41 825
41 826
41 829
41 830
41 832
41 833
41 835
41 836
41 837
41 839
41 840
41 841
41 845
41 846
41 847
41 848
41 853
41 854
41 856
41 857
41 860
41 863
41 867
41 869
41 875
41 879
41 883
41 888
41 892
41 893
41 896
41 898
41 901
41 902
41 904
41 905
41 909
41 910
41 912
41 915
41 916
41 917
41 918
41 919
41 924
41 925
41 927
41 929
41 930
41 931
41 932
41 935
41 936
41 939
41 944
41 952
41 953
41 954
41 956
41 957
41 958
41 960
41 961
41 964
41 967
41 968
41 969
41 972
41 975
41 976
41 977
41 978
41 981
41 982
41 984
41 985
41 986
41 990
41 993
41 994
41 995
41 997
41 999
41 1000
42 501
42 503
42 504
42 505
42 510
42 512
42 513
42 515
42 517
42 519
42 522
42 523
42 525
42 526
42 528
42 529
42 531
42 535
42 537
42 538
42 539
42 542
42 543
42 544
42 551
42 553
42 556
42 558
42 559
42 560
42 563
42 564
42 565
42 567
42 569
42 572
42 574
42 575
42 576
42 578
42 580
42 587
42 589
42 592
42 593
42 596
42 599
42 600
42 601
42 604
42 606
42 608
42 609
42 612
42 613
42 614
42 615
42 616
42 619
42 620
42 621
42 622
42 623
42 625
42 626
42 628
42 630
42 632
42 633
42 634
42 635
42 636
42 638
42 639
42 643
42 645
42 647
42 648
42 649
42 652
42 653
42 655
42 657
42 659
42 660
42 662
42 664
42 666
42 670
42 672
42 675
42 677
42 678
42 681
42 688
42 689
42 693
42 694
42 695
42 698
42 701
42 702
42 703
42 704
42 709
42 710
42 712
42 713
42 714
42 715
42 718
42 719
42 722
42 728
42 734
42 735
42 739
42 740
42 741
42 742
42 743
42 744
42 746
42 749
42 750
42 753
42 761
42 765
42 770
42 771
42 773
42 775
42 778
42 780
42 781
42 784
42 785
42 787
42 788
42 789
42 790
42 791
42 792
42 795
42 798
42 799
42 802
42 803
42 804
42 805
42 811
42 814
42 819
42 821
42 827
42 829
42 830
42 831
42 835
42 836
42 838
42 842
42 844
42 845
42 846
42 848
42 849
42 850
42 854
42 857
42 858
42 860
42 866
42 867
42 869
42 871
42 874
42 875
42 877
42 878
42 880
42 885
42 886
42 888
42 892
42 894
42 896
42 899
42 900
42 904
42 907
42 912
42 913
42 914
42 915
42 916
42 918
42 921
42 925
42 927
42 928
42 933
42 937
42 939
42 940
42 945
42 946
42 947
42 950
42 951
42 953
42 954
42 959
42 963
42 968
42 969
42 978
42 979
42 982
42 983
42 984
42 986
42 988
42 989
42 990
42 991
42 995
42 997
42 999
42 1000
43 502
43 503
43 505
43 510
43 511
43 514
43 515
43 518
43 519
43 521
43 524
43 533
43 534
43 537
43 540
43 541
43 545
43 547
43 548
43 549
43 550
43 553
43 554
43 556
43 557
43 559
43 561
43 565
43 566
43 568
43 575
43 577
43 578
43 579
43 580
43 582
43 584
43 586
43 587
43 591
43 592
43 594
43 595
43 597
43 598
43 599
43 600
43 601
43 604
43 605
43 606
43 608
43 616
43 617
43 618
43 619
43 620
43 621
43 622
43 623
43 631
43 633
43 634
43 638
43 640
43 641
43 642
43 645
43 646
43 650
43 651
43 652
43 653
43 654
43 657
43 658
43 665
43 666
43 667
43 671
43 673
43 674
43 675
43 677
43 680
43 684
43 685
43 687
43 688
43 689
43 690
43 693
43 694
43 698
43 701
43 703
43 705
43 706
43 707
43 710
43 711
43 715
43 718
43 719
43 720
43 722
43 726
43 728
43 732
43 733
43 734
43 737
43 738
43 744
43 745
43 746
43 748
43 750
43 752
43 757
43 758
43 759
43 760
43 762
43 765
43 766
43 767
43 768
43 770
43 774
43 775
43 776
43 777
43 779
43 781
43 784
43 786
43 788
43 789
43 793
43 795
43 796
43 797
43 798
43 799
43 801
43 802
43 803
43 806
43 808
43 813
43 814
43 817
43 820
43 821
43 825
43 827
43 829
43 831
43 832
43 836
43 838
43 839
43 841
43 843
43 845
43 851
43 852
43 856
43 858
43 859
43 860
43 861
43 864
43 865
43 868
43 870
43 871
43 872
43 879
43 881
43 883
43 885
43 887
43 888
43 890
43 893
43 896
43 898
43 899
43 900
43 901
43 902
43 904
43 907
43 910
43 912
43 914
43 919
43 920
43 921
43 923
43 925
43 928
43 930
43 931
43 933
43 937
43 939
43 940
43 941
43 942
43 945
43 946
43 948
43 949
43 951
43 954
43 955
43 956
43 957
43 959
43 963
43 964
43 967
43 968
43 970
43 973
43 976
43 979
43 980
43 982
43 983
43 984
43 985
43 990
43 991
43 992
43 993
43 994
43 996
43 998
43 999
44 502
44 504
44 506
44 510
44 511
44 512
44 513
44 515
44 516
44 518
44 519
44 524
44 526
44 527
44 531
44 534
44 536
44 537
44 538
44 540
44 544
44 545
44 546
44 547
44 548
44 549
44 550
44 552
44 553
44 554
44 557
44 558
44 559
44 561
44 562
44 563
44 567
44 571
44 572
44 573
44 574
44 575
44 576
44 579
44 581
44 582
44 586
44 587
44 588
44 591
44 593
44 594
44 595
44 597
44 598
44 600
44 604
44 605
44 606
44 608
44 609
44 611
44 613
44 614
44 620
44 621
44 624
44 625
44 628
44 630
44 631
44 632
44 635
44 636
44 640
44 642
44 643
44 645
44 646
44 647
44 650
44 655
44 656
44 657
44 661
44 663
44 668
44 670
44 678
44 679
44 681
44 685
44 686
44 687
44 688
44 689
44 690
44 691
44 693
44 695
44 696
44 700
44 702
44 703
44 704
44 705
44 710
44 712
44 714
44 715
44 719
44 722
44 723
44 724
44 725
44 727
44 728
44 732
44 733
44 734
44 735
44 736
44 738
44 739
44 740
44 741
44 742
44 744
44 745
44 748
44 751
44 752
44 753
44 757
44 758
44 760
44 761
44 762
44 763
44 764
44 765
44 766
44 767
44 769
44 775
44 779
44 780
44 781
44 784
44 785
44 787
44 791
44 793
44 794
44 796
44 799
44 801
44 803
44 805
44 808
44 810
44 811
44 812
44 813
44 816
44 817
44 818
44 819
44 822
44 827
44 830
44 831
44 832
44 835
44 838
44 839
44 842
44 846
44 847
44 848
44 851
44 853
44 855
44 856
44 857
44 862
44 865
44 866
44 867
44 868
44 870
44 874
44 876
44 877
44 880
44 881
44 882
44 883
44 886
44 889
44 890
44 892
44 894
44 895
44 898
44 900
44 907
44 908
44 909
44 910
44 911
44 912
44 914
44 915
44 916
44 920
44 924
44 925
44 927
44 928
44 929
44 930
44 933
44 934
44 936
44 937
44 941
44 942
44 945
44 949
44 951
44 952
44 954
44 957
44 959
44 960
44 962
44 964
44 966
44 967
44 969
44 973
44 975
44 976
44 978
44 979
44 980
44 984
44 985
44 986
44 987
44 988
44 989
44 990
44 991
44 992
44 993
44 998
44 999
45 510
45 511
45 512
45 513
45 514
45 517
45 519
45 520
45 523
45 524
45 525
45 527
45 528
45 532
45 533
45 534
45 537
45 538
45 540
45 541
45 542
45 545
45 546
45 549
45 550
45 552
45 554
45 555
45 558
45 560
45 561
45 562
45 564
45 566
45 568
45 571
45 572
45 574
45 576
45 577
45 579
45 581
45 582
45 583
45 589
45 590
45 591
45 593
45 594
45 596
45 602
45 603
45 604
45 605
45 607
45 615
45 617
45 618
45 619
45 621
45 622
45 627
45 628
45 630
45 632
45 633
45 635
45 636
45 637
45 641
45 644
45 645
45 647
45 648
45 649
45 650
45 651
45 653
45 655
45 658
45 659
45 662
45 663
45 664
45 666
45 667
45 671
45 673
45 675
45 681
45 682
45 683
45 686
45 687
45 688
45 690
45 692
45 693
45 695
45 698
45 700
45 703
45 704
45 705
45 713
45 715
45 716
45 717
45 718
45 720
45 721
45 722
45 724
45 726
45 727
45 731
45 732
45 736
45 737
45 743
45 744
45 745
45 746
45 747
45 748
45 749
45 751
45 757
45 758
45 759
45 761
45 765
45 766
45 767
45 768
45 769
45 770
45 773
45 775
45 776
45 779
45 781
45 782
45 783
45 785
45 787
45 789
45 790
45 792
45 793
45 794
45 796
45 798
45 800
45 801
45 802
45 804
45 805
45 809
45 811
45 812
45 813
45 816
45 817
45 819
45 820
45 822
45 823
45 825
45 829
45 832
45 834
45 836
45 837
45 839
45 840
45 842
45 847
45 849
45 852
45 859
45 860
45 866
45 868
45 872
45 875
45 876
45 877
45 882
45 885
45 886
45 889
45 894
45 895
45 897
45 898
45 900
45 903
45 904
45 906
45 907
45 908
45 910
45 914
45 916
45 917
45 918
45 920
45 921
45 922
45 925
45 926
45 927
45 928
45 930
45 933
45 934
45 937
45 938
45 939
45 940
45 941
45 943
45 944
45 945
45 946
45 947
45 948
45 949
45 951
45 953
45 954
45 955
45 956
45 958
45 960
45 961
45 963
45 964
45 965
45 968
45 970
45 971
45 973
45 974
45 975
45 976
45 978
45 979
45 981
45 982
45 983
45 984
45 986
45 988
45 989
45 991
45 992
45 999
46 505
46 506
46 507
46 514
46 516
46 517
46 518
46 519
46 523
46 525
46 526
46 528
46 530
46 531
46 533
46 536
46 539
46 543
46 544
46 545
46 546
46 549
46 551
46 553
46 555
46 557
46 559
46 560
46 561
46 562
46 563
46 564
46 565
46 566
46 570
46 571
46 573
46 578
46 579
46 584
46 585
46 586
46 589
46 590
46 592
46 593
46 595
46 597
46 601
46 604
46 605
46 607
46 609
46 610
46 615
46 616
46 617
46 618
46 620
46 622
46 623
46 626
46 629
46 632
46 633
46 634
46 635
46 636
46 639
46 641
46 642
46 647
46 649
46 650
46 651
46 652
46 653
46 657
46 658
46 659
46 660
46 664
46 665
46 667
46 668
46 669
46 670
46 671
46 672
46 673
46 674
46 676
46 677
46 680
46 681
46 682
46 683
46 687
46 689
46 691
46 692
46 696
46 699
46 700
46 706
46 707
46 708
46 710
46 711
46 714
46 715
46 716
46 719
46 720
46 723
46 725
46 728
46 729
46 730
46 732
46 733
46 735
46 738
46 741
46 743
46 745
46 746
46 748
46 749
46 753
46 754
46 755
46 758
46 762
46 763
46 764
46 766
46 769
46 771
46 775
46 777
46 778
46 779
46 780
46 788
46 789
46 794
46 795
46 796
46 798
46 800
46 802
46 803
46 805
46 806
46 807
46 808
46 810
46 811
46 812
46 816
46 817
46 824
46 825
46 826
46 832
46 833
46 836
46 844
46 845
46 846
46 850
46 852
46 857
46 858
46 859
46 862
46 864
46 865
46 867
46 868
46 869
46 875
46 878
46 879
46 883
46 889
46 891
46 892
46 894
46 898
46 899
46 901
46 902
46 903
46 904
46 906
46 911
46 914
46 915
46 917
46 918
46 920
46 921
46 923
46 925
46 926
46 927
46 928
46 929
46 933
46 940
46 943
46 945
46 954
46 957
46 958
46 959
46 963
46 964
46 965
46 966
46 967
46 969
46 971
46 973
46 979
46 980
46 983
46 984
46 986
46 987
46 988
46 991
46 993
46 995
46 997
46 999
46 1000
47 501
47 502
47 504
47 505
47 507
47 508
47 509
47 510
47 512
47 513
47 514
47 518
47 520
47 523
47 525
47 527
47 528
47 529
47 532
47 533
47 535
47 537
47 539
47 540
47 541
47 543
47 544
47 545
47 546
47 547
47 554
47 555
47 556
47 560
47 561
47 565
47 568
47 570
47 572
47 573
47 575
47 576
47 577
47 579
47 580
47 581
47 585
47 587
47 589
47 590
47 591
47 595
47 596
47 597
47 598
47 602
47 603
47 604
47 605
47 607
47 608
47 610
47 613
47 617
47 618
47 619
47 620
47 621
47 622
47 623
47 624
47 625
47 626
47 627
47 632
47 634
47 637
47 640
47 641
47 645
47 647
47 648
47 649
47 650
47 653
47 655
47 656
47 658
47 659
47 661
47 663
47 665
47 666
47 671
47 673
47 674
47 675
47 679
47 680
47 682
47 683
47 685
47 688
47 690
47 691
47 693
47 695
47 703
47 705
47 707
47 711
47 712
47 714
47 715
47 717
47 719
47 721
47 724
47 727
47 728
47 729
47 731
47 734
47 735
47 737
47 738
47 742
47 743
47 744
47 745
47 746
47 747
47 748
47 750
47 751
47 752
47 753
47 754
47 757
47 760
47 761
47 762
47 764
47 765
47 766
47 767
47 774
47 775
47 779
47 780
47 781
47 783
47 784
47 787
47 788
47 792
47 795
47 798
47 799
47 804
47 807
47 808
47 809
47 811
47 813
47 814
47 815
47 819
47 821
47 825
47 826
47 828
47 829
47 830
47 831
47 832
47 833
47 835
47 837
47 839
47 840
47 841
47 847
47 849
47 850
47 853
47 855
47 856
47 857
47 858
47 859
47 860
47 861
47 864
47 865
47 868
47 869
47 870
47 871
47 874
47 875
47 877
47 878
47 880
47 882
47 888
47 889
47 890
47 891
47 892
47 893
47 896
47 899
47 902
47 903
47 905
47 908
47 910
47 914
47 915
47 916
47 918
47 919
47 920
47 922
47 924
47 927
47 928
47 934
47 935
47 938
47 939
47 940
47 941
47 944
47 946
47 948
47 949
47 950
47 951
47 952
47 954
47 956
47 957
47 959
47 960
47 961
47 963
47 966
47 973
47 975
47 977
47 979
47 982
47 983
47 985
47 986
47 987
47 989
47 992
47 993
47 996
47 997
47 998
47 999
48 503
48 505
48 510
48 512
48 513
48 516
48 522
48 523
48 524
48 526
48 527
48 530
48 531
48 532
48 533
48 534
48 535
48 538
48 540
48 542
48 543
48 544
48 545
48 547
48 548
48 550
48 551
48 552
48 553
48 554
48 555
48 557
48 558
48 559
48 561
48 563
48 564
48 567
48 568
48 569
48 570
48 571
48 575
48 577
48 582
48 583
48 588
48 589
48 592
48 593
48 594
48 597
48 600
48 603
48 604
48 607
48 608
48 610
48 612
48 613
48 614
48 615
48 616
48 617
48 618
48 619
48 622
48 623
48 625
48 629
48 630
48 631
48 633
48 634
48 635
48 637
48 638
48 640
48 641
48 642
48 646
48 649
48 653
48 654
48 657
48 658
48 660
48 661
48 662
48 666
48 668
48 669
48 671
48 672
48 674
48 675
48 676
48 677
48 678
48 679
48 681
48 682
48 691
48 692
48 696
48 697
48 698
48 699
48 700
48 701
48 703
48 704
48 707
48 709
48 710
48 713
48 714
48 716
48 717
48 719
48 722
48 725
48 726
48 727
48 728
48 729
48 732
48 733
48 735
48 736
48 738
48 739
48 740
48 742
48 743
48 746
48 747
48 748
48 753
48 755
48 757
48 758
48 761
48 765
48 767
48 769
48 770
48 771
48 772
48 773
48 777
48 778
48 780
48 781
48 782
48 783
48 784
48 785
48 788
48 789
48 790
48 792
48 793
48 794
48 797
48 800
48 802
48 803
48 804
48 807
48 808
48 809
48 813
48 816
48 818
48 824
48 825
48 829
48 830
48 833
48 834
48 838
48 840
48 841
48 843
48 846
48 849
48 854
48 859
48 860
48 861
48 863
48 866
48 871
48 872
48 875
48 877
48 878
48 885
48 886
48 889
48 891
48 892
48 893
48 896
48 897
48 898
48 900
48 901
48 907
48 909
48 915
48 918
48 920
48 922
48 923
48 926
48 927
48 928
48 929
48 934
48 935
48 936
48 937
48 940
48 943
48 944
48 946
48 947
48 950
48 953
48 955
48 958
48 959
48 960
48 961
48 962
48 963
48 964
48 965
48 966
48 968
48 969
48 970
48 972
48 973
48 975
48 976
48 978
48 981
48 984
48 988
48 991
48 993
48 994
48 995
48 997
48 998
48 1000
49 502
49 503
49 504
49 507
49 510
49 513
49 518
49 519
49 520
49 523
49 525
49 526
49 529
49 530
49 531
49 532
49 534
49 535
49 536
49 537
49 546
49 549
49 550
49 552
49 553
49 555
49 556
49 558
49 559
49 560
49 561
49 565
49 566
49 567
49 570
49 572
49 575
49 576
49 577
49 580
49 582
49 584
49 588
49 590
49 591
49 592
49 594
49 595
49 599
49 601
49 603
49 606
49 609
49 610
49 611
49 613
49 614
49 615
49 616
49 617
49 621
49 622
49 623
49 624
49 625
49 626
49 627
49 630
49 634
49 635
49 636
49 637
49 638
49 645
49 648
49 649
49 650
49 651
49 652
49 653
49 655
49 659
49 663
49 664
49 665
49 667
49 668
49 669
49 673
49 674
49 677
49 680
49 681
49 682
49 683
49 685
49 686
49 690
49 691
49 692
49 693
49 694
49 696
49 697
49 698
49 699
49 701
49 703
49 704
49 708
49 709
49 711
49 713
49 717
49 720
49 723
49 724
49 731
49 732
49 735
49 739
49 740
49 742
49 743
49 746
49 748
49 756
49 763
49 764
49 767
49 768
49 770
49 771
49 772
49 774
49 776
49 777
49 778
49 779
49 780
49 781
49 782
49 783
49 786
49 787
49 789
49 791
49 792
49 795
49 797
49 799
49 801
49 805
49 806
49 807
49 809
49 810
49 811
49 812
49 814
49 816
49 817
49 818
49 819
49 823
49 824
49 825
49 826
49 828
49 829
49 831
49 834
49 835
49 838
49 845
49 849
49 852
49 854
49 859
49 862
49 866
49 869
49 871
49 872
49 873
49 875
49 876
49 884
49 887
49 889
49 891
49 892
49 894
49 895
49 896
49 899
49 901
49 903
49 904
49 905
49 906
49 908
49 911
49 913
49 916
49 917
49 918
49 920
49 921
49 922
49 926
49 929
49 930
49 933
49 936
49 937
49 941
49 943
49 945
49 947
49 948
49 952
49 955
49 956
49 957
49 967
49 968
49 970
49 971
49 972
49 974
49 976
49 979
49 980
49 982
49 983
49 984
49 985
49 986
49 987
49 989
49 993
49 994
49 995
49 996
49 998
49 999
49 1000
50 501
50 506
50 507
50 508
50 509
50 510
50 511
50 512
50 513
50 515
50 516
50 517
50 519
50 525
50 526
50 527
50 529
50 531
50 532
50 533
50 535
50 536
50 537
50 541
50 542
50 544
50 547
50 549
50 552
50 553
50 554
50 555
50 556
50 558
50 560
50 566
50 568
50 571
50 575
50 577
50 581
50 582
50 584
50 586
50 589
50 592
50 594
50 595
50 596
50 597
50 598
50 600
50 601
50 602
50 610
50 612
50 613
50 614
50 615
50 617
50 619
50 622
50 624
50 625
50 626
50 630
50 634
50 638
50 640
50 641
50 643
50 644
50 648
50 649
50 651
50 654
50 656
50 658
50 659
50 662
50 665
50 666
50 667
50 669
50 671
50 672
50 674
50 678
50 679
50 681
50 683
50 685
50 687
50 688
50 689
50 693
50 696
50 700
50 702
50 705
50 707
50 710
50 714
50 715
50 716
50 721
50 722
50 726
50 727
50 729
50 730
50 731
50 735
50 736
50 737
50 740
50 741
50 742
50 743
50 744
50 746
50 747
50 749
50 750
50 753
50 754
50 756
50 758
50 761
50 763
50 764
50 770
50 772
50 774
50 777
50 781
50 782
50 784
50 786
50 787
50 791
50 792
50 793
50 794
50 795
50 798
50 800
50 802
50 804
50 805
50 806
50 807
50 808
50 810
50 814
50 820
50 822
50 823
50 826
50 827
50 829
50 830
50 831
50 832
50 833
50 834
50 836
50 838
50 839
50 842
50 846
50 847
50 848
50 849
50 850
50 852
50 855
50 856
50 857
50 859
50 862
50 865
50 869
50 871
50 874
50 875
50 878
50 879
50 880
50 881
50 882
50 885
50 886
50 889
50 891
50 892
50 898
50 899
50 901
50 905
50 909
50 910
50 911
50 914
50 916
50 919
50 923
50 924
50 926
50 927
50 930
50 933
50 936
50 939
50 940
50 942
50 944
50 949
50 950
50 952
50 953
50 957
50 958
50 961
50 962
50 965
50 966
50 967
50 968
50 970
50 972
50 977
50 978
50 979
50 980
50 981
50 985
50 987
50 988
50 992
50 993
50 995
50 996
50 998
50 999
50 1000
51 501
51 503
51 504
51 505
51 507
51 511
51 512
51 514
51 515
51 519
51 521
51 526
51 527
51 531
51 532
51 533
51 534
51 536
51 541
51 542
51 544
51 546
51 547
51 549
51 550
51 553
51 554
51 556
51 557
51 559
51 560
51 561
51 563
51 566
51 567
51 571
51 572
51 573
51 574
51 575
51 576
51 581
51 582
51 583
51 585
51 586
51 589
51 592
51 594
51 595
51 596
51 598
51 599
51 600
51 601
51 602
51 603
51 604
51 605
51 606
51 608
51 609
51 612
51 613
51 614
51 616
51 617
51 618
51 619
51 620
51 621
51 623
51 625
51 627
51 628
51 629
51 630
51 632
51 633
51 634
51 642
51 643
51 644
51 647
51 651
51 652
51 653
51 656
51 658
51 659
51 662
51 663
51 667
51 668
51 669
51 671
51 672
51 675
51 676
51 678
51 679
51 681
51 684
51 687
51 688
51 689
51 690
51 691
51 692
51 694
51 696
51 699
51 703
51 704
51 705
51 706
51 707
51 708
51 710
51 711
51 712
51 713
51 719
51 723
51 724
51 725
51 729
51 733
51 737
51 741
51 744
51 749
51 757
51 759
51 761
51 763
51 764
51 767
51 772
51 777
51 778
51 783
51 785
51 787
51 788
51 789
51 790
51 792
51 793
51 794
51 795
51 797
51 798
51 799
51 800
51 805
51 806
51 809
51 810
51 812
51 816
51 822
51 823
51 828
51 834
51 836
51 837
51 838
51 841
51 843
51 844
51 846
51 850
51 854
51 857
51 858
51 859
51 860
51 863
51 864
51 865
51 866
51 869
51 872
51 874
51 875
51 876
51 879
51 880
51 881
51 882
51 883
51 884
51 886
51 887
51 891
51 892
51 893
51 895
51 896
51 897
51 899
51 900
51 904
51 911
51 912
51 915
51 916
51 918
51 919
51 920
51 921
51 923
51 924
51 926
51 927
51 930
51 931
51 936
51 943
51 945
51 950
51 952
51 953
51 954
51 956
51 959
51 962
51 965
51 971
51 975
51 981
51 984
51 987
51 988
51 989
51 990
51 991
51 992
51 993
51 995
51 996
51 997
51 998
51 1000
52 501
52 503
52 504
52 507
52 510
52 513
52 514
52 515
52 516
52 517
52 519
52 522
52 527
52 533
52 535
52 536
52 537
52 539
52 540
52 544
52 546
52 547
52 549
52 550
52 552
52 556
52 558
52 560
52 561
52 562
52 563
52 564
52 567
52 569
52 570
52 571
52 572
52 574
52 575
52 579
52 581
52 582
52 584
52 585
52 586
52 590
52 591
52 593
52 594
52 595
52 596
52 598
52 600
52 603
52 604
52 608
52 611
52 612
52 614
52 616
52 617
52 621
52 623
52 624
52 627
52 628
52 630
52 631
52 632
52 636
52 637
52 638
52 640
52 641
52 644
52 645
52 646
52 648
52 649
52 652
52 655
52 656
52 657
52 658
52 659
52 660
52 661
52 663
52 664
52 667
52 668
52 669
52 673
52 675
52 676
52 677
52 679
52 680
52 682
52 686
52 688
52 690
52 691
52 692
52 693
52 694
52 697
52 699
52 700
52 701
52 703
52 705
52 707
52 709
52 714
52 715
52 717
52 718
52 719
52 721
52 724
52 725
52 729
52 730
52 731
52 732
52 734
52 735
52 738
52 739
52 740
52 743
52 744
52 745
52 750
52 752
52 753
52 754
52 757
52 758
52 760
52 761
52 763
52 764
52 765
52 769
52 772
52 773
52 775
52 776
52 779
52 780
52 781
52 782
52 784
52 785
52 787
52 789
52 790
52 791
52 796
52 798
52 800
52 802
52 805
52 806
52 807
52 808
52 811
52 813
52 816
52 817
52 820
52 822
52 827
52 829
52 830
52 833
52 835
52 837
52 839
52 840
52 844
52 846
52 847
52 848
52 851
52 852
52 853
52 854
52 856
52 857
52 859
52 860
52 861
52 864
52 867
52 868
52 869
52 870
52 871
52 872
52 876
52 879
52 883
52 890
52 893
52 895
52 897
52 900
52 905
52 906
52 909
52 914
52 916
52 918
52 919
52 921
52 922
52 924
52 927
52 929
52 932
52 938
52 940
52 942
52 944
52 945
52 948
52 951
52 955
52 959
52 960
52 961
52 966
52 971
52 973
52 974
52 976
52 979
52 980
52 981
52 982
52 985
52 987
52 988
52 989
52 990
52 992
52 993
52 997
52 999
52 1000
53 501
53 502
53 504
53 505
53 507
53 508
53 509
53 511
53 512
53 513
53 515
53 521
53 525
53 526
53 530
53 532
53 536
53 540
53 541
53 542
53 544
53 546
53 549
53 550
53 552
53 555
53 557
53 562
53 563
53 564
53 565
53 568
53 570
53 571
53 572
53 577
53 580
53 582
53 583
53 589
53 591
53 593
53 594
53 595
53 597
53 598
53 599
53 600
53 601
53 602
53 603
53 606
53 607
53 609
53 610
53 611
53 614
53 616
53 619
53 621
53 622
53 623
53 625
53 626
53 628
53 630
53 634
53 635
53 636
53 637
53 638
53 640
53 643
53 645
53 646
53 647
53 652
53 655
53 656
53 657
53 659
53 664
53 665
53 666
53 669
53 670
53 673
53 674
53 675
53 676
53 680
53 681
53 682
53 683
53 684
53 685
53 688
53 691
53 692
53 693
53 695
53 698
53 701
53 711
53 714
53 719
53 720
53 723
53 725
53 726
53 727
53 732
53 733
53 734
53 735
53 738
53 740
53 742
53 743
53 745
53 746
53 747
53 748
53 752
53 754
53 756
53 759
53 760
53 761
53 762
53 763
53 765
53 768
53 769
53 772
53 773
53 774
53 775
53 776
53 778
53 779
53 780
53 781
53 784
53 786
53 787
53 791
53 792
53 793
53 799
53 800
53 803
53 807
53 810
53 811
53 815
53 816
53 817
53 819
53 820
53 821
53 822
53 826
53 828
53 832
53 833
53 834
53 839
53 840
53 843
53 844
53 845
53 846
53 848
53 850
53 852
53 858
53 859
53 860
53 862
53 863
53 864
53 866
53 868
53 872
53 874
53 875
53 877
53 878
53 879
53 882
53 886
53 887
53 889
53 890
53 891
53 893
53 894
53 897
53 899
53 901
53 902
53 904
53 905
53 908
53 909
53 912
53 914
53 915
53 918
53 919
53 922
53 923
53 925
53 930
53 931
53 934
53 937
53 938
53 940
53 942
53 945
53 947
53 949
53 950
53 951
53 952
53 954
53 961
53 964
53 965
53 969
53 970
53 971
53 972
53 977
53 980
53 981
53 983
53 985
53 987
53 988
53 989
53 991
53 992
53 993
53 994
53 995
53 997
53 999
54 501
54 502
54 508
54 509
54 510
54 513
54 515
54 516
54 517
54 519
54 520
54 521
54 523
54 524
54 525
54 527
54 529
54 530
54 531
54 535
54 537
54 541
54 543
54 545
54 547
54 552
54 553
54 557
54 558
54 559
54 560
54 562
54 564
54 567
54 569
54 572
54 573
54 576
54 578
54 582
54 583
54 584
54 586
54 588
54 589
54 592
54 594
54 595
54 598
54 600
54 602
54 608
54 610
54 611
54 613
54 615
54 616
54 621
54 623
54 626
54 627
54 629
54 634
54 635
54 636
54 638
54 641
54 643
54 647
54 648
54 649
54 652
54 654
54 658
54 661
54 663
54 665
54 666
54 667
54 669
54 670
54 673
54 676
54 678
54 681
54 682
54 683
54 685
54 688
54 692
54 698
54 699
54 700
54 703
54 704
54 705
54 706
54 711
54 714
54 716
54 717
54 718
54 719
54 721
54 723
54 726
54 731
54 732
54 736
54 738
54 739
54 740
54 741
54 744
54 747
54 748
54 750
54 754
54 755
54 758
54 759
54 764
54 767
54 768
54 772
54 774
54 779
54 781
54 782
54 784
54 787
54 790
54 791
54 792
54 793
54 794
54 795
54 800
54 801
54 802
54 803
54 806
54 809
54 811
54 812
54 814
54 816
54 818
54 819
54 820
54 822
54 829
54 830
54 837
54 838
54 840
54 841
54 844
54 850
54 852
54 853
54 854
54 855
54 856
54 857
54 859
54 861
54 862
54 864
54 866
54 867
54 868
54 872
54 873
54 874
54 876
54 878
54 879
54 880
54 884
54 886
54 887
54 889
54 890
54 892
54 895
54 896
54 898
54 899
54 901
54 902
54 904
54 906
54 908
54 912
54 916
54 918
54 922
54 923
54 925
54 926
54 927
54 928
54 929
54 930
54 932
54 933
54 934
54 935
54 937
54 941
54 942
54 946
54 949
54 950
54 954
54 955
54 956
54 957
54 959
54 960
54 961
54 962
54 963
54 966
54 967
54 970
54 971
54 972
54 983
54 985
54 988
54 989
54 990
54 991
54 992
54 993
54 994
54 999
54 1000
55 501
55 502
55 505
55 506
55 507
55 509
55 511
55 512
55 516
55 519
55 520
55 521
55 523
55 524
55 530
55 532
55 535
55 536
55 538
55 547
55 549
55 550
55 551
55 553
55 555
55 556
55 560
55 561
55 562
55 567
55 569
55 572
55 573
55 575
55 576
55 578
55 581
55 582
55 588
55 589
55 590
55 592
55 595
55 596
55 600
55 602
55 605
55 606
55 609
55 612
55 613
55 616
55 617
55 618
55 619
55 621
55 624
55 625
55 626
55 630
55 632
55 635
55 636
55 638
55 642
55 645
55 646
55 650
55 651
55 653
55 654
55 657
55 658
55 659
55 662
55 666
55 668
55 670
55 671
55 673
55 674
55 675
55 677
55 679
55 682
55 684
55 685
55 686
55 687
55 688
55 690
55 691
55 693
55 698
55 701
55 702
55 703
55 705
55 706
55 709
55 714
55 715
55 716
55 717
55 718
55 720
55 723
55 724
55 725
55 729
55 730
55 731
55 733
55 734
55 735
55 738
55 739
55 742
55 743
55 745
55 746
55 751
55 753
55 755
55 761
55 762
55 763
55 764
55 765
55 767
55 769
55 770
55 772
55 775
55 776
55 777
55 778
55 779
55 780
55 782
55 785
55 786
55 787
55 788
55 792
55 794
55 795
55 796
55 800
55 801
55 802
55 803
55 804
55 806
55 807
55 809
55 810
55 811
55 813
55 814
55 815
55 816
55 817
55 818
55 821
55 822
55 826
55 827
55 828
55 829
55 830
55 832
55 833
55 834
55 836
55 837
55 838
55 840
55 841
55 843
55 846
55 848
55 849
55 850
55 852
55 859
55 860
55 862
55 863
55 864
55 865
55 867
55 870
55 871
55 872
55 874
55 879
55 882
55 883
55 884
55 885
55 892
55 894
55 895
55 898
55 899
55 902
55 906
55 907
55 909
55 910
55 911
55 913
55 915
55 918
55 919
55 922
55 932
55 934
55 935
55 936
55 937
55 941
55 942
55 944
55 945
55 946
55 948
55 951
55 953
55 955
55 956
55 957
55 963
55 964
55 965
55 967
55 973
55 975
55 977
55 978
55 979
55 980
55 985
55 987
55 988
55 991
55 994
55 996
55 998
55 1000
56 502
56 503
56 508
56 511
56 513
56 514
56 515
56 519
56 520
56 521
56 522
56 523
56 525
56 527
56 528
56 530
56 535
56 538
56 540
56 541
56 542
56 543
56 544
56 545
56 548
56 549
56 551
56 552
56 553
56 557
56 558
56 559
56 560
56 561
56 562
56 563
56 564
56 567
56 568
56 571
56 572
56 573
56 579
56 581
56 583
56 585
56 590
56 593
56 594
56 596
56 597
56 599
56 603
56 604
56 609
56 611
56 612
56 617
56 619
56 623
56 625
56 626
56 627
56 628
56 632
56 633
56 634
56 640
56 646
56 648
56 655
56 656
56 660
56 663
56 664
56 668
56 669
56 670
56 671
56 673
56 674
56 676
56 677
56 680
56 681
56 682
56 688
56 689
56 690
56 693
56 695
56 696
56 697
56 699
56 703
56 706
56 709
56 711
56 712
56 713
56 714
56 715
56 718
56 722
56 723
56 726
56 727
56 728
56 730
56 731
56 732
56 733
56 734
56 736
56 737
56 738
56 739
56 742
56 744
56 749
56 752
56 754
56 756
56 757
56 759
56 760
56 761
56 764
56 765
56 767
56 768
56 769
56 772
56 774
56 775
56 777
56 780
56 782
56 784
56 787
56 788
56 792
56 794
56 795
56 799
56 801
56 802
56 804
56 805
56 806
56 807
56 809
56 810
56 812
56 813
56 815
56 817
56 818
56 820
56 828
56 829
56 831
56 833
56 837
56 845
56 849
56 852
56 854
56 855
56 856
56 858
56 859
56 860
56 863
56 865
56 866
56 867
56 868
56 869
56 870
56 872
56 874
56 876
56 877
56 881
56 882
56 885
56 886
56 888
56 893
56 894
56 895
56 896
56 897
56 902
56 904
56 909
56 910
56 912
56 913
56 915
56 916
56 918
56 919
56 920
56 921
56 923
56 925
56 926
56 929
56 931
56 935
56 936
56 937
56 940
56 944
56 945
56 947
56 948
56 950
56 951
56 952
56 953
56 954
56 955
56 957
56 960
56 964
56 966
56 967
56 969
56 970
56 973
56 974
56 978
56 979
56 981
56 982
56 985
56 986
56 987
56 988
56 990
56 992
56 994
56 996
56 997
56 999
57 503
57 506
57 509
57 511
57 512
57 517
57 519
57 525
57 526
57 527
57 529
57 530
57 532
57 533
57 534
57 535
57 536
57 537
57 539
57 541
57 543
57 544
57 546
57 547
57 553
57 554
57 555
57 557
57 559
57 560
57 564
57 565
57 566
57 567
57 569
57 570
57 573
57 574
57 575
57 576
57 577
57 580
57 581
57 582
57 583
57 586
57 588
57 589
57 590
57 592
57 593
57 598
57 599
57 600
57 601
57 602
57 603
57 607
57 608
57 610
57 613
57 615
57 619
57 620
57 623
57 624
57 625
57 626
57 629
57 632
57 633
57 636
57 638
57 639
57 640
57 641
57 642
57 643
57 645
57 646
57 650
57 651
57 653
57 654
57 656
57 658
57 661
57 662
57 664
57 665
57 667
57 668
57 672
57 675
57 676
57 677
57 679
57 680
57 681
57 683
57 686
57 687
57 688
57 690
57 691
57 692
57 694
57 696
57 697
57 699
57 704
57 705
57 706
57 707
57 708
57 709
57 713
57 714
57 715
57 717
57 719
57 720
57 721
57 722
57 723
57 724
57 725
57 726
57 730
57 733
57 738
57 739
57 741
57 746
57 748
57 749
57 750
57 752
57 754
57 755
57 756
57 757
57 759
57 760
57 761
57 762
57 763
57 765
57 766
57 768
57 773
57 774
57 775
57 779
57 781
57 782
57 785
57 786
57 788
57 791
57 793
57 795
57 798
57 799
57 800
57 804
57 805
57 806
57 807
57 808
57 811
57 812
57 817
57 819
57 823
57 827
57 828
57 831
57 832
57 833
57 835
57 838
57 843
57 845
57 846
57 848
57 851
57 852
57 853
57 856
57 857
57 859
57 861
57 864
57 866
57 867
57 868
57 869
57 870
57 871
57 872
57 873
57 874
57 875
57 881
57 882
57 886
57 888
57 891
57 894
57 896
57 899
57 901
57 904
57 905
57 906
57 908
57 909
57 914
57 915
57 918
57 919
57 922
57 923
57 924
57 925
57 929
57 931
57 932
57 935
57 937
57 939
57 940
57 942
57 943
57 945
57 947
57 948
57 949
57 953
57 954
57 956
57 960
57 961
57 963
57 968
57 970
57 973
57 974
57 982
57 983
57 984
57 986
57 987
57 988
57 989
57 991
57 993
57 994
57 995
57 997
57 998
57 999
58 501
58 506
58 508
58 509
58 512
58 513
58 514
58 517
58 518
58 520
58 521
58 524
58 525
58 526
58 529
58 531
58 537
58 538
58 541
58 542
58 543
58 545
58 550
58 552
58 553
58 557
58 558
58 559
58 560
58 561
58 562
58 563
58 564
58 566
58 567
58 568
58 570
58 571
58 574
58 576
58 578
58 581
58 582
58 584
58 586
58 587
58 588
58 591
58 592
58 593
58 594
58 595
58 596
58 597
58 598
58 600
58 602
58 604
58 606
58 613
58 616
58 619
58 620
58 622
58 623
58 624
58 626
58 627
58 628
58 630
58 634
58 637
58 640
58 642
58 643
58 647
58 650
58 651
58 652
58 655
58 657
58 659
58 665
58 666
58 668
58 669
58 670
58 671
58 673
58 676
58 678
58 684
58 685
58 688
58 691
58 692
58 693
58 695
58 698
58 699
58 700
58 701
58 702
58 703
58 704
58 706
58 707
58 708
58 709
58 711
58 712
58 713
58 718
58 719
58 720
58 724
58 725
58 727
58 729
58 732
58 733
58 734
58 735
58 737
58 738
58 739
58 741
58 742
58 746
58 747
58 751
58 752
58 754
58 756
58 757
58 764
58 765
58 766
58 767
58 768
58 769
58 771
58 772
58 773
58 776
58 777
58 778
58 781
58 783
58 787
58 789
58 790
58 792
58 793
58 796
58 797
58 798
58 801
58 803
58 804
58 807
58 810
58 814
58 815
58 816
58 819
58 820
58 823
58 825
58 826
58 827
58 828
58 829
58 831
58 832
58 835
58 836
58 837
58 841
58 842
58 843
58 849
58 851
58 853
58 858
58 860
58 863
58 865
58 866
58 867
58 868
58 869
58 874
58 876
58 878
58 879
58 882
58 884
58 887
58 889
58 890
58 893
58 895
58 896
58 898
58 900
58 905
58 906
58 907
58 910
58 911
58 912
58 914
58 917
58 918
58 919
58 922
58 923
58 925
58 930
58 931
58 932
58 938
58 942
58 943
58 952
58 954
58 958
58 959
58 960
58 961
58 963
58 964
58 965
58 966
58 967
58 973
58 974
58 978
58 981
58 986
58 989
58 990
58 991
58 996
58 997
59 501
59 502
59 506
59 510
59 511
59 512
59 516
59 517
59 519
59 521
59 522
59 524
59 530
59 534
59 535
59 537
59 540
59 541
59 545
59 548
59 550
59 551
59 552
59 553
59 554
59 555
59 557
59 559
59 562
59 563
59 564
59 567
59 570
59 571
59 572
59 573
59 576
59 577
59 578
59 579
59 582
59 586
59 588
59 589
59 590
59 592
59 595
59 599
59 602
59 603
59 605
59 606
59 608
59 609
59 610
59 611
59 612
59 616
59 618
59 621
59 622
59 624
59 625
59 626
59 628
59 629
59 631
59 633
59 638
59 639
59 640
59 641
59 644
59 648
59 650
59 653
59 658
59 659
59 661
59 662
59 663
59 664
59 668
59 670
59 671
59 672
59 673
59 674
59 675
59 676
59 677
59 679
59 680
59 681
59 683
59 688
59 691
59 693
59 694
59 696
59 697
59 703
59 704
59 709
59 713
59 714
59 718
59 719
59 720
59 721
59 722
59 725
59 730
59 732
59 733
59 734
59 735
59 737
59 738
59 739
59 743
59 745
59 748
59 750
59 751
59 752
59 753
59 754
59 755
59 756
59 757
59 758
59 759
59 763
59 765
59 766
59 767
59 769
59 772
59 776
59 778
59 781
59 785
59 786
59 789
59 790
59 792
59 793
59 794
59 797
59 801
59 803
59 804
59 806
59 807
59 808
59 809
59 811
59 813
59 815
59 816
59 817
59 821
59 822
59 823
59 827
59 831
59 832
59 835
59 838
59 839
59 840
59 843
59 844
59 845
59 847
59 855
59 857
59 858
59 863
59 865
59 866
59 867
59 869
59 874
59 879
59 880
59 881
59 884
59 885
59 889
59 890
59 891
59 892
59 894
59 897
59 898
59 899
59 900
59 903
59 905
59 906
59 909
59 910
59 914
59 915
59 917
59 923
59 924
59 925
59 927
59 929
59 930
59 931
59 932
59 934
59 945
59 946
59 948
59 949
59 950
59 952
59 953
59 955
59 958
59 959
59 960
59 963
59 966
59 967
59 974
59 975
59 976
59 977
59 980
59 981
59 984
59 985
59 988
59 989
59 991
59 993
59 994
59 996
59 998
59 999
59 1000
60 502
60 506
60 508
60 510
60 513
60 521
60 523
60 525
60 526
60 527
60 528
60 531
60 533
60 535
60 536
60 540
60 541
60 543
60 544
60 547
60 548
60 549
60 550
60 553
60 554
60 559
60 561
60 562
60 564
60 567
60 568
60 572
60 574
60 575
60 578
60 579
60 581
60 583
60 584
60 585
60 586
60 589
60 590
60 592
60 593
60 596
60 598
60 599
60 601
60 606
60 607
60 609
60 611
60 612
60 613
60 614
60 615
60 617
60 619
60 622
60 623
60 628
60 629
60 632
60 634
60 635
60 636
60 637
60 639
60 643
60 644
60 645
60 650
60 651
60 652
60 653
60 655
60 657
60 658
60 661
60 663
60 664
60 667
60 668
60 673
60 674
60 676
60 680
60 683
60 685
60 686
60 688
60 694
60 696
60 699
60 700
60 701
60 704
60 705
60 706
60 716
60 718
60 719
60 721
60 722
60 723
60 725
60 728
60 731
60 733
60 735
60 737
60 739
60 742
60 745
60 747
60 749
60 751
60 755
60 756
60 757
60 761
60 762
60 766
60 768
60 772
60 773
60 774
60 775
60 776
60 777
60 780
60 781
60 784
60 785
60 787
60 789
60 791
60 792
60 797
60 799
60 800
60 802
60 804
60 807
60 809
60 812
60 814
60 815
60 817
60 818
60 820
60 821
60 823
60 825
60 826
60 828
60 832
60 833
60 834
60 835
60 837
60 838
60 841
60 844
60 846
60 851
60 853
60 854
60 857
60 858
60 865
60 867
60 869
60 872
60 874
60 875
60 876
60 882
60 883
60 885
60 886
60 888
60 889
60 891
60 892
60 903
60 905
60 907
60 909
60 912
60 918
60 919
60 922
60 923
60 926
60 933
60 934
60 935
60 938
60 939
60 940
60 941
60 942
60 943
60 944
60 945
60 946
60 949
60 951
60 952
60 953
60 954
60 957
60 959
60 961
60 962
60 963
60 964
60 967
60 968
60 970
60 971
60 972
60 973
60 975
60 976
60 977
60 978
60 979
60 980
60 981
60 984
60 986
60 990
60 991
60 992
60 993
60 994
60 997
60 1000
61 501
61 506
61 507
61 508
61 509
61 511
61 514
61 515
61 519
61 520
61 521
61 522
61 523
61 525
61 532
61 534
61 539
61 545
61 548
61 551
61 552
61 554
61 556
61 557
61 558
61 562
61 563
61 564
61 565
61 566
61 567
61 569
61 571
61 574
61 575
61 581
61 585
61 586
61 590
61 593
61 594
61 600
61 601
61 604
61 605
61 607
61 608
61 609
61 610
61 611
61 612
61 613
61 614
61 616
61 622
61 623
61 624
61 625
61 626
61 627
61 629
61 631
61 632
61 635
61 636
61 638
61 640
61 641
61 643
61 644
61 646
61 647
61 649
61 650
61 651
61 652
61 653
61 654
61 655
61 656
61 658
61 659
61 660
61 663
61 665
61 666
61 668
61 674
61 675
61 676
61 677
61 679
61 681
61 683
61 685
61 686
61 688
61 691
61 692
61 696
61 699
61 700
61 703
61 704
61 706
61 707
61 708
61 710
61 716
61 717
61 718
61 719
61 720
61 721
61 722
61 724
61 725
61 726
61 727
61 731
61 734
61 736
61 738
61 739
61 740
61 743
61 747
61 748
61 750
61 752
61 753
61 754
61 757
61 758
61 762
61 763
61 764
61 769
61 771
61 773
61 774
61 775
61 776
61 781
61 783
61 785
61 791
61 793
61 794
61 796
61 797
61 798
61 801
61 802
61 805
61 811
61 813
61 818
61 820
61 821
61 823
61 824
61 825
61 828
61 832
61 834
61 836
61 838
61 839
61 842
61 843
61 846
61 847
61 848
61 849
61 851
61 853
61 855
61 858
61 860
61 861
61 862
61 863
61 866
61 867
61 872
61 875
61 877
61 879
61 880
61 881
61 882
61 883
61 884
61 885
61 886
61 887
61 890
61 892
61 894
61 895
61 896
61 898
61 899
61 901
61 902
61 903
61 904
61 906
61 908
61 910
61 913
61 916
61 917
61 918
61 920
61 921
61 926
61 929
61 930
61 931
61 933
61 935
61 937
61 938
61 939
61 940
61 942
61 943
61 945
61 946
61 949
61 951
61 952
61 953
61 955
61 962
61 963
61 965
61 966
61 970
61 971
61 972
61 973
61 976
61 978
61 980
61 981
61 982
61 986
61 987
61 988
61 989
61 993
61 994
61 995
61 996
61 998
62 502
62 503
62 506
62 507
62 510
62 511
62 513
62 515
62 516
62 520
62 524
62 525
62 526
62 527
62 529
62 530
62 531
62 532
62 534
62 535
62 537
62 540
62 542
62 544
62 545
62 546
62 547
62 548
62 552
62 553
62 559
62 560
62 565
62 566
62 567
62 569
62 571
62 573
62 577
62 579
62 580
62 582
62 583
62 584
62 585
62 586
62 588
62 591
62 592
62 593
62 594
62 596
62 599
62 600
62 602
62 603
62 606
62 608
62 610
62 612
62 618
62 619
62 621
62 622
62 623
62 625
62 626
62 628
62 633
62 634
62 636
62 637
62 639
62 640
62 644
62 650
62 660
62 661
62 662
62 663
62 667
62 670
62 675
62 676
62 679
62 681
62 684
62 685
62 692
62 693
62 695
62 696
62 699
62 701
62 702
62 705
62 706
62 708
62 713
62 714
62 715
62 716
62 719
62 723
62 725
62 726
62 729
62 733
62 734
62 735
62 740
62 744
62 745
62 754
62 756
62 760
62 762
62 763
62 765
62 766
62 767
62 769
62 775
62 776
62 778
62 779
62 781
62 787
62 790
62 791
62 793
62 795
62 799
62 801
62 804
62 805
62 806
62 810
62 811
62 812
62 813
62 816
62 818
62 819
62 821
62 822
62 825
62 827
62 828
62 829
62 831
62 833
62 839
62 840
62 842
62 843
62 844
62 845
62 850
62 851
62 855
62 857
62 859
62 860
62 861
62 865
62 866
62 867
62 868
62 870
62 873
62 874
62 876
62 877
62 878
62 879
62 880
62 881
62 882
62 883
62 885
62 888
62 890
62 894
62 896
62 899
62 901
62 902
62 904
62 905
62 907
62 908
62 909
62 910
62 913
62 914
62 915
62 917
62 919
62 925
62 928
62 929
62 931
62 932
62 935
62 936
62 937
62 940
62 941
62 943
62 946
62 947
62 948
62 949
62 950
62 951
62 952
62 953
62 955
62 956
62 958
62 959
62 960
62 964
62 968
62 974
62 976
62 979
62 981
62 986
62 987
62 989
62 990
62 992
62 995
62 997
62 998
62 1000
63 501
63 502
63 503
63 506
63 508
63 509
63 511
63 512
63 514
63 515
63 518
63 519
63 521
63 524
63 525
63 526
63 529
63 531
63 535
63 538
63 539
63 540
63 542
63 543
63 544
63 545
63 547
63 548
63 549
63 550
63 552
63 553
63 554
63 557
63 559
63 562
63 564
63 565
63 566
63 569
63 571
63 572
63 576
63 577
63 578
63 579
63 583
63 586
63 587
63 589
63 593
63 595
63 596
63 598
63 600
63 603
63 604
63 606
63 607
63 608
63 610
63 612
63 614
63 623
63 628
63 629
63 631
63 632
63 634
63 637
63 639
63 640
63 644
63 645
63 648
63 650
63 652
63 653
63 655
63 657
63 658
63 661
63 665
63 669
63 673
63 674
63 675
63 678
63 681
63 682
63 683
63 684
63 690
63 692
63 693
63 694
63 698
63 701
63 703
63 708
63 711
63 713
63 715
63 716
63 719
63 722
63 724
63 725
63 727
63 729
63 730
63 733
63 737
63 738
63 739
63 740
63 744
63 745
63 746
63 751
63 753
63 755
63 756
63 757
63 758
63 761
63 765
63 766
63 768
63 769
63 770
63 771
63 773
63 774
63 776
63 777
63 780
63 783
63 785
63 786
63 787
63 788
63 789
63 792
63 793
63 795
63 796
63 797
63 801
63 803
63 805
63 809
63 810
63 812
63 814
63 815
63 818
63 821
63 826
63 828
63 830
63 831
63 832
63 833
63 835
63 839
63 841
63 844
63 845
63 846
63 847
63 849
63 850
63 851
63 852
63 853
63 857
63 862
63 865
63 868
63 872
63 875
63 876
63 877
63 878
63 881
63 882
63 883
63 884
63 888
63 889
63 890
63 891
63 893
63 894
63 895
63 896
63 900
63 901
63 902
63 903
63 904
63 905
63 906
63 907
63 910
63 913
63 916
63 918
63 919
63 920
63 923
63 926
63 927
63 928
63 931
63 934
63 937
63 940
63 944
63 946
63 950
63 952
63 954
63 955
63 959
63 962
63 963
63 964
63 965
63 969
63 971
63 972
63 974
63 976
63 981
63 984
63 985
63 986
63 987
63 988
63 990
63 991
63 992
63 994
63 995
63 996
63 999
63 1000
64 501
64 506
64 510
64 511
64 514
64 519
64 520
64 521
64 523
64 524
64 525
64 526
64 527
64 531
64 532
64 533
64 534
64 535
64 536
64 537
64 545
64 547
64 548
64 552
64 554
64 556
64 557
64 558
64 560
64 561
64 564
64 570
64 571
64 574
64 575
64 576
64 578
64 581
64 583
64 585
64 590
64 592
64 593
64 595
64 597
64 598
64 599
64 605
64 606
64 607
64 608
64 613
64 615
64 616
64 617
64 620
64 621
64 622
64 624
64 625
64 626
64 627
64 629
64 632
64 636
64 639
64 643
64 644
64 645
64 646
64 650
64 654
64 655
64 658
64 662
64 664
64 665
64 667
64 668
64 670
64 671
64 675
64 678
64 679
64 682
64 687
64 689
64 690
64 692
64 694
64 696
64 698
64 701
64 705
64 706
64 714
64 717
64 720
64 723
64 725
64 727
64 729
64 730
64 731
64 732
64 734
64 735
64 736
64 739
64 744
64 748
64 749
64 751
64 753
64 756
64 757
64 758
64 759
64 760
64 762
64 764
64 765
64 769
64 771
64 773
64 776
64 780
64 785
64 789
64 790
64 796
64 802
64 803
64 804
64 808
64 809
64 811
64 817
64 822
64 823
64 826
64 828
64 830
64 831
64 832
64 834
64 835
64 838
64 839
64 843
64 853
64 855
64 856
64 857
64 858
64 859
64 862
64 867
64 868
64 869
64 871
64 874
64 875
64 881
64 884
64 885
64 889
64 890
64 892
64 893
64 894
64 895
64 897
64 900
64 901
64 903
64 904
64 905
64 906
64 911
64 912
64 913
64 914
64 915
64 916
64 917
64 918
64 919
64 920
64 923
64 924
64 926
64 928
64 929
64 932
64 933
64 934
64 937
64 938
64 939
64 941
64 942
64 947
64 951
64 952
64 956
64 957
64 958
64 959
64 960
64 961
64 962
64 966
64 967
64 968
64 969
64 970
64 972
64 973
64 974
64 979
64 980
64 981
64 982
64 984
64 991
64 992
64 994
64 995
64 996
65 506
65 508
65 509
65 510
65 513
65 516
65 519
65 520
65 522
65 526
65 527
65 528
65 540
65 541
65 542
65 543
65 545
65 546
65 550
65 551
65 552
65 554
65 557
65 559
65 561
65 562
65 564
65 565
65 574
65 579
65 582
65 584
65 586
65 588
65 589
65 593
65 595
65 596
65 598
65 599
65 600
65 601
65 603
65 604
65 605
65 606
65 607
65 609
65 611
65 613
65 615
65 617
65 619
65 620
65 621
65 624
65 625
65 626
65 629
65 630
65 631
65 632
65 637
65 638
65 639
65 642
65 646
65 647
65 649
65 653
65 654
65 656
65 663
65 666
65 667
65 668
65 672
65 677
65 681
65 682
65 685
65 691
65 694
65 699
65 700
65 702
65 703
65 706
65 712
65 714
65 715
65 716
65 717
65 721
65 722
65 730
65 731
65 735
65 736
65 738
65 740
65 741
65 742
65 744
65 746
65 748
65 749
65 750
65 754
65 756
65 757
65 759
65 762
65 763
65 765
65 770
65 771
65 772
65 774
65 776
65 778
65 780
65 782
65 786
65 790
65 792
65 794
65 796
65 797
65 798
65 803
65 811
65 812
65 813
65 818
65 822
65 823
65 826
65 828
65 831
65 837
65 839
65 843
65 844
65 846
65 847
65 848
65 849
65 851
65 852
65 853
65 860
65 862
65 865
65 866
65 867
65 868
65 870
65 872
65 873
65 874
65 877
65 878
65 879
65 881
65 882
65 883
65 888
65 889
65 896
65 897
65 898
65 899
65 900
65 901
65 905
65 906
65 908
65 909
65 911
65 912
65 913
65 916
65 917
65 918
65 920
65 921
65 923
65 924
65 926
65 927
65 928
65 931
65 932
65 934
65 935
65 937
65 938
65 944
65 945
65 946
65 950
65 952
65 957
65 958
65 959
65 960
65 963
65 964
65 968
65 969
65 971
65 972
65 973
65 975
65 976
65 978
65 979
65 983
65 984
65 985
65 986
65 987
65 991
65 997
65 999
66 501
66 504
66 508
66 509
66 510
66 511
66 512
66 513
66 514
66 515
66 516
66 517
66 520
66 521
66 522
66 523
66 524
66 526
66 527
66 529
66 532
66 533
66 534
66 535
66 536
66 537
66 538
66 541
66 543
66 544
66 545
66 546
66 547
66 548
66 554
66 558
66 559
66 560
66 565
66 566
66 567
66 568
66 572
66 574
66 575
66 578
66 579
66 582
66 585
66 587
66 590
66 593
66 594
66 596
66 600
66 601
66 603
66 604
66 605
66 606
66 608
66 612
66 613
66 614
66 615
66 617
66 618
66 623
66 624
66 627
66 628
66 631
66 634
66 635
66 637
66 638
66 639
66 642
66 643
66 644
66 645
66 646
66 648
66 650
66 651
66 654
66 655
66 656
66 658
66 662
66 670
66 671
66 672
66 673
66 675
66 676
66 679
66 680
66 682
66 684
66 685
66 688
66 690
66 693
66 695
66 696
66 700
66 701
66 702
66 704
66 705
66 706
66 707
66 708
66 710
66 713
66 715
66 716
66 718
66 720
66 728
66 729
66 731
66 732
66 733
66 735
66 739
66 742
66 747
66 748
66 751
66 752
66 754
66 755
66 756
66 757
66 758
66 761
66 762
66 763
66 765
66 768
66 769
66 771
66 773
66 775
66 776
66 777
66 780
66 782
66 783
66 785
66 786
66 787
66 791
66 792
66 793
66 794
66 797
66 799
66 800
66 804
66 805
66 806
66 808
66 809
66 812
66 813
66 815
66 817
66 818
66 821
66 822
66 823
66 824
66 825
66 827
66 828
66 830
66 832
66 836
66 837
66 840
66 841
66 843
66 845
66 848
66 850
66 851
66 853
66 854
66 858
66 859
66 861
66 862
66 867
66 868
66 869
66 873
66 876
66 879
66 880
66 882
66 884
66 885
66 886
66 887
66 888
66 891
66 892
66 894
66 895
66 903
66 904
66 906
66 908
66 909
66 917
66 918
66 922
66 923
66 924
66 925
66 926
66 928
66 929
66 930
66 934
66 937
66 941
66 942
66 945
66 946
66 948
66 949
66 951
66 952
66 955
66 956
66 958
66 963
66 966
66 968
66 969
66 971
66 975
66 980
66 982
66 985
66 986
66 987
66 989
66 991
66 992
66 993
66 995
66 997
66 998
66 1000
67 501
67 502
67 503
67 505
67 506
67 508
67 509
67 510
67 511
67 512
67 513
67 515
67 516
67 517
67 519
67 520
67 521
67 523
67 524
67 527
67 528
67 529
67 530
67 533
67 534
67 535
67 536
67 539
67 542
67 547
67 548
67 549
67 550
67 552
67 553
67 554
67 555
67 557
67 558
67 562
67 563
67 566
67 570
67 571
67 575
67 577
67 578
67 579
67 581
67 583
67 584
67 587
67 588
67 590
67 593
67 594
67 595
67 596
67 603
67 604
67 605
67 606
67 607
67 608
67 610
67 611
67 613
67 618
67 622
67 623
67 624
67 627
67 628
67 629
67 633
67 634
67 636
67 638
67 639
67 640
67 643
67 644
67 645
67 648
67 649
67 652
67 653
67 654
67 655
67 656
67 657
67 658
67 659
67 660
67 661
67 664
67 666
67 667
67 668
67 670
67 671
67 672
67 676
67 677
67 679
67 682
67 684
67 685
67 687
67 690
67 692
67 693
67 694
67 696
67 698
67 700
67 702
67 703
67 704
67 707
67 708
67 709
67 712
67 714
67 716
67 718
67 719
67 720
67 722
67 726
67 729
67 730
67 731
67 732
67 734
67 741
67 742
67 744
67 745
67 748
67 749
67 752
67 753
67 754
67 759
67 761
67 763
67 769
67 770
67 772
67 775
67 777
67 778
67 779
67 780
67 781
67 783
67 789
67 791
67 792
67 794
67 795
67 797
67 801
67 802
67 807
67 808
67 812
67 817
67 820
67 821
67 823
67 824
67 825
67 826
67 827
67 829
67 832
67 833
67 835
67 836
67 837
67 844
67 846
67 849
67 854
67 855
67 857
67 858
67 860
67 861
67 863
67 868
67 870
67 874
67 875
67 877
67 879
67 880
67 882
67 884
67 885
67 887
67 890
67 891
67 893
67 894
67 895
67 896
67 897
67 900
67 901
67 902
67 903
67 905
67 906
67 907
67 908
67 910
67 913
67 916
67 917
67 920
67 922
67 923
67 924
67 927
67 929
67 933
67 934
67 935
67 936
67 937
67 938
67 946
67 947
67 948
67 949
67 950
67 951
67 955
67 956
67 958
67 959
67 961
67 962
67 965
67 967
67 969
67 972
67 974
67 985
67 990
67 994
67 998
67 1000
68 502
68 505
68 506
68 507
68 508
68 509
68 511
68 512
68 514
68 519
68 520
68 521
68 522
68 523
68 524
68 525
68 526
68 528
68 530
68 532
68 534
68 535
68 536
68 539
68 541
68 543
68 546
68 547
68 548
68 550
68 551
68 555
68 558
68 559
68 562
68 564
68 565
68 567
68 568
68 569
68 570
68 571
68 575
68 577
68 578
68 580
68 581
68 584
68 585
68 587
68 588
68 589
68 595
68 598
68 602
68 604
68 606
68 611
68 613
68 614
68 615
68 617
68 618
68 620
68 621
68 622
68 627
68 628
68 629
68 630
68 636
68 639
68 641
68 657
68 658
68 662
68 663
68 664
68 665
68 666
68 667
68 668
68 669
68 671
68 674
68 675
68 676
68 679
68 680
68 681
68 683
68 685
68 689
68 693
68 695
68 696
68 697
68 700
68 704
68 705
68 706
68 707
68 712
68 713
68 714
68 716
68 719
68 720
68 723
68 724
68 725
68 726
68 727
68 729
68 730
68 734
68 738
68 741
68 742
68 744
68 745
68 748
68 749
68 752
68 753
68 754
68 755
68 761
68 762
68 763
68 764
68 767
68 768
68 769
68 771
68 772
68 773
68 775
68 780
68 783
68 784
68 785
68 786
68 787
68 794
68 799
68 801
68 804
68 806
68 807
68 809
68 811
68 812
68 815
68 817
68 819
68 820
68 821
68 822
68 824
68 828
68 829
68 830
68 832
68 833
68 837
68 841
68 842
68 845
68 846
68 850
68 853
68 854
68 855
68 856
68 857
68 859
68 861
68 862
68 863
68 864
68 865
68 866
68 867
68 869
68 871
68 873
68 875
68 876
68 877
68 878
68 880
68 881
68 884
68 885
68 888
68 889
68 891
68 892
68 893
68 894
68 897
68 903
68 906
68 911
68 913
68 915
68 917
68 924
68 925
68 928
68 932
68 933
68 937
68 938
68 939
68 941
68 942
68 946
68 949
68 950
68 951
68 952
68 953
68 955
68 958
68 959
68 960
68 961
68 965
68 966
68 967
68 969
68 971
68 975
68 977
68 978
68 979
68 980
68 981
68 982
68 983
68 984
68 986
68 987
68 990
68 992
68 993
68 994
68 996
68 997
68 998
68 999
68 1000
69 501
69 502
69 503
69 504
69 505
69 509
69 511
69 515
69 516
69 517
69 518
69 522
69 524
69 528
69 532
69 535
69 536
69 537
69 538
69 539
69 541
69 542
69 543
69 544
69 547
69 549
69 551
69 554
69 557
69 558
69 561
69 563
69 564
69 566
69 569
69 576
69 583
69 584
69 585
69 591
69 595
69 596
69 599
69 601
69 603
69 605
69 607
69 608
69 613
69 615
69 616
69 620
69 621
69 622
69 623
69 624
69 626
69 634
69 636
69 637
69 638
69 639
69 643
69 644
69 645
69 650
69 651
69 653
69 654
69 655
69 657
69 658
69 661
69 662
69 663
69 664
69 666
69 667
69 668
69 669
69 674
69 677
69 678
69 682
69 683
69 684
69 685
69 686
69 690
69 692
69 695
69 702
69 704
69 708
69 709
69 710
69 712
69 713
69 716
69 717
69 720
69 721
69 722
69 725
69 726
69 729
69 730
69 734
69 735
69 737
69 738
69 739
69 741
69 742
69 743
69 747
69 748
69 749
69 750
69 751
69 754
69 755
69 757
69 758
69 759
69 760
69 761
69 763
69 767
69 769
69 773
69 777
69 778
69 782
69 784
69 789
69 790
69 792
69 793
69 795
69 796
69 801
69 802
69 804
69 805
69 806
69 807
69 809
69 811
69 813
69 814
69 816
69 818
69 819
69 821
69 822
69 823
69 824
69 825
69 827
69 828
69 829
69 830
69 831
69 833
69 837
69 838
69 839
69 841
69 844
69 847
69 849
69 850
69 851
69 853
69 854
69 856
69 859
69 860
69 861
69 862
69 864
69 866
69 867
69 870
69 872
69 874
69 875
69 876
69 880
69 882
69 883
69 885
69 887
69 889
69 891
69 892
69 894
69 895
69 899
69 901
69 902
69 905
69 906
69 907
69 909
69 910
69 911
69 912
69 913
69 915
69 918
69 920
69 921
69 922
69 924
69 925
69 930
69 932
69 933
69 935
69 939
69 940
69 943
69 945
69 946
69 950
69 951
69 952
69 955
69 956
69 958
69 960
69 961
69 964
69 968
69 969
69 970
69 972
69 973
69 975
69 981
69 982
69 983
69 986
69 989
69 991
69 992
69 994
69 995
69 997
69 998
69 999
69 1000
70 502
70 503
70 504
70 505
70 506
70 507
70 509
70 510
70 516
70 518
70 521
70 522
70 526
70 527
70 530
70 531
70 533
70 534
70 535
70 537
70 538
70 541
70 546
70 548
70 552
70 553
70 556
70 557
70 558
70 559
70 561
70 571
70 574
70 575
70 578
70 580
70 583
70 585
70 586
70 588
70 589
70 593
70 595
70 598
70 599
70 605
70 606
70 610
70 611
70 612
70 614
70 618
70 624
70 625
70 626
70 628
70 629
70 630
70 632
70 635
70 636
70 639
70 643
70 647
70 650
70 653
70 654
70 655
70 656
70 657
70 658
70 659
70 665
70 667
70 668
70 672
70 674
70 677
70 678
70 679
70 680
70 681
70 682
70 685
70 687
70 689
70 693
70 694
70 697
70 698
70 702
70 706
70 708
70 712
70 715
70 720
70 722
70 727
70 729
70 731
70 737
70 738
70 742
70 743
70 744
70 746
70 747
70 750
70 752
70 754
70 757
70 758
70 760
70 763
70 764
70 770
70 773
70 774
70 775
70 776
70 777
70 778
70 779
70 780
70 783
70 784
70 785
70 787
70 788
70 791
70 793
70 795
70 796
70 797
70 798
70 799
70 800
70 802
70 803
70 804
70 805
70 806
70 807
70 808
70 809
70 810
70 811
70 812
70 813
70 816
70 817
70 824
70 827
70 829
70 830
70 832
70 833
70 834
70 835
70 836
70 837
70 840
70 841
70 843
70 846
70 848
70 849
70 850
70 853
70 854
70 855
70 857
70 858
70 862
70 865
70 866
70 867
70 868
70 869
70 870
70 871
70 875
70 876
70 877
70 879
70 881
70 882
70 885
70 888
70 889
70 890
70 893
70 894
70 895
70 896
70 897
70 899
70 901
70 903
70 904
70 905
70 908
70 910
70 912
70 914
70 915
70 916
70 918
70 921
70 922
70 924
70 925
70 926
70 929
70 930
70 933
70 936
70 938
70 940
70 941
70 942
70 944
70 945
70 947
70 949
70 950
70 951
70 953
70 956
70 957
70 958
70 960
70 961
70 964
70 965
70 966
70 967
70 969
70 971
70 976
70 977
70 978
70 979
70 982
70 984
70 985
70 986
70 989
70 990
70 993
70 999
70 1000
71 503
71 506
71 507
71 509
71 513
71 517
71 518
71 519
71 520
71 522
71 525
71 527
71 528
71 532
71 536
71 537
71 540
71 541
71 542
71 545
71 546
71 547
71 548
71 549
71 550
71 552
71 556
71 558
71 559
71 561
71 564
71 565
71 566
71 567
71 569
71 570
71 571
71 572
71 573
71 576
71 582
71 585
71 586
71 587
71 589
71 593
71 595
71 598
71 599
71 600
71 601
71 604
71 607
71 609
71 611
71 612
71 613
71 614
71 615
71 616
71 619
71 622
71 623
71 625
71 626
71 627
71 628
71 629
71 631
71 632
71 633
71 635
71 636
71 639
71 641
71 644
71 651
71 654
71 657
71 660
71 665
71 668
71 670
71 671
71 672
71 673
71 675
71 678
71 681
71 683
71 685
71 687
71 691
71 693
71 695
71 700
71 701
71 707
71 708
71 709
71 710
71 712
71 713
71 715
71 717
71 719
71 721
71 722
71 725
71 726
71 728
71 731
71 732
71 733
71 734
71 735
71 737
71 738
71 745
71 746
71 750
71 751
71 752
71 753
71 758
71 760
71 761
71 766
71 769
71 770
71 771
71 773
71 778
71 780
71 781
71 783
71 785
71 787
71 789
71 790
71 793
71 796
71 797
71 799
71 801
71 808
71 809
71 810
71 811
71 812
71 814
71 817
71 822
71 824
71 826
71 828
71 829
71 830
71 831
71 837
71 838
71 839
71 840
71 841
71 843
71 845
71 846
71 847
71 851
71 852
71 853
71 856
71 857
71 859
71 860
71 864
71 865
71 867
71 870
71 871
71 872
71 873
71 875
71 877
71 879
71 881
71 884
71 886
71 888
71 890
71 893
71 898
71 900
71 901
71 911
71 912
71 914
71 918
71 919
71 920
71 921
71 925
71 927
71 930
71 931
71 932
71 937
71 939
71 940
71 941
71 945
71 946
71 947
71 948
71 949
71 954
71 955
71 962
71 965
71 966
71 970
71 971
71 973
71 974
71 976
71 978
71 981
71 985
71 987
71 989
71 991
71 993
71 994
71 995
71 996
71 997
71 998
71 1000
72 501
72 502
72 503
72 505
72 506
72 507
72 508
72 509
72 510
72 511
72 514
72 516
72 517
72 519
72 520
72 521
72 525
72 527
72 534
72 535
72 537
72 538
72 539
72 541
72 542
72 543
72 545
72 546
72 549
72 550
72 551
72 553
72 555
72 558
72 559
72 560
72 563
72 564
72 567
72 570
72 574
72 575
72 577
72 578
72 580
72 581
72 582
72 583
72 586
72 587
72 592
72 594
72 595
72 597
72 598
72 601
72 602
72 603
72 605
72 607
72 610
72 612
72 614
72 617
72 621
72 622
72 623
72 627
72 632
72 634
72 635
72 637
72 639
72 640
72 643
72 645
72 649
72 652
72 655
72 656
72 657
72 658
72 659
72 661
72 662
72 666
72 667
72 669
72 672
72 674
72 675
72 681
72 685
72 691
72 692
72 693
72 696
72 697
72 702
72 704
72 706
72 709
72 712
72 714
72 715
72 716
72 717
72 718
72 719
72 720
72 721
72 722
72 726
72 728
72 730
72 733
72 735
72 737
72 740
72 742
72 744
72 746
72 752
72 753
72 755
72 756
72 759
72 760
72 762
72 763
72 770
72 771
72 773
72 778
72 781
72 782
72 784
72 785
72 791
72 792
72 798
72 800
72 801
72 803
72 809
72 813
72 814
72 817
72 818
72 821
72 823
72 826
72 827
72 829
72 832
72 833
72 834
72 835
72 836
72 844
72 846
72 847
72 851
72 852
72 854
72 855
72 856
72 857
72 862
72 864
72 865
72 869
72 871
72 873
72 874
72 875
72 876
72 879
72 884
72 888
72 889
72 890
72 898
72 901
72 903
72 905
72 907
72 908
72 911
72 912
72 917
72 919
72 920
72 922
72 924
72 925
72 929
72 930
72 931
72 933
72 934
72 937
72 939
72 941
72 944
72 945
72 948
72 950
72 954
72 955
72 956
72 957
72 958
72 961
72 963
72 968
72 969
72 970
72 971
72 975
72 978
72 981
72 982
72 984
72 987
72 991
72 995
72 996
72 997
72 998
72 1000
73 507
73 515
73 519
73 523
73 524
73 525
73 527
73 528
73 530
73 532
73 537
73 538
73 540
73 542
73 543
73 544
73 545
73 547
73 548
73 549
73 550
73 551
73 554
73 555
73 561
73 565
73 566
73 570
73 571
73 572
73 574
73 575
73 578
73 579
73 581
73 582
73 583
73 585
73 586
73 587
73 590
73 591
73 594
73 596
73 598
73 599
73 602
73 603
73 604
73 606
73 610
73 615
73 618
73 620
73 622
73 624
73 625
73 626
73 628
73 629
73 631
73 632
73 633
73 634
73 636
73 638
73 639
73 641
73 646
73 647
73 649
73 654
73 655
73 656
73 657
73 659
73 661
73 664
73 667
73 668
73 669
73 672
73 673
73 675
73 677
73 678
73 680
73 682
73 683
73 684
73 685
73 686
73 687
73 688
73 691
73 692
73 693
73 695
73 699
73 700
73 703
73 704
73 705
73 706
73 711
73 713
73 714
73 715
73 717
73 718
73 720
73 722
73 725
73 727
73 729
73 731
73 733
73 734
73 735
73 737
73 739
73 740
73 741
73 742
73 743
73 744
73 746
73 747
73 748
73 750
73 753
73 757
73 760
73 761
73 763
73 765
73 768
73 769
73 774
73 777
73 778
73 779
73 781
73 782
73 784
73 785
73 786
73 787
73 790
73 792
73 793
73 794
73 798
73 799
73 801
73 802
73 803
73 805
73 807
73 809
73 810
73 813
73 817
73 819
73 820
73 822
73 823
73 824
73 826
73 830
73 833
73 835
73 838
73 839
73 840
73 843
73 849
73 852
73 853
73 855
73 857
73 859
73 861
73 862
73 867
73 870
73 871
73 876
73 879
73 881
73 882
73 884
73 886
73 887
73 888
73 889
73 892
73 893
73 895
73 896
73 903
73 904
73 905
73 906
73 907
73 910
73 913
73 914
73 916
73 920
73 921
73 922
73 924
73 925
73 927
73 928
73 929
73 930
73 931
73 932
73 934
73 935
73 936
73 937
73 938
73 939
73 940
73 941
73 944
73 945
73 947
73 948
73 950
73 953
73 954
73 956
73 958
73 959
73 965
73 966
73 968
73 970
73 971
73 972
73 975
73 976
73 978
73 980
73 981
73 982
73 985
73 986
73 987
73 988
73 990
73 991
73 992
73 995
73 999
74 501
74 502
74 503
74 504
74 506
74 507
74 508
74 510
74 511
74 515
74 516
74 518
74 519
74 520
74 521
74 523
74 525
74 526
74 527
74 529
74 530
74 531
74 532
74 535
74 536
74 537
74 540
74 542
74 543
74 545
74 547
74 548
74 549
74 550
74 552
74 555
74 556
74 558
74 560
74 563
74 564
74 565
74 566
74 568
74 569
74 570
74 571
74 572
74 573
74 575
74 576
74 577
74 578
74 579
74 582
74 584
74 585
74 586
74 587
74 593
74 594
74 595
74 596
74 597
74 598
74 599
74 601
74 608
74 611
74 613
74 615
74 616
74 617
74 619
74 621
74 629
74 630
74 631
74 633
74 634
74 635
74 644
74 645
74 647
74 654
74 656
74 657
74 660
74 661
74 663
74 666
74 667
74 668
74 670
74 672
74 674
74 675
74 676
74 677
74 679
74 681
74 682
74 683
74 684
74 686
74 690
74 692
74 694
74 695
74 697
74 698
74 700
74 701
74 702
74 703
74 704
74 710
74 714
74 717
74 719
74 720
74 721
74 722
74 726
74 728
74 729
74 733
74 738
74 743
74 744
74 746
74 747
74 749
74 750
74 752
74 753
74 754
74 755
74 758
74 760
74 761
74 763
74 765
74 766
74 767
74 768
74 772
74 773
74 775
74 776
74 778
74 779
74 780
74 782
74 784
74 786
74 787
74 790
74 795
74 796
74 798
74 799
74 807
74 809
74 811
74 812
74 813
74 814
74 816
74 817
74 818
74 820
74 821
74 822
74 824
74 827
74 831
74 833
74 835
74 837
74 840
74 841
74 843
74 845
74 846
74 847
74 848
74 849
74 850
74 851
74 852
74 853
74 854
74 858
74 859
74 866
74 868
74 869
74 871
74 872
74 874
74 875
74 879
74 880
74 882
74 884
74 887
74 888
74 889
74 890
74 891
74 892
74 893
74 894
74 895
74 898
74 899
74 903
74 906
74 907
74 908
74 910
74 912
74 913
74 918
74 921
74 922
74 924
74 925
74 926
74 927
74 928
74 931
74 932
74 934
74 935
74 936
74 939
74 941
74 942
74 944
74 946
74 947
74 948
74 950
74 951
74 952
74 953
74 955
74 956
74 957
74 958
74 959
74 965
74 967
74 969
74 970
74 972
74 974
74 975
74 976
74 978
74 981
74 984
74 988
74 989
74 990
74 991
74 992
74 994
74 996
74 1000
75 501
75 502
75 506
75 507
75 509
75 510
75 511
75 512
75 515
75 518
75 519
75 521
75 527
75 529
75 531
75 538
75 540
75 542
75 546
75 547
75 549
75 550
75 551
75 552
75 554
75 557
75 558
75 559
75 561
75 564
75 566
75 568
75 569
75 570
75 572
75 573
75 574
75 581
75 582
75 585
75 586
75 587
75 588
75 592
75 596
75 597
75 598
75 599
75 602
75 604
75 605
75 606
75 608
75 610
75 612
75 616
75 619
75 625
75 629
75 631
75 634
75 638
75 641
75 643
75 648
75 649
75 652
75 653
75 655
75 656
75 657
75 659
75 661
75 662
75 663
75 665
75 666
75 668
75 674
75 675
75 678
75 679
75 680
75 681
75 682
75 684
75 686
75 687
75 688
75 692
75 694
75 695
75 696
75 699
75 703
75 705
75 707
75 712
75 713
75 715
75 716
75 717
75 719
75 720
75 721
75 724
75 727
75 732
75 733
75 735
75 738
75 741
75 744
75 745
75 746
75 747
75 749
75 750
75 751
75 755
75 756
75 758
75 759
75 764
75 765
75 766
75 767
75 772
75 773
75 774
75 777
75 779
75 780
75 781
75 783
75 788
75 790
75 792
75 793
75 796
75 799
75 800
75 801
75 808
75 811
75 817
75 818
75 821
75 823
75 824
75 828
75 830
75 832
75 833
75 834
75 836
75 839
75 840
75 841
75 842
75 843
75 844
75 847
75 848
75 849
75 850
75 852
75 853
75 855
75 857
75 858
75 861
75 862
75 863
75 866
75 867
75 869
75 871
75 872
75 873
75 874
75 876
75 881
75 883
75 885
75 888
75 889
75 890
75 891
75 892
75 893
75 894
75 895
75 896
75 897
75 898
75 902
75 903
75 906
75 907
75 912
75 913
75 914
75 915
75 917
75 919
75 920
75 922
75 923
75 925
75 931
75 933
75 937
75 938
75 939
75 943
75 946
75 949
75 951
75 953
75 955
75 957
75 958
75 959
75 960
75 961
75 963
75 964
75 967
75 969
75 971
75 972
75 975
75 978
75 980
75 981
75 982
75 984
75 985
75 987
75 989
75 990
75 992
75 993
75 994
75 996
75 997
75 998
75 999
75 1000
76 504
76 506
76 507
76 510
76 512
76 515
76 516
76 517
76 518
76 521
76 525
76 527
76 531
76 532
76 533
76 534
76 535
76 540
76 546
76 547
76 548
76 549
76 553
76 555
76 557
76 559
76 560
76 561
76 562
76 563
76 564
76 566
76 567
76 568
76 569
76 570
76 571
76 572
76 574
76 575
76 576
76 581
76 584
76 588
76 589
76 590
76 593
76 596
76 598
76 599
76 600
76 602
76 603
76 604
76 605
76 609
76 611
76 613
76 615
76 616
76 618
76 619
76 622
76 623
76 624
76 626
76 629
76 630
76 632
76 636
76 639
76 645
76 646
76 648
76 653
76 654
76 662
76 663
76 665
76 666
76 667
76 668
76 670
76 672
76 674
76 677
76 682
76 683
76 684
76 686
76 687
76 690
76 693
76 695
76 696
76 697
76 699
76 700
76 705
76 706
76 707
76 710
76 711
76 712
76 713
76 714
76 715
76 717
76 718
76 720
76 721
76 722
76 723
76 726
76 731
76 732
76 733
76 738
76 740
76 741
76 743
76 744
76 746
76 747
76 748
76 749
76 750
76 751
76 752
76 754
76 755
76 756
76 758
76 761
76 764
76 765
76 768
76 769
76 771
76 772
76 773
76 775
76 778
76 781
76 782
76 787
76 788
76 790
76 792
76 793
76 796
76 798
76 800
76 802
76 803
76 804
76 806
76 807
76 811
76 813
76 816
76 820
76 822
76 823
76 826
76 829
76 830
76 831
76 833
76 836
76 837
76 838
76 839
76 840
76 841
76 844
76 848
76 851
76 855
76 856
76 858
76 860
76 861
76 863
76 865
76 866
76 871
76 872
76 873
76 877
76 878
76 879
76 881
76 882
76 885
76 886
76 887
76 890
76 891
76 892
76 894
76 895
76 896
76 900
76 903
76 908
76 911
76 914
76 918
76 919
76 922
76 923
76 924
76 928
76 929
76 930
76 931
76 932
76 935
76 937
76 938
76 939
76 941
76 943
76 944
76 945
76 946
76 949
76 953
76 954
76 955
76 956
76 960
76 962
76 964
76 970
76 971
76 973
76 975
76 978
76 980
76 982
76 983
76 985
76 989
76 990
76 991
76 992
76 995
76 997
76 999
76 1000
77 501
77 506
77 507
77 509
77 511
77 513
77 516
77 518
77 519
77 520
77 521
77 523
77 525
77 527
77 529
77 530
77 532
77 535
77 536
77 537
77 538
77 539
77 540
77 547
77 551
77 554
77 555
77 556
77 557
77 558
77 563
77 565
77 566
77 569
77 570
77 571
77 573
77 574
77 575
77 576
77 577
77 578
77 580
77 581
77 583
77 584
77 588
77 589
77 590
77 594
77 596
77 597
77 598
77 599
77 600
77 601
77 603
77 607
77 610
77 612
77 615
77 616
77 617
77 624
77 626
77 632
77 635
77 636
77 638
77 639
77 640
77 642
77 643
77 644
77 645
77 658
77 659
77 660
77 663
77 665
77 666
77 670
77 675
77 678
77 679
77 685
77 688
77 689
77 691
77 694
77 695
77 701
77 702
77 703
77 704
77 705
77 706
77 707
77 708
77 712
77 713
77 714
77 715
77 718
77 723
77 724
77 725
77 727
77 728
77 729
77 731
77 734
77 735
77 736
77 737
77 738
77 741
77 742
77 743
77 744
77 747
77 748
77 749
77 750
77 752
77 753
77 756
77 759
77 760
77 762
77 765
77 766
77 767
77 770
77 771
77 773
77 774
77 775
77 776
77 777
77 778
77 779
77 780
77 781
77 783
77 784
77 785
77 788
77 789
77 790
77 791
77 792
77 793
77 794
77 797
77 801
77 803
77 804
77 806
77 808
77 810
77 811
77 812
77 814
77 817
77 820
77 821
77 822
77 824
77 825
77 826
77 827
77 829
77 832
77 833
77 836
77 837
77 838
77 839
77 841
77 842
77 843
77 846
77 848
77 849
77 850
77 851
77 854
77 856
77 857
77 858
77 862
77 863
77 867
77 871
77 872
77 873
77 875
77 876
77 880
77 883
77 885
77 886
77 888
77 891
77 893
77 894
77 895
77 896
77 899
77 903
77 904
77 905
77 906
77 907
77 908
77 910
77 912
77 913
77 914
77 915
77 916
77 918
77 920
77 921
77 922
77 924
77 925
77 927
77 935
77 936
77 938
77 941
77 942
77 944
77 947
77 951
77 952
77 957
77 959
77 961
77 962
77 966
77 968
77 972
77 979
77 980
77 983
77 985
77 987
77 988
77 991
77 992
77 993
77 995
77 996
77 1000
78 504
78 508
78 511
78 512
78 516
78 518
78 520
78 522
78 525
78 526
78 528
78 530
78 532
78 533
78 535
78 537
78 538
78 539
78 540
78 541
78 545
78 546
78 547
78 548
78 549
78 556
78 559
78 564
78 566
78 568
78 570
78 572
78 573
78 576
78 578
78 579
78 585
78 586
78 590
78 591
78 592
78 593
78 595
78 597
78 602
78 609
78 613
78 615
78 616
78 620
78 626
78 628
78 629
78 631
78 634
78 637
78 638
78 640
78 643
78 644
78 645
78 647
78 649
78 650
78 654
78 655
78 657
78 658
78 659
78 661
78 663
78 666
78 670
78 671
78 672
78 673
78 675
78 684
78 685
78 687
78 689
78 690
78 692
78 695
78 696
78 698
78 699
78 700
78 705
78 707
78 708
78 710
78 714
78 717
78 718
78 719
78 721
78 724
78 728
78 732
78 736
78 739
78 740
78 742
78 744
78 747
78 753
78 755
78 756
78 757
78 761
78 762
78 764
78 765
78 769
78 770
78 771
78 772
78 773
78 774
78 779
78 782
78 783
78 784
78 788
78 790
78 791
78 795
78 796
78 797
78 798
78 802
78 804
78 807
78 811
78 812
78 814
78 815
78 816
78 817
78 819
78 821
78 822
78 824
78 825
78 828
78 829
78 830
78 831
78 832
78 833
78 834
78 838
78 839
78 840
78 841
78 842
78 845
78 848
78 849
78 850
78 852
78 855
78 859
78 860
78 861
78 862
78 863
78 867
78 868
78 869
78 873
78 882
78 883
78 884
78 885
78 887
78 888
78 889
78 890
78 891
78 892
78 897
78 898
78 901
78 902
78 905
78 907
78 908
78 910
78 912
78 913
78 915
78 920
78 923
78 924
78 927
78 928
78 930
78 931
78 932
78 933
78 934
78 935
78 936
78 938
78 939
78 940
78 942
78 944
78 945
78 948
78 949
78 950
78 952
78 953
78 955
78 956
78 957
78 958
78 960
78 965
78 968
78 970
78 977
78 978
78 981
78 983
78 984
78 987
78 990
78 992
78 994
78 996
78 997
78 1000
79 501
79 502
79 503
79 504
79 509
79 510
79 511
79 512
79 514
79 519
79 520
79 521
79 524
79 525
79 526
79 528
79 529
79 530
79 531
79 533
79 535
79 536
79 537
79 539
79 540
79 542
79 544
79 545
79 549
79 551
79 552
79 553
79 554
79 558
79 559
79 561
79 562
79 565
79 566
79 567
79 569
79 570
79 572
79 574
79 575
79 576
79 578
79 580
79 583
79 584
79 588
79 589
79 591
79 593
79 595
79 596
79 602
79 603
79 606
79 607
79 609
79 612
79 613
79 614
79 617
79 620
79 621
79 622
79 625
79 627
79 628
79 629
79 632
79 635
79 636
79 637
79 638
79 639
79 641
79 642
79 644
79 647
79 649
79 650
79 651
79 653
79 655
79 657
79 658
79 661
79 663
79 664
79 665
79 668
79 671
79 672
79 674
79 675
79 676
79 677
79 680
79 681
79 682
79 683
79 686
79 687
79 690
79 694
79 695
79 697
79 698
79 699
79 700
79 703
79 704
79 706
79 707
79 709
79 711
79 714
79 715
79 719
79 720
79 721
79 722
79 723
79 724
79 725
79 728
79 729
79 732
79 736
79 737
79 739
79 741
79 743
79 747
79 749
79 750
79 753
79 754
79 757
79 758
79 762
79 764
79 770
79 775
79 777
79 778
79 780
79 781
79 782
79 784
79 785
79 786
79 787
79 789
79 793
79 796
79 798
79 800
79 801
79 803
79 806
79 807
79 809
79 810
79 812
79 813
79 816
79 817
79 818
79 820
79 821
79 824
79 827
79 828
79 831
79 832
79 835
79 836
79 838
79 840
79 842
79 843
79 846
79 848
79 850
79 855
79 862
79 864
79 866
79 868
79 872
79 873
79 874
79 877
79 878
79 879
79 884
79 885
79 886
79 887
79 889
79 890
79 896
79 898
79 899
79 901
79 902
79 904
79 909
79 910
79 912
79 914
79 918
79 920
79 922
79 923
79 924
79 925
79 926
79 928
79 930
79 934
79 935
79 936
79 937
79 939
79 940
79 941
79 942
79 943
79 944
79 945
79 947
79 949
79 950
79 951
79 954
79 956
79 957
79 958
79 961
79 963
79 964
79 965
79 966
79 969
79 970
79 971
79 972
79 974
79 976
79 979
79 980
79 981
79 985
79 987
79 991
79 992
79 995
79 996
79 997
79 998
79 999
80 501
80 502
80 503
80 505
80 507
80 509
80 510
80 513
80 515
80 516
80 517
80 518
80 519
80 523
80 525
80 526
80 529
80 531
80 539
80 540
80 541
80 542
80 543
80 545
80 550
80 551
80 557
80 559
80 560
80 564
80 565
80 569
80 571
80 572
80 573
80 574
80 575
80 576
80 578
80 579
80 581
80 583
80 586
80 592
80 594
80 596
80 597
80 599
80 601
80 602
80 603
80 604
80 605
80 606
80 607
80 608
80 609
80 612
80 614
80 616
80 619
80 621
80 627
80 628
80 631
80 635
80 636
80 637
80 638
80 639
80 641
80 643
80 645
80 654
80 655
80 659
80 660
80 662
80 663
80 665
80 666
80 668
80 669
80 671
80 674
80 675
80 677
80 680
80 684
80 685
80 686
80 687
80 688
80 691
80 692
80 693
80 694
80 696
80 697
80 698
80 699
80 700
80 701
80 702
80 706
80 708
80 709
80 710
80 711
80 713
80 714
80 715
80 717
80 719
80 722
80 724
80 726
80 727
80 729
80 733
80 734
80 735
80 736
80 740
80 741
80 742
80 743
80 748
80 753
80 754
80 755
80 756
80 757
80 758
80 759
80 760
80 761
80 762
80 763
80 764
80 769
80 772
80 776
80 777
80 784
80 786
80 787
80 789
80 792
80 793
80 795
80 796
80 797
80 799
80 804
80 806
80 807
80 808
80 809
80 810
80 813
80 814
80 815
80 817
80 820
80 822
80 824
80 825
80 826
80 827
80 829
80 832
80 833
80 834
80 837
80 841
80 842
80 843
80 844
80 845
80 847
80 849
80 850
80 851
80 853
80 854
80 855
80 857
80 860
80 861
80 862
80 865
80 866
80 867
80 868
80 870
80 872
80 873
80 875
80 881
80 882
80 886
80 893
80 895
80 896
80 899
80 901
80 902
80 903
80 904
80 907
80 908
80 909
80 913
80 918
80 921
80 923
80 924
80 926
80 927
80 930
80 931
80 932
80 933
80 934
80 935
80 937
80 941
80 942
80 944
80 945
80 947
80 948
80 949
80 950
80 951
80 952
80 953
80 960
80 961
80 962
80 965
80 966
80 968
80 969
80 971
80 973
80 975
80 976
80 978
80 982
80 983
80 988
80 993
80 995
80 996
81 504
81 505
81 509
81 511
81 513
81 515
81 516
81 517
81 519
81 521
81 522
81 523
81 525
81 526
81 527
81 528
81 529
81 530
81 531
81 535
81 536
81 537
81 538
81 539
81 540
81 543
81 544
81 545
81 547
81 548
81 550
81 552
81 553
81 554
81 557
81 558
81 559
81 561
81 563
81 564
81 565
81 569
81 571
81 575
81 577
81 578
81 579
81 582
81 583
81 584
81 585
81 587
81 588
81 591
81 592
81 596
81 597
81 599
81 600
81 601
81 605
81 609
81 610
81 613
81 614
81 615
81 616
81 617
81 619
81 620
81 621
81 623
81 624
81 625
81 627
81 628
81 629
81 633
81 634
81 636
81 637
81 639
81 640
81 641
81 649
81 652
81 653
81 655
81 656
81 657
81 658
81 659
81 660
81 662
81 664
81 667
81 670
81 671
81 672
81 673
81 674
81 676
81 678
81 679
81 680
81 681
81 687
81 689
81 695
81 697
81 700
81 702
81 703
81 707
81 708
81 709
81 710
81 711
81 712
81 713
81 714
81 716
81 717
81 721
81 722
81 723
81 724
81 734
81 737
81 738
81 740
81 742
81 745
81 746
81 747
81 748
81 749
81 752
81 763
81 764
81 765
81 767
81 769
81 771
81 774
81 776
81 780
81 781
81 782
81 786
81 788
81 789
81 793
81 794
81 795
81 797
81 799
81 802
81 808
81 809
81 810
81 811
81 812
81 814
81 816
81 817
81 818
81 822
81 823
81 825
81 830
81 831
81 832
81 834
81 836
81 840
81 841
81 843
81 846
81 848
81 849
81 850
81 857
81 859
81 861
81 863
81 864
81 865
81 866
81 867
81 871
81 872
81 874
81 876
81 880
81 882
81 887
81 889
81 891
81 892
81 895
81 898
81 899
81 901
81 902
81 904
81 905
81 906
81 909
81 911
81 912
81 920
81 924
81 930
81 931
81 933
81 934
81 935
81 944
81 945
81 946
81 950
81 952
81 957
81 958
81 960
81 961
81 964
81 967
81 968
81 969
81 970
81 971
81 973
81 975
81 976
81 977
81 979
81 980
81 981
81 982
81 983
81 985
81 986
81 987
81 988
81 989
81 990
81 994
81 996
81 997
81 1000
82 501
82 502
82 503
82 505
82 507
82 508
82 509
82 511
82 512
82 513
82 514
82 516
82 518
82 520
82 521
82 524
82 528
82 533
82 536
82 537
82 540
82 541
82 542
82 543
82 548
82 550
82 551
82 552
82 553
82 555
82 556
82 557
82 559
82 560
82 561
82 562
82 563
82 568
82 569
82 572
82 575
82 577
82 579
82 580
82 582
82 585
82 586
82 587
82 590
82 592
82 593
82 597
82 598
82 599
82 600
82 604
82 605
82 608
82 609
82 610
82 612
82 613
82 616
82 621
82 622
82 623
82 624
82 625
82 627
82 628
82 629
82 630
82 631
82 633
82 634
82 636
82 637
82 642
82 643
82 644
82 645
82 646
82 648
82 649
82 650
82 651
82 653
82 656
82 658
82 665
82 667
82 668
82 669
82 670
82 671
82 672
82 678
82 679
82 680
82 681
82 682
82 683
82 685
82 686
82 687
82 692
82 693
82 694
82 695
82 696
82 697
82 698
82 699
82 700
82 701
82 702
82 704
82 705
82 706
82 710
82 711
82 712
82 716
82 717
82 718
82 722
82 723
82 726
82 727
82 728
82 729
82 731
82 732
82 736
82 737
82 738
82 741
82 742
82 743
82 744
82 745
82 746
82 748
82 749
82 750
82 755
82 756
82 757
82 758
82 760
82 769
82 770
82 771
82 772
82 774
82 779
82 780
82 781
82 784
82 785
82 786
82 787
82 788
82 789
82 792
82 795
82 798
82 799
82 800
82 803
82 804
82 807
82 808
82 809
82 810
82 811
82 812
82 815
82 817
82 824
82 825
82 834
82 835
82 836
82 839
82 841
82 842
82 844
82 845
82 849
82 854
82 855
82 858
82 860
82 862
82 863
82 864
82 874
82 875
82 876
82 881
82 882
82 883
82 885
82 888
82 889
82 890
82 891
82 892
82 893
82 894
82 901
82 903
82 907
82 909
82 910
82 911
82 912
82 913
82 914
82 915
82 917
82 918
82 920
82 923
82 926
82 927
82 929
82 930
82 931
82 932
82 934
82 935
82 936
82 937
82 938
82 940
82 941
82 946
82 950
82 953
82 956
82 957
82 958
82 961
82 962
82 964
82 966
82 967
82 968
82 969
82 976
82 977
82 978
82 979
82 980
82 983
82 984
82 986
82 989
82 991
82 993
82 994
82 996
82 997
82 998
82 999
82 1000
83 503
83 505
83 509
83 510
83 512
83 513
83 515
83 516
83 518
83 519
83 521
83 524
83 525
83 528
83 529
83 534
83 535
83 539
83 542
83 543
83 544
83 545
83 546
83 547
83 549
83 550
83 552
83 554
83 555
83 556
83 558
83 559
83 562
83 563
83 564
83 568
83 571
83 573
83 574
83 575
83 576
83 580
83 582
83 583
83 586
83 587
83 588
83 589
83 590
83 591
83 592
83 594
83 597
83 599
83 601
83 602
83 603
83 604
83 605
83 608
83 609
83 611
83 612
83 613
83 615
83 616
83 621
83 622
83 628
83 631
83 634
83 636
83 638
83 639
83 640
83 641
83 642
83 644
83 647
83 648
83 651
83 653
83 658
83 659
83 660
83 661
83 662
83 665
83 666
83 667
83 668
83 669
83 671
83 672
83 673
83 674
83 676
83 677
83 680
83 681
83 682
83 684
83 686
83 687
83 689
83 691
83 692
83 694
83 695
83 696
83 698
83 701
83 704
83 705
83 707
83 710
83 711
83 713
83 715
83 716
83 717
83 718
83 719
83 721
83 722
83 725
83 726
83 728
83 732
83 733
83 735
83 740
83 741
83 744
83 746
83 747
83 748
83 749
83 755
83 756
83 757
83 760
83 762
83 765
83 766
83 769
83 770
83 772
83 773
83 777
83 778
83 780
83 781
83 782
83 785
83 786
83 787
83 790
83 791
83 792
83 794
83 795
83 796
83 797
83 800
83 802
83 803
83 805
83 809
83 810
83 811
83 812
83 813
83 816
83 817
83 818
83 819
83 821
83 825
83 826
83 828
83 834
83 835
83 840
83 843
83 845
83 846
83 847
83 849
83 853
83 854
83 855
83 856
83 858
83 867
83 870
83 872
83 877
83 878
83 883
83 890
83 892
83 895
83 897
83 898
83 900
83 903
83 904
83 905
83 906
83 907
83 910
83 914
83 916
83 917
83 918
83 919
83 920
83 922
83 923
83 925
83 926
83 927
83 928
83 930
83 933
83 938
83 939
83 940
83 944
83 946
83 947
83 949
83 951
83 954
83 955
83 956
83 957
83 963
83 966
83 968
83 969
83 972
83 973
83 977
83 980
83 986
83 987
83 989
83 990
83 991
83 993
83 994
83 995
83 998
84 503
84 505
84 507
84 508
84 509
84 511
84 512
84 515
84 517
84 520
84 521
84 522
84 523
84 524
84 526
84 527
84 528
84 529
84 530
84 531
84 533
84 535
84 538
84 540
84 541
84 542
84 546
84 550
84 552
84 553
84 554
84 557
84 558
84 559
84 565
84 566
84 567
84 568
84 571
84 575
84 579
84 580
84 581
84 582
84 584
84 585
84 587
84 589
84 590
84 591
84 594
84 596
84 598
84 599
84 600
84 601
84 603
84 604
84 605
84 607
84 610
84 611
84 612
84 613
84 617
84 621
84 624
84 625
84 627
84 632
84 633
84 637
84 639
84 641
84 642
84 645
84 646
84 647
84 648
84 649
84 650
84 651
84 652
84 653
84 656
84 660
84 665
84 666
84 669
84 670
84 674
84 677
84 679
84 680
84 681
84 682
84 685
84 687
84 689
84 692
84 693
84 698
84 699
84 701
84 702
84 703
84 706
84 707
84 708
84 710
84 713
84 716
84 721
84 723
84 724
84 725
84 726
84 727
84 731
84 733
84 734
84 736
84 737
84 738
84 739
84 740
84 741
84 742
84 743
84 744
84 745
84 749
84 750
84 751
84 752
84 754
84 755
84 756
84 761
84 764
84 765
84 766
84 767
84 768
84 769
84 770
84 775
84 776
84 777
84 779
84 780
84 782
84 783
84 786
84 787
84 793
84 796
84 799
84 801
84 802
84 805
84 812
84 814
84 815
84 817
84 818
84 819
84 820
84 825
84 826
84 828
84 829
84 830
84 834
84 835
84 838
84 840
84 841
84 842
84 844
84 847
84 848
84 850
84 855
84 859
84 861
84 867
84 868
84 872
84 873
84 875
84 876
84 878
84 879
84 882
84 885
84 889
84 892
84 893
84 897
84 901
84 904
84 906
84 907
84 909
84 911
84 914
84 915
84 916
84 917
84 918
84 919
84 920
84 924
84 925
84 929
84 930
84 932
84 933
84 936
84 937
84 938
84 939
84 941
84 944
84 947
84 949
84 951
84 953
84 954
84 959
84 961
84 962
84 963
84 965
84 966
84 970
84 972
84 973
84 974
84 976
84 977
84 979
84 982
84 983
84 984
84 990
84 991
84 993
84 996
84 1000
85 503
85 505
85 509
85 510
85 512
85 513
85 514
85 517
85 518
85 521
85 526
85 527
85 528
85 531
85 533
85 534
85 536
85 537
85 538
85 540
85 543
85 544
85 551
85 555
85 556
85 557
85 558
85 559
85 561
85 562
85 564
85 565
85 567
85 571
85 575
85 579
85 582
85 585
85 590
85 592
85 594
85 596
85 597
85 600
85 601
85 602
85 604
85 608
85 609
85 611
85 614
85 615
85 620
85 621
85 622
85 626
85 627
85 629
85 631
85 633
85 634
85 636
85 639
85 641
85 645
85 646
85 649
85 650
85 651
85 653
85 654
85 656
85 657
85 658
85 659
85 663
85 664
85 665
85 667
85 668
85 673
85 674
85 675
85 676
85 690
85 693
85 696
85 698
85 699
85 700
85 702
85 704
85 705
85 712
85 713
85 714
85 716
85 717
85 718
85 722
85 727
85 728
85 729
85 730
85 733
85 734
85 735
85 736
85 738
85 741
85 743
85 747
85 748
85 750
85 755
85 756
85 757
85 759
85 761
85 766
85 768
85 770
85 772
85 775
85 780
85 781
85 783
85 784
85 785
85 787
85 789
85 790
85 791
85 792
85 795
85 796
85 797
85 799
85 800
85 804
85 805
85 807
85 808
85 811
85 820
85 821
85 822
85 823
85 827
85 828
85 829
85 831
85 833
85 835
85 836
85 840
85 841
85 842
85 843
85 844
85 847
85 849
85 852
85 853
85 854
85 855
85 856
85 857
85 861
85 863
85 864
85 865
85 867
85 868
85 869
85 871
85 872
85 873
85 874
85 875
85 877
85 880
85 881
85 883
85 887
85 890
85 892
85 893
85 894
85 895
85 898
85 900
85 902
85 904
85 906
85 908
85 910
85 911
85 913
85 914
85 915
85 916
85 917
85 918
85 919
85 923
85 928
85 930
85 932
85 934
85 936
85 939
85 940
85 941
85 943
85 944
85 945
85 947
85 951
85 953
85 954
85 956
85 958
85 960
85 961
85 967
85 970
85 972
85 973
85 974
85 975
85 979
85 982
85 983
85 984
85 986
85 988
85 990
85 992
85 993
85 997
85 999
85 1000
86 503
86 505
86 509
86 510
86 511
86 512
86 513
86 514
86 518
86 520
86 521
86 522
86 523
86 527
86 528
86 531
86 532
86 535
86 536
86 537
86 539
86 540
86 541
86 544
86 545
86 546
86 547
86 551
86 552
86 555
86 556
86 558
86 559
86 560
86 561
86 563
86 564
86 565
86 566
86 568
86 569
86 572
86 574
86 575
86 581
86 583
86 584
86 585
86 589
86 591
86 593
86 597
86 599
86 603
86 605
86 606
86 608
86 609
86 611
86 612
86 615
86 617
86 618
86 622
86 624
86 627
86 629
86 631
86 635
86 636
86 637
86 638
86 639
86 640
86 642
86 643
86 645
86 646
86 647
86 649
86 651
86 652
86 653
86 654
86 655
86 657
86 658
86 660
86 661
86 664
86 668
86 671
86 673
86 674
86 676
86 677
86 680
86 681
86 682
86 684
86 685
86 688
86 689
86 690
86 691
86 692
86 694
86 696
86 698
86 699
86 701
86 703
86 704
86 709
86 711
86 712
86 713
86 717
86 718
86 720
86 723
86 724
86 725
86 726
86 730
86 731
86 733
86 734
86 737
86 738
86 741
86 743
86 745
86 746
86 748
86 751
86 754
86 756
86 757
86 758
86 764
86 765
86 768
86 770
86 773
86 774
86 775
86 776
86 777
86 778
86 781
86 784
86 786
86 788
86 792
86 794
86 795
86 798
86 801
86 802
86 803
86 805
86 806
86 807
86 808
86 814
86 818
86 820
86 821
86 822
86 825
86 827
86 832
86 834
86 836
86 841
86 842
86 843
86 846
86 847
86 850
86 852
86 856
86 857
86 858
86 860
86 861
86 865
86 867
86 869
86 870
86 871
86 872
86 873
86 874
86 877
86 879
86 880
86 881
86 883
86 886
86 887
86 888
86 889
86 891
86 892
86 897
86 899
86 900
86 902
86 906
86 907
86 913
86 914
86 915
86 916
86 918
86 919
86 922
86 924
86 926
86 927
86 929
86 930
86 933
86 935
86 938
86 939
86 940
86 941
86 944
86 945
86 946
86 947
86 949
86 957
86 961
86 969
86 970
86 973
86 974
86 975
86 976
86 977
86 981
86 987
86 988
86 989
86 990
86 992
86 993
86 994
86 995
86 998
86 999
86 1000
87 501
87 502
87 504
87 506
87 508
87 509
87 511
87 512
87 514
87 515
87 517
87 519
87 520
87 521
87 522
87 528
87 529
87 532
87 534
87 538
87 542
87 543
87 545
87 546
87 547
87 553
87 555
87 558
87 559
87 560
87 563
87 564
87 566
87 567
87 569
87 571
87 572
87 573
87 575
87 577
87 578
87 580
87 582
87 585
87 586
87 587
87 589
87 590
87 592
87 596
87 598
87 599
87 602
87 605
87 606
87 609
87 610
87 612
87 616
87 617
87 619
87 621
87 627
87 628
87 630
87 632
87 633
87 634
87 635
87 636
87 641
87 642
87 644
87 647
87 648
87 650
87 651
87 652
87 657
87 658
87 660
87 661
87 662
87 664
87 665
87 666
87 669
87 671
87 672
87 673
87 674
87 675
87 676
87 678
87 679
87 681
87 682
87 683
87 686
87 687
87 688
87 690
87 691
87 693
87 694
87 695
87 696
87 697
87 698
87 700
87 702
87 703
87 704
87 709
87 710
87 718
87 719
87 721
87 722
87 724
87 726
87 727
87 729
87 731
87 732
87 733
87 734
87 735
87 737
87 738
87 742
87 744
87 745
87 750
87 753
87 754
87 755
87 757
87 758
87 760
87 761
87 763
87 767
87 769
87 770
87 773
87 775
87 777
87 783
87 785
87 786
87 787
87 788
87 789
87 791
87 792
87 793
87 805
87 806
87 810
87 813
87 814
87 815
87 821
87 822
87 823
87 824
87 826
87 828
87 833
87 834
87 837
87 841
87 842
87 843
87 844
87 846
87 847
87 850
87 852
87 854
87 855
87 856
87 857
87 859
87 860
87 861
87 862
87 863
87 864
87 865
87 866
87 867
87 868
87 869
87 871
87 872
87 873
87 875
87 879
87 882
87 883
87 886
87 888
87 889
87 891
87 899
87 900
87 902
87 905
87 908
87 909
87 910
87 911
87 915
87 916
87 917
87 925
87 926
87 927
87 928
87 932
87 933
87 934
87 936
87 937
87 940
87 941
87 942
87 944
87 945
87 947
87 949
87 952
87 953
87 956
87 957
87 959
87 960
87 961
87 962
87 966
87 969
87 970
87 972
87 973
87 979
87 981
87 984
87 986
87 987
87 988
87 990
87 993
87 994
87 995
87 997
87 998
87 999
88 501
88 502
88 504
88 506
88 507
88 508
88 510
88 511
88 514
88 517
88 521
88 522
88 525
88 526
88 527
88 529
88 530
88 531
88 532
88 533
88 534
88 538
88 539
88 541
88 544
88 545
88 546
88 547
88 548
88 549
88 551
88 552
88 553
88 554
88 555
88 556
88 560
88 561
88 563
88 564
88 566
88 567
88 571
88 580
88 581
88 582
88 584
88 585
88 587
88 588
88 590
88 592
88 595
88 597
88 599
88 603
88 604
88 606
88 610
88 615
88 617
88 620
88 621
88 622
88 633
88 634
88 637
88 638
88 639
88 641
88 642
88 646
88 647
88 654
88 656
88 657
88 659
88 660
88 661
88 662
88 668
88 670
88 672
88 673
88 674
88 677
88 681
88 682
88 684
88 685
88 686
88 687
88 689
88 690
88 692
88 695
88 696
88 699
88 704
88 705
88 708
88 709
88 714
88 715
88 718
88 723
88 724
88 728
88 730
88 731
88 732
88 736
88 739
88 741
88 742
88 745
88 746
88 748
88 751
88 752
88 753
88 757
88 761
88 763
88 766
88 767
88 768
88 769
88 770
88 771
88 772
88 773
88 774
88 778
88 779
88 781
88 785
88 791
88 792
88 795
88 796
88 798
88 804
88 806
88 814
88 816
88 820
88 822
88 823
88 824
88 827
88 828
88 829
88 830
88 831
88 832
88 834
88 835
88 837
88 842
88 845
88 851
88 856
88 857
88 862
88 863
88 864
88 865
88 867
88 871
88 874
88 875
88 878
88 880
88 882
88 883
88 885
88 888
88 892
88 896
88 899
88 900
88 905
88 906
88 907
88 908
88 911
88 912
88 914
88 915
88 916
88 921
88 929
88 931
88 932
88 934
88 936
88 937
88 938
88 939
88 940
88 942
88 943
88 947
88 949
88 951
88 952
88 953
88 962
88 963
88 967
88 968
88 969
88 970
88 971
88 972
88 974
88 976
88 977
88 981
88 983
88 986
88 987
88 993
88 994
88 997
88 998
88 999
89 501
89 502
89 505
89 506
89 507
89 508
89 511
89 513
89 515
89 517
89 518
89 522
89 524
89 527
89 528
89 529
89 531
89 532
89 533
89 536
89 538
89 540
89 543
89 546
89 548
89 549
89 551
89 552
89 553
89 554
89 557
89 560
89 567
89 568
89 569
89 570
89 574
89 575
89 576
89 579
89 581
89 584
89 585
89 589
89 590
89 591
89 594
89 595
89 596
89 599
89 603
89 604
89 613
89 615
89 616
89 622
89 623
89 624
89 625
89 627
89 632
89 633
89 634
89 635
89 636
89 637
89 639
89 641
89 642
89 643
89 645
89 646
89 647
89 648
89 649
89 652
89 654
89 655
89 656
89 660
89 661
89 662
89 663
89 664
89 666
89 667
89 668
89 670
89 673
89 675
89 676
89 679
89 680
89 681
89 687
89 688
89 689
89 690
89 691
89 696
89 697
89 699
89 705
89 710
89 715
89 717
89 722
89 723
89 724
89 726
89 727
89 728
89 730
89 731
89 734
89 736
89 737
89 742
89 748
89 752
89 753
89 754
89 755
89 759
89 761
89 763
89 765
89 766
89 767
89 768
89 772
89 778
89 780
89 784
89 785
89 788
89 789
89 790
89 793
89 794
89 795
89 796
89 798
89 800
89 801
89 802
89 803
89 808
89 813
89 816
89 818
89 823
89 827
89 831
89 834
89 838
89 839
89 843
89 847
89 851
89 853
89 854
89 855
89 857
89 858
89 860
89 863
89 864
89 865
89 866
89 868
89 870
89 872
89 873
89 876
89 877
89 878
89 882
89 883
89 886
89 887
89 888
89 889
89 891
89 892
89 895
89 897
89 899
89 900
89 901
89 906
89 908
89 909
89 910
89 912
89 913
89 914
89 917
89 920
89 921
89 923
89 924
89 925
89 928
89 935
89 936
89 937
89 939
89 940
89 941
89 942
89 946
89 947
89 948
89 950
89 952
89 956
89 957
89 958
89 960
89 965
89 967
89 970
89 971
89 973
89 974
89 976
89 977
89 979
89 982
89 983
89 986
89 988
89 989
89 990
89 991
89 995
89 997
89 998
89 999
89 1000
90 501
90 502
90 503
90 504
90 505
90 507
90 509
90 512
90 515
90 518
90 519
90 524
90 525
90 527
90 528
90 529
90 531
90 532
90 534
90 536
90 537
90 538
90 539
90 540
90 542
90 543
90 546
90 548
90 549
90 552
90 553
90 554
90 556
90 557
90 560
90 567
90 568
90 570
90 572
90 576
90 584
90 585
90 586
90 587
90 590
90 593
90 594
90 597
90 602
90 603
90 604
90 606
90 612
90 613
90 617
90 618
90 620
90 621
90 623
90 625
90 626
90 627
90 632
90 633
90 634
90 642
90 645
90 647
90 648
90 650
90 651
90 652
90 653
90 654
90 657
90 658
90 659
90 660
90 661
90 662
90 664
90 667
90 668
90 671
90 673
90 675
90 681
90 682
90 686
90 687
90 688
90 689
90 691
90 692
90 693
90 695
90 696
90 697
90 698
90 699
90 701
90 708
90 709
90 710
90 711
90 712
90 714
90 717
90 718
90 719
90 720
90 723
90 724
90 725
90 727
90 728
90 733
90 736
90 737
90 738
90 739
90 744
90 746
90 747
90 749
90 750
90 751
90 752
90 753
90 754
90 755
90 756
90 757
90 759
90 760
90 761
90 763
90 765
90 766
90 768
90 770
90 773
90 775
90 776
90 777
90 780
90 781
90 782
90 787
90 789
90 793
90 799
90 801
90 802
90 804
90 805
90 809
90 810
90 811
90 813
90 814
90 815
90 818
90 819
90 822
90 823
90 824
90 825
90 829
90 830
90 834
90 835
90 836
90 838
90 841
90 843
90 845
90 846
90 850
90 854
90 859
90 862
90 864
90 865
90 866
90 867
90 871
90 872
90 873
90 875
90 876
90 877
90 878
90 879
90 881
90 884
90 886
90 890
90 892
90 893
90 894
90 895
90 897
90 898
90 899
90 902
90 907
90 909
90 910
90 912
90 913
90 914
90 916
90 917
90 918
90 920
90 921
90 923
90 925
90 926
90 928
90 930
90 932
90 935
90 936
90 939
90 940
90 943
90 944
90 947
90 951
90 952
90 956
90 957
90 958
90 963
90 967
90 968
90 969
90 971
90 974
90 975
90 976
90 977
90 978
90 981
90 982
90 983
90 984
90 989
90 990
90 993
90 995
90 997
91 505
91 506
91 508
91 510
91 512
91 514
91 517
91 518
91 519
91 522
91 524
91 525
91 526
91 527
91 530
91 532
91 534
91 536
91 541
91 545
91 547
91 548
91 549
91 550
91 551
91 552
91 554
91 555
91 556
91 559
91 560
91 561
91 566
91 569
91 570
91 571
91 572
91 575
91 576
91 577
91 578
91 580
91 582
91 586
91 587
91 589
91 591
91 592
91 593
91 594
91 596
91 597
91 600
91 602
91 603
91 605
91 606
91 608
91 609
91 613
91 615
91 616
91 617
91 622
91 625
91 628
91 630
91 631
91 632
91 633
91 634
91 635
91 636
91 637
91 639
91 641
91 645
91 646
91 647
91 648
91 649
91 651
91 654
91 655
91 656
91 658
91 660
91 665
91 668
91 669
91 673
91 677
91 679
91 681
91 683
91 684
91 686
91 687
91 689
91 690
91 691
91 692
91 693
91 694
91 695
91 696
91 697
91 698
91 699
91 702
91 703
91 706
91 707
91 708
91 709
91 710
91 711
91 712
91 713
91 719
91 720
91 723
91 725
91 727
91 732
91 735
91 738
91 741
91 743
91 745
91 746
91 748
91 749
91 750
91 755
91 757
91 759
91 760
91 762
91 763
91 764
91 765
91 766
91 767
91 768
91 769
91 770
91 772
91 773
91 774
91 775
91 776
91 779
91 780
91 782
91 785
91 795
91 796
91 798
91 799
91 802
91 804
91 806
91 807
91 809
91 810
91 811
91 812
91 814
91 815
91 823
91 824
91 826
91 829
91 831
91 834
91 835
91 837
91 838
91 839
91 841
91 842
91 844
91 845
91 846
91 847
91 848
91 851
91 852
91 853
91 854
91 859
91 860
91 861
91 862
91 863
91 864
91 865
91 868
91 870
91 871
91 872
91 873
91 874
91 875
91 877
91 878
91 879
91 880
91 883
91 884
91 888
91 889
91 891
91 893
91 894
91 895
91 897
91 898
91 900
91 902
91 904
91 906
91 907
91 908
91 909
91 911
91 912
91 914
91 915
91 916
91 917
91 923
91 926
91 930
91 932
91 933
91 934
91 938
91 940
91 943
91 948
91 950
91 951
91 953
91 955
91 958
91 960
91 965
91 966
91 967
91 969
91 970
91 972
91 975
91 976
91 979
91 981
91 982
91 984
91 985
91 987
91 989
91 993
91 994
91 995
91 996
91 997
91 999
91 1000
92 501
92 502
92 503
92 506
92 510
92 511
92 514
92 515
92 518
92 519
92 522
92 525
92 528
92 529
92 530
92 531
92 532
92 534
92 535
92 542
92 543
92 549
92 550
92 551
92 552
92 554
92 555
92 561
92 568
92 569
92 570
92 573
92 574
92 576
92 577
92 578
92 580
92 583
92 584
92 590
92 592
92 593
92 596
92 597
92 598
92 599
92 600
92 602
92 604
92 607
92 608
92 610
92 611
92 612
92 614
92 615
92 616
92 617
92 623
92 625
92 626
92 627
92 629
92 632
92 634
92 637
92 640
92 641
92 642
92 644
92 645
92 646
92 647
92 652
92 655
92 656
92 658
92 659
92 663
92 664
92 666
92 667
92 668
92 669
92 670
92 671
92 673
92 676
92 677
92 680
92 683
92 684
92 687
92 688
92 689
92 690
92 691
92 693
92 694
92 696
92 697
92 698
92 700
92 701
92 704
92 707
92 708
92 709
92 716
92 720
92 721
92 725
92 727
92 728
92 730
92 731
92 732
92 733
92 734
92 735
92 738
92 743
92 745
92 746
92 748
92 749
92 750
92 752
92 753
92 754
92 755
92 759
92 760
92 761
92 764
92 766
92 767
92 769
92 770
92 772
92 773
92 775
92 776
92 777
92 778
92 779
92 780
92 781
92 784
92 786
92 787
92 789
92 791
92 792
92 793
92 795
92 796
92 798
92 799
92 800
92 801
92 802
92 804
92 805
92 807
92 808
92 811
92 812
92 814
92 817
92 819
92 820
92 822
92 823
92 824
92 826
92 829
92 832
92 833
92 834
92 835
92 837
92 838
92 842
92 843
92 845
92 847
92 849
92 851
92 852
92 854
92 862
92 865
92 869
92 870
92 871
92 873
92 874
92 879
92 882
92 885
92 886
92 889
92 890
92 894
92 896
92 899
92 900
92 902
92 903
92 906
92 907
92 908
92 909
92 912
92 919
92 921
92 922
92 924
92 925
92 927
92 930
92 931
92 932
92 936
92 940
92 942
92 944
92 946
92 949
92 950
92 952
92 953
92 954
92 957
92 959
92 960
92 961
92 964
92 966
92 969
92 970
92 971
92 973
92 974
92 975
92 976
92 980
92 982
92 985
92 986
92 990
92 995
92 997
92 998
93 501
93 502
93 505
93 508
93 511
93 512
93 513
93 514
93 516
93 517
93 518
93 522
93 523
93 524
93 526
93 528
93 531
93 532
93 533
93 534
93 535
93 536
93 540
93 541
93 543
93 545
93 546
93 547
93 548
93 549
93 551
93 552
93 553
93 555
93 556
93 557
93 558
93 560
93 561
93 563
93 566
93 567
93 569
93 570
93 571
93 573
93 577
93 581
93 583
93 586
93 587
93 589
93 590
93 591
93 595
93 596
93 603
93 604
93 606
93 608
93 609
93 610
93 611
93 614
93 616
93 617
93 619
93 620
93 621
93 624
93 625
93 626
93 627
93 628
93 631
93 635
93 637
93 639
93 642
93 644
93 645
93 646
93 648
93 650
93 653
93 657
93 658
93 659
93 660
93 667
93 670
93 671
93 673
93 674
93 675
93 676
93 677
93 678
93 680
93 683
93 684
93 686
93 688
93 689
93 690
93 691
93 692
93 694
93 695
93 696
93 697
93 698
93 702
93 703
93 708
93 709
93 710
93 711
93 712
93 713
93 716
93 718
93 725
93 726
93 727
93 728
93 729
93 730
93 732
93 733
93 735
93 736
93 738
93 740
93 744
93 745
93 746
93 748
93 749
93 751
93 753
93 756
93 757
93 758
93 759
93 761
93 764
93 766
93 767
93 769
93 770
93 772
93 775
93 778
93 782
93 785
93 786
93 788
93 793
93 794
93 795
93 796
93 798
93 799
93 801
93 802
93 804
93 805
93 807
93 808
93 810
93 811
93 813
93 818
93 821
93 824
93 825
93 826
93 828
93 829
93 831
93 832
93 833
93 834
93 835
93 836
93 838
93 843
93 845
93 846
93 847
93 849
93 853
93 854
93 855
93 856
93 860
93 861
93 864
93 865
93 867
93 868
93 870
93 876
93 877
93 878
93 880
93 882
93 884
93 886
93 887
93 888
93 889
93 891
93 893
93 897
93 898
93 904
93 906
93 908
93 909
93 911
93 912
93 915
93 916
93 917
93 918
93 920
93 923
93 924
93 925
93 928
93 929
93 930
93 933
93 934
93 935
93 937
93 939
93 943
93 945
93 949
93 950
93 954
93 960
93 961
93 963
93 964
93 966
93 967
93 975
93 976
93 981
93 983
93 985
93 986
93 988
93 994
93 996
93 998
93 999
94 501
94 503
94 504
94 505
94 507
94 508
94 510
94 512
94 513
94 516
94 520
94 523
94 526
94 531
94 533
94 534
94 536
94 537
94 538
94 539
94 542
94 544
94 552
94 554
94 557
94 558
94 559
94 565
94 566
94 567
94 568
94 569
94 572
94 574
94 577
94 579
94 582
94 585
94 588
94 589
94 590
94 591
94 592
94 595
94 598
94 603
94 605
94 606
94 608
94 609
94 611
94 612
94 613
94 615
94 616
94 617
94 618
94 619
94 620
94 622
94 623
94 624
94 625
94 626
94 628
94 632
94 641
94 645
94 646
94 647
94 648
94 650
94 651
94 653
94 661
94 663
94 665
94 666
94 667
94 668
94 670
94 671
94 673
94 674
94 676
94 678
94 679
94 680
94 682
94 683
94 684
94 686
94 688
94 693
94 696
94 698
94 701
94 702
94 703
94 704
94 705
94 706
94 707
94 708
94 710
94 716
94 718
94 719
94 724
94 728
94 729
94 732
94 733
94 734
94 735
94 739
94 740
94 741
94 746
94 747
94 749
94 751
94 754
94 770
94 771
94 772
94 774
94 775
94 777
94 778
94 780
94 781
94 782
94 785
94 787
94 789
94 792
94 793
94 794
94 795
94 797
94 799
94 800
94 801
94 803
94 805
94 806
94 808
94 811
94 813
94 814
94 820
94 822
94 824
94 825
94 826
94 827
94 828
94 829
94 834
94 835
94 836
94 839
94 840
94 841
94 842
94 843
94 844
94 846
94 847
94 849
94 851
94 855
94 856
94 857
94 867
94 870
94 871
94 872
94 874
94 875
94 876
94 879
94 880
94 881
94 882
94 883
94 885
94 886
94 888
94 889
94 895
94 899
94 904
94 905
94 908
94 915
94 917
94 923
94 925
94 926
94 929
94 930
94 932
94 933
94 935
94 937
94 939
94 940
94 943
94 944
94 946
94 947
94 948
94 949
94 950
94 954
94 958
94 959
94 961
94 962
94 965
94 967
94 968
94 970
94 972
94 973
94 974
94 978
94 980
94 982
94 983
94 984
94 985
94 986
94 989
94 990
94 993
94 998
94 1000
95 502
95 504
95 505
95 506
95 508
95 510
95 511
95 513
95 514
95 515
95 517
95 520
95 525
95 527
95 528
95 530
95 532
95 533
95 534
95 535
95 537
95 538
95 543
95 546
95 549
95 550
95 551
95 552
95 553
95 555
95 556
95 557
95 558
95 560
95 561
95 563
95 564
95 566
95 567
95 568
95 569
95 571
95 576
95 577
95 578
95 579
95 581
95 584
95 586
95 588
95 589
95 594
95 595
95 596
95 598
95 603
95 606
95 607
95 608
95 610
95 613
95 616
95 617
95 618
95 619
95 622
95 625
95 626
95 627
95 628
95 629
95 630
95 631
95 632
95 633
95 634
95 635
95 637
95 638
95 639
95 642
95 643
95 645
95 647
95 653
95 655
95 657
95 658
95 659
95 660
95 662
95 663
95 665
95 667
95 671
95 672
95 673
95 678
95 681
95 682
95 683
95 684
95 685
95 686
95 688
95 690
95 692
95 694
95 695
95 696
95 698
95 699
95 700
95 703
95 704
95 706
95 707
95 711
95 712
95 713
95 714
95 715
95 716
95 717
95 720
95 721
95 722
95 723
95 725
95 726
95 728
95 730
95 735
95 736
95 738
95 739
95 740
95 741
95 744
95 745
95 749
95 751
95 753
95 755
95 756
95 757
95 762
95 763
95 764
95 765
95 766
95 767
95 771
95 773
95 774
95 779
95 780
95 781
95 782
95 783
95 786
95 791
95 792
95 793
95 794
95 795
95 798
95 800
95 803
95 806
95 807
95 808
95 809
95 810
95 811
95 812
95 815
95 818
95 819
95 820
95 823
95 826
95 827
95 828
95 833
95 835
95 837
95 840
95 841
95 843
95 844
95 845
95 846
95 847
95 849
95 852
95 854
95 856
95 857
95 859
95 861
95 862
95 863
95 866
95 867
95 868
95 870
95 871
95 872
95 873
95 876
95 877
95 878
95 879
95 884
95 885
95 887
95 890
95 891
95 895
95 896
95 897
95 898
95 899
95 900
95 901
95 902
95 903
95 905
95 908
95 910
95 911
95 913
95 915
95 917
95 919
95 920
95 922
95 923
95 927
95 930
95 931
95 933
95 936
95 939
95 940
95 941
95 942
95 943
95 944
95 945
95 947
95 948
95 949
95 951
95 952
95 954
95 956
95 957
95 958
95 959
95 961
95 962
95 963
95 965
95 967
95 969
95 970
95 971
95 972
95 973
95 974
95 975
95 977
95 985
95 988
95 991
95 992
95 994
95 996
95 997
95 1000
96 501
96 504
96 507
96 508
96 513
96 515
96 517
96 518
96 519
96 521
96 522
96 523
96 524
96 525
96 526
96 528
96 531
96 534
96 535
96 539
96 541
96 542
96 543
96 544
96 545
96 553
96 554
96 555
96 556
96 559
96 561
96 562
96 564
96 565
96 567
96 570
96 571
96 572
96 578
96 579
96 580
96 581
96 585
96 588
96 589
96 591
96 596
96 597
96 601
96 602
96 603
96 604
96 605
96 607
96 608
96 609
96 613
96 614
96 619
96 621
96 622
96 625
96 627
96 630
96 631
96 635
96 636
96 642
96 643
96 644
96 647
96 648
96 649
96 652
96 660
96 661
96 662
96 663
96 667
96 668
96 671
96 674
96 677
96 678
96 680
96 682
96 683
96 684
96 685
96 686
96 687
96 689
96 693
96 694
96 697
96 701
96 705
96 713
96 715
96 718
96 721
96 723
96 724
96 726
96 729
96 730
96 731
96 734
96 735
96 736
96 740
96 741
96 743
96 744
96 746
96 747
96 748
96 749
96 750
96 753
96 755
96 760
96 761
96 762
96 763
96 764
96 765
96 766
96 772
96 773
96 777
96 778
96 782
96 783
96 786
96 787
96 788
96 789
96 790
96 791
96 792
96 794
96 795
96 797
96 798
96 799
96 800
96 801
96 802
96 806
96 814
96 817
96 818
96 819
96 822
96 823
96 825
96 827
96 828
96 829
96 832
96 833
96 834
96 835
96 836
96 837
96 838
96 839
96 840
96 841
96 842
96 845
96 846
96 848
96 849
96 852
96 854
96 855
96 858
96 860
96 862
96 863
96 865
96 868
96 869
96 871
96 875
96 876
96 877
96 878
96 879
96 880
96 881
96 882
96 883
96 884
96 888
96 889
96 890
96 894
96 895
96 898
96 899
96 900
96 901
96 904
96 907
96 908
96 909
96 911
96 913
96 915
96 916
96 917
96 921
96 923
96 926
96 927
96 928
96 929
96 933
96 934
96 935
96 936
96 938
96 940
96 941
96 945
96 946
96 950
96 951
96 954
96 956
96 958
96 960
96 961
96 967
96 969
96 971
96 972
96 975
96 976
96 977
96 982
96 987
96 990
96 991
96 994
96 996
96 998
97 501
97 502
97 503
97 505
97 506
97 507
97 508
97 510
97 511
97 513
97 518
97 519
97 520
97 521
97 522
97 523
97 524
97 526
97 529
97 531
97 532
97 533
97 534
97 535
97 536
97 537
97 538
97 539
97 540
97 541
97 544
97 545
97 546
97 549
97 551
97 553
97 557
97 558
97 561
97 562
97 564
97 566
97 567
97 570
97 573
97 575
97 578
97 582
97 584
97 589
97 590
97 593
97 594
97 595
97 597
97 600
97 601
97 603
97 605
97 610
97 611
97 612
97 614
97 615
97 616
97 618
97 619
97 620
97 625
97 630
97 631
97 635
97 636
97 638
97 642
97 644
97 645
97 646
97 647
97 649
97 650
97 653
97 654
97 655
97 656
97 657
97 661
97 665
97 671
97 672
97 675
97 677
97 682
97 688
97 689
97 690
97 692
97 695
97 698
97 699
97 702
97 703
97 704
97 705
97 706
97 708
97 720
97 722
97 723
97 724
97 729
97 730
97 736
97 739
97 743
97 744
97 746
97 748
97 749
97 751
97 752
97 753
97 758
97 760
97 761
97 762
97 763
97 766
97 768
97 769
97 772
97 773
97 775
97 776
97 781
97 783
97 786
97 788
97 789
97 790
97 791
97 792
97 794
97 795
97 796
97 800
97 801
97 802
97 804
97 807
97 809
97 810
97 812
97 813
97 816
97 817
97 818
97 822
97 823
97 825
97 826
97 831
97 833
97 836
97 839
97 841
97 843
97 844
97 849
97 851
97 852
97 856
97 859
97 861
97 865
97 866
97 870
97 872
97 873
97 882
97 885
97 886
97 889
97 890
97 891
97 892
97 896
97 897
97 899
97 900
97 904
97 905
97 906
97 909
97 910
97 911
97 912
97 913
97 917
97 919
97 921
97 925
97 934
97 935
97 936
97 937
97 938
97 939
97 940
97 941
97 942
97 944
97 945
97 946
97 947
97 949
97 951
97 952
97 953
97 954
97 957
97 958
97 959
97 961
97 962
97 965
97 966
97 969
97 973
97 975
97 977
97 978
97 984
97 986
97 988
97 990
97 992
97 994
97 995
97 996
97 997
97 998
97 999
97 1000
98 502
98 504
98 506
98 509
98 510
98 511
98 512
98 515
98 516
98 517
98 518
98 519
98 521
98 523
98 526
98 527
98 528
98 529
98 531
98 532
98 534
98 536
98 538
98 539
98 547
98 549
98 550
98 553
98 555
98 556
98 563
98 567
98 568
98 572
98 574
98 575
98 579
98 580
98 581
98 582
98 587
98 589
98 590
98 592
98 595
98 598
98 599
98 600
98 601
98 602
98 607
98 608
98 610
98 614
98 621
98 623
98 626
98 630
98 632
98 633
98 635
98 644
98 645
98 648
98 650
98 651
98 652
98 658
98 661
98 663
98 665
98 666
98 668
98 669
98 673
98 681
98 682
98 683
98 685
98 687
98 689
98 691
98 694
98 695
98 702
98 703
98 706
98 707
98 708
98 709
98 715
98 716
98 717
98 722
98 723
98 727
98 728
98 730
98 731
98 732
98 735
98 737
98 738
98 739
98 742
98 743
98 744
98 746
98 747
98 749
98 754
98 755
98 758
98 759
98 761
98 763
98 764
98 766
98 767
98 769
98 772
98 777
98 778
98 780
98 785
98 786
98 787
98 789
98 795
98 796
98 797
98 798
98 802
98 803
98 804
98 805
98 809
98 810
98 811
98 813
98 814
98 816
98 821
98 823
98 826
98 828
98 830
98 834
98 835
98 836
98 838
98 839
98 842
98 843
98 844
98 850
98 852
98 856
98 859
98 863
98 864
98 870
98 873
98 875
98 877
98 879
98 880
98 882
98 884
98 885
98 887
98 893
98 894
98 904
98 905
98 911
98 913
98 917
98 918
98 919
98 921
98 924
98 925
98 928
98 929
98 930
98 931
98 932
98 934
98 935
98 938
98 940
98 943
98 944
98 947
98 950
98 952
98 956
98 960
98 962
98 964
98 967
98 971
98 972
98 975
98 976
98 977
98 978
98 979
98 981
98 982
98 986
98 987
98 992
98 993
98 994
98 1000
99 503
99 505
99 507
99 509
99 514
99 515
99 517
99 520
99 521
99 522
99 526
99 530
99 531
99 537
99 538
99 539
99 541
99 543
99 545
99 549
99 550
99 553
99 554
99 555
99 556
99 557
99 560
99 561
99 566
99 568
99 571
99 572
99 573
99 574
99 577
99 584
99 586
99 589
99 590
99 593
99 597
99 600
99 601
99 604
99 605
99 606
99 607
99 609
99 611
99 613
99 614
99 615
99 616
99 617
99 619
99 621
99 626
99 627
99 632
99 633
99 635
99 639
99 641
99 642
99 646
99 648
99 651
99 652
99 654
99 655
99 656
99 659
99 660
99 662
99 663
99 669
99 671
99 672
99 673
99 674
99 679
99 681
99 684
99 685
99 686
99 688
99 691
99 692
99 694
99 695
99 698
99 699
99 706
99 709
99 712
99 714
99 716
99 718
99 722
99 723
99 724
99 725
99 728
99 729
99 730
99 733
99 734
99 735
99 737
99 738
99 740
99 741
99 743
99 746
99 747
99 748
99 750
99 751
99 752
99 753
99 754
99 755
99 756
99 757
99 758
99 760
99 761
99 762
99 766
99 768
99 769
99 770
99 772
99 778
99 779
99 780
99 784
99 786
99 787
99 788
99 791
99 792
99 794
99 795
99 796
99 797
99 802
99 803
99 808
99 809
99 811
99 812
99 813
99 816
99 817
99 819
99 820
99 824
99 828
99 829
99 830
99 831
99 832
99 833
99 834
99 836
99 837
99 838
99 845
99 847
99 848
99 849
99 850
99 852
99 853
99 854
99 865
99 866
99 869
99 871
99 873
99 876
99 877
99 883
99 887
99 889
99 892
99 893
99 894
99 895
99 896
99 897
99 902
99 904
99 905
99 906
99 907
99 908
99 909
99 911
99 912
99 915
99 918
99 921
99 924
99 925
99 926
99 927
99 929
99 931
99 932
99 933
99 943
99 944
99 948
99 949
99 950
99 951
99 952
99 954
99 956
99 958
99 963
99 964
99 968
99 970
99 974
99 975
99 977
99 978
99 979
99 981
99 991
99 992
99 994
99 995
99 996
99 999
100 501
100 506
100 507
100 508
100 509
100 510
100 511
100 513
100 515
100 516
100 517
100 520
100 523
100 525
100 528
100 529
100 531
100 532
100 533
100 536
100 537
100 539
100 540
100 541
100 542
100 543
100 545
100 546
100 547
100 548
100 549
100 550
100 551
100 552
100 553
100 555
100 556
100 559
100 563
100 564
100 566
100 567
100 568
100 573
100 575
100 577
100 579
100 580
100 581
100 582
100 585
100 587
100 588
100 589
100 590
100 592
100 597
100 598
100 599
100 601
100 602
100 603
100 604
100 606
100 609
100 612
100 617
100 618
100 619
100 623
100 624
100 626
100 627
100 629
100 630
100 631
100 632
100 633
100 641
100 643
100 644
100 647
100 648
100 649
100 650
100 651
100 655
100 656
100 658
100 660
100 662
100 663
100 666
100 668
100 672
100 673
100 677
100 678
100 685
100 689
100 690
100 691
100 692
100 693
100 694
100 696
100 701
100 703
100 705
100 707
100 708
100 709
100 713
100 717
100 718
100 719
100 721
100 724
100 725
100 728
100 730
100 731
100 732
100 733
100 734
100 736
100 737
100 739
100 742
100 745
100 746
100 749
100 751
100 755
100 757
100 758
100 759
100 761
100 762
100 764
100 765
100 766
100 767
100 769
100 770
100 771
100 774
100 776
100 779
100 780
100 781
100 782
100 783
100 784
100 785
100 787
100 788
100 789
100 792
100 794
100 795
100 796
100 797
100 805
100 807
100 808
100 810
100 811
100 812
100 815
100 816
100 818
100 819
100 822
100 826
100 828
100 831
100 834
100 835
100 839
100 840
100 843
100 849
100 850
100 858
100 859
100 861
100 863
100 871
100 873
100 874
100 876
100 877
100 879
100 880
100 881
100 882
100 884
100 886
100 887
100 889
100 890
100 893
100 897
100 899
100 900
100 901
100 902
100 905
100 911
100 912
100 913
100 914
100 917
100 918
100 920
100 921
100 924
100 925
100 927
100 928
100 930
100 932
100 933
100 934
100 935
100 936
100 938
100 939
100 943
100 947
100 948
100 950
100 951
100 953
100 954
100 955
100 957
100 959
100 964
100 972
100 977
100 980
100 981
100 982
100 984
100 985
100 986
100 991
100 992
100 994
100 995
100 997
101 502
101 507
101 508
101 511
101 512
101 517
101 519
101 520
101 522
101 523
101 525
101 526
101 531
101 534
101 540
101 541
101 543
101 545
101 547
101 550
101 551
101 552
101 553
101 556
101 557
101 559
101 563
101 566
101 568
101 570
101 571
101 574
101 575
101 576
101 577
101 583
101 584
101 585
101 587
101 589
101 591
101 592
101 593
101 595
101 600
101 601
101 603
101 607
101 608
101 611
101 613
101 615
101 616
101 617
101 621
101 626
101 629
101 631
101 632
101 637
101 638
101 639
101 640
101 647
101 648
101 650
101 651
101 652
101 653
101 654
101 655
101 656
101 657
101 658
101 659
101 660
101 665
101 667
101 669
101 672
101 674
101 675
101 678
101 679
101 681
101 683
101 684
101 687
101 689
101 690
101 693
101 695
101 697
101 699
101 703
101 706
101 709
101 710
101 711
101 712
101 715
101 716
101 724
101 725
101 726
101 730
101 731
101 734
101 735
101 736
101 737
101 740
101 741
101 742
101 745
101 747
101 748
101 749
101 751
101 755
101 756
101 758
101 759
101 760
101 761
101 762
101 766
101 767
101 768
101 769
101 770
101 772
101 774
101 775
101 776
101 778
101 779
101 781
101 785
101 786
101 787
101 788
101 789
101 791
101 793
101 794
101 795
101 797
101 798
101 800
101 801
101 803
101 804
101 805
101 806
101 807
101 808
101 811
101 812
101 813
101 816
101 818
101 819
101 822
101 823
101 825
101 827
101 828
101 831
101 833
101 834
101 837
101 838
101 840
101 844
101 847
101 848
101 849
101 851
101 852
101 853
101 854
101 855
101 856
101 857
101 861
101 862
101 864
101 867
101 869
101 872
101 875
101 876
101 881
101 883
101 886
101 887
101 890
101 891
101 892
101 893
101 895
101 897
101 903
101 904
101 905
101 913
101 915
101 918
101 920
101 922
101 924
101 925
101 928
101 930
101 931
101 933
101 934
101 936
101 937
101 938
101 941
101 945
101 948
101 950
101 951
101 952
101 956
101 957
101 959
101 960
101 962
101 963
101 964
101 965
101 968
101 969
101 971
101 973
101 976
101 977
101 978
101 979
101 983
101 984
101 985
101 988
101 989
101 990
101 992
101 993
101 996
101 999
102 501
102 505
102 506
102 508
102 509
102 511
102 513
102 514
102 515
102 518
102 519
102 520
102 521
102 525
102 532
102 533
102 535
102 536
102 537
102 538
102 539
102 540
102 546
102 547
102 549
102 550
102 551
102 555
102 556
102 558
102 560
102 561
102 562
102 563
102 564
102 567
102 568
102 569
102 572
102 573
102 575
102 578
102 581
102 582
102 584
102 586
102 588
102 589
102 590
102 591
102 592
102 593
102 595
102 600
102 601
102 602
102 603
102 604
102 605
102 609
102 610
102 612
102 613
102 618
102 620
102 622
102 623
102 624
102 627
102 633
102 635
102 639
102 640
102 641
102 642
102 643
102 646
102 647
102 649
102 653
102 654
102 655
102 657
102 660
102 664
102 665
102 668
102 669
102 670
102 671
102 672
102 673
102 674
102 675
102 676
102 678
102 680
102 682
102 683
102 687
102 688
102 689
102 691
102 692
102 693
102 694
102 695
102 697
102 698
102 699
102 700
102 702
102 705
102 706
102 710
102 712
102 713
102 714
102 715
102 716
102 717
102 721
102 722
102 723
102 725
102 727
102 732
102 734
102 736
102 740
102 742
102 744
102 745
102 750
102 753
102 755
102 759
102 761
102 762
102 763
102 764
102 765
102 767
102 768
102 771
102 776
102 777
102 778
102 779
102 782
102 786
102 787
102 788
102 791
102 793
102 796
102 797
102 799
102 802
102 807
102 809
102 814
102 817
102 823
102 826
102 828
102 830
102 833
102 834
102 838
102 839
102 840
102 842
102 844
102 845
102 849
102 850
102 853
102 854
102 856
102 860
102 862
102 864
102 865
102 867
102 869
102 871
102 872
102 878
102 879
102 880
102 881
102 883
102 884
102 885
102 887
102 890
102 891
102 893
102 894
102 896
102 897
102 899
102 901
102 904
102 908
102 909
102 911
102 912
102 913
102 914
102 916
102 919
102 920
102 924
102 925
102 926
102 928
102 930
102 934
102 936
102 937
102 938
102 943
102 944
102 945
102 946
102 947
102 949
102 953
102 955
102 958
102 959
102 960
102 961
102 966
102 967
102 968
102 969
102 970
102 973
102 977
102 978
102 980
102 983
102 986
102 989
102 995
102 997
102 1000
103 501
103 502
103 504
103 506
103 507
103 508
103 509
103 514
103 515
103 516
103 517
103 518
103 519
103 520
103 521
103 524
103 526
103 529
103 531
103 533
103 535
103 536
103 538
103 542
103 547
103 548
103 551
103 553
103 554
103 555
103 557
103 558
103 559
103 560
103 561
103 566
103 567
103 568
103 572
103 573
103 574
103 575
103 576
103 577
103 580
103 582
103 584
103 585
103 586
103 587
103 589
103 590
103 591
103 593
103 596
103 597
103 600
103 601
103 602
103 604
103 605
103 606
103 608
103 610
103 612
103 616
103 617
103 619
103 620
103 621
103 622
103 624
103 626
103 627
103 630
103 631
103 632
103 633
103 636
103 638
103 641
103 644
103 647
103 649
103 650
103 651
103 657
103 659
103 662
103 663
103 666
103 667
103 672
103 675
103 676
103 677
103 682
103 684
103 685
103 686
103 691
103 692
103 693
103 696
103 697
103 698
103 699
103 700
103 702
103 707
103 708
103 709
103 711
103 712
103 721
103 724
103 728
103 729
103 730
103 732
103 734
103 735
103 737
103 738
103 741
103 744
103 746
103 748
103 751
103 752
103 754
103 755
103 756
103 761
103 763
103 764
103 767
103 769
103 772
103 774
103 775
103 780
103 781
103 784
103 785
103 789
103 790
103 791
103 792
103 794
103 795
103 797
103 798
103 806
103 807
103 808
103 809
103 810
103 812
103 813
103 815
103 816
103 819
103 820
103 823
103 824
103 825
103 826
103 828
103 829
103 832
103 833
103 836
103 838
103 839
103 841
103 842
103 843
103 848
103 851
103 854
103 855
103 861
103 865
103 873
103 874
103 876
103 877
103 878
103 879
103 882
103 883
103 885
103 886
103 891
103 895
103 896
103 898
103 900
103 902
103 906
103 908
103 914
103 915
103 926
103 929
103 930
103 931
103 932
103 934
103 936
103 937
103 938
103 941
103 947
103 948
103 950
103 951
103 956
103 959
103 966
103 969
103 970
103 971
103 972
103 978
103 979
103 980
103 981
103 982
103 983
103 985
103 989
103 990
103 992
103 993
103 994
103 996
103 997
103 999
104 501
104 504
104 505
104 506
104 507
104 508
104 510
104 513
104 515
104 516
104 523
104 524
104 525
104 527
104 528
104 529
104 532
104 534
104 536
104 537
104 538
104 541
104 543
104 546
104 548
104 549
104 550
104 551
104 552
104 553
104 555
104 556
104 558
104 560
104 561
104 563
104 564
104 565
104 570
104 571
104 572
104 573
104 576
104 578
104 582
104 584
104 585
104 586
104 591
104 592
104 593
104 594
104 596
104 597
104 600
104 602
104 604
104 606
104 608
104 611
104 612
104 613
104 614
104 615
104 620
104 621
104 624
104 625
104 630
104 631
104 633
104 634
104 635
104 639
104 640
104 642
104 645
104 646
104 648
104 649
104 650
104 651
104 652
104 656
104 657
104 658
104 659
104 660
104 663
104 665
104 667
104 669
104 671
104 672
104 673
104 679
104 681
104 685
104 686
104 687
104 688
104 689
104 690
104 697
104 698
104 699
104 700
104 701
104 703
104 704
104 713
104 714
104 716
104 719
104 721
104 722
104 724
104 725
104 727
104 728
104 730
104 738
104 740
104 743
104 747
104 748
104 749
104 751
104 752
104 753
104 754
104 755
104 756
104 757
104 758
104 759
104 760
104 761
104 762
104 763
104 766
104 769
104 770
104 773
104 780
104 785
104 786
104 787
104 790
104 791
104 795
104 797
104 800
104 801
104 802
104 805
104 809
104 810
104 811
104 812
104 813
104 815
104 816
104 817
104 819
104 820
104 821
104 822
104 823
104 824
104 828
104 829
104 832
104 836
104 837
104 839
104 843
104 845
104 848
104 850
104 851
104 856
104 857
104 859
104 863
104 864
104 866
104 868
104 870
104 871
104 872
104 873
104 875
104 876
104 877
104 878
104 879
104 880
104 883
104 884
104 892
104 893
104 894
104 896
104 898
104 899
104 900
104 901
104 902
104 903
104 905
104 908
104 910
104 912
104 913
104 914
104 916
104 917
104 919
104 920
104 921
104 925
104 926
104 927
104 929
104 930
104 932
104 935
104 936
104 937
104 940
104 941
104 942
104 944
104 945
104 947
104 948
104 949
104 950
104 951
104 952
104 954
104 955
104 960
104 963
104 965
104 967
104 968
104 970
104 971
104 972
104 973
104 974
104 978
104 979
104 981
104 984
104 985
104 987
104 988
104 992
104 993
104 995
104 998
105 502
105 504
105 505
105 507
105 510
105 511
105 512
105 513
105 515
105 522
105 524
105 526
105 527
105 528
105 529
105 530
105 532
105 534
105 535
105 537
105 539
105 540
105 541
105 543
105 547
105 548
105 550
105 552
105 556
105 557
105 558
105 560
105 561
105 565
105 569
105 570
105 571
105 572
105 574
105 575
105 577
105 578
105 579
105 580
105 581
105 582
105 585
105 586
105 590
105 593
105 594
105 596
105 603
105 604
105 609
105 610
105 612
105 614
105 615
105 618
105 623
105 624
105 629
105 630
105 631
105 632
105 634
105 635
105 651
105 654
105 655
105 656
105 658
105 661
105 662
105 664
105 665
105 666
105 669
105 672
105 673
105 676
105 677
105 678
105 679
105 682
105 687
105 690
105 692
105 693
105 695
105 700
105 705
105 706
105 707
105 708
105 712
105 715
105 716
105 717
105 718
105 721
105 724
105 726
105 727
105 730
105 731
105 733
105 734
105 735
105 736
105 738
105 743
105 744
105 746
105 748
105 749
105 752
105 754
105 755
105 756
105 758
105 759
105 763
105 765
105 766
105 771
105 774
105 776
105 777
105 783
105 785
105 786
105 787
105 788
105 790
105 792
105 796
105 798
105 799
105 804
105 805
105 806
105 808
105 809
105 810
105 811
105 812
105 813
105 820
105 822
105 823
105 828
105 829
105 830
105 833
105 835
105 836
105 837
105 839
105 840
105 841
105 844
105 845
105 846
105 855
105 856
105 860
105 863
105 864
105 865
105 866
105 867
105 868
105 872
105 873
105 874
105 875
105 876
105 877
105 878
105 879
105 882
105 883
105 885
105 888
105 889
105 891
105 892
105 897
105 898
105 899
105 902
105 906
105 908
105 913
105 914
105 915
105 916
105 918
105 919
105 921
105 922
105 925
105 928
105 933
105 934
105 935
105 936
105 937
105 939
105 940
105 941
105 942
105 945
105 947
105 950
105 954
105 955
105 956
105 961
105 962
105 963
105 968
105 969
105 972
105 974
105 975
105 976
105 977
105 978
105 983
105 984
105 988
105 990
105 992
105 993
105 996
105 997
105 998
105 999
105 1000
106 503
106 505
106 507
106 512
106 514
106 517
106 519
106 520
106 521
106 524
106 525
106 528
106 530
106 536
106 537
106 538
106 540
106 541
106 542
106 543
106 545
106 546
106 550
106 551
106 553
106 554
106 555
106 556
106 558
106 560
106 561
106 564
106 566
106 568
106 569
106 571
106 573
106 574
106 577
106 578
106 579
106 581
106 582
106 583
106 584
106 586
106 589
106 591
106 592
106 593
106 594
106 598
106 599
106 602
106 604
106 605
106 606
106 607
106 609
106 610
106 612
106 613
106 614
106 616
106 617
106 622
106 624
106 625
106 626
106 630
106 632
106 633
106 635
106 637
106 638
106 639
106 642
106 644
106 645
106 647
106 648
106 649
106 652
106 654
106 655
106 656
106 657
106 661
106 663
106 664
106 667
106 668
106 669
106 670
106 671
106 672
106 674
106 676
106 677
106 680
106 681
106 682
106 684
106 687
106 691
106 692
106 693
106 694
106 695
106 697
106 698
106 700
106 702
106 703
106 705
106 708
106 712
106 713
106 714
106 715
106 716
106 718
106 719
106 721
106 722
106 723
106 724
106 728
106 730
106 736
106 737
106 738
106 739
106 741
106 742
106 743
106 744
106 747
106 748
106 749
106 751
106 752
106 753
106 754
106 755
106 757
106 758
106 762
106 763
106 765
106 766
106 767
106 770
106 771
106 774
106 776
106 781
106 784
106 785
106 786
106 787
106 788
106 790
106 792
106 793
106 794
106 798
106 800
106 802
106 806
106 807
106 814
106 815
106 816
106 819
106 824
106 826
106 829
106 830
106 831
106 832
106 834
106 835
106 841
106 843
106 847
106 848
106 851
106 853
106 855
106 858
106 860
106 861
106 862
106 863
106 865
106 867
106 869
106 870
106 871
106 873
106 876
106 877
106 879
106 880
106 882
106 883
106 884
106 885
106 886
106 890
106 891
106 893
106 895
106 897
106 898
106 900
106 901
106 902
106 903
106 906
106 907
106 909
106 910
106 915
106 916
106 917
106 919
106 921
106 922
106 924
106 925
106 929
106 930
106 931
106 932
106 934
106 938
106 941
106 943
106 944
106 945
106 947
106 950
106 953
106 954
106 957
106 958
106 959
106 962
106 967
106 968
106 971
106 975
106 976
106 977
106 978
106 985
106 986
106 987
106 988
106 992
106 993
106 995
106 997
106 1000
107 501
107 503
107 507
107 508
107 510
107 511
107 513
107 517
107 521
107 523
107 524
107 525
107 526
107 530
107 531
107 533
107 535
107 540
107 541
107 542
107 545
107 547
107 548
107 549
107 550
107 551
107 552
107 553
107 554
107 555
107 560
107 562
107 566
107 567
107 569
107 570
107 571
107 573
107 575
107 577
107 581
107 582
107 583
107 584
107 585
107 589
107 595
107 599
107 600
107 601
107 604
107 608
107 609
107 610
107 612
107 615
107 616
107 617
107 618
107 619
107 621
107 623
107 624
107 626
107 627
107 629
107 635
107 636
107 646
107 647
107 649
107 651
107 653
107 654
107 657
107 658
107 659
107 661
107 662
107 667
107 669
107 675
107 677
107 682
107 684
107 687
107 688
107 692
107 693
107 697
107 698
107 704
107 705
107 706
107 709
107 714
107 718
107 719
107 721
107 722
107 723
107 724
107 726
107 727
107 728
107 730
107 731
107 733
107 735
107 736
107 737
107 738
107 740
107 741
107 743
107 744
107 746
107 747
107 748
107 749
107 750
107 752
107 755
107 758
107 759
107 760
107 761
107 762
107 763
107 764
107 765
107 766
107 767
107 770
107 772
107 773
107 774
107 775
107 778
107 779
107 783
107 784
107 786
107 788
107 790
107 794
107 795
107 797
107 798
107 802
107 806
107 808
107 810
107 814
107 815
107 816
107 822
107 823
107 824
107 828
107 830
107 834
107 837
107 839
107 840
107 843
107 844
107 847
107 849
107 850
107 854
107 858
107 860
107 862
107 864
107 866
107 870
107 871
107 875
107 877
107 880
107 884
107 886
107 887
107 888
107 890
107 893
107 897
107 898
107 904
107 905
107 909
107 911
107 914
107 915
107 920
107 921
107 923
107 924
107 926
107 929
107 931
107 932
107 934
107 936
107 940
107 941
107 945
107 946
107 947
107 954
107 955
107 957
107 962
107 964
107 965
107 969
107 971
107 972
107 979
107 980
107 983
107 986
107 987
107 988
107 991
107 992
107 993
107 994
107 996
107 999
107 1000
108 502
108 503
108 505
108 506
108 510
108 512
108 513
108 516
108 517
108 518
108 521
108 525
108 526
108 530
108 532
108 534
108 535
108 536
108 537
108 538
108 542
108 544
108 547
108 549
108 550
108 553
108 554
108 561
108 564
108 565
108 566
108 570
108 573
108 574
108 577
108 578
108 582
108 583
108 584
108 585
108 587
108 588
108 594
108 595
108 596
108 597
108 598
108 601
108 602
108 605
108 607
108 608
108 610
108 613
108 616
108 618
108 619
108 620
108 621
108 623
108 624
108 627
108 630
108 634
108 636
108 637
108 638
108 642
108 644
108 645
108 649
108 651
108 652
108 653
108 656
108 657
108 659
108 661
108 664
108 665
108 666
108 671
108 673
108 674
108 676
108 677
108 678
108 679
108 680
108 681
108 682
108 684
108 685
108 686
108 688
108 694
108 697
108 700
108 703
108 704
108 705
108 706
108 709
108 712
108 713
108 715
108 716
108 717
108 719
108 720
108 722
108 726
108 729
108 732
108 735
108 736
108 737
108 739
108 740
108 742
108 743
108 746
108 748
108 750
108 751
108 753
108 755
108 756
108 757
108 759
108 762
108 763
108 767
108 770
108 772
108 774
108 775
108 777
108 778
108 779
108 780
108 781
108 784
108 785
108 786
108 788
108 792
108 794
108 795
108 797
108 799
108 800
108 801
108 803
108 804
108 808
108 810
108 811
108 813
108 822
108 824
108 826
108 830
108 831
108 832
108 838
108 839
108 842
108 845
108 846
108 847
108 848
108 850
108 852
108 855
108 856
108 858
108 860
108 861
108 862
108 867
108 868
108 869
108 874
108 875
108 877
108 879
108 884
108 889
108 891
108 892
108 893
108 894
108 895
108 898
108 899
108 903
108 909
108 910
108 912
108 913
108 915
108 919
108 923
108 924
108 925
108 928
108 929
108 930
108 931
108 934
108 939
108 941
108 942
108 943
108 946
108 948
108 950
108 953
108 954
108 955
108 959
108 960
108 962
108 964
108 965
108 966
108 969
108 970
108 972
108 974
108 975
108 977
108 978
108 980
108 981
108 982
108 983
108 986
108 989
108 990
108 993
108 996
108 997
108 998
108 999
108 1000
109 503
109 505
109 506
109 507
109 509
109 510
109 511
109 512
109 513
109 515
109 518
109 521
109 523
109 524
109 527
109 528
109 529
109 530
109 531
109 532
109 533
109 537
109 540
109 541
109 544
109 545
109 546
109 547
109 549
109 550
109 552
109 558
109 559
109 560
109 561
109 562
109 565
109 566
109 567
109 571
109 572
109 573
109 575
109 578
109 579
109 580
109 584
109 587
109 589
109 593
109 597
109 598
109 600
109 606
109 607
109 609
109 610
109 612
109 614
109 615
109 616
109 618
109 620
109 624
109 627
109 628
109 629
109 632
109 633
109 634
109 635
109 636
109 639
109 641
109 642
109 643
109 644
109 645
109 646
109 647
109 648
109 653
109 656
109 657
109 660
109 663
109 665
109 666
109 667
109 668
109 669
109 670
109 671
109 673
109 674
109 675
109 676
109 678
109 680
109 681
109 684
109 688
109 689
109 692
109 693
109 694
109 698
109 699
109 701
109 702
109 703
109 704
109 705
109 706
109 710
109 711
109 712
109 714
109 715
109 717
109 718
109 719
109 722
109 723
109 724
109 725
109 727
109 729
109 731
109 733
109 734
109 737
109 740
109 741
109 744
109 745
109 747
109 750
109 751
109 752
109 753
109 754
109 758
109 759
109 762
109 763
109 764
109 766
109 767
109 768
109 770
109 771
109 775
109 776
109 777
109 781
109 782
109 784
109 786
109 788
109 789
109 791
109 792
109 796
109 799
109 801
109 802
109 804
109 805
109 806
109 817
109 823
109 825
109 827
109 828
109 834
109 836
109 837
109 838
109 839
109 840
109 841
109 844
109 847
109 848
109 850
109 851
109 852
109 854
109 855
109 857
109 858
109 863
109 864
109 865
109 866
109 868
109 869
109 871
109 872
109 873
109 876
109 877
109 878
109 879
109 881
109 883
109 887
109 888
109 889
109 890
109 891
109 892
109 895
109 897
109 898
109 899
109 900
109 902
109 903
109 907
109 909
109 911
109 912
109 916
109 917
109 918
109 919
109 921
109 925
109 927
109 928
109 929
109 931
109 932
109 934
109 935
109 936
109 937
109 940
109 941
109 942
109 944
109 946
109 947
109 948
109 955
109 956
109 959
109 962
109 965
109 966
109 969
109 970
109 971
109 972
109 973
109 974
109 975
109 979
109 981
109 986
109 987
109 988
109 990
109 992
109 994
109 995
109 997
109 1000
110 506
110 510
110 511
110 513
110 514
110 516
110 518
110 520
110 522
110 527
110 528
110 529
110 530
110 531
110 532
110 533
110 537
110 538
110 539
110 541
110 542
110 544
110 545
110 546
110 547
110 548
110 553
110 554
110 556
110 558
110 560
110 563
110 566
110 568
110 571
110 572
110 573
110 575
110 576
110 578
110 584
110 586
110 587
110 589
110 594
110 597
110 599
110 600
110 602
110 603
110 604
110 608
110 613
110 615
110 616
110 617
110 619
110 620
110 621
110 623
110 626
110 627
110 630
110 631
110 632
110 634
110 635
110 636
110 637
110 638
110 639
110 642
110 645
110 651
110 654
110 655
110 656
110 668
110 669
110 670
110 674
110 677
110 680
110 681
110 682
110 686
110 687
110 689
110 691
110 692
110 693
110 694
110 695
110 699
110 700
110 701
110 703
110 704
110 705
110 708
110 712
110 713
110 714
110 715
110 716
110 717
110 718
110 720
110 722
110 724
110 725
110 726
110 728
110 730
110 731
110 733
110 734
110 735
110 737
110 740
110 743
110 745
110 746
110 747
110 748
110 751
110 752
110 754
110 756
110 758
110 760
110 763
110 764
110 766
110 768
110 770
110 771
110 772
110 775
110 780
110 782
110 783
110 785
110 788
110 789
110 790
110 795
110 796
110 798
110 800
110 801
110 802
110 804
110 809
110 811
110 813
110 814
110 815
110 816
110 818
110 819
110 824
110 825
110 829
110 831
110 832
110 833
110 834
110 836
110 837
110 838
110 840
110 845
110 849
110 851
110 853
110 854
110 856
110 858
110 859
110 860
110 862
110 864
110 867
110 870
110 872
110 877
110 880
110 882
110 883
110 884
110 885
110 887
110 888
110 892
110 893
110 894
110 896
110 897
110 900
110 901
110 904
110 908
110 911
110 913
110 914
110 916
110 917
110 918
110 920
110 921
110 922
110 923
110 930
110 932
110 935
110 936
110 937
110 939
110 940
110 941
110 944
110 946
110 948
110 949
110 950
110 954
110 955
110 965
110 966
110 968
110 969
110 971
110 972
110 973
110 974
110 975
110 978
110 979
110 980
110 982
110 983
110 985
110 988
110 990
110 991
110 995
110 996
110 997
110 998
110 999
111 504
111 507
111 510
111 511
111 512
111 513
111 514
111 515
111 520
111 521
111 522
111 524
111 525
111 526
111 527
111 529
111 531
111 532
111 533
111 534
111 537
111 538
111 540
111 543
111 544
111 547
111 548
111 550
111 552
111 553
111 555
111 557
111 560
111 562
111 564
111 566
111 567
111 568
111 569
111 573
111 574
111 576
111 577
111 579
111 580
111 581
111 582
111 583
111 585
111 586
111 588
111 589
111 591
111 592
111 593
111 595
111 596
111 597
111 598
111 599
111 600
111 601
111 603
111 605
111 606
111 607
111 609
111 610
111 614
111 616
111 618
111 620
111 622
111 623
111 626
111 629
111 630
111 631
111 633
111 635
111 638
111 639
111 640
111 642
111 644
111 645
111 646
111 647
111 648
111 651
111 652
111 654
111 655
111 656
111 661
111 662
111 663
111 664
111 665
111 667
111 668
111 671
111 672
111 673
111 677
111 679
111 684
111 687
111 688
111 689
111 691
111 692
111 693
111 695
111 696
111 697
111 699
111 700
111 703
111 704
111 706
111 712
111 716
111 719
111 721
111 724
111 725
111 727
111 728
111 729
111 730
111 731
111 732
111 733
111 735
111 737
111 738
111 740
111 742
111 743
111 745
111 750
111 751
111 753
111 758
111 759
111 760
111 761
111 765
111 766
111 768
111 769
111 772
111 778
111 779
111 781
111 782
111 784
111 785
111 786
111 790
111 792
111 793
111 797
111 800
111 801
111 802
111 803
111 806
111 810
111 815
111 817
111 819
111 820
111 822
111 823
111 824
111 829
111 833
111 835
111 836
111 838
111 839
111 842
111 844
111 846
111 847
111 850
111 854
111 856
111 858
111 859
111 863
111 865
111 867
111 871
111 872
111 873
111 874
111 875
111 876
111 879
111 880
111 882
111 884
111 885
111 886
111 887
111 889
111 894
111 898
111 899
111 901
111 902
111 903
111 905
111 910
111 911
111 915
111 918
111 921
111 922
111 923
111 924
111 926
111 928
111 929
111 930
111 938
111 939
111 940
111 942
111 943
111 945
111 948
111 950
111 959
111 960
111 961
111 962
111 965
111 967
111 968
111 972
111 974
111 975
111 977
111 982
111 986
111 987
111 989
111 990
111 991
111 992
111 995
111 996
111 998
111 999
111 1000
112 502
112 503
112 505
112 506
112 510
112 511
112 512
112 516
112 517
112 520
112 522
112 523
112 525
112 526
112 528
112 531
112 532
112 533
112 534
112 535
112 538
112 540
112 544
112 545
112 549
112 553
112 555
112 556
112 557
112 560
112 561
112 564
112 566
112 568
112 569
112 570
112 573
112 576
112 578
112 581
112 582
112 584
112 586
112 587
112 590
112 592
112 593
112 595
112 596
112 597
112 598
112 600
112 602
112 604
112 605
112 609
112 611
112 615
112 616
112 617
112 618
112 619
112 620
112 625
112 626
112 630
112 632
112 633
112 634
112 635
112 637
112 640
112 641
112 643
112 645
112 647
112 648
112 651
112 655
112 657
112 664
112 665
112 670
112 674
112 675
112 676
112 678
112 679
112 680
112 682
112 683
112 686
112 687
112 690
112 692
112 694
112 695
112 696
112 697
112 701
112 702
112 708
112 709
112 710
112 711
112 712
112 719
112 720
112 721
112 722
112 723
112 724
112 725
112 728
112 730
112 732
112 734
112 735
112 736
112 737
112 739
112 740
112 741
112 743
112 744
112 746
112 748
112 749
112 750
112 752
112 755
112 758
112 760
112 761
112 764
112 765
112 769
112 770
112 773
112 776
112 777
112 778
112 779
112 780
112 781
112 785
112 786
112 787
112 790
112 793
112 795
112 797
112 800
112 803
112 805
112 807
112 808
112 809
112 810
112 811
112 812
112 813
112 814
112 817
112 820
112 821
112 822
112 823
112 824
112 825
112 826
112 828
112 831
112 833
112 837
112 838
112 839
112 841
112 842
112 843
112 844
112 847
112 848
112 849
112 851
112 852
112 854
112 856
112 858
112 859
112 862
112 863
112 864
112 867
112 868
112 870
112 871
112 873
112 874
112 876
112 880
112 881
112 883
112 884
112 885
112 888
112 889
112 892
112 893
112 895
112 898
112 900
112 902
112 904
112 906
112 909
112 910
112 911
112 912
112 914
112 915
112 916
112 917
112 918
112 919
112 920
112 921
112 926
112 928
112 930
112 932
112 933
112 934
112 935
112 936
112 938
112 939
112 940
112 941
112 942
112 944
112 945
112 947
112 950
112 951
112 952
112 959
112 964
112 966
112 967
112 971
112 972
112 976
112 979
112 981
112 984
112 985
112 986
112 989
112 990
112 991
112 992
112 995
112 997
112 998
112 1000
113 501
113 502
113 511
113 512
113 514
113 515
113 516
113 518
113 519
113 521
113 522
113 523
113 524
113 525
113 527
113 530
113 533
113 536
113 538
113 540
113 541
113 546
113 547
113 549
113 551
113 554
113 556
113 560
113 561
113 564
113 566
113 567
113 570
113 571
113 572
113 573
113 574
113 575
113 576
113 581
113 583
113 584
113 587
113 588
113 590
113 591
113 592
113 593
113 599
113 604
113 609
113 610
113 612
113 613
113 614
113 615
113 617
113 618
113 619
113 625
113 627
113 630
113 633
113 634
113 637
113 639
113 640
113 641
113 643
113 647
113 649
113 650
113 651
113 652
113 653
113 655
113 656
113 657
113 662
113 664
113 670
113 671
113 676
113 679
113 682
113 686
113 687
113 688
113 689
113 690
113 691
113 693
113 695
113 696
113 697
113 701
113 702
113 703
113 704
113 705
113 706
113 708
113 712
113 714
113 717
113 718
113 719
113 720
113 722
113 723
113 724
113 725
113 732
113 735
113 736
113 737
113 739
113 745
113 746
113 750
113 752
113 753
113 754
113 757
113 758
113 761
113 762
113 764
113 766
113 767
113 771
113 775
113 778
113 780
113 781
113 782
113 784
113 785
113 786
113 788
113 790
113 791
113 795
113 798
113 800
113 802
113 803
113 804
113 807
113 810
113 811
113 814
113 815
113 816
113 819
113 823
113 824
113 825
113 827
113 828
113 829
113 830
113 833
113 834
113 836
113 837
113 838
113 840
113 843
113 845
113 849
113 850
113 851
113 852
113 853
113 857
113 861
113 862
113 864
113 865
113 866
113 867
113 871
113 873
113 875
113 877
113 878
113 879
113 883
113 884
113 885
113 886
113 887
113 888
113 889
113 891
113 892
113 894
113 895
113 896
113 897
113 898
113 900
113 902
113 903
113 905
113 906
113 907
113 910
113 912
113 913
113 915
113 918
113 920
113 921
113 923
113 924
113 926
113 927
113 928
113 929
113 930
113 931
113 932
113 934
113 938
113 939
113 940
113 941
113 942
113 943
113 944
113 947
113 949
113 950
113 954
113 955
113 957
113 960
113 963
113 966
113 968
113 969
113 970
113 971
113 973
113 974
113 975
113 977
113 978
113 979
113 982
113 983
113 985
113 987
113 989
113 992
113 993
113 994
113 997
113 1000
114 502
114 503
114 504
114 509
114 510
114 514
114 515
114 517
114 520
114 524
114 525
114 527
114 529
114 531
114 532
114 533
114 536
114 541
114 542
114 543
114 544
114 546
114 548
114 549
114 550
114 553
114 556
114 557
114 558
114 560
114 561
114 565
114 566
114 568
114 569
114 573
114 574
114 575
114 577
114 579
114 580
114 581
114 584
114 585
114 588
114 589
114 590
114 592
114 593
114 594
114 598
114 600
114 602
114 603
114 608
114 609
114 611
114 612
114 615
114 616
114 617
114 619
114 620
114 622
114 625
114 628
114 633
114 635
114 643
114 645
114 649
114 652
114 655
114 656
114 657
114 658
114 666
114 667
114 668
114 669
114 671
114 673
114 676
114 677
114 678
114 679
114 680
114 685
114 687
114 689
114 690
114 691
114 692
114 693
114 695
114 696
114 701
114 705
114 706
114 707
114 708
114 709
114 711
114 712
114 713
114 715
114 716
114 718
114 721
114 724
114 727
114 729
114 730
114 733
114 736
114 738
114 741
114 742
114 743
114 744
114 745
114 747
114 750
114 752
114 754
114 756
114 760
114 762
114 763
114 764
114 765
114 766
114 768
114 769
114 770
114 771
114 773
114 774
114 776
114 778
114 782
114 783
114 784
114 788
114 792
114 795
114 796
114 797
114 798
114 803
114 805
114 809
114 812
114 816
114 817
114 822
114 824
114 825
114 826
114 827
114 829
114 830
114 831
114 832
114 833
114 836
114 838
114 839
114 840
114 842
114 843
114 845
114 846
114 847
114 848
114 850
114 855
114 856
114 857
114 858
114 860
114 861
114 867
114 868
114 869
114 870
114 871
114 872
114 873
114 876
114 878
114 881
114 882
114 883
114 884
114 886
114 887
114 889
114 890
114 891
114 893
114 894
114 896
114 897
114 898
114 899
114 900
114 905
114 906
114 907
114 909
114 912
114 914
114 919
114 920
114 921
114 924
114 925
114 926
114 927
114 930
114 936
114 937
114 938
114 940
114 941
114 943
114 944
114 945
114 946
114 949
114 950
114 952
114 954
114 958
114 960
114 963
114 964
114 966
114 967
114 970
114 971
114 972
114 973
114 974
114 976
114 977
114 979
114 981
114 983
114 985
114 988
114 989
114 990
114 992
114 993
114 997
114 1000
115 501
115 503
115 505
115 506
115 508
115 509
115 510
115 515
115 516
115 518
115 519
115 521
115 522
115 523
115 524
115 527
115 535
115 542
115 543
115 544
115 547
115 549
115 550
115 551
115 553
115 554
115 557
115 560
115 562
115 563
115 564
115 567
115 568
115 569
115 573
115 574
115 575
115 576
115 580
115 583
115 584
115 585
115 586
115 592
115 593
115 595
115 598
115 600
115 601
115 602
115 604
115 610
115 612
115 613
115 616
115 625
115 626
115 627
115 629
115 630
115 633
115 634
115 638
115 640
115 641
115 642
115 643
115 645
115 646
115 647
115 650
115 651
115 652
115 653
115 660
115 662
115 664
115 666
115 668
115 670
115 672
115 674
115 678
115 680
115 684
115 685
115 687
115 688
115 689
115 690
115 693
115 700
115 703
115 704
115 705
115 706
115 707
115 708
115 709
115 713
115 719
115 721
115 722
115 723
115 727
115 729
115 733
115 734
115 737
115 742
115 743
115 744
115 745
115 746
115 748
115 752
115 757
115 760
115 762
115 764
115 766
115 768
115 769
115 770
115 773
115 775
115 776
115 779
115 783
115 785
115 786
115 787
115 789
115 790
115 793
115 794
115 795
115 798
115 802
115 803
115 804
115 805
115 806
115 811
115 812
115 813
115 815
115 816
115 820
115 821
115 828
115 830
115 831
115 833
115 835
115 836
115 839
115 843
115 845
115 848
115 849
115 851
115 852
115 855
115 857
115 859
115 862
115 863
115 864
115 867
115 868
115 869
115 872
115 873
115 874
115 876
115 877
115 878
115 879
115 881
115 882
115 884
115 889
115 891
115 893
115 896
115 900
115 904
115 905
115 906
115 909
115 910
115 912
115 913
115 919
115 920
115 923
115 924
115 926
115 928
115 929
115 930
115 931
115 933
115 936
115 940
115 942
115 949
115 953
115 954
115 962
115 963
115 964
115 968
115 969
115 970
115 971
115 973
115 975
115 979
115 980
115 981
115 982
115 983
115 984
115 986
115 989
115 990
115 991
115 993
115 994
115 996
115 998
116 501
116 502
116 503
116 507
116 509
116 512
116 514
116 517
116 521
116 522
116 524
116 527
116 529
116 531
116 532
116 533
116 537
116 538
116 539
116 541
116 542
116 543
116 544
116 545
116 546
116 547
116 548
116 549
116 550
116 553
116 557
116 558
116 561
116 563
116 565
116 566
116 567
116 569
116 572
116 573
116 577
116 578
116 579
116 580
116 582
116 587
116 591
116 593
116 595
116 596
116 599
116 600
116 601
116 602
116 606
116 607
116 610
116 612
116 617
116 618
116 623
116 628
116 629
116 630
116 633
116 634
116 635
116 636
116 641
116 645
116 647
116 648
116 650
116 653
116 655
116 656
116 659
116 661
116 663
116 664
116 666
116 668
116 671
116 678
116 679
116 684
116 686
116 687
116 692
116 695
116 697
116 699
116 703
116 704
116 708
116 709
116 710
116 711
116 712
116 713
116 714
116 716
116 719
116 724
116 728
116 730
116 731
116 732
116 734
116 736
116 738
116 740
116 744
116 746
116 747
116 748
116 751
116 754
116 755
116 756
116 766
116 767
116 768
116 769
116 770
116 771
116 772
116 774
116 775
116 776
116 777
116 779
116 780
116 781
116 784
116 786
116 787
116 788
116 790
116 791
116 793
116 795
116 796
116 798
116 799
116 803
116 804
116 807
116 808
116 811
116 812
116 813
116 815
116 816
116 818
116 820
116 825
116 828
116 830
116 832
116 835
116 840
116 843
116 844
116 845
116 846
116 852
116 853
116 856
116 857
116 858
116 859
116 860
116 861
116 863
116 865
116 866
116 867
116 868
116 869
116 870
116 871
116 872
116 874
116 876
116 878
116 881
116 882
116 883
116 885
116 886
116 887
116 888
116 889
116 890
116 891
116 893
116 894
116 895
116 900
116 903
116 905
116 906
116 912
116 917
116 919
116 920
116 921
116 923
116 924
116 925
116 926
116 928
116 930
116 932
116 933
116 940
116 943
116 944
116 945
116 952
116 955
116 956
116 957
116 959
116 960
116 964
116 966
116 969
116 970
116 973
116 975
116 976
116 980
116 981
116 982
116 984
116 988
116 989
116 990
116 992
116 995
116 996
116 999
117 501
117 504
117 505
117 509
117 517
117 518
117 519
117 521
117 523
117 525
117 526
117 528
117 529
117 532
117 533
117 534
117 535
117 537
117 538
117 539
117 541
117 543
117 545
117 547
117 550
117 551
117 552
117 554
117 555
117 556
117 557
117 560
117 561
117 563
117 564
117 565
117 566
117 568
117 570
117 572
117 577
117 578
117 579
117 581
117 587
117 589
117 591
117 592
117 593
117 594
117 596
117 599
117 605
117 606
117 608
117 609
117 612
117 614
117 615
117 618
117 619
117 620
117 621
117 625
117 627
117 630
117 631
117 633
117 634
117 637
117 640
117 645
117 646
117 647
117 648
117 649
117 650
117 651
117 652
117 653
117 657
117 659
117 660
117 662
117 665
117 667
117 670
117 672
117 674
117 675
117 677
117 678
117 680
117 685
117 686
117 691
117 692
117 694
117 695
117 696
117 700
117 701
117 704
117 708
117 710
117 714
117 718
117 719
117 724
117 728
117 731
117 733
117 734
117 735
117 740
117 741
117 744
117 747
117 750
117 751
117 755
117 756
117 757
117 760
117 764
117 766
117 768
117 769
117 771
117 773
117 776
117 777
117 778
117 779
117 780
117 781
117 783
117 787
117 790
117 791
117 794
117 795
117 796
117 797
117 798
117 799
117 800
117 803
117 806
117 807
117 808
117 811
117 813
117 816
117 817
117 818
117 819
117 820
117 821
117 824
117 825
117 826
117 829
117 831
117 834
117 837
117 838
117 839
117 842
117 843
117 844
117 847
117 849
117 853
117 855
117 857
117 858
117 859
117 862
117 864
117 867
117 869
117 870
117 872
117 873
117 878
117 880
117 881
117 884
117 885
117 886
117 892
117 893
117 895
117 896
117 900
117 905
117 911
117 914
117 918
117 920
117 925
117 926
117 929
117 930
117 931
117 932
117 933
117 935
117 936
117 937
117 938
117 942
117 944
117 945
117 946
117 949
117 952
117 956
117 958
117 960
117 962
117 963
117 968
117 969
117 975
117 976
117 977
117 978
117 980
117 983
117 984
117 988
117 989
117 993
117 996
117 997
118 501
118 504
118 506
118 507
118 509
118 510
118 512
118 514
118 518
118 520
118 521
118 522
118 526
118 527
118 528
118 529
118 531
118 534
118 536
118 537
118 540
118 545
118 546
118 547
118 548
118 549
118 550
118 551
118 555
118 558
118 560
118 561
118 562
118 563
118 564
118 565
118 566
118 567
118 570
118 571
118 572
118 573
118 574
118 575
118 577
118 578
118 579
118 580
118 581
118 584
118 587
118 590
118 593
118 594
118 597
118 598
118 599
118 601
118 602
118 605
118 607
118 609
118 611
118 613
118 614
118 616
118 618
118 620
118 621
118 624
118 627
118 628
118 629
118 630
118 634
118 641
118 644
118 646
118 648
118 650
118 651
118 652
118 657
118 660
118 661
118 665
118 666
118 669
118 672
118 674
118 676
118 677
118 684
118 686
118 688
118 689
118 690
118 691
118 693
118 694
118 695
118 696
118 699
118 700
118 701
118 702
118 706
118 707
118 710
118 711
118 712
118 713
118 716
118 717
118 718
118 719
118 720
118 722
118 724
118 726
118 728
118 729
118 730
118 731
118 732
118 737
118 738
118 739
118 743
118 744
118 745
118 746
118 747
118 749
118 750
118 753
118 758
118 768
118 769
118 770
118 771
118 773
118 774
118 776
118 777
118 779
118 782
118 783
118 786
118 789
118 790
118 793
118 795
118 796
118 799
118 800
118 803
118 804
118 805
118 809
118 811
118 812
118 813
118 816
118 817
118 823
118 824
118 825
118 827
118 829
118 830
118 831
118 836
118 842
118 843
118 846
118 849
118 852
118 856
118 857
118 859
118 861
118 863
118 865
118 870
118 874
118 876
118 879
118 882
118 883
118 887
118 890
118 893
118 895
118 896
118 897
118 898
118 899
118 900
118 903
118 905
118 906
118 908
118 910
118 911
118 913
118 914
118 918
118 919
118 921
118 922
118 923
118 924
118 925
118 926
118 927
118 928
118 931
118 932
118 933
118 934
118 936
118 937
118 939
118 944
118 946
118 948
118 953
118 958
118 959
118 964
118 966
118 967
118 968
118 969
118 970
118 971
118 973
118 974
118 976
118 977
118 978
118 979
118 982
118 985
118 987
118 988
118 989
118 990
118 991
118 996
118 999
119 503
119 504
119 505
119 508
119 509
119 511
119 514
119 520
119 521
119 526
119 529
119 530
119 533
119 534
119 535
119 536
119 537
119 538
119 540
119 541
119 546
119 552
119 553
119 555
119 556
119 558
119 559
119 562
119 569
119 570
119 571
119 572
119 575
119 576
119 579
119 580
119 582
119 590
119 591
119 596
119 597
119 598
119 599
119 600
119 601
119 602
119 607
119 608
119 609
119 611
119 613
119 614
119 616
119 617
119 620
119 622
119 623
119 626
119 628
119 629
119 632
119 634
119 639
119 641
119 642
119 643
119 645
119 646
119 650
119 653
119 657
119 658
119 659
119 660
119 662
119 663
119 664
119 666
119 668
119 670
119 672
119 674
119 676
119 677
119 681
119 682
119 684
119 686
119 688
119 692
119 693
119 695
119 699
119 700
119 701
119 702
119 703
119 706
119 709
119 710
119 712
119 714
119 715
119 716
119 717
119 718
119 719
119 725
119 726
119 727
119 729
119 731
119 733
119 734
119 735
119 737
119 741
119 743
119 744
119 745
119 746
119 748
119 749
119 751
119 754
119 757
119 760
119 761
119 762
119 763
119 765
119 770
119 771
119 773
119 774
119 775
119 780
119 781
119 786
119 787
119 788
119 789
119 794
119 795
119 797
119 798
119 799
119 803
119 804
119 805
119 806
119 809
119 812
119 814
119 815
119 817
119 818
119 822
119 824
119 826
119 827
119 828
119 830
119 831
119 832
119 833
119 835
119 838
119 839
119 840
119 844
119 847
119 848
119 852
119 853
119 854
119 855
119 856
119 857
119 858
119 861
119 863
119 864
119 867
119 870
119 874
119 878
119 879
119 885
119 887
119 889
119 893
119 894
119 895
119 896
119 899
119 900
119 903
119 907
119 909
119 911
119 913
119 915
119 916
119 917
119 923
119 924
119 925
119 928
119 930
119 933
119 935
119 937
119 941
119 942
119 944
119 945
119 947
119 949
119 950
119 952
119 953
119 954
119 955
119 957
119 958
119 964
119 966
119 967
119 969
119 970
119 972
119 974
119 977
119 978
119 980
119 982
119 984
119 986
119 988
119 989
119 993
119 995
119 996
119 998
119 999
120 502
120 503
120 507
120 508
120 509
120 512
120 515
120 516
120 518
120 521
120 525
120 526
120 527
120 531
120 532
120 534
120 538
120 540
120 541
120 543
120 545
120 546
120 547
120 549
120 550
120 552
120 555
120 559
120 560
120 563
120 564
120 566
120 572
120 575
120 578
120 579
120 583
120 584
120 585
120 586
120 587
120 588
120 589
120 590
120 592
120 593
120 594
120 595
120 597
120 599
120 600
120 601
120 604
120 605
120 606
120 607
120 612
120 615
120 616
120 618
120 620
120 624
120 625
120 626
120 627
120 631
120 632
120 633
120 636
120 637
120 639
120 641
120 643
120 645
120 649
120 650
120 652
120 653
120 654
120 657
120 659
120 660
120 664
120 667
120 670
120 672
120 677
120 678
120 680
120 682
120 683
120 686
120 687
120 691
120 694
120 697
120 701
120 702
120 703
120 704
120 706
120 709
120 712
120 713
120 714
120 715
120 717
120 723
120 724
120 727
120 728
120 730
120 732
120 733
120 734
120 735
120 739
120 740
120 743
120 744
120 745
120 747
120 748
120 749
120 751
120 752
120 753
120 756
120 758
120 759
120 762
120 767
120 769
120 770
120 771
120 774
120 776
120 778
120 780
120 781
120 782
120 783
120 785
120 788
120 789
120 790
120 791
120 796
120 797
120 798
120 799
120 801
120 803
120 805
120 806
120 808
120 812
120 814
120 815
120 816
120 818
120 820
120 821
120 823
120 825
120 829
120 831
120 833
120 834
120 836
120 837
120 838
120 845
120 846
120 848
120 850
120 852
120 854
120 855
120 858
120 859
120 861
120 863
120 865
120 869
120 876
120 877
120 879
120 883
120 885
120 886
120 888
120 889
120 890
120 892
120 893
120 894
120 896
120 897
120 899
120 900
120 901
120 902
120 910
120 913
120 914
120 916
120 920
120 921
120 925
120 926
120 927
120 932
120 933
120 935
120 936
120 938
120 939
120 941
120 942
120 943
120 948
120 949
120 951
120 954
120 955
120 958
120 959
120 962
120 964
120 965
120 971
120 973
120 976
120 977
120 978
120 980
120 981
120 982
120 987
120 993
120 995
120 997
120 998
120 1000
121 501
121 502
121 504
121 506
121 509
121 511
121 513
121 514
121 515
121 516
121 517
121 519
121 521
121 523
121 525
121 526
121 527
121 531
121 532
121 533
121 534
121 538
121 539
121 541
121 544
121 546
121 547
121 549
121 550
121 552
121 556
121 558
121 560
121 561
121 563
121 564
121 567
121 576
121 577
121 579
121 580
121 581
121 585
121 588
121 589
121 590
121 594
121 596
121 598
121 599
121 601
121 603
121 604
121 605
121 608
121 611
121 612
121 614
121 615
121 616
121 617
121 619
121 622
121 623
121 627
121 634
121 635
121 640
121 642
121 643
121 644
121 647
121 648
121 651
121 652
121 653
121 654
121 655
121 657
121 664
121 666
121 670
121 671
121 673
121 674
121 676
121 682
121 683
121 686
121 689
121 693
121 694
121 697
121 700
121 703
121 706
121 707
121 708
121 710
121 711
121 712
121 713
121 714
121 715
121 717
121 718
121 719
121 721
121 722
121 723
121 726
121 728
121 731
121 732
121 733
121 734
121 735
121 738
121 741
121 744
121 745
121 746
121 749
121 751
121 753
121 754
121 755
121 756
121 759
121 761
121 762
121 763
121 764
121 765
121 767
121 768
121 771
121 775
121 776
121 778
121 781
121 783
121 784
121 785
121 786
121 788
121 789
121 790
121 792
121 794
121 797
121 798
121 803
121 808
121 809
121 811
121 812
121 814
121 815
121 817
121 819
121 821
121 823
121 828
121 832
121 837
121 840
121 841
121 843
121 847
121 851
121 852
121 853
121 854
121 856
121 857
121 858
121 861
121 863
121 864
121 865
121 867
121 869
121 870
121 871
121 877
121 882
121 884
121 885
121 887
121 889
121 891
121 896
121 897
121 898
121 899
121 901
121 902
121 905
121 910
121 911
121 913
121 914
121 916
121 920
121 922
121 924
121 925
121 926
121 930
121 932
121 933
121 934
121 936
121 938
121 943
121 945
121 946
121 948
121 949
121 951
121 952
121 954
121 956
121 957
121 958
121 963
121 964
121 967
121 968
121 971
121 972
121 975
121 977
121 979
121 982
121 983
121 986
121 987
121 988
121 989
121 991
121 993
121 995
121 1000
122 502
122 503
122 507
122 508
122 510
122 511
122 516
122 520
122 521
122 523
122 524
122 526
122 528
122 529
122 530
122 532
122 533
122 534
122 535
122 536
122 537
122 540
122 542
122 543
122 544
122 545
122 546
122 547
122 548
122 549
122 550
122 552
122 553
122 554
122 555
122 556
122 557
122 562
122 563
122 566
122 567
122 572
122 577
122 578
122 580
122 581
122 583
122 584
122 585
122 587
122 589
122 590
122 591
122 592
122 593
122 594
122 596
122 597
122 602
122 603
122 606
122 608
122 612
122 613
122 615
122 616
122 617
122 623
122 624
122 625
122 628
122 629
122 631
122 632
122 633
122 640
122 646
122 647
122 651
122 652
122 657
122 659
122 664
122 668
122 669
122 670
122 672
122 676
122 678
122 679
122 682
122 683
122 684
122 686
122 687
122 689
122 695
122 696
122 697
122 698
122 701
122 702
122 704
122 705
122 709
122 712
122 713
122 716
122 717
122 720
122 721
122 723
122 726
122 727
122 729
122 731
122 732
122 733
122 734
122 735
122 738
122 740
122 741
122 742
122 743
122 744
122 748
122 749
122 755
122 761
122 765
122 766
122 768
122 774
122 775
122 776
122 779
122 780
122 781
122 782
122 783
122 785
122 788
122 789
122 790
122 792
122 799
122 800
122 803
122 804
122 807
122 808
122 809
122 810
122 813
122 820
122 823
122 824
122 825
122 826
122 828
122 830
122 832
122 834
122 835
122 836
122 841
122 843
122 847
122 848
122 849
122 852
122 861
122 864
122 865
122 867
122 868
122 869
122 870
122 874
122 878
122 879
122 883
122 887
122 888
122 889
122 890
122 892
122 893
122 895
122 897
122 899
122 900
122 901
122 903
122 904
122 907
122 909
122 911
122 912
122 913
122 915
122 916
122 917
122 918
122 919
122 924
122 925
122 926
122 927
122 929
122 930
122 932
122 933
122 934
122 937
122 939
122 943
122 948
122 950
122 952
122 959
122 963
122 964
122 965
122 966
122 968
122 970
122 971
122 973
122 975
122 977
122 979
122 984
122 985
122 988
122 989
122 993
122 995
122 1000
123 503
123 505
123 506
123 510
123 511
123 513
123 514
123 517
123 518
123 520
123 524
123 525
123 526
123 527
123 529
123 530
123 533
123 534
123 536
123 537
123 538
123 539
123 540
123 542
123 544
123 546
123 548
123 554
123 555
123 556
123 557
123 559
123 562
123 563
123 564
123 565
123 566
123 568
123 570
123 572
123 573
123 576
123 577
123 580
123 583
123 586
123 588
123 589
123 591
123 594
123 600
123 602
123 603
123 605
123 607
123 608
123 609
123 610
123 614
123 616
123 619
123 620
123 621
123 623
123 624
123 626
123 628
123 630
123 631
123 634
123 637
123 638
123 639
123 640
123 641
123 644
123 649
123 650
123 652
123 654
123 655
123 657
123 658
123 659
123 660
123 661
123 662
123 665
123 666
123 667
123 670
123 672
123 675
123 676
123 677
123 681
123 684
123 685
123 686
123 688
123 694
123 696
123 697
123 702
123 703
123 704
123 708
123 710
123 711
123 714
123 717
123 719
123 720
123 721
123 722
123 723
123 725
123 726
123 727
123 730
123 732
123 733
123 734
123 738
123 740
123 741
123 743
123 744
123 745
123 746
123 747
123 750
123 751
123 756
123 757
123 758
123 761
123 763
123 765
123 769
123 770
123 771
123 773
123 776
123 777
123 778
123 780
123 781
123 784
123 785
123 786
123 787
123 788
123 789
123 791
123 792
123 793
123 794
123 796
123 798
123 799
123 800
123 801
123 804
123 805
123 806
123 810
123 813
123 818
123 820
123 821
123 824
123 828
123 830
123 832
123 837
123 839
123 840
123 841
123 842
123 843
123 844
123 845
123 846
123 847
123 848
123 851
123 852
123 853
123 854
123 855
123 857
123 859
123 861
123 862
123 866
123 868
123 869
123 871
123 876
123 877
123 879
123 884
123 887
123 891
123 893
123 894
123 895
123 898
123 900
123 901
123 904
123 908
123 910
123 911
123 914
123 917
123 919
123 922
123 924
123 926
123 928
123 930
123 931
123 933
123 936
123 939
123 946
123 947
123 948
123 951
123 952
123 953
123 955
123 957
123 959
123 965
123 966
123 973
123 974
123 976
123 977
123 978
123 979
123 980
123 981
123 985
123 987
123 988
123 993
123 995
123 996
123 1000
124 508
124 509
124 510
124 513
124 514
124 515
124 517
124 518
124 519
124 522
124 524
124 525
124 530
124 533
124 534
124 535
124 537
124 541
124 542
124 543
124 544
124 546
124 548
124 549
124 555
124 556
124 558
124 560
124 561
124 562
124 563
124 566
124 571
124 572
124 573
124 574
124 575
124 576
124 578
124 583
124 584
124 585
124 587
124 588
124 589
124 591
124 594
124 600
124 601
124 602
124 604
124 606
124 610
124 617
124 619
124 620
124 621
124 622
124 623
124 624
124 626
124 627
124 630
124 632
124 636
124 637
124 640
124 641
124 643
124 644
124 649
124 653
124 654
124 656
124 658
124 660
124 662
124 666
124 667
124 671
124 673
124 676
124 678
124 685
124 693
124 694
124 696
124 699
124 700
124 701
124 702
124 705
124 706
124 707
124 708
124 715
124 720
124 721
124 723
124 724
124 728
124 733
124 734
124 736
124 738
124 740
124 741
124 742
124 745
124 746
124 747
124 748
124 749
124 750
124 751
124 753
124 756
124 757
124 759
124 762
124 764
124 765
124 766
124 767
124 769
124 770
124 772
124 773
124 775
124 776
124 777
124 778
124 779
124 781
124 784
124 788
124 789
124 791
124 792
124 793
124 794
124 798
124 799
124 800
124 801
124 803
124 804
124 805
124 806
124 807
124 809
124 813
124 820
124 822
124 824
124 826
124 827
124 828
124 830
124 833
124 834
124 835
124 837
124 838
124 839
124 840
124 842
124 844
124 845
124 846
124 847
124 848
124 850
124 852
124 854
124 856
124 857
124 858
124 862
124 863
124 865
124 867
124 870
124 873
124 874
124 875
124 880
124 881
124 887
124 891
124 892
124 893
124 896
124 899
124 901
124 902
124 903
124 904
124 908
124 910
124 911
124 912
124 913
124 915
124 917
124 919
124 921
124 923
124 924
124 925
124 926
124 929
124 930
124 931
124 932
124 936
124 937
124 939
124 940
124 942
124 943
124 944
124 945
124 946
124 948
124 949
124 952
124 955
124 958
124 960
124 961
124 962
124 963
124 966
124 968
124 969
124 970
124 971
124 975
124 976
124 977
124 982
124 984
124 986
124 987
124 989
124 990
124 991
124 996
124 997
124 998
124 999
125 501
125 502
125 504
125 505
125 507
125 508
125 510
125 513
125 514
125 516
125 518
125 519
125 520
125 521
125 522
125 523
125 529
125 530
125 533
125 540
125 541
125 544
125 548
125 549
125 552
125 553
125 557
125 560
125 562
125 564
125 570
125 574
125 578
125 585
125 587
125 588
125 589
125 591
125 593
125 594
125 596
125 598
125 600
125 601
125 602
125 604
125 605
125 607
125 609
125 610
125 611
125 613
125 615
125 616
125 617
125 618
125 620
125 624
125 625
125 626
125 629
125 633
125 634
125 635
125 636
125 638
125 641
125 646
125 648
125 650
125 652
125 653
125 656
125 657
125 658
125 659
125 660
125 662
125 663
125 664
125 667
125 668
125 670
125 671
125 672
125 673
125 674
125 677
125 678
125 679
125 681
125 685
125 687
125 688
125 689
125 692
125 695
125 699
125 700
125 702
125 708
125 712
125 716
125 718
125 720
125 722
125 723
125 728
125 731
125 735
125 739
125 740
125 741
125 742
125 743
125 745
125 749
125 751
125 753
125 756
125 761
125 762
125 764
125 765
125 767
125 775
125 777
125 781
125 784
125 785
125 787
125 788
125 789
125 790
125 791
125 795
125 796
125 799
125 804
125 808
125 809
125 810
125 812
125 817
125 819
125 820
125 821
125 822
125 823
125 824
125 825
125 827
125 828
125 830
125 835
125 839
125 840
125 841
125 842
125 843
125 844
125 845
125 848
125 849
125 852
125 854
125 858
125 860
125 861
125 865
125 868
125 869
125 870
125 871
125 874
125 878
125 879
125 880
125 881
125 883
125 886
125 889
125 892
125 894
125 896
125 900
125 901
125 903
125 907
125 913
125 914
125 915
125 917
125 919
125 920
125 922
125 924
125 929
125 932
125 937
125 938
125 939
125 940
125 943
125 945
125 946
125 947
125 948
125 950
125 952
125 953
125 954
125 955
125 957
125 958
125 968
125 969
125 972
125 974
125 976
125 977
125 978
125 980
125 982
125 985
125 987
125 989
125 993
125 994
125 1000
126 502
126 503
126 504
126 505
126 506
126 507
126 509
126 510
126 512
126 513
126 514
126 515
126 517
126 518
126 522
126 523
126 525
126 526
126 527
126 530
126 531
126 532
126 533
126 537
126 538
126 539
126 540
126 541
126 542
126 543
126 544
126 545
126 546
126 547
126 551
126 555
126 556
126 558
126 559
126 562
126 563
126 571
126 573
126 574
126 577
126 578
126 579
126 582
126 589
126 593
126 594
126 601
126 602
126 603
126 604
126 605
126 607
126 610
126 611
126 613
126 615
126 616
126 618
126 621
126 622
126 624
126 625
126 626
126 627
126 628
126 629
126 630
126 632
126 636
126 638
126 640
126 645
126 647
126 648
126 650
126 652
126 653
126 654
126 656
126 657
126 658
126 660
126 661
126 662
126 668
126 670
126 672
126 674
126 676
126 678
126 681
126 682
126 687
126 690
126 693
126 698
126 700
126 705
126 707
126 708
126 710
126 711
126 712
126 713
126 715
126 716
126 717
126 718
126 719
126 720
126 721
126 723
126 725
126 727
126 729
126 730
126 731
126 732
126 733
126 734
126 735
126 736
126 737
126 746
126 748
126 750
126 755
126 758
126 760
126 762
126 764
126 765
126 766
126 767
126 768
126 769
126 770
126 775
126 776
126 780
126 781
126 783
126 786
126 789
126 790
126 792
126 793
126 798
126 799
126 801
126 802
126 803
126 808
126 813
126 816
126 817
126 818
126 824
126 825
126 827
126 828
126 831
126 832
126 834
126 839
126 840
126 842
126 844
126 846
126 847
126 849
126 850
126 851
126 853
126 855
126 857
126 859
126 862
126 863
126 867
126 869
126 872
126 873
126 874
126 876
126 879
126 880
126 881
126 883
126 885
126 887
126 892
126 899
126 901
126 902
126 903
126 904
126 908
126 911
126 916
126 918
126 920
126 921
126 922
126 925
126 926
126 927
126 928
126 929
126 930
126 931
126 933
126 934
126 935
126 938
126 939
126 940
126 941
126 942
126 943
126 945
126 946
126 949
126 950
126 955
126 957
126 959
126 960
126 961
126 963
126 964
126 965
126 966
126 969
126 973
126 974
126 975
126 976
126 983
126 985
126 988
126 991
126 992
126 997
126 999
127 503
127 504
127 505
127 506
127 509
127 510
127 512
127 514
127 515
127 517
127 519
127 521
127 522
127 524
127 525
127 529
127 534
127 536
127 542
127 545
127 548
127 549
127 551
127 553
127 556
127 558
127 559
127 562
127 563
127 564
127 565
127 567
127 569
127 570
127 571
127 572
127 573
127 574
127 575
127 578
127 580
127 581
127 582
127 584
127 585
127 586
127 587
127 589
127 590
127 591
127 592
127 594
127 595
127 596
127 597
127 601
127 604
127 605
127 606
127 607
127 608
127 609
127 612
127 613
127 615
127 618
127 619
127 620
127 627
127 629
127 631
127 632
127 633
127 635
127 636
127 640
127 641
127 642
127 643
127 645
127 646
127 648
127 650
127 651
127 653
127 657
127 661
127 662
127 664
127 666
127 668
127 671
127 672
127 673
127 675
127 679
127 680
127 685
127 687
127 689
127 690
127 694
127 699
127 701
127 702
127 703
127 704
127 708
127 711
127 715
127 720
127 721
127 724
127 725
127 726
127 728
127 730
127 733
127 735
127 737
127 740
127 741
127 742
127 744
127 746
127 753
127 758
127 759
127 760
127 761
127 762
127 763
127 765
127 766
127 767
127 768
127 769
127 771
127 772
127 773
127 774
127 776
127 777
127 778
127 783
127 784
127 789
127 790
127 791
127 792
127 793
127 794
127 798
127 799
127 803
127 804
127 805
127 807
127 809
127 810
127 811
127 813
127 814
127 815
127 817
127 818
127 820
127 827
127 828
127 830
127 833
127 835
127 837
127 838
127 839
127 840
127 842
127 843
127 845
127 846
127 849
127 857
127 859
127 862
127 865
127 866
127 871
127 874
127 880
127 881
127 882
127 883
127 886
127 889
127 891
127 895
127 896
127 897
127 901
127 906
127 909
127 913
127 917
127 922
127 923
127 924
127 925
127 926
127 929
127 931
127 934
127 935
127 936
127 940
127 941
127 942
127 944
127 946
127 947
127 948
127 949
127 951
127 954
127 956
127 960
127 963
127 964
127 965
127 966
127 968
127 972
127 982
127 983
127 984
127 986
127 987
127 992
127 994
127 998
127 999
128 503
128 505
128 508
128 509
128 511
128 515
128 519
128 522
128 523
128 527
128 528
128 533
128 536
128 538
128 540
128 542
128 543
128 545
128 552
128 554
128 555
128 558
128 559
128 561
128 565
128 566
128 568
128 569
128 571
128 574
128 575
128 576
128 577
128 578
128 580
128 583
128 593
128 595
128 596
128 599
128 600
128 602
128 604
128 606
128 611
128 612
128 615
128 616
128 618
128 619
128 622
128 623
128 626
128 627
128 628
128 629
128 631
128 632
128 633
128 638
128 639
128 640
128 643
128 645
128 647
128 651
128 653
128 654
128 655
128 656
128 658
128 659
128 660
128 661
128 662
128 665
128 666
128 667
128 670
128 671
128 672
128 674
128 675
128 676
128 677
128 681
128 683
128 686
128 687
128 689
128 694
128 695
128 696
128 697
128 698
128 701
128 707
128 708
128 709
128 710
128 711
128 712
128 713
128 718
128 720
128 723
128 724
128 727
128 728
128 729
128 731
128 734
128 737
128 738
128 740
128 741
128 743
128 746
128 749
128 750
128 751
128 754
128 756
128 757
128 761
128 762
128 764
128 765
128 766
128 767
128 769
128 770
128 772
128 773
128 774
128 776
128 777
128 779
128 782
128 783
128 786
128 795
128 796
128 797
128 798
128 800
128 801
128 802
128 803
128 805
128 809
128 810
128 811
128 814
128 815
128 817
128 819
128 822
128 823
128 824
128 826
128 827
128 830
128 834
128 835
128 840
128 842
128 844
128 846
128 847
128 850
128 851
128 852
128 854
128 857
128 859
128 862
128 865
128 872
128 875
128 877
128 878
128 879
128 880
128 881
128 882
128 885
128 886
128 887
128 888
128 889
128 897
128 899
128 901
128 902
128 904
128 907
128 910
128 911
128 912
128 913
128 914
128 916
128 919
128 922
128 923
128 925
128 927
128 930
128 931
128 932
128 934
128 935
128 946
128 956
128 957
128 960
128 961
128 962
128 965
128 966
128 967
128 970
128 972
128 973
128 974
128 975
128 976
128 978
128 982
128 984
128 985
128 986
128 988
128 994
128 997
128 998
128 999
128 1000
129 504
129 507
129 509
129 510
129 511
129 513
129 514
129 516
129 517
129 518
129 521
129 522
129 523
129 524
129 526
129 527
129 529
129 532
129 535
129 540
129 543
129 545
129 549
129 550
129 551
129 552
129 556
129 558
129 562
129 563
129 564
129 565
129 566
129 567
129 570
129 571
129 572
129 573
129 576
129 577
129 581
129 582
129 584
129 586
129 587
129 589
129 591
129 592
129 595
129 597
129 604
129 607
129 608
129 609
129 611
129 612
129 617
129 620
129 623
129 624
129 626
129 630
129 631
129 632
129 635
129 637
129 639
129 641
129 644
129 647
129 650
129 653
129 655
129 656
129 658
129 660
129 662
129 664
129 665
129 668
129 669
129 671
129 673
129 675
129 676
129 678
129 690
129 691
129 693
129 699
129 700
129 701
129 703
129 706
129 707
129 709
129 710
129 713
129 714
129 717
129 719
129 721
129 723
129 726
129 728
129 731
129 733
129 741
129 745
129 746
129 747
129 748
129 753
129 755
129 756
129 759
129 760
129 762
129 763
129 765
129 766
129 767
129 768
129 769
129 770
129 772
129 776
129 778
129 779
129 781
129 787
129 788
129 790
129 791
129 795
129 798
129 799
129 800
129 801
129 802
129 803
129 806
129 809
129 811
129 815
129 817
129 818
129 821
129 822
129 827
129 829
129 830
129 835
129 836
129 838
129 843
129 844
129 848
129 850
129 851
129 856
129 857
129 858
129 859
129 860
129 863
129 864
129 866
129 867
129 870
129 871
129 872
129 873
129 874
129 875
129 879
129 881
129 884
129 885
129 888
129 890
129 891
129 895
129 897
129 900
129 903
129 904
129 906
129 907
129 908
129 913
129 917
129 918
129 921
129 924
129 925
129 927
129 928
129 933
129 936
129 937
129 938
129 939
129 941
129 944
129 945
129 946
129 947
129 950
129 951
129 957
129 959
129 960
129 962
129 963
129 966
129 967
129 968
129 969
129 970
129 972
129 973
129 975
129 980
129 981
129 983
129 984
129 985
129 986
129 992
129 993
129 996
129 997
130 501
130 503
130 504
130 505
130 506
130 508
130 510
130 512
130 513
130 515
130 517
130 518
130 520
130 521
130 522
130 524
130 525
130 527
130 528
130 529
130 530
130 532
130 533
130 534
130 538
130 540
130 543
130 545
130 548
130 549
130 550
130 551
130 552
130 554
130 555
130 559
130 563
130 564
130 567
130 569
130 572
130 573
130 577
130 578
130 579
130 580
130 582
130 583
130 584
130 587
130 590
130 592
130 594
130 595
130 598
130 601
130 603
130 604
130 605
130 607
130 610
130 614
130 615
130 617
130 622
130 623
130 624
130 625
130 628
130 630
130 633
130 637
130 639
130 640
130 641
130 643
130 644
130 648
130 650
130 651
130 652
130 653
130 655
130 658
130 659
130 663
130 665
130 666
130 668
130 672
130 674
130 675
130 676
130 677
130 679
130 683
130 684
130 689
130 692
130 693
130 694
130 695
130 702
130 703
130 704
130 705
130 709
130 711
130 713
130 714
130 717
130 718
130 720
130 721
130 725
130 726
130 728
130 730
130 734
130 737
130 738
130 741
130 743
130 747
130 749
130 751
130 752
130 753
130 755
130 757
130 758
130 761
130 762
130 763
130 764
130 765
130 766
130 767
130 769
130 773
130 775
130 779
130 780
130 783
130 784
130 788
130 789
130 796
130 800
130 805
130 806
130 809
130 815
130 816
130 819
130 820
130 821
130 823
130 824
130 825
130 829
130 830
130 831
130 838
130 841
130 842
130 845
130 847
130 848
130 849
130 851
130 852
130 853
130 854
130 855
130 856
130 858
130 860
130 861
130 865
130 867
130 868
130 869
130 870
130 871
130 872
130 873
130 874
130 877
130 880
130 884
130 887
130 888
130 890
130 891
130 892
130 893
130 896
130 897
130 906
130 907
130 908
130 915
130 916
130 919
130 922
130 926
130 927
130 930
130 931
130 932
130 937
130 938
130 940
130 943
130 944
130 945
130 947
130 949
130 950
130 952
130 956
130 962
130 964
130 966
130 967
130 968
130 969
130 970
130 971
130 972
130 974
130 975
130 980
130 981
130 982
130 986
130 987
130 989
130 990
130 993
130 995
130 997
130 999
130 1000
131 502
131 503
131 504
131 506
131 507
131 508
131 510
131 511
131 512
131 513
131 516
131 518
131 519
131 520
131 522
131 523
131 524
131 525
131 527
131 528
131 530
131 531
131 532
131 534
131 538
131 541
131 542
131 545
131 546
131 547
131 548
131 553
131 555
131 558
131 559
131 561
131 562
131 564
131 566
131 568
131 570
131 574
131 577
131 578
131 579
131 580
131 581
131 584
131 587
131 592
131 593
131 594
131 595
131 596
131 597
131 600
131 601
131 602
131 603
131 604
131 606
131 608
131 609
131 613
131 615
131 616
131 623
131 626
131 627
131 630
131 632
131 634
131 635
131 636
131 637
131 639
131 644
131 648
131 650
131 651
131 654
131 656
131 659
131 662
131 666
131 669
131 670
131 672
131 674
131 677
131 678
131 681
131 682
131 687
131 689
131 691
131 693
131 694
131 695
131 703
131 704
131 705
131 707
131 709
131 710
131 713
131 715
131 716
131 717
131 724
131 726
131 729
131 735
131 736
131 737
131 740
131 745
131 746
131 751
131 752
131 753
131 754
131 755
131 756
131 759
131 760
131 762
131 763
131 769
131 774
131 775
131 777
131 778
131 780
131 781
131 782
131 783
131 786
131 787
131 790
131 792
131 793
131 794
131 796
131 798
131 799
131 800
131 804
131 806
131 807
131 810
131 812
131 813
131 814
131 815
131 816
131 817
131 820
131 821
131 822
131 823
131 826
131 828
131 829
131 830
131 832
131 833
131 839
131 844
131 845
131 846
131 847
131 848
131 856
131 857
131 858
131 860
131 861
131 862
131 864
131 866
131 869
131 871
131 872
131 874
131 875
131 876
131 878
131 881
131 882
131 883
131 884
131 888
131 891
131 894
131 896
131 899
131 900
131 906
131 908
131 909
131 914
131 915
131 919
131 920
131 922
131 927
131 928
131 932
131 933
131 934
131 936
131 937
131 945
131 947
131 948
131 949
131 950
131 951
131 952
131 954
131 955
131 958
131 959
131 961
131 962
131 963
131 964
131 965
131 967
131 968
131 969
131 970
131 972
131 975
131 976
131 977
131 979
131 982
131 984
131 988
131 989
131 991
131 992
131 993
131 994
132 501
132 504
132 509
132 510
132 513
132 514
132 519
132 527
132 530
132 531
132 532
132 535
132 536
132 540
132 545
132 551
132 552
132 556
132 557
132 558
132 562
132 563
132 567
132 568
132 570
132 573
132 574
132 575
132 577
132 580
132 581
132 584
132 588
132 589
132 591
132 594
132 595
132 597
132 601
132 602
132 603
132 605
132 608
132 609
132 612
132 615
132 617
132 619
132 620
132 622
132 624
132 626
132 630
132 632
132 633
132 634
132 640
132 641
132 642
132 644
132 647
132 648
132 649
132 651
132 653
132 654
132 655
132 656
132 659
132 660
132 662
132 663
132 673
132 675
132 677
132 679
132 680
132 683
132 684
132 687
132 688
132 691
132 693
132 694
132 695
132 696
132 697
132 699
132 700
132 701
132 703
132 705
132 706
132 708
132 709
132 710
132 713
132 715
132 718
132 720
132 725
132 726
132 727
132 731
132 732
132 733
132 734
132 735
132 736
132 737
132 741
132 743
132 744
132 747
132 748
132 749
132 750
132 751
132 753
132 756
132 757
132 758
132 759
132 762
132 763
132 764
132 765
132 766
132 768
132 770
132 773
132 777
132 778
132 779
132 786
132 787
132 788
132 790
132 796
132 798
132 800
132 801
132 802
132 804
132 805
132 807
132 809
132 812
132 814
132 816
132 817
132 818
132 819
132 821
132 824
132 826
132 828
132 830
132 832
132 835
132 837
132 839
132 840
132 841
132 847
132 849
132 850
132 852
132 854
132 856
132 858
132 859
132 861
132 866
132 868
132 869
132 871
132 872
132 874
132 876
132 879
132 881
132 883
132 884
132 885
132 886
132 890
132 891
132 892
132 893
132 895
132 897
132 904
132 905
132 907
132 910
132 915
132 917
132 919
132 921
132 922
132 923
132 924
132 925
132 927
132 928
132 930
132 935
132 936
132 940
132 942
132 944
132 947
132 949
132 950
132 952
132 953
132 955
132 956
132 961
132 962
132 963
132 964
132 967
132 970
132 971
132 974
132 977
132 978
132 979
132 980
132 982
132 983
132 986
132 988
132 989
132 993
132 995
132 997
132 998
132 1000
133 502
133 505
133 506
133 508
133 509
133 511
133 513
133 515
133 516
133 519
133 522
133 529
133 533
133 535
133 536
133 537
133 539
133 543
133 544
133 545
133 546
133 549
133 550
133 551
133 552
133 554
133 555
133 556
133 560
133 563
133 564
133 565
133 567
133 569
133 570
133 572
133 575
133 576
133 580
133 581
133 584
133 588
133 590
133 591
133 592
133 596
133 597
133 599
133 600
133 603
133 604
133 605
133 609
133 611
133 614
133 615
133 618
133 621
133 626
133 628
133 630
133 637
133 640
133 644
133 647
133 652
133 654
133 657
133 661
133 664
133 665
133 668
133 670
133 672
133 675
133 676
133 677
133 679
133 680
133 681
133 682
133 683
133 687
133 691
133 692
133 694
133 698
133 699
133 701
133 702
133 704
133 705
133 706
133 712
133 713
133 714
133 715
133 717
133 718
133 719
133 720
133 721
133 722
133 724
133 725
133 727
133 729
133 731
133 732
133 733
133 734
133 735
133 739
133 741
133 742
133 743
133 744
133 749
133 751
133 754
133 755
133 758
133 759
133 761
133 762
133 765
133 767
133 769
133 770
133 773
133 774
133 777
133 781
133 782
133 785
133 789
133 796
133 797
133 799
133 801
133 802
133 803
133 804
133 805
133 806
133 808
133 810
133 811
133 815
133 816
133 818
133 819
133 822
133 823
133 827
133 830
133 832
133 833
133 834
133 835
133 836
133 837
133 846
133 847
133 849
133 851
133 853
133 854
133 856
133 858
133 859
133 863
133 866
133 867
133 869
133 871
133 878
133 883
133 886
133 888
133 891
133 893
133 895
133 896
133 897
133 899
133 901
133 904
133 909
133 912
133 913
133 914
133 916
133 917
133 918
133 920
133 921
133 923
133 924
133 925
133 928
133 930
133 932
133 933
133 934
133 937
133 938
133 939
133 940
133 941
133 944
133 945
133 946
133 947
133 949
133 950
133 952
133 953
133 954
133 957
133 960
133 961
133 963
133 964
133 965
133 966
133 970
133 973
133 975
133 979
133 980
133 981
133 985
133 987
133 990
133 991
133 992
133 993
133 995
133 997
133 998
133 999
134 502
134 503
134 504
134 507
134 509
134 510
134 511
134 512
134 515
134 519
134 520
134 524
134 525
134 527
134 531
134 532
134 533
134 534
134 536
134 538
134 539
134 540
134 544
134 547
134 549
134 550
134 552
134 554
134 556
134 560
134 563
134 566
134 568
134 569
134 570
134 573
134 574
134 575
134 576
134 577
134 581
134 589
134 590
134 591
134 592
134 593
134 594
134 599
134 602
134 603
134 604
134 605
134 606
134 608
134 613
134 616
134 620
134 623
134 626
134 627
134 629
134 630
134 634
134 635
134 636
134 637
134 638
134 639
134 640
134 641
134 645
134 650
134 659
134 660
134 661
134 662
134 664
134 666
134 667
134 671
134 672
134 675
134 681
134 682
134 683
134 686
134 688
134 690
134 691
134 692
134 694
134 695
134 696
134 698
134 699
134 700
134 702
134 703
134 708
134 712
134 713
134 718
134 719
134 723
134 724
134 729
134 731
134 733
134 734
134 735
134 736
134 737
134 743
134 745
134 748
134 752
134 754
134 757
134 758
134 759
134 763
134 764
134 766
134 767
134 769
134 770
134 771
134 774
134 776
134 779
134 780
134 781
134 787
134 790
134 791
134 792
134 793
134 794
134 796
134 797
134 798
134 799
134 800
134 801
134 802
134 805
134 808
134 810
134 812
134 813
134 816
134 820
134 821
134 822
134 823
134 825
134 826
134 827
134 828
134 830
134 831
134 833
134 835
134 836
134 837
134 841
134 845
134 846
134 848
134 849
134 851
134 852
134 853
134 854
134 856
134 857
134 859
134 862
134 863
134 865
134 867
134 873
134 874
134 875
134 876
134 877
134 879
134 880
134 886
134 888
134 890
134 892
134 893
134 895
134 897
134 899
134 902
134 904
134 907
134 911
134 913
134 915
134 916
134 921
134 922
134 923
134 924
134 926
134 927
134 929
134 930
134 933
134 935
134 939
134 940
134 942
134 944
134 951
134 952
134 953
134 954
134 955
134 959
134 960
134 961
134 962
134 963
134 964
134 966
134 968
134 971
134 973
134 974
134 975
134 976
134 977
134 978
134 979
134 980
134 981
134 984
134 985
134 992
134 997
135 505
135 507
135 517
135 518
135 520
135 521
135 523
135 525
135 526
135 529
135 530
135 532
135 533
135 534
135 537
135 538
135 539
135 540
135 544
135 548
135 549
135 551
135 553
135 554
135 557
135 558
135 560
135 561
135 562
135 566
135 567
135 569
135 570
135 571
135 573
135 574
135 575
135 581
135 583
135 584
135 585
135 586
135 587
135 589
135 590
135 593
135 594
135 595
135 599
135 601
135 602
135 603
135 605
135 608
135 609
135 610
135 613
135 614
135 615
135 616
135 620
135 622
135 623
135 625
135 627
135 633
135 634
135 636
135 637
135 641
135 643
135 645
135 646
135 648
135 649
135 650
135 652
135 658
135 659
135 661
135 664
135 669
135 674
135 675
135 677
135 678
135 679
135 680
135 681
135 682
135 684
135 685
135 689
135 690
135 693
135 694
135 701
135 705
135 708
135 710
135 711
135 712
135 714
135 715
135 718
135 722
135 727
135 730
135 737
135 738
135 742
135 745
135 747
135 750
135 752
135 754
135 756
135 761
135 766
135 767
135 768
135 770
135 771
135 773
135 775
135 777
135 778
135 779
135 788
135 789
135 794
135 797
135 798
135 800
135 801
135 802
135 803
135 805
135 806
135 809
135 813
135 815
135 816
135 818
135 820
135 821
135 822
135 823
135 824
135 828
135 830
135 833
135 835
135 838
135 840
135 842
135 843
135 850
135 853
135 854
135 855
135 856
135 857
135 858
135 859
135 860
135 861
135 864
135 867
135 868
135 869
135 871
135 875
135 876
135 880
135 881
135 882
135 883
135 885
135 886
135 887
135 889
135 897
135 901
135 902
135 906
135 909
135 911
135 913
135 914
135 915
135 916
135 920
135 921
135 922
135 923
135 924
135 926
135 927
135 930
135 934
135 935
135 936
135 937
135 938
135 940
135 941
135 950
135 951
135 957
135 958
135 959
135 961
135 962
135 963
135 966
135 967
135 970
135 976
135 977
135 980
135 981
135 983
135 984
135 986
135 991
135 993
135 994
135 995
135 996
135 999
136 508
136 509
136 511
136 512
136 514
136 516
136 523
136 526
136 528
136 529
136 530
136 534
136 536
136 539
136 541
136 543
136 545
136 546
136 550
136 552
136 554
136 556
136 558
136 560
136 562
136 563
136 565
136 566
136 567
136 568
136 569
136 570
136 573
136 574
136 575
136 576
136 579
136 580
136 584
136 585
136 587
136 588
136 589
136 590
136 591
136 592
136 593
136 596
136 597
136 598
136 600
136 601
136 602
136 603
136 604
136 605
136 606
136 607
136 611
136 612
136 613
136 614
136 616
136 617
136 619
136 627
136 628
136 630
136 631
136 632
136 635
136 640
136 641
136 643
136 644
136 645
136 646
136 647
136 651
136 658
136 660
136 662
136 664
136 666
136 670
136 673
136 674
136 678
136 679
136 686
136 687
136 690
136 691
136 692
136 694
136 696
136 698
136 700
136 701
136 704
136 705
136 713
136 717
136 718
136 719
136 720
136 721
136 723
136 724
136 725
136 726
136 728
136 729
136 731
136 734
136 735
136 736
136 737
136 739
136 740
136 741
136 743
136 744
136 745
136 747
136 748
136 752
136 754
136 756
136 759
136 762
136 763
136 766
136 767
136 769
136 770
136 771
136 772
136 773
136 774
136 783
136 785
136 786
136 787
136 789
136 790
136 791
136 797
136 798
136 802
136 805
136 806
136 807
136 809
136 811
136 816
136 820
136 821
136 824
136 825
136 827
136 829
136 830
136 831
136 834
136 837
136 839
136 843
136 845
136 847
136 853
136 854
136 855
136 857
136 861
136 865
136 867
136 868
136 872
136 873
136 874
136 875
136 877
136 878
136 882
136 884
136 885
136 886
136 888
136 891
136 892
136 893
136 896
136 898
136 900
136 902
136 903
136 905
136 908
136 910
136 912
136 914
136 915
136 921
136 925
136 927
136 928
136 929
136 933
136 939
136 940
136 942
136 949
136 953
136 954
136 955
136 956
136 957
136 958
136 960
136 961
136 962
136 964
136 965
136 967
136 970
136 972
136 973
136 975
136 978
136 979
136 980
136 981
136 984
136 985
136 986
136 988
136 991
136 993
136 994
136 996
137 503
137 504
137 506
137 507
137 515
137 516
137 518
137 523
137 524
137 527
137 529
137 530
137 536
137 539
137 543
137 544
137 546
137 549
137 550
137 551
137 553
137 557
137 558
137 562
137 567
137 568
137 571
137 572
137 573
137 577
137 578
137 588
137 591
137 592
137 595
137 596
137 600
137 601
137 602
137 607
137 610
137 611
137 613
137 621
137 624
137 628
137 631
137 632
137 635
137 637
137 643
137 646
137 648
137 649
137 650
137 652
137 654
137 657
137 671
137 672
137 673
137 674
137 677
137 679
137 681
137 682
137 686
137 688
137 691
137 692
137 695
137 696
137 698
137 699
137 700
137 702
137 707
137 709
137 710
137 711
137 712
137 713
137 717
137 722
137 723
137 724
137 726
137 727
137 728
137 729
137 730
137 732
137 733
137 735
137 737
137 742
137 743
137 747
137 749
137 750
137 751
137 752
137 753
137 754
137 758
137 759
137 765
137 766
137 768
137 769
137 770
137 771
137 773
137 775
137 785
137 786
137 787
137 788
137 790
137 792
137 794
137 795
137 797
137 799
137 801
137 806
137 807
137 811
137 815
137 818
137 823
137 825
137 829
137 834
137 837
137 839
137 840
137 841
137 842
137 843
137 845
137 846
137 847
137 848
137 851
137 854
137 858
137 862
137 863
137 864
137 865
137 867
137 868
137 872
137 874
137 875
137 882
137 883
137 887
137 889
137 891
137 892
137 894
137 896
137 898
137 899
137 900
137 901
137 902
137 903
137 908
137 909
137 911
137 915
137 916
137 917
137 918
137 920
137 921
137 922
137 923
137 925
137 927
137 928
137 929
137 931
137 934
137 937
137 944
137 947
137 948
137 949
137 950
137 956
137 960
137 961
137 965
137 966
137 968
137 971
137 973
137 975
137 977
137 978
137 981
137 982
137 983
137 985
137 991
137 994
137 999
137 1000
138 502
138 503
138 505
138 506
138 511
138 514
138 516
138 517
138 521
138 522
138 525
138 527
138 530
138 531
138 532
138 535
138 536
138 538
138 539
138 542
138 543
138 544
138 545
138 546
138 549
138 550
138 551
138 553
138 554
138 555
138 556
138 558
138 559
138 562
138 567
138 568
138 569
138 570
138 571
138 576
138 581
138 584
138 585
138 586
138 587
138 590
138 591
138 598
138 601
138 602
138 605
138 607
138 608
138 609
138 610
138 615
138 616
138 617
138 619
138 622
138 623
138 625
138 626
138 627
138 629
138 630
138 631
138 632
138 636
138 640
138 641
138 642
138 643
138 646
138 648
138 649
138 650
138 652
138 655
138 658
138 660
138 664
138 666
138 668
138 670
138 671
138 674
138 675
138 676
138 677
138 678
138 680
138 682
138 683
138 685
138 686
138 688
138 691
138 692
138 693
138 696
138 702
138 703
138 706
138 707
138 710
138 711
138 712
138 715
138 717
138 718
138 721
138 725
138 726
138 729
138 731
138 732
138 733
138 734
138 735
138 736
138 737
138 738
138 739
138 741
138 742
138 743
138 744
138 745
138 753
138 755
138 756
138 757
138 759
138 760
138 761
138 762
138 763
138 769
138 770
138 771
138 772
138 773
138 776
138 778
138 781
138 782
138 783
138 784
138 785
138 788
138 790
138 792
138 794
138 796
138 797
138 798
138 802
138 805
138 809
138 810
138 811
138 812
138 813
138 815
138 816
138 821
138 825
138 830
138 831
138 832
138 833
138 834
138 835
138 839
138 841
138 842
138 846
138 847
138 849
138 850
138 851
138 852
138 858
138 859
138 863
138 864
138 865
138 866
138 868
138 869
138 870
138 872
138 875
138 881
138 882
138 884
138 885
138 888
138 889
138 890
138 891
138 892
138 898
138 900
138 901
138 903
138 904
138 905
138 906
138 907
138 909
138 913
138 914
138 915
138 916
138 918
138 920
138 922
138 926
138 929
138 930
138 931
138 933
138 935
138 936
138 941
138 943
138 944
138 945
138 946
138 951
138 953
138 955
138 957
138 960
138 962
138 964
138 965
138 966
138 967
138 968
138 972
138 974
138 975
138 976
138 978
138 980
138 983
138 984
138 987
138 988
138 989
138 990
138 991
138 992
138 993
138 995
138 996
138 997
138 999
139 501
139 505
139 508
139 509
139 511
139 512
139 514
139 517
139 518
139 519
139 521
139 522
139 523
139 524
139 526
139 527
139 528
139 530
139 532
139 533
139 536
139 540
139 542
139 544
139 545
139 546
139 547
139 549
139 551
139 552
139 553
139 556
139 559
139 562
139 563
139 567
139 568
139 570
139 574
139 575
139 576
139 577
139 578
139 580
139 581
139 584
139 585
139 587
139 588
139 591
139 592
139 593
139 594
139 595
139 600
139 602
139 603
139 604
139 606
139 608
139 610
139 611
139 613
139 618
139 622
139 623
139 630
139 631
139 632
139 636
139 637
139 640
139 642
139 643
139 644
139 646
139 647
139 649
139 651
139 653
139 654
139 655
139 657
139 659
139 660
139 663
139 664
139 666
139 667
139 673
139 675
139 676
139 677
139 682
139 683
139 685
139 687
139 691
139 692
139 694
139 696
139 697
139 699
139 700
139 703
139 704
139 705
139 708
139 709
139 713
139 715
139 716
139 718
139 720
139 721
139 722
139 723
139 726
139 727
139 729
139 731
139 736
139 738
139 739
139 741
139 743
139 744
139 746
139 747
139 748
139 749
139 750
139 751
139 752
139 753
139 754
139 757
139 760
139 761
139 762
139 764
139 766
139 767
139 768
139 769
139 774
139 777
139 779
139 780
139 781
139 782
139 784
139 785
139 790
139 791
139 792
139 793
139 796
139 798
139 801
139 802
139 803
139 805
139 806
139 807
139 808
139 813
139 819
139 820
139 823
139 824
139 827
139 834
139 835
139 837
139 838
139 841
139 843
139 844
139 845
139 846
139 847
139 848
139 852
139 857
139 862
139 863
139 864
139 866
139 868
139 870
139 872
139 873
139 874
139 877
139 879
139 880
139 884
139 885
139 886
139 888
139 890
139 892
139 893
139 895
139 897
139 898
139 905
139 906
139 908
139 911
139 912
139 914
139 916
139 920
139 921
139 924
139 925
139 926
139 927
139 929
139 930
139 931
139 932
139 933
139 934
139 937
139 941
139 942
139 943
139 944
139 948
139 949
139 950
139 953
139 954
139 955
139 957
139 958
139 959
139 962
139 963
139 964
139 965
139 966
139 968
139 971
139 972
139 973
139 975
139 977
139 982
139 983
139 984
139 985
139 990
139 994
139 995
139 996
139 997
139 999
140 503
140 505
140 506
140 507
140 508
140 510
140 511
140 521
140 522
140 525
140 527
140 529
140 530
140 533
140 534
140 535
140 539
140 541
140 543
140 544
140 545
140 551
140 552
140 553
140 556
140 557
140 558
140 559
140 560
140 561
140 562
140 563
140 565
140 567
140 568
140 569
140 572
140 575
140 577
140 581
140 582
140 583
140 585
140 586
140 588
140 590
140 592
140 594
140 595
140 597
140 602
140 603
140 606
140 607
140 613
140 614
140 615
140 616
140 618
140 620
140 621
140 622
140 623
140 624
140 626
140 633
140 634
140 636
140 637
140 638
140 641
140 642
140 643
140 646
140 648
140 650
140 652
140 653
140 655
140 657
140 660
140 662
140 663
140 664
140 665
140 668
140 669
140 674
140 678
140 679
140 680
140 681
140 682
140 683
140 684
140 685
140 686
140 689
140 690
140 692
140 693
140 694
140 695
140 700
140 701
140 702
140 705
140 707
140 708
140 712
140 715
140 718
140 719
140 720
140 721
140 723
140 724
140 726
140 730
140 733
140 734
140 735
140 736
140 737
140 738
140 741
140 743
140 745
140 746
140 749
140 750
140 751
140 752
140 753
140 754
140 759
140 760
140 762
140 765
140 766
140 768
140 770
140 774
140 775
140 776
140 777
140 778
140 779
140 780
140 784
140 785
140 786
140 787
140 789
140 790
140 791
140 792
140 793
140 795
140 797
140 798
140 801
140 802
140 805
140 806
140 807
140 810
140 811
140 816
140 822
140 823
140 826
140 831
140 832
140 834
140 835
140 836
140 838
140 839
140 840
140 842
140 843
140 849
140 851
140 852
140 853
140 855
140 857
140 858
140 859
140 860
140 861
140 862
140 863
140 865
140 867
140 868
140 869
140 872
140 874
140 875
140 876
140 878
140 880
140 881
140 883
140 884
140 885
140 886
140 890
140 892
140 895
140 896
140 897
140 898
140 901
140 903
140 904
140 906
140 907
140 908
140 910
140 911
140 912
140 913
140 914
140 916
140 917
140 919
140 920
140 922
140 923
140 926
140 928
140 929
140 931
140 934
140 935
140 936
140 938
140 941
140 944
140 948
140 953
140 955
140 957
140 958
140 961
140 962
140 963
140 968
140 971
140 973
140 974
140 976
140 977
140 979
140 982
140 984
140 985
140 986
140 987
140 990
140 991
140 992
140 993
140 996
140 1000
141 501
141 503
141 504
141 505
141 506
141 511
141 513
141 516
141 520
141 521
141 523
141 524
141 527
141 529
141 530
141 531
141 537
141 539
141 544
141 546
141 547
141 549
141 550
141 551
141 552
141 556
141 557
141 559
141 561
141 564
141 567
141 569
141 574
141 575
141 576
141 580
141 581
141 585
141 586
141 587
141 588
141 589
141 594
141 596
141 597
141 598
141 602
141 603
141 604
141 605
141 609
141 610
141 611
141 616
141 617
141 618
141 619
141 620
141 622
141 625
141 626
141 627
141 628
141 629
141 630
141 632
141 637
141 638
141 639
141 640
141 643
141 644
141 645
141 646
141 649
141 652
141 653
141 654
141 656
141 657
141 658
141 659
141 660
141 662
141 663
141 666
141 667
141 668
141 672
141 675
141 676
141 677
141 680
141 681
141 682
141 683
141 684
141 686
141 687
141 688
141 689
141 694
141 695
141 696
141 697
141 698
141 699
141 700
141 703
141 704
141 707
141 708
141 709
141 710
141 712
141 714
141 715
141 717
141 720
141 722
141 723
141 724
141 725
141 726
141 728
141 729
141 732
141 733
141 734
141 736
141 738
141 739
141 740
141 741
141 742
141 745
141 746
141 747
141 748
141 754
141 757
141 759
141 760
141 763
141 764
141 766
141 767
141 768
141 769
141 774
141 775
141 777
141 781
141 782
141 784
141 785
141 787
141 788
141 789
141 790
141 791
141 794
141 797
141 800
141 801
141 802
141 803
141 807
141 810
141 812
141 814
141 817
141 819
141 820
141 821
141 823
141 830
141 834
141 836
141 838
141 844
141 845
141 846
141 847
141 848
141 849
141 851
141 853
141 855
141 856
141 858
141 859
141 861
141 862
141 864
141 865
141 866
141 869
141 870
141 873
141 875
141 876
141 879
141 883
141 888
141 890
141 893
141 895
141 900
141 901
141 902
141 903
141 904
141 905
141 909
141 911
141 912
141 913
141 915
141 916
141 918
141 919
141 921
141 922
141 923
141 925
141 926
141 927
141 928
141 932
141 933
141 934
141 935
141 936
141 941
141 946
141 947
141 951
141 954
141 957
141 960
141 962
141 965
141 968
141 975
141 977
141 979
141 983
141 984
141 985
141 989
141 990
141 995
141 996
141 997
141 998
141 999
142 510
142 511
142 513
142 514
142 515
142 516
142 519
142 522
142 524
142 525
142 526
142 528
142 536
142 539
142 540
142 541
142 545
142 546
142 548
142 549
142 551
142 555
142 557
142 558
142 562
142 565
142 566
142 573
142 574
142 576
142 580
142 584
142 585
142 586
142 587
142 590
142 600
142 601
142 603
142 604
142 607
142 608
142 610
142 611
142 612
142 613
142 614
142 616
142 623
142 626
142 627
142 630
142 631
142 632
142 634
142 637
142 641
142 644
142 651
142 653
142 654
142 657
142 658
142 662
142 663
142 665
142 666
142 667
142 669
142 670
142 671
142 672
142 673
142 675
142 676
142 677
142 679
142 680
142 684
142 686
142 688
142 690
142 692
142 693
142 694
142 697
142 702
142 706
142 707
142 709
142 713
142 714
142 718
142 720
142 721
142 723
142 724
142 726
142 727
142 728
142 729
142 732
142 734
142 735
142 738
142 739
142 741
142 742
142 744
142 745
142 746
142 749
142 750
142 753
142 755
142 758
142 761
142 762
142 768
142 769
142 770
142 771
142 776
142 777
142 778
142 779
142 782
142 783
142 788
142 789
142 796
142 797
142 801
142 806
142 807
142 809
142 810
142 814
142 815
142 818
142 819
142 820
142 821
142 822
142 825
142 827
142 832
142 833
142 834
142 837
142 841
142 842
142 843
142 845
142 846
142 847
142 848
142 851
142 852
142 854
142 857
142 858
142 861
142 863
142 866
142 869
142 870
142 874
142 875
142 880
142 883
142 885
142 886
142 887
142 888
142 889
142 890
142 893
142 894
142 899
142 901
142 905
142 906
142 907
142 908
142 909
142 910
142 915
142 927
142 929
142 933
142 935
142 938
142 940
142 942
142 943
142 946
142 947
142 948
142 950
142 952
142 953
142 954
142 955
142 957
142 958
142 960
142 962
142 963
142 965
142 966
142 967
142 969
142 970
142 971
142 972
142 973
142 978
142 979
142 981
142 982
142 983
142 984
142 985
142 986
142 990
142 995
142 996
142 998
143 502
143 503
143 504
143 506
143 507
143 511
143 514
143 516
143 517
143 519
143 521
143 525
143 526
143 530
143 532
143 533
143 534
143 536
143 537
143 538
143 540
143 541
143 542
143 543
143 550
143 551
143 552
143 554
143 555
143 556
143 558
143 560
143 561
143 565
143 567
143 570
143 573
143 574
143 575
143 579
143 583
143 584
143 585
143 586
143 587
143 588
143 590
143 592
143 595
143 602
143 604
143 605
143 607
143 608
143 610
143 614
143 615
143 616
143 618
143 624
143 625
143 626
143 627
143 629
143 632
143 633
143 635
143 641
143 643
143 646
143 647
143 652
143 657
143 658
143 659
143 660
143 661
143 662
143 663
143 664
143 665
143 668
143 670
143 671
143 673
143 675
143 677
143 679
143 680
143 683
143 684
143 685
143 687
143 691
143 692
143 693
143 697
143 699
143 701
143 702
143 704
143 706
143 708
143 711
143 714
143 716
143 719
143 720
143 721
143 722
143 725
143 726
143 727
143 731
143 732
143 733
143 734
143 735
143 737
143 740
143 741
143 743
143 745
143 746
143 748
143 750
143 753
143 754
143 756
143 758
143 759
143 760
143 761
143 763
143 764
143 766
143 767
143 771
143 772
143 775
143 776
143 779
143 780
143 783
143 785
143 786
143 787
143 790
143 792
143 793
143 796
143 800
143 801
143 802
143 803
143 804
143 805
143 807
143 809
143 810
143 811
143 812
143 813
143 815
143 816
143 820
143 821
143 823
143 826
143 827
143 829
143 831
143 832
143 833
143 834
143 835
143 837
143 841
143 842
143 844
143 846
143 847
143 848
143 850
143 854
143 857
143 858
143 860
143 865
143 866
143 867
143 870
143 873
143 874
143 875
143 879
143 881
143 882
143 884
143 885
143 886
143 887
143 890
143 895
143 896
143 897
143 898
143 899
143 900
143 901
143 902
143 903
143 907
143 911
143 913
143 917
143 918
143 919
143 920
143 922
143 925
143 926
143 928
143 931
143 932
143 933
143 935
143 936
143 939
143 940
143 942
143 945
143 948
143 949
143 951
143 956
143 958
143 962
143 964
143 966
143 967
143 970
143 971
143 980
143 981
143 983
143 989
143 990
143 993
143 994
143 999
143 1000
144 501
144 503
144 504
144 505
144 508
144 509
144 510
144 512
144 513
144 516
144 522
144 526
144 527
144 528
144 529
144 531
144 536
144 537
144 538
144 539
144 540
144 543
144 544
144 545
144 546
144 547
144 549
144 550
144 551
144 556
144 559
144 560
144 561
144 563
144 564
144 566
144 567
144 568
144 570
144 571
144 579
144 580
144 582
144 584
144 585
144 586
144 588
144 589
144 592
144 595
144 597
144 598
144 599
144 600
144 601
144 603
144 608
144 609
144 610
144 611
144 612
144 613
144 614
144 615
144 617
144 618
144 625
144 627
144 629
144 630
144 635
144 636
144 637
144 639
144 645
144 646
144 647
144 649
144 650
144 651
144 652
144 654
144 655
144 657
144 658
144 660
144 661
144 662
144 663
144 665
144 666
144 667
144 668
144 669
144 673
144 674
144 675
144 676
144 679
144 683
144 686
144 688
144 689
144 692
144 693
144 694
144 697
144 698
144 699
144 700
144 701
144 702
144 703
144 705
144 706
144 707
144 708
144 709
144 710
144 711
144 712
144 714
144 715
144 717
144 719
144 724
144 725
144 727
144 728
144 729
144 733
144 734
144 735
144 736
144 738
144 741
144 742
144 748
144 749
144 753
144 758
144 762
144 765
144 770
144 771
144 773
144 774
144 779
144 781
144 782
144 783
144 784
144 786
144 788
144 789
144 793
144 797
144 799
144 804
144 806
144 807
144 809
144 810
144 813
144 814
144 816
144 817
144 818
144 821
144 822
144 825
144 826
144 827
144 831
144 833
144 836
144 837
144 839
144 841
144 844
144 848
144 851
144 852
144 854
144 855
144 856
144 859
144 860
144 864
144 865
144 866
144 867
144 868
144 869
144 870
144 871
144 874
144 875
144 879
144 880
144 881
144 883
144 884
144 887
144 891
144 892
144 894
144 895
144 899
144 903
144 906
144 909
144 911
144 912
144 917
144 918
144 919
144 920
144 921
144 925
144 926
144 928
144 929
144 930
144 936
144 937
144 941
144 942
144 946
144 949
144 952
144 954
144 955
144 957
144 960
144 962
144 965
144 966
144 967
144 970
144 972
144 973
144 975
144 980
144 981
144 982
144 983
144 985
144 987
144 988
144 990
144 991
144 992
144 995
144 996
144 997
144 1000
145 501
145 503
145 504
145 505
145 507
145 508
145 510
145 512
145 515
145 516
145 520
145 523
145 524
145 527
145 528
145 530
145 531
145 532
145 536
145 539
145 541
145 549
145 550
145 553
145 559
145 561
145 563
145 564
145 565
145 567
145 568
145 569
145 570
145 572
145 574
145 575
145 576
145 577
145 578
145 581
145 582
145 586
145 591
145 594
145 595
145 596
145 598
145 599
145 600
145 602
145 604
145 605
145 606
145 607
145 608
145 609
145 610
145 613
145 614
145 616
145 617
145 618
145 619
145 624
145 627
145 628
145 629
145 632
145 634
145 635
145 637
145 639
145 641
145 644
145 645
145 646
145 647
145 648
145 649
145 650
145 652
145 655
145 657
145 659
145 661
145 663
145 664
145 665
145 666
145 667
145 668
145 674
145 677
145 678
145 681
145 682
145 684
145 686
145 687
145 688
145 692
145 693
145 694
145 695
145 696
145 698
145 699
145 700
145 702
145 703
145 704
145 706
145 709
145 711
145 716
145 717
145 719
145 720
145 721
145 722
145 724
145 727
145 728
145 730
145 731
145 732
145 733
145 735
145 736
145 737
145 738
145 740
145 743
145 744
145 745
145 750
145 753
145 755
145 759
145 760
145 761
145 763
145 769
145 771
145 773
145 775
145 776
145 778
145 779
145 780
145 781
145 786
145 787
145 788
145 789
145 791
145 793
145 794
145 797
145 798
145 799
145 801
145 802
145 803
145 805
145 807
145 810
145 811
145 813
145 814
145 817
145 818
145 819
145 821
145 822
145 823
145 825
145 826
145 827
145 828
145 832
145 834
145 837
145 838
145 840
145 849
145 850
145 851
145 852
145 856
145 858
145 860
145 862
145 864
145 865
145 869
145 872
145 873
145 874
145 875
145 876
145 878
145 882
145 883
145 885
145 886
145 889
145 890
145 895
145 898
145 900
145 902
145 904
145 905
145 909
145 910
145 911
145 912
145 914
145 918
145 919
145 921
145 923
145 924
145 926
145 927
145 928
145 930
145 932
145 934
145 936
145 937
145 938
145 939
145 940
145 941
145 943
145 944
145 945
145 948
145 950
145 952
145 953
145 954
145 955
145 956
145 958
145 961
145 962
145 963
145 964
145 965
145 967
145 969
145 970
145 973
145 978
145 979
145 980
145 981
145 982
145 984
145 985
145 986
145 988
145 990
145 993
145 994
145 996
145 999
146 501
146 503
146 505
146 506
146 507
146 509
146 510
146 511
146 515
146 516
146 522
146 523
146 524
146 525
146 526
146 527
146 529
146 530
146 532
146 533
146 535
146 536
146 538
146 541
146 542
146 544
146 547
146 549
146 550
146 551
146 552
146 554
146 558
146 563
146 564
146 565
146 566
146 568
146 569
146 570
146 573
146 574
146 578
146 579
146 581
146 583
146 585
146 587
146 588
146 592
146 594
146 595
146 596
146 599
146 603
146 604
146 605
146 607
146 610
146 613
146 615
146 616
146 617
146 618
146 620
146 623
146 625
146 630
146 631
146 632
146 634
146 637
146 638
146 639
146 641
146 642
146 644
146 647
146 648
146 649
146 650
146 655
146 657
146 658
146 660
146 662
146 663
146 664
146 666
146 668
146 670
146 672
146 674
146 678
146 682
146 683
146 684
146 685
146 686
146 687
146 690
146 691
146 692
146 693
146 695
146 696
146 697
146 703
146 704
146 705
146 707
146 710
146 711
146 714
146 717
146 721
146 723
146 724
146 725
146 728
146 730
146 739
146 742
146 743
146 744
146 747
146 752
146 757
146 759
146 761
146 764
146 766
146 767
146 769
146 771
146 772
146 775
146 776
146 777
146 778
146 783
146 784
146 785
146 786
146 789
146 791
146 794
146 796
146 798
146 799
146 801
146 802
146 804
146 805
146 806
146 810
146 812
146 813
146 814
146 815
146 823
146 824
146 825
146 826
146 827
146 828
146 829
146 830
146 831
146 833
146 834
146 835
146 837
146 840
146 842
146 844
146 847
146 851
146 855
146 857
146 860
146 862
146 865
146 866
146 867
146 869
146 872
146 873
146 878
146 879
146 883
146 884
146 885
146 887
146 889
146 890
146 891
146 892
146 893
146 894
146 896
146 898
146 900
146 901
146 902
146 903
146 906
146 907
146 911
146 915
146 916
146 917
146 918
146 920
146 921
146 922
146 923
146 924
146 925
146 926
146 927
146 930
146 935
146 936
146 937
146 942
146 946
146 947
146 949
146 955
146 956
146 958
146 959
146 960
146 961
146 963
146 967
146 972
146 973
146 974
146 977
146 978
146 979
146 980
146 981
146 982
146 983
146 985
146 987
146 989
146 992
146 993
146 994
146 995
146 998
146 999
146 1000
147 501
147 502
147 503
147 504
147 505
147 510
147 515
147 517
147 518
147 520
147 524
147 526
147 527
147 529
147 531
147 532
147 533
147 534
147 538
147 544
147 547
147 551
147 552
147 553
147 554
147 555
147 556
147 557
147 561
147 562
147 566
147 567
147 568
147 572
147 573
147 575
147 576
147 579
147 580
147 581
147 585
147 587
147 588
147 593
147 596
147 597
147 600
147 601
147 602
147 603
147 607
147 608
147 610
147 612
147 615
147 617
147 620
147 621
147 624
147 625
147 629
147 631
147 632
147 636
147 637
147 641
147 642
147 643
147 644
147 645
147 647
147 649
147 650
147 651
147 653
147 654
147 655
147 661
147 664
147 666
147 667
147 668
147 669
147 670
147 674
147 677
147 685
147 688
147 689
147 690
147 691
147 695
147 697
147 699
147 701
147 702
147 703
147 704
147 708
147 710
147 712
147 714
147 718
147 722
147 723
147 724
147 725
147 727
147 728
147 729
147 730
147 732
147 734
147 735
147 736
147 737
147 738
147 739
147 741
147 744
147 745
147 748
147 750
147 751
147 752
147 753
147 754
147 755
147 758
147 760
147 761
147 763
147 765
147 772
147 773
147 776
147 777
147 778
147 779
147 783
147 784
147 786
147 787
147 789
147 790
147 791
147 794
147 796
147 797
147 798
147 802
147 803
147 806
147 807
147 811
147 815
147 816
147 817
147 819
147 820
147 821
147 823
147 824
147 825
147 826
147 828
147 830
147 831
147 836
147 837
147 839
147 841
147 844
147 846
147 847
147 848
147 852
147 853
147 858
147 859
147 864
147 869
147 870
147 872
147 876
147 878
147 879
147 880
147 882
147 883
147 884
147 888
147 890
147 892
147 893
147 894
147 895
147 897
147 899
147 901
147 902
147 903
147 906
147 908
147 910
147 912
147 913
147 916
147 920
147 923
147 926
147 928
147 929
147 930
147 932
147 933
147 934
147 935
147 936
147 937
147 938
147 940
147 943
147 944
147 948
147 949
147 950
147 951
147 954
147 957
147 959
147 963
147 965
147 966
147 969
147 972
147 973
147 974
147 976
147 977
147 981
147 984
147 985
147 986
147 990
147 991
147 992
147 993
147 994
147 995
147 997
147 999
147 1000
148 502
148 503
148 505
148 507
148 509
148 511
148 512
148 514
148 518
148 519
148 522
148 526
148 528
148 531
148 532
148 534
148 536
148 537
148 539
148 541
148 542
148 547
148 548
148 550
148 552
148 554
148 556
148 560
148 561
148 562
148 563
148 566
148 569
148 570
148 571
148 572
148 575
148 577
148 578
148 583
148 584
148 585
148 587
148 588
148 590
148 591
148 593
148 594
148 595
148 596
148 597
148 599
148 600
148 602
148 603
148 604
148 605
148 606
148 608
148 609
148 610
148 611
148 612
148 613
148 614
148 615
148 617
148 619
148 620
148 622
148 624
148 625
148 626
148 627
148 630
148 632
148 633
148 634
148 635
148 638
148 640
148 642
148 647
148 650
148 651
148 652
148 654
148 657
148 658
148 659
148 660
148 663
148 665
148 666
148 667
148 672
148 674
148 675
148 676
148 679
148 683
148 684
148 686
148 687
148 688
148 689
148 690
148 697
148 698
148 699
148 702
148 704
148 705
148 706
148 708
148 709
148 711
148 712
148 713
148 717
148 718
148 719
148 720
148 722
148 723
148 725
148 728
148 731
148 734
148 735
148 736
148 737
148 740
148 742
148 744
148 747
148 751
148 752
148 755
148 760
148 761
148 764
148 767
148 768
148 769
148 770
148 771
148 772
148 775
148 776
148 777
148 778
148 779
148 780
148 784
148 785
148 786
148 787
148 788
148 790
148 791
148 792
148 794
148 795
148 797
148 798
148 800
148 801
148 802
148 803
148 804
148 806
148 809
148 810
148 811
148 815
148 816
148 819
148 820
148 822
148 823
148 824
148 825
148 828
148 829
148 831
148 833
148 837
148 839
148 841
148 843
148 846
148 850
148 851
148 857
148 860
148 862
148 863
148 864
148 865
148 871
148 872
148 873
148 875
148 876
148 879
148 881
148 883
148 884
148 885
148 887
148 888
148 889
148 890
148 898
148 899
148 901
148 903
148 904
148 908
148 910
148 912
148 913
148 914
148 916
148 917
148 918
148 921
148 922
148 926
148 928
148 931
148 933
148 935
148 936
148 937
148 940
148 942
148 943
148 944
148 945
148 947
148 950
148 951
148 953
148 954
148 955
148 957
148 960
148 961
148 962
148 963
148 964
148 966
148 967
148 969
148 970
148 971
148 972
148 974
148 975
148 976
148 977
148 979
148 980
148 983
148 984
148 988
148 989
148 993
148 995
148 996
148 998
149 503
149 504
149 505
149 507
149 509
149 510
149 511
149 513
149 514
149 515
149 516
149 517
149 518
149 519
149 520
149 521
149 522
149 523
149 524
149 526
149 527
149 528
149 529
149 532
149 533
149 534
149 535
149 537
149 540
149 541
149 542
149 543
149 544
149 545
149 547
149 548
149 549
149 554
149 557
149 561
149 562
149 563
149 564
149 568
149 570
149 571
149 574
149 577
149 581
149 583
149 587
149 592
149 593
149 595
149 596
149 597
149 598
149 600
149 604
149 605
149 606
149 607
149 610
149 612
149 615
149 616
149 617
149 620
149 624
149 627
149 628
149 630
149 631
149 634
149 636
149 639
149 640
149 642
149 644
149 645
149 646
149 654
149 655
149 656
149 657
149 658
149 660
149 662
149 665
149 668
149 670
149 671
149 672
149 674
149 676
149 678
149 680
149 682
149 683
149 686
149 687
149 689
149 692
149 698
149 700
149 701
149 702
149 703
149 705
149 707
149 709
149 710
149 715
149 716
149 717
149 718
149 720
149 721
149 722
149 725
149 728
149 729
149 732
149 733
149 735
149 738
149 739
149 740
149 743
149 744
149 746
149 748
149 750
149 751
149 755
149 758
149 759
149 761
149 763
149 766
149 767
149 768
149 769
149 772
149 774
149 775
149 780
149 784
149 785
149 786
149 793
149 796
149 801
149 804
149 805
149 806
149 807
149 808
149 811
149 812
149 814
149 818
149 825
149 827
149 829
149 832
149 839
149 841
149 843
149 845
149 850
149 851
149 853
149 856
149 857
149 862
149 864
149 867
149 869
149 870
149 875
149 878
149 880
149 881
149 882
149 883
149 884
149 886
149 887
149 891
149 892
149 893
149 895
149 896
149 897
149 898
149 899
149 902
149 905
149 908
149 909
149 914
149 915
149 918
149 922
149 923
149 925
149 926
149 927
149 928
149 930
149 932
149 933
149 935
149 938
149 939
149 941
149 942
149 947
149 948
149 949
149 950
149 953
149 954
149 956
149 958
149 962
149 967
149 968
149 973
149 974
149 975
149 976
149 980
149 981
149 982
149 984
149 985
149 988
149 990
149 993
149 994
149 998
149 999
149 1000
150 501
150 503
150 504
150 506
150 507
150 509
150 510
150 511
150 512
150 514
150 517
150 518
150 519
150 520
150 521
150 522
150 523
150 525
150 530
150 532
150 540
150 542
150 545
150 546
150 549
150 550
150 551
150 560
150 561
150 562
150 563
150 564
150 566
150 569
150 570
150 571
150 574
150 577
150 578
150 580
150 581
150 582
150 585
150 586
150 587
150 588
150 589
150 591
150 592
150 594
150 595
150 599
150 602
150 604
150 606
150 607
150 608
150 609
150 610
150 611
150 612
150 613
150 614
150 616
150 618
150 619
150 621
150 624
150 626
150 628
150 630
150 632
150 638
150 642
150 645
150 646
150 647
150 650
150 651
150 654
150 656
150 657
150 658
150 659
150 660
150 662
150 665
150 666
150 668
150 670
150 671
150 674
150 676
150 679
150 681
150 683
150 684
150 685
150 686
150 687
150 690
150 693
150 694
150 695
150 697
150 698
150 709
150 711
150 713
150 717
150 718
150 720
150 721
150 723
150 725
150 727
150 728
150 729
150 731
150 732
150 733
150 739
150 741
150 747
150 750
150 752
150 753
150 758
150 760
150 761
150 764
150 765
150 767
150 768
150 771
150 772
150 775
150 776
150 777
150 779
150 781
150 782
150 785
150 786
150 787
150 791
150 792
150 794
150 795
150 796
150 797
150 802
150 807
150 811
150 813
150 815
150 817
150 821
150 822
150 823
150 827
150 828
150 829
150 830
150 831
150 836
150 838
150 839
150 842
150 843
150 844
150 846
150 848
150 849
150 850
150 851
150 852
150 855
150 856
150 857
150 858
150 859
150 860
150 861
150 862
150 863
150 864
150 865
150 868
150 869
150 871
150 873
150 874
150 875
150 878
150 882
150 883
150 884
150 886
150 888
150 896
150 897
150 898
150 899
150 900
150 902
150 903
150 904
150 907
150 910
150 911
150 912
150 913
150 914
150 916
150 917
150 919
150 922
150 924
150 929
150 931
150 933
150 935
150 938
150 940
150 941
150 943
150 947
150 951
150 952
150 957
150 958
150 964
150 965
150 966
150 968
150 970
150 971
150 973
150 976
150 977
150 978
150 979
150 983
150 984
150 987
150 988
150 989
150 990
150 999
151 501
151 503
151 504
151 505
151 506
151 507
151 508
151 510
151 511
151 513
151 514
151 516
151 517
151 518
151 519
151 520
151 521
151 522
151 523
151 524
151 525
151 531
151 534
151 535
151 537
151 539
151 541
151 543
151 544
151 553
151 554
151 555
151 556
151 558
151 559
151 560
151 561
151 562
151 563
151 564
151 565
151 568
151 569
151 570
151 571
151 573
151 574
151 575
151 578
151 579
151 580
151 585
151 587
151 588
151 592
151 593
151 594
151 596
151 598
151 601
151 602
151 603
151 605
151 608
151 610
151 611
151 615
151 618
151 625
151 626
151 627
151 629
151 630
151 631
151 632
151 638
151 641
151 644
151 645
151 647
151 648
151 652
151 655
151 658
151 660
151 661
151 662
151 663
151 667
151 668
151 670
151 671
151 674
151 675
151 677
151 678
151 679
151 680
151 681
151 684
151 685
151 686
151 687
151 688
151 689
151 690
151 691
151 692
151 696
151 698
151 699
151 700
151 704
151 706
151 707
151 709
151 713
151 714
151 717
151 718
151 721
151 722
151 729
151 730
151 731
151 732
151 734
151 735
151 737
151 739
151 743
151 745
151 746
151 747
151 751
151 753
151 754
151 757
151 759
151 762
151 763
151 771
151 772
151 774
151 777
151 779
151 780
151 784
151 785
151 788
151 789
151 792
151 793
151 794
151 800
151 805
151 806
151 808
151 809
151 810
151 811
151 812
151 814
151 816
151 817
151 819
151 824
151 825
151 827
151 829
151 832
151 833
151 837
151 840
151 845
151 848
151 850
151 851
151 852
151 855
151 856
151 857
151 858
151 861
151 862
151 863
151 864
151 866
151 867
151 868
151 870
151 871
151 876
151 878
151 879
151 880
151 881
151 884
151 885
151 886
151 889
151 893
151 895
151 896
151 897
151 898
151 899
151 906
151 910
151 911
151 912
151 918
151 920
151 921
151 926
151 928
151 929
151 930
151 931
151 932
151 936
151 939
151 940
151 941
151 943
151 946
151 948
151 950
151 951
151 952
151 953
151 956
151 957
151 958
151 959
151 960
151 961
151 962
151 963
151 964
151 968
151 972
151 973
151 974
151 975
151 976
151 977
151 979
151 980
151 981
151 983
151 984
151 985
151 986
151 987
151 988
151 989
151 991
151 993
151 996
151 997
152 507
152 509
152 511
152 514
152 518
152 523
152 526
152 531
152 533
152 535
152 536
152 537
152 539
152 543
152 545
152 546
152 547
152 549
152 550
152 552
152 553
152 554
152 557
152 559
152 560
152 561
152 563
152 564
152 566
152 569
152 572
152 575
152 576
152 577
152 578
152 579
152 580
152 581
152 587
152 591
152 593
152 595
152 596
152 597
152 599
152 601
152 603
152 604
152 605
152 607
152 609
152 611
152 613
152 615
152 620
152 622
152 624
152 625
152 626
152 628
152 631
152 633
152 634
152 641
152 642
152 643
152 645
152 647
152 648
152 649
152 650
152 651
152 653
152 657
152 659
152 660
152 663
152 664
152 666
152 669
152 670
152 672
152 674
152 676
152 677
152 680
152 681
152 683
152 684
152 686
152 687
152 689
152 690
152 693
152 696
152 698
152 700
152 703
152 704
152 705
152 708
152 710
152 712
152 713
152 714
152 716
152 717
152 718
152 722
152 723
152 724
152 725
152 726
152 727
152 731
152 733
152 734
152 735
152 736
152 739
152 740
152 741
152 742
152 743
152 744
152 747
152 749
152 750
152 751
152 754
152 756
152 758
152 759
152 760
152 761
152 762
152 764
152 766
152 773
152 776
152 777
152 779
152 780
152 782
152 783
152 787
152 789
152 790
152 791
152 792
152 796
152 800
152 801
152 802
152 804
152 805
152 806
152 807
152 809
152 810
152 811
152 812
152 814
152 815
152 817
152 821
152 822
152 823
152 824
152 825
152 826
152 827
152 828
152 829
152 832
152 833
152 834
152 835
152 838
152 842
152 843
152 844
152 846
152 847
152 848
152 849
152 850
152 852
152 856
152 862
152 863
152 865
152 866
152 871
152 872
152 874
152 875
152 877
152 878
152 879
152 880
152 882
152 883
152 885
152 886
152 887
152 888
152 889
152 890
152 892
152 893
152 894
152 895
152 896
152 897
152 898
152 899
152 900
152 901
152 902
152 903
152 904
152 905
152 906
152 907
152 908
152 909
152 911
152 915
152 916
152 917
152 920
152 923
152 924
152 927
152 928
152 930
152 932
152 935
152 936
152 937
152 938
152 939
152 940
152 942
152 943
152 944
152 945
152 946
152 947
152 949
152 953
152 957
152 962
152 965
152 966
152 969
152 970
152 971
152 972
152 973
152 975
152 976
152 978
152 979
152 982
152 983
152 985
152 986
152 987
152 989
152 993
152 997
152 998
152 999
153 501
153 502
153 503
153 504
153 506
153 507
153 508
153 510
153 511
153 512
153 513
153 516
153 517
153 521
153 524
153 525
153 527
153 529
153 530
153 532
153 534
153 536
153 539
153 541
153 542
153 543
153 544
153 545
153 546
153 547
153 548
153 549
153 550
153 551
153 552
153 558
153 562
153 564
153 565
153 566
153 567
153 569
153 573
153 574
153 575
153 577
153 578
153 580
153 582
153 585
153 589
153 591
153 593
153 595
153 598
153 599
153 604
153 605
153 606
153 609
153 610
153 614
153 619
153 620
153 627
153 629
153 631
153 632
153 633
153 636
153 638
153 639
153 641
153 647
153 648
153 651
153 652
153 653
153 655
153 657
153 659
153 661
153 662
153 663
153 667
153 675
153 676
153 678
153 682
153 689
153 691
153 693
153 694
153 695
153 697
153 698
153 700
153 701
153 705
153 706
153 708
153 709
153 710
153 712
153 713
153 715
153 717
153 718
153 719
153 721
153 722
153 723
153 727
153 729
153 730
153 731
153 734
153 735
153 736
153 741
153 745
153 746
153 747
153 748
153 749
153 753
153 756
153 759
153 760
153 762
153 763
153 764
153 765
153 768
153 769
153 771
153 772
153 773
153 774
153 775
153 777
153 779
153 780
153 781
153 783
153 785
153 786
153 787
153 788
153 792
153 794
153 796
153 797
153 798
153 800
153 801
153 802
153 805
153 807
153 809
153 811
153 815
153 816
153 817
153 818
153 821
153 822
153 823
153 828
153 830
153 831
153 834
153 837
153 838
153 840
153 843
153 844
153 845
153 848
153 849
153 851
153 852
153 853
153 854
153 855
153 856
153 862
153 865
153 867
153 868
153 871
153 872
153 873
153 874
153 883
153 884
153 885
153 886
153 888
153 889
153 891
153 894
153 896
153 897
153 898
153 900
153 901
153 902
153 905
153 907
153 909
153 910
153 911
153 912
153 913
153 914
153 915
153 916
153 918
153 920
153 921
153 923
153 925
153 927
153 929
153 932
153 933
153 936
153 937
153 938
153 940
153 941
153 942
153 943
153 945
153 946
153 948
153 949
153 950
153 955
153 956
153 959
153 960
153 965
153 967
153 968
153 969
153 970
153 971
153 972
153 974
153 976
153 978
153 986
153 988
153 989
153 990
153 992
153 993
153 995
153 996
153 998
154 504
154 507
154 509
154 510
154 513
154 517
154 522
154 523
154 526
154 527
154 528
154 530
154 531
154 532
154 533
154 535
154 538
154 539
154 540
154 546
154 548
154 549
154 550
154 554
154 555
154 556
154 557
154 559
154 561
154 563
154 564
154 566
154 567
154 570
154 571
154 576
154 577
154 579
154 583
154 584
154 585
154 586
154 588
154 592
154 597
154 602
154 603
154 604
154 608
154 609
154 611
154 612
154 618
154 619
154 620
154 621
154 622
154 623
154 624
154 625
154 626
154 628
154 629
154 630
154 637
154 638
154 640
154 641
154 644
154 646
154 648
154 652
154 654
154 655
154 659
154 666
154 673
154 677
154 680
154 682
154 684
154 685
154 687
154 688
154 689
154 691
154 692
154 695
154 697
154 698
154 700
154 701
154 706
154 707
154 710
154 711
154 712
154 713
154 715
154 716
154 717
154 718
154 719
154 724
154 725
154 729
154 731
154 733
154 735
154 737
154 741
154 749
154 751
154 753
154 754
154 757
154 759
154 763
154 764
154 765
154 766
154 767
154 768
154 769
154 771
154 772
154 775
154 778
154 779
154 783
154 787
154 788
154 789
154 790
154 792
154 793
154 796
154 797
154 800
154 801
154 802
154 803
154 804
154 806
154 807
154 808
154 809
154 811
154 812
154 817
154 819
154 820
154 821
154 822
154 824
154 825
154 826
154 827
154 830
154 831
154 833
154 834
154 835
154 839
154 840
154 844
154 845
154 846
154 847
154 848
154 851
154 852
154 855
154 856
154 857
154 858
154 860
154 865
154 866
154 867
154 869
154 873
154 876
154 877
154 880
154 882
154 883
154 884
154 886
154 887
154 889
154 890
154 891
154 892
154 894
154 895
154 896
154 897
154 898
154 899
154 901
154 902
154 904
154 905
154 906
154 907
154 909
154 910
154 913
154 915
154 916
154 917
154 918
154 919
154 920
154 923
154 926
154 927
154 928
154 929
154 931
154 937
154 939
154 940
154 941
154 945
154 947
154 949
154 951
154 952
154 954
154 955
154 957
154 958
154 959
154 961
154 962
154 963
154 965
154 966
154 967
154 969
154 971
154 973
154 974
154 975
154 976
154 977
154 978
154 980
154 981
154 982
154 983
154 986
154 995
154 996
154 997
154 998
154 1000
155 505
155 506
155 508
155 509
155 511
155 514
155 515
155 516
155 517
155 518
155 519
155 522
155 526
155 527
155 529
155 530
155 531
155 533
155 534
155 536
155 538
155 539
155 542
155 543
155 545
155 546
155 551
155 552
155 553
155 556
155 558
155 560
155 564
155 565
155 567
155 569
155 570
155 571
155 573
155 574
155 577
155 579
155 581
155 582
155 585
155 588
155 589
155 590
155 591
155 593
155 594
155 595
155 596
155 597
155 598
155 601
155 603
155 605
155 606
155 608
155 609
155 610
155 612
155 618
155 619
155 620
155 621
155 622
155 624
155 627
155 629
155 630
155 631
155 635
155 636
155 638
155 639
155 641
155 642
155 644
155 645
155 647
155 650
155 651
155 658
155 661
155 662
155 663
155 668
155 669
155 674
155 677
155 678
155 679
155 680
155 682
155 684
155 688
155 691
155 693
155 697
155 698
155 699
155 702
155 703
155 704
155 709
155 710
155 712
155 714
155 717
155 719
155 720
155 722
155 723
155 724
155 725
155 726
155 728
155 733
155 734
155 735
155 738
155 740
155 742
155 743
155 744
155 745
155 746
155 749
155 751
155 754
155 755
155 758
155 760
155 762
155 768
155 769
155 770
155 773
155 774
155 777
155 778
155 779
155 782
155 784
155 786
155 788
155 790
155 792
155 794
155 795
155 796
155 797
155 803
155 804
155 808
155 809
155 811
155 814
155 816
155 818
155 819
155 820
155 824
155 827
155 828
155 829
155 834
155 835
155 836
155 837
155 839
155 840
155 841
155 844
155 845
155 851
155 853
155 855
155 856
155 858
155 860
155 864
155 865
155 867
155 870
155 871
155 872
155 878
155 880
155 882
155 883
155 888
155 889
155 892
155 893
155 895
155 896
155 897
155 898
155 902
155 903
155 905
155 907
155 909
155 911
155 912
155 917
155 919
155 923
155 924
155 925
155 930
155 931
155 932
155 935
155 937
155 939
155 942
155 947
155 950
155 951
155 953
155 954
155 955
155 957
155 958
155 965
155 966
155 968
155 972
155 973
155 976
155 977
155 979
155 981
155 982
155 985
155 986
155 987
155 990
155 991
155 992
155 993
155 995
155 996
156 501
156 502
156 505
156 507
156 508
156 509
156 511
156 512
156 514
156 520
156 521
156 523
156 525
156 526
156 529
156 532
156 533
156 537
156 538
156 540
156 541
156 545
156 547
156 550
156 551
156 556
156 557
156 559
156 560
156 561
156 563
156 564
156 565
156 569
156 573
156 575
156 576
156 578
156 579
156 582
156 583
156 585
156 591
156 592
156 593
156 596
156 597
156 599
156 601
156 610
156 611
156 612
156 615
156 616
156 617
156 619
156 622
156 625
156 626
156 627
156 629
156 630
156 632
156 634
156 635
156 638
156 639
156 641
156 642
156 648
156 650
156 651
156 652
156 653
156 656
156 657
156 660
156 663
156 666
156 668
156 669
156 674
156 675
156 676
156 683
156 685
156 688
156 689
156 692
156 694
156 696
156 697
156 698
156 702
156 704
156 708
156 710
156 711
156 713
156 715
156 716
156 717
156 719
156 720
156 721
156 723
156 724
156 725
156 726
156 728
156 732
156 734
156 735
156 736
156 737
156 743
156 744
156 750
156 752
156 755
156 756
156 760
156 762
156 764
156 768
156 770
156 771
156 772
156 773
156 774
156 776
156 777
156 779
156 780
156 781
156 784
156 786
156 788
156 790
156 791
156 793
156 796
156 797
156 798
156 800
156 805
156 808
156 809
156 810
156 811
156 812
156 813
156 814
156 815
156 818
156 819
156 827
156 828
156 829
156 830
156 833
156 834
156 836
156 838
156 839
156 841
156 842
156 844
156 845
156 846
156 847
156 848
156 851
156 858
156 859
156 860
156 861
156 864
156 865
156 866
156 867
156 868
156 870
156 872
156 873
156 875
156 877
156 881
156 882
156 884
156 886
156 888
156 889
156 890
156 891
156 893
156 895
156 896
156 901
156 902
156 906
156 907
156 909
156 910
156 911
156 912
156 915
156 916
156 917
156 918
156 919
156 921
156 922
156 927
156 930
156 932
156 933
156 935
156 937
156 939
156 940
156 945
156 946
156 947
156 952
156 954
156 956
156 958
156 960
156 963
156 966
156 969
156 972
156 973
156 974
156 976
156 981
156 984
156 985
156 987
156 988
156 991
156 995
156 997
156 998
156 999
156 1000
157 501
157 502
157 503
157 504
157 505
157 506
157 508
157 511
157 513
157 514
157 515
157 516
157 517
157 519
157 523
157 530
157 531
157 532
157 534
157 535
157 536
157 539
157 540
157 541
157 543
157 545
157 547
157 548
157 550
157 552
157 553
157 556
157 560
157 564
157 565
157 568
157 570
157 572
157 574
157 575
157 576
157 577
157 579
157 582
157 583
157 590
157 591
157 593
157 594
157 595
157 597
157 598
157 602
157 604
157 606
157 607
157 608
157 611
157 616
157 617
157 619
157 621
157 622
157 624
157 625
157 626
157 627
157 628
157 629
157 630
157 634
157 639
157 641
157 642
157 644
157 645
157 648
157 649
157 651
157 652
157 653
157 654
157 656
157 657
157 659
157 660
157 661
157 662
157 663
157 667
157 668
157 678
157 680
157 683
157 685
157 686
157 688
157 693
157 694
157 695
157 696
157 699
157 702
157 706
157 707
157 710
157 711
157 712
157 714
157 720
157 721
157 722
157 724
157 730
157 732
157 734
157 735
157 737
157 742
157 743
157 745
157 749
157 752
157 753
157 756
157 757
157 758
157 759
157 760
157 761
157 762
157 763
157 766
157 767
157 770
157 771
157 773
157 774
157 777
157 781
157 784
157 785
157 786
157 787
157 790
157 796
157 797
157 799
157 801
157 803
157 804
157 805
157 807
157 811
157 812
157 816
157 825
157 827
157 832
157 833
157 836
157 837
157 840
157 842
157 843
157 844
157 846
157 847
157 850
157 851
157 853
157 854
157 856
157 858
157 859
157 861
157 864
157 866
157 868
157 869
157 870
157 872
157 873
157 874
157 876
157 877
157 880
157 881
157 882
157 885
157 886
157 888
157 889
157 890
157 891
157 893
157 894
157 896
157 897
157 898
157 899
157 900
157 901
157 902
157 903
157 907
157 908
157 909
157 911
157 912
157 913
157 914
157 915
157 916
157 917
157 918
157 919
157 922
157 924
157 925
157 927
157 931
157 932
157 933
157 935
157 936
157 940
157 941
157 942
157 943
157 944
157 948
157 950
157 951
157 953
157 956
157 957
157 958
157 961
157 962
157 964
157 968
157 969
157 972
157 973
157 976
157 980
157 982
157 984
157 985
157 986
157 987
157 988
157 989
157 990
157 991
157 992
157 995
158 502
158 503
158 510
158 511
158 514
158 516
158 518
158 520
158 521
158 523
158 524
158 525
158 527
158 528
158 531
158 532
158 535
158 540
158 541
158 543
158 545
158 546
158 547
158 548
158 556
158 557
158 558
158 559
158 560
158 564
158 566
158 570
158 573
158 574
158 575
158 578
158 585
158 586
158 589
158 590
158 593
158 594
158 597
158 598
158 600
158 601
158 602
158 603
158 606
158 609
158 612
158 614
158 615
158 616
158 617
158 618
158 619
158 623
158 624
158 627
158 631
158 633
158 634
158 635
158 637
158 639
158 640
158 641
158 642
158 644
158 645
158 650
158 652
158 654
158 657
158 661
158 662
158 666
158 667
158 670
158 672
158 673
158 674
158 678
158 680
158 684
158 685
158 688
158 694
158 695
158 698
158 703
158 704
158 705
158 708
158 709
158 712
158 715
158 719
158 720
158 723
158 725
158 726
158 727
158 728
158 729
158 731
158 733
158 734
158 735
158 736
158 737
158 738
158 739
158 740
158 741
158 746
158 748
158 749
158 750
158 755
158 758
158 759
158 760
158 761
158 763
158 764
158 768
158 773
158 776
158 778
158 781
158 782
158 784
158 786
158 787
158 789
158 793
158 795
158 797
158 798
158 799
158 800
158 804
158 805
158 806
158 807
158 809
158 810
158 813
158 815
158 816
158 817
158 818
158 820
158 822
158 824
158 825
158 826
158 828
158 830
158 833
158 835
158 837
158 838
158 841
158 842
158 844
158 845
158 849
158 851
158 852
158 853
158 857
158 860
158 861
158 863
158 864
158 865
158 869
158 870
158 871
158 874
158 879
158 882
158 884
158 887
158 889
158 892
158 895
158 900
158 903
158 904
158 906
158 908
158 909
158 910
158 911
158 915
158 916
158 918
158 919
158 920
158 922
158 923
158 924
158 925
158 926
158 927
158 930
158 931
158 932
158 934
158 940
158 942
158 943
158 944
158 948
158 949
158 954
158 955
158 956
158 962
158 967
158 970
158 974
158 975
158 976
158 979
158 980
158 981
158 982
158 983
158 985
158 986
158 987
158 988
158 992
158 993
158 994
158 995
158 996
159 502
159 506
159 507
159 508
159 510
159 514
159 515
159 516
159 518
159 520
159 521
159 523
159 524
159 525
159 527
159 528
159 532
159 534
159 535
159 538
159 539
159 540
159 543
159 544
159 545
159 547
159 549
159 555
159 559
159 560
159 561
159 562
159 567
159 569
159 571
159 576
159 577
159 579
159 582
159 585
159 587
159 588
159 589
159 590
159 591
159 592
159 593
159 595
159 596
159 597
159 601
159 603
159 604
159 606
159 607
159 609
159 610
159 613
159 615
159 616
159 617
159 618
159 620
159 622
159 623
159 627
159 629
159 631
159 632
159 633
159 635
159 640
159 641
159 642
159 643
159 644
159 647
159 649
159 651
159 653
159 657
159 661
159 662
159 664
159 665
159 669
159 670
159 671
159 673
159 677
159 679
159 680
159 682
159 684
159 685
159 686
159 688
159 690
159 692
159 699
159 701
159 702
159 704
159 705
159 708
159 709
159 713
159 715
159 720
159 721
159 724
159 725
159 726
159 729
159 731
159 733
159 738
159 744
159 749
159 751
159 753
159 755
159 756
159 757
159 760
159 764
159 767
159 769
159 771
159 775
159 777
159 778
159 781
159 782
159 784
159 787
159 790
159 793
159 794
159 795
159 797
159 800
159 801
159 804
159 807
159 808
159 809
159 810
159 813
159 814
159 815
159 816
159 819
159 820
159 822
159 826
159 827
159 828
159 829
159 830
159 831
159 833
159 834
159 837
159 838
159 840
159 841
159 842
159 843
159 844
159 845
159 846
159 848
159 850
159 852
159 854
159 856
159 857
159 858
159 859
159 862
159 864
159 865
159 866
159 867
159 872
159 878
159 881
159 884
159 886
159 887
159 891
159 892
159 893
159 894
159 895
159 902
159 903
159 905
159 907
159 913
159 914
159 915
159 919
159 920
159 922
159 925
159 927
159 928
159 929
159 930
159 932
159 933
159 934
159 935
159 937
159 939
159 941
159 942
159 944
159 945
159 946
159 947
159 948
159 949
159 950
159 951
159 953
159 955
159 956
159 958
159 959
159 960
159 962
159 963
159 964
159 968
159 969
159 971
159 972
159 975
159 977
159 982
159 984
159 988
159 991
159 995
159 996
159 997
160 502
160 506
160 508
160 509
160 510
160 514
160 516
160 521
160 522
160 524
160 526
160 527
160 528
160 529
160 531
160 532
160 533
160 535
160 536
160 537
160 538
160 541
160 543
160 546
160 547
160 553
160 557
160 560
160 561
160 563
160 564
160 565
160 566
160 567
160 569
160 570
160 571
160 572
160 573
160 575
160 578
160 579
160 581
160 582
160 588
160 590
160 594
160 596
160 598
160 599
160 600
160 602
160 603
160 605
160 608
160 612
160 614
160 615
160 616
160 617
160 619
160 623
160 626
160 631
160 633
160 634
160 635
160 639
160 641
160 642
160 645
160 651
160 652
160 653
160 656
160 663
160 666
160 667
160 668
160 673
160 674
160 676
160 677
160 678
160 679
160 680
160 682
160 683
160 685
160 686
160 690
160 692
160 694
160 695
160 696
160 700
160 703
160 707
160 708
160 710
160 711
160 712
160 713
160 715
160 716
160 717
160 718
160 721
160 723
160 726
160 727
160 731
160 734
160 735
160 736
160 737
160 739
160 741
160 742
160 745
160 746
160 751
160 752
160 753
160 755
160 756
160 758
160 760
160 762
160 763
160 765
160 768
160 769
160 770
160 771
160 773
160 774
160 778
160 780
160 787
160 788
160 790
160 791
160 792
160 793
160 794
160 795
160 798
160 802
160 804
160 806
160 807
160 808
160 809
160 812
160 813
160 817
160 818
160 820
160 823
160 824
160 826
160 828
160 829
160 834
160 837
160 838
160 843
160 844
160 845
160 847
160 853
160 855
160 857
160 858
160 861
160 862
160 865
160 866
160 867
160 868
160 869
160 870
160 872
160 875
160 880
160 881
160 882
160 883
160 884
160 886
160 887
160 888
160 890
160 892
160 893
160 894
160 896
160 899
160 900
160 902
160 904
160 906
160 907
160 914
160 915
160 916
160 917
160 920
160 923
160 924
160 925
160 926
160 929
160 933
160 936
160 937
160 939
160 941
160 945
160 947
160 948
160 949
160 950
160 953
160 954
160 955
160 956
160 957
160 959
160 964
160 965
160 969
160 970
160 972
160 974
160 976
160 977
160 981
160 982
160 983
160 984
160 988
160 990
160 992
160 993
160 995
160 998
160 999
160 1000
161 501
161 502
161 504
161 505
161 506
161 510
161 513
161 514
161 515
161 519
161 521
161 523
161 524
161 525
161 530
161 532
161 534
161 535
161 536
161 540
161 542
161 546
161 547
161 548
161 551
161 552
161 553
161 555
161 562
161 565
161 567
161 569
161 570
161 571
161 574
161 576
161 577
161 581
161 583
161 585
161 586
161 588
161 589
161 590
161 591
161 592
161 593
161 595
161 597
161 598
161 602
161 605
161 606
161 607
161 609
161 611
161 614
161 616
161 617
161 621
161 623
161 625
161 626
161 628
161 631
161 633
161 634
161 635
161 638
161 639
161 640
161 645
161 649
161 650
161 652
161 654
161 655
161 657
161 659
161 660
161 661
161 662
161 664
161 666
161 669
161 670
161 671
161 672
161 673
161 674
161 675
161 679
161 681
161 682
161 684
161 686
161 687
161 689
161 690
161 694
161 695
161 696
161 697
161 698
161 700
161 701
161 702
161 703
161 705
161 707
161 709
161 713
161 715
161 722
161 723
161 724
161 729
161 730
161 731
161 732
161 733
161 735
161 736
161 738
161 740
161 741
161 745
161 746
161 747
161 751
161 758
161 759
161 760
161 762
161 763
161 764
161 766
161 768
161 771
161 775
161 776
161 781
161 784
161 787
161 794
161 798
161 802
161 805
161 807
161 808
161 809
161 813
161 814
161 815
161 816
161 817
161 818
161 819
161 822
161 825
161 826
161 831
161 832
161 833
161 835
161 836
161 838
161 839
161 840
161 843
161 846
161 848
161 852
161 853
161 856
161 860
161 862
161 865
161 866
161 867
161 868
161 869
161 872
161 873
161 874
161 876
161 877
161 878
161 879
161 881
161 884
161 886
161 887
161 888
161 891
161 892
161 894
161 898
161 899
161 900
161 901
161 902
161 904
161 905
161 906
161 909
161 910
161 911
161 912
161 913
161 914
161 915
161 916
161 917
161 920
161 921
161 923
161 927
161 928
161 930
161 933
161 934
161 937
161 940
161 944
161 949
161 950
161 951
161 952
161 955
161 959
161 961
161 962
161 963
161 964
161 966
161 972
161 973
161 974
161 979
161 980
161 982
161 985
161 987
161 989
161 990
161 992
161 994
161 998
161 999
162 501
162 502
162 503
162 506
162 507
162 510
162 511
162 513
162 515
162 516
162 518
162 519
162 522
162 523
162 525
162 527
162 529
162 531
162 532
162 533
162 534
162 535
162 537
162 538
162 544
162 545
162 547
162 549
162 551
162 559
162 560
162 561
162 563
162 565
162 566
162 572
162 573
162 575
162 577
162 581
162 586
162 589
162 590
162 591
162 594
162 595
162 596
162 599
162 606
162 609
162 612
162 615
162 616
162 617
162 619
162 620
162 621
162 625
162 626
162 627
162 628
162 630
162 635
162 636
162 637
162 647
162 648
162 650
162 655
162 656
162 658
162 660
162 664
162 666
162 670
162 671
162 674
162 679
162 683
162 686
162 689
162 691
162 694
162 695
162 696
162 697
162 699
162 700
162 702
162 705
162 707
162 711
162 713
162 717
162 718
162 719
162 722
162 724
162 729
162 733
162 735
162 737
162 740
162 742
162 743
162 745
162 750
162 751
162 752
162 754
162 759
162 760
162 761
162 764
162 766
162 767
162 768
162 770
162 771
162 775
162 776
162 779
162 781
162 783
162 786
162 787
162 789
162 791
162 792
162 796
162 797
162 799
162 802
162 803
162 804
162 805
162 806
162 808
162 809
162 815
162 816
162 817
162 822
162 823
162 824
162 827
162 828
162 830
162 832
162 834
162 835
162 836
162 840
162 845
162 847
162 848
162 850
162 851
162 854
162 855
162 857
162 858
162 859
162 860
162 862
162 866
162 867
162 868
162 869
162 872
162 873
162 881
162 882
162 885
162 887
162 892
162 893
162 899
162 902
162 903
162 904
162 905
162 907
162 908
162 910
162 911
162 912
162 913
162 914
162 919
162 921
162 922
162 923
162 929
162 933
162 936
162 937
162 938
162 939
162 944
162 945
162 946
162 947
162 949
162 952
162 953
162 954
162 956
162 958
162 959
162 962
162 963
162 964
162 971
162 972
162 973
162 978
162 979
162 984
162 985
162 986
162 989
162 991
162 992
162 994
162 997
162 998
162 999
162 1000
163 502
163 503
163 506
163 507
163 510
163 511
163 514
163 516
163 517
163 518
163 519
163 520
163 524
163 525
163 532
163 534
163 536
163 537
163 538
163 539
163 540
163 546
163 547
163 548
163 549
163 550
163 552
163 553
163 555
163 556
163 559
163 563
163 565
163 566
163 567
163 568
163 573
163 578
163 587
163 590
163 594
163 595
163 597
163 600
163 605
163 606
163 607
163 609
163 610
163 616
163 617
163 618
163 619
163 622
163 623
163 624
163 626
163 628
163 629
163 631
163 632
163 634
163 638
163 640
163 641
163 642
163 644
163 646
163 647
163 650
163 652
163 653
163 654
163 655
163 658
163 659
163 661
163 665
163 666
163 667
163 668
163 670
163 672
163 675
163 676
163 679
163 685
163 689
163 691
163 692
163 693
163 694
163 698
163 700
163 701
163 705
163 706
163 710
163 711
163 713
163 714
163 715
163 717
163 718
163 720
163 722
163 723
163 725
163 726
163 727
163 730
163 735
163 736
163 738
163 739
163 742
163 744
163 745
163 746
163 748
163 750
163 754
163 756
163 758
163 759
163 760
163 761
163 765
163 766
163 767
163 768
163 770
163 771
163 772
163 773
163 774
163 775
163 776
163 778
163 783
163 786
163 787
163 788
163 790
163 793
163 796
163 798
163 803
163 805
163 806
163 807
163 811
163 812
163 814
163 820
163 822
163 823
163 824
163 825
163 831
163 832
163 834
163 835
163 836
163 840
163 841
163 842
163 846
163 850
163 852
163 855
163 856
163 859
163 860
163 861
163 865
163 867
163 868
163 870
163 872
163 873
163 876
163 877
163 880
163 883
163 884
163 886
163 887
163 888
163 892
163 893
163 896
163 901
163 902
163 904
163 905
163 906
163 908
163 909
163 910
163 911
163 912
163 915
163 917
163 919
163 921
163 922
163 924
163 927
163 930
163 933
163 935
163 938
163 940
163 944
163 946
163 950
163 951
163 952
163 953
163 954
163 958
163 959
163 960
163 962
163 963
163 965
163 968
163 972
163 973
163 975
163 976
163 977
163 979
163 981
163 983
163 984
163 988
163 989
163 990
163 991
163 992
163 993
163 994
163 995
163 996
163 997
163 999
164 503
164 505
164 506
164 507
164 508
164 510
164 514
164 515
164 516
164 517
164 518
164 528
164 529
164 530
164 531
164 535
164 537
164 538
164 539
164 542
164 546
164 547
164 552
164 553
164 554
164 557
164 560
164 561
164 563
164 564
164 566
164 569
164 571
164 572
164 573
164 576
164 578
164 581
164 584
164 586
164 590
164 592
164 593
164 594
164 595
164 596
164 597
164 598
164 601
164 603
164 604
164 606
164 607
164 609
164 610
164 613
164 614
164 615
164 616
164 617
164 619
164 620
164 621
164 627
164 628
164 629
164 632
164 634
164 635
164 637
164 641
164 644
164 645
164 650
164 651
164 653
164 659
164 661
164 662
164 664
164 665
164 666
164 667
164 673
164 682
164 683
164 684
164 685
164 687
164 690
164 691
164 692
164 694
164 695
164 696
164 697
164 703
164 704
164 705
164 708
164 709
164 710
164 711
164 714
164 718
164 721
164 725
164 726
164 728
164 729
164 731
164 732
164 733
164 734
164 735
164 736
164 737
164 738
164 739
164 741
164 742
164 745
164 746
164 751
164 753
164 756
164 757
164 758
164 761
164 762
164 763
164 765
164 766
164 768
164 769
164 770
164 771
164 772
164 773
164 774
164 776
164 777
164 780
164 782
164 785
164 786
164 787
164 788
164 789
164 791
164 792
164 796
164 797
164 802
164 804
164 806
164 807
164 808
164 811
164 813
164 814
164 815
164 818
164 819
164 820
164 821
164 822
164 826
164 827
164 830
164 832
164 833
164 835
164 836
164 839
164 842
164 843
164 848
164 852
164 853
164 856
164 858
164 859
164 860
164 861
164 863
164 866
164 867
164 869
164 870
164 871
164 872
164 874
164 875
164 883
164 886
164 887
164 889
164 890
164 891
164 892
164 894
164 898
164 899
164 900
164 903
164 904
164 907
164 908
164 909
164 913
164 916
164 917
164 918
164 919
164 921
164 922
164 927
164 929
164 932
164 933
164 934
164 935
164 937
164 938
164 940
164 941
164 942
164 943
164 947
164 950
164 957
164 958
164 959
164 960
164 961
164 965
164 968
164 969
164 975
164 978
164 979
164 981
164 982
164 985
164 987
164 991
164 992
164 995
164 997
164 999
164 1000
165 501
165 504
165 507
165 508
165 510
165 512
165 516
165 520
165 524
165 527
165 528
165 529
165 534
165 538
165 541
165 543
165 544
165 545
165 546
165 547
165 548
165 549
165 552
165 556
165 558
165 564
165 565
165 566
165 567
165 569
165 570
165 574
165 575
165 576
165 578
165 580
165 581
165 585
165 586
165 587
165 588
165 589
165 590
165 591
165 592
165 594
165 595
165 596
165 598
165 600
165 601
165 603
165 607
165 608
165 610
165 614
165 615
165 618
165 620
165 621
165 625
165 627
165 628
165 629
165 630
165 632
165 633
165 634
165 636
165 637
165 640
165 641
165 643
165 645
165 648
165 650
165 651
165 655
165 657
165 660
165 661
165 662
165 663
165 664
165 667
165 668
165 669
165 670
165 672
165 673
165 677
165 679
165 680
165 681
165 682
165 683
165 686
165 687
165 689
165 690
165 691
165 695
165 696
165 698
165 699
165 700
165 702
165 703
165 704
165 711
165 717
165 718
165 719
165 720
165 721
165 722
165 726
165 727
165 728
165 733
165 735
165 738
165 740
165 742
165 743
165 747
165 750
165 751
165 752
165 754
165 758
165 759
165 761
165 765
165 771
165 773
165 776
165 777
165 778
165 779
165 783
165 785
165 786
165 788
165 789
165 791
165 794
165 795
165 796
165 799
165 801
165 804
165 806
165 807
165 813
165 815
165 817
165 820
165 825
165 828
165 830
165 831
165 832
165 833
165 834
165 835
165 836
165 841
165 842
165 846
165 849
165 850
165 852
165 853
165 854
165 855
165 862
165 863
165 864
165 865
165 868
165 870
165 872
165 875
165 879
165 880
165 886
165 887
165 888
165 889
165 892
165 893
165 894
165 896
165 897
165 898
165 899
165 905
165 906
165 907
165 908
165 909
165 913
165 914
165 915
165 919
165 930
165 937
165 938
165 945
165 947
165 948
165 949
165 950
165 953
165 958
165 959
165 963
165 969
165 971
165 973
165 974
165 975
165 978
165 985
165 986
165 989
165 992
165 993
165 994
165 995
165 999
166 501
166 503
166 505
166 506
166 507
166 511
166 513
166 514
166 516
166 517
166 518
166 520
166 523
166 528
166 531
166 534
166 536
166 539
166 540
166 541
166 543
166 544
166 546
166 548
166 549
166 550
166 551
166 552
166 556
166 558
166 564
166 566
166 567
166 568
166 569
166 570
166 571
166 572
166 573
166 579
166 580
166 581
166 584
166 585
166 586
166 588
166 590
166 595
166 596
166 597
166 598
166 602
166 603
166 604
166 605
166 609
166 610
166 611
166 613
166 615
166 616
166 617
166 619
166 623
166 624
166 625
166 630
166 632
166 633
166 635
166 640
166 641
166 642
166 644
166 649
166 650
166 652
166 656
166 657
166 658
166 659
166 660
166 661
166 662
166 664
166 665
166 666
166 667
166 668
166 669
166 670
166 672
166 673
166 674
166 676
166 682
166 686
166 689
166 690
166 691
166 692
166 694
166 696
166 698
166 706
166 707
166 708
166 709
166 710
166 711
166 712
166 713
166 714
166 715
166 716
166 717
166 719
166 720
166 722
166 723
166 724
166 725
166 727
166 729
166 730
166 733
166 735
166 738
166 740
166 741
166 742
166 743
166 746
166 747
166 752
166 754
166 756
166 757
166 758
166 759
166 760
166 762
166 763
166 764
166 765
166 768
166 769
166 775
166 778
166 779
166 780
166 782
166 783
166 785
166 787
166 789
166 790
166 792
166 802
166 803
166 804
166 806
166 809
166 815
166 820
166 821
166 823
166 824
166 825
166 826
166 829
166 830
166 831
166 832
166 833
166 835
166 836
166 839
166 841
166 842
166 847
166 851
166 852
166 854
166 857
166 858
166 862
166 863
166 864
166 866
166 867
166 868
166 869
166 870
166 871
166 872
166 874
166 876
166 878
166 882
166 884
166 889
166 891
166 892
166 893
166 896
166 897
166 901
166 904
166 906
166 907
166 908
166 913
166 914
166 916
166 919
166 928
166 929
166 931
166 932
166 933
166 936
166 937
166 941
166 945
166 946
166 947
166 951
166 952
166 953
166 956
166 958
166 960
166 962
166 963
166 967
166 968
166 970
166 971
166 972
166 974
166 975
166 976
166 977
166 978
166 987
166 988
166 989
166 993
166 996
166 999
166 1000
167 501
167 504
167 506
167 507
167 510
167 511
167 513
167 515
167 519
167 520
167 521
167 522
167 524
167 526
167 528
167 530
167 532
167 534
167 535
167 539
167 541
167 542
167 547
167 549
167 551
167 556
167 557
167 559
167 560
167 561
167 563
167 564
167 565
167 566
167 567
167 568
167 570
167 572
167 575
167 576
167 577
167 578
167 580
167 581
167 582
167 583
167 584
167 586
167 587
167 589
167 590
167 594
167 596
167 599
167 600
167 602
167 604
167 606
167 608
167 612
167 613
167 616
167 617
167 618
167 619
167 622
167 623
167 624
167 625
167 626
167 629
167 630
167 631
167 633
167 634
167 635
167 636
167 637
167 638
167 640
167 641
167 643
167 644
167 645
167 646
167 648
167 656
167 658
167 662
167 663
167 664
167 666
167 669
167 671
167 672
167 673
167 674
167 675
167 678
167 687
167 688
167 691
167 692
167 694
167 699
167 700
167 701
167 702
167 703
167 706
167 707
167 708
167 710
167 713
167 714
167 716
167 717
167 720
167 722
167 723
167 725
167 730
167 732
167 734
167 735
167 737
167 738
167 739
167 741
167 742
167 743
167 744
167 745
167 750
167 753
167 754
167 755
167 756
167 760
167 766
167 768
167 769
167 772
167 773
167 775
167 776
167 778
167 779
167 780
167 781
167 782
167 784
167 787
167 789
167 792
167 795
167 797
167 800
167 804
167 809
167 811
167 812
167 814
167 818
167 820
167 825
167 826
167 827
167 829
167 830
167 831
167 835
167 837
167 838
167 840
167 842
167 843
167 844
167 846
167 847
167 849
167 850
167 851
167 852
167 853
167 855
167 856
167 860
167 862
167 863
167 864
167 867
167 869
167 871
167 872
167 873
167 874
167 875
167 876
167 879
167 880
167 881
167 883
167 885
167 889
167 890
167 891
167 892
167 895
167 897
167 898
167 900
167 903
167 904
167 905
167 906
167 907
167 908
167 911
167 913
167 914
167 915
167 916
167 917
167 919
167 920
167 921
167 922
167 924
167 926
167 928
167 931
167 933
167 936
167 939
167 941
167 942
167 945
167 946
167 948
167 949
167 950
167 953
167 957
167 958
167 960
167 963
167 964
167 967
167 969
167 970
167 971
167 972
167 973
167 975
167 976
167 977
167 979
167 980
167 981
167 987
167 988
167 989
167 990
167 993
167 994
167 995
168 502
168 511
168 512
168 517
168 518
168 521
168 522
168 523
168 524
168 526
168 527
168 529
168 530
168 531
168 532
168 533
168 538
168 539
168 540
168 542
168 545
168 547
168 549
168 550
168 553
168 555
168 559
168 560
168 561
168 562
168 563
168 564
168 565
168 567
168 572
168 573
168 574
168 576
168 577
168 578
168 580
168 581
168 582
168 583
168 584
168 585
168 587
168 588
168 589
168 590
168 591
168 592
168 593
168 594
168 595
168 597
168 598
168 600
168 602
168 605
168 608
168 611
168 612
168 615
168 617
168 621
168 624
168 626
168 629
168 630
168 632
168 634
168 636
168 638
168 639
168 640
168 641
168 642
168 643
168 646
168 648
168 654
168 655
168 656
168 657
168 658
168 659
168 662
168 663
168 665
168 666
168 667
168 668
168 671
168 672
168 675
168 678
168 681
168 682
168 685
168 689
168 691
168 693
168 694
168 696
168 699
168 701
168 702
168 703
168 704
168 705
168 706
168 708
168 711
168 712
168 713
168 716
168 719
168 720
168 722
168 723
168 725
168 727
168 728
168 729
168 732
168 733
168 735
168 736
168 738
168 742
168 743
168 744
168 745
168 749
168 750
168 756
168 760
168 762
168 764
168 765
168 767
168 768
168 772
168 773
168 775
168 776
168 778
168 779
168 780
168 781
168 782
168 784
168 785
168 787
168 788
168 790
168 792
168 793
168 795
168 796
168 799
168 801
168 802
168 804
168 806
168 807
168 808
168 815
168 818
168 820
168 821
168 824
168 825
168 826
168 827
168 828
168 829
168 830
168 831
168 832
168 833
168 834
168 835
168 837
168 839
168 840
168 843
168 847
168 851
168 856
168 857
168 858
168 859
168 860
168 863
168 864
168 866
168 868
168 869
168 870
168 872
168 873
168 874
168 878
168 880
168 884
168 886
168 887
168 891
168 892
168 893
168 894
168 896
168 898
168 899
168 902
168 906
168 909
168 911
168 917
168 919
168 920
168 921
168 924
168 929
168 930
168 932
168 940
168 942
168 943
168 945
168 946
168 947
168 949
168 950
168 951
168 953
168 954
168 958
168 961
168 966
168 967
168 968
168 969
168 970
168 971
168 972
168 973
168 975
168 976
168 977
168 981
168 982
168 983
168 984
168 985
168 987
168 988
168 990
168 993
168 994
168 995
168 996
168 997
168 998
169 501
169 502
169 506
169 509
169 513
169 515
169 516
169 518
169 519
169 524
169 525
169 526
169 527
169 529
169 530
169 533
169 534
169 537
169 541
169 545
169 546
169 547
169 548
169 549
169 553
169 554
169 555
169 556
169 557
169 558
169 559
169 561
169 562
169 563
169 568
169 571
169 573
169 574
169 577
169 578
169 581
169 582
169 590
169 591
169 598
169 601
169 604
169 608
169 611
169 612
169 618
169 620
169 625
169 628
169 633
169 634
169 635
169 639
169 640
169 641
169 645
169 646
169 648
169 650
169 652
169 653
169 654
169 657
169 658
169 660
169 661
169 662
169 667
169 669
169 670
169 671
169 672
169 673
169 674
169 676
169 680
169 685
169 691
169 692
169 696
169 703
169 704
169 706
169 707
169 709
169 710
169 711
169 712
169 714
169 715
169 716
169 719
169 720
169 721
169 724
169 726
169 727
169 729
169 732
169 733
169 736
169 739
169 742
169 743
169 746
169 749
169 753
169 757
169 758
169 759
169 760
169 761
169 766
169 767
169 768
169 769
169 771
169 772
169 773
169 777
169 779
169 782
169 787
169 791
169 793
169 794
169 796
169 797
169 799
169 802
169 805
169 813
169 814
169 816
169 819
169 821
169 823
169 824
169 827
169 828
169 829
169 831
169 832
169 833
169 835
169 836
169 837
169 838
169 840
169 842
169 845
169 846
169 847
169 848
169 849
169 851
169 852
169 853
169 854
169 855
169 857
169 859
169 860
169 861
169 862
169 865
169 866
169 867
169 871
169 872
169 873
169 876
169 881
169 884
169 885
169 886
169 887
169 889
169 890
169 891
169 892
169 895
169 897
169 898
169 900
169 903
169 905
169 906
169 908
169 910
169 913
169 914
169 915
169 916
169 917
169 918
169 919
169 920
169 921
169 924
169 928
169 929
169 931
169 933
169 935
169 936
169 938
169 940
169 941
169 943
169 946
169 947
169 948
169 950
169 951
169 955
169 958
169 959
169 960
169 962
169 963
169 966
169 967
169 968
169 969
169 970
169 971
169 972
169 973
169 975
169 976
169 978
169 979
169 982
169 984
169 985
169 986
169 987
169 989
169 990
169 991
169 994
169 995
169 997
169 1000
170 501
170 507
170 508
170 510
170 511
170 512
170 514
170 515
170 517
170 518
170 520
170 521
170 522
170 526
170 527
170 531
170 537
170 539
170 543
170 546
170 548
170 549
170 550
170 551
170 552
170 553
170 554
170 556
170 558
170 560
170 561
170 562
170 563
170 565
170 567
170 568
170 569
170 570
170 576
170 578
170 580
170 581
170 585
170 586
170 587
170 588
170 589
170 590
170 593
170 595
170 596
170 598
170 599
170 601
170 603
170 604
170 605
170 606
170 610
170 613
170 615
170 620
170 624
170 625
170 626
170 628
170 633
170 634
170 635
170 636
170 641
170 644
170 645
170 648
170 651
170 654
170 655
170 658
170 659
170 661
170 662
170 664
170 666
170 670
170 672
170 674
170 675
170 676
170 677
170 678
170 679
170 680
170 681
170 682
170 686
170 688
170 689
170 692
170 693
170 697
170 699
170 700
170 703
170 705
170 706
170 710
170 712
170 713
170 720
170 724
170 725
170 726
170 727
170 728
170 730
170 731
170 732
170 734
170 736
170 740
170 744
170 745
170 749
170 750
170 751
170 755
170 761
170 765
170 770
170 773
170 778
170 779
170 780
170 784
170 786
170 788
170 789
170 790
170 791
170 792
170 794
170 798
170 800
170 802
170 803
170 806
170 808
170 810
170 811
170 812
170 813
170 814
170 818
170 820
170 821
170 824
170 826
170 828
170 833
170 834
170 835
170 836
170 837
170 838
170 844
170 845
170 846
170 847
170 848
170 849
170 850
170 851
170 853
170 856
170 857
170 858
170 859
170 860
170 861
170 862
170 863
170 864
170 865
170 866
170 867
170 869
170 870
170 871
170 873
170 876
170 877
170 878
170 880
170 881
170 882
170 883
170 884
170 885
170 889
170 892
170 893
170 894
170 895
170 896
170 898
170 899
170 900
170 901
170 902
170 904
170 905
170 906
170 907
170 908
170 910
170 911
170 912
170 913
170 914
170 916
170 919
170 920
170 924
170 927
170 928
170 933
170 935
170 936
170 937
170 939
170 941
170 944
170 945
170 947
170 950
170 953
170 954
170 955
170 957
170 958
170 961
170 962
170 963
170 964
170 965
170 968
170 973
170 976
170 980
170 981
170 982
170 983
170 984
170 985
170 987
170 988
170 989
170 990
170 991
170 994
170 996
170 997
170 999
170 1000
171 503
171 504
171 505
171 506
171 507
171 509
171 512
171 513
171 515
171 516
171 519
171 520
171 521
171 523
171 524
171 526
171 528
171 529
171 530
171 531
171 533
171 534
171 535
171 536
171 537
171 541
171 542
171 543
171 544
171 545
171 546
171 547
171 550
171 553
171 554
171 555
171 557
171 558
171 559
171 560
171 565
171 569
171 570
171 574
171 575
171 579
171 580
171 581
171 582
171 587
171 588
171 589
171 591
171 596
171 597
171 598
171 599
171 601
171 603
171 604
171 606
171 607
171 608
171 610
171 612
171 615
171 616
171 617
171 620
171 623
171 624
171 625
171 627
171 628
171 629
171 630
171 632
171 636
171 637
171 639
171 642
171 643
171 646
171 651
171 652
171 657
171 661
171 662
171 663
171 664
171 665
171 666
171 671
171 672
171 673
171 674
171 676
171 677
171 684
171 686
171 689
171 690
171 692
171 695
171 697
171 698
171 703
171 705
171 706
171 709
171 714
171 715
171 718
171 721
171 724
171 728
171 730
171 731
171 733
171 734
171 735
171 739
171 741
171 745
171 746
171 747
171 763
171 766
171 767
171 769
171 771
171 772
171 774
171 776
171 777
171 778
171 781
171 782
171 785
171 787
171 796
171 797
171 800
171 802
171 805
171 806
171 809
171 810
171 811
171 812
171 813
171 814
171 815
171 816
171 817
171 824
171 825
171 827
171 830
171 831
171 832
171 835
171 836
171 837
171 838
171 839
171 840
171 841
171 842
171 843
171 845
171 846
171 851
171 854
171 855
171 856
171 857
171 861
171 863
171 869
171 870
171 872
171 877
171 880
171 881
171 883
171 885
171 888
171 890
171 891
171 893
171 894
171 895
171 896
171 897
171 899
171 900
171 905
171 906
171 909
171 910
171 911
171 913
171 917
171 923
171 925
171 927
171 930
171 932
171 935
171 937
171 938
171 941
171 943
171 945
171 946
171 947
171 949
171 950
171 952
171 953
171 958
171 960
171 962
171 966
171 967
171 968
171 971
171 973
171 974
171 977
171 980
171 982
171 987
171 992
171 993
171 994
171 995
171 997
171 998
171 999
172 508
172 509
172 510
172 511
172 512
172 514
172 516
172 518
172 521
172 523
172 527
172 528
172 529
172 530
172 531
172 534
172 535
172 537
172 538
172 539
172 541
172 544
172 545
172 546
172 547
172 550
172 553
172 554
172 557
172 558
172 559
172 560
172 562
172 567
172 571
172 575
172 578
172 579
172 582
172 584
172 586
172 587
172 589
172 590
172 591
172 592
172 593
172 595
172 598
172 600
172 602
172 603
172 605
172 608
172 609
172 611
172 612
172 613
172 614
172 615
172 618
172 620
172 621
172 622
172 623
172 627
172 628
172 629
172 630
172 635
172 638
172 640
172 641
172 644
172 646
172 647
172 648
172 650
172 651
172 652
172 653
172 660
172 661
172 662
172 663
172 667
172 669
172 670
172 671
172 672
172 674
172 675
172 676
172 679
172 681
172 685
172 687
172 688
172 689
172 691
172 692
172 693
172 697
172 698
172 699
172 700
172 701
172 704
172 705
172 706
172 710
172 713
172 714
172 715
172 716
172 717
172 718
172 720
172 722
172 723
172 724
172 727
172 728
172 731
172 734
172 737
172 741
172 744
172 746
172 749
172 750
172 751
172 752
172 754
172 758
172 759
172 760
172 761
172 762
172 763
172 764
172 767
172 768
172 769
172 770
172 772
172 773
172 775
172 777
172 778
172 780
172 784
172 788
172 789
172 792
172 794
172 795
172 796
172 798
172 803
172 807
172 809
172 810
172 812
172 815
172 817
172 819
172 821
172 824
172 825
172 826
172 827
172 829
172 833
172 834
172 835
172 838
172 839
172 840
172 841
172 843
172 844
172 847
172 848
172 849
172 850
172 853
172 854
172 856
172 857
172 858
172 859
172 860
172 862
172 864
172 866
172 868
172 872
172 874
172 875
172 879
172 881
172 882
172 883
172 885
172 888
172 889
172 890
172 894
172 901
172 902
172 903
172 905
172 907
172 908
172 909
172 910
172 915
172 918
172 921
172 926
172 928
172 929
172 930
172 931
172 932
172 933
172 935
172 938
172 941
172 942
172 945
172 946
172 954
172 955
172 957
172 958
172 959
172 960
172 961
172 962
172 964
172 969
172 975
172 981
172 988
172 991
172 992
172 993
172 995
172 997
172 998
172 999
172 1000
173 501
173 503
173 504
173 505
173 506
173 507
173 508
173 509
173 510
173 511
173 516
173 517
173 519
173 520
173 521
173 524
173 526
173 527
173 528
173 530
173 531
173 533
173 538
173 539
173 544
173 546
173 547
173 551
173 553
173 557
173 558
173 559
173 560
173 561
173 565
173 568
173 569
173 572
173 573
173 574
173 575
173 576
173 577
173 578
173 580
173 581
173 584
173 585
173 586
173 587
173 590
173 592
173 594
173 596
173 597
173 598
173 602
173 603
173 605
173 608
173 612
173 613
173 614
173 621
173 622
173 625
173 626
173 628
173 629
173 631
173 636
173 638
173 639
173 640
173 642
173 643
173 644
173 645
173 647
173 648
173 650
173 652
173 654
173 657
173 658
173 661
173 662
173 666
173 667
173 668
173 669
173 671
173 672
173 675
173 677
173 679
173 680
173 681
173 682
173 683
173 685
173 692
173 694
173 695
173 700
173 702
173 703
173 704
173 706
173 707
173 708
173 710
173 714
173 715
173 716
173 718
173 723
173 724
173 726
173 734
173 736
173 738
173 739
173 741
173 742
173 745
173 746
173 747
173 750
173 751
173 755
173 758
173 759
173 762
173 763
173 764
173 766
173 767
173 770
173 772
173 774
173 776
173 778
173 781
173 782
173 783
173 785
173 786
173 787
173 788
173 791
173 792
173 794
173 797
173 798
173 800
173 802
173 803
173 806
173 807
173 809
173 812
173 813
173 815
173 819
173 820
173 822
173 823
173 826
173 828
173 830
173 831
173 834
173 836
173 838
173 841
173 842
173 843
173 846
173 847
173 850
173 853
173 856
173 857
173 859
173 861
173 862
173 863
173 864
173 865
173 867
173 870
173 874
173 876
173 881
173 882
173 888
173 891
173 894
173 895
173 899
173 901
173 902
173 903
173 905
173 906
173 913
173 914
173 917
173 919
173 921
173 922
173 924
173 926
173 927
173 929
173 930
173 932
173 933
173 934
173 939
173 940
173 941
173 942
173 944
173 947
173 948
173 951
173 953
173 955
173 956
173 957
173 958
173 960
173 965
173 966
173 967
173 970
173 977
173 979
173 980
173 981
173 983
173 985
173 986
173 987
173 988
173 990
173 991
173 992
173 993
173 997
173 999
173 1000
174 501
174 502
174 505
174 507
174 509
174 515
174 516
174 518
174 519
174 520
174 521
174 522
174 523
174 525
174 528
174 531
174 536
174 538
174 540
174 541
174 547
174 548
174 551
174 556
174 557
174 558
174 559
174 561
174 562
174 563
174 564
174 565
174 566
174 567
174 568
174 573
174 576
174 580
174 583
174 584
174 585
174 586
174 589
174 592
174 593
174 595
174 599
174 601
174 602
174 603
174 604
174 605
174 608
174 609
174 610
174 614
174 615
174 616
174 617
174 619
174 620
174 621
174 624
174 625
174 627
174 629
174 630
174 631
174 632
174 636
174 639
174 642
174 645
174 646
174 647
174 650
174 652
174 654
174 655
174 656
174 657
174 658
174 659
174 660
174 665
174 666
174 668
174 669
174 671
174 673
174 674
174 675
174 676
174 677
174 679
174 681
174 682
174 684
174 686
174 688
174 690
174 691
174 693
174 694
174 696
174 697
174 698
174 699
174 702
174 704
174 705
174 706
174 707
174 708
174 709
174 710
174 712
174 713
174 715
174 719
174 723
174 724
174 725
174 726
174 729
174 731
174 733
174 734
174 735
174 737
174 740
174 741
174 743
174 748
174 750
174 752
174 756
174 758
174 761
174 763
174 765
174 766
174 767
174 769
174 770
174 772
174 773
174 774
174 775
174 776
174 777
174 780
174 782
174 783
174 785
174 786
174 787
174 792
174 795
174 797
174 798
174 799
174 802
174 803
174 804
174 805
174 808
174 810
174 811
174 813
174 814
174 815
174 816
174 819
174 822
174 824
174 825
174 827
174 828
174 829
174 830
174 831
174 832
174 835
174 836
174 838
174 843
174 845
174 846
174 847
174 848
174 851
174 852
174 853
174 854
174 855
174 856
174 857
174 859
174 865
174 867
174 868
174 869
174 870
174 872
174 874
174 876
174 878
174 880
174 881
174 883
174 886
174 890
174 891
174 896
174 897
174 900
174 903
174 906
174 907
174 908
174 909
174 910
174 912
174 918
174 919
174 920
174 923
174 925
174 928
174 930
174 933
174 934
174 937
174 938
174 940
174 941
174 947
174 949
174 951
174 953
174 954
174 955
174 959
174 960
174 961
174 963
174 965
174 969
174 970
174 973
174 974
174 976
174 977
174 978
174 979
174 980
174 981
174 982
174 983
174 984
174 986
174 987
174 989
174 992
174 993
174 997
174 999
174 1000
175 502
175 503
175 504
175 505
175 507
175 510
175 516
175 518
175 519
175 520
175 523
175 525
175 526
175 527
175 531
175 532
175 536
175 538
175 540
175 543
175 545
175 546
175 548
175 549
175 551
175 553
175 554
175 555
175 556
175 557
175 558
175 559
175 560
175 561
175 565
175 566
175 567
175 568
175 569
175 570
175 572
175 574
175 576
175 578
175 580
175 584
175 585
175 590
175 593
175 594
175 598
175 601
175 602
175 604
175 607
175 609
175 613
175 615
175 617
175 619
175 620
175 625
175 627
175 628
175 629
175 631
175 632
175 633
175 634
175 635
175 637
175 638
175 640
175 643
175 644
175 646
175 649
175 650
175 651
175 653
175 654
175 655
175 656
175 658
175 659
175 662
175 663
175 664
175 669
175 671
175 672
175 676
175 678
175 679
175 681
175 682
175 683
175 684
175 687
175 688
175 689
175 690
175 691
175 692
175 693
175 695
175 696
175 700
175 704
175 705
175 706
175 709
175 710
175 711
175 712
175 713
175 715
175 719
175 721
175 722
175 724
175 725
175 726
175 728
175 732
175 735
175 737
175 738
175 740
175 741
175 742
175 745
175 747
175 748
175 751
175 752
175 753
175 755
175 757
175 759
175 760
175 761
175 762
175 763
175 764
175 766
175 768
175 771
175 774
175 777
175 779
175 780
175 781
175 785
175 787
175 788
175 789
175 790
175 792
175 796
175 797
175 799
175 801
175 802
175 803
175 804
175 805
175 806
175 807
175 810
175 811
175 812
175 813
175 814
175 816
175 817
175 818
175 819
175 820
175 823
175 827
175 828
175 829
175 830
175 831
175 835
175 837
175 838
175 840
175 842
175 843
175 847
175 850
175 852
175 853
175 855
175 856
175 863
175 866
175 870
175 873
175 876
175 877
175 878
175 880
175 888
175 889
175 890
175 892
175 894
175 896
175 897
175 898
175 899
175 900
175 902
175 904
175 906
175 908
175 909
175 910
175 913
175 914
175 915
175 918
175 920
175 921
175 924
175 925
175 926
175 928
175 933
175 937
175 939
175 941
175 942
175 944
175 945
175 946
175 949
175 950
175 951
175 954
175 959
175 963
175 965
175 968
175 972
175 973
175 976
175 980
175 981
175 985
175 987
175 990
175 991
175 993
175 994
175 996
175 997
175 998
175 999
176 502
176 503
176 505
176 517
176 518
176 522
176 523
176 529
176 532
176 534
176 541
176 542
176 544
176 548
176 550
176 551
176 553
176 554
176 557
176 558
176 559
176 561
176 562
176 563
176 565
176 566
176 568
176 574
176 576
176 578
176 580
176 581
176 585
176 586
176 587
176 588
176 589
176 592
176 593
176 596
176 597
176 601
176 603
176 604
176 607
176 608
176 611
176 613
176 615
176 616
176 617
176 619
176 620
176 622
176 625
176 626
176 627
176 629
176 630
176 631
176 632
176 637
176 639
176 640
176 641
176 642
176 644
176 645
176 647
176 649
176 652
176 654
176 655
176 656
176 657
176 659
176 663
176 667
176 669
176 670
176 672
176 673
176 677
176 681
176 682
176 684
176 685
176 688
176 694
176 699
176 704
176 705
176 706
176 707
176 709
176 714
176 715
176 721
176 728
176 730
176 732
176 733
176 736
176 737
176 738
176 740
176 741
176 742
176 743
176 745
176 746
176 748
176 751
176 752
176 753
176 754
176 756
176 757
176 758
176 763
176 765
176 767
176 768
176 769
176 771
176 773
176 774
176 776
176 777
176 778
176 780
176 782
176 784
176 788
176 794
176 795
176 796
176 800
176 801
176 802
176 803
176 804
176 805
176 806
176 807
176 809
176 810
176 811
176 813
176 816
176 819
176 823
176 824
176 827
176 828
176 829
176 830
176 833
176 836
176 837
176 838
176 841
176 842
176 844
176 845
176 848
176 850
176 852
176 853
176 855
176 857
176 858
176 859
176 860
176 861
176 863
176 864
176 865
176 866
176 868
176 869
176 872
176 875
176 877
176 878
176 879
176 880
176 883
176 884
176 887
176 889
176 891
176 892
176 895
176 896
176 898
176 900
176 902
176 903
176 904
176 906
176 907
176 908
176 909
176 911
176 912
176 914
176 916
176 917
176 918
176 921
176 924
176 926
176 927
176 928
176 929
176 930
176 932
176 940
176 941
176 942
176 950
176 951
176 954
176 956
176 957
176 959
176 960
176 963
176 967
176 968
176 971
176 973
176 974
176 977
176 979
176 981
176 984
176 986
176 989
176 991
176 994
176 995
176 998
176 999
176 1000
177 501
177 504
177 506
177 507
177 508
177 511
177 512
177 515
177 517
177 519
177 520
177 523
177 525
177 526
177 532
177 533
177 535
177 537
177 538
177 539
177 540
177 541
177 544
177 548
177 549
177 553
177 559
177 561
177 563
177 565
177 566
177 567
177 570
177 573
177 577
177 579
177 581
177 582
177 584
177 585
177 586
177 587
177 590
177 593
177 594
177 595
177 598
177 600
177 602
177 603
177 608
177 609
177 613
177 615
177 616
177 617
177 620
177 621
177 627
177 628
177 629
177 632
177 635
177 639
177 641
177 642
177 645
177 649
177 650
177 652
177 656
177 657
177 660
177 662
177 663
177 665
177 670
177 671
177 673
177 674
177 675
177 676
177 677
177 682
177 684
177 685
177 686
177 687
177 690
177 692
177 693
177 699
177 703
177 705
177 706
177 710
177 711
177 713
177 714
177 715
177 718
177 719
177 723
177 724
177 725
177 726
177 727
177 730
177 732
177 740
177 743
177 746
177 749
177 750
177 751
177 755
177 756
177 757
177 758
177 759
177 760
177 763
177 764
177 765
177 766
177 767
177 770
177 772
177 774
177 775
177 776
177 778
177 779
177 780
177 783
177 787
177 790
177 791
177 795
177 796
177 798
177 802
177 804
177 806
177 808
177 809
177 811
177 813
177 815
177 816
177 819
177 821
177 822
177 823
177 824
177 827
177 828
177 829
177 832
177 833
177 836
177 838
177 839
177 841
177 842
177 843
177 844
177 851
177 852
177 855
177 856
177 859
177 860
177 861
177 863
177 866
177 867
177 869
177 871
177 873
177 874
177 875
177 876
177 877
177 880
177 882
177 885
177 887
177 888
177 889
177 890
177 891
177 895
177 896
177 897
177 899
177 900
177 901
177 902
177 903
177 908
177 909
177 910
177 913
177 915
177 920
177 922
177 923
177 924
177 927
177 929
177 930
177 931
177 932
177 933
177 935
177 940
177 942
177 943
177 946
177 947
177 951
177 953
177 954
177 955
177 956
177 958
177 959
177 961
177 964
177 965
177 966
177 970
177 971
177 974
177 975
177 976
177 978
177 979
177 989
177 990
177 992
177 995
177 998
177 999
178 503
178 504
178 507
178 510
178 514
178 517
178 519
178 520
178 521
178 522
178 523
178 525
178 526
178 529
178 530
178 531
178 536
178 539
178 541
178 542
178 545
178 546
178 547
178 549
178 551
178 552
178 553
178 555
178 559
178 561
178 567
178 570
178 572
178 577
178 578
178 579
178 581
178 582
178 583
178 584
178 585
178 588
178 589
178 590
178 591
178 592
178 593
178 594
178 595
178 597
178 601
178 602
178 604
178 610
178 612
178 614
178 615
178 617
178 619
178 623
178 630
178 631
178 632
178 635
178 637
178 639
178 640
178 641
178 642
178 646
178 649
178 652
178 653
178 654
178 656
178 657
178 661
178 666
178 668
178 670
178 671
178 675
178 677
178 680
178 681
178 686
178 693
178 694
178 696
178 697
178 699
178 702
178 705
178 707
178 708
178 711
178 713
178 715
178 719
178 721
178 722
178 723
178 724
178 727
178 728
178 732
178 735
178 736
178 739
178 741
178 743
178 746
178 748
178 750
178 753
178 754
178 755
178 756
178 757
178 759
178 762
178 766
178 767
178 775
178 777
178 779
178 781
178 784
178 785
178 791
178 792
178 797
178 798
178 799
178 801
178 802
178 803
178 805
178 806
178 808
178 809
178 811
178 812
178 818
178 821
178 825
178 826
178 828
178 829
178 830
178 832
178 834
178 835
178 840
178 841
178 843
178 844
178 845
178 847
178 848
178 851
178 852
178 858
178 860
178 861
178 863
178 865
178 866
178 869
178 872
178 874
178 876
178 878
178 879
178 884
178 886
178 887
178 890
178 891
178 895
178 896
178 898
178 899
178 900
178 901
178 902
178 911
178 912
178 913
178 920
178 922
178 926
178 930
178 934
178 935
178 937
178 939
178 940
178 943
178 944
178 945
178 946
178 948
178 949
178 951
178 952
178 953
178 955
178 956
178 958
178 959
178 960
178 962
178 964
178 968
178 974
178 980
178 983
178 984
178 985
178 987
178 990
178 992
178 994
178 997
178 998
178 999
178 1000
179 502
179 505
179 506
179 508
179 514
179 515
179 517
179 518
179 519
179 522
179 523
179 524
179 525
179 527
179 528
179 531
179 532
179 534
179 535
179 536
179 539
179 540
179 541
179 544
179 546
179 547
179 548
179 549
179 550
179 552
179 553
179 554
179 556
179 561
179 565
179 566
179 570
179 575
179 583
179 585
179 590
179 591
179 593
179 595
179 596
179 597
179 598
179 599
179 602
179 606
179 607
179 610
179 611
179 612
179 613
179 614
179 616
179 617
179 618
179 620
179 621
179 624
179 625
179 627
179 631
179 632
179 635
179 637
179 641
179 642
179 645
179 646
179 649
179 653
179 656
179 658
179 660
179 663
179 665
179 668
179 669
179 672
179 673
179 675
179 677
179 678
179 679
179 681
179 683
179 689
179 691
179 693
179 704
179 705
179 706
179 708
179 710
179 714
179 715
179 716
179 717
179 719
179 723
179 724
179 725
179 728
179 731
179 732
179 734
179 735
179 740
179 741
179 743
179 745
179 748
179 750
179 751
179 753
179 757
179 758
179 762
179 767
179 768
179 769
179 770
179 771
179 773
179 774
179 775
179 777
179 779
179 780
179 782
179 783
179 784
179 786
179 787
179 788
179 791
179 794
179 795
179 796
179 797
179 799
179 800
179 806
179 808
179 810
179 811
179 814
179 818
179 819
179 820
179 821
179 824
179 826
179 829
179 830
179 832
179 833
179 834
179 835
179 840
179 845
179 847
179 849
179 850
179 851
179 853
179 854
179 856
179 857
179 858
179 859
179 860
179 861
179 863
179 869
179 870
179 871
179 873
179 876
179 878
179 879
179 880
179 883
179 885
179 886
179 887
179 888
179 890
179 891
179 892
179 895
179 897
179 898
179 900
179 901
179 903
179 905
179 907
179 908
179 909
179 910
179 912
179 913
179 914
179 920
179 923
179 929
179 930
179 934
179 936
179 937
179 941
179 942
179 944
179 945
179 948
179 949
179 952
179 953
179 955
179 958
179 959
179 963
179 964
179 968
179 972
179 973
179 975
179 978
179 979
179 981
179 983
179 986
179 987
179 988
179 992
179 993
179 994
179 996
179 997
179 998
179 999
180 501
180 503
180 504
180 505
180 507
180 508
180 510
180 511
180 512
180 514
180 516
180 522
180 523
180 524
180 525
180 528
180 529
180 530
180 532
180 533
180 536
180 538
180 541
180 542
180 543
180 545
180 546
180 547
180 549
180 551
180 552
180 553
180 554
180 555
180 556
180 559
180 560
180 561
180 564
180 565
180 569
180 570
180 572
180 573
180 574
180 578
180 579
180 583
180 584
180 585
180 587
180 590
180 591
180 592
180 594
180 595
180 596
180 597
180 598
180 599
180 601
180 602
180 604
180 605
180 607
180 608
180 611
180 613
180 615
180 616
180 617
180 618
180 620
180 625
180 628
180 629
180 630
180 632
180 633
180 637
180 639
180 640
180 641
180 643
180 644
180 645
180 647
180 648
180 649
180 650
180 651
180 653
180 654
180 656
180 657
180 659
180 661
180 663
180 665
180 666
180 667
180 668
180 669
180 670
180 671
180 675
180 678
180 680
180 682
180 685
180 687
180 689
180 690
180 692
180 693
180 694
180 695
180 697
180 698
180 699
180 700
180 701
180 703
180 704
180 709
180 710
180 712
180 713
180 714
180 715
180 716
180 717
180 718
180 719
180 720
180 721
180 723
180 724
180 725
180 726
180 729
180 733
180 734
180 737
180 740
180 741
180 743
180 744
180 745
180 747
180 750
180 751
180 752
180 755
180 756
180 757
180 759
180 764
180 765
180 766
180 767
180 768
180 771
180 772
180 773
180 774
180 776
180 778
180 779
180 780
180 781
180 786
180 789
180 790
180 791
180 792
180 801
180 802
180 804
180 806
180 807
180 810
180 813
180 814
180 816
180 817
180 818
180 819
180 820
180 823
180 826
180 828
180 829
180 831
180 832
180 833
180 834
180 836
180 837
180 840
180 843
180 845
180 847
180 850
180 851
180 852
180 853
180 854
180 857
180 859
180 860
180 862
180 863
180 868
180 869
180 870
180 872
180 873
180 874
180 875
180 876
180 880
180 881
180 883
180 884
180 885
180 888
180 897
180 899
180 902
180 903
180 907
180 909
180 911
180 913
180 914
180 916
180 917
180 921
180 922
180 923
180 925
180 929
180 930
180 932
180 934
180 935
180 936
180 938
180 940
180 941
180 944
180 946
180 947
180 950
180 952
180 954
180 956
180 958
180 959
180 960
180 961
180 963
180 964
180 965
180 970
180 972
180 977
180 978
180 979
180 985
180 986
180 987
180 989
180 990
180 992
180 993
180 994
180 995
180 996
180 997
180 999
181 502
181 507
181 509
181 511
181 512
181 513
181 515
181 517
181 519
181 520
181 521
181 522
181 523
181 525
181 526
181 531
181 538
181 541
181 543
181 546
181 547
181 548
181 550
181 551
181 552
181 554
181 556
181 557
181 559
181 560
181 563
181 564
181 565
181 566
181 569
181 570
181 572
181 574
181 580
181 582
181 586
181 587
181 590
181 592
181 593
181 594
181 595
181 596
181 597
181 598
181 601
181 602
181 605
181 607
181 609
181 610
181 611
181 613
181 615
181 616
181 617
181 621
181 622
181 626
181 629
181 630
181 631
181 632
181 634
181 635
181 636
181 642
181 643
181 644
181 645
181 646
181 647
181 648
181 650
181 652
181 653
181 654
181 655
181 657
181 658
181 659
181 665
181 666
181 668
181 669
181 670
181 671
181 672
181 675
181 676
181 677
181 679
181 681
181 682
181 688
181 693
181 695
181 696
181 697
181 698
181 701
181 702
181 706
181 707
181 710
181 716
181 720
181 723
181 725
181 726
181 727
181 728
181 729
181 731
181 733
181 734
181 735
181 738
181 740
181 744
181 745
181 746
181 747
181 748
181 749
181 754
181 755
181 762
181 763
181 765
181 767
181 768
181 769
181 772
181 773
181 775
181 776
181 778
181 779
181 781
181 782
181 784
181 785
181 787
181 788
181 792
181 793
181 797
181 798
181 802
181 803
181 804
181 805
181 807
181 812
181 813
181 817
181 819
181 821
181 823
181 826
181 828
181 830
181 831
181 834
181 835
181 841
181 843
181 844
181 846
181 849
181 851
181 852
181 853
181 854
181 856
181 858
181 859
181 860
181 862
181 863
181 864
181 866
181 869
181 870
181 871
181 873
181 875
181 876
181 878
181 880
181 882
181 885
181 886
181 887
181 888
181 891
181 896
181 897
181 898
181 901
181 902
181 905
181 907
181 908
181 909
181 914
181 917
181 918
181 919
181 920
181 922
181 923
181 927
181 930
181 931
181 935
181 938
181 940
181 942
181 945
181 947
181 948
181 949
181 951
181 952
181 955
181 960
181 961
181 964
181 966
181 970
181 974
181 975
181 978
181 979
181 980
181 981
181 982
181 989
181 990
181 991
181 996
181 999
182 501
182 505
182 506
182 507
182 508
182 509
182 511
182 513
182 516
182 517
182 518
182 525
182 527
182 531
182 532
182 533
182 534
182 537
182 538
182 540
182 541
182 544
182 546
182 547
182 549
182 550
182 551
182 552
182 555
182 556
182 557
182 560
182 561
182 566
182 567
182 568
182 569
182 570
182 573
182 574
182 575
182 577
182 578
182 579
182 580
182 584
182 585
182 586
182 587
182 588
182 589
182 590
182 591
182 592
182 594
182 595
182 596
182 598
182 600
182 602
182 603
182 606
182 607
182 610
182 613
182 615
182 616
182 617
182 618
182 622
182 624
182 626
182 628
182 630
182 635
182 636
182 637
182 638
182 639
182 640
182 641
182 642
182 646
182 653
182 654
182 655
182 656
182 663
182 664
182 667
182 669
182 670
182 673
182 675
182 677
182 678
182 679
182 680
182 681
182 682
182 687
182 689
182 690
182 692
182 694
182 695
182 697
182 698
182 701
182 702
182 703
182 704
182 705
182 706
182 709
182 713
182 716
182 719
182 720
182 721
182 723
182 728
182 730
182 731
182 735
182 745
182 747
182 751
182 753
182 755
182 761
182 763
182 769
182 771
182 772
182 774
182 777
182 778
182 779
182 781
182 782
182 784
182 788
182 791
182 792
182 793
182 800
182 801
182 802
182 803
182 804
182 807
182 809
182 812
182 814
182 816
182 818
182 820
182 825
182 828
182 833
182 837
182 843
182 844
182 845
182 846
182 847
182 848
182 850
182 852
182 853
182 855
182 858
182 859
182 860
182 864
182 865
182 866
182 868
182 870
182 873
182 874
182 875
182 877
182 879
182 880
182 881
182 882
182 884
182 887
182 889
182 893
182 895
182 896
182 899
182 902
182 903
182 904
182 908
182 909
182 910
182 913
182 914
182 917
182 919
182 921
182 923
182 924
182 926
182 927
182 929
182 930
182 931
182 932
182 933
182 934
182 938
182 940
182 942
182 943
182 946
182 947
182 950
182 953
182 954
182 955
182 956
182 963
182 964
182 967
182 968
182 969
182 970
182 971
182 973
182 981
182 985
182 987
182 988
182 989
182 991
182 992
182 994
182 996
182 997
182 998
182 1000
183 503
183 504
183 508
183 511
183 512
183 513
183 515
183 516
183 518
183 519
183 520
183 523
183 525
183 526
183 527
183 528
183 530
183 534
183 536
183 537
183 538
183 540
183 543
183 544
183 545
183 549
183 550
183 552
183 553
183 556
183 557
183 558
183 559
183 560
183 569
183 571
183 574
183 575
183 576
183 577
183 579
183 580
183 581
183 582
183 583
183 585
183 589
183 592
183 595
183 596
183 599
183 602
183 603
183 604
183 606
183 607
183 609
183 612
183 614
183 615
183 616
183 619
183 621
183 622
183 623
183 624
183 626
183 628
183 629
183 635
183 641
183 644
183 646
183 647
183 648
183 649
183 650
183 653
183 656
183 657
183 662
183 663
183 664
183 666
183 667
183 669
183 671
183 673
183 675
183 678
183 680
183 681
183 682
183 683
183 684
183 686
183 687
183 688
183 690
183 693
183 695
183 697
183 698
183 699
183 700
183 703
183 709
183 712
183 715
183 717
183 718
183 719
183 721
183 724
183 725
183 726
183 727
183 730
183 732
183 733
183 734
183 735
183 737
183 741
183 742
183 744
183 745
183 747
183 748
183 749
183 751
183 754
183 758
183 760
183 766
183 768
183 769
183 770
183 771
183 775
183 777
183 779
183 780
183 781
183 783
183 786
183 787
183 788
183 794
183 799
183 804
183 805
183 806
183 810
183 813
183 817
183 818
183 820
183 822
183 823
183 826
183 830
183 834
183 837
183 838
183 839
183 841
183 844
183 848
183 851
183 852
183 855
183 858
183 862
183 865
183 866
183 871
183 873
183 876
183 877
183 879
183 882
183 884
183 887
183 891
183 893
183 897
183 898
183 901
183 902
183 904
183 905
183 906
183 907
183 909
183 910
183 911
183 912
183 914
183 915
183 918
183 919
183 920
183 923
183 925
183 926
183 927
183 931
183 932
183 935
183 936
183 937
183 938
183 939
183 946
183 947
183 949
183 951
183 953
183 954
183 955
183 956
183 958
183 960
183 961
183 963
183 966
183 967
183 968
183 979
183 981
183 982
183 984
183 987
183 988
183 989
183 990
183 991
183 992
183 993
183 995
183 996
183 997
183 998
183 999
184 501
184 502
184 504
184 506
184 508
184 509
184 510
184 511
184 515
184 522
184 525
184 526
184 528
184 529
184 534
184 537
184 538
184 541
184 542
184 544
184 545
184 547
184 552
184 553
184 554
184 560
184 561
184 562
184 564
184 565
184 567
184 570
184 572
184 573
184 575
184 577
184 582
184 586
184 587
184 588
184 589
184 591
184 595
184 597
184 598
184 599
184 601
184 602
184 603
184 604
184 606
184 607
184 611
184 612
184 616
184 618
184 621
184 623
184 624
184 625
184 627
184 630
184 631
184 632
184 633
184 636
184 638
184 640
184 643
184 646
184 647
184 649
184 653
184 660
184 661
184 662
184 663
184 669
184 670
184 671
184 672
184 675
184 676
184 677
184 678
184 679
184 682
184 683
184 685
184 686
184 692
184 693
184 694
184 697
184 699
184 701
184 704
184 705
184 706
184 707
184 708
184 709
184 712
184 717
184 718
184 720
184 721
184 722
184 723
184 726
184 728
184 729
184 731
184 732
184 733
184 734
184 735
184 737
184 740
184 744
184 748
184 750
184 754
184 755
184 756
184 758
184 759
184 760
184 765
184 767
184 768
184 771
184 773
184 776
184 777
184 780
184 781
184 783
184 784
184 785
184 787
184 792
184 793
184 795
184 796
184 797
184 799
184 801
184 803
184 805
184 807
184 810
184 812
184 813
184 814
184 817
184 818
184 819
184 821
184 822
184 823
184 825
184 830
184 831
184 832
184 834
184 837
184 840
184 841
184 843
184 844
184 845
184 846
184 848
184 850
184 851
184 852
184 853
184 855
184 857
184 858
184 860
184 864
184 871
184 876
184 882
184 883
184 884
184 886
184 887
184 889
184 890
184 891
184 895
184 897
184 899
184 901
184 902
184 903
184 906
184 908
184 909
184 910
184 912
184 914
184 915
184 917
184 918
184 919
184 921
184 922
184 925
184 927
184 930
184 935
184 936
184 937
184 938
184 945
184 947
184 950
184 952
184 954
184 956
184 957
184 958
184 964
184 966
184 968
184 972
184 973
184 974
184 976
184 978
184 979
184 980
184 981
184 982
184 984
184 985
184 986
184 992
184 993
184 994
184 996
184 997
184 998
184 999
184 1000
185 503
185 506
185 510
185 511
185 512
185 513
185 516
185 517
185 519
185 521
185 522
185 523
185 525
185 526
185 527
185 529
185 534
185 536
185 538
185 539
185 540
185 543
185 545
185 546
185 547
185 548
185 552
185 554
185 555
185 556
185 557
185 562
185 565
185 567
185 568
185 570
185 572
185 573
185 575
185 576
185 578
185 580
185 581
185 582
185 583
185 586
185 587
185 591
185 592
185 593
185 594
185 595
185 596
185 602
185 604
185 605
185 606
185 608
185 609
185 610
185 611
185 623
185 624
185 626
185 631
185 632
185 633
185 634
185 635
185 636
185 639
185 640
185 641
185 643
185 644
185 646
185 647
185 648
185 649
185 651
185 655
185 658
185 661
185 667
185 668
185 670
185 671
185 672
185 673
185 675
185 676
185 677
185 678
185 679
185 680
185 684
185 687
185 690
185 691
185 692
185 694
185 695
185 698
185 701
185 702
185 705
185 708
185 709
185 710
185 711
185 712
185 713
185 714
185 717
185 718
185 721
185 724
185 726
185 727
185 728
185 732
185 733
185 735
185 736
185 738
185 739
185 740
185 741
185 743
185 747
185 749
185 750
185 751
185 752
185 754
185 755
185 756
185 758
185 759
185 764
185 765
185 767
185 770
185 772
185 778
185 779
185 780
185 782
185 784
185 787
185 788
185 796
185 798
185 799
185 801
185 805
185 808
185 811
185 812
185 815
185 816
185 817
185 818
185 825
185 826
185 828
185 829
185 832
185 835
185 838
185 839
185 840
185 841
185 842
185 843
185 846
185 849
185 852
185 853
185 854
185 856
185 858
185 859
185 861
185 862
185 864
185 868
185 875
185 877
185 879
185 882
185 884
185 886
185 887
185 890
185 891
185 892
185 897
185 898
185 899
185 900
185 901
185 905
185 906
185 907
185 908
185 909
185 910
185 911
185 912
185 915
185 916
185 919
185 920
185 921
185 926
185 929
185 931
185 933
185 935
185 936
185 938
185 939
185 940
185 941
185 944
185 945
185 949
185 950
185 952
185 954
185 956
185 961
185 962
185 963
185 965
185 966
185 967
185 968
185 971
185 972
185 974
185 980
185 981
185 984
185 989
185 991
185 992
185 996
185 997
185 1000
186 503
186 504
186 509
186 510
186 511
186 513
186 514
186 515
186 516
186 518
186 521
186 522
186 526
186 528
186 529
186 535
186 537
186 540
186 542
186 543
186 546
186 547
186 548
186 549
186 552
186 553
186 555
186 557
186 558
186 559
186 560
186 561
186 564
186 566
186 567
186 570
186 574
186 575
186 576
186 579
186 582
186 585
186 587
186 588
186 590
186 591
186 593
186 594
186 598
186 601
186 603
186 612
186 616
186 617
186 618
186 619
186 621
186 622
186 626
186 631
186 633
186 634
186 636
186 638
186 639
186 640
186 641
186 643
186 645
186 650
186 653
186 654
186 657
186 658
186 659
186 660
186 662
186 666
186 667
186 668
186 669
186 671
186 672
186 677
186 678
186 681
186 683
186 686
186 690
186 692
186 694
186 700
186 701
186 702
186 703
186 704
186 705
186 706
186 708
186 710
186 716
186 717
186 722
186 723
186 724
186 726
186 727
186 728
186 729
186 730
186 732
186 734
186 735
186 736
186 737
186 738
186 740
186 742
186 743
186 744
186 745
186 750
186 752
186 753
186 755
186 757
186 758
186 759
186 760
186 761
186 764
186 766
186 767
186 770
186 771
186 775
186 776
186 780
186 782
186 787
186 789
186 792
186 794
186 796
186 798
186 799
186 803
186 804
186 805
186 808
186 809
186 812
186 814
186 815
186 817
186 820
186 821
186 822
186 823
186 824
186 826
186 827
186 829
186 832
186 834
186 836
186 837
186 838
186 840
186 841
186 842
186 843
186 844
186 847
186 848
186 849
186 851
186 852
186 855
186 856
186 857
186 858
186 859
186 866
186 868
186 869
186 870
186 871
186 872
186 873
186 876
186 877
186 878
186 879
186 880
186 881
186 884
186 885
186 886
186 887
186 889
186 890
186 891
186 892
186 895
186 897
186 898
186 902
186 904
186 905
186 907
186 908
186 910
186 911
186 913
186 916
186 918
186 919
186 920
186 921
186 922
186 923
186 928
186 932
186 933
186 936
186 940
186 942
186 943
186 944
186 946
186 953
186 959
186 962
186 963
186 966
186 968
186 970
186 976
186 978
186 980
186 981
186 984
186 985
186 986
186 989
186 990
186 991
186 994
186 996
186 999
186 1000
187 507
187 508
187 509
187 518
187 519
187 523
187 530
187 531
187 533
187 534
187 535
187 536
187 538
187 539
187 540
187 542
187 546
187 547
187 548
187 550
187 551
187 552
187 553
187 559
187 560
187 561
187 562
187 568
187 569
187 570
187 572
187 573
187 575
187 579
187 580
187 581
187 582
187 583
187 588
187 591
187 592
187 594
187 595
187 597
187 598
187 600
187 602
187 604
187 607
187 608
187 609
187 610
187 616
187 617
187 619
187 622
187 626
187 627
187 628
187 629
187 633
187 634
187 636
187 637
187 646
187 647
187 648
187 650
187 652
187 653
187 654
187 658
187 660
187 663
187 665
187 666
187 667
187 675
187 678
187 679
187 681
187 682
187 686
187 687
187 689
187 690
187 691
187 696
187 701
187 702
187 703
187 704
187 706
187 712
187 714
187 715
187 717
187 720
187 723
187 725
187 726
187 727
187 731
187 733
187 734
187 736
187 737
187 738
187 739
187 741
187 743
187 746
187 748
187 749
187 750
187 751
187 752
187 753
187 755
187 757
187 758
187 759
187 760
187 761
187 763
187 764
187 765
187 766
187 767
187 769
187 770
187 771
187 773
187 774
187 775
187 779
187 780
187 781
187 784
187 785
187 787
187 790
187 792
187 795
187 796
187 797
187 800
187 801
187 815
187 817
187 818
187 819
187 821
187 822
187 825
187 827
187 829
187 830
187 834
187 836
187 837
187 842
187 843
187 844
187 846
187 847
187 848
187 850
187 856
187 857
187 859
187 860
187 861
187 864
187 865
187 866
187 867
187 870
187 874
187 875
187 876
187 878
187 879
187 882
187 883
187 884
187 891
187 892
187 894
187 897
187 898
187 901
187 903
187 904
187 906
187 909
187 910
187 911
187 913
187 915
187 918
187 920
187 921
187 922
187 923
187 926
187 928
187 929
187 930
187 936
187 938
187 940
187 941
187 942
187 945
187 946
187 947
187 948
187 949
187 952
187 953
187 956
187 957
187 960
187 964
187 966
187 968
187 969
187 972
187 973
187 974
187 976
187 983
187 988
187 990
187 992
187 994
187 995
187 997
187 999
188 503
188 504
188 506
188 508
188 509
188 510
188 513
188 514
188 518
188 520
188 523
188 527
188 528
188 529
188 530
188 531
188 532
188 533
188 535
188 536
188 537
188 538
188 539
188 543
188 544
188 546
188 548
188 550
188 551
188 552
188 557
188 558
188 559
188 560
188 561
188 562
188 566
188 567
188 570
188 571
188 573
188 574
188 576
188 578
188 579
188 580
188 582
188 583
188 585
188 588
188 591
188 592
188 593
188 594
188 597
188 598
188 602
188 603
188 607
188 610
188 611
188 613
188 615
188 621
188 623
188 625
188 628
188 629
188 630
188 632
188 633
188 635
188 636
188 638
188 640
188 641
188 644
188 649
188 651
188 659
188 661
188 662
188 665
188 668
188 675
188 676
188 679
188 682
188 684
188 685
188 688
188 689
188 690
188 692
188 693
188 695
188 697
188 698
188 702
188 704
188 706
188 707
188 710
188 711
188 713
188 716
188 727
188 728
188 733
188 735
188 736
188 738
188 742
188 747
188 748
188 749
188 750
188 752
188 755
188 757
188 758
188 760
188 763
188 765
188 768
188 771
188 772
188 774
188 777
188 778
188 779
188 780
188 781
188 782
188 783
188 784
188 786
188 790
188 796
188 798
188 799
188 800
188 801
188 805
188 806
188 807
188 810
188 811
188 812
188 815
188 816
188 817
188 818
188 819
188 822
188 824
188 825
188 827
188 828
188 829
188 832
188 833
188 834
188 836
188 841
188 842
188 846
188 847
188 849
188 852
188 856
188 857
188 858
188 859
188 860
188 861
188 862
188 863
188 869
188 874
188 875
188 876
188 877
188 879
188 882
188 883
188 884
188 886
188 887
188 888
188 890
188 892
188 893
188 899
188 900
188 901
188 903
188 904
188 906
188 907
188 909
188 911
188 914
188 915
188 916
188 917
188 919
188 920
188 923
188 924
188 928
188 929
188 930
188 933
188 935
188 939
188 941
188 942
188 944
188 945
188 952
188 953
188 955
188 956
188 957
188 961
188 962
188 963
188 966
188 967
188 968
188 969
188 971
188 976
188 977
188 978
188 980
188 981
188 982
188 983
188 986
188 987
188 989
188 991
188 992
188 994
188 996
188 998
188 999
189 502
189 503
189 508
189 513
189 514
189 516
189 517
189 518
189 519
189 520
189 525
189 526
189 528
189 530
189 531
189 536
189 540
189 541
189 542
189 543
189 545
189 547
189 549
189 553
189 554
189 557
189 560
189 562
189 567
189 574
189 576
189 577
189 579
189 581
189 583
189 585
189 586
189 589
189 590
189 591
189 592
189 593
189 596
189 597
189 599
189 600
189 601
189 602
189 605
189 607
189 608
189 609
189 610
189 613
189 614
189 616
189 619
189 620
189 623
189 624
189 625
189 626
189 627
189 629
189 630
189 631
189 633
189 635
189 637
189 641
189 642
189 643
189 644
189 645
189 646
189 647
189 648
189 653
189 654
189 655
189 658
189 659
189 661
189 665
189 666
189 670
189 671
189 672
189 673
189 675
189 677
189 684
189 686
189 688
189 689
189 690
189 692
189 693
189 694
189 697
189 699
189 701
189 702
189 703
189 704
189 705
189 706
189 707
189 708
189 709
189 711
189 712
189 716
189 718
189 719
189 721
189 725
189 727
189 728
189 729
189 731
189 734
189 737
189 738
189 739
189 740
189 742
189 743
189 745
189 746
189 747
189 748
189 750
189 752
189 755
189 757
189 759
189 760
189 765
189 766
189 768
189 769
189 770
189 774
189 775
189 778
189 779
189 782
189 789
189 790
189 791
189 792
189 793
189 795
189 799
189 800
189 801
189 804
189 805
189 806
189 807
189 810
189 812
189 813
189 814
189 816
189 817
189 820
189 821
189 822
189 823
189 826
189 827
189 830
189 831
189 832
189 833
189 834
189 837
189 838
189 840
189 844
189 849
189 850
189 853
189 855
189 857
189 858
189 859
189 862
189 863
189 864
189 865
189 866
189 869
189 873
189 874
189 875
189 876
189 877
189 878
189 880
189 885
189 886
189 891
189 892
189 894
189 895
189 896
189 897
189 899
189 900
189 901
189 902
189 903
189 904
189 906
189 909
189 911
189 914
189 917
189 918
189 919
189 920
189 923
189 924
189 925
189 928
189 932
189 934
189 935
189 937
189 944
189 947
189 951
189 952
189 955
189 957
189 961
189 962
189 964
189 965
189 967
189 970
189 972
189 973
189 985
189 986
189 987
189 988
189 989
189 991
189 992
189 993
189 994
189 995
189 996
189 997
190 504
190 505
190 506
190 507
190 510
190 511
190 514
190 515
190 521
190 522
190 525
190 526
190 530
190 531
190 532
190 534
190 536
190 538
190 541
190 542
190 543
190 545
190 546
190 547
190 549
190 550
190 551
190 552
190 553
190 558
190 561
190 562
190 564
190 565
190 569
190 571
190 572
190 573
190 574
190 575
190 577
190 578
190 579
190 580
190 582
190 589
190 592
190 593
190 599
190 607
190 608
190 611
190 613
190 615
190 616
190 617
190 621
190 622
190 623
190 625
190 626
190 627
190 628
190 630
190 631
190 633
190 636
190 637
190 638
190 639
190 640
190 646
190 647
190 648
190 649
190 652
190 654
190 656
190 657
190 658
190 659
190 660
190 661
190 663
190 664
190 666
190 669
190 671
190 673
190 674
190 675
190 680
190 682
190 686
190 690
190 692
190 693
190 694
190 695
190 696
190 699
190 700
190 704
190 705
190 706
190 707
190 709
190 711
190 712
190 719
190 720
190 721
190 725
190 727
190 731
190 740
190 742
190 743
190 745
190 746
190 750
190 752
190 753
190 754
190 757
190 758
190 760
190 761
190 762
190 767
190 770
190 771
190 772
190 773
190 775
190 776
190 777
190 779
190 780
190 781
190 782
190 783
190 789
190 793
190 794
190 797
190 799
190 802
190 806
190 807
190 809
190 811
190 814
190 816
190 817
190 819
190 821
190 824
190 825
190 826
190 828
190 830
190 831
190 834
190 835
190 836
190 838
190 839
190 842
190 843
190 844
190 846
190 847
190 848
190 849
190 850
190 851
190 853
190 854
190 860
190 861
190 863
190 864
190 866
190 867
190 869
190 870
190 872
190 873
190 874
190 875
190 877
190 878
190 885
190 887
190 888
190 891
190 893
190 894
190 895
190 896
190 897
190 899
190 900
190 902
190 904
190 910
190 911
190 913
190 914
190 915
190 921
190 926
190 929
190 931
190 932
190 933
190 934
190 936
190 940
190 943
190 944
190 947
190 951
190 953
190 955
190 957
190 958
190 960
190 963
190 966
190 968
190 969
190 971
190 972
190 973
190 974
190 975
190 976
190 977
190 982
190 983
190 984
190 985
190 986
190 987
190 989
190 990
190 992
190 995
190 997
191 501
191 502
191 503
191 504
191 507
191 508
191 509
191 510
191 517
191 519
191 520
191 524
191 526
191 529
191 532
191 533
191 534
191 535
191 540
191 541
191 543
191 546
191 548
191 554
191 559
191 561
191 562
191 563
191 564
191 566
191 569
191 573
191 575
191 576
191 579
191 582
191 583
191 586
191 587
191 588
191 589
191 590
191 591
191 592
191 594
191 595
191 596
191 597
191 599
191 601
191 603
191 604
191 608
191 610
191 611
191 612
191 613
191 614
191 619
191 623
191 626
191 632
191 633
191 634
191 638
191 643
191 645
191 646
191 647
191 648
191 649
191 650
191 653
191 655
191 656
191 657
191 658
191 661
191 664
191 666
191 667
191 668
191 672
191 674
191 676
191 678
191 680
191 682
191 684
191 686
191 687
191 688
191 689
191 692
191 693
191 694
191 696
191 698
191 702
191 704
191 705
191 706
191 708
191 709
191 710
191 711
191 713
191 717
191 718
191 723
191 724
191 725
191 728
191 729
191 734
191 740
191 742
191 743
191 744
191 745
191 746
191 747
191 748
191 749
191 750
191 752
191 753
191 759
191 762
191 764
191 765
191 766
191 768
191 769
191 773
191 774
191 775
191 776
191 778
191 779
191 780
191 781
191 783
191 784
191 792
191 797
191 799
191 801
191 802
191 803
191 806
191 807
191 808
191 811
191 815
191 816
191 817
191 818
191 819
191 820
191 822
191 828
191 830
191 832
191 833
191 835
191 836
191 837
191 838
191 843
191 845
191 846
191 847
191 851
191 852
191 853
191 854
191 855
191 856
191 859
191 860
191 862
191 863
191 864
191 866
191 867
191 871
191 872
191 873
191 874
191 876
191 878
191 879
191 881
191 883
191 884
191 885
191 889
191 891
191 892
191 893
191 894
191 895
191 896
191 897
191 898
191 899
191 900
191 902
191 903
191 905
191 908
191 909
191 913
191 914
191 916
191 919
191 921
191 923
191 924
191 925
191 927
191 928
191 934
191 935
191 938
191 940
191 941
191 943
191 944
191 945
191 948
191 952
191 953
191 957
191 959
191 960
191 961
191 962
191 963
191 968
191 970
191 971
191 974
191 975
191 976
191 977
191 978
191 981
191 982
191 988
191 990
191 991
191 993
191 994
191 995
191 997
191 998
191 1000
192 502
192 503
192 504
192 505
192 506
192 507
192 512
192 515
192 517
192 518
192 520
192 524
192 528
192 531
192 532
192 534
192 535
192 536
192 541
192 544
192 546
192 547
192 549
192 550
192 552
192 553
192 555
192 557
192 558
192 559
192 566
192 570
192 573
192 576
192 577
192 579
192 581
192 584
192 585
192 587
192 591
192 592
192 593
192 595
192 599
192 601
192 603
192 609
192 610
192 612
192 614
192 615
192 617
192 619
192 620
192 621
192 623
192 626
192 631
192 633
192 635
192 638
192 639
192 640
192 641
192 645
192 646
192 647
192 649
192 650
192 651
192 654
192 655
192 656
192 657
192 660
192 664
192 667
192 668
192 670
192 671
192 672
192 673
192 675
192 677
192 678
192 679
192 681
192 682
192 685
192 686
192 695
192 698
192 699
192 701
192 705
192 707
192 708
192 709
192 710
192 711
192 712
192 717
192 719
192 720
192 722
192 724
192 725
192 726
192 729
192 731
192 732
192 738
192 739
192 742
192 747
192 748
192 749
192 750
192 752
192 754
192 755
192 759
192 760
192 762
192 763
192 765
192 766
192 768
192 769
192 772
192 773
192 775
192 778
192 780
192 782
192 783
192 786
192 787
192 791
192 792
192 799
192 803
192 804
192 805
192 806
192 807
192 810
192 812
192 813
192 815
192 817
192 819
192 820
192 821
192 827
192 829
192 830
192 831
192 834
192 835
192 837
192 838
192 842
192 844
192 845
192 846
192 848
192 849
192 850
192 851
192 854
192 856
192 857
192 858
192 859
192 860
192 862
192 869
192 870
192 871
192 873
192 875
192 876
192 878
192 879
192 880
192 881
192 883
192 887
192 888
192 889
192 890
192 891
192 895
192 897
192 899
192 900
192 901
192 903
192 904
192 905
192 907
192 909
192 910
192 912
192 913
192 915
192 918
192 920
192 921
192 922
192 923
192 924
192 926
192 928
192 929
192 933
192 938
192 940
192 942
192 944
192 948
192 949
192 955
192 957
192 959
192 960
192 962
192 963
192 964
192 965
192 967
192 969
192 973
192 974
192 975
192 976
192 978
192 983
192 986
192 989
192 994
192 997
192 998
193 501
193 503
193 504
193 507
193 508
193 511
193 514
193 515
193 516
193 519
193 522
193 523
193 525
193 526
193 528
193 529
193 532
193 534
193 536
193 537
193 542
193 543
193 544
193 545
193 546
193 548
193 551
193 553
193 554
193 555
193 556
193 557
193 558
193 559
193 563
193 565
193 566
193 568
193 571
193 573
193 574
193 576
193 578
193 579
193 580
193 581
193 582
193 583
193 584
193 589
193 590
193 592
193 593
193 597
193 599
193 600
193 602
193 603
193 605
193 607
193 608
193 611
193 612
193 613
193 620
193 622
193 627
193 629
193 630
193 632
193 635
193 636
193 637
193 639
193 640
193 642
193 643
193 644
193 645
193 646
193 647
193 648
193 649
193 652
193 654
193 656
193 657
193 658
193 659
193 661
193 663
193 665
193 667
193 668
193 671
193 672
193 673
193 676
193 677
193 678
193 679
193 683
193 684
193 685
193 686
193 687
193 690
193 691
193 694
193 695
193 701
193 702
193 703
193 706
193 709
193 711
193 712
193 713
193 715
193 717
193 720
193 721
193 722
193 724
193 727
193 732
193 735
193 736
193 740
193 741
193 745
193 746
193 748
193 754
193 758
193 762
193 763
193 764
193 765
193 766
193 769
193 771
193 772
193 773
193 788
193 789
193 790
193 792
193 793
193 795
193 799
193 800
193 801
193 802
193 803
193 804
193 805
193 806
193 807
193 808
193 810
193 817
193 824
193 828
193 829
193 830
193 831
193 836
193 838
193 839
193 842
193 844
193 847
193 849
193 852
193 853
193 855
193 856
193 861
193 862
193 864
193 865
193 866
193 867
193 868
193 869
193 870
193 872
193 875
193 876
193 877
193 878
193 880
193 881
193 882
193 883
193 884
193 886
193 891
193 893
193 894
193 896
193 900
193 901
193 903
193 904
193 907
193 908
193 909
193 910
193 913
193 914
193 915
193 917
193 920
193 927
193 933
193 934
193 936
193 937
193 939
193 940
193 941
193 943
193 945
193 949
193 954
193 955
193 957
193 958
193 959
193 960
193 961
193 963
193 965
193 967
193 968
193 969
193 970
193 974
193 975
193 976
193 977
193 985
193 987
193 988
193 991
193 996
193 998
194 503
194 505
194 507
194 509
194 510
194 513
194 514
194 515
194 516
194 517
194 518
194 519
194 521
194 522
194 529
194 531
194 532
194 533
194 534
194 535
194 536
194 537
194 539
194 540
194 541
194 542
194 545
194 549
194 551
194 552
194 553
194 554
194 555
194 558
194 561
194 563
194 565
194 566
194 567
194 571
194 573
194 574
194 577
194 579
194 581
194 583
194 584
194 585
194 587
194 590
194 595
194 596
194 597
194 598
194 600
194 601
194 602
194 605
194 607
194 610
194 612
194 613
194 614
194 623
194 624
194 626
194 627
194 630
194 631
194 636
194 638
194 639
194 640
194 643
194 644
194 646
194 647
194 648
194 649
194 650
194 651
194 652
194 656
194 657
194 659
194 660
194 671
194 674
194 675
194 677
194 680
194 684
194 685
194 687
194 688
194 689
194 690
194 692
194 693
194 694
194 696
194 698
194 700
194 701
194 702
194 703
194 707
194 708
194 709
194 712
194 714
194 717
194 721
194 722
194 725
194 727
194 728
194 731
194 733
194 734
194 735
194 736
194 739
194 741
194 742
194 744
194 747
194 751
194 752
194 754
194 756
194 760
194 763
194 765
194 766
194 768
194 770
194 772
194 774
194 777
194 778
194 783
194 784
194 785
194 789
194 790
194 792
194 795
194 796
194 797
194 798
194 800
194 801
194 802
194 803
194 807
194 808
194 813
194 817
194 818
194 820
194 821
194 822
194 824
194 825
194 826
194 828
194 829
194 831
194 832
194 835
194 839
194 842
194 844
194 849
194 850
194 856
194 858
194 859
194 860
194 865
194 869
194 870
194 871
194 874
194 876
194 877
194 878
194 881
194 883
194 884
194 885
194 886
194 887
194 888
194 890
194 892
194 893
194 894
194 896
194 897
194 898
194 899
194 900
194 901
194 905
194 906
194 907
194 914
194 916
194 926
194 929
194 931
194 933
194 934
194 936
194 943
194 946
194 954
194 955
194 956
194 959
194 963
194 965
194 966
194 967
194 969
194 971
194 973
194 975
194 978
194 979
194 980
194 981
194 983
194 984
194 986
194 988
194 992
194 993
194 994
194 996
194 997
194 998
194 1000
195 502
195 503
195 504
195 505
195 506
195 509
195 510
195 512
195 514
195 516
195 517
195 519
195 520
195 521
195 522
195 525
195 526
195 527
195 529
195 532
195 539
195 541
195 542
195 543
195 544
195 545
195 548
195 551
195 553
195 554
195 555
195 556
195 560
195 563
195 565
195 570
195 571
195 572
195 574
195 575
195 577
195 578
195 583
195 584
195 586
195 589
195 590
195 593
195 597
195 600
195 601
195 603
195 604
195 607
195 608
195 610
195 612
195 613
195 615
195 617
195 619
195 625
195 627
195 628
195 629
195 631
195 632
195 633
195 634
195 638
195 639
195 644
195 646
195 647
195 649
195 651
195 653
195 654
195 657
195 659
195 661
195 662
195 664
195 668
195 669
195 670
195 671
195 672
195 673
195 675
195 677
195 678
195 679
195 680
195 683
195 684
195 687
195 688
195 690
195 693
195 694
195 695
195 696
195 697
195 700
195 702
195 704
195 707
195 708
195 710
195 713
195 714
195 715
195 716
195 717
195 718
195 719
195 720
195 721
195 722
195 723
195 726
195 727
195 730
195 731
195 732
195 736
195 738
195 740
195 744
195 748
195 749
195 751
195 754
195 756
195 757
195 758
195 761
195 762
195 763
195 765
195 768
195 770
195 772
195 777
195 778
195 779
195 781
195 782
195 783
195 786
195 788
195 789
195 796
195 797
195 798
195 801
195 802
195 803
195 804
195 805
195 807
195 809
195 811
195 812
195 813
195 814
195 818
195 819
195 821
195 822
195 824
195 826
195 827
195 830
195 833
195 837
195 840
195 841
195 844
195 846
195 848
195 850
195 851
195 852
195 854
195 855
195 856
195 857
195 858
195 859
195 861
195 864
195 867
195 869
195 870
195 872
195 873
195 874
195 875
195 881
195 884
195 886
195 887
195 888
195 889
195 890
195 891
195 894
195 895
195 896
195 897
195 898
195 900
195 902
195 904
195 905
195 907
195 908
195 909
195 910
195 911
195 912
195 916
195 917
195 918
195 921
195 923
195 925
195 926
195 928
195 929
195 930
195 932
195 933
195 937
195 939
195 941
195 942
195 943
195 945
195 948
195 949
195 950
195 951
195 953
195 954
195 960
195 962
195 963
195 965
195 967
195 969
195 971
195 976
195 978
195 980
195 981
195 985
195 986
195 987
195 988
195 994
195 995
195 996
195 998
195 1000
196 504
196 506
196 507
196 508
196 509
196 512
196 513
196 514
196 515
196 516
196 519
196 521
196 523
196 526
196 531
196 535
196 536
196 540
196 541
196 543
196 545
196 547
196 548
196 549
196 552
196 555
196 556
196 557
196 558
196 560
196 563
196 564
196 568
196 569
196 571
196 572
196 575
196 576
196 581
196 582
196 583
196 587
196 592
196 594
196 599
196 600
196 601
196 602
196 603
196 604
196 606
196 609
196 610
196 612
196 613
196 614
196 615
196 616
196 618
196 620
196 622
196 624
196 627
196 629
196 632
196 634
196 637
196 638
196 639
196 640
196 642
196 645
196 646
196 647
196 649
196 650
196 654
196 656
196 658
196 659
196 660
196 662
196 663
196 664
196 667
196 669
196 670
196 671
196 673
196 674
196 675
196 677
196 682
196 685
196 688
196 689
196 690
196 691
196 699
196 700
196 701
196 702
196 703
196 705
196 709
196 712
196 713
196 714
196 716
196 717
196 723
196 724
196 726
196 727
196 728
196 729
196 730
196 732
196 733
196 734
196 735
196 736
196 740
196 741
196 743
196 746
196 747
196 749
196 750
196 751
196 753
196 755
196 756
196 757
196 758
196 763
196 764
196 765
196 767
196 768
196 769
196 770
196 771
196 776
196 781
196 785
196 788
196 789
196 791
196 792
196 798
196 800
196 801
196 802
196 809
196 810
196 811
196 812
196 813
196 814
196 815
196 820
196 821
196 822
196 823
196 824
196 825
196 826
196 827
196 829
196 832
196 833
196 835
196 836
196 837
196 840
196 844
196 845
196 849
196 850
196 851
196 853
196 854
196 855
196 856
196 858
196 859
196 861
196 862
196 864
196 865
196 866
196 867
196 869
196 870
196 871
196 872
196 873
196 875
196 876
196 878
196 881
196 882
196 883
196 885
196 886
196 887
196 889
196 892
196 893
196 898
196 900
196 901
196 902
196 903
196 905
196 908
196 910
196 913
196 917
196 919
196 921
196 925
196 931
196 937
196 939
196 940
196 941
196 942
196 943
196 945
196 946
196 948
196 949
196 953
196 954
196 955
196 957
196 959
196 960
196 961
196 965
196 966
196 969
196 974
196 976
196 977
196 978
196 981
196 982
196 984
196 985
196 986
196 989
196 991
196 992
196 993
196 994
196 997
196 998
196 999
197 503
197 504
197 505
197 506
197 509
197 512
197 513
197 515
197 516
197 517
197 519
197 523
197 524
197 525
197 531
197 536
197 538
197 541
197 542
197 543
197 544
197 545
197 546
197 547
197 552
197 555
197 559
197 560
197 563
197 566
197 571
197 573
197 574
197 580
197 583
197 586
197 589
197 590
197 591
197 592
197 594
197 595
197 596
197 597
197 599
197 602
197 604
197 610
197 612
197 615
197 617
197 618
197 619
197 620
197 629
197 631
197 633
197 634
197 635
197 639
197 642
197 643
197 646
197 647
197 650
197 653
197 654
197 656
197 657
197 658
197 660
197 661
197 666
197 667
197 668
197 670
197 671
197 672
197 673
197 675
197 676
197 679
197 680
197 681
197 683
197 684
197 685
197 688
197 690
197 691
197 698
197 700
197 703
197 704
197 705
197 706
197 709
197 711
197 713
197 714
197 716
197 717
197 721
197 724
197 728
197 729
197 730
197 731
197 732
197 735
197 738
197 739
197 740
197 741
197 742
197 745
197 746
197 748
197 750
197 751
197 753
197 754
197 756
197 757
197 758
197 761
197 762
197 763
197 764
197 765
197 766
197 767
197 768
197 771
197 772
197 773
197 775
197 779
197 780
197 783
197 784
197 786
197 790
197 791
197 793
197 794
197 797
197 798
197 800
197 801
197 805
197 807
197 811
197 814
197 815
197 816
197 817
197 819
197 822
197 824
197 825
197 828
197 829
197 831
197 833
197 835
197 836
197 841
197 842
197 843
197 844
197 845
197 851
197 854
197 858
197 862
197 863
197 864
197 869
197 870
197 871
197 878
197 884
197 886
197 887
197 888
197 892
197 893
197 894
197 896
197 897
197 898
197 899
197 901
197 904
197 905
197 907
197 908
197 910
197 911
197 912
197 913
197 914
197 916
197 917
197 919
197 920
197 921
197 922
197 926
197 927
197 928
197 929
197 931
197 934
197 935
197 937
197 938
197 939
197 940
197 941
197 942
197 943
197 944
197 951
197 954
197 959
197 961
197 963
197 966
197 967
197 970
197 974
197 975
197 979
197 981
197 982
197 983
197 985
197 986
197 989
197 993
197 995
197 996
197 997
197 1000
198 502
198 503
198 506
198 507
198 513
198 514
198 517
198 518
198 519
198 522
198 525
198 526
198 527
198 528
198 534
198 535
198 539
198 540
198 541
198 543
198 545
198 547
198 548
198 549
198 551
198 553
198 555
198 557
198 558
198 559
198 563
198 564
198 567
198 568
198 569
198 570
198 571
198 573
198 576
198 577
198 579
198 583
198 584
198 589
198 595
198 596
198 597
198 601
198 602
198 603
198 606
198 607
198 609
198 611
198 612
198 615
198 616
198 622
198 623
198 624
198 625
198 627
198 629
198 632
198 635
198 636
198 637
198 641
198 642
198 643
198 644
198 646
198 650
198 651
198 653
198 655
198 656
198 657
198 659
198 660
198 664
198 665
198 667
198 673
198 675
198 677
198 678
198 679
198 682
198 683
198 684
198 686
198 689
198 690
198 694
198 695
198 696
198 698
198 699
198 703
198 706
198 709
198 712
198 717
198 719
198 723
198 724
198 727
198 728
198 730
198 732
198 734
198 735
198 739
198 744
198 746
198 749
198 750
198 753
198 755
198 758
198 762
198 763
198 766
198 767
198 771
198 772
198 773
198 775
198 776
198 778
198 780
198 782
198 783
198 785
198 786
198 787
198 788
198 790
198 791
198 792
198 794
198 795
198 796
198 798
198 800
198 801
198 803
198 804
198 805
198 807
198 808
198 812
198 813
198 814
198 815
198 817
198 819
198 821
198 823
198 824
198 826
198 827
198 830
198 831
198 836
198 842
198 843
198 846
198 848
198 850
198 851
198 852
198 853
198 854
198 856
198 857
198 861
198 862
198 864
198 868
198 869
198 870
198 871
198 872
198 876
198 877
198 878
198 879
198 880
198 881
198 882
198 884
198 891
198 893
198 894
198 897
198 899
198 900
198 901
198 902
198 905
198 906
198 907
198 910
198 911
198 917
198 918
198 920
198 921
198 925
198 927
198 928
198 929
198 932
198 934
198 935
198 939
198 941
198 944
198 947
198 953
198 955
198 959
198 963
198 966
198 969
198 973
198 974
198 976
198 977
198 980
198 982
198 985
198 987
198 988
198 993
198 994
198 996
198 999
198 1000
199 501
199 502
199 503
199 504
199 508
199 509
199 513
199 514
199 515
199 516
199 517
199 518
199 519
199 520
199 521
199 525
199 526
199 527
199 528
199 529
199 533
199 534
199 536
199 537
199 538
199 541
199 545
199 547
199 548
199 552
199 553
199 555
199 557
199 563
199 566
199 568
199 571
199 573
199 574
199 577
199 580
199 581
199 582
199 585
199 586
199 591
199 592
199 595
199 596
199 597
199 598
199 601
199 602
199 603
199 607
199 611
199 613
199 615
199 618
199 621
199 623
199 624
199 625
199 626
199 627
199 629
199 631
199 633
199 635
199 637
199 638
199 640
199 641
199 643
199 645
199 647
199 650
199 651
199 652
199 655
199 656
199 658
199 660
199 661
199 662
199 664
199 665
199 669
199 671
199 672
199 673
199 674
199 675
199 676
199 677
199 678
199 679
199 680
199 682
199 683
199 685
199 688
199 689
199 690
199 693
199 695
199 699
199 702
199 703
199 704
199 705
199 706
199 708
199 710
199 711
199 715
199 718
199 720
199 721
199 723
199 724
199 728
199 731
199 732
199 734
199 735
199 737
199 739
199 744
199 748
199 751
199 752
199 755
199 756
199 757
199 759
199 760
199 763
199 764
199 768
199 769
199 772
199 775
199 776
199 777
199 778
199 781
199 782
199 783
199 784
199 788
199 791
199 796
199 799
199 800
199 802
199 804
199 806
199 807
199 808
199 809
199 811
199 813
199 814
199 815
199 818
199 821
199 823
199 825
199 827
199 828
199 830
199 831
199 834
199 835
199 836
199 837
199 838
199 840
199 842
199 843
199 844
199 845
199 846
199 850
199 851
199 852
199 853
199 854
199 856
199 858
199 860
199 861
199 865
199 866
199 867
199 868
199 869
199 871
199 872
199 873
199 875
199 876
199 882
199 883
199 884
199 886
199 889
199 890
199 891
199 892
199 895
199 897
199 902
199 903
199 904
199 905
199 906
199 909
199 911
199 913
199 914
199 918
199 920
199 921
199 922
199 923
199 924
199 925
199 926
199 928
199 929
199 930
199 932
199 935
199 938
199 942
199 943
199 946
199 947
199 948
199 950
199 951
199 952
199 955
199 958
199 959
199 965
199 966
199 968
199 970
199 971
199 972
199 975
199 976
199 978
199 981
199 987
199 989
199 994
199 995
199 1000
200 501
200 507
200 510
200 512
200 513
200 518
200 520
200 522
200 529
200 531
200 535
200 537
200 538
200 540
200 544
200 545
200 551
200 554
200 555
200 558
200 559
200 562
200 566
200 572
200 574
200 575
200 576
200 577
200 578
200 583
200 586
200 589
200 592
200 593
200 594
200 596
200 597
200 598
200 599
200 600
200 602
200 603
200 604
200 607
200 609
200 610
200 615
200 617
200 621
200 627
200 628
200 629
200 630
200 633
200 634
200 635
200 637
200 640
200 645
200 646
200 647
200 648
200 653
200 658
200 659
200 666
200 667
200 671
200 673
200 674
200 675
200 676
200 678
200 679
200 680
200 684
200 686
200 687
200 690
200 691
200 692
200 694
200 698
200 700
200 704
200 705
200 706
200 711
200 712
200 713
200 715
200 716
200 718
200 719
200 720
200 721
200 723
200 724
200 726
200 728
200 731
200 732
200 733
200 735
200 736
200 737
200 739
200 740
200 741
200 742
200 743
200 744
200 745
200 749
200 751
200 752
200 753
200 756
200 757
200 758
200 759
200 760
200 764
200 771
200 774
200 775
200 776
200 780
200 781
200 782
200 785
200 788
200 790
200 791
200 793
200 798
200 800
200 805
200 806
200 807
200 809
200 813
200 814
200 817
200 819
200 820
200 822
200 827
200 831
200 832
200 833
200 834
200 835
200 839
200 843
200 845
200 846
200 848
200 849
200 850
200 851
200 856
200 857
200 859
200 860
200 861
200 862
200 863
200 865
200 869
200 872
200 873
200 875
200 877
200 878
200 879
200 881
200 887
200 890
200 894
200 895
200 896
200 903
200 904
200 907
200 910
200 911
200 912
200 917
200 919
200 920
200 924
200 929
200 932
200 937
200 939
200 940
200 942
200 943
200 945
200 946
200 947
200 948
200 950
200 953
200 955
200 957
200 958
200 959
200 960
200 961
200 964
200 966
200 967
200 969
200 971
200 972
200 973
200 974
200 975
200 977
200 978
200 979
200 980
200 981
200 982
200 987
200 988
200 990
200 993
200 994
200 999
200 1000
201 501
201 502
201 504
201 505
201 506
201 509
201 510
201 513
201 514
201 515
201 516
201 517
201 518
201 519
201 520
201 521
201 524
201 525
201 527
201 529
201 530
201 531
201 532
201 538
201 540
201 541
201 543
201 545
201 552
201 553
201 560
201 561
201 563
201 567
201 569
201 570
201 571
201 573
201 575
201 579
201 580
201 581
201 582
201 584
201 586
201 587
201 588
201 589
201 590
201 591
201 592
201 594
201 595
201 597
201 598
201 603
201 604
201 606
201 608
201 610
201 617
201 618
201 620
201 621
201 622
201 623
201 624
201 627
201 629
201 632
201 633
201 634
201 636
201 638
201 644
201 646
201 647
201 652
201 653
201 654
201 655
201 657
201 658
201 659
201 661
201 673
201 674
201 675
201 677
201 679
201 682
201 685
201 686
201 688
201 691
201 692
201 696
201 697
201 699
201 701
201 703
201 704
201 705
201 706
201 709
201 710
201 711
201 712
201 713
201 714
201 715
201 718
201 722
201 724
201 725
201 726
201 728
201 732
201 734
201 738
201 742
201 743
201 744
201 746
201 750
201 751
201 752
201 754
201 755
201 758
201 760
201 762
201 766
201 768
201 769
201 772
201 773
201 774
201 776
201 778
201 780
201 783
201 784
201 787
201 788
201 790
201 792
201 795
201 796
201 797
201 799
201 803
201 805
201 809
201 811
201 813
201 817
201 819
201 820
201 823
201 824
201 825
201 826
201 827
201 829
201 831
201 832
201 833
201 834
201 836
201 838
201 839
201 841
201 842
201 843
201 844
201 846
201 847
201 848
201 849
201 852
201 853
201 860
201 862
201 863
201 865
201 869
201 872
201 873
201 875
201 877
201 878
201 880
201 881
201 884
201 885
201 886
201 897
201 898
201 904
201 906
201 907
201 908
201 909
201 914
201 915
201 918
201 919
201 920
201 922
201 924
201 926
201 928
201 929
201 931
201 932
201 933
201 935
201 936
201 938
201 941
201 942
201 943
201 944
201 947
201 948
201 953
201 954
201 956
201 957
201 960
201 965
201 966
201 967
201 968
201 970
201 972
201 973
201 975
201 977
201 979
201 980
201 981
201 985
201 987
201 992
201 995
201 996
201 998
201 1000
202 503
202 506
202 507
202 508
202 511
202 512
202 514
202 515
202 517
202 519
202 521
202 523
202 524
202 526
202 527
202 528
202 529
202 530
202 531
202 538
202 541
202 543
202 545
202 547
202 548
202 550
202 551
202 555
202 557
202 559
202 560
202 562
202 564
202 565
202 566
202 567
202 573
202 574
202 577
202 578
202 580
202 581
202 582
202 583
202 584
202 586
202 588
202 591
202 593
202 596
202 599
202 602
202 604
202 605
202 607
202 610
202 611
202 613
202 614
202 615
202 616
202 618
202 620
202 621
202 624
202 625
202 627
202 629
202 631
202 633
202 634
202 638
202 643
202 644
202 647
202 649
202 650
202 656
202 657
202 658
202 660
202 661
202 662
202 663
202 666
202 667
202 670
202 672
202 674
202 679
202 680
202 681
202 682
202 684
202 685
202 686
202 690
202 691
202 692
202 695
202 697
202 698
202 699
202 700
202 701
202 702
202 705
202 706
202 707
202 708
202 712
202 714
202 716
202 717
202 720
202 722
202 723
202 729
202 732
202 733
202 736
202 738
202 740
202 744
202 746
202 747
202 752
202 753
202 759
202 760
202 761
202 763
202 764
202 766
202 767
202 769
202 770
202 771
202 772
202 773
202 775
202 776
202 777
202 780
202 781
202 783
202 784
202 785
202 789
202 792
202 794
202 798
202 799
202 800
202 802
202 803
202 805
202 807
202 808
202 809
202 810
202 812
202 814
202 815
202 816
202 818
202 819
202 822
202 823
202 824
202 826
202 830
202 831
202 832
202 833
202 840
202 843
202 847
202 848
202 852
202 853
202 854
202 855
202 858
202 863
202 866
202 867
202 868
202 871
202 872
202 874
202 879
202 880
202 885
202 887
202 891
202 892
202 893
202 894
202 897
202 899
202 902
202 905
202 909
202 915
202 916
202 917
202 918
202 919
202 921
202 922
202 924
202 926
202 927
202 928
202 930
202 935
202 939
202 942
202 945
202 946
202 949
202 953
202 955
202 958
202 961
202 962
202 964
202 965
202 967
202 968
202 970
202 973
202 974
202 975
202 977
202 978
202 979
202 981
202 982
202 986
202 987
202 990
202 992
202 994
202 995
202 997
202 998
202 1000
203 501
203 503
203 506
203 509
203 510
203 511
203 515
203 516
203 517
203 519
203 520
203 521
203 523
203 529
203 530
203 531
203 532
203 534
203 537
203 545
203 546
203 547
203 548
203 550
203 551
203 553
203 557
203 558
203 560
203 561
203 562
203 563
203 565
203 567
203 569
203 572
203 574
203 575
203 577
203 579
203 582
203 584
203 585
203 586
203 587
203 588
203 589
203 591
203 592
203 593
203 594
203 597
203 598
203 600
203 604
203 605
203 606
203 607
203 610
203 613
203 615
203 617
203 618
203 619
203 620
203 623
203 625
203 628
203 629
203 631
203 632
203 633
203 634
203 642
203 645
203 647
203 651
203 652
203 653
203 656
203 658
203 659
203 662
203 664
203 666
203 667
203 678
203 680
203 688
203 696
203 697
203 699
203 700
203 701
203 705
203 707
203 709
203 710
203 711
203 714
203 716
203 717
203 718
203 720
203 721
203 722
203 723
203 726
203 727
203 728
203 730
203 733
203 734
203 741
203 743
203 744
203 748
203 752
203 754
203 755
203 757
203 758
203 760
203 761
203 762
203 763
203 764
203 767
203 769
203 776
203 779
203 780
203 781
203 783
203 784
203 787
203 789
203 791
203 792
203 793
203 794
203 796
203 799
203 800
203 801
203 804
203 805
203 806
203 807
203 812
203 813
203 815
203 816
203 817
203 818
203 822
203 823
203 824
203 825
203 828
203 829
203 830
203 832
203 833
203 835
203 836
203 837
203 840
203 841
203 842
203 846
203 851
203 855
203 857
203 859
203 860
203 861
203 864
203 866
203 871
203 873
203 874
203 875
203 878
203 882
203 884
203 885
203 890
203 893
203 895
203 896
203 899
203 901
203 906
203 908
203 912
203 914
203 916
203 917
203 919
203 921
203 922
203 923
203 924
203 928
203 929
203 930
203 932
203 934
203 936
203 937
203 939
203 940
203 941
203 942
203 943
203 944
203 945
203 951
203 952
203 956
203 957
203 958
203 959
203 960
203 961
203 962
203 964
203 965
203 966
203 967
203 971
203 972
203 975
203 980
203 982
203 983
203 984
203 985
203 986
203 987
203 988
203 990
203 991
203 996
203 997
203 998
203 1000
204 503
204 505
204 509
204 511
204 515
204 516
204 519
204 522
204 523
204 524
204 525
204 526
204 531
204 533
204 537
204 538
204 540
204 541
204 543
204 544
204 545
204 546
204 548
204 550
204 552
204 553
204 555
204 556
204 559
204 564
204 568
204 569
204 570
204 571
204 572
204 573
204 578
204 579
204 583
204 584
204 585
204 591
204 592
204 593
204 594
204 597
204 600
204 601
204 604
204 605
204 606
204 607
204 610
204 612
204 613
204 615
204 617
204 618
204 619
204 620
204 626
204 628
204 629
204 630
204 631
204 633
204 635
204 636
204 637
204 638
204 639
204 640
204 641
204 642
204 645
204 648
204 649
204 650
204 651
204 652
204 653
204 657
204 659
204 660
204 663
204 666
204 668
204 669
204 670
204 671
204 674
204 675
204 676
204 677
204 680
204 681
204 682
204 686
204 687
204 688
204 690
204 691
204 692
204 693
204 695
204 696
204 697
204 700
204 701
204 702
204 703
204 705
204 706
204 708
204 709
204 712
204 715
204 716
204 717
204 718
204 719
204 721
204 723
204 725
204 727
204 729
204 730
204 732
204 733
204 734
204 737
204 738
204 741
204 744
204 749
204 752
204 753
204 756
204 758
204 759
204 760
204 761
204 762
204 765
204 766
204 767
204 768
204 769
204 771
204 772
204 773
204 775
204 776
204 778
204 779
204 781
204 783
204 784
204 785
204 790
204 792
204 793
204 794
204 795
204 796
204 797
204 798
204 800
204 805
204 806
204 807
204 809
204 810
204 811
204 816
204 819
204 820
204 823
204 831
204 832
204 834
204 835
204 839
204 842
204 843
204 845
204 848
204 850
204 851
204 855
204 857
204 859
204 860
204 861
204 862
204 864
204 865
204 866
204 867
204 870
204 877
204 879
204 886
204 891
204 892
204 894
204 895
204 896
204 898
204 901
204 902
204 905
204 907
204 908
204 909
204 911
204 912
204 913
204 916
204 919
204 921
204 922
204 925
204 927
204 930
204 933
204 934
204 936
204 940
204 941
204 943
204 944
204 945
204 946
204 949
204 953
204 954
204 955
204 956
204 957
204 958
204 960
204 961
204 962
204 963
204 964
204 966
204 967
204 970
204 972
204 974
204 975
204 977
204 978
204 979
204 980
204 984
204 986
204 991
204 998
204 1000
205 502
205 504
205 505
205 506
205 507
205 508
205 509
205 511
205 512
205 513
205 517
205 521
205 524
205 526
205 530
205 531
205 533
205 534
205 537
205 538
205 539
205 545
205 546
205 552
205 560
205 562
205 564
205 568
205 570
205 571
205 573
205 575
205 581
205 582
205 585
205 586
205 589
205 591
205 592
205 593
205 594
205 597
205 598
205 599
205 601
205 604
205 605
205 607
205 608
205 611
205 612
205 613
205 619
205 624
205 625
205 627
205 628
205 629
205 631
205 632
205 633
205 634
205 635
205 636
205 639
205 640
205 642
205 643
205 645
205 648
205 651
205 652
205 653
205 655
205 657
205 659
205 662
205 665
205 666
205 668
205 670
205 672
205 677
205 680
205 685
205 689
205 690
205 692
205 693
205 694
205 695
205 698
205 699
205 700
205 702
205 705
205 706
205 707
205 709
205 710
205 711
205 713
205 714
205 715
205 716
205 717
205 718
205 722
205 723
205 724
205 725
205 731
205 732
205 733
205 735
205 737
205 738
205 740
205 741
205 742
205 743
205 746
205 748
205 750
205 752
205 755
205 757
205 758
205 760
205 762
205 763
205 767
205 769
205 770
205 771
205 773
205 774
205 776
205 778
205 779
205 780
205 781
205 782
205 786
205 790
205 791
205 792
205 793
205 794
205 796
205 798
205 801
205 802
205 803
205 804
205 805
205 807
205 808
205 809
205 810
205 811
205 812
205 813
205 815
205 816
205 819
205 822
205 823
205 824
205 826
205 829
205 830
205 833
205 837
205 838
205 840
205 843
205 845
205 846
205 848
205 849
205 850
205 851
205 852
205 853
205 854
205 855
205 861
205 862
205 863
205 864
205 865
205 866
205 868
205 869
205 870
205 874
205 875
205 877
205 878
205 879
205 880
205 881
205 883
205 885
205 887
205 889
205 894
205 896
205 897
205 898
205 899
205 901
205 902
205 903
205 909
205 910
205 913
205 915
205 916
205 918
205 919
205 920
205 926
205 927
205 929
205 930
205 931
205 933
205 934
205 938
205 939
205 941
205 942
205 944
205 945
205 947
205 951
205 952
205 953
205 955
205 957
205 959
205 960
205 961
205 964
205 966
205 967
205 968
205 974
205 977
205 980
205 981
205 982
205 983
205 984
205 990
205 993
205 994
205 996
205 999
206 501
206 502
206 504
206 505
206 508
206 509
206 511
206 513
206 514
206 516
206 519
206 525
206 526
206 528
206 529
206 530
206 531
206 533
206 534
206 536
206 541
206 542
206 548
206 549
206 552
206 554
206 556
206 559
206 560
206 561
206 570
206 571
206 573
206 574
206 575
206 579
206 580
206 583
206 585
206 587
206 588
206 589
206 590
206 596
206 597
206 599
206 600
206 606
206 607
206 608
206 609
206 611
206 613
206 614
206 615
206 616
206 620
206 621
206 623
206 624
206 626
206 627
206 628
206 629
206 630
206 634
206 636
206 639
206 643
206 644
206 645
206 646
206 649
206 650
206 652
206 654
206 655
206 658
206 660
206 661
206 662
206 663
206 665
206 666
206 667
206 669
206 671
206 673
206 675
206 676
206 680
206 681
206 686
206 687
206 692
206 695
206 696
206 697
206 699
206 700
206 702
206 703
206 704
206 707
206 711
206 713
206 714
206 715
206 718
206 720
206 722
206 723
206 726
206 727
206 729
206 731
206 733
206 736
206 738
206 739
206 741
206 743
206 744
206 745
206 748
206 749
206 751
206 759
206 760
206 765
206 766
206 769
206 770
206 771
206 774
206 775
206 779
206 780
206 782
206 784
206 786
206 788
206 789
206 790
206 792
206 793
206 796
206 797
206 798
206 799
206 800
206 801
206 807
206 810
206 816
206 817
206 818
206 819
206 821
206 824
206 825
206 826
206 827
206 829
206 832
206 837
206 838
206 840
206 843
206 845
206 849
206 850
206 851
206 853
206 854
206 855
206 856
206 858
206 862
206 865
206 866
206 867
206 868
206 870
206 871
206 875
206 876
206 877
206 879
206 880
206 881
206 882
206 886
206 888
206 892
206 893
206 894
206 896
206 897
206 899
206 900
206 901
206 909
206 911
206 912
206 917
206 918
206 921
206 923
206 925
206 926
206 928
206 929
206 930
206 931
206 932
206 933
206 935
206 938
206 940
206 941
206 943
206 947
206 950
206 954
206 957
206 958
206 960
206 962
206 964
206 965
206 968
206 970
206 971
206 974
206 976
206 977
206 979
206 980
206 982
206 984
206 985
206 987
206 988
206 989
206 990
206 991
206 994
207 502
207 506
207 507
207 511
207 517
207 523
207 526
207 527
207 534
207 536
207 538
207 541
207 542
207 544
207 545
207 546
207 552
207 553
207 554
207 556
207 557
207 562
207 563
207 564
207 567
207 570
207 571
207 573
207 574
207 575
207 576
207 577
207 578
207 581
207 587
207 588
207 589
207 590
207 591
207 592
207 593
207 600
207 603
207 605
207 609
207 611
207 613
207 615
207 616
207 622
207 624
207 627
207 630
207 632
207 634
207 636
207 639
207 640
207 642
207 644
207 645
207 650
207 655
207 656
207 657
207 658
207 660
207 661
207 663
207 667
207 668
207 670
207 671
207 672
207 673
207 674
207 676
207 677
207 679
207 681
207 682
207 684
207 687
207 691
207 693
207 697
207 699
207 701
207 702
207 704
207 706
207 708
207 710
207 712
207 713
207 715
207 716
207 717
207 719
207 720
207 722
207 724
207 725
207 727
207 730
207 734
207 735
207 739
207 740
207 744
207 745
207 746
207 749
207 752
207 753
207 757
207 758
207 761
207 762
207 768
207 773
207 774
207 775
207 776
207 778
207 779
207 781
207 783
207 784
207 785
207 788
207 789
207 790
207 792
207 793
207 794
207 795
207 796
207 797
207 801
207 804
207 806
207 807
207 809
207 810
207 813
207 815
207 816
207 817
207 818
207 820
207 822
207 824
207 828
207 831
207 833
207 834
207 835
207 836
207 837
207 840
207 841
207 842
207 843
207 845
207 846
207 847
207 849
207 850
207 852
207 854
207 855
207 856
207 857
207 858
207 859
207 860
207 861
207 863
207 864
207 865
207 866
207 867
207 869
207 870
207 879
207 881
207 882
207 888
207 891
207 892
207 893
207 894
207 895
207 901
207 903
207 907
207 908
207 912
207 917
207 918
207 922
207 923
207 926
207 927
207 931
207 934
207 935
207 938
207 939
207 940
207 943
207 945
207 946
207 949
207 951
207 953
207 954
207 955
207 957
207 961
207 962
207 963
207 964
207 965
207 968
207 970
207 971
207 976
207 979
207 980
207 984
207 986
207 987
207 988
207 990
207 992
207 993
207 995
207 996
208 501
208 502
208 503
208 504
208 507
208 510
208 511
208 512
208 515
208 516
208 517
208 518
208 519
208 521
208 525
208 527
208 531
208 532
208 535
208 537
208 539
208 542
208 546
208 547
208 548
208 549
208 552
208 555
208 559
208 561
208 565
208 566
208 567
208 570
208 573
208 575
208 576
208 577
208 578
208 582
208 583
208 584
208 585
208 586
208 587
208 591
208 592
208 594
208 596
208 598
208 600
208 602
208 603
208 606
208 607
208 608
208 611
208 612
208 613
208 614
208 615
208 616
208 618
208 619
208 620
208 621
208 624
208 626
208 635
208 636
208 637
208 638
208 639
208 640
208 642
208 644
208 646
208 653
208 654
208 655
208 656
208 659
208 662
208 663
208 664
208 665
208 666
208 671
208 673
208 677
208 682
208 684
208 686
208 687
208 689
208 691
208 692
208 694
208 695
208 696
208 699
208 702
208 703
208 706
208 710
208 711
208 713
208 714
208 716
208 718
208 720
208 722
208 727
208 730
208 732
208 733
208 734
208 735
208 736
208 737
208 742
208 744
208 747
208 754
208 755
208 756
208 757
208 758
208 760
208 762
208 764
208 766
208 767
208 768
208 769
208 774
208 776
208 778
208 779
208 780
208 785
208 787
208 789
208 790
208 791
208 792
208 796
208 797
208 799
208 803
208 804
208 805
208 806
208 807
208 813
208 814
208 820
208 822
208 823
208 826
208 828
208 829
208 832
208 833
208 836
208 838
208 839
208 840
208 841
208 842
208 849
208 850
208 851
208 852
208 855
208 856
208 860
208 861
208 863
208 865
208 867
208 868
208 869
208 870
208 871
208 873
208 875
208 876
208 879
208 880
208 881
208 883
208 884
208 886
208 888
208 889
208 892
208 894
208 898
208 901
208 902
208 905
208 906
208 910
208 911
208 912
208 913
208 915
208 916
208 917
208 920
208 921
208 923
208 924
208 925
208 926
208 928
208 930
208 931
208 933
208 935
208 936
208 937
208 938
208 940
208 941
208 942
208 944
208 945
208 946
208 948
208 949
208 952
208 953
208 954
208 956
208 958
208 959
208 960
208 963
208 964
208 966
208 967
208 968
208 971
208 974
208 975
208 978
208 982
208 983
208 984
208 985
208 988
208 989
208 990
208 993
208 994
208 995
208 997
208 1000
209 501
209 502
209 503
209 505
209 507
209 508
209 510
209 512
209 513
209 521
209 524
209 527
209 528
209 529
209 531
209 532
209 534
209 535
209 536
209 540
209 543
209 544
209 545
209 547
209 549
209 553
209 554
209 555
209 556
209 557
209 558
209 559
209 560
209 561
209 563
209 564
209 565
209 566
209 570
209 571
209 574
209 578
209 581
209 584
209 586
209 589
209 593
209 597
209 598
209 599
209 600
209 603
209 605
209 607
209 612
209 615
209 617
209 618
209 619
209 620
209 622
209 628
209 632
209 634
209 635
209 637
209 642
209 648
209 649
209 651
209 652
209 654
209 659
209 660
209 661
209 663
209 667
209 668
209 669
209 673
209 674
209 675
209 676
209 677
209 679
209 680
209 683
209 686
209 687
209 690
209 692
209 694
209 700
209 701
209 705
209 707
209 708
209 710
209 713
209 714
209 716
209 717
209 721
209 722
209 725
209 727
209 729
209 732
209 733
209 736
209 737
209 739
209 742
209 743
209 745
209 747
209 751
209 752
209 753
209 754
209 755
209 760
209 761
209 762
209 765
209 766
209 772
209 774
209 776
209 779
209 780
209 782
209 785
209 786
209 790
209 794
209 798
209 799
209 805
209 806
209 808
209 810
209 811
209 815
209 818
209 822
209 823
209 824
209 825
209 827
209 828
209 830
209 833
209 835
209 837
209 838
209 839
209 840
209 841
209 843
209 848
209 853
209 860
209 862
209 869
209 870
209 872
209 873
209 874
209 875
209 876
209 878
209 882
209 884
209 885
209 886
209 887
209 889
209 891
209 895
209 904
209 905
209 907
209 908
209 909
209 910
209 911
209 913
209 915
209 916
209 917
209 918
209 922
209 925
209 926
209 928
209 929
209 930
209 931
209 933
209 934
209 938
209 939
209 941
209 942
209 943
209 945
209 946
209 947
209 948
209 949
209 950
209 951
209 958
209 959
209 962
209 963
209 965
209 966
209 971
209 972
209 974
209 976
209 981
209 982
209 983
209 985
209 988
209 993
209 994
209 995
209 996
209 999
210 501
210 504
210 507
210 512
210 515
210 516
210 517
210 518
210 519
210 520
210 521
210 525
210 526
210 530
210 532
210 535
210 538
210 539
210 540
210 544
210 545
210 546
210 547
210 548
210 550
210 551
210 552
210 554
210 555
210 557
210 558
210 559
210 560
210 562
210 564
210 572
210 574
210 575
210 576
210 578
210 581
210 583
210 584
210 586
210 588
210 594
210 595
210 596
210 599
210 600
210 601
210 602
210 603
210 605
210 606
210 608
210 610
210 612
210 613
210 616
210 618
210 620
210 622
210 624
210 625
210 626
210 628
210 633
210 634
210 635
210 638
210 639
210 640
210 641
210 642
210 643
210 644
210 649
210 651
210 653
210 657
210 658
210 660
210 664
210 665
210 668
210 669
210 673
210 674
210 675
210 677
210 681
210 682
210 684
210 685
210 686
210 687
210 691
210 692
210 694
210 697
210 698
210 700
210 701
210 702
210 703
210 705
210 708
210 709
210 710
210 712
210 714
210 715
210 716
210 719
210 722
210 728
210 729
210 730
210 731
210 733
210 734
210 735
210 736
210 737
210 738
210 740
210 742
210 743
210 745
210 750
210 758
210 760
210 763
210 764
210 766
210 767
210 768
210 769
210 771
210 774
210 777
210 778
210 783
210 784
210 786
210 787
210 788
210 794
210 798
210 799
210 801
210 802
210 803
210 804
210 805
210 806
210 807
210 808
210 809
210 810
210 812
210 814
210 815
210 817
210 819
210 820
210 821
210 823
210 824
210 825
210 826
210 829
210 831
210 832
210 833
210 836
210 840
210 844
210 846
210 847
210 848
210 851
210 852
210 855
210 856
210 857
210 860
210 862
210 863
210 864
210 866
210 871
210 873
210 875
210 876
210 877
210 879
210 883
210 884
210 887
210 889
210 891
210 892
210 893
210 896
210 898
210 899
210 900
210 901
210 904
210 908
210 910
210 911
210 912
210 913
210 918
210 922
210 923
210 924
210 925
210 926
210 927
210 928
210 930
210 935
210 936
210 940
210 941
210 946
210 947
210 949
210 953
210 957
210 958
210 959
210 960
210 961
210 962
210 965
210 967
210 971
210 973
210 974
210 975
210 977
210 978
210 980
210 984
210 985
210 990
210 994
210 997
210 999
210 1000
211 501
211 503
211 508
211 509
211 510
211 511
211 513
211 516
211 518
211 519
211 523
211 524
211 526
211 527
211 528
211 529
211 530
211 531
211 534
211 536
211 540
211 541
211 546
211 547
211 551
211 552
211 554
211 555
211 557
211 560
211 561
211 565
211 566
211 567
211 569
211 571
211 573
211 574
211 575
211 579
211 583
211 585
211 589
211 590
211 592
211 594
211 595
211 597
211 598
211 599
211 603
211 604
211 605
211 608
211 610
211 613
211 614
211 615
211 617
211 618
211 619
211 621
211 622
211 623
211 624
211 625
211 626
211 630
211 632
211 633
211 639
211 640
211 642
211 644
211 648
211 649
211 652
211 653
211 655
211 656
211 657
211 660
211 661
211 662
211 665
211 666
211 667
211 668
211 670
211 672
211 679
211 681
211 684
211 686
211 687
211 690
211 692
211 693
211 695
211 696
211 697
211 703
211 704
211 705
211 710
211 712
211 716
211 718
211 719
211 720
211 723
211 726
211 728
211 729
211 730
211 731
211 733
211 734
211 735
211 736
211 738
211 739
211 745
211 750
211 751
211 752
211 753
211 755
211 756
211 757
211 764
211 765
211 766
211 768
211 772
211 782
211 783
211 784
211 786
211 787
211 790
211 791
211 792
211 793
211 794
211 796
211 797
211 798
211 805
211 807
211 809
211 810
211 811
211 812
211 814
211 815
211 816
211 818
211 819
211 820
211 821
211 824
211 826
211 827
211 829
211 831
211 834
211 836
211 838
211 842
211 845
211 846
211 850
211 854
211 855
211 856
211 860
211 862
211 863
211 865
211 866
211 868
211 869
211 872
211 875
211 876
211 878
211 879
211 880
211 881
211 882
211 888
211 892
211 893
211 895
211 896
211 897
211 900
211 902
211 908
211 909
211 911
211 913
211 914
211 916
211 917
211 919
211 920
211 921
211 925
211 926
211 927
211 928
211 929
211 932
211 933
211 935
211 937
211 938
211 939
211 940
211 942
211 943
211 944
211 948
211 951
211 952
211 954
211 955
211 962
211 963
211 965
211 966
211 968
211 969
211 974
211 976
211 977
211 979
211 980
211 983
211 984
211 986
211 990
211 991
211 995
211 997
211 998
211 1000
212 502
212 503
212 504
212 509
212 511
212 514
212 515
212 516
212 517
212 524
212 529
212 530
212 532
212 533
212 535
212 538
212 540
212 549
212 550
212 553
212 556
212 557
212 560
212 561
212 562
212 568
212 574
212 575
212 576
212 578
212 579
212 581
212 584
212 585
212 586
212 590
212 593
212 595
212 596
212 600
212 603
212 608
212 610
212 612
212 615
212 620
212 622
212 626
212 628
212 629
212 632
212 633
212 634
212 636
212 637
212 638
212 641
212 642
212 643
212 644
212 646
212 647
212 648
212 649
212 650
212 652
212 657
212 658
212 659
212 664
212 667
212 669
212 671
212 672
212 673
212 675
212 679
212 681
212 684
212 685
212 687
212 688
212 689
212 690
212 691
212 694
212 695
212 698
212 701
212 702
212 703
212 705
212 706
212 708
212 709
212 711
212 715
212 716
212 718
212 719
212 722
212 724
212 728
212 729
212 732
212 733
212 734
212 737
212 738
212 743
212 744
212 745
212 747
212 749
212 750
212 752
212 754
212 756
212 757
212 758
212 759
212 760
212 762
212 764
212 768
212 771
212 772
212 775
212 777
212 784
212 787
212 788
212 790
212 791
212 792
212 796
212 797
212 799
212 803
212 804
212 807
212 808
212 810
212 812
212 813
212 814
212 815
212 816
212 817
212 819
212 821
212 823
212 826
212 827
212 829
212 830
212 831
212 832
212 833
212 834
212 835
212 836
212 841
212 843
212 844
212 845
212 846
212 847
212 850
212 852
212 853
212 855
212 858
212 860
212 861
212 862
212 865
212 867
212 868
212 870
212 871
212 872
212 874
212 877
212 879
212 884
212 887
212 888
212 889
212 890
212 891
212 893
212 894
212 895
212 896
212 897
212 898
212 901
212 902
212 904
212 906
212 907
212 909
212 911
212 912
212 913
212 914
212 920
212 921
212 922
212 923
212 927
212 928
212 929
212 932
212 934
212 935
212 936
212 937
212 938
212 940
212 941
212 942
212 944
212 946
212 947
212 948
212 950
212 952
212 954
212 959
212 962
212 963
212 964
212 965
212 973
212 974
212 977
212 978
212 979
212 980
212 981
212 983
212 985
212 988
212 990
212 992
212 999
213 504
213 505
213 506
213 509
213 511
213 513
213 514
213 515
213 516
213 520
213 521
213 523
213 524
213 527
213 528
213 531
213 533
213 534
213 537
213 538
213 546
213 549
213 551
213 553
213 556
213 559
213 564
213 565
213 567
213 571
213 577
213 580
213 581
213 582
213 587
213 591
213 593
213 594
213 596
213 597
213 598
213 599
213 601
213 602
213 606
213 608
213 609
213 615
213 616
213 617
213 619
213 620
213 623
213 624
213 625
213 626
213 629
213 631
213 632
213 636
213 642
213 643
213 644
213 645
213 650
213 651
213 652
213 653
213 654
213 655
213 656
213 657
213 665
213 668
213 674
213 677
213 679
213 680
213 683
213 684
213 689
213 690
213 694
213 695
213 699
213 700
213 706
213 707
213 709
213 710
213 711
213 712
213 714
213 715
213 717
213 718
213 719
213 721
213 722
213 723
213 724
213 725
213 727
213 729
213 731
213 732
213 733
213 737
213 739
213 743
213 744
213 746
213 748
213 752
213 753
213 756
213 759
213 760
213 765
213 771
213 773
213 778
213 780
213 781
213 784
213 786
213 787
213 793
213 795
213 796
213 800
213 802
213 804
213 805
213 808
213 809
213 810
213 811
213 813
213 814
213 816
213 819
213 821
213 825
213 827
213 829
213 833
213 835
213 836
213 839
213 841
213 843
213 846
213 848
213 849
213 852
213 853
213 857
213 858
213 859
213 861
213 863
213 864
213 865
213 877
213 878
213 879
213 880
213 884
213 886
213 888
213 889
213 894
213 895
213 896
213 897
213 898
213 899
213 900
213 901
213 902
213 904
213 905
213 906
213 908
213 912
213 914
213 915
213 916
213 917
213 918
213 920
213 923
213 924
213 925
213 926
213 927
213 929
213 933
213 934
213 936
213 940
213 944
213 946
213 950
213 951
213 952
213 955
213 959
213 961
213 962
213 964
213 966
213 967
213 968
213 970
213 972
213 975
213 976
213 978
213 979
213 980
213 981
213 982
213 984
213 986
213 987
213 990
213 995
213 996
213 998
213 999
214 505
214 506
214 508
214 509
214 513
214 518
214 519
214 521
214 523
214 526
214 528
214 531
214 532
214 533
214 534
214 535
214 536
214 540
214 541
214 542
214 543
214 548
214 552
214 554
214 555
214 559
214 561
214 563
214 564
214 566
214 569
214 570
214 572
214 575
214 576
214 578
214 579
214 580
214 581
214 582
214 583
214 586
214 587
214 589
214 590
214 591
214 593
214 594
214 596
214 599
214 600
214 601
214 604
214 607
214 608
214 609
214 611
214 613
214 614
214 617
214 620
214 622
214 623
214 624
214 626
214 627
214 630
214 632
214 633
214 634
214 636
214 637
214 638
214 640
214 645
214 646
214 647
214 651
214 653
214 654
214 655
214 656
214 657
214 658
214 661
214 663
214 668
214 669
214 670
214 673
214 674
214 675
214 676
214 677
214 678
214 681
214 682
214 684
214 685
214 691
214 692
214 694
214 700
214 701
214 702
214 703
214 709
214 710
214 713
214 714
214 716
214 718
214 721
214 723
214 724
214 726
214 728
214 732
214 733
214 734
214 735
214 736
214 738
214 740
214 741
214 742
214 743
214 744
214 745
214 746
214 747
214 748
214 750
214 752
214 754
214 757
214 759
214 761
214 762
214 765
214 766
214 767
214 770
214 772
214 775
214 779
214 780
214 782
214 784
214 785
214 787
214 788
214 789
214 790
214 791
214 792
214 794
214 795
214 798
214 799
214 800
214 803
214 804
214 805
214 810
214 811
214 816
214 817
214 818
214 820
214 821
214 822
214 823
214 824
214 825
214 831
214 833
214 834
214 835
214 838
214 839
214 841
214 842
214 844
214 850
214 852
214 853
214 854
214 855
214 856
214 858
214 860
214 861
214 863
214 868
214 870
214 879
214 880
214 881
214 883
214 885
214 886
214 888
214 889
214 890
214 895
214 896
214 897
214 898
214 901
214 902
214 904
214 905
214 907
214 908
214 909
214 911
214 912
214 915
214 916
214 917
214 927
214 928
214 930
214 932
214 934
214 935
214 937
214 938
214 939
214 940
214 942
214 944
214 945
214 949
214 951
214 954
214 957
214 958
214 959
214 960
214 961
214 963
214 965
214 966
214 967
214 973
214 974
214 975
214 977
214 979
214 980
214 982
214 984
214 985
214 992
214 993
214 994
214 997
214 998
214 999
215 503
215 504
215 506
215 507
215 508
215 509
215 511
215 514
215 515
215 524
215 530
215 532
215 533
215 538
215 546
215 547
215 551
215 552
215 553
215 554
215 555
215 556
215 557
215 559
215 560
215 566
215 568
215 569
215 571
215 573
215 576
215 577
215 583
215 584
215 585
215 587
215 590
215 594
215 595
215 596
215 598
215 599
215 606
215 607
215 608
215 609
215 610
215 611
215 618
215 620
215 622
215 625
215 626
215 628
215 629
215 630
215 631
215 633
215 634
215 635
215 638
215 639
215 642
215 643
215 644
215 645
215 646
215 647
215 648
215 650
215 652
215 653
215 655
215 657
215 658
215 659
215 660
215 662
215 666
215 668
215 671
215 672
215 673
215 674
215 675
215 677
215 678
215 686
215 687
215 688
215 691
215 692
215 693
215 694
215 695
215 700
215 704
215 707
215 708
215 710
215 711
215 713
215 717
215 719
215 721
215 723
215 726
215 732
215 736
215 738
215 739
215 740
215 743
215 744
215 745
215 746
215 748
215 749
215 752
215 754
215 756
215 759
215 762
215 763
215 764
215 766
215 767
215 769
215 770
215 774
215 775
215 776
215 778
215 780
215 781
215 783
215 784
215 785
215 786
215 787
215 791
215 793
215 794
215 796
215 799
215 800
215 804
215 806
215 810
215 815
215 816
215 818
215 819
215 821
215 822
215 823
215 824
215 825
215 826
215 827
215 828
215 831
215 833
215 835
215 838
215 840
215 843
215 846
215 847
215 848
215 849
215 850
215 851
215 856
215 857
215 858
215 859
215 860
215 866
215 869
215 871
215 872
215 873
215 874
215 875
215 876
215 877
215 878
215 881
215 882
215 884
215 886
215 887
215 890
215 892
215 894
215 896
215 902
215 903
215 904
215 905
215 908
215 912
215 913
215 914
215 916
215 917
215 918
215 922
215 924
215 925
215 926
215 927
215 932
215 933
215 934
215 935
215 936
215 937
215 939
215 942
215 944
215 946
215 948
215 949
215 952
215 954
215 956
215 958
215 959
215 960
215 961
215 964
215 967
215 969
215 970
215 973
215 974
215 975
215 976
215 977
215 978
215 979
215 982
215 983
215 984
215 985
215 986
215 987
215 992
215 996
215 999
216 501
216 505
216 507
216 512
216 516
216 519
216 520
216 522
216 523
216 524
216 526
216 527
216 528
216 531
216 532
216 534
216 536
216 539
216 541
216 542
216 543
216 544
216 545
216 546
216 547
216 552
216 553
216 554
216 556
216 557
216 558
216 560
216 561
216 562
216 563
216 566
216 567
216 569
216 571
216 572
216 573
216 574
216 577
216 578
216 579
216 580
216 582
216 584
216 586
216 587
216 588
216 590
216 593
216 595
216 597
216 599
216 601
216 603
216 607
216 608
216 614
216 615
216 616
216 618
216 619
216 620
216 622
216 623
216 625
216 627
216 629
216 630
216 631
216 632
216 633
216 634
216 635
216 638
216 639
216 640
216 641
216 645
216 647
216 649
216 654
216 655
216 656
216 658
216 659
216 664
216 665
216 668
216 670
216 671
216 673
216 676
216 679
216 680
216 681
216 682
216 688
216 689
216 690
216 691
216 694
216 695
216 696
216 698
216 699
216 700
216 701
216 702
216 703
216 705
216 708
216 709
216 710
216 712
216 713
216 716
216 717
216 718
216 719
216 720
216 721
216 722
216 723
216 724
216 725
216 727
216 731
216 732
216 733
216 735
216 736
216 737
216 738
216 740
216 742
216 749
216 750
216 751
216 752
216 754
216 755
216 757
216 758
216 759
216 763
216 764
216 765
216 766
216 767
216 768
216 769
216 770
216 772
216 774
216 778
216 779
216 780
216 781
216 782
216 783
216 788
216 789
216 790
216 791
216 794
216 799
216 800
216 801
216 802
216 803
216 811
216 813
216 814
216 816
216 820
216 821
216 823
216 824
216 827
216 828
216 831
216 833
216 834
216 837
216 840
216 842
216 843
216 848
216 850
216 851
216 852
216 853
216 855
216 857
216 862
216 863
216 867
216 873
216 874
216 876
216 878
216 879
216 880
216 881
216 882
216 883
216 886
216 887
216 888
216 889
216 892
216 893
216 895
216 900
216 903
216 906
216 908
216 910
216 911
216 912
216 916
216 917
216 918
216 919
216 920
216 922
216 925
216 928
216 930
216 931
216 932
216 933
216 934
216 935
216 936
216 942
216 944
216 946
216 947
216 948
216 950
216 952
216 953
216 954
216 956
216 957
216 958
216 959
216 960
216 962
216 963
216 965
216 967
216 969
216 971
216 972
216 973
216 976
216 978
216 980
216 982
216 983
216 987
216 988
216 989
216 995
216 996
216 997
217 504
217 506
217 511
217 513
217 514
217 516
217 517
217 519
217 521
217 522
217 524
217 525
217 527
217 528
217 529
217 530
217 531
217 532
217 534
217 536
217 537
217 539
217 540
217 544
217 549
217 554
217 555
217 556
217 558
217 564
217 565
217 566
217 567
217 574
217 575
217 576
217 578
217 580
217 582
217 583
217 584
217 585
217 586
217 588
217 591
217 592
217 593
217 594
217 595
217 596
217 597
217 598
217 599
217 603
217 605
217 607
217 609
217 611
217 613
217 614
217 615
217 616
217 618
217 619
217 620
217 621
217 623
217 624
217 625
217 627
217 628
217 633
217 635
217 638
217 640
217 641
217 642
217 644
217 646
217 648
217 651
217 652
217 654
217 655
217 656
217 657
217 660
217 663
217 665
217 666
217 671
217 673
217 674
217 677
217 681
217 684
217 685
217 688
217 691
217 692
217 696
217 706
217 708
217 710
217 712
217 713
217 714
217 715
217 717
217 722
217 723
217 725
217 726
217 728
217 729
217 734
217 738
217 739
217 740
217 744
217 749
217 751
217 752
217 753
217 756
217 762
217 763
217 766
217 768
217 770
217 771
217 774
217 775
217 777
217 783
217 784
217 785
217 788
217 790
217 791
217 795
217 796
217 797
217 800
217 802
217 804
217 807
217 808
217 809
217 810
217 812
217 815
217 819
217 824
217 825
217 828
217 829
217 831
217 832
217 833
217 835
217 837
217 838
217 839
217 842
217 846
217 849
217 852
217 853
217 854
217 856
217 857
217 859
217 864
217 865
217 868
217 873
217 874
217 876
217 878
217 879
217 880
217 882
217 883
217 884
217 886
217 889
217 890
217 891
217 894
217 895
217 896
217 897
217 899
217 900
217 903
217 906
217 907
217 911
217 912
217 914
217 918
217 920
217 921
217 923
217 924
217 925
217 927
217 928
217 933
217 936
217 937
217 938
217 939
217 941
217 945
217 946
217 948
217 950
217 952
217 953
217 956
217 960
217 961
217 962
217 963
217 964
217 965
217 966
217 969
217 970
217 971
217 973
217 976
217 978
217 980
217 981
217 983
217 985
217 986
217 987
217 988
217 989
217 992
217 995
217 996
217 997
217 1000
218 503
218 507
218 509
218 510
218 514
218 515
218 516
218 520
218 521
218 522
218 523
218 525
218 530
218 534
218 536
218 537
218 538
218 539
218 544
218 545
218 546
218 547
218 548
218 551
218 553
218 554
218 555
218 558
218 559
218 561
218 562
218 563
218 565
218 566
218 567
218 568
218 569
218 570
218 571
218 572
218 573
218 575
218 576
218 578
218 580
218 581
218 582
218 584
218 585
218 586
218 588
218 589
218 590
218 592
218 593
218 595
218 598
218 600
218 606
218 608
218 609
218 612
218 615
218 616
218 618
218 619
218 620
218 621
218 622
218 624
218 626
218 629
218 630
218 631
218 632
218 635
218 638
218 639
218 641
218 642
218 645
218 646
218 647
218 649
218 650
218 653
218 654
218 655
218 656
218 657
218 658
218 659
218 660
218 664
218 665
218 666
218 667
218 669
218 672
218 675
218 677
218 679
218 682
218 683
218 686
218 687
218 688
218 689
218 690
218 691
218 693
218 696
218 698
218 699
218 700
218 701
218 702
218 703
218 704
218 705
218 706
218 711
218 712
218 713
218 715
218 717
218 719
218 720
218 721
218 722
218 725
218 727
218 734
218 737
218 740
218 741
218 743
218 744
218 745
218 749
218 750
218 752
218 754
218 756
218 757
218 759
218 760
218 761
218 763
218 765
218 767
218 771
218 773
218 776
218 778
218 779
218 780
218 781
218 783
218 786
218 787
218 788
218 791
218 792
218 795
218 799
218 800
218 802
218 803
218 807
218 808
218 809
218 810
218 812
218 815
218 820
218 822
218 825
218 828
218 829
218 830
218 833
218 834
218 835
218 836
218 837
218 839
218 842
218 843
218 844
218 846
218 848
218 850
218 851
218 853
218 855
218 856
218 857
218 859
218 860
218 863
218 864
218 865
218 866
218 870
218 871
218 873
218 874
218 881
218 883
218 884
218 886
218 892
218 899
218 900
218 901
218 904
218 905
218 906
218 909
218 910
218 911
218 914
218 915
218 916
218 917
218 918
218 923
218 926
218 927
218 928
218 938
218 940
218 942
218 944
218 945
218 948
218 950
218 952
218 956
218 958
218 959
218 960
218 961
218 962
218 963
218 964
218 966
218 967
218 970
218 972
218 978
218 980
218 981
218 982
218 986
218 988
218 989
218 991
218 997
218 999
219 502
219 503
219 506
219 508
219 511
219 512
219 514
219 516
219 518
219 522
219 524
219 526
219 527
219 528
219 531
219 532
219 533
219 534
219 536
219 539
219 540
219 541
219 542
219 543
219 547
219 549
219 550
219 552
219 553
219 555
219 556
219 558
219 560
219 562
219 564
219 565
219 567
219 569
219 570
219 572
219 573
219 575
219 578
219 579
219 583
219 584
219 592
219 593
219 595
219 598
219 600
219 603
219 604
219 607
219 609
219 610
219 612
219 618
219 619
219 622
219 625
219 627
219 629
219 630
219 634
219 635
219 636
219 639
219 640
219 641
219 643
219 645
219 646
219 647
219 650
219 651
219 657
219 658
219 662
219 664
219 666
219 667
219 668
219 669
219 670
219 671
219 672
219 674
219 675
219 676
219 677
219 679
219 681
219 683
219 688
219 689
219 692
219 694
219 695
219 698
219 699
219 700
219 701
219 702
219 705
219 709
219 714
219 716
219 717
219 718
219 719
219 722
219 725
219 728
219 730
219 731
219 732
219 733
219 736
219 737
219 742
219 744
219 745
219 746
219 747
219 748
219 749
219 751
219 753
219 754
219 755
219 756
219 758
219 759
219 762
219 763
219 766
219 767
219 768
219 770
219 773
219 774
219 776
219 782
219 784
219 785
219 786
219 787
219 788
219 794
219 796
219 797
219 798
219 799
219 800
219 804
219 807
219 808
219 809
219 810
219 811
219 814
219 816
219 818
219 820
219 821
219 822
219 824
219 825
219 829
219 831
219 832
219 834
219 837
219 838
219 843
219 847
219 848
219 855
219 858
219 862
219 866
219 868
219 874
219 875
219 880
219 881
219 883
219 884
219 885
219 886
219 888
219 890
219 891
219 892
219 896
219 898
219 900
219 901
219 903
219 910
219 912
219 913
219 914
219 915
219 916
219 918
219 922
219 932
219 933
219 934
219 935
219 938
219 939
219 940
219 943
219 944
219 946
219 948
219 949
219 950
219 951
219 952
219 953
219 954
219 955
219 956
219 958
219 960
219 965
219 967
219 969
219 973
219 977
219 978
219 980
219 981
219 990
219 993
219 995
220 501
220 506
220 508
220 509
220 510
220 512
220 513
220 514
220 515
220 517
220 518
220 521
220 525
220 528
220 529
220 531
220 535
220 537
220 538
220 539
220 540
220 544
220 546
220 550
220 552
220 557
220 561
220 563
220 564
220 566
220 568
220 569
220 570
220 572
220 574
220 576
220 577
220 580
220 586
220 589
220 591
220 592
220 595
220 597
220 600
220 601
220 602
220 603
220 608
220 612
220 614
220 615
220 617
220 619
220 623
220 627
220 628
220 633
220 636
220 638
220 639
220 640
220 641
220 642
220 643
220 647
220 649
220 650
220 652
220 656
220 658
220 659
220 660
220 663
220 664
220 665
220 666
220 667
220 668
220 669
220 670
220 671
220 672
220 673
220 677
220 678
220 679
220 680
220 681
220 684
220 685
220 687
220 688
220 692
220 696
220 700
220 701
220 705
220 706
220 707
220 712
220 714
220 717
220 719
220 721
220 722
220 727
220 728
220 729
220 733
220 738
220 739
220 740
220 743
220 744
220 745
220 746
220 747
220 749
220 750
220 753
220 755
220 758
220 767
220 768
220 769
220 770
220 771
220 772
220 773
220 775
220 777
220 779
220 783
220 784
220 785
220 786
220 790
220 791
220 795
220 799
220 800
220 806
220 808
220 809
220 810
220 811
220 812
220 813
220 814
220 815
220 819
220 822
220 825
220 826
220 828
220 829
220 830
220 832
220 833
220 834
220 835
220 836
220 841
220 842
220 845
220 847
220 850
220 851
220 852
220 853
220 856
220 857
220 858
220 859
220 860
220 861
220 862
220 863
220 866
220 868
220 871
220 872
220 875
220 878
220 879
220 880
220 881
220 883
220 885
220 889
220 890
220 891
220 892
220 893
220 894
220 897
220 901
220 903
220 904
220 907
220 910
220 916
220 919
220 920
220 922
220 924
220 925
220 927
220 928
220 929
220 930
220 931
220 933
220 936
220 937
220 938
220 941
220 946
220 947
220 948
220 949
220 953
220 957
220 959
220 960
220 961
220 968
220 969
220 970
220 971
220 972
220 973
220 975
220 977
220 978
220 980
220 982
220 983
220 984
220 987
220 988
220 995
220 998
221 506
221 507
221 508
221 510
221 511
221 513
221 515
221 516
221 523
221 524
221 527
221 528
221 530
221 532
221 533
221 535
221 536
221 538
221 541
221 542
221 543
221 544
221 547
221 549
221 551
221 552
221 563
221 565
221 572
221 575
221 576
221 578
221 579
221 584
221 586
221 588
221 592
221 597
221 601
221 603
221 605
221 606
221 608
221 610
221 612
221 613
221 615
221 616
221 617
221 626
221 627
221 628
221 633
221 634
221 637
221 638
221 639
221 641
221 643
221 647
221 648
221 649
221 652
221 655
221 657
221 658
221 661
221 663
221 668
221 669
221 670
221 671
221 672
221 677
221 679
221 683
221 684
221 685
221 688
221 689
221 690
221 695
221 697
221 702
221 704
221 706
221 707
221 709
221 711
221 712
221 713
221 714
221 715
221 716
221 719
221 722
221 725
221 726
221 727
221 731
221 732
221 733
221 734
221 736
221 739
221 740
221 742
221 745
221 748
221 752
221 753
221 755
221 756
221 757
221 758
221 761
221 763
221 766
221 767
221 768
221 769
221 771
221 773
221 775
221 779
221 781
221 782
221 783
221 784
221 785
221 786
221 787
221 790
221 791
221 793
221 795
221 797
221 800
221 801
221 803
221 804
221 810
221 811
221 813
221 815
221 816
221 817
221 818
221 819
221 820
221 821
221 823
221 826
221 827
221 829
221 830
221 832
221 837
221 840
221 841
221 842
221 843
221 845
221 846
221 848
221 850
221 852
221 853
221 856
221 859
221 860
221 862
221 863
221 864
221 865
221 868
221 871
221 874
221 880
221 881
221 882
221 886
221 888
221 889
221 890
221 892
221 893
221 894
221 896
221 901
221 911
221 912
221 917
221 919
221 923
221 924
221 925
221 926
221 927
221 928
221 929
221 931
221 932
221 935
221 936
221 938
221 943
221 945
221 949
221 952
221 956
221 963
221 964
221 965
221 967
221 968
221 969
221 977
221 980
221 981
221 984
221 985
221 986
221 989
221 990
221 993
221 994
221 995
221 997
221 998
221 999
221 1000
222 501
222 503
222 506
222 508
222 510
222 516
222 517
222 521
222 524
222 529
222 531
222 532
222 533
222 534
222 535
222 536
222 538
222 540
222 544
222 549
222 551
222 552
222 553
222 556
222 557
222 559
222 560
222 561
222 562
222 563
222 565
222 572
222 573
222 574
222 582
222 584
222 585
222 588
222 589
222 590
222 592
222 593
222 594
222 596
222 598
222 600
222 604
222 605
222 606
222 608
222 609
222 611
222 613
222 614
222 617
222 619
222 620
222 621
222 622
222 623
222 625
222 627
222 630
222 632
222 634
222 639
222 644
222 648
222 651
222 652
222 653
222 654
222 656
222 658
222 659
222 660
222 661
222 670
222 671
222 672
222 674
222 675
222 678
222 680
222 681
222 682
222 684
222 687
222 688
222 689
222 690
222 694
222 698
222 701
222 702
222 703
222 706
222 707
222 708
222 711
222 712
222 713
222 714
222 715
222 716
222 722
222 723
222 726
222 727
222 728
222 729
222 730
222 731
222 734
222 735
222 736
222 743
222 744
222 745
222 746
222 747
222 748
222 750
222 751
222 752
222 754
222 757
222 763
222 765
222 770
222 772
222 773
222 774
222 775
222 776
222 777
222 778
222 780
222 783
222 784
222 787
222 789
222 790
222 793
222 794
222 795
222 798
222 801
222 803
222 804
222 806
222 807
222 812
222 814
222 821
222 822
222 823
222 824
222 826
222 827
222 833
222 834
222 837
222 839
222 840
222 842
222 843
222 845
222 847
222 850
222 853
222 856
222 857
222 858
222 861
222 864
222 865
222 868
222 870
222 871
222 872
222 873
222 875
222 878
222 881
222 882
222 883
222 885
222 888
222 889
222 890
222 891
222 894
222 896
222 898
222 901
222 903
222 904
222 906
222 909
222 910
222 912
222 917
222 918
222 923
222 929
222 933
222 934
222 936
222 938
222 939
222 940
222 941
222 943
222 944
222 949
222 950
222 956
222 957
222 959
222 961
222 962
222 964
222 965
222 966
222 969
222 971
222 973
222 975
222 976
222 979
222 981
222 984
222 985
222 987
222 989
222 990
222 991
222 992
222 994
222 996
222 997
222 998
222 999
222 1000
223 502
223 504
223 505
223 506
223 510
223 512
223 513
223 515
223 516
223 517
223 518
223 520
223 523
223 525
223 526
223 527
223 528
223 529
223 530
223 531
223 534
223 535
223 540
223 543
223 544
223 545
223 546
223 547
223 549
223 550
223 551
223 552
223 553
223 554
223 555
223 560
223 562
223 564
223 567
223 568
223 569
223 570
223 573
223 575
223 578
223 582
223 586
223 587
223 588
223 593
223 596
223 597
223 598
223 601
223 603
223 604
223 605
223 606
223 607
223 608
223 609
223 610
223 612
223 614
223 623
223 624
223 630
223 632
223 634
223 635
223 636
223 638
223 639
223 642
223 644
223 648
223 649
223 653
223 654
223 655
223 656
223 661
223 662
223 664
223 666
223 670
223 671
223 672
223 678
223 683
223 684
223 695
223 698
223 699
223 700
223 702
223 708
223 709
223 712
223 715
223 716
223 717
223 721
223 722
223 724
223 725
223 728
223 730
223 731
223 732
223 737
223 739
223 740
223 741
223 745
223 746
223 747
223 748
223 750
223 752
223 753
223 754
223 756
223 757
223 761
223 762
223 764
223 775
223 776
223 777
223 778
223 779
223 780
223 781
223 782
223 783
223 784
223 785
223 789
223 792
223 793
223 794
223 795
223 796
223 797
223 799
223 801
223 805
223 806
223 807
223 808
223 811
223 812
223 813
223 814
223 816
223 822
223 823
223 826
223 827
223 828
223 829
223 832
223 833
223 834
223 835
223 836
223 842
223 843
223 846
223 854
223 855
223 856
223 857
223 859
223 862
223 868
223 869
223 870
223 874
223 875
223 878
223 880
223 881
223 883
223 884
223 888
223 889
223 894
223 896
223 898
223 901
223 902
223 903
223 904
223 907
223 908
223 909
223 911
223 912
223 913
223 914
223 916
223 917
223 919
223 920
223 921
223 922
223 924
223 925
223 926
223 927
223 928
223 930
223 931
223 932
223 934
223 936
223 939
223 940
223 943
223 944
223 945
223 947
223 949
223 953
223 954
223 955
223 956
223 958
223 959
223 960
223 962
223 963
223 964
223 965
223 968
223 969
223 970
223 973
223 974
223 976
223 977
223 978
223 980
223 982
223 984
223 985
223 992
223 995
223 996
223 997
223 999
224 509
224 514
224 515
224 516
224 517
224 518
224 523
224 524
224 525
224 529
224 532
224 535
224 536
224 537
224 540
224 542
224 545
224 546
224 549
224 550
224 551
224 553
224 555
224 556
224 557
224 558
224 561
224 562
224 563
224 565
224 566
224 567
224 569
224 570
224 572
224 576
224 579
224 585
224 587
224 592
224 595
224 596
224 599
224 600
224 601
224 602
224 605
224 606
224 607
224 608
224 609
224 613
224 615
224 616
224 617
224 620
224 621
224 623
224 626
224 628
224 629
224 634
224 636
224 640
224 641
224 642
224 643
224 645
224 646
224 650
224 651
224 654
224 657
224 658
224 661
224 665
224 668
224 672
224 673
224 674
224 675
224 676
224 678
224 679
224 681
224 686
224 687
224 688
224 690
224 691
224 692
224 696
224 697
224 698
224 700
224 702
224 703
224 705
224 707
224 710
224 712
224 718
224 720
224 724
224 727
224 730
224 734
224 735
224 736
224 738
224 739
224 740
224 741
224 742
224 743
224 744
224 745
224 747
224 748
224 749
224 753
224 754
224 755
224 756
224 759
224 761
224 762
224 764
224 767
224 768
224 769
224 770
224 773
224 774
224 775
224 780
224 781
224 783
224 787
224 788
224 792
224 794
224 795
224 796
224 798
224 799
224 802
224 803
224 807
224 808
224 810
224 812
224 813
224 814
224 815
224 817
224 821
224 822
224 823
224 824
224 831
224 833
224 834
224 836
224 837
224 838
224 839
224 841
224 842
224 843
224 845
224 848
224 849
224 850
224 852
224 854
224 855
224 857
224 858
224 859
224 863
224 864
224 866
224 867
224 869
224 876
224 878
224 879
224 881
224 882
224 883
224 885
224 886
224 888
224 892
224 894
224 895
224 896
224 898
224 901
224 902
224 904
224 905
224 906
224 910
224 911
224 915
224 917
224 918
224 921
224 924
224 925
224 926
224 927
224 928
224 929
224 931
224 934
224 935
224 936
224 940
224 942
224 944
224 945
224 946
224 947
224 948
224 950
224 952
224 953
224 954
224 956
224 957
224 958
224 962
224 963
224 964
224 967
224 971
224 972
224 974
224 975
224 977
224 978
224 979
224 983
224 986
224 988
224 992
224 994
224 997
224 999
225 501
225 504
225 506
225 514
225 515
225 516
225 520
225 521
225 522
225 523
225 524
225 527
225 528
225 530
225 531
225 536
225 537
225 540
225 543
225 544
225 554
225 556
225 558
225 559
225 561
225 562
225 563
225 564
225 567
225 571
225 574
225 575
225 582
225 583
225 587
225 589
225 590
225 591
225 593
225 597
225 598
225 599
225 602
225 604
225 609
225 610
225 613
225 614
225 617
225 619
225 620
225 622
225 623
225 624
225 625
225 626
225 627
225 630
225 631
225 632
225 635
225 636
225 638
225 639
225 641
225 642
225 643
225 644
225 646
225 647
225 650
225 654
225 657
225 658
225 659
225 660
225 664
225 666
225 669
225 673
225 675
225 676
225 677
225 678
225 679
225 680
225 683
225 684
225 687
225 688
225 690
225 691
225 692
225 693
225 694
225 695
225 698
225 700
225 701
225 704
225 706
225 707
225 709
225 710
225 712
225 713
225 715
225 716
225 717
225 719
225 720
225 721
225 723
225 725
225 727
225 728
225 729
225 731
225 732
225 735
225 736
225 739
225 741
225 742
225 744
225 745
225 747
225 749
225 752
225 753
225 758
225 759
225 761
225 762
225 763
225 764
225 766
225 769
225 770
225 774
225 775
225 776
225 777
225 778
225 779
225 782
225 783
225 785
225 786
225 787
225 789
225 790
225 792
225 793
225 797
225 798
225 799
225 800
225 801
225 802
225 805
225 809
225 811
225 812
225 817
225 820
225 822
225 823
225 824
225 825
225 826
225 827
225 828
225 829
225 833
225 834
225 837
225 841
225 842
225 843
225 844
225 845
225 846
225 850
225 851
225 853
225 854
225 857
225 858
225 859
225 865
225 866
225 867
225 868
225 872
225 874
225 878
225 880
225 881
225 883
225 887
225 889
225 892
225 895
225 896
225 899
225 901
225 904
225 909
225 910
225 911
225 913
225 914
225 915
225 916
225 917
225 918
225 924
225 925
225 926
225 928
225 934
225 936
225 939
225 941
225 942
225 943
225 944
225 945
225 946
225 949
225 950
225 953
225 956
225 960
225 962
225 963
225 964
225 965
225 969
225 970
225 971
225 972
225 973
225 974
225 976
225 977
225 978
225 980
225 981
225 983
225 984
225 988
225 989
225 992
225 993
225 995
225 997
225 999
225 1000
226 501
226 506
226 508
226 512
226 515
226 516
226 517
226 518
226 519
226 522
226 523
226 528
226 529
226 533
226 534
226 537
226 539
226 540
226 543
226 544
226 545
226 546
226 547
226 549
226 551
226 552
226 556
226 557
226 559
226 560
226 561
226 563
226 566
226 567
226 568
226 574
226 575
226 577
226 578
226 579
226 581
226 582
226 584
226 586
226 587
226 590
226 591
226 592
226 594
226 595
226 596
226 597
226 599
226 606
226 608
226 609
226 610
226 611
226 612
226 619
226 620
226 623
226 629
226 630
226 632
226 634
226 635
226 638
226 640
226 645
226 649
226 650
226 652
226 654
226 655
226 658
226 659
226 660
226 661
226 662
226 663
226 668
226 669
226 672
226 673
226 674
226 678
226 681
226 682
226 683
226 685
226 688
226 689
226 690
226 692
226 693
226 696
226 698
226 699
226 700
226 704
226 706
226 707
226 708
226 710
226 714
226 716
226 718
226 721
226 722
226 723
226 725
226 726
226 729
226 732
226 734
226 736
226 739
226 742
226 744
226 745
226 746
226 747
226 750
226 751
226 753
226 754
226 755
226 757
226 758
226 763
226 764
226 767
226 769
226 770
226 774
226 775
226 776
226 777
226 778
226 779
226 781
226 782
226 784
226 787
226 790
226 791
226 792
226 793
226 797
226 801
226 803
226 805
226 806
226 814
226 815
226 818
226 822
226 830
226 832
226 834
226 838
226 839
226 841
226 842
226 845
226 846
226 847
226 848
226 850
226 852
226 853
226 854
226 855
226 857
226 858
226 860
226 861
226 865
226 866
226 867
226 868
226 872
226 873
226 874
226 875
226 882
226 884
226 888
226 890
226 894
226 895
226 897
226 900
226 904
226 905
226 907
226 908
226 909
226 911
226 912
226 915
226 916
226 917
226 920
226 922
226 923
226 925
226 932
226 935
226 936
226 939
226 942
226 945
226 946
226 947
226 948
226 952
226 956
226 958
226 960
226 961
226 962
226 964
226 966
226 968
226 969
226 973
226 976
226 978
226 979
226 980
226 981
226 983
226 987
226 988
226 989
226 990
226 995
226 996
226 999
227 501
227 503
227 505
227 515
227 516
227 521
227 523
227 525
227 526
227 532
227 534
227 538
227 539
227 541
227 542
227 543
227 545
227 550
227 552
227 553
227 555
227 557
227 559
227 561
227 564
227 570
227 572
227 573
227 575
227 576
227 577
227 580
227 582
227 583
227 584
227 586
227 589
227 590
227 593
227 594
227 596
227 597
227 599
227 600
227 602
227 604
227 605
227 606
227 610
227 611
227 612
227 614
227 615
227 616
227 618
227 619
227 620
227 621
227 622
227 625
227 627
227 629
227 633
227 635
227 636
227 637
227 638
227 639
227 640
227 642
227 644
227 645
227 646
227 648
227 650
227 653
227 657
227 658
227 659
227 660
227 661
227 663
227 664
227 667
227 670
227 671
227 673
227 675
227 677
227 679
227 683
227 684
227 688
227 690
227 691
227 693
227 695
227 696
227 698
227 701
227 702
227 705
227 706
227 707
227 712
227 713
227 714
227 715
227 717
227 718
227 720
227 722
227 723
227 729
227 730
227 732
227 734
227 735
227 736
227 737
227 739
227 740
227 741
227 743
227 744
227 746
227 748
227 749
227 751
227 755
227 756
227 761
227 762
227 763
227 766
227 767
227 770
227 772
227 776
227 777
227 778
227 780
227 781
227 782
227 784
227 786
227 788
227 791
227 792
227 793
227 796
227 797
227 798
227 799
227 800
227 802
227 804
227 805
227 807
227 809
227 811
227 812
227 815
227 817
227 818
227 820
227 823
227 824
227 826
227 830
227 831
227 832
227 833
227 837
227 841
227 843
227 847
227 849
227 850
227 852
227 856
227 858
227 859
227 861
227 863
227 865
227 867
227 868
227 869
227 870
227 871
227 876
227 878
227 879
227 880
227 881
227 883
227 884
227 886
227 889
227 890
227 892
227 897
227 898
227 900
227 901
227 902
227 903
227 904
227 905
227 908
227 909
227 911
227 912
227 914
227 915
227 916
227 919
227 921
227 922
227 923
227 925
227 926
227 928
227 931
227 933
227 935
227 936
227 937
227 938
227 945
227 946
227 950
227 951
227 954
227 955
227 956
227 958
227 959
227 960
227 961
227 962
227 964
227 965
227 966
227 969
227 970
227 971
227 974
227 975
227 979
227 980
227 982
227 983
227 986
227 987
227 989
227 990
227 991
227 997
227 999
228 501
228 502
228 503
228 504
228 505
228 508
228 509
228 513
228 514
228 516
228 518
228 522
228 523
228 526
228 527
228 529
228 530
228 531
228 534
228 536
228 537
228 539
228 540
228 544
228 546
228 554
228 555
228 556
228 557
228 559
228 561
228 566
228 569
228 571
228 573
228 574
228 577
228 578
228 579
228 580
228 584
228 587
228 591
228 594
228 595
228 596
228 597
228 598
228 600
228 602
228 603
228 604
228 605
228 606
228 607
228 610
228 612
228 613
228 615
228 616
228 617
228 618
228 619
228 621
228 624
228 627
228 628
228 629
228 630
228 631
228 632
228 636
228 637
228 638
228 641
228 642
228 643
228 646
228 647
228 648
228 650
228 651
228 653
228 654
228 656
228 658
228 659
228 661
228 662
228 664
228 665
228 667
228 668
228 669
228 675
228 677
228 681
228 682
228 683
228 685
228 686
228 687
228 688
228 689
228 691
228 692
228 695
228 696
228 697
228 699
228 701
228 705
228 707
228 709
228 710
228 711
228 712
228 713
228 717
228 720
228 722
228 723
228 725
228 727
228 729
228 736
228 742
228 744
228 747
228 749
228 750
228 751
228 752
228 753
228 754
228 755
228 756
228 758
228 759
228 764
228 770
228 772
228 776
228 777
228 781
228 783
228 784
228 785
228 786
228 787
228 788
228 791
228 794
228 796
228 797
228 798
228 800
228 805
228 807
228 809
228 810
228 811
228 813
228 816
228 817
228 818
228 822
228 825
228 828
228 829
228 833
228 835
228 836
228 837
228 839
228 841
228 842
228 843
228 846
228 848
228 849
228 850
228 851
228 853
228 854
228 855
228 856
228 858
228 859
228 861
228 862
228 864
228 865
228 867
228 868
228 870
228 872
228 873
228 874
228 875
228 876
228 878
228 880
228 882
228 885
228 887
228 888
228 891
228 892
228 895
228 898
228 899
228 900
228 901
228 902
228 906
228 908
228 909
228 910
228 911
228 913
228 914
228 915
228 918
228 919
228 921
228 922
228 923
228 925
228 926
228 930
228 931
228 936
228 938
228 942
228 947
228 951
228 952
228 953
228 954
228 955
228 956
228 959
228 960
228 961
228 962
228 966
228 967
228 969
228 971
228 972
228 973
228 975
228 979
228 982
228 985
228 987
228 988
228 990
228 991
228 993
228 996
228 998
228 999
228 1000
229 501
229 502
229 503
229 504
229 505
229 512
229 514
229 515
229 519
229 521
229 524
229 529
229 530
229 532
229 534
229 535
229 537
229 538
229 542
229 545
229 546
229 550
229 551
229 553
229 554
229 555
229 556
229 557
229 560
229 562
229 563
229 565
229 567
229 568
229 570
229 571
229 573
229 575
229 576
229 577
229 578
229 580
229 581
229 582
229 584
229 587
229 589
229 590
229 591
229 592
229 594
229 595
229 597
229 598
229 600
229 605
229 607
229 608
229 609
229 610
229 611
229 613
229 616
229 617
229 618
229 621
229 622
229 625
229 626
229 629
229 632
229 634
229 635
229 636
229 637
229 639
229 643
229 645
229 649
229 650
229 652
229 655
229 658
229 661
229 664
229 666
229 667
229 671
229 674
229 678
229 679
229 680
229 681
229 683
229 684
229 685
229 691
229 695
229 696
229 697
229 698
229 700
229 702
229 703
229 705
229 712
229 714
229 717
229 721
229 724
229 725
229 726
229 729
229 730
229 731
229 733
229 734
229 735
229 736
229 737
229 738
229 739
229 740
229 741
229 742
229 744
229 745
229 746
229 747
229 748
229 749
229 750
229 752
229 754
229 756
229 760
229 761
229 763
229 766
229 767
229 770
229 773
229 776
229 777
229 778
229 779
229 780
229 783
229 785
229 789
229 790
229 794
229 798
229 799
229 800
229 801
229 804
229 805
229 807
229 811
229 814
229 816
229 817
229 818
229 819
229 820
229 821
229 822
229 824
229 826
229 828
229 829
229 830
229 831
229 832
229 833
229 834
229 837
229 838
229 842
229 845
229 846
229 847
229 851
229 853
229 858
229 860
229 862
229 864
229 868
229 869
229 884
229 885
229 887
229 888
229 889
229 891
229 892
229 894
229 897
229 898
229 900
229 908
229 910
229 913
229 914
229 916
229 917
229 918
229 920
229 922
229 923
229 924
229 926
229 928
229 931
229 934
229 937
229 938
229 939
229 942
229 943
229 947
229 948
229 950
229 951
229 952
229 954
229 955
229 958
229 959
229 961
229 962
229 963
229 964
229 966
229 967
229 969
229 972
229 974
229 975
229 976
229 979
229 980
229 982
229 985
229 986
229 988
229 989
229 991
229 992
229 995
229 996
229 997
229 1000
230 503
230 504
230 506
230 507
230 508
230 514
230 516
230 517
230 518
230 524
230 525
230 526
230 527
230 528
230 529
230 532
230 533
230 534
230 535
230 536
230 538
230 541
230 543
230 545
230 548
230 554
230 555
230 556
230 557
230 559
230 560
230 563
230 565
230 566
230 567
230 569
230 576
230 578
230 582
230 585
230 586
230 587
230 588
230 589
230 594
230 595
230 596
230 597
230 598
230 599
230 603
230 605
230 606
230 611
230 612
230 615
230 616
230 618
230 619
230 623
230 627
230 630
230 631
230 637
230 638
230 640
230 641
230 643
230 644
230 647
230 650
230 653
230 655
230 656
230 657
230 658
230 661
230 662
230 664
230 667
230 668
230 669
230 671
230 672
230 674
230 676
230 677
230 678
230 679
230 680
230 682
230 683
230 687
230 688
230 689
230 690
230 692
230 694
230 697
230 698
230 700
230 701
230 704
230 707
230 710
230 712
230 715
230 717
230 719
230 720
230 721
230 724
230 725
230 727
230 728
230 731
230 733
230 734
230 737
230 739
230 740
230 741
230 749
230 750
230 751
230 753
230 755
230 758
230 763
230 767
230 769
230 776
230 777
230 778
230 779
230 781
230 783
230 785
230 789
230 790
230 791
230 794
230 795
230 798
230 799
230 802
230 803
230 805
230 807
230 808
230 809
230 810
230 813
230 814
230 816
230 817
230 818
230 819
230 826
230 831
230 834
230 835
230 837
230 838
230 842
230 846
230 847
230 849
230 851
230 852
230 853
230 854
230 857
230 863
230 865
230 868
230 869
230 871
230 874
230 876
230 877
230 879
230 880
230 884
230 886
230 887
230 889
230 890
230 891
230 895
230 896
230 898
230 901
230 903
230 907
230 908
230 909
230 911
230 916
230 918
230 921
230 922
230 924
230 926
230 927
230 928
230 929
230 931
230 934
230 935
230 938
230 941
230 943
230 944
230 945
230 947
230 948
230 949
230 950
230 952
230 953
230 961
230 965
230 969
230 972
230 973
230 974
230 979
230 980
230 981
230 982
230 983
230 987
230 988
230 989
230 990
230 992
230 993
230 996
231 503
231 504
231 506
231 507
231 509
231 511
231 512
231 513
231 514
231 515
231 517
231 519
231 520
231 522
231 528
231 529
231 530
231 531
231 532
231 534
231 535
231 536
231 537
231 540
231 541
231 547
231 548
231 551
231 553
231 555
231 556
231 560
231 564
231 565
231 570
231 573
231 576
231 579
231 581
231 582
231 589
231 592
231 594
231 596
231 602
231 604
231 607
231 608
231 610
231 613
231 614
231 615
231 617
231 618
231 619
231 620
231 621
231 624
231 627
231 632
231 635
231 636
231 637
231 641
231 642
231 643
231 644
231 646
231 648
231 649
231 652
231 653
231 654
231 655
231 656
231 661
231 662
231 663
231 664
231 665
231 667
231 669
231 675
231 676
231 679
231 680
231 681
231 682
231 686
231 689
231 692
231 694
231 696
231 697
231 699
231 701
231 704
231 706
231 709
231 712
231 713
231 714
231 715
231 716
231 718
231 720
231 723
231 726
231 727
231 729
231 730
231 731
231 736
231 739
231 743
231 744
231 745
231 747
231 749
231 750
231 753
231 756
231 757
231 759
231 760
231 761
231 762
231 765
231 766
231 768
231 773
231 774
231 775
231 777
231 779
231 780
231 785
231 789
231 790
231 793
231 794
231 797
231 798
231 799
231 801
231 802
231 804
231 805
231 806
231 808
231 809
231 810
231 812
231 816
231 817
231 818
231 819
231 822
231 823
231 824
231 825
231 826
231 828
231 830
231 833
231 835
231 836
231 837
231 838
231 839
231 842
231 844
231 846
231 847
231 850
231 851
231 852
231 853
231 854
231 855
231 857
231 858
231 859
231 863
231 865
231 866
231 867
231 869
231 870
231 871
231 872
231 874
231 875
231 877
231 879
231 880
231 881
231 882
231 883
231 884
231 888
231 890
231 891
231 893
231 895
231 896
231 898
231 900
231 905
231 907
231 910
231 911
231 916
231 918
231 920
231 921
231 925
231 926
231 929
231 932
231 933
231 936
231 937
231 938
231 940
231 943
231 944
231 946
231 948
231 949
231 950
231 951
231 953
231 954
231 958
231 961
231 962
231 963
231 964
231 965
231 967
231 972
231 974
231 975
231 977
231 980
231 982
231 983
231 984
231 985
231 986
231 987
231 988
231 992
231 996
231 999
232 502
232 503
232 505
232 506
232 507
232 511
232 512
232 513
232 514
232 517
232 518
232 519
232 520
232 521
232 523
232 527
232 528
232 531
232 534
232 535
232 536
232 537
232 540
232 541
232 543
232 545
232 546
232 549
232 550
232 551
232 553
232 555
232 561
232 564
232 565
232 566
232 569
232 570
232 571
232 572
232 573
232 574
232 575
232 576
232 577
232 578
232 579
232 581
232 582
232 583
232 584
232 585
232 586
232 588
232 591
232 594
232 595
232 596
232 597
232 599
232 600
232 605
232 607
232 609
232 610
232 611
232 612
232 613
232 614
232 620
232 622
232 623
232 624
232 625
232 627
232 630
232 634
232 636
232 639
232 640
232 641
232 643
232 644
232 646
232 650
232 651
232 654
232 655
232 657
232 658
232 660
232 663
232 665
232 668
232 669
232 671
232 673
232 677
232 685
232 690
232 691
232 692
232 693
232 694
232 696
232 700
232 701
232 703
232 707
232 710
232 711
232 712
232 714
232 715
232 719
232 720
232 721
232 722
232 723
232 724
232 726
232 729
232 730
232 731
232 733
232 734
232 735
232 736
232 737
232 739
232 740
232 741
232 742
232 744
232 746
232 749
232 751
232 752
232 753
232 754
232 758
232 759
232 761
232 766
232 767
232 769
232 772
232 775
232 776
232 779
232 780
232 782
232 783
232 785
232 786
232 787
232 788
232 789
232 790
232 791
232 797
232 799
232 800
232 801
232 802
232 803
232 805
232 808
232 809
232 811
232 812
232 813
232 814
232 815
232 816
232 817
232 819
232 821
232 826
232 827
232 828
232 829
232 831
232 833
232 834
232 835
232 838
232 841
232 843
232 848
232 851
232 852
232 855
232 857
232 858
232 861
232 862
232 863
232 866
232 868
232 874
232 875
232 876
232 878
232 879
232 882
232 886
232 887
232 888
232 892
232 894
232 898
232 899
232 902
232 904
232 910
232 911
232 912
232 914
232 915
232 917
232 918
232 919
232 920
232 922
232 923
232 925
232 928
232 929
232 930
232 932
232 933
232 935
232 938
232 942
232 944
232 945
232 948
232 950
232 952
232 961
232 964
232 971
232 972
232 975
232 976
232 980
232 981
232 982
232 983
232 984
232 987
232 988
232 989
232 991
232 992
232 994
232 996
232 997
232 998
233 502
233 503
233 504
233 505
233 506
233 507
233 509
233 511
233 513
233 516
233 517
233 522
233 523
233 525
233 526
233 527
233 528
233 529
233 530
233 531
233 532
233 534
233 536
233 544
233 546
233 547
233 550
233 551
233 554
233 556
233 557
233 560
233 561
233 562
233 565
233 567
233 568
233 569
233 572
233 574
233 575
233 576
233 577
233 578
233 580
233 581
233 582
233 584
233 585
233 590
233 591
233 593
233 595
233 601
233 602
233 603
233 604
233 606
233 609
233 612
233 613
233 614
233 615
233 618
233 623
233 624
233 625
233 626
233 628
233 629
233 630
233 632
233 633
233 634
233 635
233 636
233 638
233 639
233 640
233 645
233 647
233 648
233 652
233 656
233 658
233 659
233 662
233 665
233 666
233 667
233 668
233 669
233 673
233 676
233 677
233 681
233 683
233 684
233 685
233 688
233 689
233 692
233 693
233 694
233 697
233 701
233 702
233 703
233 704
233 705
233 706
233 707
233 708
233 710
233 711
233 712
233 713
233 715
233 719
233 720
233 721
233 722
233 723
233 724
233 725
233 726
233 727
233 729
233 732
233 736
233 737
233 742
233 743
233 744
233 745
233 746
233 749
233 750
233 752
233 759
233 762
233 764
233 765
233 766
233 767
233 768
233 769
233 770
233 771
233 773
233 774
233 778
233 787
233 790
233 791
233 793
233 801
233 802
233 804
233 805
233 807
233 809
233 811
233 812
233 813
233 814
233 816
233 817
233 821
233 823
233 826
233 827
233 828
233 831
233 833
233 834
233 839
233 841
233 842
233 846
233 853
233 854
233 856
233 859
233 861
233 862
233 864
233 865
233 869
233 870
233 871
233 872
233 874
233 875
233 876
233 877
233 879
233 880
233 881
233 884
233 886
233 887
233 889
233 896
233 897
233 899
233 900
233 901
233 905
233 909
233 910
233 912
233 913
233 915
233 917
233 918
233 921
233 922
233 923
233 925
233 929
233 930
233 931
233 932
233 933
233 935
233 937
233 938
233 940
233 948
233 950
233 953
233 955
233 957
233 960
233 963
233 964
233 967
233 968
233 969
233 970
233 972
233 974
233 977
233 979
233 981
233 982
233 984
233 985
233 986
233 991
233 992
233 993
233 994
233 998
233 1000
234 502
234 505
234 506
234 508
234 510
234 512
234 515
234 519
234 521
234 522
234 523
234 526
234 527
234 528
234 532
234 533
234 534
234 535
234 537
234 538
234 542
234 544
234 545
234 548
234 550
234 551
234 553
234 557
234 558
234 559
234 561
234 562
234 563
234 565
234 567
234 568
234 569
234 574
234 576
234 577
234 579
234 582
234 586
234 589
234 596
234 599
234 603
234 604
234 605
234 608
234 611
234 614
234 616
234 621
234 622
234 623
234 624
234 625
234 627
234 629
234 630
234 632
234 634
234 636
234 637
234 638
234 639
234 641
234 643
234 644
234 647
234 648
234 650
234 652
234 655
234 659
234 660
234 661
234 663
234 666
234 667
234 668
234 670
234 671
234 674
234 676
234 678
234 680
234 681
234 682
234 686
234 687
234 689
234 690
234 693
234 697
234 699
234 700
234 701
234 703
234 704
234 706
234 712
234 713
234 715
234 716
234 717
234 718
234 720
234 723
234 724
234 728
234 729
234 731
234 732
234 737
234 738
234 743
234 745
234 746
234 748
234 749
234 751
234 756
234 759
234 761
234 763
234 764
234 766
234 767
234 769
234 771
234 772
234 773
234 777
234 778
234 779
234 780
234 781
234 783
234 785
234 786
234 788
234 793
234 800
234 804
234 805
234 806
234 807
234 810
234 813
234 816
234 819
234 821
234 823
234 824
234 825
234 827
234 828
234 830
234 831
234 833
234 835
234 838
234 840
234 841
234 842
234 844
234 845
234 849
234 854
234 857
234 860
234 862
234 863
234 864
234 866
234 868
234 869
234 870
234 874
234 875
234 876
234 877
234 879
234 880
234 881
234 886
234 889
234 890
234 892
234 893
234 895
234 896
234 897
234 898
234 899
234 900
234 901
234 904
234 907
234 910
234 911
234 912
234 913
234 916
234 917
234 918
234 921
234 926
234 929
234 932
234 934
234 937
234 938
234 939
234 940
234 941
234 944
234 947
234 949
234 950
234 952
234 954
234 958
234 961
234 964
234 966
234 969
234 970
234 971
234 973
234 975
234 977
234 978
234 979
234 980
234 981
234 982
234 983
234 984
234 987
234 988
234 991
234 992
234 995
234 997
234 999
234 1000
235 504
235 505
235 507
235 508
235 509
235 511
235 512
235 514
235 516
235 520
235 522
235 524
235 525
235 526
235 530
235 535
235 542
235 545
235 551
235 552
235 558
235 559
235 560
235 567
235 573
235 578
235 579
235 581
235 583
235 585
235 587
235 589
235 590
235 591
235 596
235 599
235 600
235 604
235 605
235 606
235 608
235 609
235 611
235 612
235 613
235 616
235 618
235 621
235 622
235 624
235 626
235 627
235 632
235 633
235 638
235 641
235 643
235 644
235 648
235 649
235 650
235 652
235 653
235 654
235 656
235 662
235 663
235 665
235 666
235 667
235 669
235 671
235 672
235 673
235 675
235 676
235 682
235 685
235 689
235 690
235 691
235 692
235 695
235 696
235 699
235 700
235 701
235 703
235 704
235 705
235 706
235 709
235 710
235 711
235 720
235 721
235 722
235 724
235 725
235 731
235 733
235 735
235 737
235 738
235 740
235 748
235 749
235 750
235 753
235 762
235 765
235 767
235 770
235 771
235 772
235 774
235 776
235 777
235 778
235 779
235 780
235 781
235 782
235 783
235 784
235 786
235 787
235 788
235 790
235 791
235 795
235 797
235 798
235 800
235 803
235 804
235 805
235 806
235 807
235 811
235 813
235 819
235 820
235 821
235 822
235 823
235 825
235 826
235 827
235 829
235 830
235 832
235 834
235 835
235 838
235 840
235 841
235 842
235 844
235 846
235 851
235 854
235 857
235 858
235 859
235 865
235 867
235 868
235 870
235 871
235 875
235 877
235 878
235 881
235 882
235 883
235 884
235 886
235 887
235 888
235 889
235 890
235 891
235 892
235 898
235 901
235 906
235 909
235 910
235 911
235 913
235 915
235 916
235 918
235 922
235 924
235 926
235 927
235 928
235 930
235 932
235 933
235 939
235 940
235 941
235 944
235 947
235 949
235 951
235 953
235 959
235 966
235 968
235 969
235 970
235 971
235 972
235 973
235 976
235 979
235 984
235 985
235 987
235 989
235 990
235 992
235 994
235 995
235 998
236 501
236 503
236 506
236 507
236 508
236 509
236 511
236 512
236 513
236 515
236 517
236 518
236 519
236 522
236 523
236 524
236 526
236 528
236 529
236 533
236 534
236 536
236 537
236 538
236 539
236 540
236 541
236 542
236 543
236 544
236 545
236 546
236 547
236 548
236 550
236 554
236 556
236 557
236 558
236 560
236 561
236 562
236 563
236 567
236 568
236 570
236 571
236 572
236 576
236 578
236 584
236 586
236 587
236 588
236 589
236 592
236 593
236 594
236 599
236 601
236 602
236 604
236 605
236 609
236 611
236 612
236 616
236 619
236 620
236 623
236 624
236 625
236 627
236 629
236 632
236 633
236 634
236 637
236 638
236 640
236 641
236 645
236 646
236 648
236 650
236 651
236 653
236 654
236 659
236 660
236 662
236 665
236 669
236 671
236 673
236 676
236 678
236 679
236 681
236 682
236 684
236 685
236 688
236 692
236 693
236 695
236 697
236 700
236 703
236 704
236 705
236 706
236 707
236 708
236 709
236 710
236 711
236 713
236 714
236 715
236 717
236 723
236 724
236 728
236 729
236 730
236 732
236 733
236 735
236 736
236 741
236 743
236 744
236 745
236 746
236 750
236 753
236 754
236 756
236 758
236 762
236 763
236 766
236 767
236 768
236 770
236 771
236 773
236 774
236 777
236 779
236 781
236 787
236 788
236 789
236 790
236 792
236 793
236 794
236 795
236 796
236 807
236 809
236 810
236 811
236 812
236 815
236 816
236 817
236 819
236 820
236 821
236 823
236 824
236 825
236 834
236 836
236 838
236 839
236 842
236 845
236 846
236 851
236 852
236 856
236 859
236 861
236 865
236 869
236 870
236 871
236 872
236 875
236 877
236 879
236 882
236 883
236 886
236 887
236 894
236 895
236 896
236 898
236 899
236 901
236 902
236 905
236 906
236 907
236 909
236 911
236 914
236 916
236 919
236 921
236 923
236 926
236 927
236 928
236 929
236 930
236 931
236 934
236 935
236 937
236 938
236 939
236 941
236 943
236 946
236 947
236 949
236 950
236 956
236 957
236 958
236 960
236 962
236 964
236 965
236 966
236 967
236 970
236 971
236 974
236 975
236 976
236 977
236 978
236 980
236 982
236 990
236 991
236 994
236 998
236 1000
237 505
237 506
237 507
237 508
237 510
237 512
237 513
237 514
237 517
237 518
237 519
237 520
237 521
237 524
237 525
237 526
237 531
237 533
237 534
237 537
237 539
237 541
237 544
237 549
237 550
237 551
237 553
237 554
237 560
237 563
237 564
237 572
237 575
237 576
237 578
237 580
237 581
237 583
237 584
237 585
237 586
237 587
237 590
237 591
237 592
237 597
237 598
237 600
237 601
237 603
237 605
237 607
237 609
237 610
237 612
237 621
237 623
237 624
237 625
237 626
237 628
237 630
237 631
237 632
237 634
237 635
237 639
237 640
237 642
237 643
237 644
237 646
237 647
237 652
237 653
237 656
237 658
237 659
237 660
237 661
237 662
237 663
237 665
237 670
237 672
237 678
237 679
237 680
237 681
237 682
237 683
237 687
237 688
237 689
237 697
237 698
237 701
237 702
237 703
237 705
237 707
237 714
237 716
237 717
237 720
237 721
237 725
237 730
237 731
237 732
237 734
237 735
237 736
237 738
237 740
237 742
237 744
237 745
237 746
237 749
237 750
237 753
237 754
237 755
237 756
237 757
237 759
237 760
237 762
237 764
237 768
237 769
237 771
237 777
237 778
237 779
237 780
237 781
237 782
237 783
237 784
237 787
237 788
237 789
237 792
237 797
237 799
237 800
237 803
237 805
237 809
237 810
237 812
237 814
237 815
237 816
237 818
237 820
237 821
237 822
237 825
237 828
237 830
237 833
237 834
237 835
237 837
237 838
237 841
237 842
237 843
237 845
237 846
237 848
237 849
237 850
237 852
237 855
237 857
237 858
237 861
237 865
237 867
237 868
237 870
237 871
237 872
237 874
237 875
237 878
237 882
237 886
237 888
237 889
237 892
237 893
237 894
237 896
237 899
237 900
237 901
237 902
237 904
237 905
237 906
237 908
237 909
237 911
237 912
237 914
237 915
237 918
237 919
237 920
237 922
237 927
237 928
237 930
237 933
237 937
237 943
237 944
237 951
237 953
237 954
237 959
237 960
237 961
237 962
237 970
237 973
237 974
237 975
237 976
237 977
237 979
237 982
237 985
237 986
237 989
237 991
237 992
237 993
237 994
237 996
237 1000
238 503
238 504
238 508
238 511
238 512
238 513
238 518
238 519
238 520
238 522
238 524
238 526
238 527
238 528
238 529
238 530
238 533
238 535
238 537
238 541
238 542
238 543
238 548
238 550
238 551
238 552
238 553
238 555
238 557
238 558
238 566
238 567
238 568
238 569
238 570
238 571
238 572
238 573
238 576
238 578
238 580
238 581
238 582
238 583
238 585
238 587
238 588
238 589
238 590
238 591
238 592
238 593
238 594
238 595
238 596
238 597
238 598
238 602
238 604
238 606
238 610
238 611
238 612
238 615
238 616
238 620
238 621
238 622
238 624
238 628
238 631
238 633
238 635
238 636
238 639
238 642
238 643
238 644
238 645
238 646
238 647
238 649
238 650
238 651
238 652
238 653
238 654
238 655
238 656
238 657
238 658
238 659
238 660
238 663
238 664
238 665
238 666
238 670
238 671
238 672
238 675
238 677
238 678
238 679
238 680
238 681
238 682
238 685
238 686
238 687
238 690
238 692
238 693
238 694
238 697
238 698
238 699
238 700
238 701
238 706
238 709
238 710
238 716
238 717
238 718
238 719
238 721
238 723
238 731
238 732
238 733
238 735
238 736
238 737
238 739
238 743
238 748
238 749
238 750
238 752
238 753
238 757
238 760
238 762
238 763
238 764
238 765
238 767
238 768
238 769
238 770
238 772
238 773
238 774
238 778
238 779
238 780
238 781
238 782
238 783
238 786
238 788
238 789
238 791
238 792
238 794
238 797
238 798
238 799
238 800
238 801
238 803
238 805
238 810
238 811
238 812
238 813
238 815
238 818
238 823
238 824
238 825
238 827
238 829
238 830
238 832
238 833
238 834
238 836
238 839
238 841
238 842
238 846
238 850
238 852
238 853
238 855
238 857
238 858
238 860
238 861
238 863
238 864
238 865
238 867
238 869
238 870
238 871
238 873
238 875
238 877
238 880
238 882
238 884
238 885
238 888
238 889
238 891
238 892
238 894
238 895
238 896
238 897
238 901
238 904
238 905
238 908
238 910
238 912
238 913
238 914
238 915
238 916
238 917
238 918
238 919
238 924
238 925
238 926
238 927
238 933
238 934
238 935
238 936
238 938
238 941
238 943
238 944
238 945
238 946
238 952
238 959
238 960
238 964
238 966
238 967
238 970
238 972
238 973
238 975
238 979
238 980
238 983
238 984
238 985
238 986
238 987
238 989
238 991
238 992
238 993
238 996
238 997
239 501
239 503
239 511
239 512
239 513
239 514
239 517
239 518
239 519
239 520
239 521
239 522
239 525
239 526
239 527
239 529
239 531
239 532
239 533
239 536
239 537
239 539
239 546
239 550
239 552
239 553
239 554
239 558
239 559
239 560
239 561
239 562
239 565
239 567
239 569
239 573
239 574
239 576
239 577
239 578
239 579
239 583
239 586
239 587
239 588
239 592
239 593
239 595
239 596
239 598
239 601
239 602
239 603
239 607
239 608
239 611
239 616
239 618
239 620
239 621
239 626
239 628
239 629
239 631
239 637
239 640
239 643
239 650
239 651
239 653
239 655
239 656
239 657
239 659
239 661
239 662
239 664
239 665
239 668
239 669
239 673
239 674
239 675
239 676
239 677
239 678
239 679
239 680
239 681
239 682
239 683
239 685
239 691
239 692
239 695
239 696
239 698
239 699
239 701
239 707
239 708
239 709
239 710
239 712
239 714
239 718
239 722
239 723
239 724
239 725
239 727
239 732
239 734
239 735
239 739
239 741
239 745
239 746
239 751
239 752
239 753
239 755
239 756
239 760
239 761
239 762
239 763
239 764
239 765
239 766
239 770
239 771
239 772
239 773
239 775
239 776
239 777
239 780
239 781
239 782
239 783
239 784
239 785
239 787
239 789
239 793
239 794
239 796
239 798
239 799
239 800
239 803
239 805
239 807
239 810
239 811
239 814
239 817
239 820
239 821
239 822
239 823
239 825
239 831
239 832
239 833
239 835
239 836
239 840
239 841
239 842
239 844
239 845
239 847
239 849
239 850
239 852
239 856
239 857
239 860
239 861
239 862
239 867
239 868
239 872
239 873
239 874
239 877
239 879
239 880
239 881
239 884
239 885
239 888
239 891
239 892
239 894
239 895
239 896
239 902
239 904
239 907
239 909
239 912
239 913
239 915
239 918
239 919
239 920
239 921
239 922
239 923
239 924
239 926
239 927
239 929
239 930
239 932
239 935
239 937
239 938
239 940
239 943
239 946
239 948
239 953
239 955
239 956
239 958
239 962
239 963
239 965
239 966
239 968
239 971
239 972
239 974
239 976
239 978
239 982
239 983
239 984
239 985
239 986
239 987
239 988
239 989
239 990
239 991
239 993
239 996
239 997
239 998
239 999
239 1000
240 501
240 502
240 504
240 506
240 510
240 513
240 516
240 518
240 519
240 522
240 523
240 524
240 525
240 527
240 528
240 530
240 531
240 532
240 534
240 540
240 541
240 544
240 545
240 549
240 550
240 551
240 552
240 553
240 557
240 558
240 559
240 560
240 561
240 562
240 569
240 570
240 572
240 573
240 577
240 579
240 580
240 581
240 584
240 586
240 589
240 590
240 591
240 593
240 596
240 598
240 599
240 601
240 602
240 604
240 607
240 608
240 610
240 611
240 612
240 616
240 617
240 618
240 619
240 625
240 630
240 632
240 633
240 634
240 639
240 644
240 646
240 647
240 650
240 651
240 652
240 653
240 655
240 656
240 657
240 659
240 661
240 663
240 664
240 665
240 666
240 668
240 669
240 670
240 672
240 674
240 676
240 677
240 679
240 681
240 683
240 684
240 686
240 687
240 688
240 692
240 696
240 697
240 698
240 699
240 700
240 705
240 707
240 709
240 710
240 712
240 713
240 714
240 717
240 721
240 722
240 723
240 726
240 728
240 733
240 735
240 738
240 740
240 741
240 742
240 743
240 744
240 747
240 748
240 749
240 750
240 753
240 756
240 760
240 761
240 762
240 763
240 764
240 767
240 771
240 773
240 774
240 775
240 777
240 778
240 782
240 783
240 786
240 787
240 788
240 790
240 791
240 799
240 801
240 802
240 803
240 805
240 811
240 813
240 816
240 818
240 823
240 824
240 827
240 830
240 831
240 832
240 834
240 835
240 837
240 838
240 840
240 842
240 844
240 845
240 846
240 848
240 849
240 850
240 852
240 855
240 856
240 857
240 860
240 862
240 863
240 865
240 867
240 870
240 873
240 874
240 876
240 878
240 880
240 882
240 884
240 885
240 887
240 888
240 889
240 891
240 892
240 898
240 901
240 903
240 905
240 906
240 907
240 908
240 910
240 911
240 912
240 915
240 916
240 917
240 921
240 922
240 926
240 928
240 930
240 931
240 932
240 938
240 941
240 942
240 943
240 946
240 947
240 948
240 950
240 951
240 955
240 957
240 959
240 960
240 966
240 968
240 969
240 970
240 973
240 975
240 976
240 978
240 979
240 980
240 981
240 983
240 984
240 986
240 987
240 988
240 989
240 991
240 995
240 996
240 997
240 999
241 502
241 507
241 508
241 509
241 514
241 515
241 516
241 517
241 519
241 521
241 525
241 527
241 528
241 529
241 531
241 535
241 536
241 540
241 542
241 550
241 551
241 553
241 554
241 555
241 557
241 558
241 559
241 560
241 561
241 562
241 563
241 564
241 567
241 568
241 569
241 570
241 571
241 573
241 575
241 576
241 577
241 585
241 587
241 589
241 590
241 592
241 593
241 594
241 597
241 600
241 601
241 603
241 604
241 605
241 607
241 608
241 609
241 610
241 613
241 614
241 615
241 616
241 617
241 618
241 619
241 620
241 621
241 622
241 625
241 626
241 629
241 630
241 631
241 632
241 637
241 641
241 642
241 644
241 649
241 654
241 657
241 659
241 664
241 666
241 667
241 669
241 671
241 672
241 673
241 675
241 679
241 681
241 682
241 684
241 686
241 692
241 693
241 695
241 696
241 697
241 698
241 702
241 703
241 705
241 706
241 710
241 711
241 717
241 718
241 720
241 722
241 723
241 724
241 726
241 728
241 729
241 730
241 732
241 733
241 734
241 735
241 737
241 739
241 742
241 744
241 746
241 748
241 750
241 751
241 754
241 755
241 757
241 758
241 760
241 762
241 764
241 767
241 768
241 769
241 770
241 771
241 772
241 773
241 774
241 775
241 776
241 777
241 779
241 780
241 781
241 782
241 783
241 785
241 787
241 788
241 790
241 792
241 795
241 797
241 799
241 803
241 805
241 807
241 810
241 811
241 814
241 817
241 820
241 822
241 834
241 835
241 837
241 838
241 840
241 841
241 842
241 844
241 846
241 850
241 851
241 852
241 854
241 855
241 858
241 861
241 862
241 864
241 866
241 867
241 871
241 876
241 879
241 880
241 884
241 885
241 886
241 888
241 890
241 897
241 898
241 900
241 901
241 902
241 903
241 904
241 905
241 910
241 912
241 913
241 914
241 916
241 920
241 921
241 922
241 923
241 924
241 926
241 928
241 929
241 931
241 934
241 936
241 937
241 938
241 940
241 941
241 942
241 943
241 947
241 948
241 949
241 952
241 956
241 957
241 959
241 961
241 962
241 965
241 966
241 967
241 968
241 969
241 972
241 975
241 979
241 980
241 981
241 982
241 985
241 986
241 987
241 988
241 989
241 990
241 997
241 999
241 1000
242 501
242 503
242 504
242 505
242 506
242 507
242 509
242 510
242 515
242 516
242 518
242 520
242 522
242 524
242 526
242 527
242 528
242 535
242 537
242 542
242 543
242 544
242 545
242 546
242 547
242 548
242 551
242 553
242 554
242 555
242 556
242 563
242 564
242 565
242 571
242 572
242 573
242 575
242 577
242 579
242 581
242 582
242 584
242 587
242 590
242 591
242 594
242 598
242 599
242 600
242 601
242 607
242 608
242 615
242 617
242 621
242 622
242 623
242 625
242 627
242 630
242 631
242 632
242 634
242 638
242 642
242 643
242 644
242 645
242 646
242 648
242 652
242 653
242 654
242 655
242 656
242 657
242 659
242 661
242 666
242 667
242 668
242 670
242 672
242 675
242 676
242 678
242 679
242 680
242 681
242 682
242 684
242 685
242 686
242 687
242 688
242 689
242 690
242 694
242 695
242 697
242 698
242 702
242 704
242 708
242 712
242 714
242 715
242 717
242 718
242 720
242 721
242 722
242 724
242 726
242 731
242 732
242 735
242 736
242 737
242 739
242 740
242 741
242 746
242 749
242 750
242 751
242 755
242 757
242 761
242 763
242 764
242 772
242 774
242 777
242 779
242 781
242 784
242 786
242 789
242 792
242 797
242 799
242 800
242 802
242 803
242 805
242 807
242 808
242 812
242 814
242 816
242 817
242 819
242 820
242 821
242 824
242 827
242 828
242 830
242 831
242 834
242 835
242 836
242 838
242 839
242 840
242 846
242 848
242 850
242 851
242 852
242 853
242 854
242 855
242 858
242 860
242 861
242 865
242 867
242 868
242 871
242 872
242 875
242 876
242 878
242 880
242 881
242 882
242 884
242 887
242 888
242 889
242 891
242 893
242 894
242 895
242 898
242 900
242 904
242 905
242 906
242 913
242 918
242 921
242 925
242 927
242 931
242 936
242 938
242 944
242 946
242 947
242 949
242 950
242 952
242 953
242 955
242 958
242 961
242 964
242 965
242 967
242 968
242 969
242 970
242 979
242 980
242 981
242 983
242 987
242 989
242 991
242 992
242 993
242 997
242 998
242 999
243 501
243 503
243 504
243 506
243 511
243 512
243 515
243 517
243 518
243 519
243 520
243 521
243 525
243 526
243 529
243 531
243 534
243 535
243 537
243 542
243 545
243 550
243 551
243 552
243 554
243 555
243 556
243 557
243 558
243 562
243 563
243 564
243 565
243 566
243 569
243 571
243 573
243 574
243 576
243 577
243 580
243 581
243 582
243 584
243 586
243 589
243 595
243 596
243 597
243 598
243 599
243 602
243 603
243 607
243 610
243 611
243 614
243 616
243 618
243 619
243 620
243 621
243 622
243 625
243 626
243 627
243 629
243 632
243 637
243 638
243 646
243 649
243 650
243 651
243 655
243 656
243 657
243 658
243 660
243 661
243 665
243 666
243 667
243 668
243 671
243 672
243 675
243 676
243 677
243 680
243 682
243 685
243 687
243 690
243 695
243 696
243 702
243 703
243 707
243 708
243 712
243 714
243 717
243 722
243 723
243 726
243 727
243 729
243 731
243 736
243 738
243 740
243 741
243 742
243 743
243 744
243 745
243 746
243 750
243 762
243 763
243 764
243 765
243 767
243 768
243 773
243 774
243 778
243 779
243 781
243 788
243 790
243 792
243 793
243 796
243 797
243 801
243 803
243 804
243 806
243 808
243 809
243 810
243 812
243 816
243 820
243 824
243 825
243 827
243 828
243 829
243 830
243 833
243 834
243 835
243 836
243 838
243 839
243 840
243 841
243 842
243 843
243 844
243 845
243 847
243 849
243 850
243 851
243 853
243 857
243 864
243 865
243 869
243 870
243 871
243 872
243 873
243 875
243 876
243 878
243 879
243 880
243 882
243 884
243 887
243 888
243 889
243 894
243 900
243 901
243 903
243 908
243 910
243 911
243 916
243 919
243 921
243 922
243 924
243 927
243 928
243 929
243 930
243 931
243 932
243 935
243 937
243 940
243 942
243 946
243 949
243 950
243 953
243 954
243 955
243 958
243 959
243 960
243 961
243 968
243 970
243 971
243 975
243 978
243 981
243 985
243 986
243 987
243 989
243 993
243 996
243 997
243 998
244 503
244 504
244 505
244 506
244 507
244 512
244 513
244 515
244 519
244 521
244 524
244 528
244 529
244 531
244 532
244 534
244 535
244 536
244 538
244 539
244 540
244 541
244 542
244 543
244 544
244 547
244 549
244 550
244 551
244 552
244 553
244 554
244 555
244 556
244 557
244 558
244 560
244 561
244 563
244 567
244 568
244 570
244 573
244 574
244 576
244 577
244 579
244 580
244 582
244 584
244 585
244 587
244 588
244 589
244 590
244 591
244 592
244 593
244 594
244 597
244 598
244 605
244 607
244 609
244 610
244 614
244 615
244 616
244 617
244 618
244 619
244 622
244 623
244 626
244 629
244 630
244 631
244 632
244 633
244 635
244 637
244 638
244 639
244 640
244 641
244 642
244 643
244 644
244 646
244 650
244 651
244 652
244 654
244 656
244 657
244 659
244 660
244 661
244 662
244 663
244 664
244 666
244 667
244 669
244 670
244 671
244 673
244 674
244 676
244 677
244 678
244 679
244 680
244 682
244 683
244 684
244 685
244 687
244 688
244 689
244 693
244 694
244 695
244 696
244 697
244 699
244 701
244 703
244 705
244 707
244 710
244 712
244 714
244 715
244 717
244 718
244 719
244 722
244 724
244 726
244 733
244 734
244 735
244 737
244 738
244 739
244 745
244 746
244 747
244 748
244 749
244 750
244 752
244 756
244 757
244 759
244 761
244 763
244 765
244 766
244 767
244 768
244 769
244 771
244 772
244 775
244 777
244 778
244 779
244 782
244 784
244 789
244 792
244 793
244 794
244 795
244 800
244 803
244 804
244 805
244 807
244 808
244 812
244 813
244 815
244 817
244 819
244 820
244 825
244 826
244 828
244 829
244 830
244 832
244 833
244 835
244 839
244 842
244 845
244 846
244 847
244 848
244 851
244 853
244 854
244 859
244 860
244 861
244 862
244 864
244 865
244 868
244 870
244 874
244 875
244 877
244 878
244 883
244 884
244 891
244 892
244 895
244 897
244 898
244 899
244 900
244 901
244 903
244 904
244 905
244 907
244 909
244 910
244 911
244 915
244 916
244 917
244 918
244 920
244 922
244 923
244 924
244 929
244 931
244 933
244 934
244 935
244 936
244 940
244 941
244 942
244 949
244 950
244 951
244 954
244 955
244 956
244 958
244 960
244 963
244 966
244 968
244 971
244 973
244 975
244 977
244 978
244 979
244 981
244 982
244 984
244 986
244 987
244 989
244 990
244 991
244 994
244 996
245 501
245 502
245 504
245 506
245 507
245 510
245 514
245 516
245 518
245 519
245 520
245 521
245 522
245 524
245 526
245 527
245 530
245 531
245 532
245 533
245 535
245 538
245 541
245 542
245 543
245 544
245 545
245 546
245 547
245 548
245 551
245 552
245 557
245 559
245 561
245 562
245 564
245 567
245 568
245 569
245 572
245 574
245 575
245 579
245 582
245 584
245 585
245 586
245 587
245 589
245 590
245 591
245 592
245 593
245 594
245 595
245 597
245 599
245 601
245 604
245 606
245 607
245 608
245 613
245 621
245 625
245 626
245 634
245 637
245 640
245 641
245 643
245 648
245 649
245 652
245 653
245 654
245 656
245 657
245 660
245 661
245 662
245 663
245 664
245 665
245 666
245 668
245 670
245 671
245 673
245 674
245 675
245 676
245 678
245 679
245 681
245 685
245 688
245 689
245 694
245 695
245 696
245 697
245 703
245 704
245 707
245 709
245 711
245 712
245 714
245 717
245 718
245 719
245 720
245 723
245 724
245 728
245 729
245 732
245 734
245 735
245 737
245 738
245 739
245 742
245 745
245 746
245 748
245 750
245 751
245 754
245 755
245 756
245 757
245 758
245 759
245 760
245 761
245 764
245 767
245 770
245 771
245 772
245 773
245 774
245 780
245 781
245 787
245 790
245 791
245 792
245 793
245 796
245 797
245 799
245 800
245 801
245 802
245 803
245 804
245 807
245 808
245 809
245 811
245 812
245 813
245 814
245 816
245 818
245 821
245 823
245 825
245 826
245 827
245 829
245 832
245 836
245 839
245 842
245 843
245 844
245 847
245 849
245 851
245 852
245 854
245 857
245 858
245 859
245 860
245 861
245 862
245 863
245 864
245 865
245 867
245 870
245 873
245 876
245 877
245 879
245 880
245 881
245 882
245 883
245 891
245 894
245 895
245 896
245 898
245 899
245 900
245 901
245 903
245 905
245 906
245 912
245 913
245 918
245 925
245 929
245 930
245 931
245 932
245 936
245 938
245 941
245 943
245 944
245 945
245 947
245 950
245 951
245 955
245 957
245 959
245 962
245 966
245 967
245 969
245 970
245 971
245 972
245 974
245 975
245 976
245 977
245 978
245 979
245 980
245 981
245 982
245 984
245 988
245 996
245 997
245 999
246 501
246 504
246 505
246 506
246 507
246 508
246 511
246 512
246 513
246 514
246 515
246 516
246 517
246 519
246 520
246 522
246 523
246 525
246 526
246 527
246 528
246 530
246 534
246 536
246 541
246 543
246 545
246 551
246 552
246 554
246 558
246 560
246 562
246 563
246 567
246 568
246 569
246 571
246 572
246 576
246 577
246 579
246 580
246 582
246 585
246 586
246 587
246 589
246 591
246 592
246 594
246 597
246 604
246 607
246 610
246 615
246 617
246 618
246 620
246 623
246 625
246 626
246 629
246 630
246 631
246 634
246 635
246 636
246 637
246 642
246 643
246 645
246 649
246 650
246 651
246 653
246 655
246 656
246 660
246 661
246 663
246 664
246 668
246 672
246 674
246 675
246 677
246 678
246 679
246 682
246 684
246 686
246 688
246 691
246 693
246 698
246 699
246 700
246 702
246 705
246 710
246 711
246 712
246 714
246 715
246 718
246 719
246 720
246 721
246 722
246 723
246 724
246 725
246 727
246 728
246 732
246 734
246 736
246 739
246 742
246 743
246 746
246 749
246 755
246 757
246 758
246 761
246 762
246 765
246 766
246 767
246 769
246 772
246 773
246 774
246 777
246 779
246 780
246 783
246 786
246 792
246 797
246 798
246 801
246 802
246 806
246 808
246 809
246 815
246 816
246 822
246 825
246 826
246 828
246 829
246 835
246 836
246 842
246 843
246 848
246 850
246 851
246 852
246 854
246 855
246 857
246 859
246 860
246 865
246 866
246 868
246 870
246 871
246 873
246 874
246 879
246 881
246 883
246 884
246 893
246 897
246 903
246 904
246 905
246 908
246 910
246 911
246 918
246 920
246 921
246 922
246 923
246 924
246 925
246 926
246 930
246 931
246 933
246 934
246 935
246 938
246 941
246 943
246 951
246 952
246 953
246 955
246 956
246 957
246 960
246 963
246 964
246 965
246 968
246 970
246 973
246 974
246 975
246 979
246 982
246 987
246 990
246 991
246 992
246 993
246 997
246 998
246 999
247 501
247 504
247 505
247 508
247 509
247 510
247 511
247 512
247 513
247 515
247 516
247 518
247 519
247 520
247 521
247 525
247 527
247 531
247 532
247 536
247 539
247 542
247 546
247 547
247 549
247 550
247 553
247 554
247 555
247 557
247 558
247 559
247 563
247 567
247 568
247 569
247 570
247 571
247 572
247 573
247 574
247 575
247 578
247 579
247 582
247 584
247 586
247 587
247 588
247 590
247 593
247 595
247 596
247 598
247 599
247 601
247 603
247 605
247 606
247 608
247 611
247 613
247 616
247 617
247 621
247 622
247 624
247 626
247 627
247 628
247 630
247 637
247 642
247 643
247 649
247 653
247 654
247 658
247 659
247 662
247 663
247 664
247 665
247 669
247 670
247 672
247 676
247 678
247 680
247 683
247 686
247 688
247 690
247 695
247 699
247 703
247 705
247 709
247 710
247 712
247 716
247 718
247 719
247 721
247 723
247 728
247 729
247 731
247 732
247 733
247 734
247 739
247 740
247 741
247 742
247 743
247 745
247 749
247 751
247 754
247 755
247 756
247 757
247 758
247 759
247 760
247 761
247 763
247 765
247 766
247 768
247 769
247 775
247 776
247 777
247 782
247 786
247 788
247 792
247 793
247 794
247 795
247 797
247 800
247 801
247 803
247 805
247 807
247 808
247 809
247 811
247 812
247 813
247 814
247 816
247 817
247 818
247 821
247 826
247 827
247 829
247 830
247 832
247 833
247 836
247 837
247 838
247 839
247 840
247 843
247 845
247 849
247 850
247 852
247 853
247 856
247 860
247 862
247 863
247 864
247 865
247 868
247 871
247 874
247 879
247 883
247 885
247 886
247 888
247 889
247 894
247 895
247 898
247 903
247 906
247 909
247 910
247 911
247 921
247 923
247 924
247 925
247 927
247 928
247 932
247 937
247 939
247 942
247 943
247 946
247 948
247 952
247 954
247 956
247 957
247 961
247 968
247 969
247 971
247 972
247 973
247 980
247 981
247 982
247 983
247 984
247 985
247 986
247 989
247 990
247 993
247 994
247 995
247 996
247 999
248 501
248 503
248 508
248 509
248 510
248 514
248 518
248 529
248 530
248 531
248 532
248 533
248 534
248 537
248 539
248 540
248 541
248 542
248 544
248 547
248 549
248 550
248 551
248 553
248 554
248 555
248 559
248 562
248 563
248 564
248 566
248 569
248 570
248 573
248 575
248 576
248 578
248 579
248 582
248 583
248 584
248 588
248 589
248 590
248 591
248 592
248 595
248 596
248 597
248 601
248 603
248 608
248 609
248 610
248 614
248 619
248 620
248 621
248 625
248 626
248 628
248 629
248 630
248 631
248 632
248 634
248 635
248 637
248 638
248 639
248 642
248 646
248 647
248 649
248 651
248 652
248 653
248 655
248 656
248 658
248 660
248 661
248 664
248 667
248 668
248 670
248 674
248 675
248 680
248 681
248 686
248 687
248 692
248 693
248 694
248 695
248 697
248 698
248 700
248 702
248 704
248 705
248 706
248 709
248 710
248 713
248 714
248 716
248 720
248 721
248 722
248 723
248 724
248 726
248 727
248 729
248 730
248 732
248 733
248 741
248 742
248 743
248 744
248 746
248 747
248 750
248 751
248 752
248 753
248 759
248 760
248 763
248 764
248 766
248 769
248 770
248 772
248 773
248 776
248 777
248 779
248 780
248 781
248 783
248 787
248 788
248 789
248 790
248 792
248 793
248 794
248 795
248 796
248 798
248 799
248 800
248 801
248 803
248 804
248 806
248 807
248 811
248 813
248 814
248 817
248 819
248 825
248 826
248 829
248 832
248 834
248 836
248 838
248 840
248 843
248 845
248 846
248 848
248 849
248 850
248 852
248 853
248 854
248 856
248 858
248 862
248 863
248 864
248 866
248 869
248 870
248 872
248 873
248 874
248 876
248 879
248 880
248 881
248 882
248 885
248 887
248 888
248 891
248 892
248 893
248 895
248 896
248 899
248 901
248 902
248 903
248 904
248 905
248 907
248 908
248 909
248 912
248 914
248 919
248 920
248 921
248 922
248 924
248 925
248 926
248 928
248 931
248 932
248 933
248 934
248 939
248 942
248 946
248 947
248 949
248 950
248 951
248 955
248 958
248 959
248 960
248 962
248 967
248 968
248 970
248 971
248 972
248 975
248 976
248 977
248 978
248 981
248 983
248 990
248 993
248 996
249 501
249 502
249 503
249 505
249 507
249 508
249 509
249 515
249 517
249 520
249 523
249 524
249 525
249 526
249 527
249 528
249 530
249 532
249 537
249 538
249 540
249 549
249 552
249 554
249 556
249 557
249 558
249 559
249 561
249 563
249 564
249 568
249 570
249 571
249 572
249 578
249 584
249 593
249 600
249 608
249 610
249 611
249 612
249 613
249 615
249 616
249 618
249 619
249 620
249 624
249 625
249 626
249 627
249 632
249 633
249 634
249 635
249 636
249 637
249 638
249 641
249 643
249 646
249 647
249 649
249 650
249 652
249 655
249 656
249 657
249 658
249 659
249 660
249 665
249 668
249 670
249 675
249 677
249 678
249 679
249 680
249 681
249 682
249 683
249 686
249 687
249 689
249 691
249 693
249 695
249 696
249 697
249 699
249 702
249 703
249 704
249 706
249 711
249 714
249 715
249 716
249 717
249 720
249 722
249 724
249 726
249 728
249 729
249 730
249 731
249 732
249 733
249 738
249 739
249 740
249 741
249 743
249 747
249 748
249 750
249 751
249 752
249 753
249 755
249 756
249 764
249 765
249 767
249 768
249 770
249 775
249 777
249 779
249 782
249 787
249 790
249 791
249 792
249 793
249 796
249 797
249 799
249 800
249 804
249 806
249 809
249 810
249 811
249 813
249 814
249 821
249 822
249 825
249 826
249 827
249 828
249 829
249 833
249 835
249 836
249 837
249 839
249 840
249 844
249 845
249 846
249 848
249 849
249 850
249 852
249 854
249 855
249 858
249 861
249 866
249 867
249 870
249 871
249 875
249 876
249 879
249 880
249 881
249 882
249 884
249 885
249 886
249 887
249 888
249 890
249 891
249 892
249 895
249 896
249 897
249 898
249 901
249 902
249 904
249 906
249 908
249 909
249 912
249 913
249 914
249 917
249 920
249 921
249 922
249 925
249 928
249 929
249 931
249 932
249 934
249 935
249 937
249 939
249 944
249 952
249 955
249 957
249 959
249 960
249 961
249 962
249 963
249 964
249 966
249 969
249 970
249 972
249 973
249 975
249 976
249 977
249 980
249 982
249 984
249 986
249 987
249 994
249 996
249 998
249 999
250 507
250 508
250 509
250 510
250 511
250 513
250 514
250 515
250 519
250 521
250 525
250 526
250 529
250 532
250 533
250 535
250 537
250 538
250 540
250 541
250 544
250 546
250 547
250 548
250 550
250 551
250 553
250 554
250 555
250 556
250 558
250 560
250 563
250 564
250 565
250 567
250 568
250 572
250 578
250 582
250 583
250 589
250 590
250 591
250 595
250 600
250 601
250 603
250 604
250 605
250 606
250 608
250 609
250 610
250 611
250 612
250 614
250 615
250 616
250 619
250 621
250 622
250 623
250 626
250 627
250 629
250 631
250 637
250 638
250 639
250 642
250 643
250 645
250 646
250 647
250 648
250 649
250 650
250 651
250 652
250 657
250 658
250 661
250 666
250 669
250 673
250 674
250 677
250 678
250 679
250 681
250 683
250 684
250 685
250 688
250 691
250 696
250 697
250 700
250 701
250 702
250 704
250 705
250 709
250 711
250 712
250 714
250 716
250 722
250 723
250 724
250 725
250 727
250 732
250 733
250 738
250 741
250 743
250 744
250 745
250 748
250 751
250 752
250 754
250 755
250 759
250 760
250 761
250 762
250 764
250 766
250 767
250 768
250 769
250 771
250 773
250 776
250 777
250 779
250 784
250 785
250 789
250 791
250 792
250 793
250 795
250 798
250 800
250 802
250 803
250 804
250 805
250 806
250 808
250 811
250 812
250 815
250 816
250 818
250 820
250 821
250 822
250 824
250 825
250 828
250 829
250 830
250 831
250 835
250 836
250 839
250 842
250 843
250 844
250 847
250 849
250 850
250 851
250 856
250 858
250 859
250 861
250 862
250 864
250 865
250 867
250 869
250 870
250 872
250 874
250 877
250 878
250 879
250 880
250 883
250 884
250 892
250 893
250 894
250 895
250 896
250 900
250 902
250 904
250 905
250 906
250 909
250 910
250 911
250 912
250 915
250 917
250 919
250 922
250 924
250 927
250 928
250 931
250 935
250 936
250 938
250 939
250 945
250 946
250 948
250 951
250 954
250 957
250 959
250 960
250 967
250 968
250 970
250 972
250 975
250 976
250 977
250 978
250 979
250 982
250 983
250 986
250 987
250 989
250 990
250 991
250 992
250 993
250 998
250 999
250 1000
251 503
251 504
251 507
251 509
251 510
251 511
251 513
251 514
251 518
251 519
251 520
251 521
251 522
251 524
251 528
251 529
251 530
251 534
251 535
251 536
251 538
251 541
251 543
251 544
251 546
251 550
251 556
251 557
251 558
251 559
251 560
251 564
251 569
251 570
251 575
251 576
251 577
251 579
251 580
251 582
251 583
251 584
251 585
251 586
251 587
251 590
251 592
251 593
251 594
251 598
251 599
251 600
251 601
251 602
251 605
251 607
251 608
251 609
251 611
251 612
251 615
251 617
251 619
251 620
251 621
251 622
251 625
251 626
251 628
251 632
251 636
251 637
251 638
251 639
251 641
251 643
251 647
251 648
251 649
251 652
251 656
251 657
251 658
251 660
251 663
251 665
251 669
251 670
251 671
251 673
251 675
251 676
251 678
251 681
251 682
251 684
251 685
251 686
251 687
251 688
251 690
251 691
251 693
251 694
251 697
251 699
251 702
251 704
251 708
251 709
251 712
251 714
251 715
251 717
251 720
251 722
251 723
251 724
251 729
251 732
251 733
251 740
251 741
251 746
251 747
251 748
251 751
251 753
251 759
251 760
251 763
251 765
251 768
251 769
251 770
251 771
251 773
251 778
251 779
251 783
251 784
251 785
251 786
251 787
251 789
251 790
251 792
251 793
251 795
251 796
251 801
251 803
251 805
251 806
251 807
251 808
251 813
251 814
251 815
251 816
251 820
251 824
251 825
251 826
251 828
251 829
251 831
251 834
251 836
251 837
251 838
251 839
251 840
251 841
251 842
251 843
251 844
251 849
251 850
251 851
251 852
251 853
251 854
251 855
251 856
251 858
251 860
251 862
251 867
251 868
251 870
251 871
251 872
251 873
251 875
251 877
251 878
251 880
251 886
251 887
251 888
251 890
251 891
251 894
251 897
251 898
251 901
251 902
251 904
251 907
251 909
251 910
251 911
251 913
251 916
251 917
251 918
251 919
251 920
251 922
251 923
251 925
251 929
251 932
251 936
251 937
251 938
251 939
251 940
251 941
251 942
251 946
251 947
251 952
251 953
251 954
251 956
251 957
251 959
251 961
251 962
251 963
251 964
251 968
251 970
251 971
251 972
251 973
251 975
251 978
251 979
251 981
251 982
251 983
251 985
251 993
251 997
251 999
251 1000
252 503
252 505
252 506
252 507
252 508
252 513
252 514
252 515
252 517
252 518
252 520
252 522
252 523
252 525
252 530
252 533
252 536
252 540
252 541
252 542
252 544
252 548
252 552
252 554
252 556
252 558
252 561
252 563
252 564
252 565
252 566
252 570
252 575
252 576
252 580
252 585
252 590
252 591
252 592
252 594
252 595
252 598
252 599
252 600
252 603
252 609
252 611
252 613
252 614
252 615
252 616
252 617
252 618
252 619
252 622
252 627
252 631
252 633
252 634
252 637
252 640
252 641
252 643
252 648
252 652
252 653
252 655
252 657
252 659
252 660
252 662
252 663
252 667
252 670
252 671
252 673
252 675
252 676
252 677
252 678
252 679
252 680
252 683
252 684
252 686
252 690
252 691
252 693
252 694
252 695
252 696
252 698
252 700
252 702
252 703
252 705
252 706
252 708
252 709
252 710
252 712
252 718
252 720
252 722
252 725
252 726
252 730
252 732
252 733
252 735
252 736
252 745
252 746
252 748
252 750
252 752
252 753
252 754
252 757
252 758
252 759
252 761
252 762
252 763
252 764
252 765
252 766
252 769
252 770
252 772
252 773
252 775
252 776
252 777
252 778
252 781
252 782
252 784
252 786
252 787
252 788
252 789
252 795
252 796
252 798
252 799
252 800
252 802
252 803
252 804
252 805
252 806
252 807
252 809
252 810
252 811
252 812
252 813
252 814
252 815
252 816
252 817
252 818
252 822
252 823
252 824
252 825
252 828
252 829
252 830
252 836
252 840
252 844
252 845
252 848
252 849
252 851
252 854
252 858
252 861
252 862
252 864
252 868
252 871
252 872
252 875
252 876
252 878
252 880
252 882
252 884
252 886
252 887
252 888
252 891
252 894
252 899
252 900
252 901
252 902
252 907
252 908
252 909
252 912
252 914
252 915
252 924
252 925
252 928
252 930
252 932
252 934
252 935
252 936
252 939
252 942
252 944
252 945
252 946
252 947
252 948
252 956
252 960
252 964
252 968
252 971
252 975
252 981
252 983
252 984
252 986
252 988
252 989
252 996
252 997
252 1000
253 501
253 502
253 503
253 504
253 505
253 507
253 509
253 511
253 513
253 516
253 517
253 520
253 521
253 522
253 523
253 524
253 525
253 527
253 532
253 533
253 537
253 540
253 541
253 542
253 546
253 548
253 549
253 552
253 553
253 554
253 555
253 557
253 559
253 560
253 561
253 562
253 563
253 565
253 567
253 569
253 571
253 572
253 573
253 577
253 582
253 584
253 586
253 587
253 589
253 590
253 592
253 595
253 596
253 600
253 601
253 602
253 603
253 607
253 608
253 611
253 613
253 614
253 615
253 616
253 617
253 618
253 619
253 620
253 621
253 622
253 624
253 626
253 627
253 628
253 629
253 630
253 631
253 634
253 637
253 640
253 641
253 642
253 643
253 645
253 646
253 649
253 652
253 654
253 655
253 657
253 658
253 660
253 661
253 664
253 673
253 675
253 677
253 680
253 681
253 682
253 683
253 684
253 685
253 686
253 688
253 699
253 700
253 702
253 703
253 707
253 716
253 721
253 722
253 723
253 725
253 728
253 729
253 734
253 735
253 737
253 740
253 742
253 743
253 744
253 746
253 747
253 748
253 750
253 751
253 752
253 755
253 756
253 757
253 758
253 759
253 760
253 761
253 768
253 769
253 771
253 773
253 775
253 776
253 778
253 779
253 781
253 784
253 787
253 790
253 794
253 796
253 797
253 798
253 799
253 800
253 801
253 804
253 808
253 809
253 810
253 816
253 817
253 818
253 821
253 822
253 823
253 824
253 826
253 827
253 828
253 829
253 830
253 831
253 833
253 834
253 838
253 839
253 841
253 842
253 843
253 845
253 847
253 848
253 849
253 851
253 854
253 855
253 856
253 857
253 858
253 860
253 863
253 865
253 867
253 870
253 873
253 875
253 877
253 879
253 880
253 883
253 884
253 886
253 887
253 888
253 889
253 890
253 892
253 893
253 895
253 898
253 905
253 906
253 907
253 908
253 909
253 910
253 911
253 914
253 915
253 917
253 918
253 919
253 921
253 923
253 925
253 928
253 930
253 935
253 937
253 939
253 940
253 942
253 943
253 944
253 946
253 948
253 949
253 953
253 955
253 956
253 957
253 961
253 962
253 963
253 965
253 966
253 967
253 968
253 969
253 972
253 973
253 974
253 976
253 978
253 981
253 983
253 985
253 989
253 991
253 992
253 993
253 994
253 995
253 997
254 502
254 503
254 504
254 505
254 508
254 509
254 513
254 516
254 517
254 518
254 519
254 520
254 522
254 525
254 527
254 531
254 532
254 534
254 535
254 536
254 537
254 538
254 539
254 540
254 541
254 544
254 545
254 547
254 550
254 552
254 553
254 558
254 561
254 562
254 563
254 564
254 565
254 570
254 571
254 573
254 578
254 580
254 581
254 583
254 585
254 588
254 589
254 594
254 595
254 598
254 599
254 600
254 604
254 606
254 609
254 618
254 619
254 620
254 621
254 623
254 624
254 625
254 626
254 630
254 632
254 633
254 635
254 636
254 639
254 641
254 644
254 646
254 647
254 650
254 653
254 654
254 656
254 657
254 658
254 660
254 662
254 663
254 664
254 665
254 666
254 668
254 669
254 672
254 673
254 674
254 675
254 676
254 678
254 680
254 683
254 686
254 687
254 688
254 693
254 695
254 696
254 697
254 701
254 703
254 704
254 706
254 707
254 708
254 709
254 710
254 711
254 715
254 716
254 718
254 719
254 721
254 722
254 723
254 724
254 725
254 726
254 728
254 730
254 732
254 733
254 735
254 743
254 745
254 748
254 749
254 751
254 753
254 757
254 758
254 759
254 763
254 768
254 771
254 773
254 776
254 777
254 779
254 780
254 781
254 782
254 784
254 786
254 790
254 795
254 796
254 798
254 799
254 800
254 802
254 803
254 804
254 805
254 810
254 811
254 814
254 816
254 817
254 820
254 821
254 826
254 829
254 831
254 832
254 834
254 835
254 836
254 838
254 839
254 842
254 846
254 851
254 854
254 859
254 861
254 862
254 864
254 866
254 871
254 872
254 874
254 875
254 876
254 877
254 878
254 879
254 881
254 883
254 884
254 885
254 890
254 892
254 893
254 895
254 897
254 898
254 899
254 900
254 901
254 902
254 903
254 904
254 907
254 909
254 910
254 913
254 916
254 918
254 921
254 925
254 928
254 931
254 933
254 936
254 941
254 944
254 945
254 947
254 949
254 953
254 954
254 956
254 958
254 959
254 963
254 966
254 967
254 968
254 969
254 973
254 976
254 977
254 979
254 986
254 988
254 989
254 991
254 992
254 995
254 998
254 999
254 1000
255 501
255 502
255 503
255 505
255 506
255 508
255 510
255 512
255 515
255 516
255 517
255 518
255 519
255 520
255 521
255 523
255 525
255 526
255 528
255 529
255 531
255 532
255 533
255 535
255 536
255 539
255 540
255 544
255 547
255 548
255 549
255 552
255 554
255 558
255 563
255 566
255 567
255 568
255 571
255 572
255 573
255 576
255 577
255 578
255 579
255 580
255 587
255 589
255 590
255 591
255 593
255 596
255 598
255 603
255 604
255 605
255 606
255 607
255 610
255 611
255 613
255 614
255 623
255 627
255 628
255 629
255 633
255 634
255 635
255 637
255 639
255 641
255 642
255 643
255 644
255 647
255 648
255 649
255 651
255 653
255 658
255 659
255 661
255 662
255 668
255 669
255 674
255 677
255 678
255 680
255 681
255 682
255 683
255 684
255 685
255 687
255 692
255 695
255 696
255 697
255 700
255 702
255 704
255 705
255 707
255 708
255 711
255 716
255 720
255 721
255 723
255 724
255 725
255 727
255 729
255 730
255 733
255 735
255 736
255 738
255 740
255 741
255 743
255 745
255 748
255 751
255 752
255 753
255 755
255 756
255 757
255 758
255 759
255 760
255 762
255 764
255 766
255 769
255 771
255 772
255 773
255 775
255 776
255 778
255 780
255 785
255 786
255 787
255 789
255 792
255 794
255 796
255 800
255 801
255 802
255 804
255 806
255 807
255 808
255 810
255 811
255 815
255 817
255 819
255 820
255 821
255 825
255 829
255 830
255 831
255 832
255 833
255 834
255 835
255 837
255 840
255 841
255 842
255 844
255 849
255 853
255 854
255 855
255 856
255 857
255 858
255 859
255 860
255 861
255 862
255 863
255 864
255 866
255 867
255 868
255 869
255 871
255 873
255 874
255 875
255 885
255 886
255 887
255 888
255 889
255 892
255 893
255 895
255 897
255 899
255 900
255 901
255 905
255 906
255 907
255 909
255 911
255 913
255 915
255 916
255 917
255 922
255 924
255 925
255 926
255 928
255 929
255 934
255 936
255 939
255 940
255 941
255 942
255 945
255 946
255 950
255 951
255 953
255 955
255 957
255 958
255 959
255 960
255 962
255 963
255 965
255 966
255 968
255 969
255 971
255 972
255 973
255 974
255 976
255 977
255 978
255 980
255 981
255 982
255 983
255 984
255 985
255 989
255 990
255 991
255 992
255 994
255 996
255 997
255 998
255 999
255 1000
256 503
256 504
256 505
256 508
256 509
256 514
256 516
256 518
256 519
256 520
256 521
256 523
256 524
256 526
256 529
256 532
256 533
256 534
256 539
256 541
256 542
256 543
256 544
256 547
256 548
256 549
256 550
256 554
256 556
256 557
256 558
256 560
256 563
256 564
256 565
256 566
256 567
256 569
256 571
256 572
256 573
256 574
256 580
256 582
256 584
256 586
256 588
256 589
256 590
256 592
256 594
256 595
256 597
256 598
256 600
256 602
256 603
256 604
256 606
256 607
256 610
256 613
256 614
256 618
256 626
256 627
256 628
256 630
256 632
256 634
256 637
256 638
256 639
256 644
256 646
256 650
256 656
256 662
256 665
256 668
256 670
256 671
256 672
256 673
256 678
256 679
256 683
256 696
256 698
256 699
256 700
256 701
256 702
256 704
256 705
256 707
256 710
256 712
256 713
256 714
256 716
256 722
256 724
256 729
256 732
256 733
256 735
256 736
256 738
256 740
256 741
256 745
256 747
256 751
256 752
256 758
256 762
256 765
256 767
256 768
256 771
256 773
256 775
256 776
256 777
256 779
256 780
256 783
256 784
256 785
256 786
256 787
256 788
256 789
256 791
256 796
256 797
256 798
256 799
256 803
256 806
256 807
256 813
256 817
256 818
256 821
256 822
256 824
256 825
256 826
256 828
256 832
256 834
256 835
256 836
256 838
256 839
256 840
256 841
256 842
256 844
256 846
256 848
256 850
256 852
256 853
256 855
256 856
256 857
256 858
256 860
256 865
256 868
256 872
256 874
256 875
256 876
256 878
256 880
256 881
256 883
256 884
256 887
256 888
256 890
256 891
256 892
256 893
256 894
256 895
256 898
256 900
256 902
256 903
256 904
256 909
256 910
256 911
256 912
256 913
256 917
256 918
256 920
256 921
256 923
256 924
256 925
256 927
256 930
256 931
256 933
256 934
256 935
256 937
256 938
256 939
256 940
256 941
256 942
256 946
256 947
256 949
256 951
256 952
256 955
256 956
256 958
256 964
256 965
256 966
256 967
256 968
256 970
256 971
256 972
256 973
256 974
256 975
256 977
256 978
256 981
256 982
256 985
256 986
256 990
256 991
256 993
256 996
256 1000
257 511
257 517
257 518
257 521
257 522
257 523
257 524
257 525
257 527
257 528
257 529
257 531
257 532
257 537
257 538
257 540
257 544
257 545
257 546
257 548
257 554
257 556
257 560
257 561
257 562
257 563
257 565
257 566
257 570
257 572
257 576
257 577
257 578
257 579
257 581
257 582
257 583
257 584
257 585
257 596
257 597
257 598
257 600
257 601
257 603
257 606
257 610
257 611
257 615
257 618
257 619
257 620
257 621
257 624
257 626
257 630
257 632
257 634
257 637
257 638
257 639
257 645
257 647
257 651
257 652
257 653
257 654
257 655
257 657
257 661
257 663
257 668
257 674
257 675
257 677
257 678
257 679
257 680
257 681
257 682
257 687
257 689
257 691
257 694
257 695
257 697
257 698
257 701
257 702
257 703
257 704
257 705
257 707
257 708
257 711
257 712
257 714
257 715
257 716
257 718
257 720
257 721
257 722
257 723
257 730
257 734
257 735
257 736
257 737
257 738
257 739
257 743
257 744
257 745
257 746
257 747
257 749
257 750
257 752
257 754
257 757
257 758
257 762
257 763
257 766
257 768
257 769
257 771
257 774
257 778
257 780
257 782
257 783
257 788
257 790
257 793
257 794
257 797
257 799
257 800
257 801
257 803
257 805
257 807
257 808
257 810
257 813
257 814
257 816
257 824
257 827
257 829
257 830
257 832
257 834
257 835
257 838
257 841
257 845
257 846
257 847
257 848
257 849
257 850
257 853
257 854
257 857
257 858
257 859
257 860
257 861
257 864
257 865
257 866
257 867
257 868
257 869
257 870
257 873
257 875
257 876
257 879
257 882
257 884
257 886
257 887
257 888
257 893
257 896
257 898
257 899
257 900
257 902
257 906
257 907
257 908
257 909
257 912
257 913
257 914
257 915
257 916
257 917
257 918
257 919
257 920
257 921
257 923
257 925
257 926
257 927
257 929
257 930
257 932
257 933
257 934
257 935
257 936
257 938
257 939
257 943
257 944
257 946
257 947
257 948
257 954
257 958
257 959
257 961
257 964
257 965
257 966
257 967
257 969
257 970
257 973
257 978
257 981
257 982
257 983
257 984
257 985
257 989
257 990
257 992
257 995
257 996
257 997
257 999
257 1000
258 501
258 505
258 508
258 509
258 516
258 518
258 523
258 526
258 527
258 528
258 529
258 530
258 531
258 533
258 534
258 537
258 538
258 540
258 541
258 547
258 549
258 551
258 552
258 557
258 558
258 559
258 560
258 561
258 562
258 563
258 564
258 565
258 566
258 567
258 568
258 569
258 570
258 574
258 575
258 577
258 580
258 584
258 585
258 590
258 594
258 595
258 597
258 598
258 600
258 602
258 605
258 606
258 607
258 608
258 610
258 611
258 613
258 615
258 616
258 618
258 622
258 623
258 624
258 625
258 629
258 630
258 634
258 635
258 637
258 638
258 639
258 643
258 644
258 647
258 648
258 649
258 653
258 656
258 657
258 658
258 659
258 660
258 661
258 666
258 667
258 668
258 670
258 672
258 673
258 674
258 678
258 680
258 681
258 683
258 691
258 693
258 698
258 699
258 700
258 701
258 702
258 706
258 707
258 708
258 709
258 710
258 711
258 712
258 713
258 715
258 718
258 726
258 727
258 731
258 735
258 737
258 738
258 739
258 741
258 743
258 746
258 747
258 753
258 757
258 758
258 759
258 760
258 761
258 767
258 768
258 770
258 772
258 773
258 774
258 779
258 780
258 781
258 783
258 785
258 786
258 787
258 788
258 792
258 794
258 795
258 798
258 799
258 803
258 807
258 808
258 809
258 812
258 814
258 815
258 817
258 818
258 819
258 820
258 822
258 824
258 825
258 826
258 827
258 828
258 829
258 830
258 831
258 834
258 836
258 839
258 841
258 849
258 851
258 852
258 853
258 854
258 858
258 862
258 864
258 865
258 870
258 872
258 873
258 875
258 876
258 877
258 878
258 882
258 883
258 885
258 886
258 887
258 889
258 890
258 891
258 892
258 893
258 895
258 896
258 898
258 899
258 900
258 901
258 904
258 906
258 907
258 908
258 909
258 910
258 911
258 912
258 913
258 915
258 916
258 917
258 919
258 922
258 923
258 925
258 927
258 929
258 932
258 933
258 937
258 938
258 940
258 943
258 944
258 945
258 946
258 948
258 949
258 950
258 952
258 957
258 960
258 962
258 965
258 969
258 971
258 973
258 976
258 978
258 979
258 981
258 982
258 983
258 984
258 986
258 987
258 988
258 989
258 991
258 993
258 994
259 501
259 503
259 505
259 506
259 507
259 508
259 515
259 519
259 520
259 521
259 522
259 523
259 524
259 531
259 532
259 534
259 535
259 543
259 544
259 549
259 550
259 551
259 554
259 555
259 556
259 557
259 558
259 561
259 563
259 564
259 566
259 567
259 568
259 569
259 574
259 578
259 581
259 582
259 583
259 584
259 585
259 586
259 587
259 589
259 591
259 594
259 600
259 601
259 602
259 607
259 608
259 610
259 613
259 614
259 617
259 618
259 619
259 622
259 623
259 626
259 627
259 629
259 632
259 635
259 636
259 637
259 641
259 642
259 643
259 647
259 648
259 649
259 651
259 652
259 653
259 654
259 656
259 659
259 660
259 662
259 664
259 665
259 669
259 670
259 673
259 674
259 676
259 677
259 679
259 680
259 682
259 686
259 687
259 688
259 689
259 690
259 691
259 692
259 693
259 697
259 698
259 701
259 703
259 705
259 707
259 708
259 709
259 711
259 714
259 715
259 717
259 718
259 719
259 721
259 722
259 723
259 726
259 731
259 732
259 738
259 740
259 741
259 742
259 747
259 750
259 753
259 754
259 760
259 761
259 766
259 770
259 771
259 776
259 777
259 778
259 779
259 780
259 782
259 787
259 789
259 791
259 792
259 793
259 795
259 796
259 802
259 806
259 808
259 810
259 812
259 813
259 815
259 819
259 821
259 827
259 832
259 833
259 834
259 837
259 838
259 839
259 842
259 843
259 844
259 845
259 847
259 848
259 849
259 851
259 852
259 853
259 857
259 858
259 859
259 861
259 862
259 863
259 864
259 867
259 868
259 871
259 874
259 875
259 876
259 877
259 878
259 881
259 883
259 885
259 887
259 891
259 892
259 893
259 894
259 896
259 897
259 899
259 900
259 903
259 904
259 909
259 911
259 912
259 913
259 914
259 916
259 918
259 919
259 923
259 925
259 927
259 928
259 929
259 930
259 931
259 934
259 935
259 936
259 938
259 939
259 941
259 942
259 943
259 944
259 945
259 948
259 951
259 953
259 954
259 957
259 959
259 960
259 961
259 962
259 963
259 966
259 968
259 971
259 972
259 974
259 975
259 976
259 977
259 978
259 980
259 981
259 982
259 984
259 985
259 988
259 989
259 992
259 993
259 994
259 995
259 998
259 999
259 1000
260 501
260 502
260 503
260 504
260 508
260 509
260 511
260 512
260 513
260 514
260 515
260 516
260 519
260 520
260 521
260 523
260 524
260 525
260 526
260 527
260 528
260 529
260 533
260 534
260 536
260 537
260 538
260 540
260 541
260 542
260 544
260 545
260 546
260 547
260 550
260 555
260 557
260 559
260 561
260 562
260 564
260 565
260 566
260 567
260 569
260 570
260 572
260 573
260 574
260 575
260 576
260 580
260 582
260 584
260 586
260 588
260 589
260 591
260 592
260 595
260 596
260 597
260 600
260 602
260 605
260 609
260 611
260 613
260 615
260 617
260 620
260 622
260 624
260 629
260 633
260 634
260 637
260 639
260 641
260 643
260 644
260 645
260 646
260 649
260 651
260 652
260 653
260 654
260 655
260 657
260 660
260 661
260 662
260 666
260 667
260 668
260 669
260 670
260 673
260 675
260 676
260 678
260 680
260 681
260 685
260 688
260 689
260 690
260 691
260 694
260 696
260 697
260 700
260 702
260 703
260 705
260 706
260 707
260 709
260 710
260 713
260 715
260 716
260 718
260 719
260 720
260 721
260 723
260 725
260 726
260 727
260 730
260 731
260 733
260 735
260 736
260 740
260 745
260 746
260 748
260 749
260 750
260 753
260 754
260 755
260 757
260 758
260 760
260 761
260 763
260 764
260 765
260 766
260 770
260 775
260 776
260 782
260 786
260 787
260 788
260 789
260 790
260 794
260 796
260 797
260 798
260 799
260 803
260 807
260 808
260 810
260 812
260 814
260 815
260 817
260 818
260 819
260 822
260 824
260 825
260 827
260 828
260 829
260 830
260 832
260 833
260 835
260 836
260 837
260 839
260 843
260 845
260 847
260 848
260 849
260 850
260 851
260 852
260 856
260 857
260 858
260 859
260 863
260 864
260 865
260 868
260 869
260 870
260 871
260 872
260 875
260 877
260 880
260 881
260 885
260 886
260 888
260 889
260 891
260 892
260 893
260 894
260 896
260 897
260 898
260 901
260 902
260 903
260 904
260 905
260 907
260 908
260 912
260 913
260 915
260 916
260 917
260 918
260 919
260 922
260 923
260 925
260 927
260 928
260 929
260 933
260 934
260 935
260 936
260 937
260 939
260 941
260 942
260 943
260 944
260 945
260 946
260 952
260 953
260 954
260 956
260 958
260 959
260 962
260 964
260 965
260 966
260 967
260 972
260 975
260 976
260 977
260 978
260 981
260 984
260 987
260 989
260 991
260 993
260 994
260 1000
261 501
261 504
261 505
261 506
261 508
261 511
261 512
261 513
261 514
261 515
261 516
261 519
261 525
261 534
261 536
261 537
261 539
261 540
261 541
261 543
261 544
261 547
261 551
261 552
261 553
261 554
261 559
261 560
261 561
261 562
261 563
261 566
261 569
261 570
261 574
261 575
261 576
261 577
261 578
261 579
261 580
261 581
261 584
261 585
261 586
261 588
261 589
261 590
261 591
261 592
261 595
261 596
261 598
261 599
261 604
261 606
261 609
261 611
261 614
261 615
261 617
261 621
261 622
261 623
261 624
261 627
261 629
261 630
261 633
261 640
261 642
261 647
261 650
261 651
261 657
261 661
261 664
261 665
261 668
261 670
261 671
261 672
261 674
261 675
261 676
261 677
261 681
261 682
261 685
261 686
261 687
261 690
261 691
261 692
261 693
261 694
261 695
261 696
261 697
261 702
261 703
261 706
261 709
261 710
261 711
261 712
261 713
261 714
261 717
261 718
261 720
261 721
261 723
261 725
261 729
261 730
261 731
261 732
261 733
261 736
261 737
261 738
261 739
261 740
261 741
261 742
261 744
261 747
261 749
261 751
261 753
261 754
261 755
261 756
261 757
261 758
261 761
261 762
261 763
261 764
261 765
261 768
261 770
261 772
261 774
261 775
261 776
261 778
261 780
261 781
261 782
261 784
261 786
261 787
261 789
261 790
261 792
261 797
261 798
261 801
261 802
261 803
261 804
261 805
261 807
261 808
261 809
261 812
261 813
261 814
261 816
261 823
261 824
261 825
261 827
261 828
261 831
261 832
261 833
261 834
261 835
261 837
261 840
261 841
261 845
261 846
261 847
261 853
261 855
261 857
261 859
261 860
261 861
261 862
261 863
261 864
261 868
261 869
261 871
261 873
261 874
261 875
261 876
261 881
261 882
261 885
261 886
261 887
261 889
261 891
261 892
261 893
261 895
261 898
261 899
261 902
261 906
261 907
261 908
261 909
261 912
261 914
261 919
261 921
261 922
261 923
261 926
261 928
261 931
261 932
261 934
261 935
261 937
261 941
261 942
261 943
261 947
261 950
261 951
261 952
261 955
261 956
261 959
261 961
261 964
261 968
261 971
261 981
261 982
261 983
261 984
261 986
261 988
261 990
261 991
261 993
261 995
261 997
261 998
262 501
262 502
262 504
262 505
262 508
262 509
262 511
262 514
262 515
262 516
262 517
262 521
262 522
262 524
262 526
262 529
262 530
262 532
262 536
262 538
262 539
262 541
262 544
262 545
262 547
262 550
262 551
262 552
262 553
262 555
262 556
262 558
262 562
262 563
262 564
262 565
262 566
262 567
262 568
262 573
262 574
262 576
262 578
262 579
262 582
262 583
262 584
262 586
262 591
262 592
262 594
262 595
262 596
262 597
262 598
262 599
262 603
262 606
262 607
262 608
262 611
262 614
262 615
262 616
262 618
262 619
262 620
262 622
262 624
262 625
262 627
262 631
262 632
262 633
262 635
262 636
262 639
262 641
262 642
262 643
262 644
262 645
262 648
262 654
262 657
262 658
262 660
262 662
262 665
262 666
262 668
262 670
262 673
262 677
262 680
262 682
262 683
262 686
262 688
262 689
262 692
262 694
262 695
262 701
262 704
262 706
262 708
262 711
262 713
262 715
262 718
262 720
262 721
262 723
262 724
262 725
262 729
262 731
262 732
262 736
262 738
262 740
262 741
262 742
262 745
262 747
262 748
262 749
262 752
262 753
262 756
262 757
262 758
262 759
262 764
262 765
262 767
262 768
262 769
262 771
262 772
262 773
262 778
262 784
262 786
262 788
262 792
262 794
262 799
262 800
262 801
262 802
262 803
262 807
262 808
262 810
262 812
262 814
262 815
262 816
262 817
262 818
262 821
262 822
262 823
262 827
262 828
262 829
262 831
262 833
262 836
262 839
262 840
262 842
262 844
262 845
262 847
262 848
262 852
262 853
262 854
262 855
262 856
262 859
262 860
262 861
262 862
262 866
262 868
262 874
262 875
262 876
262 880
262 883
262 884
262 887
262 888
262 889
262 890
262 891
262 893
262 895
262 896
262 898
262 900
262 901
262 903
262 905
262 907
262 912
262 913
262 918
262 919
262 920
262 921
262 922
262 924
262 925
262 926
262 928
262 930
262 931
262 934
262 937
262 942
262 947
262 949
262 953
262 954
262 956
262 957
262 958
262 961
262 962
262 963
262 965
262 967
262 968
262 972
262 973
262 979
262 980
262 981
262 982
262 984
262 986
262 990
262 991
262 992
262 997
263 501
263 502
263 503
263 506
263 508
263 509
263 512
263 513
263 515
263 517
263 522
263 524
263 525
263 527
263 528
263 533
263 535
263 536
263 537
263 539
263 540
263 543
263 544
263 545
263 549
263 552
263 553
263 555
263 556
263 558
263 560
263 561
263 564
263 565
263 566
263 567
263 568
263 570
263 572
263 573
263 574
263 576
263 579
263 580
263 584
263 586
263 590
263 591
263 593
263 596
263 600
263 601
263 605
263 606
263 608
263 609
263 610
263 611
263 618
263 625
263 633
263 634
263 635
263 636
263 639
263 640
263 643
263 645
263 648
263 649
263 653
263 654
263 656
263 657
263 658
263 659
263 661
263 663
263 665
263 666
263 669
263 670
263 671
263 672
263 673
263 675
263 678
263 681
263 682
263 685
263 686
263 687
263 689
263 691
263 693
263 695
263 701
263 704
263 705
263 706
263 707
263 709
263 712
263 714
263 717
263 726
263 727
263 729
263 731
263 733
263 734
263 736
263 738
263 739
263 740
263 743
263 745
263 747
263 748
263 750
263 752
263 757
263 758
263 760
263 761
263 762
263 763
263 764
263 767
263 768
263 769
263 770
263 771
263 775
263 776
263 779
263 781
263 782
263 783
263 785
263 786
263 787
263 788
263 790
263 791
263 792
263 794
263 796
263 797
263 800
263 801
263 802
263 803
263 805
263 807
263 814
263 816
263 819
263 822
263 824
263 826
263 827
263 828
263 829
263 832
263 833
263 834
263 835
263 836
263 838
263 839
263 843
263 847
263 849
263 850
263 853
263 855
263 857
263 858
263 859
263 860
263 863
263 864
263 865
263 866
263 869
263 874
263 875
263 876
263 878
263 879
263 881
263 883
263 885
263 886
263 887
263 888
263 890
263 893
263 895
263 896
263 899
263 900
263 902
263 903
263 904
263 906
263 910
263 913
263 917
263 922
263 925
263 929
263 930
263 931
263 933
263 934
263 937
263 938
263 939
263 942
263 944
263 945
263 946
263 947
263 948
263 949
263 951
263 953
263 955
263 956
263 957
263 960
263 962
263 963
263 966
263 972
263 973
263 977
263 978
263 979
263 980
263 987
263 988
263 991
263 992
263 994
263 996
263 998
263 999
263 1000
264 501
264 502
264 505
264 512
264 518
264 519
264 520
264 522
264 523
264 526
264 528
264 532
264 533
264 537
264 539
264 541
264 542
264 544
264 551
264 552
264 554
264 556
264 558
264 559
264 561
264 564
264 565
264 566
264 568
264 569
264 576
264 579
264 583
264 587
264 589
264 590
264 591
264 592
264 593
264 599
264 602
264 603
264 604
264 609
264 610
264 612
264 614
264 615
264 618
264 619
264 620
264 622
264 625
264 626
264 628
264 629
264 631
264 634
264 636
264 637
264 639
264 640
264 642
264 643
264 644
264 645
264 646
264 648
264 652
264 654
264 657
264 658
264 662
264 665
264 667
264 668
264 671
264 673
264 674
264 675
264 676
264 677
264 678
264 679
264 683
264 684
264 686
264 688
264 689
264 691
264 692
264 693
264 694
264 696
264 701
264 704
264 706
264 707
264 709
264 710
264 715
264 716
264 720
264 721
264 723
264 724
264 726
264 728
264 732
264 733
264 734
264 736
264 739
264 741
264 742
264 743
264 744
264 748
264 749
264 751
264 757
264 760
264 761
264 764
264 767
264 770
264 771
264 772
264 775
264 777
264 779
264 780
264 781
264 783
264 784
264 786
264 788
264 789
264 790
264 791
264 792
264 794
264 795
264 798
264 800
264 802
264 807
264 810
264 811
264 812
264 814
264 815
264 816
264 817
264 819
264 823
264 824
264 825
264 826
264 828
264 829
264 830
264 831
264 832
264 833
264 834
264 836
264 839
264 840
264 841
264 844
264 847
264 850
264 852
264 853
264 854
264 856
264 858
264 860
264 861
264 862
264 865
264 866
264 867
264 868
264 869
264 870
264 873
264 875
264 879
264 880
264 881
264 888
264 890
264 892
264 895
264 898
264 899
264 900
264 903
264 904
264 905
264 907
264 915
264 917
264 918
264 919
264 920
264 922
264 924
264 925
264 926
264 929
264 932
264 934
264 935
264 939
264 940
264 941
264 944
264 945
264 946
264 947
264 951
264 954
264 955
264 957
264 958
264 959
264 966
264 968
264 969
264 971
264 972
264 973
264 974
264 975
264 980
264 986
264 991
264 992
264 993
264 994
264 995
264 998
264 1000
265 501
265 503
265 508
265 510
265 513
265 517
265 521
265 525
265 527
265 528
265 529
265 531
265 532
265 533
265 534
265 535
265 538
265 539
265 540
265 541
265 542
265 545
265 546
265 547
265 549
265 553
265 558
265 559
265 561
265 563
265 565
265 566
265 567
265 568
265 569
265 570
265 572
265 573
265 576
265 578
265 580
265 581
265 582
265 584
265 586
265 588
265 589
265 590
265 592
265 593
265 595
265 600
265 602
265 606
265 609
265 610
265 613
265 614
265 616
265 617
265 618
265 620
265 622
265 623
265 629
265 630
265 631
265 635
265 636
265 637
265 639
265 641
265 642
265 643
265 645
265 647
265 653
265 655
265 656
265 657
265 658
265 660
265 662
265 663
265 664
265 665
265 666
265 669
265 670
265 671
265 672
265 674
265 675
265 676
265 680
265 681
265 682
265 686
265 690
265 691
265 692
265 695
265 696
265 697
265 698
265 699
265 701
265 706
265 707
265 708
265 709
265 713
265 715
265 718
265 719
265 722
265 723
265 728
265 729
265 735
265 736
265 737
265 740
265 741
265 742
265 744
265 747
265 749
265 751
265 752
265 753
265 755
265 757
265 758
265 759
265 762
265 764
265 766
265 767
265 768
265 771
265 775
265 781
265 782
265 783
265 788
265 790
265 791
265 796
265 797
265 798
265 801
265 803
265 804
265 805
265 806
265 807
265 809
265 813
265 815
265 818
265 824
265 826
265 832
265 833
265 836
265 837
265 839
265 840
265 844
265 847
265 848
265 849
265 850
265 851
265 853
265 854
265 855
265 857
265 859
265 861
265 863
265 864
265 866
265 867
265 869
265 870
265 873
265 874
265 875
265 877
265 878
265 880
265 882
265 883
265 885
265 886
265 887
265 888
265 891
265 892
265 894
265 896
265 897
265 898
265 899
265 900
265 903
265 904
265 906
265 907
265 910
265 911
265 913
265 914
265 915
265 919
265 920
265 921
265 922
265 924
265 930
265 931
265 932
265 933
265 936
265 938
265 943
265 944
265 945
265 947
265 948
265 950
265 951
265 952
265 958
265 959
265 960
265 962
265 963
265 966
265 967
265 968
265 970
265 972
265 973
265 976
265 978
265 979
265 982
265 983
265 984
265 985
265 986
265 987
265 991
265 992
265 996
265 997
265 998
265 999
266 502
266 503
266 504
266 505
266 507
266 508
266 510
266 512
266 513
266 514
266 515
266 516
266 519
266 520
266 521
266 522
266 523
266 524
266 526
266 527
266 528
266 529
266 530
266 531
266 532
266 533
266 535
266 536
266 538
266 539
266 540
266 542
266 543
266 544
266 547
266 548
266 549
266 554
266 556
266 558
266 559
266 561
266 562
266 563
266 564
266 566
266 567
266 568
266 570
266 572
266 574
266 578
266 579
266 589
266 591
266 592
266 593
266 596
266 597
266 598
266 599
266 600
266 601
266 602
266 604
266 605
266 607
266 608
266 609
266 610
266 611
266 612
266 613
266 614
266 620
266 621
266 623
266 625
266 629
266 632
266 633
266 635
266 637
266 638
266 639
266 644
266 649
266 650
266 653
266 655
266 657
266 659
266 661
266 662
266 668
266 671
266 672
266 673
266 674
266 677
266 679
266 681
266 682
266 685
266 689
266 693
266 696
266 697
266 699
266 701
266 703
266 705
266 707
266 708
266 709
266 711
266 714
266 717
266 718
266 720
266 722
266 723
266 724
266 725
266 726
266 729
266 730
266 731
266 736
266 742
266 744
266 748
266 749
266 750
266 751
266 755
266 756
266 764
266 767
266 768
266 769
266 772
266 776
266 777
266 779
266 780
266 781
266 782
266 785
266 786
266 787
266 789
266 791
266 793
266 794
266 799
266 802
266 803
266 805
266 806
266 807
266 808
266 811
266 813
266 814
266 815
266 821
266 823
266 824
266 826
266 828
266 830
266 832
266 833
266 835
266 836
266 837
266 838
266 842
266 844
266 845
266 846
266 847
266 848
266 849
266 850
266 851
266 853
266 854
266 855
266 856
266 859
266 860
266 862
266 863
266 866
266 867
266 869
266 870
266 871
266 874
266 875
266 880
266 882
266 884
266 885
266 887
266 888
266 889
266 890
266 891
266 892
266 893
266 894
266 899
266 903
266 905
266 907
266 910
266 911
266 912
266 913
266 914
266 918
266 921
266 923
266 933
266 934
266 935
266 936
266 942
266 943
266 945
266 947
266 948
266 951
266 953
266 955
266 956
266 957
266 959
266 961
266 962
266 963
266 965
266 969
266 970
266 971
266 972
266 974
266 975
266 977
266 979
266 982
266 983
266 984
266 989
266 992
266 994
266 998
267 501
267 502
267 504
267 506
267 510
267 513
267 514
267 517
267 518
267 519
267 521
267 523
267 525
267 530
267 531
267 532
267 533
267 537
267 539
267 540
267 541
267 542
267 543
267 544
267 545
267 548
267 556
267 557
267 558
267 559
267 560
267 562
267 566
267 568
267 570
267 571
267 572
267 573
267 575
267 577
267 578
267 580
267 582
267 585
267 587
267 588
267 589
267 590
267 592
267 593
267 602
267 604
267 605
267 609
267 611
267 615
267 616
267 618
267 619
267 620
267 622
267 628
267 630
267 634
267 637
267 638
267 642
267 648
267 650
267 651
267 653
267 654
267 655
267 657
267 659
267 665
267 667
267 669
267 670
267 676
267 678
267 679
267 680
267 682
267 684
267 685
267 690
267 691
267 692
267 694
267 695
267 696
267 697
267 698
267 700
267 702
267 703
267 704
267 708
267 709
267 710
267 713
267 716
267 719
267 720
267 722
267 723
267 725
267 729
267 730
267 731
267 732
267 737
267 738
267 739
267 740
267 742
267 743
267 744
267 745
267 749
267 751
267 756
267 761
267 762
267 763
267 764
267 766
267 768
267 771
267 772
267 773
267 774
267 775
267 777
267 778
267 779
267 780
267 781
267 782
267 784
267 785
267 786
267 787
267 788
267 789
267 791
267 793
267 794
267 795
267 797
267 800
267 801
267 802
267 806
267 807
267 808
267 809
267 811
267 815
267 817
267 818
267 822
267 823
267 825
267 826
267 830
267 832
267 837
267 839
267 842
267 843
267 844
267 849
267 854
267 855
267 857
267 863
267 864
267 865
267 866
267 867
267 874
267 875
267 876
267 880
267 884
267 886
267 890
267 893
267 895
267 896
267 898
267 900
267 906
267 907
267 911
267 914
267 916
267 919
267 921
267 923
267 928
267 929
267 931
267 932
267 933
267 937
267 938
267 947
267 951
267 952
267 953
267 955
267 957
267 962
267 963
267 966
267 967
267 968
267 969
267 975
267 979
267 981
267 982
267 987
267 988
267 993
267 994
267 996
267 997
267 1000
268 501
268 502
268 507
268 508
268 509
268 510
268 512
268 513
268 518
268 520
268 523
268 524
268 525
268 526
268 527
268 528
268 529
268 531
268 533
268 534
268 537
268 538
268 539
268 541
268 543
268 545
268 546
268 548
268 555
268 557
268 558
268 559
268 561
268 562
268 565
268 570
268 571
268 572
268 573
268 577
268 579
268 581
268 582
268 588
268 590
268 593
268 598
268 599
268 600
268 601
268 602
268 603
268 604
268 606
268 607
268 610
268 611
268 612
268 613
268 614
268 616
268 617
268 618
268 619
268 621
268 625
268 630
268 631
268 633
268 634
268 636
268 637
268 641
268 642
268 646
268 647
268 648
268 653
268 657
268 659
268 660
268 663
268 666
268 668
268 669
268 670
268 673
268 674
268 676
268 681
268 682
268 685
268 686
268 691
268 693
268 694
268 695
268 697
268 698
268 699
268 700
268 703
268 705
268 706
268 712
268 716
268 718
268 723
268 724
268 727
268 732
268 736
268 737
268 738
268 739
268 740
268 742
268 743
268 745
268 746
268 750
268 752
268 754
268 756
268 759
268 760
268 762
268 764
268 766
268 767
268 769
268 770
268 772
268 780
268 781
268 783
268 784
268 785
268 789
268 790
268 791
268 792
268 794
268 796
268 797
268 799
268 800
268 804
268 807
268 808
268 812
268 814
268 816
268 817
268 818
268 819
268 822
268 824
268 825
268 826
268 827
268 831
268 836
268 838
268 839
268 840
268 841
268 843
268 845
268 850
268 851
268 852
268 854
268 857
268 859
268 860
268 861
268 864
268 865
268 866
268 868
268 872
268 874
268 875
268 877
268 878
268 879
268 880
268 885
268 887
268 889
268 891
268 894
268 895
268 897
268 898
268 899
268 900
268 901
268 904
268 908
268 909
268 911
268 912
268 913
268 914
268 917
268 918
268 923
268 924
268 925
268 926
268 928
268 929
268 933
268 934
268 937
268 939
268 942
268 944
268 946
268 947
268 949
268 952
268 953
268 954
268 955
268 957
268 959
268 964
268 966
268 972
268 973
268 974
268 975
268 976
268 977
268 980
268 981
268 983
268 984
268 985
268 987
268 988
268 989
268 990
268 991
268 992
268 994
268 996
268 997
268 1000
269 501
269 503
269 504
269 505
269 507
269 511
269 512
269 514
269 518
269 520
269 523
269 526
269 527
269 528
269 529
269 532
269 533
269 534
269 535
269 536
269 537
269 539
269 543
269 546
269 547
269 549
269 553
269 561
269 565
269 568
269 574
269 575
269 577
269 578
269 580
269 581
269 583
269 584
269 587
269 589
269 592
269 594
269 597
269 599
269 601
269 603
269 606
269 607
269 609
269 611
269 612
269 614
269 617
269 618
269 619
269 621
269 622
269 623
269 633
269 634
269 639
269 641
269 642
269 645
269 646
269 652
269 653
269 654
269 657
269 658
269 662
269 669
269 673
269 674
269 675
269 676
269 677
269 681
269 682
269 683
269 688
269 690
269 692
269 693
269 694
269 695
269 696
269 699
269 701
269 702
269 703
269 704
269 705
269 706
269 707
269 710
269 712
269 713
269 715
269 716
269 718
269 719
269 720
269 722
269 725
269 729
269 734
269 738
269 744
269 746
269 749
269 751
269 752
269 753
269 754
269 757
269 758
269 759
269 761
269 763
269 764
269 767
269 771
269 776
269 778
269 781
269 782
269 783
269 785
269 786
269 788
269 789
269 792
269 794
269 795
269 800
269 807
269 811
269 814
269 815
269 816
269 819
269 820
269 823
269 825
269 830
269 832
269 833
269 834
269 836
269 837
269 841
269 842
269 843
269 845
269 846
269 847
269 848
269 851
269 852
269 854
269 858
269 859
269 860
269 861
269 862
269 864
269 868
269 869
269 871
269 872
269 877
269 881
269 882
269 888
269 889
269 890
269 891
269 893
269 894
269 895
269 896
269 899
269 900
269 903
269 905
269 913
269 915
269 917
269 918
269 923
269 925
269 927
269 929
269 932
269 933
269 935
269 937
269 945
269 948
269 951
269 953
269 954
269 957
269 962
269 966
269 970
269 971
269 972
269 974
269 978
269 979
269 980
269 981
269 984
269 985
269 986
269 987
269 988
269 991
269 992
269 995
269 996
269 997
269 998
270 501
270 502
270 503
270 505
270 507
270 512
270 514
270 515
270 517
270 520
270 525
270 526
270 527
270 529
270 530
270 533
270 535
270 540
270 542
270 543
270 544
270 546
270 547
270 548
270 551
270 553
270 554
270 555
270 556
270 557
270 559
270 560
270 561
270 562
270 563
270 565
270 568
270 570
270 572
270 573
270 574
270 575
270 576
270 577
270 581
270 582
270 583
270 584
270 585
270 588
270 590
270 591
270 601
270 602
270 604
270 608
270 609
270 610
270 611
270 612
270 614
270 615
270 616
270 618
270 619
270 622
270 624
270 627
270 628
270 630
270 631
270 634
270 636
270 638
270 641
270 642
270 643
270 646
270 650
270 651
270 655
270 666
270 667
270 668
270 669
270 670
270 672
270 673
270 675
270 677
270 678
270 679
270 680
270 683
270 684
270 689
270 690
270 691
270 694
270 695
270 697
270 698
270 699
270 701
270 702
270 705
270 706
270 710
270 711
270 712
270 713
270 714
270 715
270 717
270 718
270 719
270 724
270 726
270 730
270 731
270 737
270 738
270 741
270 742
270 745
270 746
270 748
270 749
270 750
270 751
270 753
270 755
270 757
270 758
270 759
270 761
270 763
270 765
270 766
270 768
270 773
270 774
270 775
270 777
270 780
270 781
270 782
270 784
270 786
270 787
270 789
270 790
270 793
270 796
270 801
270 802
270 803
270 804
270 805
270 806
270 807
270 808
270 810
270 811
270 813
270 818
270 819
270 821
270 822
270 824
270 828
270 829
270 830
270 831
270 832
270 836
270 838
270 839
270 840
270 841
270 843
270 846
270 847
270 848
270 849
270 853
270 856
270 857
270 859
270 860
270 865
270 867
270 868
270 870
270 875
270 876
270 880
270 886
270 888
270 889
270 890
270 894
270 896
270 897
270 898
270 906
270 907
270 908
270 911
270 912
270 915
270 917
270 918
270 919
270 922
270 932
270 933
270 934
270 935
270 940
270 941
270 942
270 943
270 946
270 948
270 950
270 952
270 954
270 958
270 959
270 962
270 963
270 965
270 966
270 970
270 971
270 972
270 973
270 975
270 976
270 977
270 978
270 979
270 981
270 983
270 984
270 985
270 987
270 988
270 992
270 995
270 996
270 998
270 999
270 1000
271 505
271 506
271 509
271 510
271 511
271 512
271 513
271 514
271 519
271 521
271 522
271 523
271 524
271 527
271 531
271 532
271 533
271 534
271 535
271 539
271 540
271 542
271 543
271 544
271 545
271 546
271 547
271 548
271 549
271 551
271 552
271 553
271 554
271 557
271 558
271 560
271 561
271 562
271 563
271 564
271 567
271 568
271 571
271 572
271 573
271 574
271 575
271 576
271 577
271 579
271 580
271 585
271 586
271 587
271 588
271 589
271 591
271 594
271 595
271 598
271 599
271 600
271 601
271 603
271 606
271 608
271 609
271 611
271 612
271 614
271 615
271 616
271 620
271 621
271 622
271 625
271 627
271 629
271 631
271 632
271 635
271 639
271 640
271 641
271 642
271 646
271 648
271 649
271 651
271 654
271 658
271 659
271 660
271 661
271 662
271 665
271 667
271 669
271 671
271 672
271 675
271 677
271 679
271 680
271 685
271 687
271 689
271 691
271 693
271 694
271 696
271 698
271 700
271 702
271 707
271 708
271 709
271 710
271 711
271 712
271 714
271 715
271 717
271 718
271 720
271 723
271 726
271 730
271 731
271 734
271 735
271 737
271 738
271 740
271 742
271 744
271 745
271 747
271 748
271 751
271 753
271 755
271 756
271 757
271 759
271 762
271 764
271 765
271 766
271 771
271 772
271 773
271 774
271 775
271 776
271 779
271 780
271 783
271 786
271 787
271 788
271 789
271 793
271 795
271 796
271 797
271 803
271 806
271 809
271 810
271 811
271 814
271 817
271 820
271 825
271 826
271 828
271 830
271 831
271 835
271 836
271 837
271 838
271 839
271 842
271 845
271 847
271 848
271 849
271 850
271 851
271 853
271 856
271 858
271 859
271 862
271 864
271 867
271 869
271 871
271 873
271 874
271 875
271 876
271 877
271 880
271 881
271 883
271 884
271 886
271 888
271 889
271 890
271 892
271 899
271 901
271 902
271 905
271 907
271 909
271 910
271 913
271 914
271 918
271 919
271 921
271 923
271 926
271 930
271 931
271 932
271 933
271 936
271 938
271 939
271 940
271 942
271 944
271 945
271 947
271 948
271 950
271 952
271 953
271 954
271 955
271 959
271 961
271 965
271 967
271 970
271 971
271 972
271 973
271 974
271 976
271 977
271 978
271 981
271 983
271 984
271 986
271 992
271 993
271 996
271 997
271 998
271 999
271 1000
272 502
272 503
272 505
272 506
272 508
272 510
272 511
272 512
272 515
272 517
272 519
272 521
272 524
272 526
272 527
272 528
272 530
272 531
272 532
272 534
272 535
272 539
272 540
272 542
272 544
272 545
272 546
272 549
272 550
272 551
272 553
272 555
272 556
272 557
272 560
272 563
272 564
272 565
272 569
272 571
272 572
272 573
272 575
272 576
272 580
272 581
272 583
272 584
272 585
272 586
272 588
272 589
272 590
272 592
272 593
272 598
272 602
272 603
272 605
272 607
272 608
272 609
272 610
272 612
272 613
272 614
272 617
272 618
272 619
272 620
272 625
272 627
272 628
272 629
272 630
272 632
272 633
272 634
272 638
272 639
272 640
272 642
272 644
272 646
272 649
272 651
272 652
272 656
272 657
272 658
272 660
272 662
272 663
272 664
272 665
272 670
272 671
272 674
272 676
272 677
272 681
272 684
272 688
272 689
272 691
272 695
272 697
272 702
272 706
272 707
272 708
272 714
272 716
272 717
272 718
272 720
272 721
272 726
272 729
272 733
272 734
272 735
272 739
272 741
272 742
272 743
272 746
272 747
272 748
272 749
272 751
272 752
272 753
272 758
272 759
272 761
272 763
272 764
272 765
272 766
272 767
272 768
272 770
272 773
272 776
272 777
272 778
272 779
272 781
272 782
272 788
272 789
272 790
272 794
272 795
272 797
272 799
272 801
272 803
272 804
272 805
272 807
272 808
272 809
272 813
272 821
272 822
272 823
272 824
272 829
272 831
272 833
272 834
272 835
272 836
272 838
272 839
272 841
272 842
272 844
272 845
272 848
272 851
272 852
272 853
272 856
272 857
272 858
272 859
272 860
272 861
272 862
272 863
272 864
272 865
272 868
272 871
272 872
272 873
272 880
272 882
272 884
272 885
272 886
272 889
272 890
272 891
272 892
272 893
272 894
272 895
272 896
272 898
272 900
272 902
272 905
272 906
272 907
272 908
272 909
272 911
272 912
272 913
272 915
272 916
272 918
272 920
272 923
272 924
272 926
272 927
272 928
272 929
272 930
272 933
272 935
272 936
272 937
272 938
272 939
272 941
272 945
272 947
272 948
272 949
272 951
272 952
272 954
272 955
272 958
272 959
272 961
272 962
272 963
272 964
272 967
272 973
272 974
272 975
272 979
272 980
272 981
272 984
272 985
272 989
272 993
272 998
272 999
272 1000
273 505
273 506
273 507
273 509
273 512
273 513
273 517
273 520
273 521
273 522
273 523
273 524
273 530
273 533
273 536
273 538
273 539
273 540
273 542
273 544
273 545
273 546
273 548
273 549
273 559
273 561
273 562
273 563
273 564
273 565
273 566
273 569
273 571
273 572
273 576
273 581
273 582
273 583
273 585
273 586
273 588
273 589
273 590
273 592
273 593
273 594
273 597
273 599
273 603
273 606
273 607
273 608
273 609
273 610
273 612
273 613
273 614
273 615
273 617
273 619
273 620
273 621
273 624
273 625
273 627
273 629
273 631
273 635
273 637
273 638
273 639
273 642
273 644
273 646
273 650
273 651
273 653
273 656
273 659
273 660
273 661
273 663
273 665
273 666
273 668
273 669
273 673
273 674
273 676
273 681
273 682
273 683
273 684
273 687
273 688
273 692
273 693
273 695
273 696
273 699
273 700
273 702
273 705
273 707
273 709
273 710
273 713
273 714
273 715
273 716
273 717
273 718
273 720
273 722
273 723
273 725
273 726
273 732
273 735
273 736
273 738
273 741
273 742
273 743
273 744
273 745
273 746
273 747
273 748
273 749
273 751
273 752
273 753
273 755
273 757
273 758
273 761
273 762
273 763
273 764
273 766
273 768
273 769
273 771
273 772
273 775
273 776
273 778
273 780
273 783
273 786
273 789
273 792
273 795
273 797
273 798
273 799
273 800
273 803
273 804
273 805
273 806
273 808
273 811
273 813
273 814
273 817
273 819
273 821
273 825
273 831
273 832
273 833
273 834
273 835
273 838
273 839
273 840
273 843
273 844
273 845
273 851
273 852
273 853
273 854
273 855
273 856
273 858
273 862
273 866
273 869
273 870
273 873
273 875
273 876
273 882
273 883
273 884
273 889
273 891
273 892
273 896
273 897
273 899
273 901
273 902
273 904
273 905
273 906
273 907
273 908
273 910
273 912
273 914
273 915
273 918
273 919
273 920
273 924
273 925
273 927
273 931
273 932
273 933
273 934
273 935
273 937
273 939
273 940
273 941
273 942
273 945
273 946
273 951
273 953
273 958
273 959
273 960
273 961
273 963
273 964
273 965
273 966
273 967
273 968
273 973
273 974
273 976
273 977
273 978
273 979
273 981
273 982
273 985
273 990
273 991
273 995
273 996
273 998
273 1000
274 502
274 503
274 505
274 506
274 510
274 511
274 513
274 514
274 515
274 516
274 519
274 521
274 523
274 524
274 528
274 531
274 533
274 534
274 535
274 536
274 537
274 539
274 540
274 542
274 544
274 545
274 547
274 548
274 550
274 552
274 553
274 556
274 560
274 565
274 566
274 567
274 568
274 570
274 571
274 572
274 573
274 574
274 575
274 576
274 577
274 579
274 581
274 583
274 584
274 585
274 587
274 591
274 592
274 593
274 594
274 595
274 596
274 597
274 599
274 600
274 601
274 602
274 605
274 606
274 609
274 613
274 617
274 618
274 622
274 624
274 627
274 628
274 629
274 633
274 635
274 641
274 643
274 644
274 645
274 647
274 649
274 651
274 652
274 654
274 658
274 660
274 662
274 665
274 668
274 669
274 671
274 673
274 674
274 676
274 677
274 678
274 683
274 684
274 685
274 686
274 687
274 689
274 690
274 691
274 692
274 694
274 696
274 697
274 699
274 704
274 705
274 706
274 707
274 710
274 711
274 714
274 715
274 719
274 720
274 721
274 723
274 726
274 729
274 730
274 733
274 734
274 739
274 740
274 742
274 743
274 745
274 747
274 749
274 752
274 754
274 759
274 760
274 761
274 763
274 764
274 765
274 766
274 768
274 769
274 772
274 774
274 775
274 777
274 778
274 779
274 780
274 781
274 782
274 784
274 788
274 789
274 790
274 791
274 792
274 796
274 797
274 799
274 800
274 801
274 802
274 803
274 806
274 807
274 809
274 810
274 812
274 813
274 814
274 815
274 816
274 820
274 821
274 822
274 823
274 828
274 830
274 834
274 837
274 838
274 843
274 845
274 850
274 851
274 852
274 853
274 854
274 857
274 858
274 860
274 861
274 866
274 870
274 872
274 873
274 875
274 877
274 878
274 881
274 882
274 885
274 887
274 888
274 890
274 891
274 893
274 896
274 898
274 899
274 900
274 904
274 905
274 907
274 909
274 911
274 913
274 914
274 915
274 918
274 919
274 920
274 921
274 922
274 923
274 925
274 927
274 930
274 931
274 932
274 933
274 934
274 937
274 938
274 942
274 945
274 947
274 948
274 949
274 951
274 956
274 958
274 959
274 960
274 964
274 965
274 969
274 974
274 976
274 978
274 979
274 980
274 981
274 982
274 983
274 984
274 989
274 991
274 992
274 993
274 996
274 997
274 999
274 1000
275 501
275 502
275 503
275 509
275 511
275 512
275 514
275 516
275 517
275 520
275 522
275 524
275 526
275 532
275 534
275 535
275 538
275 539
275 540
275 541
275 542
275 543
275 544
275 550
275 554
275 557
275 558
275 560
275 561
275 562
275 563
275 567
275 568
275 570
275 572
275 574
275 575
275 576
275 577
275 578
275 580
275 581
275 585
275 586
275 587
275 589
275 590
275 591
275 592
275 598
275 603
275 606
275 607
275 608
275 610
275 612
275 615
275 616
275 618
275 622
275 626
275 629
275 630
275 631
275 633
275 634
275 636
275 637
275 638
275 639
275 643
275 645
275 648
275 649
275 651
275 652
275 654
275 656
275 657
275 659
275 662
275 663
275 665
275 666
275 668
275 670
275 672
275 673
275 677
275 681
275 683
275 685
275 688
275 689
275 691
275 694
275 697
275 698
275 700
275 701
275 704
275 705
275 708
275 711
275 714
275 715
275 717
275 718
275 719
275 724
275 725
275 730
275 731
275 735
275 738
275 739
275 740
275 746
275 747
275 748
275 755
275 758
275 761
275 764
275 765
275 766
275 767
275 768
275 771
275 774
275 778
275 779
275 780
275 782
275 784
275 787
275 788
275 791
275 794
275 796
275 798
275 799
275 800
275 801
275 802
275 803
275 807
275 810
275 813
275 815
275 817
275 818
275 820
275 821
275 822
275 823
275 825
275 826
275 827
275 829
275 831
275 835
275 837
275 840
275 843
275 844
275 845
275 848
275 849
275 851
275 853
275 857
275 860
275 862
275 863
275 865
275 867
275 872
275 878
275 882
275 883
275 884
275 885
275 887
275 888
275 889
275 898
275 901
275 903
275 904
275 906
275 907
275 909
275 911
275 912
275 917
275 919
275 921
275 922
275 923
275 924
275 925
275 926
275 927
275 928
275 929
275 930
275 934
275 937
275 941
275 942
275 944
275 946
275 947
275 948
275 949
275 951
275 956
275 959
275 965
275 969
275 971
275 972
275 973
275 974
275 975
275 976
275 977
275 978
275 979
275 980
275 982
275 984
275 986
275 987
275 989
275 990
275 991
275 993
275 995
275 996
275 999
275 1000
276 501
276 502
276 503
276 505
276 506
276 507
276 510
276 512
276 517
276 519
276 521
276 522
276 523
276 527
276 528
276 529
276 530
276 531
276 532
276 533
276 534
276 536
276 537
276 538
276 539
276 541
276 543
276 545
276 547
276 549
276 552
276 554
276 560
276 561
276 563
276 564
276 567
276 569
276 573
276 576
276 577
276 579
276 580
276 582
276 583
276 586
276 587
276 589
276 590
276 591
276 592
276 593
276 595
276 602
276 603
276 606
276 607
276 608
276 610
276 611
276 613
276 614
276 618
276 619
276 622
276 623
276 626
276 627
276 628
276 629
276 632
276 633
276 635
276 636
276 637
276 638
276 639
276 640
276 641
276 644
276 645
276 647
276 649
276 651
276 654
276 658
276 660
276 663
276 665
276 666
276 671
276 673
276 675
276 677
276 680
276 682
276 683
276 684
276 685
276 692
276 697
276 699
276 703
276 705
276 708
276 711
276 712
276 713
276 716
276 717
276 721
276 722
276 723
276 725
276 728
276 730
276 733
276 735
276 736
276 737
276 740
276 741
276 743
276 744
276 746
276 747
276 751
276 752
276 755
276 757
276 761
276 762
276 763
276 765
276 766
276 768
276 769
276 770
276 773
276 774
276 776
276 777
276 778
276 779
276 781
276 785
276 788
276 789
276 790
276 792
276 793
276 794
276 798
276 799
276 800
276 804
276 808
276 809
276 813
276 814
276 815
276 816
276 818
276 822
276 824
276 826
276 827
276 828
276 829
276 830
276 832
276 834
276 836
276 837
276 841
276 842
276 843
276 846
276 847
276 849
276 850
276 853
276 858
276 859
276 860
276 861
276 863
276 864
276 866
276 867
276 870
276 871
276 872
276 873
276 876
276 877
276 881
276 882
276 883
276 884
276 887
276 888
276 891
276 892
276 893
276 894
276 895
276 899
276 901
276 902
276 903
276 905
276 906
276 908
276 909
276 910
276 912
276 918
276 919
276 920
276 922
276 923
276 926
276 928
276 929
276 931
276 934
276 935
276 936
276 939
276 940
276 946
276 947
276 948
276 950
276 951
276 954
276 955
276 956
276 957
276 959
276 963
276 965
276 966
276 970
276 971
276 974
276 977
276 979
276 982
276 984
276 986
276 987
276 988
276 989
276 990
276 991
276 992
276 996
276 999
276 1000
277 504
277 506
277 509
277 510
277 511
277 513
277 514
277 515
277 517
277 518
277 520
277 521
277 522
277 523
277 525
277 528
277 530
277 531
277 533
277 534
277 536
277 538
277 541
277 543
277 544
277 548
277 549
277 550
277 551
277 558
277 559
277 560
277 562
277 563
277 564
277 565
277 566
277 569
277 571
277 574
277 575
277 577
277 578
277 580
277 581
277 585
277 588
277 590
277 593
277 594
277 595
277 596
277 597
277 601
277 602
277 603
277 606
277 608
277 611
277 612
277 613
277 614
277 615
277 616
277 619
277 623
277 624
277 625
277 626
277 627
277 629
277 630
277 631
277 636
277 640
277 641
277 642
277 645
277 648
277 650
277 651
277 654
277 655
277 656
277 657
277 659
277 660
277 662
277 664
277 665
277 666
277 669
277 671
277 672
277 675
277 676
277 681
277 682
277 684
277 691
277 692
277 694
277 695
277 697
277 699
277 701
277 702
277 706
277 709
277 710
277 711
277 716
277 720
277 724
277 725
277 728
277 729
277 733
277 734
277 735
277 736
277 737
277 740
277 741
277 742
277 743
277 744
277 750
277 751
277 753
277 756
277 763
277 766
277 767
277 768
277 769
277 770
277 771
277 782
277 784
277 785
277 786
277 787
277 789
277 790
277 791
277 792
277 796
277 798
277 799
277 801
277 803
277 806
277 807
277 808
277 811
277 812
277 815
277 816
277 819
277 820
277 821
277 822
277 823
277 824
277 825
277 832
277 836
277 838
277 841
277 844
277 851
277 853
277 856
277 857
277 858
277 861
277 863
277 869
277 871
277 872
277 873
277 874
277 876
277 878
277 880
277 881
277 882
277 883
277 887
277 890
277 891
277 897
277 900
277 902
277 908
277 909
277 911
277 913
277 917
277 923
277 925
277 926
277 927
277 929
277 930
277 931
277 932
277 936
277 937
277 942
277 943
277 944
277 946
277 947
277 948
277 955
277 957
277 958
277 959
277 961
277 962
277 963
277 964
277 965
277 966
277 969
277 970
277 971
277 972
277 974
277 975
277 978
277 980
277 983
277 984
277 985
277 988
277 989
277 992
277 993
277 994
277 996
277 997
277 998
277 999
277 1000
278 501
278 504
278 505
278 508
278 509
278 513
278 514
278 515
278 517
278 518
278 520
278 521
278 522
278 523
278 527
278 529
278 532
278 534
278 535
278 538
278 542
278 544
278 547
278 548
278 551
278 552
278 553
278 555
278 556
278 557
278 561
278 562
278 563
278 564
278 565
278 566
278 567
278 573
278 577
278 579
278 581
278 582
278 583
278 585
278 586
278 587
278 588
278 590
278 593
278 596
278 598
278 601
278 602
278 603
278 604
278 605
278 608
278 610
278 611
278 612
278 615
278 616
278 617
278 619
278 622
278 623
278 625
278 628
278 629
278 631
278 632
278 633
278 635
278 636
278 637
278 642
278 643
278 644
278 645
278 649
278 651
278 652
278 653
278 655
278 656
278 657
278 659
278 661
278 662
278 668
278 669
278 671
278 672
278 673
278 674
278 675
278 676
278 677
278 678
278 681
278 688
278 689
278 691
278 692
278 693
278 694
278 695
278 696
278 697
278 698
278 700
278 701
278 704
278 705
278 712
278 713
278 720
278 723
278 726
278 728
278 730
278 732
278 733
278 734
278 736
278 740
278 745
278 746
278 747
278 749
278 750
278 751
278 752
278 754
278 757
278 758
278 760
278 761
278 762
278 767
278 768
278 770
278 771
278 774
278 777
278 778
278 781
278 782
278 784
278 785
278 786
278 788
278 790
278 795
278 796
278 798
278 800
278 808
278 810
278 812
278 815
278 816
278 817
278 818
278 819
278 821
278 823
278 824
278 826
278 834
278 838
278 841
278 842
278 844
278 849
278 852
278 855
278 860
278 862
278 863
278 864
278 865
278 869
278 870
278 871
278 877
278 878
278 879
278 882
278 884
278 885
278 887
278 890
278 891
278 895
278 896
278 897
278 898
278 902
278 908
278 910
278 911
278 912
278 913
278 914
278 916
278 920
278 922
278 925
278 927
278 928
278 929
278 930
278 939
278 940
278 941
278 945
278 946
278 952
278 954
278 955
278 956
278 957
278 959
278 960
278 962
278 965
278 966
278 968
278 970
278 971
278 972
278 973
278 978
278 979
278 980
278 981
278 984
278 985
278 986
278 987
278 989
278 992
278 993
278 995
278 1000
279 501
279 503
279 504
279 505
279 506
279 507
279 508
279 511
279 515
279 516
279 517
279 518
279 519
279 520
279 521
279 523
279 524
279 526
279 529
279 531
279 532
279 533
279 538
279 540
279 543
279 544
279 545
279 546
279 547
279 548
279 550
279 553
279 556
279 557
279 559
279 562
279 566
279 567
279 568
279 569
279 574
279 578
279 582
279 583
279 584
279 585
279 586
279 587
279 588
279 590
279 591
279 593
279 595
279 596
279 598
279 599
279 600
279 602
279 605
279 607
279 608
279 611
279 617
279 623
279 624
279 626
279 627
279 629
279 630
279 631
279 632
279 633
279 636
279 637
279 641
279 642
279 644
279 648
279 649
279 650
279 651
279 652
279 654
279 657
279 658
279 662
279 663
279 665
279 667
279 669
279 670
279 671
279 673
279 675
279 676
279 678
279 679
279 680
279 681
279 686
279 688
279 690
279 691
279 692
279 698
279 699
279 702
279 703
279 704
279 707
279 711
279 712
279 714
279 715
279 716
279 720
279 721
279 723
279 724
279 725
279 726
279 727
279 728
279 735
279 736
279 738
279 739
279 740
279 741
279 744
279 748
279 749
279 751
279 752
279 755
279 756
279 757
279 758
279 759
279 762
279 764
279 766
279 767
279 769
279 771
279 772
279 774
279 776
279 777
279 779
279 780
279 782
279 785
279 786
279 789
279 790
279 798
279 800
279 801
279 804
279 806
279 808
279 809
279 812
279 813
279 814
279 815
279 817
279 820
279 822
279 825
279 828
279 829
279 830
279 831
279 832
279 835
279 836
279 838
279 840
279 842
279 843
279 844
279 846
279 848
279 849
279 850
279 851
279 854
279 856
279 857
279 858
279 859
279 863
279 864
279 866
279 867
279 868
279 869
279 870
279 871
279 876
279 877
279 881
279 882
279 883
279 884
279 885
279 892
279 896
279 899
279 900
279 901
279 902
279 903
279 906
279 907
279 908
279 910
279 911
279 913
279 914
279 915
279 917
279 926
279 931
279 932
279 934
279 935
279 936
279 939
279 945
279 949
279 952
279 953
279 954
279 955
279 956
279 957
279 958
279 959
279 963
279 967
279 968
279 970
279 973
279 974
279 975
279 977
279 983
279 986
279 988
279 989
279 993
279 994
279 995
279 999
279 1000
280 503
280 505
280 506
280 507
280 508
280 509
280 510
280 511
280 512
280 514
280 516
280 517
280 520
280 522
280 523
280 525
280 526
280 529
280 531
280 532
280 533
280 535
280 537
280 538
280 544
280 545
280 546
280 547
280 549
280 550
280 552
280 554
280 555
280 556
280 558
280 561
280 562
280 563
280 565
280 566
280 568
280 571
280 572
280 573
280 574
280 580
280 581
280 582
280 584
280 585
280 589
280 591
280 592
280 593
280 594
280 595
280 596
280 601
280 604
280 607
280 609
280 610
280 611
280 612
280 613
280 614
280 615
280 617
280 619
280 620
280 622
280 623
280 625
280 630
280 631
280 632
280 636
280 637
280 638
280 639
280 640
280 641
280 644
280 649
280 650
280 651
280 653
280 655
280 658
280 660
280 661
280 662
280 663
280 664
280 665
280 666
280 669
280 674
280 677
280 678
280 683
280 686
280 688
280 689
280 690
280 694
280 696
280 697
280 698
280 699
280 701
280 702
280 703
280 707
280 710
280 711
280 713
280 717
280 718
280 720
280 723
280 724
280 725
280 727
280 728
280 730
280 732
280 735
280 737
280 738
280 741
280 742
280 743
280 744
280 745
280 746
280 748
280 751
280 753
280 755
280 756
280 760
280 762
280 764
280 766
280 767
280 768
280 770
280 771
280 773
280 774
280 776
280 777
280 779
280 780
280 781
280 783
280 785
280 786
280 789
280 790
280 791
280 796
280 798
280 799
280 800
280 803
280 804
280 806
280 807
280 808
280 810
280 811
280 814
280 817
280 820
280 822
280 824
280 827
280 829
280 830
280 836
280 837
280 846
280 847
280 848
280 850
280 851
280 853
280 857
280 859
280 860
280 861
280 862
280 865
280 866
280 869
280 872
280 876
280 878
280 880
280 884
280 885
280 886
280 887
280 888
280 889
280 890
280 891
280 893
280 900
280 902
280 904
280 906
280 907
280 908
280 910
280 911
280 912
280 913
280 915
280 916
280 917
280 918
280 920
280 921
280 922
280 923
280 925
280 926
280 927
280 929
280 931
280 933
280 934
280 936
280 941
280 942
280 945
280 947
280 948
280 950
280 951
280 952
280 953
280 954
280 957
280 959
280 960
280 961
280 962
280 963
280 964
280 965
280 966
280 968
280 969
280 971
280 976
280 979
280 980
280 981
280 989
280 990
280 991
280 993
280 995
280 997
280 998
281 501
281 502
281 504
281 505
281 507
281 508
281 509
281 512
281 515
281 516
281 517
281 519
281 523
281 526
281 528
281 530
281 531
281 533
281 534
281 536
281 539
281 540
281 541
281 543
281 544
281 546
281 547
281 548
281 549
281 551
281 552
281 554
281 555
281 556
281 558
281 560
281 563
281 564
281 565
281 568
281 571
281 572
281 574
281 576
281 577
281 579
281 581
281 584
281 586
281 587
281 590
281 591
281 594
281 595
281 596
281 597
281 598
281 601
281 602
281 603
281 605
281 608
281 609
281 611
281 612
281 613
281 615
281 616
281 618
281 619
281 622
281 623
281 627
281 628
281 629
281 630
281 632
281 634
281 639
281 642
281 647
281 651
281 652
281 653
281 654
281 655
281 656
281 660
281 662
281 663
281 664
281 665
281 666
281 670
281 671
281 672
281 673
281 674
281 678
281 679
281 684
281 685
281 687
281 688
281 689
281 691
281 692
281 698
281 699
281 700
281 704
281 706
281 707
281 708
281 710
281 712
281 713
281 715
281 720
281 721
281 725
281 727
281 732
281 734
281 735
281 736
281 737
281 740
281 744
281 745
281 746
281 749
281 751
281 753
281 754
281 755
281 756
281 760
281 761
281 762
281 763
281 764
281 765
281 768
281 771
281 772
281 774
281 778
281 781
281 782
281 783
281 784
281 787
281 789
281 793
281 796
281 797
281 799
281 803
281 805
281 806
281 808
281 810
281 813
281 816
281 817
281 822
281 823
281 825
281 832
281 834
281 837
281 841
281 843
281 849
281 850
281 853
281 854
281 855
281 858
281 860
281 861
281 862
281 863
281 864
281 865
281 866
281 867
281 869
281 871
281 872
281 873
281 874
281 875
281 876
281 878
281 883
281 885
281 886
281 890
281 892
281 893
281 896
281 897
281 900
281 901
281 902
281 903
281 906
281 907
281 908
281 909
281 910
281 913
281 914
281 916
281 919
281 920
281 921
281 922
281 926
281 938
281 941
281 943
281 945
281 946
281 950
281 954
281 957
281 963
281 966
281 968
281 972
281 976
281 978
281 980
281 982
281 983
281 984
281 985
281 986
281 988
281 989
281 992
281 993
281 995
281 997
281 998
282 505
282 506
282 508
282 510
282 512
282 513
282 514
282 523
282 524
282 525
282 526
282 527
282 534
282 535
282 536
282 538
282 541
282 544
282 545
282 546
282 550
282 552
282 554
282 559
282 561
282 562
282 563
282 564
282 565
282 567
282 568
282 570
282 571
282 572
282 574
282 577
282 578
282 580
282 582
282 586
282 587
282 588
282 589
282 590
282 591
282 599
282 603
282 604
282 606
282 607
282 608
282 609
282 610
282 611
282 612
282 615
282 617
282 618
282 623
282 626
282 627
282 628
282 629
282 631
282 633
282 636
282 639
282 640
282 641
282 643
282 644
282 645
282 646
282 647
282 648
282 649
282 650
282 655
282 656
282 657
282 658
282 659
282 662
282 663
282 664
282 670
282 677
282 678
282 681
282 682
282 683
282 684
282 686
282 688
282 690
282 691
282 694
282 695
282 696
282 699
282 702
282 703
282 704
282 705
282 708
282 709
282 711
282 714
282 719
282 720
282 722
282 725
282 727
282 728
282 731
282 734
282 735
282 736
282 739
282 740
282 744
282 745
282 752
282 753
282 755
282 756
282 757
282 761
282 763
282 764
282 765
282 766
282 770
282 774
282 775
282 776
282 778
282 779
282 780
282 781
282 783
282 784
282 792
282 794
282 796
282 797
282 798
282 799
282 800
282 802
282 803
282 806
282 807
282 810
282 811
282 812
282 814
282 815
282 818
282 819
282 821
282 822
282 823
282 832
282 833
282 834
282 835
282 838
282 839
282 844
282 848
282 849
282 853
282 854
282 855
282 856
282 857
282 861
282 866
282 868
282 869
282 871
282 872
282 876
282 878
282 879
282 883
282 884
282 886
282 888
282 890
282 891
282 893
282 895
282 898
282 899
282 900
282 901
282 904
282 907
282 910
282 912
282 913
282 914
282 915
282 917
282 919
282 923
282 926
282 927
282 928
282 931
282 934
282 937
282 938
282 939
282 940
282 942
282 945
282 948
282 949
282 950
282 952
282 953
282 955
282 956
282 957
282 958
282 959
282 960
282 963
282 964
282 971
282 972
282 974
282 978
282 979
282 980
282 985
282 986
282 988
282 989
282 991
282 993
282 994
282 995
282 996
282 997
283 502
283 504
283 505
283 506
283 514
283 515
283 518
283 522
283 523
283 525
283 526
283 527
283 529
283 531
283 534
283 541
283 542
283 543
283 546
283 551
283 553
283 554
283 555
283 556
283 559
283 561
283 562
283 564
283 565
283 566
283 567
283 568
283 569
283 570
283 571
283 573
283 576
283 581
283 583
283 584
283 585
283 587
283 588
283 589
283 592
283 593
283 595
283 596
283 597
283 599
283 601
283 603
283 606
283 607
283 609
283 612
283 613
283 616
283 617
283 618
283 621
283 627
283 629
283 634
283 638
283 639
283 642
283 644
283 645
283 646
283 647
283 649
283 651
283 654
283 656
283 657
283 658
283 659
283 660
283 661
283 662
283 663
283 665
283 667
283 668
283 669
283 671
283 672
283 673
283 675
283 676
283 679
283 680
283 681
283 683
283 684
283 685
283 686
283 687
283 688
283 689
283 690
283 691
283 693
283 695
283 698
283 706
283 710
283 711
283 712
283 714
283 715
283 719
283 721
283 722
283 723
283 726
283 727
283 736
283 737
283 738
283 739
283 740
283 742
283 743
283 747
283 748
283 750
283 753
283 754
283 755
283 758
283 762
283 764
283 765
283 766
283 768
283 769
283 770
283 779
283 784
283 786
283 787
283 789
283 795
283 796
283 798
283 799
283 800
283 801
283 803
283 804
283 806
283 807
283 810
283 812
283 814
283 815
283 820
283 821
283 823
283 824
283 825
283 826
283 828
283 829
283 833
283 836
283 838
283 841
283 842
283 843
283 844
283 848
283 853
283 855
283 857
283 859
283 861
283 864
283 865
283 866
283 868
283 869
283 872
283 873
283 874
283 875
283 877
283 878
283 879
283 881
283 882
283 883
283 884
283 886
283 891
283 892
283 893
283 898
283 899
283 901
283 902
283 905
283 906
283 907
283 913
283 921
283 922
283 928
283 929
283 931
283 932
283 934
283 935
283 936
283 939
283 940
283 941
283 943
283 944
283 946
283 947
283 948
283 950
283 951
283 953
283 954
283 956
283 957
283 964
283 965
283 970
283 972
283 974
283 975
283 979
283 981
283 983
283 988
283 989
283 990
283 991
283 993
283 994
283 995
283 996
283 997
283 998
284 502
284 503
284 504
284 506
284 508
284 509
284 510
284 512
284 513
284 514
284 515
284 516
284 518
284 519
284 522
284 525
284 528
284 530
284 533
284 536
284 537
284 541
284 544
284 545
284 550
284 551
284 553
284 554
284 556
284 558
284 559
284 560
284 561
284 563
284 564
284 565
284 566
284 567
284 572
284 573
284 574
284 575
284 576
284 577
284 579
284 584
284 585
284 587
284 592
284 593
284 600
284 601
284 602
284 605
284 606
284 607
284 611
284 615
284 616
284 617
284 620
284 622
284 623
284 625
284 629
284 630
284 631
284 633
284 635
284 637
284 640
284 641
284 644
284 647
284 648
284 649
284 650
284 651
284 653
284 654
284 656
284 658
284 659
284 665
284 669
284 671
284 673
284 674
284 676
284 678
284 680
284 681
284 683
284 684
284 685
284 686
284 688
284 691
284 692
284 693
284 696
284 698
284 700
284 701
284 704
284 708
284 709
284 712
284 713
284 714
284 715
284 717
284 720
284 721
284 724
284 725
284 727
284 729
284 735
284 740
284 741
284 742
284 746
284 747
284 749
284 750
284 756
284 757
284 758
284 759
284 762
284 764
284 767
284 768
284 769
284 772
284 774
284 776
284 779
284 783
284 784
284 785
284 786
284 787
284 789
284 793
284 794
284 796
284 797
284 798
284 800
284 801
284 803
284 806
284 808
284 810
284 812
284 813
284 814
284 815
284 818
284 825
284 826
284 830
284 831
284 833
284 834
284 835
284 836
284 839
284 841
284 842
284 845
284 848
284 850
284 851
284 852
284 853
284 856
284 859
284 861
284 862
284 864
284 865
284 866
284 868
284 872
284 873
284 875
284 877
284 878
284 881
284 882
284 883
284 884
284 886
284 888
284 890
284 891
284 892
284 896
284 897
284 898
284 900
284 906
284 911
284 912
284 913
284 919
284 920
284 921
284 922
284 923
284 927
284 929
284 933
284 936
284 937
284 938
284 940
284 941
284 942
284 945
284 947
284 948
284 955
284 956
284 958
284 960
284 963
284 964
284 966
284 967
284 969
284 971
284 972
284 975
284 981
284 982
284 984
284 985
284 988
284 989
284 996
284 997
285 501
285 502
285 503
285 507
285 510
285 512
285 513
285 514
285 515
285 517
285 520
285 521
285 523
285 524
285 525
285 526
285 527
285 530
285 532
285 533
285 535
285 540
285 541
285 542
285 543
285 544
285 545
285 547
285 551
285 555
285 556
285 557
285 558
285 561
285 562
285 566
285 569
285 570
285 573
285 575
285 580
285 585
285 589
285 591
285 592
285 599
285 601
285 602
285 603
285 604
285 606
285 607
285 611
285 612
285 615
285 616
285 621
285 622
285 623
285 624
285 625
285 628
285 631
285 633
285 635
285 636
285 638
285 639
285 641
285 646
285 647
285 648
285 653
285 654
285 657
285 660
285 662
285 663
285 664
285 665
285 666
285 667
285 668
285 669
285 670
285 671
285 673
285 678
285 679
285 680
285 681
285 682
285 684
285 686
285 688
285 691
285 692
285 697
285 698
285 702
285 705
285 706
285 708
285 710
285 713
285 714
285 715
285 717
285 724
285 727
285 728
285 730
285 732
285 733
285 735
285 738
285 739
285 741
285 743
285 745
285 747
285 749
285 750
285 752
285 754
285 756
285 757
285 762
285 764
285 766
285 769
285 772
285 774
285 775
285 776
285 777
285 778
285 779
285 781
285 783
285 784
285 786
285 787
285 788
285 789
285 796
285 797
285 798
285 799
285 800
285 801
285 803
285 805
285 808
285 809
285 812
285 813
285 817
285 818
285 824
285 825
285 828
285 829
285 832
285 833
285 834
285 835
285 838
285 840
285 844
285 845
285 846
285 847
285 848
285 849
285 850
285 853
285 854
285 856
285 857
285 858
285 861
285 862
285 863
285 869
285 874
285 877
285 878
285 879
285 880
285 881
285 884
285 885
285 886
285 887
285 888
285 891
285 892
285 898
285 899
285 901
285 903
285 904
285 905
285 906
285 910
285 911
285 912
285 914
285 917
285 920
285 921
285 922
285 923
285 924
285 925
285 926
285 928
285 929
285 931
285 932
285 935
285 937
285 938
285 939
285 940
285 941
285 942
285 944
285 946
285 950
285 952
285 953
285 954
285 955
285 961
285 968
285 969
285 970
285 971
285 972
285 975
285 980
285 987
285 991
285 992
285 993
285 996
285 998
286 501
286 502
286 504
286 508
286 510
286 511
286 512
286 515
286 517
286 518
286 519
286 520
286 522
286 524
286 532
286 533
286 534
286 536
286 538
286 543
286 545
286 546
286 547
286 550
286 551
286 555
286 558
286 559
286 560
286 561
286 563
286 566
286 568
286 569
286 570
286 571
286 574
286 575
286 580
286 584
286 587
286 588
286 590
286 592
286 598
286 602
286 606
286 609
286 610
286 612
286 613
286 614
286 615
286 616
286 619
286 620
286 621
286 622
286 624
286 626
286 628
286 630
286 631
286 634
286 635
286 637
286 639
286 640
286 641
286 644
286 645
286 646
286 647
286 648
286 651
286 655
286 658
286 661
286 663
286 667
286 669
286 671
286 672
286 673
286 675
286 676
286 677
286 682
286 684
286 685
286 688
286 690
286 692
286 696
286 699
286 701
286 702
286 703
286 706
286 707
286 713
286 714
286 715
286 716
286 721
286 722
286 724
286 726
286 727
286 728
286 729
286 734
286 735
286 737
286 739
286 740
286 741
286 744
286 745
286 746
286 747
286 750
286 751
286 752
286 754
286 758
286 761
286 762
286 763
286 769
286 770
286 771
286 772
286 777
286 778
286 782
286 786
286 787
286 789
286 790
286 795
286 796
286 797
286 799
286 800
286 802
286 805
286 807
286 808
286 810
286 812
286 813
286 814
286 817
286 820
286 822
286 825
286 828
286 830
286 834
286 837
286 838
286 840
286 841
286 842
286 844
286 847
286 850
286 851
286 852
286 854
286 857
286 859
286 862
286 863
286 865
286 866
286 867
286 868
286 869
286 870
286 872
286 875
286 879
286 882
286 883
286 885
286 886
286 887
286 888
286 889
286 893
286 894
286 897
286 898
286 899
286 901
286 906
286 908
286 911
286 914
286 915
286 916
286 917
286 918
286 920
286 923
286 924
286 925
286 927
286 928
286 929
286 933
286 934
286 935
286 936
286 937
286 940
286 942
286 943
286 945
286 949
286 951
286 953
286 954
286 955
286 956
286 957
286 958
286 959
286 960
286 961
286 963
286 965
286 967
286 968
286 969
286 971
286 975
286 976
286 978
286 981
286 984
286 985
286 986
286 987
286 988
286 989
286 993
286 996
287 501
287 506
287 508
287 510
287 511
287 512
287 514
287 516
287 517
287 518
287 519
287 520
287 521
287 522
287 523
287 524
287 525
287 526
287 527
287 528
287 529
287 530
287 531
287 533
287 534
287 536
287 538
287 540
287 541
287 543
287 544
287 547
287 549
287 554
287 555
287 556
287 557
287 558
287 560
287 562
287 564
287 565
287 567
287 569
287 574
287 576
287 577
287 578
287 580
287 584
287 585
287 586
287 588
287 589
287 594
287 595
287 596
287 597
287 598
287 600
287 602
287 604
287 605
287 606
287 608
287 612
287 613
287 614
287 615
287 617
287 618
287 621
287 622
287 624
287 625
287 628
287 630
287 632
287 634
287 635
287 638
287 640
287 641
287 649
287 653
287 655
287 656
287 657
287 658
287 659
287 661
287 662
287 663
287 664
287 670
287 671
287 672
287 678
287 679
287 682
287 684
287 685
287 686
287 688
287 689
287 690
287 691
287 692
287 694
287 696
287 700
287 701
287 703
287 705
287 706
287 707
287 709
287 712
287 713
287 714
287 718
287 719
287 721
287 726
287 728
287 729
287 730
287 731
287 732
287 735
287 739
287 740
287 743
287 748
287 749
287 752
287 753
287 755
287 759
287 764
287 766
287 767
287 770
287 771
287 777
287 780
287 781
287 782
287 783
287 784
287 787
287 788
287 791
287 793
287 794
287 798
287 801
287 803
287 804
287 805
287 809
287 810
287 811
287 812
287 813
287 814
287 816
287 817
287 819
287 821
287 822
287 823
287 825
287 827
287 828
287 831
287 834
287 835
287 836
287 837
287 838
287 843
287 845
287 846
287 847
287 851
287 853
287 854
287 856
287 857
287 858
287 859
287 860
287 866
287 867
287 870
287 871
287 872
287 876
287 877
287 878
287 879
287 880
287 882
287 883
287 884
287 885
287 886
287 887
287 888
287 890
287 894
287 897
287 900
287 902
287 907
287 908
287 909
287 910
287 914
287 916
287 918
287 919
287 920
287 921
287 924
287 925
287 926
287 927
287 928
287 931
287 936
287 937
287 939
287 940
287 941
287 947
287 948
287 949
287 952
287 953
287 954
287 958
287 959
287 962
287 963
287 965
287 966
287 967
287 968
287 970
287 973
287 974
287 975
287 978
287 979
287 981
287 982
287 984
287 985
287 986
287 987
287 990
287 993
287 994
287 996
287 999
287 1000
288 504
288 505
288 506
288 508
288 509
288 510
288 513
288 518
288 519
288 521
288 523
288 525
288 527
288 528
288 529
288 533
288 535
288 536
288 538
288 539
288 542
288 543
288 544
288 547
288 548
288 554
288 558
288 559
288 560
288 565
288 566
288 569
288 570
288 572
288 575
288 577
288 579
288 580
288 581
288 586
288 587
288 588
288 589
288 591
288 592
288 593
288 595
288 596
288 598
288 599
288 600
288 602
288 603
288 604
288 605
288 606
288 608
288 609
288 611
288 612
288 616
288 617
288 619
288 620
288 621
288 622
288 625
288 626
288 627
288 629
288 632
288 634
288 637
288 640
288 641
288 642
288 643
288 644
288 647
288 648
288 651
288 652
288 654
288 655
288 656
288 660
288 661
288 662
288 663
288 664
288 665
288 674
288 675
288 676
288 680
288 681
288 682
288 687
288 688
288 691
288 693
288 694
288 695
288 696
288 697
288 699
288 700
288 702
288 703
288 705
288 706
288 708
288 709
288 710
288 712
288 713
288 714
288 716
288 717
288 718
288 720
288 721
288 722
288 724
288 726
288 728
288 733
288 735
288 737
288 738
288 739
288 744
288 745
288 746
288 751
288 752
288 755
288 759
288 760
288 761
288 763
288 765
288 769
288 770
288 771
288 772
288 773
288 774
288 775
288 778
288 787
288 788
288 794
288 795
288 796
288 797
288 799
288 800
288 801
288 802
288 803
288 804
288 805
288 807
288 808
288 809
288 813
288 814
288 817
288 819
288 820
288 821
288 822
288 825
288 828
288 829
288 834
288 836
288 837
288 838
288 840
288 843
288 844
288 845
288 851
288 852
288 854
288 856
288 859
288 860
288 862
288 864
288 865
288 866
288 867
288 871
288 872
288 873
288 876
288 878
288 881
288 882
288 885
288 886
288 887
288 889
288 892
288 893
288 894
288 897
288 899
288 901
288 902
288 903
288 904
288 908
288 910
288 911
288 912
288 918
288 919
288 920
288 923
288 924
288 926
288 928
288 931
288 932
288 933
288 934
288 935
288 937
288 938
288 939
288 940
288 943
288 944
288 945
288 948
288 949
288 954
288 956
288 957
288 958
288 959
288 960
288 969
288 971
288 972
288 973
288 981
288 983
288 985
288 986
288 987
288 988
288 991
288 993
288 995
288 998
288 999
288 1000
289 502
289 503
289 507
289 510
289 511
289 512
289 513
289 514
289 516
289 517
289 518
289 519
289 520
289 521
289 525
289 528
289 531
289 532
289 534
289 537
289 538
289 539
289 541
289 545
289 548
289 549
289 550
289 552
289 555
289 557
289 560
289 562
289 563
289 564
289 566
289 567
289 568
289 571
289 573
289 574
289 577
289 581
289 582
289 584
289 586
289 588
289 589
289 591
289 594
289 596
289 599
289 601
289 604
289 606
289 609
289 610
289 611
289 612
289 613
289 614
289 616
289 617
289 620
289 621
289 624
289 627
289 630
289 631
289 633
289 635
289 636
289 637
289 639
289 643
289 645
289 649
289 650
289 651
289 652
289 653
289 654
289 655
289 656
289 657
289 659
289 662
289 664
289 667
289 670
289 671
289 674
289 675
289 676
289 677
289 680
289 686
289 688
289 689
289 690
289 692
289 693
289 698
289 699
289 700
289 702
289 703
289 704
289 705
289 712
289 713
289 715
289 716
289 717
289 718
289 719
289 722
289 723
289 725
289 727
289 731
289 732
289 735
289 739
289 740
289 741
289 743
289 747
289 748
289 749
289 750
289 754
289 757
289 758
289 760
289 761
289 762
289 767
289 768
289 769
289 771
289 772
289 773
289 776
289 777
289 779
289 780
289 783
289 784
289 786
289 787
289 791
289 796
289 798
289 801
289 802
289 804
289 805
289 807
289 810
289 811
289 813
289 816
289 817
289 818
289 819
289 822
289 825
289 827
289 828
289 832
289 833
289 834
289 837
289 838
289 841
289 843
289 844
289 846
289 847
289 850
289 852
289 853
289 861
289 863
289 864
289 865
289 866
289 869
289 873
289 874
289 876
289 877
289 878
289 880
289 881
289 882
289 883
289 885
289 886
289 887
289 888
289 889
289 890
289 894
289 897
289 898
289 900
289 902
289 908
289 910
289 912
289 914
289 916
289 919
289 921
289 926
289 928
289 930
289 931
289 932
289 933
289 934
289 935
289 936
289 939
289 940
289 942
289 945
289 948
289 950
289 953
289 955
289 958
289 961
289 963
289 964
289 968
289 969
289 970
289 973
289 976
289 977
289 978
289 979
289 982
289 984
289 985
289 988
289 992
289 993
289 994
289 997
289 999
290 501
290 504
290 505
290 506
290 509
290 510
290 511
290 515
290 516
290 517
290 518
290 522
290 524
290 525
290 526
290 528
290 529
290 532
290 533
290 535
290 536
290 538
290 539
290 540
290 541
290 542
290 543
290 550
290 551
290 552
290 553
290 554
290 556
290 561
290 564
290 565
290 566
290 570
290 573
290 576
290 577
290 579
290 581
290 583
290 584
290 585
290 586
290 587
290 588
290 592
290 595
290 597
290 601
290 602
290 604
290 608
290 610
290 611
290 612
290 613
290 614
290 615
290 617
290 618
290 619
290 620
290 621
290 623
290 626
290 627
290 628
290 629
290 631
290 633
290 634
290 635
290 638
290 642
290 643
290 644
290 645
290 646
290 648
290 650
290 653
290 656
290 659
290 660
290 662
290 664
290 665
290 666
290 667
290 669
290 670
290 671
290 675
290 676
290 678
290 680
290 681
290 683
290 684
290 687
290 691
290 692
290 693
290 696
290 697
290 698
290 699
290 700
290 701
290 702
290 703
290 704
290 705
290 707
290 708
290 712
290 715
290 716
290 719
290 721
290 722
290 725
290 726
290 727
290 728
290 729
290 730
290 734
290 737
290 738
290 741
290 745
290 746
290 747
290 750
290 752
290 754
290 755
290 756
290 757
290 758
290 761
290 762
290 765
290 768
290 770
290 773
290 776
290 778
290 780
290 781
290 783
290 785
290 786
290 787
290 788
290 790
290 791
290 793
290 794
290 795
290 796
290 797
290 798
290 799
290 801
290 802
290 810
290 811
290 812
290 813
290 817
290 818
290 821
290 822
290 824
290 825
290 827
290 828
290 832
290 834
290 836
290 837
290 840
290 842
290 844
290 847
290 849
290 850
290 852
290 855
290 856
290 859
290 860
290 861
290 863
290 864
290 865
290 866
290 868
290 869
290 875
290 876
290 877
290 881
290 886
290 889
290 890
290 893
290 895
290 896
290 898
290 899
290 900
290 901
290 906
290 907
290 914
290 916
290 918
290 919
290 923
290 927
290 929
290 930
290 932
290 934
290 941
290 946
290 948
290 949
290 950
290 951
290 956
290 958
290 959
290 960
290 961
290 962
290 964
290 965
290 966
290 968
290 970
290 971
290 972
290 976
290 978
290 982
290 984
290 985
290 986
290 987
290 990
290 991
290 993
290 994
290 995
290 998
290 1000
291 502
291 503
291 505
291 506
291 511
291 513
291 515
291 517
291 522
291 526
291 528
291 531
291 532
291 539
291 540
291 542
291 543
291 545
291 547
291 549
291 551
291 554
291 555
291 556
291 557
291 559
291 564
291 565
291 566
291 568
291 570
291 571
291 576
291 578
291 580
291 581
291 582
291 585
291 587
291 588
291 590
291 592
291 593
291 596
291 599
291 601
291 602
291 603
291 606
291 607
291 608
291 610
291 611
291 612
291 613
291 615
291 617
291 619
291 620
291 621
291 622
291 623
291 626
291 628
291 629
291 631
291 632
291 633
291 634
291 635
291 639
291 641
291 644
291 645
291 647
291 648
291 653
291 655
291 656
291 657
291 661
291 662
291 663
291 665
291 667
291 668
291 669
291 670
291 673
291 674
291 677
291 678
291 679
291 680
291 681
291 685
291 686
291 687
291 688
291 690
291 692
291 700
291 703
291 705
291 708
291 710
291 711
291 712
291 713
291 714
291 715
291 716
291 717
291 718
291 719
291 720
291 722
291 724
291 725
291 726
291 728
291 729
291 731
291 732
291 734
291 744
291 745
291 748
291 750
291 753
291 755
291 757
291 762
291 763
291 764
291 765
291 767
291 768
291 769
291 774
291 775
291 776
291 777
291 779
291 780
291 782
291 783
291 787
291 790
291 793
291 794
291 795
291 800
291 802
291 803
291 804
291 805
291 806
291 807
291 808
291 809
291 812
291 816
291 817
291 818
291 819
291 820
291 821
291 823
291 830
291 831
291 832
291 833
291 835
291 836
291 839
291 841
291 844
291 845
291 847
291 850
291 853
291 854
291 857
291 858
291 860
291 865
291 867
291 869
291 871
291 873
291 875
291 877
291 878
291 880
291 881
291 883
291 885
291 886
291 888
291 891
291 894
291 897
291 898
291 900
291 903
291 905
291 909
291 910
291 911
291 913
291 914
291 915
291 918
291 919
291 921
291 922
291 924
291 925
291 926
291 928
291 929
291 931
291 935
291 936
291 937
291 940
291 942
291 945
291 946
291 947
291 951
291 952
291 953
291 954
291 958
291 962
291 968
291 969
291 970
291 974
291 975
291 978
291 981
291 985
291 989
291 990
291 991
291 993
291 994
291 996
291 998
291 999
291 1000
292 502
292 506
292 507
292 509
292 510
292 515
292 520
292 526
292 530
292 531
292 532
292 533
292 534
292 535
292 538
292 540
292 542
292 543
292 545
292 550
292 551
292 552
292 555
292 558
292 560
292 562
292 563
292 565
292 567
292 568
292 569
292 572
292 575
292 576
292 583
292 585
292 587
292 588
292 589
292 590
292 595
292 596
292 597
292 598
292 603
292 604
292 608
292 610
292 611
292 615
292 617
292 618
292 619
292 620
292 621
292 622
292 624
292 625
292 626
292 627
292 636
292 638
292 642
292 643
292 652
292 653
292 654
292 656
292 660
292 661
292 664
292 665
292 666
292 670
292 671
292 675
292 676
292 677
292 678
292 680
292 683
292 685
292 694
292 700
292 703
292 704
292 705
292 707
292 710
292 712
292 716
292 717
292 721
292 724
292 726
292 732
292 733
292 736
292 737
292 739
292 741
292 743
292 744
292 746
292 747
292 748
292 752
292 755
292 759
292 762
292 764
292 770
292 772
292 773
292 775
292 776
292 779
292 781
292 783
292 784
292 785
292 786
292 788
292 789
292 792
292 794
292 797
292 799
292 800
292 802
292 803
292 807
292 809
292 810
292 811
292 812
292 813
292 814
292 817
292 818
292 822
292 823
292 824
292 830
292 833
292 836
292 837
292 838
292 839
292 840
292 843
292 846
292 849
292 852
292 854
292 856
292 857
292 860
292 861
292 863
292 866
292 869
292 870
292 872
292 876
292 878
292 879
292 885
292 890
292 891
292 892
292 894
292 896
292 897
292 898
292 900
292 905
292 906
292 913
292 914
292 915
292 916
292 919
292 925
292 928
292 931
292 935
292 938
292 942
292 943
292 947
292 950
292 951
292 953
292 954
292 957
292 958
292 961
292 962
292 963
292 965
292 967
292 968
292 970
292 971
292 972
292 973
292 974
292 976
292 978
292 980
292 981
292 982
292 983
292 984
292 989
292 991
292 992
292 996
292 998
292 999
292 1000
293 501
293 502
293 506
293 507
293 509
293 513
293 514
293 516
293 519
293 521
293 523
293 524
293 526
293 527
293 528
293 529
293 534
293 538
293 539
293 542
293 544
293 546
293 547
293 550
293 552
293 553
293 554
293 556
293 559
293 560
293 561
293 563
293 564
293 566
293 568
293 569
293 574
293 576
293 577
293 579
293 580
293 581
293 583
293 584
293 586
293 587
293 589
293 590
293 591
293 593
293 595
293 596
293 597
293 598
293 600
293 601
293 604
293 606
293 609
293 612
293 615
293 616
293 617
293 618
293 619
293 620
293 622
293 623
293 624
293 627
293 628
293 630
293 631
293 632
293 633
293 634
293 637
293 640
293 642
293 644
293 648
293 649
293 660
293 661
293 662
293 663
293 666
293 668
293 669
293 678
293 679
293 680
293 681
293 682
293 684
293 688
293 694
293 695
293 696
293 701
293 704
293 705
293 706
293 710
293 711
293 712
293 714
293 715
293 716
293 717
293 718
293 720
293 723
293 724
293 726
293 727
293 730
293 732
293 733
293 734
293 736
293 737
293 740
293 742
293 743
293 745
293 746
293 751
293 753
293 754
293 755
293 756
293 757
293 758
293 759
293 762
293 767
293 768
293 769
293 771
293 774
293 775
293 779
293 780
293 781
293 782
293 785
293 786
293 787
293 789
293 790
293 792
293 794
293 796
293 798
293 799
293 802
293 804
293 808
293 809
293 810
293 813
293 816
293 818
293 819
293 826
293 828
293 829
293 831
293 837
293 838
293 839
293 840
293 842
293 843
293 846
293 848
293 849
293 851
293 852
293 853
293 854
293 855
293 856
293 858
293 859
293 862
293 864
293 865
293 875
293 877
293 878
293 879
293 881
293 884
293 885
293 887
293 890
293 891
293 892
293 893
293 895
293 896
293 897
293 899
293 900
293 901
293 902
293 904
293 907
293 910
293 911
293 912
293 914
293 921
293 922
293 923
293 925
293 926
293 927
293 930
293 932
293 933
293 944
293 946
293 947
293 949
293 950
293 951
293 955
293 956
293 957
293 960
293 961
293 962
293 963
293 965
293 967
293 970
293 971
293 972
293 973
293 974
293 975
293 977
293 978
293 981
293 983
293 984
293 987
293 988
293 991
293 994
293 995
293 996
293 999
293 1000
294 501
294 505
294 506
294 507
294 509
294 511
294 513
294 517
294 518
294 520
294 521
294 522
294 523
294 524
294 526
294 530
294 531
294 533
294 534
294 535
294 537
294 540
294 542
294 548
294 551
294 553
294 554
294 556
294 558
294 560
294 561
294 564
294 566
294 568
294 570
294 571
294 573
294 574
294 576
294 577
294 579
294 580
294 581
294 582
294 583
294 584
294 586
294 587
294 588
294 589
294 591
294 593
294 595
294 597
294 598
294 600
294 601
294 602
294 607
294 608
294 609
294 611
294 612
294 614
294 615
294 617
294 618
294 619
294 620
294 622
294 623
294 624
294 626
294 631
294 633
294 634
294 635
294 636
294 637
294 638
294 642
294 643
294 645
294 650
294 652
294 653
294 654
294 655
294 656
294 658
294 659
294 661
294 662
294 664
294 665
294 670
294 672
294 673
294 674
294 675
294 676
294 678
294 680
294 682
294 684
294 685
294 686
294 687
294 692
294 694
294 700
294 702
294 703
294 705
294 707
294 710
294 711
294 712
294 713
294 714
294 716
294 719
294 721
294 724
294 725
294 727
294 728
294 729
294 730
294 733
294 734
294 735
294 737
294 738
294 740
294 741
294 745
294 747
294 749
294 750
294 751
294 755
294 756
294 757
294 758
294 760
294 762
294 767
294 769
294 770
294 771
294 772
294 773
294 775
294 777
294 778
294 780
294 782
294 784
294 785
294 786
294 788
294 791
294 799
294 800
294 803
294 805
294 807
294 808
294 809
294 811
294 813
294 814
294 816
294 817
294 819
294 820
294 823
294 825
294 826
294 827
294 828
294 829
294 836
294 837
294 838
294 839
294 840
294 842
294 845
294 848
294 850
294 851
294 856
294 858
294 860
294 862
294 865
294 866
294 871
294 872
294 873
294 875
294 876
294 877
294 878
294 879
294 880
294 882
294 888
294 889
294 891
294 895
294 898
294 900
294 901
294 902
294 903
294 905
294 906
294 908
294 911
294 912
294 913
294 914
294 915
294 917
294 918
294 919
294 920
294 921
294 924
294 925
294 928
294 930
294 935
294 937
294 939
294 941
294 942
294 944
294 946
294 951
294 954
294 960
294 963
294 965
294 967
294 968
294 971
294 974
294 977
294 979
294 980
294 981
294 983
294 984
294 985
294 986
294 987
294 988
294 992
294 993
294 997
294 999
295 503
295 504
295 505
295 508
295 510
295 512
295 515
295 518
295 520
295 523
295 535
295 541
295 544
295 545
295 547
295 548
295 549
295 551
295 553
295 554
295 556
295 559
295 561
295 562
295 563
295 564
295 567
295 568
295 569
295 572
295 575
295 577
295 578
295 580
295 581
295 582
295 583
295 584
295 585
295 586
295 588
295 591
295 592
295 596
295 597
295 598
295 606
295 610
295 611
295 613
295 615
295 616
295 620
295 621
295 625
295 626
295 627
295 632
295 633
295 634
295 636
295 638
295 639
295 640
295 641
295 644
295 648
295 650
295 651
295 653
295 654
295 657
295 659
295 660
295 661
295 662
295 663
295 664
295 665
295 667
295 671
295 672
295 673
295 674
295 675
295 676
295 677
295 679
295 680
295 683
295 685
295 686
295 688
295 689
295 692
295 693
295 694
295 695
295 696
295 697
295 699
295 702
295 706
295 709
295 710
295 711
295 712
295 713
295 716
295 718
295 719
295 720
295 721
295 723
295 727
295 729
295 730
295 731
295 736
295 738
295 742
295 745
295 746
295 747
295 750
295 751
295 753
295 756
295 758
295 762
295 766
295 770
295 771
295 778
295 779
295 781
295 783
295 784
295 791
295 793
295 796
295 797
295 799
295 800
295 801
295 802
295 805
295 806
295 808
295 811
295 812
295 816
295 817
295 818
295 820
295 822
295 826
295 828
295 829
295 837
295 839
295 841
295 843
295 845
295 846
295 847
295 850
295 853
295 855
295 860
295 861
295 862
295 866
295 869
295 871
295 872
295 873
295 877
295 878
295 880
295 881
295 883
295 885
295 886
295 887
295 890
295 891
295 893
295 894
295 897
295 900
295 903
295 904
295 905
295 908
295 909
295 911
295 912
295 913
295 914
295 917
295 921
295 924
295 926
295 928
295 929
295 931
295 937
295 942
295 948
295 949
295 950
295 951
295 952
295 953
295 955
295 958
295 959
295 961
295 963
295 965
295 967
295 968
295 969
295 971
295 972
295 974
295 977
295 985
295 986
295 989
295 991
295 992
295 993
295 995
295 996
295 997
295 999
295 1000
296 503
296 506
296 507
296 509
296 511
296 512
296 513
296 515
296 518
296 522
296 525
296 526
296 527
296 528
296 529
296 530
296 532
296 533
296 535
296 536
296 537
296 538
296 540
296 542
296 548
296 549
296 550
296 551
296 554
296 555
296 558
296 559
296 560
296 562
296 563
296 564
296 565
296 568
296 569
296 572
296 574
296 575
296 578
296 579
296 580
296 583
296 585
296 591
296 592
296 593
296 595
296 597
296 598
296 599
296 600
296 601
296 608
296 609
296 612
296 614
296 615
296 616
296 617
296 618
296 619
296 622
296 627
296 628
296 629
296 630
296 631
296 632
296 633
296 635
296 636
296 640
296 641
296 642
296 644
296 646
296 647
296 648
296 650
296 651
296 652
296 653
296 656
296 668
296 672
296 673
296 674
296 675
296 676
296 677
296 678
296 679
296 681
296 682
296 683
296 685
296 686
296 689
296 691
296 694
296 695
296 696
296 698
296 699
296 700
296 701
296 704
296 709
296 710
296 711
296 712
296 714
296 716
296 717
296 718
296 719
296 721
296 722
296 726
296 728
296 731
296 733
296 734
296 736
296 737
296 740
296 741
296 742
296 744
296 745
296 748
296 750
296 751
296 753
296 754
296 756
296 758
296 763
296 764
296 765
296 767
296 768
296 769
296 771
296 772
296 773
296 778
296 781
296 784
296 785
296 786
296 789
296 791
296 793
296 794
296 797
296 798
296 799
296 800
296 802
296 807
296 811
296 813
296 815
296 819
296 820
296 821
296 822
296 823
296 825
296 826
296 827
296 832
296 834
296 835
296 838
296 842
296 844
296 845
296 849
296 851
296 852
296 853
296 854
296 856
296 863
296 864
296 867
296 869
296 872
296 873
296 874
296 875
296 877
296 878
296 879
296 881
296 883
296 889
296 891
296 892
296 894
296 895
296 900
296 903
296 904
296 905
296 906
296 909
296 910
296 911
296 916
296 918
296 919
296 920
296 922
296 923
296 925
296 929
296 930
296 933
296 934
296 935
296 936
296 940
296 941
296 942
296 943
296 945
296 949
296 950
296 951
296 953
296 954
296 956
296 958
296 959
296 960
296 961
296 962
296 966
296 967
296 968
296 969
296 970
296 973
296 975
296 981
296 983
296 984
296 986
296 987
296 988
296 989
296 990
296 992
296 993
296 995
296 996
296 997
296 999
297 501
297 505
297 507
297 510
297 512
297 514
297 515
297 516
297 521
297 525
297 527
297 528
297 529
297 531
297 532
297 538
297 541
297 543
297 545
297 549
297 551
297 552
297 554
297 558
297 562
297 563
297 565
297 567
297 568
297 570
297 571
297 578
297 580
297 582
297 585
297 587
297 589
297 593
297 594
297 597
297 600
297 601
297 602
297 603
297 604
297 605
297 606
297 608
297 609
297 612
297 614
297 617
297 619
297 621
297 622
297 625
297 626
297 627
297 634
297 637
297 639
297 640
297 641
297 642
297 644
297 645
297 646
297 647
297 650
297 653
297 659
297 663
297 664
297 667
297 669
297 670
297 671
297 675
297 676
297 679
297 680
297 681
297 684
297 685
297 687
297 689
297 691
297 693
297 696
297 697
297 699
297 700
297 707
297 709
297 710
297 711
297 712
297 713
297 714
297 716
297 717
297 723
297 724
297 725
297 728
297 732
297 735
297 736
297 741
297 743
297 744
297 745
297 746
297 747
297 749
297 752
297 753
297 754
297 755
297 756
297 757
297 761
297 765
297 768
297 769
297 770
297 773
297 780
297 781
297 784
297 785
297 787
297 789
297 790
297 791
297 794
297 795
297 796
297 800
297 802
297 805
297 806
297 808
297 809
297 812
297 814
297 815
297 816
297 817
297 820
297 821
297 822
297 823
297 824
297 825
297 827
297 828
297 830
297 831
297 834
297 835
297 836
297 838
297 839
297 841
297 843
297 847
297 852
297 854
297 857
297 858
297 860
297 861
297 862
297 863
297 865
297 866
297 868
297 870
297 874
297 875
297 876
297 877
297 878
297 879
297 880
297 881
297 882
297 886
297 892
297 893
297 894
297 896
297 898
297 901
297 903
297 907
297 908
297 909
297 911
297 915
297 916
297 917
297 918
297 923
297 924
297 925
297 931
297 933
297 934
297 935
297 936
297 937
297 938
297 939
297 941
297 942
297 944
297 946
297 947
297 948
297 950
297 952
297 953
297 954
297 955
297 956
297 959
297 960
297 961
297 962
297 963
297 967
297 969
297 973
297 975
297 978
297 981
297 982
297 983
297 984
297 989
297 991
297 992
297 993
297 994
297 997
297 998
297 999
297 1000
298 501
298 502
298 503
298 506
298 507
298 508
298 509
298 510
298 512
298 513
298 516
298 517
298 518
298 519
298 521
298 523
298 524
298 525
298 529
298 531
298 535
298 536
298 537
298 540
298 541
298 543
298 546
298 548
298 553
298 554
298 555
298 556
298 558
298 559
298 560
298 561
298 562
298 563
298 566
298 568
298 570
298 573
298 581
298 582
298 584
298 586
298 589
298 591
298 592
298 595
298 596
298 597
298 598
298 599
298 601
298 603
298 605
298 606
298 608
298 609
298 612
298 614
298 615
298 618
298 620
298 621
298 622
298 623
298 627
298 635
298 636
298 637
298 640
298 643
298 644
298 645
298 647
298 648
298 653
298 656
298 657
298 661
298 662
298 666
298 670
298 672
298 673
298 676
298 678
298 680
298 681
298 682
298 683
298 684
298 688
298 689
298 691
298 692
298 693
298 697
298 698
298 699
298 701
298 703
298 711
298 712
298 715
298 717
298 720
298 721
298 724
298 725
298 726
298 727
298 729
298 730
298 732
298 735
298 738
298 739
298 740
298 742
298 743
298 745
298 746
298 747
298 748
298 749
298 751
298 753
298 756
298 757
298 759
298 761
298 762
298 766
298 767
298 769
298 772
298 774
298 778
298 781
298 790
298 793
298 794
298 798
298 800
298 801
298 802
298 804
298 809
298 810
298 811
298 813
298 817
298 818
298 819
298 820
298 823
298 825
298 827
298 829
298 830
298 831
298 833
298 834
298 835
298 836
298 839
298 842
298 843
298 844
298 847
298 849
298 854
298 855
298 860
298 863
298 864
298 868
298 871
298 874
298 875
298 877
298 878
298 879
298 880
298 882
298 885
298 887
298 888
298 893
298 896
298 897
298 900
298 904
298 905
298 907
298 908
298 910
298 911
298 912
298 913
298 919
298 923
298 924
298 925
298 929
298 933
298 934
298 937
298 941
298 944
298 945
298 947
298 948
298 949
298 950
298 951
298 956
298 958
298 964
298 966
298 967
298 972
298 976
298 977
298 978
298 985
298 986
298 988
298 989
298 990
298 992
298 994
298 996
298 999
299 501
299 502
299 503
299 504
299 505
299 507
299 508
299 509
299 510
299 511
299 513
299 514
299 518
299 520
299 521
299 522
299 524
299 526
299 528
299 530
299 531
299 538
299 540
299 541
299 543
299 544
299 545
299 546
299 548
299 550
299 553
299 555
299 556
299 557
299 559
299 562
299 563
299 566
299 567
299 572
299 573
299 574
299 575
299 576
299 577
299 584
299 585
299 586
299 587
299 588
299 589
299 590
299 593
299 594
299 597
299 598
299 601
299 603
299 605
299 607
299 608
299 610
299 611
299 615
299 617
299 619
299 620
299 626
299 628
299 629
299 631
299 636
299 637
299 639
299 640
299 642
299 643
299 644
299 645
299 646
299 648
299 651
299 653
299 656
299 657
299 659
299 660
299 661
299 662
299 664
299 665
299 667
299 669
299 670
299 671
299 672
299 675
299 676
299 677
299 678
299 680
299 681
299 682
299 686
299 689
299 690
299 691
299 692
299 693
299 694
299 695
299 698
299 699
299 700
299 702
299 704
299 706
299 708
299 709
299 711
299 712
299 715
299 716
299 717
299 718
299 720
299 721
299 722
299 725
299 726
299 727
299 729
299 736
299 738
299 745
299 747
299 748
299 750
299 754
299 757
299 758
299 759
299 761
299 762
299 763
299 764
299 765
299 767
299 770
299 772
299 773
299 775
299 779
299 780
299 785
299 786
299 788
299 789
299 790
299 791
299 793
299 799
299 801
299 802
299 804
299 807
299 808
299 809
299 813
299 815
299 816
299 817
299 819
299 820
299 822
299 823
299 824
299 825
299 826
299 828
299 834
299 835
299 838
299 840
299 843
299 844
299 846
299 849
299 850
299 852
299 853
299 854
299 856
299 858
299 862
299 863
299 864
299 867
299 870
299 871
299 874
299 875
299 876
299 880
299 882
299 883
299 885
299 886
299 888
299 889
299 890
299 892
299 894
299 895
299 896
299 898
299 899
299 901
299 904
299 906
299 907
299 909
299 911
299 914
299 917
299 918
299 919
299 920
299 923
299 925
299 926
299 931
299 936
299 940
299 942
299 943
299 944
299 945
299 946
299 953
299 954
299 955
299 957
299 960
299 961
299 962
299 964
299 965
299 966
299 970
299 971
299 973
299 976
299 977
299 979
299 980
299 983
299 984
299 985
299 986
299 988
299 990
299 994
299 995
299 996
300 502
300 503
300 508
300 509
300 511
300 514
300 517
300 519
300 521
300 523
300 525
300 527
300 528
300 530
300 531
300 532
300 533
300 536
300 538
300 540
300 541
300 542
300 543
300 546
300 548
300 549
300 550
300 551
300 554
300 555
300 557
300 559
300 568
300 570
300 572
300 573
300 574
300 575
300 578
300 580
300 582
300 583
300 584
300 589
300 590
300 591
300 596
300 598
300 599
300 604
300 605
300 609
300 610
300 612
300 615
300 616
300 622
300 624
300 625
300 626
300 630
300 633
300 635
300 636
300 637
300 643
300 648
300 649
300 650
300 651
300 652
300 654
300 656
300 657
300 658
300 659
300 663
300 668
300 673
300 674
300 675
300 676
300 678
300 679
300 680
300 681
300 683
300 685
300 686
300 687
300 689
300 695
300 698
300 701
300 707
300 708
300 710
300 714
300 716
300 718
300 720
300 721
300 722
300 724
300 725
300 727
300 731
300 738
300 739
300 742
300 743
300 744
300 751
300 755
300 756
300 757
300 761
300 762
300 763
300 764
300 766
300 767
300 772
300 773
300 777
300 778
300 779
300 780
300 783
300 785
300 790
300 791
300 792
300 799
300 800
300 805
300 809
300 812
300 813
300 816
300 819
300 820
300 825
300 827
300 830
300 831
300 832
300 835
300 842
300 844
300 847
300 848
300 850
300 852
300 855
300 856
300 862
300 863
300 864
300 868
300 869
300 871
300 873
300 875
300 876
300 877
300 878
300 880
300 882
300 883
300 884
300 886
300 888
300 892
300 893
300 894
300 895
300 896
300 897
300 898
300 899
300 900
300 901
300 902
300 903
300 907
300 909
300 911
300 912
300 914
300 915
300 916
300 923
300 924
300 929
300 931
300 933
300 934
300 935
300 939
300 940
300 942
300 944
300 946
300 949
300 951
300 953
300 954
300 960
300 961
300 962
300 963
300 964
300 965
300 968
300 971
300 972
300 976
300 980
300 984
300 986
300 990
300 991
300 994
300 996
300 997
300 998
300 999
300 1000
301 502
301 503
301 509
301 513
301 515
301 517
301 518
301 519
301 522
301 523
301 524
301 528
301 532
301 533
301 534
301 538
301 541
301 546
301 547
301 548
301 554
301 555
301 558
301 560
301 561
301 562
301 563
301 564
301 567
301 568
301 572
301 573
301 576
301 578
301 580
301 584
301 585
301 587
301 589
301 591
301 594
301 595
301 596
301 598
301 604
301 607
301 611
301 616
301 617
301 620
301 622
301 626
301 628
301 634
301 637
301 640
301 642
301 647
301 649
301 651
301 655
301 656
301 660
301 662
301 666
301 669
301 670
301 675
301 676
301 677
301 679
301 682
301 683
301 684
301 685
301 690
301 692
301 693
301 694
301 696
301 702
301 704
301 705
301 706
301 707
301 708
301 709
301 710
301 714
301 720
301 721
301 724
301 726
301 728
301 729
301 732
301 733
301 735
301 736
301 741
301 742
301 743
301 748
301 749
301 753
301 755
301 756
301 757
301 758
301 759
301 761
301 763
301 764
301 768
301 770
301 772
301 775
301 777
301 779
301 780
301 783
301 784
301 787
301 791
301 792
301 794
301 796
301 797
301 798
301 801
301 805
301 807
301 808
301 811
301 812
301 814
301 815
301 816
301 820
301 823
301 824
301 825
301 826
301 828
301 829
301 831
301 833
301 834
301 836
301 838
301 839
301 841
301 842
301 843
301 850
301 851
301 854
301 856
301 857
301 862
301 863
301 864
301 867
301 874
301 877
301 879
301 880
301 883
301 884
301 888
301 890
301 892
301 893
301 902
301 905
301 907
301 909
301 912
301 915
301 916
301 917
301 918
301 919
301 920
301 924
301 925
301 927
301 933
301 934
301 936
301 937
301 938
301 940
301 941
301 943
301 945
301 949
301 950
301 955
301 958
301 959
301 960
301 962
301 964
301 966
301 969
301 970
301 972
301 974
301 975
301 982
301 983
301 984
301 985
301 988
301 990
301 993
301 995
301 997
301 998
301 999
301 1000
302 502
302 504
302 505
302 506
302 507
302 510
302 511
302 512
302 513
302 514
302 515
302 517
302 523
302 524
302 525
302 526
302 527
302 528
302 530
302 533
302 534
302 535
302 538
302 543
302 544
302 545
302 546
302 550
302 551
302 552
302 554
302 555
302 556
302 563
302 567
302 568
302 570
302 572
302 573
302 574
302 576
302 577
302 578
302 579
302 581
302 584
302 585
302 586
302 587
302 589
302 591
302 592
302 593
302 597
302 598
302 603
302 606
302 608
302 611
302 612
302 614
302 615
302 617
302 619
302 621
302 622
302 625
302 626
302 631
302 632
302 636
302 637
302 643
302 645
302 646
302 648
302 652
302 653
302 654
302 655
302 656
302 657
302 659
302 660
302 662
302 665
302 666
302 667
302 668
302 672
302 674
302 676
302 682
302 683
302 684
302 685
302 687
302 691
302 693
302 696
302 697
302 700
302 704
302 705
302 706
302 708
302 710
302 712
302 715
302 717
302 718
302 721
302 723
302 724
302 727
302 728
302 729
302 730
302 731
302 733
302 734
302 737
302 741
302 742
302 743
302 745
302 747
302 752
302 756
302 757
302 758
302 761
302 762
302 763
302 764
302 765
302 766
302 767
302 768
302 772
302 773
302 774
302 775
302 776
302 777
302 780
302 781
302 782
302 783
302 787
302 789
302 791
302 792
302 797
302 799
302 801
302 805
302 807
302 809
302 810
302 818
302 820
302 821
302 823
302 824
302 826
302 831
302 832
302 834
302 835
302 836
302 838
302 839
302 840
302 841
302 843
302 844
302 845
302 846
302 849
302 853
302 854
302 855
302 856
302 863
302 865
302 866
302 867
302 868
302 869
302 870
302 873
302 876
302 882
302 884
302 885
302 887
302 890
302 892
302 894
302 895
302 896
302 897
302 898
302 900
302 903
302 904
302 907
302 910
302 911
302 912
302 917
302 918
302 919
302 923
302 924
302 927
302 928
302 931
302 932
302 933
302 937
302 938
302 941
302 944
302 950
302 951
302 952
302 953
302 954
302 955
302 956
302 959
302 965
302 966
302 969
302 971
302 973
302 976
302 977
302 982
302 985
302 986
302 987
302 988
302 990
302 993
302 997
302 999
303 502
303 505
303 506
303 507
303 508
303 510
303 513
303 516
303 518
303 521
303 522
303 526
303 527
303 528
303 530
303 532
303 535
303 537
303 541
303 542
303 543
303 545
303 546
303 548
303 552
303 553
303 554
303 555
303 557
303 558
303 559
303 561
303 565
303 569
303 570
303 572
303 574
303 575
303 576
303 578
303 579
303 581
303 582
303 586
303 587
303 589
303 590
303 593
303 594
303 595
303 596
303 600
303 602
303 605
303 607
303 616
303 617
303 618
303 619
303 620
303 621
303 624
303 626
303 627
303 631
303 632
303 634
303 637
303 639
303 643
303 644
303 646
303 647
303 653
303 656
303 658
303 659
303 660
303 662
303 664
303 666
303 668
303 673
303 674
303 676
303 678
303 679
303 680
303 681
303 682
303 683
303 685
303 686
303 687
303 688
303 689
303 690
303 692
303 693
303 694
303 698
303 702
303 704
303 705
303 707
303 710
303 712
303 716
303 718
303 720
303 723
303 724
303 725
303 726
303 727
303 731
303 732
303 734
303 735
303 738
303 739
303 740
303 741
303 742
303 744
303 747
303 748
303 750
303 751
303 752
303 754
303 756
303 761
303 762
303 764
303 765
303 767
303 768
303 772
303 775
303 779
303 780
303 783
303 784
303 790
303 791
303 795
303 796
303 799
303 801
303 802
303 803
303 806
303 807
303 808
303 809
303 810
303 814
303 818
303 822
303 824
303 828
303 829
303 831
303 832
303 833
303 835
303 837
303 839
303 840
303 841
303 848
303 851
303 852
303 853
303 855
303 857
303 858
303 860
303 865
303 866
303 869
303 873
303 874
303 877
303 879
303 880
303 881
303 882
303 884
303 886
303 890
303 892
303 893
303 894
303 896
303 897
303 898
303 899
303 900
303 901
303 906
303 909
303 913
303 914
303 916
303 917
303 918
303 919
303 920
303 922
303 926
303 927
303 928
303 931
303 932
303 935
303 936
303 938
303 939
303 940
303 944
303 945
303 946
303 947
303 948
303 949
303 952
303 955
303 959
303 962
303 963
303 964
303 965
303 966
303 967
303 971
303 972
303 973
303 975
303 977
303 986
303 987
303 988
303 990
303 991
303 992
303 993
303 996
303 998
303 1000
304 501
304 502
304 506
304 507
304 508
304 511
304 512
304 513
304 515
304 518
304 519
304 520
304 521
304 523
304 524
304 525
304 528
304 529
304 532
304 533
304 535
304 536
304 537
304 538
304 540
304 542
304 543
304 545
304 546
304 548
304 552
304 553
304 555
304 556
304 558
304 559
304 560
304 561
304 562
304 563
304 565
304 568
304 569
304 570
304 572
304 573
304 576
304 579
304 580
304 582
304 583
304 584
304 585
304 587
304 588
304 591
304 592
304 596
304 602
304 605
304 609
304 616
304 618
304 619
304 622
304 623
304 626
304 630
304 633
304 634
304 637
304 639
304 640
304 643
304 646
304 649
304 651
304 652
304 656
304 657
304 658
304 660
304 661
304 662
304 663
304 664
304 671
304 672
304 673
304 676
304 678
304 679
304 680
304 681
304 683
304 684
304 685
304 687
304 689
304 690
304 691
304 694
304 695
304 696
304 697
304 699
304 705
304 707
304 708
304 710
304 714
304 715
304 718
304 720
304 725
304 726
304 727
304 729
304 732
304 733
304 738
304 739
304 741
304 742
304 746
304 748
304 753
304 754
304 755
304 758
304 759
304 760
304 761
304 764
304 765
304 767
304 768
304 770
304 771
304 772
304 773
304 774
304 775
304 778
304 779
304 782
304 783
304 787
304 793
304 794
304 798
304 802
304 807
304 809
304 814
304 816
304 818
304 819
304 821
304 823
304 826
304 829
304 830
304 836
304 837
304 838
304 839
304 840
304 843
304 845
304 846
304 847
304 854
304 856
304 858
304 859
304 862
304 865
304 867
304 870
304 871
304 872
304 873
304 874
304 877
304 878
304 880
304 881
304 882
304 884
304 885
304 889
304 890
304 891
304 892
304 893
304 896
304 898
304 899
304 900
304 901
304 902
304 907
304 908
304 909
304 910
304 912
304 913
304 916
304 917
304 918
304 929
304 930
304 931
304 933
304 934
304 937
304 938
304 939
304 940
304 942
304 943
304 945
304 947
304 948
304 954
304 955
304 956
304 957
304 960
304 963
304 964
304 965
304 970
304 971
304 973
304 975
304 976
304 978
304 979
304 980
304 982
304 983
304 985
304 987
304 988
304 989
304 990
304 993
304 994
304 995
304 997
304 998
304 1000
305 502
305 505
305 506
305 509
305 510
305 511
305 512
305 514
305 517
305 518
305 519
305 523
305 524
305 525
305 526
305 527
305 530
305 534
305 543
305 546
305 551
305 553
305 554
305 557
305 558
305 560
305 562
305 566
305 567
305 568
305 569
305 571
305 574
305 576
305 577
305 580
305 581
305 583
305 584
305 585
305 586
305 587
305 589
305 590
305 594
305 598
305 600
305 602
305 605
305 608
305 609
305 611
305 612
305 614
305 616
305 617
305 619
305 621
305 623
305 624
305 627
305 631
305 632
305 636
305 640
305 641
305 642
305 643
305 645
305 648
305 649
305 652
305 654
305 656
305 660
305 662
305 663
305 664
305 667
305 668
305 671
305 672
305 674
305 675
305 676
305 677
305 678
305 679
305 682
305 685
305 690
305 691
305 692
305 693
305 694
305 695
305 698
305 703
305 706
305 709
305 712
305 715
305 718
305 719
305 724
305 725
305 728
305 731
305 733
305 735
305 736
305 737
305 740
305 741
305 742
305 743
305 746
305 747
305 750
305 753
305 754
305 755
305 756
305 757
305 758
305 762
305 764
305 767
305 768
305 769
305 771
305 772
305 773
305 774
305 775
305 779
305 780
305 781
305 782
305 784
305 785
305 789
305 791
305 792
305 793
305 795
305 801
305 802
305 804
305 805
305 806
305 808
305 809
305 811
305 814
305 815
305 820
305 821
305 823
305 825
305 828
305 829
305 835
305 837
305 838
305 839
305 840
305 841
305 844
305 848
305 850
305 851
305 852
305 860
305 863
305 865
305 866
305 867
305 871
305 877
305 878
305 879
305 884
305 887
305 888
305 889
305 890
305 891
305 892
305 893
305 894
305 896
305 899
305 900
305 902
305 903
305 907
305 909
305 910
305 911
305 912
305 913
305 917
305 918
305 920
305 921
305 922
305 923
305 924
305 925
305 927
305 928
305 930
305 934
305 938
305 939
305 942
305 943
305 944
305 946
305 948
305 949
305 950
305 955
305 956
305 960
305 962
305 965
305 967
305 969
305 972
305 975
305 976
305 978
305 980
305 984
305 989
305 990
305 991
305 993
305 995
305 997
305 1000
306 501
306 502
306 504
306 506
306 508
306 509
306 510
306 515
306 516
306 517
306 518
306 520
306 521
306 522
306 523
306 524
306 525
306 526
306 529
306 530
306 532
306 533
306 534
306 535
306 537
306 541
306 544
306 545
306 548
306 552
306 553
306 554
306 555
306 560
306 563
306 567
306 568
306 572
306 573
306 574
306 579
306 583
306 585
306 586
306 591
306 592
306 593
306 595
306 596
306 598
306 599
306 601
306 602
306 605
306 606
306 607
306 610
306 611
306 617
306 619
306 620
306 621
306 624
306 625
306 626
306 632
306 635
306 637
306 639
306 640
306 643
306 645
306 646
306 647
306 649
306 650
306 654
306 655
306 656
306 657
306 658
306 659
306 666
306 667
306 668
306 671
306 674
306 675
306 677
306 678
306 681
306 682
306 683
306 686
306 689
306 690
306 692
306 695
306 696
306 699
306 701
306 702
306 703
306 704
306 706
306 709
306 711
306 712
306 716
306 717
306 719
306 721
306 727
306 728
306 730
306 731
306 732
306 738
306 741
306 742
306 743
306 744
306 745
306 746
306 748
306 749
306 750
306 751
306 754
306 755
306 756
306 759
306 760
306 761
306 762
306 765
306 766
306 769
306 774
306 775
306 776
306 777
306 779
306 785
306 786
306 787
306 789
306 790
306 792
306 794
306 796
306 798
306 800
306 801
306 802
306 804
306 806
306 807
306 808
306 809
306 810
306 811
306 812
306 814
306 818
306 819
306 820
306 821
306 825
306 827
306 829
306 830
306 832
306 837
306 838
306 840
306 841
306 842
306 843
306 844
306 845
306 847
306 849
306 855
306 857
306 858
306 859
306 862
306 863
306 866
306 867
306 868
306 870
306 871
306 875
306 876
306 879
306 882
306 883
306 884
306 885
306 889
306 890
306 893
306 894
306 895
306 898
306 900
306 902
306 904
306 907
306 911
306 912
306 919
306 921
306 927
306 932
306 937
306 940
306 946
306 949
306 950
306 953
306 955
306 957
306 960
306 963
306 965
306 967
306 968
306 970
306 971
306 973
306 976
306 977
306 978
306 981
306 983
306 984
306 985
306 987
306 990
306 992
307 501
307 503
307 504
307 507
307 508
307 512
307 514
307 515
307 521
307 522
307 523
307 525
307 527
307 528
307 530
307 532
307 533
307 534
307 535
307 536
307 537
307 538
307 539
307 542
307 546
307 549
307 550
307 552
307 554
307 555
307 558
307 560
307 562
307 563
307 564
307 565
307 566
307 567
307 568
307 569
307 571
307 572
307 575
307 576
307 579
307 581
307 586
307 588
307 589
307 591
307 592
307 595
307 596
307 597
307 600
307 605
307 607
307 608
307 609
307 616
307 620
307 627
307 628
307 629
307 631
307 634
307 636
307 637
307 641
307 643
307 644
307 645
307 647
307 650
307 651
307 652
307 653
307 656
307 657
307 659
307 661
307 662
307 664
307 665
307 666
307 668
307 670
307 673
307 676
307 677
307 680
307 683
307 685
307 687
307 689
307 691
307 692
307 694
307 697
307 702
307 703
307 705
307 707
307 708
307 709
307 710
307 712
307 714
307 716
307 719
307 720
307 721
307 724
307 726
307 727
307 728
307 729
307 732
307 733
307 735
307 740
307 742
307 743
307 744
307 745
307 746
307 747
307 750
307 751
307 754
307 755
307 758
307 759
307 762
307 764
307 767
307 768
307 773
307 774
307 776
307 778
307 780
307 784
307 787
307 790
307 794
307 796
307 797
307 799
307 802
307 803
307 805
307 806
307 807
307 813
307 816
307 819
307 820
307 821
307 823
307 825
307 826
307 827
307 833
307 837
307 847
307 849
307 850
307 851
307 852
307 854
307 855
307 857
307 859
307 860
307 861
307 864
307 865
307 867
307 869
307 870
307 872
307 874
307 885
307 886
307 890
307 891
307 892
307 895
307 897
307 899
307 900
307 903
307 904
307 905
307 908
307 913
307 916
307 918
307 919
307 923
307 924
307 925
307 927
307 928
307 929
307 930
307 931
307 932
307 934
307 935
307 937
307 938
307 942
307 946
307 947
307 949
307 950
307 952
307 953
307 955
307 957
307 958
307 959
307 960
307 961
307 962
307 965
307 966
307 968
307 969
307 971
307 972
307 973
307 974
307 976
307 982
307 983
307 987
307 991
307 993
307 999
307 1000
308 502
308 505
308 508
308 509
308 511
308 514
308 515
308 517
308 518
308 519
308 520
308 526
308 534
308 536
308 537
308 538
308 541
308 545
308 546
308 548
308 557
308 559
308 561
308 562
308 563
308 565
308 569
308 570
308 572
308 573
308 576
308 577
308 578
308 584
308 586
308 588
308 589
308 592
308 593
308 594
308 596
308 597
308 598
308 599
308 600
308 601
308 604
308 605
308 606
308 607
308 608
308 611
308 613
308 614
308 615
308 617
308 618
308 619
308 626
308 628
308 631
308 633
308 636
308 639
308 640
308 641
308 642
308 643
308 645
308 647
308 648
308 655
308 657
308 663
308 666
308 668
308 672
308 676
308 677
308 679
308 680
308 682
308 684
308 685
308 686
308 687
308 688
308 689
308 690
308 692
308 693
308 697
308 698
308 700
308 703
308 705
308 706
308 707
308 708
308 709
308 714
308 716
308 720
308 729
308 732
308 735
308 736
308 738
308 740
308 741
308 745
308 747
308 749
308 752
308 755
308 757
308 758
308 760
308 761
308 762
308 763
308 769
308 770
308 771
308 773
308 774
308 775
308 777
308 778
308 780
308 781
308 785
308 789
308 790
308 792
308 794
308 795
308 796
308 801
308 803
308 804
308 809
308 812
308 813
308 815
308 818
308 822
308 823
308 824
308 825
308 826
308 827
308 829
308 830
308 831
308 832
308 834
308 835
308 836
308 837
308 840
308 842
308 843
308 844
308 845
308 846
308 849
308 850
308 851
308 853
308 855
308 857
308 860
308 863
308 864
308 865
308 867
308 869
308 871
308 872
308 873
308 874
308 875
308 879
308 880
308 881
308 883
308 889
308 892
308 893
308 894
308 895
308 896
308 897
308 899
308 900
308 901
308 902
308 912
308 915
308 922
308 923
308 924
308 927
308 928
308 930
308 932
308 934
308 935
308 936
308 938
308 939
308 941
308 943
308 944
308 945
308 949
308 952
308 954
308 957
308 958
308 959
308 964
308 965
308 968
308 971
308 973
308 974
308 975
308 976
308 979
308 980
308 982
308 984
308 986
308 987
308 988
308 990
308 994
308 995
308 996
308 997
309 502
309 504
309 509
309 512
309 516
309 517
309 524
309 525
309 526
309 527
309 530
309 531
309 532
309 535
309 537
309 538
309 540
309 541
309 542
309 543
309 544
309 545
309 546
309 547
309 548
309 549
309 550
309 551
309 558
309 560
309 562
309 568
309 575
309 577
309 578
309 579
309 580
309 581
309 582
309 583
309 584
309 585
309 586
309 587
309 589
309 592
309 595
309 597
309 598
309 600
309 602
309 606
309 607
309 609
309 610
309 611
309 613
309 614
309 617
309 619
309 625
309 627
309 632
309 633
309 638
309 640
309 642
309 643
309 644
309 646
309 648
309 649
309 651
309 653
309 656
309 657
309 658
309 659
309 663
309 668
309 670
309 671
309 672
309 674
309 680
309 683
309 685
309 687
309 689
309 690
309 691
309 692
309 693
309 695
309 700
309 701
309 703
309 704
309 707
309 708
309 710
309 715
309 720
309 731
309 735
309 736
309 737
309 738
309 740
309 741
309 742
309 746
309 747
309 749
309 753
309 754
309 757
309 758
309 761
309 764
309 766
309 771
309 775
309 776
309 778
309 780
309 781
309 784
309 785
309 795
309 796
309 799
309 800
309 802
309 803
309 804
309 806
309 808
309 810
309 811
309 814
309 815
309 816
309 817
309 818
309 823
309 824
309 826
309 828
309 829
309 830
309 832
309 835
309 837
309 843
309 844
309 846
309 848
309 849
309 853
309 855
309 857
309 862
309 865
309 866
309 868
309 872
309 875
309 876
309 877
309 878
309 881
309 883
309 884
309 885
309 886
309 888
309 889
309 890
309 893
309 894
309 896
309 897
309 898
309 901
309 905
309 906
309 912
309 913
309 920
309 922
309 925
309 926
309 928
309 929
309 930
309 934
309 935
309 936
309 939
309 940
309 941
309 942
309 943
309 949
309 950
309 953
309 954
309 959
309 962
309 963
309 966
309 969
309 970
309 972
309 973
309 974
309 976
309 977
309 980
309 983
309 986
309 987
309 989
309 990
309 992
309 993
309 994
309 995
309 996
309 997
309 998
309 1000
310 502
310 503
310 507
310 511
310 513
310 514
310 517
310 518
310 519
310 520
310 521
310 522
310 524
310 525
310 526
310 527
310 528
310 529
310 533
310 534
310 535
310 539
310 540
310 541
310 542
310 543
310 544
310 547
310 551
310 552
310 555
310 557
310 561
310 564
310 566
310 569
310 577
310 578
310 582
310 586
310 589
310 590
310 592
310 593
310 594
310 601
310 610
310 615
310 616
310 617
310 618
310 624
310 625
310 626
310 628
310 629
310 631
310 632
310 633
310 634
310 635
310 639
310 640
310 642
310 643
310 644
310 646
310 647
310 649
310 650
310 651
310 652
310 653
310 656
310 659
310 660
310 664
310 667
310 670
310 671
310 672
310 673
310 674
310 676
310 681
310 685
310 689
310 692
310 695
310 696
310 697
310 700
310 703
310 705
310 707
310 709
310 712
310 713
310 715
310 717
310 718
310 719
310 720
310 721
310 724
310 725
310 726
310 727
310 728
310 730
310 732
310 734
310 737
310 738
310 741
310 743
310 745
310 747
310 748
310 749
310 751
310 754
310 757
310 761
310 763
310 764
310 766
310 767
310 768
310 776
310 778
310 779
310 781
310 782
310 785
310 789
310 790
310 797
310 799
310 800
310 802
310 804
310 805
310 806
310 808
310 811
310 815
310 817
310 818
310 819
310 821
310 823
310 825
310 826
310 829
310 830
310 831
310 833
310 835
310 836
310 837
310 838
310 839
310 842
310 843
310 844
310 845
310 848
310 850
310 851
310 856
310 857
310 858
310 859
310 861
310 862
310 863
310 865
310 866
310 869
310 870
310 871
310 872
310 873
310 877
310 879
310 883
310 885
310 886
310 890
310 893
310 894
310 896
310 901
310 906
310 908
310 910
310 911
310 912
310 914
310 916
310 917
310 918
310 919
310 920
310 921
310 924
310 925
310 927
310 928
310 929
310 930
310 933
310 936
310 938
310 939
310 942
310 943
310 944
310 947
310 948
310 951
310 955
310 959
310 961
310 962
310 964
310 967
310 969
310 970
310 974
310 976
310 977
310 980
310 981
310 984
310 986
310 988
310 994
310 995
311 501
311 502
311 506
311 510
311 512
311 515
311 518
311 519
311 522
311 524
311 526
311 527
311 529
311 531
311 532
311 533
311 534
311 540
311 542
311 543
311 544
311 545
311 546
311 549
311 551
311 552
311 553
311 555
311 557
311 558
311 559
311 560
311 561
311 562
311 563
311 567
311 570
311 571
311 572
311 573
311 574
311 575
311 577
311 578
311 579
311 580
311 581
311 582
311 586
311 587
311 588
311 590
311 591
311 592
311 593
311 594
311 600
311 601
311 602
311 605
311 610
311 611
311 612
311 614
311 616
311 617
311 618
311 619
311 620
311 621
311 626
311 630
311 632
311 633
311 634
311 635
311 636
311 638
311 639
311 641
311 642
311 645
311 649
311 651
311 652
311 653
311 655
311 656
311 657
311 659
311 662
311 663
311 667
311 668
311 669
311 672
311 674
311 679
311 680
311 683
311 684
311 685
311 686
311 687
311 690
311 691
311 693
311 695
311 698
311 700
311 702
311 707
311 708
311 709
311 712
311 715
311 716
311 717
311 718
311 720
311 721
311 723
311 726
311 729
311 734
311 735
311 736
311 738
311 743
311 744
311 745
311 746
311 747
311 750
311 752
311 755
311 756
311 757
311 758
311 759
311 760
311 761
311 763
311 765
311 767
311 771
311 772
311 774
311 775
311 776
311 777
311 779
311 784
311 790
311 791
311 792
311 797
311 798
311 800
311 801
311 803
311 804
311 805
311 811
311 813
311 814
311 816
311 817
311 819
311 820
311 821
311 822
311 824
311 826
311 827
311 831
311 833
311 835
311 837
311 838
311 839
311 843
311 844
311 845
311 846
311 847
311 848
311 849
311 851
311 854
311 859
311 860
311 862
311 867
311 868
311 870
311 872
311 873
311 875
311 876
311 877
311 878
311 881
311 883
311 888
311 891
311 893
311 895
311 896
311 897
311 898
311 899
311 903
311 905
311 907
311 908
311 911
311 913
311 914
311 915
311 917
311 920
311 921
311 922
311 923
311 924
311 926
311 927
311 928
311 929
311 930
311 933
311 934
311 937
311 941
311 945
311 946
311 947
311 949
311 950
311 951
311 952
311 955
311 957
311 961
311 963
311 965
311 966
311 968
311 970
311 971
311 973
311 978
311 979
311 981
311 982
311 985
311 986
311 987
311 990
311 993
311 994
311 995
311 999
312 501
312 504
312 505
312 506
312 507
312 508
312 509
312 510
312 512
312 513
312 514
312 516
312 517
312 518
312 519
312 522
312 523
312 525
312 526
312 527
312 529
312 531
312 532
312 533
312 535
312 536
312 539
312 544
312 545
312 546
312 547
312 548
312 550
312 551
312 554
312 556
312 557
312 559
312 561
312 562
312 565
312 566
312 567
312 568
312 570
312 572
312 574
312 576
312 579
312 582
312 584
312 587
312 588
312 589
312 593
312 595
312 596
312 598
312 599
312 603
312 606
312 607
312 608
312 609
312 610
312 611
312 614
312 618
312 620
312 621
312 625
312 626
312 627
312 631
312 632
312 633
312 635
312 637
312 638
312 639
312 640
312 642
312 643
312 644
312 648
312 650
312 652
312 653
312 655
312 659
312 666
312 668
312 669
312 671
312 676
312 681
312 684
312 688
312 690
312 691
312 695
312 698
312 701
312 702
312 703
312 704
312 708
312 709
312 710
312 712
312 713
312 714
312 716
312 717
312 718
312 719
312 720
312 724
312 726
312 727
312 730
312 731
312 733
312 734
312 735
312 736
312 737
312 738
312 740
312 744
312 745
312 746
312 748
312 750
312 751
312 752
312 753
312 754
312 755
312 757
312 758
312 759
312 760
312 762
312 763
312 766
312 768
312 773
312 774
312 778
312 780
312 781
312 783
312 786
312 787
312 788
312 792
312 794
312 798
312 800
312 801
312 803
312 804
312 805
312 807
312 808
312 810
312 812
312 813
312 818
312 820
312 821
312 822
312 823
312 826
312 834
312 840
312 843
312 845
312 847
312 849
312 852
312 853
312 856
312 857
312 859
312 860
312 861
312 862
312 863
312 867
312 869
312 871
312 874
312 881
312 883
312 885
312 887
312 888
312 889
312 891
312 892
312 893
312 894
312 896
312 901
312 907
312 910
312 912
312 913
312 914
312 915
312 916
312 917
312 918
312 922
312 923
312 925
312 929
312 930
312 931
312 933
312 935
312 936
312 937
312 938
312 939
312 940
312 941
312 942
312 943
312 944
312 945
312 946
312 947
312 950
312 951
312 953
312 954
312 955
312 957
312 964
312 965
312 969
312 970
312 972
312 973
312 980
312 982
312 987
312 990
312 991
312 997
312 999
312 1000
313 502
313 504
313 506
313 507
313 510
313 511
313 512
313 513
313 517
313 518
313 519
313 520
313 522
313 523
313 524
313 526
313 527
313 528
313 529
313 533
313 535
313 539
313 540
313 542
313 543
313 545
313 547
313 550
313 554
313 555
313 558
313 562
313 563
313 564
313 567
313 569
313 571
313 575
313 576
313 581
313 582
313 584
313 587
313 589
313 591
313 592
313 593
313 595
313 600
313 601
313 603
313 605
313 610
313 612
313 613
313 617
313 622
313 624
313 625
313 628
313 629
313 631
313 632
313 635
313 636
313 639
313 640
313 641
313 642
313 643
313 645
313 647
313 648
313 649
313 652
313 654
313 655
313 656
313 658
313 659
313 661
313 663
313 665
313 668
313 669
313 670
313 672
313 673
313 674
313 676
313 677
313 678
313 680
313 685
313 686
313 689
313 691
313 697
313 701
313 702
313 706
313 709
313 710
313 711
313 712
313 716
313 717
313 718
313 719
313 720
313 721
313 723
313 724
313 725
313 726
313 727
313 732
313 735
313 738
313 740
313 742
313 745
313 747
313 748
313 749
313 752
313 756
313 759
313 761
313 763
313 767
313 768
313 770
313 772
313 773
313 775
313 777
313 781
313 782
313 783
313 784
313 787
313 789
313 793
313 794
313 795
313 797
313 798
313 799
313 802
313 804
313 805
313 806
313 807
313 808
313 809
313 810
313 811
313 813
313 814
313 816
313 817
313 821
313 822
313 824
313 825
313 827
313 830
313 834
313 836
313 837
313 838
313 842
313 843
313 845
313 846
313 847
313 848
313 849
313 851
313 852
313 856
313 858
313 859
313 863
313 868
313 869
313 871
313 873
313 874
313 875
313 877
313 879
313 880
313 881
313 882
313 887
313 888
313 892
313 895
313 896
313 897
313 898
313 902
313 903
313 904
313 907
313 910
313 912
313 913
313 915
313 918
313 920
313 922
313 924
313 938
313 941
313 943
313 944
313 945
313 948
313 952
313 954
313 957
313 959
313 961
313 962
313 963
313 964
313 965
313 967
313 968
313 969
313 970
313 972
313 973
313 974
313 977
313 980
313 982
313 984
313 985
313 988
313 990
313 991
313 993
313 997
313 1000
314 501
314 503
314 504
314 505
314 506
314 507
314 508
314 509
314 511
314 513
314 515
314 516
314 517
314 519
314 521
314 522
314 523
314 525
314 526
314 528
314 531
314 532
314 533
314 534
314 537
314 539
314 540
314 543
314 544
314 545
314 546
314 551
314 558
314 559
314 560
314 562
314 563
314 564
314 565
314 566
314 567
314 568
314 571
314 572
314 573
314 575
314 576
314 577
314 580
314 582
314 584
314 585
314 587
314 593
314 596
314 597
314 599
314 600
314 601
314 604
314 607
314 611
314 619
314 620
314 621
314 622
314 627
314 634
314 637
314 638
314 639
314 641
314 643
314 645
314 646
314 648
314 653
314 654
314 655
314 656
314 658
314 659
314 661
314 663
314 666
314 669
314 670
314 671
314 677
314 678
314 679
314 680
314 681
314 682
314 683
314 685
314 686
314 688
314 689
314 690
314 691
314 694
314 696
314 698
314 699
314 700
314 702
314 708
314 711
314 713
314 714
314 715
314 716
314 720
314 722
314 727
314 728
314 729
314 733
314 734
314 736
314 738
314 739
314 743
314 745
314 749
314 750
314 751
314 752
314 753
314 754
314 758
314 759
314 760
314 761
314 766
314 769
314 771
314 775
314 777
314 779
314 780
314 782
314 783
314 784
314 785
314 788
314 790
314 791
314 792
314 794
314 797
314 799
314 800
314 803
314 805
314 806
314 807
314 809
314 810
314 811
314 814
314 816
314 819
314 821
314 822
314 824
314 826
314 831
314 835
314 837
314 839
314 840
314 841
314 844
314 846
314 848
314 849
314 850
314 851
314 852
314 857
314 859
314 864
314 866
314 867
314 876
314 878
314 887
314 888
314 893
314 894
314 897
314 898
314 900
314 901
314 903
314 905
314 909
314 911
314 912
314 913
314 914
314 915
314 916
314 917
314 920
314 924
314 925
314 927
314 928
314 930
314 931
314 934
314 942
314 946
314 951
314 954
314 957
314 959
314 960
314 966
314 968
314 970
314 971
314 973
314 975
314 979
314 985
314 989
314 990
314 992
314 994
314 998
314 999
314 1000
315 501
315 502
315 504
315 507
315 511
315 513
315 515
315 516
315 518
315 520
315 523
315 528
315 530
315 532
315 533
315 534
315 535
315 536
315 538
315 541
315 543
315 544
315 546
315 548
315 551
315 552
315 553
315 556
315 558
315 562
315 564
315 566
315 569
315 571
315 572
315 576
315 579
315 580
315 582
315 586
315 588
315 589
315 590
315 591
315 593
315 594
315 595
315 596
315 597
315 602
315 603
315 608
315 612
315 614
315 619
315 620
315 621
315 622
315 623
315 626
315 628
315 629
315 631
315 635
315 638
315 639
315 640
315 644
315 645
315 646
315 648
315 650
315 651
315 652
315 653
315 654
315 655
315 657
315 658
315 660
315 661
315 662
315 663
315 664
315 665
315 666
315 667
315 668
315 669
315 670
315 671
315 672
315 673
315 674
315 675
315 677
315 679
315 681
315 683
315 685
315 687
315 690
315 692
315 693
315 695
315 696
315 697
315 701
315 702
315 704
315 705
315 707
315 708
315 710
315 711
315 712
315 713
315 717
315 722
315 723
315 725
315 726
315 727
315 728
315 729
315 731
315 732
315 733
315 734
315 735
315 736
315 738
315 741
315 742
315 744
315 747
315 749
315 754
315 756
315 757
315 758
315 762
315 764
315 765
315 767
315 769
315 771
315 772
315 773
315 774
315 776
315 777
315 779
315 780
315 782
315 783
315 784
315 785
315 788
315 790
315 791
315 792
315 795
315 797
315 798
315 799
315 801
315 802
315 805
315 806
315 810
315 812
315 815
315 817
315 818
315 826
315 828
315 829
315 830
315 832
315 834
315 835
315 841
315 845
315 846
315 847
315 850
315 852
315 854
315 855
315 857
315 859
315 860
315 862
315 866
315 871
315 872
315 874
315 875
315 876
315 877
315 879
315 880
315 881
315 882
315 884
315 886
315 887
315 888
315 891
315 893
315 894
315 896
315 897
315 901
315 905
315 906
315 908
315 909
315 910
315 911
315 912
315 916
315 917
315 922
315 923
315 928
315 934
315 938
315 939
315 943
315 947
315 949
315 952
315 955
315 956
315 964
315 965
315 969
315 970
315 974
315 975
315 976
315 977
315 980
315 981
315 982
315 983
315 985
315 989
315 991
315 992
315 993
315 995
315 996
315 997
316 501
316 503
316 504
316 506
316 508
316 509
316 511
316 512
316 513
316 514
316 516
316 517
316 520
316 522
316 523
316 526
316 532
316 533
316 534
316 537
316 538
316 539
316 540
316 542
316 543
316 544
316 545
316 546
316 547
316 550
316 552
316 557
316 559
316 561
316 562
316 563
316 564
316 567
316 569
316 573
316 574
316 575
316 577
316 578
316 580
316 582
316 584
316 585
316 589
316 590
316 595
316 598
316 599
316 600
316 601
316 605
316 608
316 609
316 610
316 615
316 617
316 619
316 621
316 624
316 625
316 627
316 628
316 629
316 630
316 632
316 633
316 634
316 638
316 642
316 646
316 647
316 650
316 651
316 652
316 653
316 654
316 656
316 657
316 658
316 660
316 661
316 663
316 665
316 667
316 671
316 672
316 673
316 675
316 680
316 682
316 683
316 684
316 686
316 688
316 689
316 691
316 693
316 696
316 698
316 699
316 700
316 701
316 702
316 704
316 706
316 707
316 709
316 710
316 711
316 714
316 717
316 718
316 719
316 722
316 724
316 725
316 727
316 728
316 730
316 737
316 738
316 741
316 744
316 745
316 746
316 748
316 749
316 751
316 752
316 753
316 754
316 758
316 759
316 760
316 761
316 763
316 765
316 766
316 769
316 771
316 772
316 774
316 776
316 782
316 789
316 790
316 792
316 794
316 798
316 799
316 800
316 801
316 803
316 804
316 807
316 809
316 814
316 815
316 816
316 818
316 819
316 820
316 821
316 822
316 824
316 830
316 832
316 834
316 836
316 837
316 838
316 840
316 844
316 848
316 850
316 854
316 855
316 856
316 859
316 861
316 863
316 864
316 867
316 868
316 869
316 870
316 872
316 873
316 876
316 877
316 878
316 879
316 881
316 882
316 884
316 885
316 886
316 888
316 889
316 890
316 891
316 895
316 897
316 899
316 902
316 904
316 911
316 912
316 913
316 917
316 919
316 920
316 921
316 925
316 927
316 928
316 929
316 932
316 935
316 936
316 938
316 941
316 943
316 944
316 945
316 950
316 953
316 955
316 956
316 957
316 958
316 959
316 961
316 963
316 966
316 967
316 969
316 971
316 972
316 973
316 976
316 978
316 979
316 982
316 989
316 997
316 1000
317 502
317 504
317 505
317 506
317 507
317 510
317 511
317 513
317 514
317 515
317 517
317 518
317 522
317 523
317 525
317 526
317 527
317 530
317 531
317 532
317 533
317 534
317 536
317 538
317 540
317 542
317 543
317 544
317 545
317 546
317 547
317 550
317 552
317 556
317 558
317 559
317 560
317 562
317 564
317 565
317 566
317 567
317 568
317 569
317 571
317 575
317 578
317 579
317 581
317 582
317 583
317 585
317 587
317 588
317 589
317 591
317 593
317 595
317 599
317 600
317 604
317 605
317 607
317 609
317 610
317 613
317 614
317 615
317 616
317 619
317 620
317 622
317 623
317 628
317 629
317 630
317 631
317 636
317 637
317 638
317 640
317 641
317 642
317 643
317 647
317 648
317 649
317 653
317 654
317 656
317 658
317 659
317 662
317 664
317 665
317 667
317 669
317 670
317 671
317 673
317 674
317 679
317 682
317 683
317 684
317 685
317 686
317 687
317 694
317 695
317 696
317 701
317 703
317 704
317 708
317 709
317 712
317 713
317 716
317 718
317 721
317 722
317 723
317 724
317 725
317 726
317 728
317 729
317 730
317 732
317 735
317 736
317 737
317 738
317 739
317 741
317 744
317 747
317 749
317 751
317 754
317 755
317 756
317 757
317 758
317 759
317 761
317 762
317 763
317 764
317 766
317 771
317 772
317 773
317 779
317 783
317 785
317 790
317 791
317 792
317 795
317 796
317 804
317 807
317 808
317 812
317 813
317 816
317 817
317 818
317 820
317 821
317 822
317 823
317 828
317 829
317 830
317 831
317 837
317 841
317 842
317 845
317 846
317 847
317 851
317 854
317 855
317 856
317 861
317 868
317 869
317 873
317 876
317 879
317 881
317 884
317 885
317 886
317 891
317 893
317 894
317 896
317 898
317 899
317 902
317 906
317 907
317 908
317 910
317 911
317 914
317 916
317 917
317 919
317 920
317 921
317 923
317 924
317 926
317 927
317 928
317 929
317 930
317 932
317 936
317 941
317 946
317 948
317 949
317 951
317 956
317 958
317 960
317 961
317 964
317 969
317 970
317 973
317 975
317 978
317 980
317 981
317 982
317 983
317 984
317 985
317 986
317 987
317 988
317 989
317 990
317 992
317 994
317 995
317 997
318 501
318 502
318 505
318 507
318 511
318 513
318 517
318 518
318 521
318 522
318 523
318 525
318 530
318 531
318 536
318 537
318 538
318 539
318 540
318 543
318 548
318 549
318 550
318 551
318 552
318 557
318 558
318 560
318 562
318 563
318 565
318 567
318 568
318 570
318 571
318 572
318 574
318 576
318 580
318 582
318 583
318 584
318 586
318 587
318 588
318 590
318 591
318 592
318 594
318 597
318 599
318 601
318 604
318 606
318 609
318 610
318 614
318 617
318 618
318 619
318 621
318 626
318 628
318 632
318 634
318 637
318 647
318 648
318 649
318 650
318 651
318 653
318 654
318 662
318 664
318 666
318 667
318 669
318 670
318 671
318 672
318 673
318 675
318 678
318 681
318 682
318 685
318 686
318 689
318 691
318 694
318 696
318 699
318 700
318 706
318 708
318 709
318 711
318 713
318 714
318 715
318 716
318 719
318 720
318 721
318 726
318 727
318 728
318 730
318 731
318 735
318 736
318 737
318 739
318 741
318 742
318 743
318 745
318 746
318 747
318 748
318 749
318 753
318 756
318 758
318 759
318 761
318 762
318 763
318 764
318 768
318 769
318 771
318 772
318 773
318 774
318 776
318 778
318 779
318 780
318 781
318 783
318 786
318 787
318 790
318 791
318 792
318 793
318 796
318 799
318 800
318 801
318 805
318 808
318 812
318 813
318 816
318 820
318 821
318 822
318 825
318 826
318 827
318 829
318 831
318 836
318 839
318 840
318 848
318 849
318 852
318 854
318 856
318 858
318 861
318 862
318 863
318 864
318 865
318 866
318 868
318 869
318 870
318 871
318 873
318 878
318 880
318 881
318 884
318 886
318 889
318 890
318 892
318 895
318 896
318 902
318 903
318 908
318 911
318 912
318 914
318 915
318 918
318 921
318 924
318 925
318 926
318 927
318 928
318 930
318 931
318 932
318 933
318 934
318 937
318 939
318 941
318 945
318 947
318 949
318 950
318 952
318 953
318 955
318 956
318 957
318 958
318 962
318 963
318 964
318 965
318 966
318 967
318 968
318 969
318 972
318 973
318 978
318 979
318 982
318 985
318 988
318 993
318 1000
319 501
319 502
319 504
319 506
319 508
319 510
319 511
319 513
319 514
319 515
319 516
319 518
319 519
319 520
319 522
319 525
319 526
319 527
319 529
319 533
319 539
319 540
319 542
319 552
319 554
319 556
319 557
319 558
319 559
319 560
319 561
319 563
319 564
319 565
319 566
319 568
319 570
319 572
319 573
319 574
319 575
319 576
319 578
319 580
319 582
319 583
319 585
319 588
319 590
319 592
319 593
319 594
319 595
319 596
319 597
319 601
319 604
319 607
319 608
319 611
319 615
319 618
319 619
319 621
319 622
319 624
319 625
319 626
319 627
319 628
319 629
319 632
319 633
319 636
319 637
319 640
319 644
319 646
319 652
319 655
319 656
319 657
319 658
319 660
319 670
319 672
319 674
319 677
319 678
319 679
319 681
319 682
319 683
319 686
319 687
319 691
319 693
319 694
319 695
319 699
319 701
319 702
319 703
319 705
319 706
319 707
319 709
319 714
319 715
319 716
319 717
319 718
319 719
319 720
319 723
319 724
319 726
319 728
319 731
319 732
319 738
319 740
319 742
319 743
319 744
319 745
319 746
319 747
319 748
319 749
319 751
319 753
319 754
319 756
319 757
319 759
319 760
319 761
319 764
319 765
319 766
319 770
319 771
319 772
319 774
319 775
319 776
319 777
319 780
319 781
319 782
319 783
319 784
319 790
319 791
319 794
319 795
319 798
319 800
319 802
319 803
319 804
319 806
319 807
319 808
319 810
319 811
319 812
319 814
319 816
319 817
319 818
319 819
319 820
319 826
319 828
319 830
319 833
319 834
319 835
319 836
319 837
319 842
319 844
319 846
319 847
319 848
319 853
319 854
319 855
319 861
319 863
319 864
319 865
319 867
319 868
319 869
319 870
319 871
319 872
319 875
319 877
319 879
319 880
319 882
319 884
319 886
319 889
319 897
319 898
319 899
319 906
319 907
319 908
319 909
319 910
319 911
319 914
319 916
319 920
319 921
319 925
319 926
319 928
319 932
319 936
319 942
319 948
319 953
319 955
319 958
319 961
319 963
319 964
319 965
319 966
319 967
319 969
319 972
319 975
319 976
319 978
319 980
319 983
319 987
319 989
319 992
319 994
319 995
319 996
319 1000
320 502
320 503
320 505
320 506
320 507
320 512
320 514
320 515
320 517
320 518
320 521
320 522
320 523
320 524
320 527
320 528
320 529
320 531
320 533
320 534
320 538
320 541
320 544
320 545
320 546
320 549
320 551
320 553
320 554
320 555
320 556
320 560
320 561
320 562
320 563
320 565
320 570
320 571
320 572
320 573
320 575
320 576
320 578
320 580
320 585
320 588
320 589
320 591
320 592
320 593
320 594
320 595
320 599
320 601
320 602
320 603
320 604
320 605
320 606
320 609
320 611
320 612
320 613
320 614
320 615
320 619
320 623
320 626
320 628
320 629
320 633
320 634
320 637
320 639
320 641
320 643
320 645
320 646
320 647
320 649
320 653
320 654
320 655
320 656
320 658
320 659
320 662
320 665
320 666
320 668
320 671
320 673
320 674
320 675
320 677
320 678
320 680
320 683
320 684
320 686
320 688
320 690
320 691
320 692
320 695
320 696
320 697
320 699
320 700
320 703
320 704
320 709
320 711
320 713
320 715
320 717
320 718
320 720
320 722
320 723
320 724
320 725
320 726
320 727
320 729
320 730
320 735
320 739
320 743
320 745
320 748
320 749
320 754
320 757
320 758
320 762
320 763
320 764
320 765
320 769
320 771
320 772
320 773
320 774
320 775
320 776
320 778
320 780
320 781
320 786
320 787
320 789
320 793
320 794
320 795
320 796
320 798
320 799
320 800
320 804
320 805
320 806
320 809
320 810
320 812
320 814
320 816
320 818
320 823
320 824
320 827
320 828
320 829
320 832
320 833
320 835
320 836
320 838
320 839
320 841
320 843
320 844
320 846
320 849
320 853
320 854
320 855
320 859
320 860
320 861
320 862
320 863
320 865
320 868
320 870
320 871
320 874
320 875
320 877
320 879
320 880
320 881
320 886
320 887
320 889
320 890
320 892
320 894
320 895
320 898
320 907
320 908
320 909
320 910
320 912
320 913
320 914
320 915
320 916
320 918
320 920
320 921
320 922
320 924
320 925
320 927
320 930
320 931
320 934
320 935
320 937
320 943
320 945
320 946
320 947
320 951
320 955
320 956
320 960
320 961
320 964
320 965
320 966
320 967
320 968
320 969
320 970
320 972
320 974
320 975
320 977
320 982
320 983
320 986
320 991
320 992
320 996
320 1000
321 503
321 505
321 507
321 508
321 513
321 515
321 520
321 522
321 524
321 526
321 529
321 532
321 535
321 537
321 538
321 542
321 546
321 547
321 548
321 551
321 555
321 558
321 559
321 560
321 564
321 568
321 569
321 571
321 573
321 574
321 575
321 577
321 578
321 581
321 582
321 583
321 584
321 588
321 591
321 592
321 594
321 595
321 597
321 598
321 600
321 604
321 605
321 609
321 610
321 611
321 612
321 616
321 617
321 618
321 619
321 620
321 624
321 626
321 630
321 634
321 636
321 637
321 640
321 641
321 642
321 645
321 646
321 647
321 650
321 652
321 653
321 655
321 656
321 657
321 658
321 659
321 660
321 661
321 664
321 665
321 672
321 675
321 678
321 679
321 681
321 684
321 688
321 690
321 691
321 694
321 695
321 697
321 699
321 700
321 702
321 704
321 705
321 709
321 710
321 711
321 714
321 721
321 723
321 724
321 725
321 726
321 727
321 728
321 730
321 731
321 734
321 736
321 739
321 741
321 742
321 743
321 744
321 746
321 749
321 751
321 752
321 756
321 758
321 759
321 760
321 761
321 762
321 763
321 765
321 769
321 770
321 771
321 772
321 774
321 775
321 776
321 778
321 779
321 780
321 781
321 783
321 784
321 785
321 792
321 793
321 794
321 797
321 798
321 799
321 803
321 805
321 807
321 811
321 812
321 820
321 822
321 824
321 826
321 827
321 830
321 831
321 833
321 841
321 846
321 850
321 852
321 853
321 854
321 859
321 861
321 862
321 864
321 867
321 868
321 871
321 872
321 873
321 874
321 875
321 877
321 879
321 886
321 889
321 890
321 891
321 893
321 895
321 896
321 897
321 898
321 902
321 903
321 904
321 905
321 906
321 907
321 908
321 910
321 911
321 913
321 914
321 916
321 917
321 918
321 919
321 920
321 923
321 926
321 927
321 929
321 930
321 931
321 935
321 937
321 942
321 945
321 949
321 950
321 952
321 953
321 954
321 956
321 957
321 965
321 970
321 971
321 972
321 973
321 974
321 978
321 979
321 980
321 981
321 983
321 985
321 986
321 988
321 990
321 994
321 996
321 997
321 998
321 999
322 504
322 508
322 510
322 512
322 514
322 515
322 518
322 519
322 520
322 524
322 525
322 527
322 528
322 533
322 539
322 540
322 541
322 544
322 545
322 546
322 549
322 551
322 552
322 557
322 559
322 562
322 563
322 564
322 565
322 570
322 571
322 573
322 578
322 584
322 586
322 587
322 588
322 589
322 590
322 592
322 594
322 595
322 596
322 598
322 599
322 600
322 601
322 603
322 604
322 606
322 607
322 608
322 610
322 612
322 613
322 615
322 616
322 619
322 622
322 623
322 628
322 629
322 630
322 631
322 632
322 633
322 634
322 635
322 636
322 637
322 639
322 641
322 642
322 643
322 644
322 645
322 647
322 650
322 652
322 653
322 655
322 657
322 658
322 663
322 667
322 669
322 671
322 675
322 680
322 681
322 682
322 684
322 685
322 687
322 688
322 692
322 695
322 699
322 700
322 704
322 706
322 709
322 711
322 712
322 713
322 714
322 718
322 720
322 721
322 722
322 723
322 724
322 725
322 726
322 727
322 728
322 730
322 737
322 738
322 740
322 742
322 743
322 744
322 748
322 750
322 751
322 752
322 757
322 759
322 761
322 762
322 764
322 767
322 769
322 770
322 772
322 773
322 777
322 779
322 780
322 783
322 784
322 785
322 786
322 788
322 789
322 791
322 792
322 794
322 797
322 798
322 799
322 800
322 802
322 803
322 805
322 808
322 809
322 813
322 816
322 817
322 819
322 823
322 825
322 826
322 827
322 828
322 830
322 832
322 833
322 835
322 836
322 837
322 840
322 843
322 845
322 847
322 848
322 849
322 852
322 853
322 854
322 858
322 863
322 865
322 866
322 868
322 869
322 870
322 871
322 872
322 873
322 875
322 879
322 882
322 883
322 884
322 887
322 888
322 889
322 893
322 894
322 898
322 900
322 901
322 902
322 903
322 904
322 905
322 906
322 908
322 910
322 914
322 916
322 919
322 925
322 926
322 929
322 930
322 931
322 932
322 933
322 934
322 935
322 937
322 938
322 939
322 941
322 943
322 944
322 948
322 949
322 951
322 952
322 954
322 955
322 958
322 959
322 965
322 967
322 971
322 975
322 978
322 980
322 983
322 984
322 985
322 986
322 987
322 989
322 992
322 994
322 995
322 996
323 502
323 505
323 506
323 509
323 510
323 511
323 512
323 513
323 518
323 519
323 520
323 523
323 527
323 532
323 533
323 535
323 541
323 542
323 546
323 547
323 548
323 550
323 552
323 554
323 555
323 558
323 559
323 561
323 562
323 565
323 567
323 568
323 570
323 571
323 573
323 574
323 575
323 578
323 586
323 587
323 589
323 598
323 600
323 601
323 602
323 603
323 604
323 607
323 608
323 610
323 611
323 614
323 617
323 620
323 623
323 624
323 625
323 627
323 629
323 630
323 633
323 635
323 638
323 639
323 641
323 643
323 644
323 646
323 650
323 651
323 654
323 657
323 659
323 664
323 665
323 666
323 668
323 671
323 674
323 675
323 677
323 678
323 679
323 681
323 688
323 689
323 693
323 694
323 695
323 696
323 698
323 699
323 700
323 702
323 708
323 711
323 712
323 713
323 714
323 715
323 717
323 722
323 724
323 727
323 729
323 730
323 731
323 734
323 736
323 738
323 739
323 744
323 745
323 746
323 747
323 750
323 751
323 753
323 756
323 757
323 758
323 763
323 764
323 771
323 778
323 785
323 787
323 788
323 790
323 791
323 794
323 795
323 797
323 802
323 803
323 805
323 807
323 808
323 811
323 812
323 813
323 814
323 818
323 821
323 824
323 825
323 827
323 831
323 834
323 835
323 837
323 838
323 839
323 840
323 844
323 846
323 847
323 848
323 849
323 851
323 856
323 857
323 860
323 861
323 865
323 870
323 871
323 874
323 876
323 877
323 878
323 880
323 881
323 883
323 885
323 888
323 889
323 890
323 891
323 894
323 895
323 903
323 905
323 906
323 907
323 909
323 910
323 912
323 914
323 915
323 917
323 918
323 919
323 920
323 926
323 927
323 928
323 929
323 930
323 931
323 933
323 935
323 936
323 937
323 939
323 941
323 944
323 947
323 951
323 957
323 959
323 961
323 964
323 970
323 971
323 974
323 976
323 978
323 982
323 983
323 984
323 986
323 990
323 991
323 993
323 995
323 998
323 999
323 1000
324 503
324 509
324 511
324 512
324 513
324 515
324 516
324 518
324 519
324 522
324 523
324 524
324 526
324 528
324 529
324 530
324 532
324 537
324 538
324 539
324 544
324 545
324 552
324 555
324 557
324 558
324 561
324 562
324 565
324 566
324 568
324 572
324 580
324 584
324 585
324 586
324 590
324 591
324 592
324 593
324 595
324 596
324 598
324 600
324 601
324 603
324 607
324 609
324 610
324 613
324 615
324 616
324 617
324 618
324 619
324 620
324 621
324 625
324 626
324 629
324 636
324 640
324 642
324 645
324 647
324 648
324 649
324 650
324 652
324 654
324 655
324 659
324 660
324 662
324 663
324 664
324 665
324 666
324 667
324 670
324 671
324 672
324 673
324 674
324 675
324 683
324 685
324 686
324 688
324 689
324 690
324 691
324 692
324 693
324 694
324 695
324 696
324 697
324 700
324 701
324 703
324 705
324 708
324 710
324 712
324 715
324 716
324 720
324 721
324 723
324 726
324 727
324 728
324 732
324 734
324 735
324 736
324 738
324 739
324 741
324 742
324 743
324 744
324 746
324 749
324 751
324 752
324 755
324 760
324 761
324 764
324 767
324 768
324 773
324 775
324 777
324 778
324 779
324 780
324 781
324 783
324 784
324 786
324 790
324 791
324 792
324 793
324 794
324 795
324 798
324 800
324 806
324 807
324 809
324 810
324 811
324 814
324 816
324 819
324 824
324 825
324 826
324 828
324 830
324 831
324 832
324 833
324 835
324 836
324 837
324 838
324 839
324 843
324 846
324 849
324 852
324 853
324 854
324 856
324 858
324 866
324 867
324 873
324 874
324 875
324 876
324 878
324 879
324 881
324 882
324 883
324 884
324 887
324 888
324 889
324 890
324 893
324 895
324 897
324 899
324 900
324 902
324 903
324 904
324 905
324 906
324 909
324 915
324 918
324 919
324 922
324 924
324 925
324 927
324 928
324 930
324 932
324 933
324 935
324 936
324 937
324 938
324 941
324 944
324 945
324 946
324 949
324 950
324 951
324 953
324 954
324 956
324 958
324 959
324 960
324 965
324 966
324 968
324 969
324 970
324 972
324 975
324 976
324 977
324 978
324 981
324 982
324 989
324 992
324 996
324 997
324 1000
325 503
325 504
325 505
325 507
325 510
325 511
325 512
325 514
325 515
325 517
325 518
325 520
325 521
325 522
325 523
325 525
325 526
325 530
325 531
325 534
325 535
325 538
325 539
325 540
325 547
325 549
325 552
325 553
325 557
325 560
325 561
325 565
325 566
325 568
325 570
325 573
325 575
325 576
325 578
325 579
325 581
325 583
325 584
325 586
325 588
325 590
325 596
325 598
325 599
325 600
325 601
325 602
325 608
325 612
325 613
325 615
325 616
325 617
325 623
325 624
325 626
325 628
325 630
325 633
325 634
325 637
325 641
325 646
325 647
325 650
325 652
325 654
325 656
325 658
325 659
325 660
325 662
325 664
325 667
325 668
325 669
325 675
325 677
325 680
325 684
325 685
325 687
325 688
325 691
325 692
325 693
325 695
325 697
325 698
325 701
325 702
325 705
325 706
325 707
325 710
325 711
325 712
325 713
325 720
325 724
325 726
325 728
325 729
325 731
325 736
325 737
325 744
325 745
325 746
325 747
325 749
325 750
325 754
325 755
325 756
325 759
325 760
325 761
325 764
325 766
325 770
325 773
325 776
325 778
325 782
325 783
325 788
325 789
325 790
325 794
325 795
325 796
325 798
325 799
325 801
325 802
325 804
325 805
325 806
325 807
325 809
325 810
325 811
325 812
325 816
325 820
325 821
325 824
325 826
325 828
325 829
325 832
325 834
325 835
325 837
325 838
325 839
325 840
325 842
325 845
325 846
325 847
325 849
325 850
325 851
325 853
325 856
325 857
325 858
325 860
325 861
325 862
325 863
325 866
325 869
325 870
325 871
325 872
325 876
325 879
325 880
325 882
325 883
325 887
325 888
325 889
325 894
325 896
325 897
325 899
325 902
325 906
325 907
325 909
325 911
325 912
325 914
325 916
325 919
325 920
325 921
325 923
325 925
325 929
325 932
325 935
325 937
325 938
325 939
325 941
325 942
325 944
325 945
325 949
325 951
325 952
325 954
325 955
325 959
325 961
325 963
325 965
325 967
325 968
325 969
325 970
325 972
325 974
325 980
325 981
325 984
325 985
325 986
325 987
325 988
325 989
325 994
325 996
325 997
325 998
325 999
325 1000
326 501
326 502
326 504
326 505
326 506
326 510
326 513
326 514
326 516
326 517
326 522
326 523
326 524
326 525
326 526
326 527
326 528
326 530
326 531
326 532
326 534
326 539
326 540
326 541
326 542
326 545
326 546
326 548
326 550
326 555
326 556
326 557
326 559
326 562
326 564
326 570
326 571
326 574
326 578
326 580
326 583
326 585
326 586
326 589
326 592
326 595
326 597
326 598
326 601
326 603
326 607
326 608
326 609
326 610
326 612
326 617
326 618
326 619
326 623
326 624
326 625
326 626
326 627
326 629
326 630
326 631
326 632
326 635
326 636
326 638
326 639
326 640
326 644
326 646
326 647
326 648
326 649
326 650
326 653
326 654
326 657
326 658
326 660
326 661
326 662
326 663
326 668
326 669
326 670
326 671
326 672
326 675
326 679
326 680
326 681
326 682
326 684
326 685
326 688
326 690
326 691
326 692
326 693
326 697
326 698
326 699
326 700
326 705
326 706
326 707
326 708
326 709
326 714
326 715
326 716
326 717
326 719
326 723
326 726
326 728
326 731
326 732
326 735
326 737
326 741
326 743
326 746
326 747
326 750
326 753
326 754
326 755
326 757
326 762
326 764
326 765
326 767
326 768
326 769
326 772
326 774
326 776
326 777
326 780
326 782
326 783
326 786
326 787
326 789
326 790
326 793
326 794
326 798
326 800
326 801
326 802
326 803
326 804
326 805
326 807
326 809
326 810
326 811
326 812
326 813
326 814
326 817
326 818
326 819
326 823
326 826
326 827
326 828
326 831
326 835
326 836
326 837
326 839
326 840
326 841
326 843
326 844
326 846
326 847
326 848
326 850
326 853
326 854
326 856
326 863
326 864
326 865
326 867
326 870
326 878
326 881
326 883
326 884
326 885
326 890
326 892
326 895
326 897
326 900
326 901
326 902
326 903
326 905
326 906
326 911
326 914
326 915
326 916
326 917
326 919
326 921
326 923
326 928
326 929
326 931
326 932
326 934
326 936
326 939
326 940
326 941
326 942
326 946
326 949
326 951
326 954
326 956
326 957
326 958
326 962
326 966
326 968
326 971
326 974
326 976
326 977
326 979
326 980
326 981
326 985
326 986
326 987
326 990
326 991
326 992
326 995
326 997
326 998
326 999
326 1000
327 503
327 505
327 506
327 512
327 513
327 514
327 516
327 518
327 521
327 523
327 525
327 526
327 527
327 528
327 529
327 530
327 531
327 532
327 533
327 534
327 537
327 541
327 543
327 544
327 546
327 548
327 549
327 550
327 553
327 557
327 560
327 561
327 562
327 564
327 566
327 568
327 569
327 570
327 573
327 575
327 582
327 583
327 584
327 586
327 587
327 588
327 592
327 596
327 597
327 604
327 605
327 608
327 611
327 612
327 613
327 615
327 616
327 621
327 622
327 624
327 625
327 629
327 632
327 635
327 638
327 640
327 644
327 646
327 647
327 649
327 655
327 657
327 658
327 659
327 665
327 666
327 668
327 669
327 670
327 674
327 675
327 680
327 681
327 682
327 684
327 685
327 686
327 688
327 690
327 693
327 695
327 696
327 697
327 698
327 699
327 704
327 706
327 708
327 709
327 712
327 713
327 716
327 717
327 718
327 719
327 721
327 723
327 725
327 726
327 728
327 729
327 730
327 731
327 732
327 734
327 736
327 738
327 742
327 745
327 746
327 747
327 748
327 756
327 757
327 758
327 760
327 761
327 762
327 763
327 764
327 769
327 770
327 772
327 774
327 778
327 779
327 780
327 781
327 782
327 783
327 785
327 787
327 789
327 790
327 793
327 795
327 796
327 799
327 800
327 803
327 807
327 808
327 816
327 822
327 823
327 825
327 827
327 829
327 830
327 831
327 834
327 835
327 836
327 840
327 845
327 846
327 848
327 852
327 853
327 856
327 859
327 861
327 863
327 866
327 867
327 868
327 869
327 871
327 873
327 874
327 875
327 877
327 880
327 883
327 885
327 888
327 892
327 895
327 896
327 897
327 898
327 899
327 901
327 902
327 905
327 907
327 910
327 911
327 913
327 914
327 915
327 916
327 918
327 919
327 920
327 923
327 926
327 928
327 931
327 932
327 933
327 939
327 944
327 946
327 948
327 949
327 950
327 952
327 954
327 955
327 956
327 958
327 959
327 962
327 964
327 966
327 967
327 969
327 971
327 972
327 974
327 978
327 982
327 986
327 987
327 988
327 989
327 992
327 994
327 995
327 996
327 998
327 999
327 1000
328 501
328 504
328 508
328 509
328 511
328 514
328 515
328 519
328 521
328 523
328 525
328 527
328 528
328 529
328 534
328 535
328 536
328 539
328 542
328 543
328 544
328 545
328 549
328 550
328 552
328 554
328 555
328 556
328 565
328 566
328 567
328 568
328 569
328 570
328 573
328 574
328 575
328 576
328 581
328 585
328 586
328 589
328 592
328 595
328 596
328 598
328 602
328 604
328 606
328 607
328 608
328 609
328 611
328 612
328 615
328 616
328 617
328 618
328 620
328 626
328 628
328 631
328 632
328 633
328 634
328 636
328 637
328 638
328 639
328 640
328 641
328 642
328 643
328 646
328 649
328 653
328 655
328 656
328 657
328 658
328 660
328 662
328 668
328 671
328 672
328 674
328 681
328 682
328 684
328 686
328 687
328 688
328 689
328 690
328 693
328 694
328 697
328 698
328 699
328 701
328 702
328 703
328 704
328 705
328 706
328 710
328 711
328 712
328 715
328 716
328 722
328 723
328 725
328 728
328 730
328 732
328 733
328 735
328 736
328 737
328 739
328 740
328 741
328 742
328 743
328 745
328 746
328 750
328 752
328 753
328 757
328 759
328 768
328 771
328 773
328 774
328 778
328 779
328 781
328 783
328 786
328 789
328 792
328 794
328 798
328 801
328 802
328 805
328 806
328 807
328 808
328 810
328 811
328 813
328 814
328 815
328 817
328 818
328 820
328 821
328 825
328 828
328 829
328 830
328 831
328 832
328 837
328 838
328 840
328 841
328 844
328 846
328 849
328 852
328 856
328 857
328 860
328 862
328 863
328 864
328 867
328 870
328 874
328 875
328 876
328 877
328 878
328 879
328 881
328 883
328 889
328 891
328 893
328 898
328 899
328 900
328 901
328 903
328 904
328 905
328 908
328 909
328 913
328 915
328 916
328 917
328 918
328 919
328 921
328 923
328 925
328 928
328 930
328 931
328 932
328 933
328 936
328 938
328 944
328 946
328 949
328 951
328 952
328 953
328 956
328 958
328 959
328 962
328 964
328 965
328 966
328 967
328 968
328 970
328 972
328 973
328 974
328 975
328 976
328 977
328 978
328 979
328 980
328 982
328 983
328 984
328 985
328 991
328 993
328 994
328 996
328 997
328 998
328 999
329 501
329 502
329 503
329 504
329 505
329 507
329 509
329 511
329 513
329 515
329 523
329 524
329 525
329 526
329 528
329 530
329 533
329 534
329 536
329 537
329 539
329 541
329 544
329 547
329 548
329 558
329 559
329 560
329 561
329 562
329 564
329 566
329 573
329 575
329 576
329 577
329 578
329 579
329 584
329 585
329 586
329 589
329 592
329 593
329 596
329 601
329 602
329 603
329 604
329 606
329 607
329 609
329 610
329 611
329 614
329 616
329 617
329 618
329 619
329 620
329 622
329 628
329 632
329 634
329 636
329 639
329 644
329 645
329 646
329 649
329 650
329 651
329 654
329 657
329 658
329 660
329 661
329 666
329 668
329 672
329 675
329 676
329 679
329 683
329 684
329 686
329 689
329 692
329 693
329 695
329 699
329 700
329 701
329 702
329 704
329 706
329 710
329 712
329 715
329 720
329 722
329 723
329 727
329 728
329 729
329 732
329 734
329 735
329 737
329 738
329 739
329 740
329 741
329 742
329 743
329 744
329 745
329 748
329 750
329 751
329 753
329 755
329 757
329 758
329 759
329 760
329 762
329 763
329 766
329 768
329 770
329 775
329 776
329 780
329 782
329 784
329 787
329 788
329 789
329 791
329 793
329 796
329 799
329 801
329 802
329 803
329 804
329 807
329 808
329 810
329 811
329 812
329 815
329 816
329 819
329 822
329 823
329 826
329 828
329 829
329 830
329 831
329 832
329 834
329 835
329 836
329 837
329 838
329 840
329 841
329 842
329 843
329 845
329 848
329 849
329 850
329 851
329 853
329 854
329 855
329 857
329 859
329 860
329 861
329 863
329 865
329 866
329 867
329 869
329 870
329 871
329 873
329 877
329 879
329 881
329 882
329 883
329 884
329 885
329 887
329 889
329 890
329 891
329 893
329 894
329 895
329 898
329 901
329 902
329 905
329 906
329 907
329 908
329 912
329 920
329 921
329 925
329 928
329 931
329 932
329 934
329 936
329 938
329 939
329 940
329 942
329 945
329 946
329 949
329 953
329 954
329 957
329 961
329 963
329 964
329 965
329 967
329 968
329 969
329 970
329 975
329 976
329 977
329 978
329 980
329 983
329 984
329 985
329 986
329 989
329 990
329 992
329 993
329 996
329 997
329 999
330 501
330 502
330 503
330 514
330 516
330 517
330 518
330 528
330 531
330 532
330 533
330 534
330 535
330 536
330 538
330 539
330 540
330 541
330 544
330 545
330 546
330 547
330 549
330 551
330 552
330 555
330 556
330 559
330 562
330 564
330 566
330 568
330 572
330 577
330 579
330 584
330 586
330 593
330 598
330 599
330 600
330 601
330 602
330 603
330 604
330 606
330 611
330 614
330 617
330 620
330 621
330 622
330 625
330 626
330 627
330 635
330 636
330 640
330 648
330 650
330 651
330 652
330 655
330 656
330 658
330 659
330 660
330 664
330 666
330 670
330 671
330 672
330 673
330 674
330 676
330 679
330 681
330 683
330 686
330 688
330 689
330 691
330 692
330 693
330 694
330 696
330 697
330 698
330 700
330 701
330 702
330 709
330 714
330 715
330 718
330 719
330 720
330 723
330 724
330 729
330 730
330 731
330 732
330 733
330 734
330 736
330 737
330 740
330 741
330 742
330 744
330 746
330 750
330 751
330 752
330 754
330 755
330 760
330 764
330 765
330 768
330 769
330 770
330 773
330 775
330 778
330 779
330 781
330 785
330 787
330 788
330 789
330 790
330 791
330 793
330 794
330 795
330 798
330 803
330 804
330 807
330 810
330 811
330 812
330 813
330 814
330 815
330 816
330 818
330 819
330 821
330 823
330 824
330 825
330 829
330 831
330 832
330 834
330 836
330 837
330 841
330 843
330 844
330 847
330 848
330 850
330 851
330 852
330 854
330 855
330 857
330 859
330 860
330 863
330 866
330 868
330 870
330 872
330 874
330 876
330 877
330 880
330 881
330 882
330 883
330 884
330 885
330 890
330 891
330 894
330 897
330 898
330 899
330 900
330 904
330 907
330 908
330 918
330 919
330 921
330 923
330 925
330 926
330 927
330 928
330 930
330 931
330 932
330 933
330 935
330 936
330 938
330 940
330 944
330 945
330 946
330 947
330 948
330 952
330 956
330 957
330 960
330 961
330 962
330 963
330 965
330 966
330 967
330 968
330 972
330 975
330 978
330 979
330 980
330 981
330 983
330 990
330 992
330 993
330 995
330 996
330 999
330 1000
331 501
331 502
331 505
331 506
331 509
331 510
331 511
331 512
331 515
331 517
331 518
331 519
331 520
331 521
331 524
331 527
331 529
331 532
331 533
331 534
331 535
331 536
331 540
331 541
331 542
331 543
331 544
331 550
331 551
331 552
331 553
331 556
331 559
331 560
331 563
331 565
331 569
331 571
331 572
331 574
331 576
331 577
331 578
331 581
331 583
331 584
331 588
331 590
331 591
331 592
331 595
331 596
331 600
331 601
331 604
331 605
331 608
331 609
331 611
331 613
331 614
331 615
331 620
331 621
331 625
331 626
331 628
331 630
331 631
331 633
331 634
331 635
331 636
331 637
331 638
331 639
331 640
331 641
331 642
331 644
331 645
331 646
331 647
331 648
331 652
331 655
331 656
331 664
331 665
331 670
331 676
331 677
331 678
331 679
331 680
331 684
331 687
331 690
331 692
331 695
331 696
331 701
331 704
331 705
331 708
331 709
331 712
331 713
331 715
331 717
331 719
331 720
331 724
331 725
331 726
331 728
331 730
331 731
331 736
331 739
331 740
331 741
331 747
331 748
331 754
331 756
331 760
331 762
331 763
331 766
331 767
331 768
331 769
331 770
331 771
331 772
331 774
331 776
331 777
331 779
331 781
331 782
331 783
331 784
331 785
331 786
331 787
331 790
331 793
331 794
331 796
331 797
331 800
331 802
331 803
331 804
331 807
331 811
331 815
331 818
331 821
331 822
331 823
331 826
331 828
331 829
331 830
331 831
331 836
331 837
331 838
331 840
331 841
331 845
331 846
331 849
331 851
331 852
331 854
331 855
331 859
331 862
331 863
331 866
331 867
331 869
331 873
331 875
331 877
331 879
331 881
331 882
331 883
331 884
331 886
331 887
331 888
331 889
331 892
331 894
331 895
331 897
331 905
331 907
331 908
331 909
331 910
331 914
331 915
331 918
331 919
331 924
331 926
331 928
331 929
331 931
331 933
331 934
331 936
331 938
331 941
331 943
331 944
331 946
331 947
331 948
331 951
331 953
331 954
331 955
331 957
331 958
331 959
331 961
331 963
331 966
331 968
331 970
331 971
331 980
331 981
331 982
331 983
331 985
331 994
331 995
331 996
331 997
331 999
332 501
332 502
332 504
332 506
332 507
332 508
332 510
332 511
332 514
332 515
332 516
332 518
332 521
332 523
332 525
332 527
332 529
332 531
332 532
332 537
332 538
332 539
332 540
332 544
332 547
332 548
332 549
332 550
332 551
332 554
332 558
332 559
332 561
332 563
332 566
332 567
332 568
332 571
332 572
332 573
332 575
332 578
332 580
332 581
332 582
332 584
332 585
332 586
332 587
332 588
332 595
332 596
332 597
332 600
332 601
332 604
332 606
332 608
332 609
332 610
332 612
332 613
332 615
332 618
332 620
332 622
332 626
332 628
332 629
332 630
332 631
332 632
332 635
332 636
332 638
332 640
332 642
332 646
332 648
332 650
332 651
332 652
332 653
332 661
332 666
332 671
332 674
332 675
332 678
332 680
332 681
332 689
332 690
332 691
332 692
332 693
332 694
332 695
332 696
332 697
332 701
332 704
332 706
332 707
332 708
332 710
332 711
332 713
332 721
332 722
332 723
332 732
332 734
332 736
332 738
332 739
332 741
332 744
332 745
332 747
332 749
332 750
332 751
332 757
332 759
332 762
332 763
332 764
332 766
332 767
332 768
332 769
332 772
332 774
332 776
332 777
332 780
332 782
332 785
332 787
332 788
332 789
332 791
332 794
332 795
332 797
332 798
332 801
332 803
332 804
332 806
332 807
332 808
332 809
332 810
332 812
332 813
332 814
332 815
332 816
332 817
332 820
332 825
332 827
332 834
332 836
332 838
332 839
332 841
332 842
332 846
332 847
332 849
332 850
332 852
332 854
332 856
332 858
332 859
332 860
332 861
332 863
332 864
332 866
332 869
332 870
332 872
332 873
332 877
332 879
332 881
332 883
332 885
332 887
332 888
332 890
332 892
332 895
332 896
332 897
332 899
332 900
332 901
332 902
332 905
332 907
332 909
332 910
332 915
332 919
332 920
332 922
332 924
332 927
332 928
332 930
332 931
332 932
332 934
332 937
332 940
332 943
332 948
332 952
332 953
332 955
332 956
332 959
332 960
332 961
332 962
332 966
332 967
332 969
332 970
332 974
332 975
332 979
332 980
332 982
332 984
332 987
332 988
332 991
332 992
332 999
332 1000
333 501
333 503
333 504
333 507
333 509
333 510
333 512
333 513
333 514
333 515
333 516
333 519
333 521
333 522
333 523
333 525
333 529
333 530
333 533
333 536
333 537
333 538
333 546
333 548
333 549
333 550
333 551
333 552
333 554
333 556
333 557
333 558
333 559
333 561
333 562
333 566
333 571
333 575
333 580
333 582
333 589
333 590
333 591
333 594
333 597
333 599
333 600
333 602
333 604
333 606
333 607
333 609
333 614
333 615
333 616
333 619
333 621
333 624
333 625
333 627
333 629
333 630
333 633
333 635
333 638
333 639
333 640
333 645
333 648
333 649
333 651
333 653
333 654
333 655
333 656
333 660
333 663
333 664
333 668
333 669
333 674
333 676
333 679
333 680
333 681
333 685
333 688
333 692
333 702
333 703
333 704
333 705
333 706
333 707
333 709
333 711
333 713
333 715
333 716
333 717
333 718
333 719
333 722
333 725
333 726
333 727
333 729
333 730
333 732
333 733
333 735
333 736
333 738
333 742
333 746
333 749
333 750
333 751
333 753
333 755
333 756
333 759
333 760
333 761
333 764
333 765
333 766
333 768
333 769
333 770
333 771
333 775
333 777
333 781
333 782
333 785
333 787
333 788
333 789
333 790
333 791
333 792
333 798
333 799
333 800
333 801
333 802
333 805
333 810
333 811
333 813
333 815
333 816
333 821
333 825
333 826
333 829
333 830
333 831
333 833
333 836
333 838
333 843
333 844
333 845
333 848
333 850
333 852
333 853
333 854
333 855
333 856
333 858
333 861
333 862
333 863
333 864
333 867
333 870
333 871
333 872
333 874
333 875
333 876
333 877
333 880
333 881
333 882
333 884
333 885
333 893
333 894
333 895
333 897
333 898
333 899
333 902
333 903
333 904
333 905
333 907
333 909
333 912
333 915
333 916
333 917
333 919
333 921
333 923
333 924
333 927
333 929
333 931
333 932
333 933
333 934
333 935
333 937
333 939
333 940
333 944
333 946
333 949
333 952
333 953
333 954
333 955
333 956
333 957
333 958
333 959
333 960
333 961
333 963
333 964
333 967
333 968
333 969
333 972
333 973
333 974
333 975
333 976
333 977
333 979
333 980
333 982
333 984
333 985
333 986
333 989
333 993
333 994
333 997
333 999
334 501
334 504
334 508
334 509
334 511
334 514
334 515
334 518
334 521
334 525
334 529
334 531
334 532
334 533
334 534
334 535
334 537
334 540
334 541
334 542
334 543
334 545
334 549
334 551
334 552
334 553
334 555
334 556
334 559
334 560
334 561
334 565
334 566
334 572
334 575
334 577
334 580
334 584
334 585
334 592
334 596
334 599
334 600
334 601
334 602
334 606
334 607
334 612
334 613
334 614
334 615
334 617
334 618
334 621
334 622
334 624
334 625
334 627
334 630
334 631
334 632
334 634
334 635
334 636
334 638
334 640
334 641
334 642
334 644
334 646
334 648
334 650
334 652
334 653
334 657
334 659
334 661
334 662
334 663
334 665
334 666
334 667
334 668
334 671
334 672
334 673
334 676
334 677
334 678
334 679
334 681
334 685
334 688
334 689
334 690
334 693
334 694
334 698
334 700
334 705
334 706
334 708
334 709
334 710
334 711
334 712
334 719
334 720
334 725
334 726
334 727
334 731
334 732
334 734
334 736
334 737
334 744
334 745
334 747
334 748
334 751
334 754
334 756
334 758
334 761
334 762
334 764
334 766
334 768
334 769
334 771
334 774
334 775
334 776
334 777
334 778
334 782
334 785
334 786
334 788
334 790
334 792
334 793
334 794
334 795
334 796
334 797
334 799
334 800
334 801
334 804
334 805
334 806
334 808
334 815
334 817
334 824
334 827
334 829
334 832
334 833
334 834
334 837
334 838
334 839
334 841
334 842
334 844
334 845
334 847
334 848
334 850
334 851
334 853
334 854
334 856
334 857
334 858
334 859
334 861
334 863
334 867
334 868
334 871
334 873
334 874
334 875
334 878
334 879
334 880
334 884
334 886
334 887
334 889
334 890
334 891
334 897
334 898
334 905
334 907
334 908
334 910
334 919
334 926
334 927
334 936
334 940
334 941
334 942
334 943
334 945
334 947
334 948
334 950
334 952
334 953
334 955
334 958
334 959
334 967
334 969
334 971
334 972
334 973
334 976
334 978
334 979
334 980
334 981
334 984
334 985
334 986
334 987
334 990
334 991
334 995
334 996
334 999
334 1000
335 501
335 502
335 503
335 509
335 511
335 513
335 514
335 516
335 519
335 520
335 524
335 525
335 526
335 527
335 531
335 532
335 533
335 535
335 536
335 538
335 540
335 544
335 546
335 547
335 548
335 549
335 551
335 552
335 553
335 556
335 557
335 560
335 561
335 563
335 565
335 566
335 567
335 569
335 570
335 571
335 572
335 574
335 575
335 577
335 579
335 581
335 582
335 583
335 584
335 585
335 586
335 587
335 592
335 593
335 594
335 596
335 597
335 598
335 599
335 608
335 610
335 613
335 616
335 617
335 618
335 620
335 622
335 623
335 625
335 626
335 627
335 630
335 632
335 634
335 636
335 639
335 640
335 641
335 642
335 643
335 646
335 647
335 648
335 649
335 650
335 651
335 653
335 654
335 658
335 659
335 665
335 666
335 672
335 673
335 675
335 681
335 684
335 686
335 687
335 692
335 694
335 696
335 700
335 701
335 703
335 704
335 705
335 706
335 708
335 709
335 713
335 714
335 716
335 718
335 719
335 720
335 726
335 727
335 728
335 729
335 731
335 733
335 734
335 735
335 737
335 738
335 743
335 745
335 746
335 747
335 750
335 752
335 753
335 754
335 755
335 758
335 765
335 766
335 771
335 772
335 776
335 780
335 784
335 785
335 788
335 789
335 790
335 793
335 794
335 795
335 797
335 801
335 802
335 803
335 805
335 807
335 808
335 809
335 810
335 811
335 812
335 814
335 815
335 818
335 819
335 820
335 821
335 824
335 825
335 827
335 829
335 831
335 833
335 834
335 835
335 840
335 842
335 844
335 845
335 846
335 848
335 849
335 850
335 852
335 856
335 857
335 859
335 860
335 866
335 868
335 870
335 872
335 873
335 874
335 875
335 878
335 885
335 886
335 887
335 888
335 889
335 890
335 891
335 895
335 896
335 900
335 903
335 906
335 907
335 909
335 911
335 912
335 913
335 915
335 917
335 920
335 925
335 926
335 928
335 929
335 930
335 932
335 934
335 936
335 939
335 944
335 949
335 950
335 953
335 957
335 958
335 959
335 960
335 962
335 964
335 965
335 966
335 967
335 968
335 969
335 970
335 971
335 972
335 973
335 974
335 981
335 983
335 984
335 987
335 988
335 990
335 993
335 994
335 996
335 998
335 1000
336 501
336 504
336 506
336 507
336 508
336 509
336 511
336 512
336 513
336 517
336 519
336 520
336 522
336 525
336 526
336 527
336 528
336 529
336 532
336 533
336 537
336 541
336 545
336 547
336 549
336 550
336 554
336 556
336 560
336 561
336 564
336 567
336 571
336 572
336 574
336 578
336 579
336 580
336 584
336 588
336 589
336 590
336 591
336 593
336 595
336 596
336 598
336 599
336 601
336 602
336 606
336 607
336 608
336 609
336 610
336 611
336 612
336 613
336 614
336 616
336 618
336 621
336 622
336 625
336 626
336 627
336 632
336 636
336 640
336 643
336 652
336 654
336 655
336 656
336 657
336 658
336 660
336 664
336 665
336 666
336 668
336 670
336 671
336 674
336 676
336 679
336 680
336 681
336 682
336 683
336 684
336 685
336 686
336 687
336 688
336 689
336 691
336 692
336 696
336 697
336 698
336 700
336 701
336 702
336 704
336 705
336 706
336 709
336 710
336 712
336 713
336 716
336 722
336 724
336 725
336 726
336 728
336 732
336 734
336 735
336 736
336 738
336 740
336 741
336 742
336 744
336 746
336 748
336 749
336 750
336 751
336 754
336 756
336 759
336 760
336 761
336 762
336 767
336 768
336 770
336 773
336 774
336 776
336 781
336 782
336 785
336 786
336 789
336 793
336 794
336 796
336 797
336 799
336 800
336 803
336 804
336 805
336 807
336 809
336 810
336 811
336 812
336 813
336 814
336 816
336 821
336 824
336 825
336 826
336 827
336 828
336 829
336 830
336 833
336 834
336 835
336 837
336 838
336 840
336 841
336 842
336 843
336 847
336 850
336 852
336 853
336 854
336 856
336 857
336 860
336 863
336 864
336 866
336 869
336 871
336 872
336 873
336 875
336 876
336 877
336 880
336 883
336 884
336 885
336 886
336 887
336 889
336 890
336 893
336 894
336 895
336 896
336 898
336 899
336 904
336 907
336 909
336 910
336 914
336 915
336 916
336 921
336 923
336 924
336 925
336 929
336 935
336 937
336 939
336 941
336 945
336 949
336 950
336 951
336 953
336 955
336 956
336 958
336 960
336 961
336 964
336 965
336 966
336 968
336 969
336 970
336 973
336 974
336 977
336 978
336 979
336 981
336 982
336 983
336 985
336 986
336 988
336 996
336 998
336 999
337 507
337 509
337 512
337 513
337 514
337 518
337 520
337 524
337 525
337 527
337 530
337 531
337 532
337 533
337 534
337 535
337 538
337 540
337 543
337 544
337 547
337 549
337 552
337 553
337 554
337 556
337 557
337 559
337 560
337 561
337 563
337 565
337 567
337 569
337 573
337 575
337 576
337 583
337 584
337 585
337 586
337 589
337 591
337 592
337 595
337 596
337 598
337 600
337 601
337 602
337 608
337 609
337 611
337 613
337 614
337 615
337 616
337 618
337 620
337 621
337 622
337 623
337 626
337 627
337 631
337 633
337 637
337 638
337 639
337 641
337 642
337 643
337 644
337 646
337 648
337 649
337 650
337 652
337 653
337 656
337 657
337 660
337 662
337 663
337 664
337 665
337 668
337 669
337 675
337 676
337 677
337 684
337 685
337 686
337 687
337 690
337 691
337 692
337 693
337 695
337 698
337 699
337 701
337 702
337 703
337 704
337 705
337 707
337 708
337 709
337 711
337 712
337 714
337 716
337 718
337 720
337 728
337 729
337 731
337 732
337 735
337 739
337 740
337 741
337 743
337 744
337 746
337 747
337 750
337 752
337 753
337 754
337 756
337 758
337 759
337 764
337 765
337 768
337 769
337 772
337 773
337 774
337 776
337 777
337 778
337 780
337 781
337 787
337 789
337 792
337 793
337 795
337 799
337 801
337 802
337 803
337 804
337 805
337 808
337 809
337 815
337 818
337 820
337 821
337 823
337 825
337 832
337 833
337 836
337 838
337 846
337 847
337 848
337 849
337 850
337 853
337 854
337 855
337 859
337 860
337 861
337 862
337 867
337 868
337 869
337 870
337 873
337 874
337 876
337 878
337 884
337 887
337 889
337 890
337 891
337 892
337 894
337 899
337 900
337 904
337 905
337 906
337 909
337 911
337 912
337 916
337 918
337 919
337 920
337 923
337 924
337 925
337 926
337 927
337 928
337 932
337 933
337 934
337 937
337 938
337 939
337 946
337 948
337 950
337 951
337 952
337 953
337 956
337 958
337 959
337 960
337 964
337 965
337 967
337 970
337 971
337 974
337 980
337 990
337 991
337 992
337 995
337 996
337 998
338 501
338 502
338 503
338 504
338 505
338 506
338 511
338 513
338 514
338 515
338 516
338 517
338 520
338 521
338 524
338 525
338 526
338 529
338 533
338 534
338 536
338 538
338 541
338 543
338 544
338 547
338 549
338 550
338 551
338 552
338 553
338 554
338 556
338 559
338 562
338 563
338 564
338 565
338 566
338 567
338 570
338 571
338 573
338 574
338 575
338 577
338 579
338 580
338 582
338 583
338 584
338 585
338 587
338 588
338 590
338 595
338 596
338 597
338 599
338 603
338 607
338 608
338 610
338 611
338 612
338 613
338 615
338 617
338 623
338 624
338 625
338 627
338 628
338 629
338 630
338 632
338 633
338 636
338 637
338 639
338 640
338 641
338 643
338 644
338 646
338 647
338 649
338 650
338 651
338 656
338 657
338 658
338 659
338 660
338 663
338 668
338 669
338 675
338 676
338 678
338 679
338 680
338 681
338 683
338 686
338 687
338 689
338 692
338 704
338 706
338 707
338 708
338 709
338 711
338 717
338 719
338 720
338 723
338 724
338 726
338 727
338 730
338 734
338 736
338 737
338 738
338 741
338 742
338 744
338 746
338 748
338 749
338 750
338 751
338 753
338 754
338 755
338 759
338 761
338 762
338 763
338 767
338 768
338 770
338 772
338 773
338 776
338 777
338 781
338 782
338 785
338 787
338 793
338 794
338 795
338 798
338 799
338 800
338 802
338 803
338 804
338 805
338 807
338 809
338 811
338 812
338 816
338 818
338 823
338 825
338 826
338 828
338 830
338 833
338 836
338 839
338 840
338 841
338 843
338 845
338 846
338 847
338 850
338 852
338 853
338 855
338 856
338 857
338 859
338 860
338 861
338 865
338 866
338 867
338 872
338 873
338 874
338 875
338 878
338 879
338 881
338 882
338 883
338 884
338 885
338 892
338 893
338 895
338 896
338 897
338 898
338 899
338 905
338 906
338 907
338 909
338 910
338 911
338 913
338 914
338 916
338 918
338 919
338 921
338 923
338 925
338 926
338 927
338 929
338 931
338 937
338 940
338 941
338 942
338 943
338 944
338 945
338 948
338 949
338 950
338 951
338 955
338 956
338 959
338 960
338 963
338 965
338 966
338 967
338 968
338 969
338 971
338 973
338 976
338 978
338 980
338 982
338 990
338 995
338 996
338 998
338 999
338 1000
339 503
339 505
339 512
339 515
339 517
339 519
339 522
339 523
339 524
339 525
339 527
339 530
339 532
339 533
339 534
339 535
339 536
339 537
339 540
339 543
339 545
339 546
339 553
339 555
339 556
339 557
339 558
339 559
339 562
339 563
339 565
339 569
339 574
339 576
339 577
339 578
339 583
339 584
339 585
339 595
339 600
339 602
339 604
339 605
339 606
339 607
339 608
339 610
339 611
339 612
339 614
339 616
339 617
339 619
339 621
339 622
339 624
339 628
339 629
339 630
339 632
339 637
339 639
339 641
339 644
339 646
339 650
339 651
339 655
339 660
339 662
339 663
339 665
339 671
339 673
339 674
339 678
339 681
339 682
339 683
339 684
339 685
339 688
339 695
339 696
339 698
339 699
339 701
339 703
339 704
339 706
339 707
339 708
339 710
339 711
339 712
339 713
339 716
339 719
339 720
339 721
339 722
339 723
339 724
339 725
339 727
339 728
339 731
339 732
339 734
339 735
339 736
339 739
339 740
339 744
339 745
339 748
339 749
339 751
339 753
339 754
339 757
339 760
339 762
339 763
339 766
339 767
339 768
339 769
339 770
339 772
339 774
339 776
339 777
339 783
339 784
339 785
339 787
339 793
339 794
339 796
339 799
339 801
339 805
339 806
339 807
339 808
339 810
339 811
339 813
339 815
339 816
339 817
339 819
339 820
339 827
339 828
339 829
339 833
339 837
339 839
339 841
339 842
339 845
339 846
339 849
339 851
339 852
339 853
339 854
339 856
339 857
339 858
339 859
339 860
339 861
339 862
339 864
339 865
339 866
339 870
339 873
339 874
339 876
339 878
339 879
339 882
339 886
339 888
339 889
339 891
339 892
339 893
339 895
339 896
339 898
339 900
339 901
339 902
339 903
339 906
339 907
339 909
339 910
339 911
339 912
339 916
339 917
339 919
339 921
339 922
339 926
339 927
339 928
339 929
339 934
339 935
339 936
339 937
339 939
339 940
339 943
339 945
339 946
339 948
339 949
339 950
339 951
339 953
339 955
339 958
339 962
339 963
339 966
339 969
339 970
339 972
339 973
339 976
339 977
339 979
339 985
339 986
339 987
339 991
339 995
339 997
340 502
340 504
340 507
340 508
340 512
340 513
340 516
340 517
340 518
340 519
340 521
340 522
340 523
340 525
340 531
340 532
340 533
340 536
340 537
340 539
340 540
340 542
340 543
340 545
340 547
340 548
340 550
340 551
340 552
340 553
340 554
340 556
340 557
340 560
340 561
340 562
340 563
340 564
340 565
340 566
340 568
340 569
340 570
340 571
340 573
340 575
340 579
340 580
340 583
340 588
340 591
340 592
340 593
340 595
340 596
340 597
340 598
340 600
340 601
340 602
340 604
340 605
340 607
340 609
340 611
340 614
340 616
340 618
340 621
340 623
340 625
340 627
340 628
340 629
340 634
340 636
340 638
340 640
340 643
340 646
340 647
340 648
340 649
340 650
340 651
340 652
340 655
340 656
340 657
340 658
340 659
340 660
340 661
340 662
340 663
340 664
340 666
340 667
340 668
340 670
340 671
340 672
340 676
340 678
340 679
340 681
340 682
340 686
340 690
340 691
340 694
340 695
340 698
340 703
340 706
340 708
340 710
340 711
340 712
340 714
340 715
340 718
340 719
340 721
340 723
340 725
340 727
340 730
340 732
340 733
340 734
340 737
340 746
340 751
340 752
340 754
340 758
340 760
340 766
340 767
340 768
340 771
340 774
340 775
340 780
340 781
340 783
340 784
340 786
340 787
340 789
340 793
340 794
340 797
340 798
340 801
340 805
340 806
340 809
340 810
340 811
340 818
340 819
340 825
340 826
340 827
340 831
340 832
340 833
340 836
340 841
340 842
340 843
340 845
340 846
340 849
340 852
340 853
340 858
340 859
340 860
340 863
340 865
340 866
340 868
340 871
340 872
340 874
340 875
340 876
340 881
340 884
340 886
340 887
340 888
340 889
340 890
340 891
340 894
340 899
340 900
340 901
340 902
340 903
340 904
340 905
340 906
340 909
340 913
340 917
340 920
340 921
340 922
340 923
340 924
340 929
340 930
340 931
340 932
340 933
340 935
340 938
340 939
340 944
340 949
340 951
340 958
340 959
340 962
340 964
340 965
340 966
340 967
340 968
340 969
340 971
340 973
340 974
340 975
340 978
340 981
340 985
340 987
340 991
340 994
340 995
340 999
341 502
341 503
341 504
341 505
341 506
341 507
341 508
341 509
341 512
341 514
341 515
341 518
341 522
341 524
341 525
341 528
341 530
341 533
341 534
341 535
341 537
341 540
341 541
341 542
341 545
341 546
341 547
341 548
341 550
341 552
341 554
341 555
341 556
341 559
341 561
341 563
341 565
341 566
341 570
341 573
341 575
341 576
341 577
341 579
341 581
341 582
341 584
341 586
341 587
341 588
341 590
341 591
341 592
341 593
341 595
341 597
341 598
341 599
341 601
341 605
341 606
341 607
341 608
341 609
341 610
341 612
341 613
341 614
341 615
341 618
341 619
341 620
341 622
341 623
341 624
341 625
341 627
341 628
341 629
341 630
341 635
341 636
341 637
341 638
341 639
341 640
341 643
341 647
341 648
341 649
341 650
341 657
341 660
341 661
341 663
341 664
341 666
341 667
341 668
341 670
341 673
341 674
341 676
341 681
341 683
341 685
341 686
341 687
341 690
341 691
341 693
341 695
341 698
341 699
341 700
341 703
341 704
341 706
341 717
341 718
341 719
341 721
341 723
341 724
341 725
341 726
341 730
341 732
341 733
341 734
341 737
341 739
341 740
341 741
341 742
341 744
341 746
341 747
341 748
341 749
341 750
341 753
341 755
341 756
341 757
341 761
341 764
341 767
341 774
341 777
341 780
341 782
341 783
341 785
341 786
341 789
341 791
341 793
341 794
341 798
341 799
341 800
341 801
341 803
341 804
341 808
341 810
341 811
341 812
341 814
341 815
341 817
341 818
341 820
341 821
341 822
341 823
341 824
341 829
341 830
341 831
341 833
341 837
341 839
341 840
341 841
341 842
341 843
341 844
341 847
341 849
341 850
341 852
341 854
341 855
341 857
341 858
341 859
341 862
341 864
341 865
341 867
341 869
341 870
341 875
341 877
341 878
341 879
341 882
341 883
341 884
341 886
341 887
341 895
341 897
341 898
341 899
341 901
341 903
341 904
341 905
341 906
341 907
341 908
341 910
341 911
341 912
341 915
341 916
341 919
341 921
341 922
341 923
341 924
341 928
341 929
341 930
341 931
341 932
341 933
341 934
341 935
341 938
341 940
341 941
341 943
341 945
341 946
341 947
341 949
341 951
341 952
341 954
341 955
341 957
341 958
341 960
341 964
341 971
341 972
341 975
341 976
341 977
341 978
341 980
341 982
341 984
341 985
341 986
341 987
341 989
341 992
341 993
341 995
341 996
341 999
341 1000
342 501
342 502
342 503
342 504
342 505
342 509
342 513
342 515
342 517
342 518
342 519
342 521
342 524
342 528
342 529
342 530
342 534
342 535
342 537
342 538
342 539
342 541
342 542
342 544
342 545
342 546
342 547
342 550
342 551
342 552
342 556
342 557
342 558
342 559
342 561
342 562
342 565
342 566
342 567
342 570
342 572
342 574
342 575
342 576
342 577
342 578
342 579
342 581
342 583
342 586
342 591
342 593
342 594
342 596
342 598
342 607
342 608
342 609
342 610
342 612
342 616
342 617
342 618
342 619
342 621
342 624
342 626
342 628
342 629
342 630
342 632
342 633
342 635
342 637
342 638
342 639
342 641
342 642
342 647
342 648
342 650
342 651
342 652
342 653
342 654
342 655
342 660
342 662
342 663
342 664
342 665
342 666
342 667
342 668
342 669
342 670
342 672
342 675
342 676
342 678
342 680
342 681
342 684
342 685
342 686
342 687
342 688
342 689
342 693
342 694
342 695
342 697
342 698
342 699
342 704
342 706
342 707
342 708
342 709
342 712
342 714
342 715
342 719
342 720
342 721
342 722
342 723
342 724
342 728
342 729
342 730
342 731
342 732
342 734
342 735
342 739
342 742
342 744
342 746
342 748
342 752
342 754
342 755
342 758
342 760
342 761
342 763
342 767
342 768
342 770
342 771
342 772
342 773
342 775
342 776
342 779
342 783
342 785
342 786
342 788
342 789
342 790
342 791
342 792
342 793
342 794
342 795
342 800
342 801
342 802
342 803
342 805
342 806
342 808
342 809
342 810
342 812
342 814
342 815
342 820
342 821
342 823
342 824
342 825
342 828
342 831
342 832
342 833
342 836
342 837
342 839
342 840
342 841
342 845
342 847
342 848
342 849
342 850
342 852
342 853
342 854
342 855
342 862
342 863
342 864
342 865
342 866
342 868
342 869
342 873
342 876
342 878
342 879
342 883
342 885
342 886
342 887
342 888
342 890
342 891
342 892
342 893
342 902
342 904
342 910
342 912
342 913
342 914
342 915
342 916
342 917
342 918
342 922
342 923
342 928
342 929
342 930
342 931
342 932
342 935
342 936
342 938
342 941
342 942
342 943
342 947
342 950
342 953
342 955
342 959
342 960
342 961
342 963
342 965
342 967
342 968
342 969
342 971
342 972
342 974
342 975
342 982
342 983
342 984
342 985
342 986
342 991
342 994
342 996
342 997
342 999
342 1000
343 501
343 505
343 508
343 510
343 512
343 513
343 515
343 517
343 519
343 520
343 521
343 522
343 529
343 534
343 535
343 537
343 538
343 546
343 547
343 548
343 552
343 553
343 557
343 566
343 572
343 580
343 585
343 587
343 590
343 591
343 593
343 594
343 595
343 598
343 599
343 600
343 603
343 604
343 605
343 607
343 614
343 616
343 618
343 620
343 621
343 622
343 624
343 625
343 627
343 629
343 630
343 631
343 632
343 633
343 636
343 637
343 641
343 642
343 643
343 644
343 645
343 648
343 650
343 652
343 654
343 659
343 660
343 663
343 665
343 666
343 668
343 671
343 672
343 673
343 675
343 676
343 677
343 681
343 685
343 686
343 693
343 695
343 696
343 700
343 702
343 705
343 711
343 714
343 715
343 717
343 718
343 719
343 721
343 722
343 729
343 730
343 731
343 732
343 733
343 738
343 740
343 741
343 745
343 746
343 747
343 748
343 750
343 753
343 755
343 756
343 758
343 763
343 764
343 766
343 768
343 769
343 771
343 774
343 775
343 776
343 777
343 780
343 781
343 782
343 783
343 785
343 786
343 789
343 790
343 794
343 800
343 802
343 805
343 807
343 810
343 812
343 814
343 816
343 818
343 819
343 825
343 829
343 830
343 832
343 833
343 834
343 835
343 836
343 837
343 839
343 840
343 846
343 847
343 849
343 853
343 854
343 856
343 857
343 858
343 859
343 862
343 863
343 867
343 872
343 874
343 877
343 879
343 880
343 881
343 882
343 883
343 885
343 886
343 888
343 889
343 890
343 892
343 893
343 896
343 901
343 902
343 904
343 908
343 911
343 914
343 917
343 919
343 920
343 922
343 924
343 925
343 927
343 928
343 929
343 930
343 931
343 933
343 935
343 936
343 938
343 940
343 942
343 943
343 944
343 946
343 948
343 952
343 953
343 954
343 955
343 957
343 960
343 964
343 965
343 970
343 972
343 973
343 974
343 975
343 977
343 979
343 980
343 981
343 983
343 985
343 989
343 991
343 997
343 998
344 502
344 503
344 504
344 508
344 510
344 511
344 512
344 514
344 515
344 516
344 519
344 522
344 524
344 525
344 526
344 528
344 530
344 531
344 532
344 534
344 535
344 536
344 538
344 541
344 542
344 544
344 545
344 546
344 548
344 551
344 552
344 556
344 557
344 561
344 564
344 567
344 570
344 571
344 572
344 573
344 574
344 577
344 578
344 579
344 581
344 582
344 584
344 585
344 587
344 588
344 589
344 591
344 596
344 597
344 600
344 601
344 605
344 606
344 609
344 610
344 611
344 613
344 615
344 616
344 619
344 623
344 624
344 625
344 626
344 627
344 629
344 630
344 635
344 638
344 639
344 641
344 642
344 644
344 647
344 651
344 652
344 654
344 655
344 656
344 657
344 660
344 661
344 662
344 663
344 665
344 669
344 674
344 677
344 679
344 681
344 688
344 689
344 691
344 695
344 696
344 697
344 698
344 699
344 700
344 701
344 704
344 705
344 707
344 709
344 712
344 713
344 715
344 716
344 723
344 724
344 725
344 730
344 732
344 733
344 740
344 741
344 742
344 745
344 746
344 747
344 752
344 753
344 754
344 758
344 759
344 760
344 761
344 762
344 766
344 767
344 768
344 770
344 773
344 774
344 775
344 776
344 777
344 778
344 781
344 785
344 786
344 787
344 788
344 793
344 794
344 796
344 797
344 798
344 803
344 804
344 806
344 808
344 809
344 813
344 815
344 818
344 820
344 821
344 822
344 825
344 827
344 828
344 829
344 831
344 838
344 840
344 841
344 842
344 843
344 844
344 845
344 848
344 849
344 850
344 851
344 853
344 856
344 857
344 859
344 860
344 861
344 862
344 863
344 867
344 869
344 871
344 872
344 874
344 877
344 882
344 883
344 884
344 886
344 887
344 888
344 889
344 891
344 892
344 898
344 900
344 901
344 902
344 905
344 907
344 908
344 909
344 910
344 915
344 917
344 918
344 919
344 920
344 922
344 928
344 933
344 937
344 939
344 941
344 943
344 944
344 946
344 947
344 949
344 955
344 957
344 959
344 961
344 962
344 969
344 971
344 975
344 978
344 979
344 980
344 981
344 983
344 985
344 988
344 989
344 992
344 997
345 506
345 507
345 510
345 512
345 513
345 515
345 516
345 519
345 520
345 521
345 522
345 523
345 525
345 526
345 528
345 530
345 532
345 533
345 534
345 539
345 544
345 548
345 549
345 550
345 551
345 553
345 554
345 555
345 557
345 561
345 562
345 565
345 567
345 574
345 577
345 578
345 580
345 582
345 583
345 584
345 587
345 588
345 591
345 593
345 595
345 596
345 597
345 599
345 601
345 602
345 603
345 604
345 605
345 608
345 609
345 610
345 615
345 619
345 620
345 621
345 622
345 623
345 624
345 625
345 630
345 634
345 637
345 638
345 641
345 644
345 645
345 646
345 647
345 652
345 654
345 655
345 656
345 661
345 663
345 664
345 667
345 668
345 670
345 672
345 676
345 677
345 678
345 680
345 684
345 685
345 688
345 689
345 690
345 691
345 694
345 695
345 698
345 699
345 700
345 701
345 705
345 706
345 707
345 708
345 711
345 712
345 713
345 718
345 721
345 723
345 725
345 726
345 728
345 730
345 731
345 732
345 733
345 734
345 735
345 736
345 737
345 741
345 743
345 745
345 746
345 748
345 751
345 755
345 756
345 757
345 759
345 762
345 765
345 767
345 769
345 771
345 772
345 777
345 780
345 781
345 782
345 783
345 792
345 793
345 794
345 796
345 797
345 800
345 801
345 803
345 804
345 809
345 810
345 811
345 814
345 816
345 821
345 822
345 824
345 830
345 831
345 835
345 836
345 839
345 840
345 841
345 844
345 845
345 848
345 849
345 850
345 852
345 853
345 855
345 857
345 858
345 859
345 862
345 863
345 866
345 868
345 870
345 872
345 875
345 878
345 879
345 880
345 881
345 883
345 884
345 885
345 886
345 888
345 889
345 891
345 892
345 899
345 900
345 902
345 904
345 905
345 906
345 907
345 911
345 915
345 918
345 920
345 922
345 924
345 930
345 934
345 935
345 937
345 938
345 939
345 941
345 942
345 943
345 946
345 949
345 951
345 952
345 956
345 957
345 958
345 959
345 962
345 963
345 966
345 967
345 970
345 976
345 980
345 981
345 984
345 986
345 987
345 990
345 991
345 992
345 993
345 994
345 995
345 996
345 997
345 998
345 999
346 501
346 504
346 505
346 510
346 511
346 512
346 514
346 515
346 516
346 517
346 525
346 527
346 528
346 529
346 531
346 534
346 535
346 536
346 538
346 539
346 542
346 544
346 545
346 546
346 547
346 550
346 555
346 563
346 564
346 570
346 577
346 580
346 583
346 584
346 585
346 588
346 590
346 591
346 593
346 594
346 596
346 601
346 602
346 603
346 604
346 605
346 606
346 608
346 610
346 612
346 613
346 615
346 617
346 621
346 623
346 624
346 628
346 630
346 631
346 632
346 634
346 637
346 639
346 641
346 645
346 653
346 655
346 656
346 658
346 659
346 661
346 662
346 663
346 664
346 665
346 667
346 670
346 671
346 673
346 674
346 676
346 677
346 679
346 684
346 685
346 687
346 692
346 694
346 699
346 700
346 702
346 703
346 704
346 705
346 707
346 708
346 711
346 713
346 714
346 716
346 723
346 726
346 728
346 729
346 731
346 734
346 735
346 737
346 738
346 741
346 742
346 744
346 747
346 751
346 754
346 756
346 758
346 761
346 766
346 770
346 778
346 780
346 781
346 783
346 789
346 791
346 793
346 794
346 795
346 798
346 799
346 801
346 802
346 803
346 804
346 813
346 819
346 820
346 824
346 826
346 828
346 829
346 831
346 835
346 836
346 839
346 841
346 842
346 843
346 844
346 845
346 847
346 848
346 849
346 851
346 852
346 855
346 856
346 858
346 864
346 865
346 866
346 868
346 869
346 872
346 873
346 875
346 876
346 878
346 879
346 880
346 886
346 888
346 890
346 891
346 894
346 897
346 900
346 904
346 909
346 913
346 914
346 915
346 917
346 921
346 922
346 923
346 926
346 927
346 930
346 932
346 939
346 940
346 943
346 944
346 946
346 948
346 949
346 950
346 953
346 954
346 956
346 958
346 960
346 963
346 965
346 966
346 967
346 968
346 971
346 972
346 974
346 975
346 976
346 981
346 982
346 983
346 986
346 987
346 989
346 991
346 993
346 994
346 996
346 999
347 502
347 503
347 504
347 509
347 510
347 511
347 512
347 514
347 515
347 519
347 520
347 522
347 523
347 527
347 529
347 531
347 533
347 534
347 535
347 538
347 540
347 541
347 542
347 545
347 546
347 547
347 549
347 550
347 551
347 552
347 554
347 555
347 557
347 558
347 559
347 560
347 563
347 567
347 568
347 569
347 575
347 577
347 579
347 582
347 584
347 586
347 587
347 588
347 590
347 592
347 594
347 595
347 598
347 601
347 604
347 605
347 608
347 609
347 610
347 611
347 615
347 616
347 619
347 620
347 621
347 623
347 626
347 627
347 628
347 635
347 637
347 638
347 641
347 643
347 644
347 645
347 650
347 652
347 654
347 656
347 661
347 662
347 668
347 670
347 671
347 672
347 673
347 675
347 677
347 681
347 683
347 685
347 687
347 688
347 689
347 693
347 694
347 697
347 698
347 700
347 705
347 707
347 709
347 710
347 712
347 715
347 717
347 725
347 727
347 728
347 729
347 731
347 733
347 734
347 735
347 736
347 737
347 739
347 742
347 745
347 747
347 748
347 750
347 751
347 753
347 755
347 756
347 759
347 762
347 765
347 769
347 770
347 773
347 776
347 778
347 780
347 781
347 782
347 789
347 790
347 791
347 792
347 793
347 795
347 796
347 803
347 806
347 807
347 808
347 816
347 818
347 819
347 821
347 823
347 824
347 831
347 833
347 834
347 835
347 837
347 839
347 840
347 841
347 842
347 843
347 846
347 847
347 848
347 852
347 853
347 854
347 857
347 858
347 860
347 861
347 862
347 863
347 867
347 868
347 869
347 870
347 871
347 873
347 875
347 876
347 877
347 881
347 883
347 884
347 885
347 890
347 892
347 896
347 898
347 900
347 901
347 902
347 904
347 905
347 907
347 909
347 911
347 912
347 913
347 914
347 916
347 917
347 918
347 920
347 924
347 925
347 931
347 934
347 936
347 937
347 938
347 939
347 940
347 941
347 942
347 947
347 949
347 950
347 952
347 955
347 957
347 960
347 961
347 962
347 964
347 966
347 967
347 968
347 969
347 970
347 971
347 972
347 974
347 976
347 977
347 980
347 983
347 984
347 985
347 987
347 988
347 989
347 990
347 991
347 992
347 993
347 994
347 999
347 1000
348 501
348 502
348 506
348 507
348 508
348 509
348 510
348 513
348 514
348 516
348 517
348 519
348 520
348 523
348 524
348 526
348 527
348 528
348 530
348 533
348 536
348 537
348 538
348 539
348 542
348 543
348 544
348 545
348 546
348 547
348 549
348 550
348 552
348 553
348 554
348 556
348 563
348 564
348 572
348 574
348 575
348 577
348 578
348 584
348 585
348 593
348 598
348 605
348 607
348 610
348 616
348 617
348 620
348 621
348 622
348 623
348 624
348 633
348 634
348 637
348 639
348 642
348 645
348 647
348 651
348 653
348 655
348 656
348 657
348 658
348 659
348 663
348 665
348 673
348 677
348 678
348 680
348 681
348 682
348 687
348 690
348 691
348 693
348 696
348 698
348 699
348 700
348 701
348 702
348 705
348 706
348 707
348 708
348 709
348 710
348 712
348 713
348 714
348 715
348 716
348 722
348 724
348 726
348 727
348 728
348 729
348 731
348 733
348 737
348 738
348 741
348 742
348 743
348 746
348 748
348 750
348 751
348 752
348 755
348 756
348 758
348 760
348 762
348 763
348 764
348 765
348 766
348 768
348 770
348 772
348 774
348 775
348 776
348 780
348 781
348 785
348 787
348 790
348 794
348 797
348 799
348 802
348 804
348 806
348 807
348 810
348 811
348 812
348 815
348 817
348 818
348 819
348 821
348 822
348 827
348 828
348 830
348 831
348 832
348 833
348 834
348 836
348 838
348 839
348 842
348 843
348 845
348 846
348 849
348 851
348 854
348 856
348 859
348 862
348 864
348 865
348 867
348 868
348 870
348 872
348 875
348 876
348 877
348 880
348 884
348 885
348 894
348 895
348 897
348 898
348 899
348 903
348 905
348 906
348 909
348 912
348 914
348 915
348 916
348 917
348 919
348 920
348 922
348 923
348 925
348 933
348 934
348 935
348 937
348 940
348 941
348 942
348 943
348 946
348 947
348 951
348 952
348 953
348 956
348 962
348 963
348 965
348 966
348 968
348 969
348 973
348 974
348 975
348 977
348 980
348 981
348 982
348 983
348 984
348 987
348 988
348 990
348 995
348 996
348 997
348 1000
349 501
349 505
349 508
349 509
349 511
349 513
349 514
349 515
349 516
349 523
349 526
349 527
349 531
349 532
349 535
349 538
349 540
349 541
349 542
349 543
349 544
349 545
349 546
349 550
349 552
349 554
349 556
349 557
349 562
349 563
349 564
349 565
349 566
349 568
349 569
349 574
349 575
349 576
349 577
349 578
349 581
349 582
349 583
349 584
349 585
349 586
349 587
349 588
349 590
349 591
349 592
349 593
349 594
349 596
349 597
349 598
349 601
349 602
349 604
349 606
349 607
349 608
349 609
349 610
349 613
349 614
349 615
349 616
349 617
349 619
349 621
349 623
349 625
349 627
349 630
349 631
349 633
349 636
349 637
349 638
349 639
349 646
349 647
349 648
349 650
349 652
349 653
349 656
349 657
349 658
349 659
349 660
349 664
349 667
349 668
349 669
349 674
349 676
349 677
349 678
349 679
349 680
349 681
349 682
349 684
349 685
349 688
349 689
349 690
349 691
349 694
349 695
349 696
349 697
349 698
349 701
349 702
349 703
349 704
349 707
349 710
349 711
349 712
349 715
349 716
349 717
349 721
349 728
349 729
349 731
349 732
349 737
349 739
349 741
349 745
349 747
349 748
349 753
349 754
349 755
349 756
349 758
349 761
349 766
349 767
349 770
349 771
349 775
349 777
349 778
349 779
349 786
349 789
349 792
349 793
349 795
349 798
349 801
349 805
349 806
349 809
349 812
349 816
349 817
349 818
349 819
349 821
349 823
349 824
349 834
349 835
349 837
349 838
349 842
349 847
349 849
349 850
349 851
349 853
349 854
349 855
349 856
349 860
349 861
349 863
349 865
349 868
349 874
349 875
349 876
349 878
349 879
349 883
349 884
349 885
349 886
349 887
349 888
349 889
349 894
349 896
349 899
349 900
349 902
349 904
349 907
349 908
349 910
349 911
349 912
349 916
349 919
349 920
349 921
349 923
349 925
349 928
349 929
349 930
349 931
349 933
349 935
349 936
349 937
349 939
349 940
349 941
349 944
349 945
349 946
349 947
349 949
349 951
349 952
349 955
349 956
349 957
349 959
349 961
349 962
349 963
349 964
349 966
349 967
349 968
349 969
349 970
349 971
349 974
349 975
349 978
349 980
349 981
349 983
349 984
349 985
349 986
349 987
349 988
349 989
349 990
349 992
349 993
349 997
349 998
349 1000
350 501
350 503
350 505
350 506
350 509
350 513
350 514
350 515
350 517
350 519
350 521
350 522
350 523
350 524
350 525
350 526
350 527
350 529
350 531
350 535
350 537
350 539
350 541
350 544
350 546
350 550
350 551
350 555
350 556
350 557
350 558
350 559
350 560
350 562
350 564
350 565
350 566
350 567
350 570
350 573
350 575
350 577
350 579
350 581
350 583
350 585
350 588
350 590
350 591
350 595
350 596
350 597
350 600
350 603
350 604
350 608
350 611
350 614
350 615
350 616
350 617
350 619
350 620
350 623
350 624
350 629
350 630
350 637
350 639
350 641
350 642
350 644
350 645
350 650
350 651
350 653
350 654
350 655
350 656
350 657
350 659
350 661
350 664
350 666
350 668
350 671
350 672
350 675
350 677
350 679
350 681
350 684
350 687
350 689
350 691
350 692
350 693
350 694
350 695
350 696
350 697
350 698
350 699
350 701
350 702
350 703
350 705
350 707
350 708
350 709
350 710
350 713
350 714
350 715
350 717
350 720
350 725
350 726
350 728
350 731
350 732
350 734
350 739
350 740
350 743
350 744
350 745
350 747
350 748
350 750
350 751
350 752
350 753
350 754
350 756
350 757
350 758
350 759
350 760
350 761
350 763
350 766
350 767
350 770
350 771
350 777
350 779
350 781
350 782
350 784
350 785
350 786
350 790
350 791
350 796
350 799
350 800
350 802
350 807
350 808
350 810
350 811
350 812
350 817
350 821
350 822
350 827
350 833
350 834
350 835
350 836
350 837
350 838
350 839
350 840
350 841
350 842
350 844
350 845
350 852
350 854
350 856
350 864
350 867
350 868
350 876
350 878
350 879
350 881
350 882
350 883
350 886
350 888
350 889
350 890
350 893
350 897
350 900
350 902
350 905
350 906
350 908
350 909
350 910
350 911
350 912
350 913
350 915
350 917
350 918
350 919
350 923
350 924
350 925
350 927
350 929
350 930
350 933
350 934
350 937
350 938
350 940
350 941
350 942
350 946
350 947
350 951
350 952
350 956
350 958
350 959
350 961
350 962
350 967
350 970
350 971
350 974
350 976
350 977
350 978
350 979
350 980
350 981
350 984
350 990
350 992
350 993
350 995
350 996
350 997
351 502
351 503
351 504
351 505
351 507
351 510
351 513
351 515
351 517
351 518
351 521
351 522
351 523
351 529
351 533
351 534
351 536
351 542
351 543
351 544
351 546
351 547
351 548
351 550
351 551
351 553
351 556
351 557
351 559
351 560
351 563
351 564
351 567
351 568
351 572
351 575
351 576
351 578
351 579
351 580
351 581
351 583
351 586
351 587
351 588
351 589
351 591
351 593
351 594
351 600
351 603
351 608
351 609
351 611
351 617
351 627
351 630
351 631
351 632
351 635
351 636
351 638
351 639
351 642
351 643
351 645
351 648
351 650
351 651
351 654
351 655
351 656
351 658
351 660
351 661
351 663
351 666
351 667
351 668
351 669
351 675
351 676
351 682
351 686
351 687
351 688
351 691
351 693
351 694
351 698
351 700
351 702
351 703
351 705
351 706
351 707
351 708
351 709
351 710
351 712
351 713
351 714
351 716
351 719
351 722
351 723
351 725
351 726
351 727
351 729
351 737
351 740
351 741
351 742
351 744
351 746
351 747
351 748
351 750
351 751
351 752
351 754
351 755
351 756
351 758
351 759
351 760
351 762
351 764
351 765
351 767
351 769
351 771
351 772
351 776
351 779
351 780
351 782
351 783
351 784
351 786
351 787
351 789
351 792
351 793
351 794
351 795
351 798
351 799
351 800
351 801
351 804
351 807
351 810
351 812
351 814
351 815
351 816
351 821
351 823
351 826
351 829
351 830
351 831
351 832
351 835
351 839
351 840
351 841
351 843
351 846
351 849
351 854
351 859
351 861
351 863
351 864
351 871
351 872
351 874
351 878
351 880
351 885
351 886
351 887
351 888
351 891
351 892
351 893
351 894
351 895
351 896
351 898
351 900
351 901
351 902
351 903
351 906
351 907
351 910
351 912
351 915
351 916
351 917
351 918
351 919
351 920
351 922
351 923
351 926
351 927
351 928
351 929
351 930
351 931
351 933
351 934
351 943
351 947
351 948
351 950
351 951
351 952
351 955
351 956
351 957
351 958
351 960
351 961
351 962
351 967
351 972
351 974
351 976
351 982
351 983
351 985
351 986
351 988
351 989
351 991
351 992
351 995
351 996
351 999
352 502
352 503
352 505
352 506
352 508
352 509
352 511
352 513
352 514
352 515
352 517
352 518
352 520
352 521
352 527
352 528
352 530
352 534
352 535
352 536
352 537
352 539
352 540
352 543
352 546
352 547
352 548
352 549
352 553
352 557
352 558
352 559
352 561
352 562
352 563
352 564
352 565
352 567
352 568
352 569
352 574
352 576
352 578
352 579
352 580
352 584
352 589
352 590
352 592
352 593
352 595
352 596
352 597
352 599
352 601
352 602
352 603
352 604
352 605
352 608
352 609
352 610
352 616
352 625
352 626
352 627
352 628
352 631
352 632
352 633
352 635
352 638
352 641
352 642
352 644
352 646
352 648
352 650
352 651
352 652
352 656
352 657
352 658
352 662
352 665
352 666
352 668
352 669
352 670
352 672
352 673
352 674
352 679
352 682
352 683
352 684
352 686
352 687
352 688
352 692
352 694
352 697
352 700
352 701
352 704
352 707
352 710
352 713
352 714
352 716
352 717
352 718
352 719
352 722
352 727
352 728
352 729
352 731
352 733
352 736
352 737
352 739
352 743
352 744
352 747
352 752
352 756
352 757
352 759
352 761
352 764
352 765
352 768
352 774
352 775
352 783
352 787
352 788
352 789
352 791
352 792
352 793
352 794
352 795
352 796
352 797
352 798
352 801
352 802
352 804
352 806
352 807
352 811
352 812
352 815
352 816
352 817
352 819
352 820
352 822
352 824
352 826
352 827
352 829
352 830
352 831
352 833
352 834
352 835
352 841
352 844
352 846
352 847
352 848
352 850
352 851
352 852
352 854
352 855
352 858
352 860
352 862
352 863
352 864
352 865
352 866
352 868
352 869
352 870
352 871
352 875
352 877
352 878
352 881
352 882
352 883
352 884
352 886
352 890
352 891
352 892
352 893
352 898
352 899
352 901
352 902
352 903
352 905
352 908
352 910
352 911
352 912
352 917
352 918
352 920
352 921
352 923
352 924
352 925
352 929
352 933
352 935
352 938
352 940
352 944
352 946
352 947
352 948
352 949
352 951
352 954
352 955
352 957
352 959
352 961
352 962
352 970
352 972
352 973
352 974
352 976
352 979
352 980
352 981
352 983
352 984
352 985
352 986
352 989
352 990
352 991
352 996
352 998
352 999
353 502
353 503
353 505
353 508
353 509
353 512
353 514
353 515
353 518
353 519
353 520
353 521
353 522
353 523
353 527
353 529
353 530
353 534
353 537
353 541
353 542
353 543
353 545
353 546
353 547
353 554
353 555
353 557
353 558
353 560
353 565
353 566
353 567
353 571
353 572
353 573
353 575
353 576
353 579
353 580
353 581
353 582
353 583
353 584
353 586
353 589
353 592
353 595
353 598
353 599
353 600
353 601
353 603
353 604
353 605
353 607
353 610
353 612
353 614
353 616
353 624
353 626
353 627
353 629
353 630
353 633
353 635
353 640
353 642
353 643
353 646
353 647
353 650
353 653
353 654
353 656
353 657
353 658
353 661
353 662
353 663
353 667
353 668
353 670
353 671
353 677
353 681
353 685
353 687
353 688
353 690
353 691
353 692
353 693
353 694
353 695
353 696
353 697
353 698
353 699
353 700
353 702
353 703
353 705
353 706
353 707
353 710
353 711
353 717
353 720
353 723
353 724
353 727
353 731
353 733
353 736
353 737
353 738
353 739
353 740
353 743
353 746
353 747
353 749
353 752
353 753
353 755
353 757
353 758
353 759
353 760
353 761
353 763
353 767
353 770
353 771
353 772
353 773
353 774
353 776
353 780
353 781
353 782
353 784
353 787
353 790
353 792
353 797
353 799
353 800
353 801
353 802
353 803
353 805
353 806
353 807
353 812
353 814
353 815
353 816
353 817
353 819
353 820
353 821
353 822
353 823
353 824
353 825
353 830
353 831
353 832
353 833
353 834
353 835
353 837
353 838
353 840
353 841
353 842
353 845
353 846
353 847
353 849
353 850
353 851
353 852
353 853
353 854
353 859
353 862
353 864
353 865
353 866
353 867
353 868
353 869
353 870
353 871
353 872
353 873
353 874
353 875
353 877
353 878
353 879
353 882
353 883
353 888
353 889
353 890
353 891
353 892
353 894
353 896
353 898
353 900
353 903
353 904
353 906
353 907
353 909
353 911
353 912
353 916
353 917
353 918
353 919
353 920
353 921
353 923
353 924
353 925
353 929
353 931
353 936
353 937
353 939
353 940
353 943
353 945
353 946
353 949
353 950
353 953
353 955
353 956
353 957
353 959
353 960
353 961
353 962
353 966
353 968
353 969
353 970
353 971
353 972
353 974
353 976
353 977
353 980
353 981
353 983
353 987
353 988
353 989
353 991
353 993
353 994
353 995
353 998
353 999
353 1000
354 501
354 502
354 503
354 504
354 506
354 508
354 511
354 513
354 521
354 522
354 525
354 526
354 527
354 529
354 533
354 539
354 540
354 541
354 544
354 547
354 549
354 550
354 553
354 554
354 555
354 561
354 563
354 566
354 568
354 572
354 580
354 582
354 588
354 590
354 591
354 592
354 595
354 596
354 602
354 605
354 606
354 608
354 613
354 616
354 617
354 622
354 625
354 626
354 627
354 629
354 632
354 637
354 640
354 642
354 643
354 646
354 651
354 653
354 654
354 656
354 657
354 660
354 661
354 662
354 663
354 664
354 665
354 668
354 670
354 671
354 673
354 676
354 678
354 679
354 680
354 681
354 683
354 684
354 686
354 687
354 688
354 689
354 690
354 693
354 695
354 696
354 697
354 698
354 699
354 700
354 701
354 702
354 703
354 705
354 709
354 713
354 714
354 715
354 718
354 720
354 721
354 723
354 725
354 729
354 730
354 731
354 732
354 733
354 735
354 736
354 737
354 738
354 741
354 743
354 744
354 746
354 747
354 749
354 752
354 753
354 754
354 755
354 758
354 759
354 761
354 762
354 763
354 764
354 771
354 774
354 775
354 776
354 777
354 778
354 779
354 781
354 782
354 783
354 784
354 786
354 788
354 789
354 791
354 792
354 793
354 794
354 796
354 797
354 798
354 799
354 801
354 802
354 803
354 805
354 806
354 807
354 809
354 810
354 812
354 814
354 816
354 818
354 820
354 825
354 827
354 832
354 834
354 836
354 837
354 845
354 848
354 849
354 850
354 852
354 853
354 854
354 855
354 857
354 861
354 862
354 863
354 864
354 866
354 867
354 870
354 871
354 872
354 874
354 875
354 877
354 878
354 879
354 881
354 882
354 884
354 885
354 886
354 889
354 890
354 891
354 893
354 899
354 901
354 903
354 906
354 908
354 909
354 911
354 914
354 917
354 918
354 919
354 922
354 923
354 924
354 925
354 926
354 929
354 931
354 933
354 935
354 936
354 937
354 940
354 942
354 943
354 945
354 947
354 948
354 950
354 952
354 953
354 955
354 958
354 961
354 962
354 963
354 964
354 965
354 967
354 970
354 973
354 974
354 975
354 976
354 978
354 981
354 982
354 983
354 986
354 987
354 988
354 989
354 996
354 997
355 502
355 504
355 506
355 507
355 510
355 511
355 517
355 519
355 521
355 522
355 525
355 526
355 529
355 530
355 531
355 539
355 540
355 542
355 543
355 545
355 548
355 549
355 551
355 554
355 555
355 557
355 558
355 561
355 565
355 569
355 571
355 572
355 575
355 577
355 580
355 584
355 585
355 589
355 590
355 593
355 594
355 595
355 597
355 598
355 599
355 601
355 605
355 611
355 612
355 613
355 614
355 617
355 620
355 624
355 625
355 626
355 627
355 628
355 630
355 631
355 633
355 635
355 636
355 637
355 640
355 641
355 643
355 645
355 646
355 647
355 648
355 649
355 652
355 655
355 657
355 661
355 664
355 665
355 667
355 669
355 671
355 672
355 673
355 674
355 677
355 678
355 680
355 683
355 685
355 687
355 688
355 689
355 694
355 698
355 699
355 700
355 701
355 703
355 705
355 707
355 711
355 712
355 715
355 716
355 717
355 718
355 723
355 724
355 726
355 729
355 733
355 734
355 735
355 736
355 740
355 743
355 744
355 746
355 747
355 748
355 749
355 750
355 751
355 752
355 754
355 755
355 758
355 760
355 761
355 763
355 764
355 765
355 767
355 768
355 769
355 774
355 777
355 778
355 780
355 782
355 785
355 786
355 788
355 790
355 796
355 797
355 798
355 801
355 802
355 806
355 809
355 810
355 811
355 813
355 814
355 815
355 816
355 818
355 819
355 820
355 821
355 823
355 824
355 825
355 829
355 830
355 832
355 833
355 835
355 836
355 842
355 843
355 844
355 845
355 847
355 849
355 851
355 853
355 854
355 856
355 857
355 858
355 859
355 863
355 864
355 865
355 866
355 868
355 870
355 871
355 873
355 881
355 882
355 886
355 887
355 888
355 889
355 891
355 895
355 896
355 897
355 899
355 902
355 903
355 905
355 908
355 909
355 911
355 912
355 913
355 914
355 915
355 918
355 920
355 922
355 923
355 925
355 929
355 930
355 935
355 936
355 938
355 940
355 942
355 945
355 947
355 949
355 953
355 955
355 958
355 964
355 969
355 970
355 975
355 976
355 977
355 980
355 981
355 982
355 983
355 984
355 994
355 995
355 996
355 998
355 999
356 501
356 505
356 507
356 508
356 511
356 513
356 515
356 516
356 517
356 518
356 521
356 522
356 523
356 525
356 528
356 529
356 531
356 533
356 536
356 537
356 539
356 541
356 546
356 548
356 551
356 553
356 554
356 556
356 560
356 561
356 563
356 566
356 567
356 569
356 571
356 572
356 575
356 576
356 577
356 579
356 581
356 583
356 584
356 585
356 589
356 590
356 592
356 596
356 598
356 599
356 600
356 601
356 603
356 604
356 606
356 608
356 609
356 610
356 612
356 613
356 616
356 619
356 620
356 621
356 623
356 624
356 625
356 626
356 628
356 630
356 631
356 632
356 634
356 635
356 636
356 638
356 639
356 640
356 641
356 647
356 648
356 651
356 652
356 654
356 655
356 658
356 659
356 662
356 664
356 666
356 670
356 673
356 674
356 675
356 676
356 678
356 679
356 683
356 684
356 688
356 691
356 692
356 695
356 697
356 698
356 705
356 708
356 709
356 710
356 711
356 713
356 715
356 717
356 719
356 722
356 725
356 728
356 729
356 731
356 732
356 733
356 734
356 736
356 741
356 743
356 746
356 747
356 756
356 757
356 758
356 759
356 760
356 762
356 764
356 765
356 767
356 769
356 771
356 772
356 774
356 776
356 781
356 782
356 783
356 785
356 786
356 792
356 796
356 799
356 801
356 805
356 810
356 812
356 815
356 822
356 824
356 826
356 827
356 831
356 832
356 833
356 837
356 838
356 844
356 845
356 846
356 852
356 858
356 859
356 860
356 861
356 865
356 867
356 868
356 869
356 871
356 872
356 874
356 875
356 876
356 880
356 881
356 882
356 883
356 884
356 885
356 886
356 887
356 888
356 890
356 896
356 902
356 903
356 904
356 907
356 909
356 910
356 911
356 915
356 917
356 920
356 922
356 923
356 926
356 927
356 931
356 932
356 933
356 934
356 938
356 942
356 945
356 946
356 947
356 949
356 951
356 954
356 955
356 959
356 960
356 962
356 964
356 965
356 967
356 969
356 970
356 972
356 973
356 975
356 976
356 977
356 980
356 983
356 986
356 988
356 989
356 991
356 992
356 994
356 995
356 996
356 998
356 1000
357 501
357 502
357 504
357 505
357 509
357 510
357 517
357 518
357 519
357 520
357 524
357 525
357 527
357 529
357 530
357 532
357 534
357 537
357 538
357 540
357 542
357 546
357 547
357 552
357 554
357 555
357 558
357 562
357 563
357 566
357 567
357 569
357 570
357 571
357 573
357 574
357 575
357 576
357 577
357 581
357 582
357 583
357 584
357 585
357 588
357 589
357 591
357 594
357 596
357 597
357 600
357 603
357 605
357 606
357 607
357 609
357 611
357 614
357 617
357 618
357 622
357 623
357 624
357 625
357 627
357 630
357 634
357 637
357 638
357 640
357 641
357 642
357 643
357 644
357 645
357 647
357 648
357 656
357 661
357 662
357 663
357 665
357 667
357 673
357 674
357 675
357 677
357 679
357 682
357 683
357 684
357 686
357 689
357 691
357 692
357 693
357 697
357 703
357 704
357 708
357 709
357 713
357 714
357 716
357 719
357 721
357 722
357 723
357 725
357 727
357 728
357 731
357 733
357 736
357 739
357 743
357 744
357 745
357 746
357 748
357 749
357 751
357 752
357 754
357 756
357 757
357 759
357 760
357 761
357 762
357 764
357 766
357 767
357 770
357 771
357 772
357 776
357 777
357 778
357 779
357 781
357 783
357 788
357 790
357 800
357 803
357 807
357 810
357 811
357 812
357 813
357 814
357 817
357 820
357 822
357 824
357 826
357 827
357 828
357 831
357 832
357 833
357 836
357 837
357 839
357 842
357 845
357 846
357 847
357 851
357 852
357 854
357 855
357 857
357 859
357 860
357 861
357 863
357 864
357 865
357 866
357 867
357 869
357 870
357 871
357 872
357 873
357 875
357 876
357 878
357 879
357 880
357 884
357 886
357 887
357 888
357 890
357 892
357 893
357 895
357 903
357 906
357 907
357 908
357 910
357 913
357 914
357 915
357 916
357 920
357 923
357 925
357 926
357 927
357 931
357 933
357 937
357 939
357 940
357 942
357 943
357 944
357 946
357 948
357 949
357 952
357 953
357 955
357 956
357 957
357 958
357 959
357 960
357 961
357 963
357 964
357 968
357 969
357 970
357 972
357 973
357 974
357 976
357 978
357 980
357 981
357 982
357 983
357 984
357 985
357 988
357 989
357 991
357 993
357 994
357 995
357 996
357 997
357 999
357 1000
358 504
358 507
358 508
358 511
358 512
358 513
358 514
358 516
358 521
358 522
358 523
358 526
358 527
358 529
358 531
358 533
358 534
358 541
358 542
358 543
358 544
358 546
358 547
358 552
358 553
358 555
358 556
358 560
358 561
358 562
358 563
358 566
358 570
358 571
358 572
358 573
358 576
358 577
358 579
358 580
358 582
358 583
358 588
358 589
358 590
358 592
358 593
358 595
358 596
358 598
358 599
358 600
358 602
358 603
358 605
358 606
358 609
358 610
358 611
358 613
358 618
358 619
358 620
358 623
358 624
358 626
358 627
358 628
358 631
358 632
358 633
358 637
358 639
358 642
358 646
358 648
358 649
358 651
358 652
358 654
358 656
358 659
358 660
358 662
358 663
358 666
358 667
358 669
358 672
358 675
358 679
358 680
358 681
358 682
358 684
358 686
358 687
358 690
358 694
358 695
358 696
358 699
358 700
358 702
358 704
358 705
358 706
358 707
358 708
358 709
358 712
358 716
358 718
358 719
358 723
358 724
358 725
358 726
358 727
358 728
358 731
358 736
358 737
358 740
358 741
358 742
358 743
358 745
358 746
358 748
358 749
358 751
358 752
358 753
358 754
358 755
358 756
358 758
358 761
358 764
358 765
358 771
358 772
358 773
358 774
358 775
358 776
358 777
358 778
358 780
358 782
358 783
358 786
358 787
358 788
358 791
358 793
358 794
358 795
358 798
358 799
358 800
358 807
358 809
358 810
358 811
358 812
358 814
358 818
358 821
358 827
358 828
358 829
358 830
358 831
358 834
358 835
358 836
358 838
358 840
358 842
358 843
358 845
358 846
358 847
358 848
358 849
358 850
358 852
358 859
358 860
358 861
358 863
358 866
358 867
358 869
358 874
358 876
358 880
358 883
358 888
358 889
358 890
358 896
358 899
358 903
358 904
358 905
358 906
358 909
358 911
358 914
358 916
358 917
358 920
358 921
358 924
358 926
358 927
358 929
358 932
358 933
358 934
358 935
358 941
358 943
358 944
358 948
358 949
358 952
358 953
358 955
358 956
358 957
358 958
358 960
358 961
358 962
358 963
358 964
358 965
358 966
358 968
358 970
358 971
358 972
358 974
358 975
358 978
358 982
358 986
358 989
358 991
358 993
358 994
358 997
358 998
359 501
359 502
359 504
359 505
359 506
359 507
359 509
359 511
359 516
359 517
359 520
359 523
359 527
359 529
359 532
359 534
359 537
359 539
359 544
359 545
359 546
359 550
359 553
359 555
359 559
359 564
359 566
359 567
359 569
359 577
359 578
359 579
359 580
359 581
359 585
359 586
359 587
359 588
359 592
359 593
359 594
359 597
359 598
359 601
359 602
359 603
359 604
359 605
359 607
359 610
359 612
359 613
359 616
359 618
359 619
359 623
359 628
359 630
359 632
359 633
359 635
359 636
359 638
359 641
359 648
359 649
359 651
359 652
359 658
359 662
359 663
359 664
359 666
359 667
359 668
359 669
359 670
359 672
359 673
359 675
359 676
359 679
359 680
359 681
359 682
359 683
359 685
359 687
359 689
359 690
359 691
359 692
359 700
359 701
359 702
359 703
359 707
359 710
359 713
359 714
359 715
359 716
359 717
359 718
359 719
359 724
359 731
359 734
359 735
359 737
359 738
359 739
359 741
359 743
359 744
359 746
359 749
359 752
359 753
359 755
359 760
359 762
359 764
359 769
359 770
359 772
359 774
359 775
359 776
359 779
359 781
359 784
359 786
359 787
359 789
359 792
359 793
359 798
359 799
359 800
359 806
359 807
359 808
359 811
359 812
359 813
359 814
359 817
359 821
359 823
359 824
359 826
359 828
359 829
359 830
359 831
359 832
359 833
359 835
359 836
359 838
359 840
359 842
359 845
359 849
359 852
359 854
359 856
359 857
359 865
359 867
359 870
359 871
359 872
359 873
359 874
359 879
359 880
359 881
359 884
359 885
359 887
359 888
359 895
359 896
359 899
359 901
359 902
359 904
359 905
359 907
359 908
359 910
359 914
359 916
359 918
359 922
359 926
359 927
359 928
359 929
359 933
359 934
359 936
359 940
359 941
359 943
359 945
359 948
359 952
359 953
359 957
359 959
359 960
359 961
359 964
359 972
359 973
359 974
359 976
359 977
359 978
359 981
359 983
359 985
359 986
359 987
359 988
359 990
359 992
359 993
359 994
359 997
359 998
359 999
359 1000
360 502
360 504
360 505
360 509
360 512
360 513
360 514
360 515
360 516
360 521
360 522
360 525
360 530
360 531
360 532
360 535
360 537
360 538
360 540
360 541
360 545
360 549
360 553
360 556
360 557
360 559
360 560
360 565
360 567
360 572
360 576
360 580
360 582
360 583
360 587
360 589
360 590
360 592
360 594
360 595
360 596
360 600
360 601
360 602
360 604
360 606
360 607
360 608
360 611
360 614
360 619
360 620
360 622
360 624
360 629
360 630
360 631
360 633
360 634
360 635
360 636
360 637
360 642
360 646
360 648
360 649
360 653
360 654
360 656
360 658
360 660
360 663
360 665
360 666
360 670
360 672
360 675
360 681
360 683
360 685
360 687
360 688
360 689
360 692
360 693
360 694
360 696
360 698
360 699
360 701
360 704
360 706
360 709
360 711
360 714
360 717
360 718
360 720
360 731
360 732
360 733
360 735
360 739
360 740
360 743
360 750
360 751
360 755
360 756
360 757
360 759
360 760
360 761
360 763
360 776
360 777
360 778
360 781
360 782
360 785
360 786
360 787
360 788
360 790
360 791
360 794
360 799
360 801
360 805
360 807
360 811
360 813
360 815
360 816
360 817
360 818
360 819
360 825
360 827
360 828
360 830
360 831
360 832
360 833
360 834
360 836
360 837
360 840
360 841
360 842
360 843
360 844
360 851
360 854
360 855
360 856
360 859
360 862
360 863
360 864
360 866
360 872
360 873
360 876
360 877
360 880
360 884
360 885
360 886
360 888
360 890
360 894
360 897
360 900
360 901
360 903
360 904
360 907
360 908
360 909
360 910
360 915
360 916
360 920
360 926
360 927
360 929
360 933
360 934
360 937
360 939
360 943
360 944
360 945
360 947
360 948
360 949
360 950
360 951
360 953
360 955
360 959
360 962
360 963
360 964
360 967
360 968
360 969
360 970
360 973
360 974
360 975
360 976
360 978
360 980
360 981
360 982
360 983
360 984
360 986
360 989
360 990
360 994
360 998
360 999
361 501
361 505
361 506
361 507
361 509
361 510
361 514
361 516
361 520
361 521
361 524
361 525
361 529
361 530
361 531
361 533
361 535
361 537
361 538
361 539
361 543
361 545
361 546
361 548
361 550
361 552
361 556
361 557
361 562
361 563
361 564
361 565
361 566
361 567
361 568
361 569
361 570
361 572
361 574
361 575
361 579
361 580
361 582
361 583
361 584
361 586
361 588
361 589
361 590
361 592
361 597
361 600
361 601
361 602
361 603
361 606
361 607
361 609
361 610
361 612
361 613
361 615
361 619
361 623
361 624
361 628
361 629
361 630
361 631
361 632
361 633
361 634
361 635
361 638
361 639
361 644
361 645
361 646
361 648
361 650
361 654
361 655
361 656
361 658
361 659
361 662
361 663
361 664
361 665
361 666
361 669
361 671
361 673
361 676
361 677
361 678
361 679
361 680
361 681
361 682
361 683
361 684
361 686
361 688
361 690
361 691
361 693
361 695
361 696
361 700
361 703
361 705
361 709
361 710
361 712
361 718
361 723
361 726
361 728
361 730
361 731
361 732
361 737
361 740
361 742
361 746
361 748
361 750
361 752
361 753
361 755
361 756
361 759
361 763
361 768
361 769
361 772
361 775
361 776
361 777
361 778
361 779
361 780
361 781
361 786
361 787
361 789
361 790
361 792
361 793
361 794
361 795
361 796
361 798
361 801
361 804
361 805
361 807
361 808
361 810
361 811
361 813
361 814
361 815
361 816
361 817
361 818
361 819
361 824
361 825
361 830
361 831
361 833
361 836
361 838
361 839
361 845
361 846
361 850
361 851
361 853
361 854
361 856
361 857
361 859
361 860
361 861
361 862
361 864
361 867
361 871
361 872
361 874
361 876
361 879
361 882
361 883
361 884
361 885
361 886
361 888
361 889
361 891
361 893
361 894
361 895
361 896
361 897
361 899
361 901
361 904
361 905
361 906
361 909
361 911
361 914
361 915
361 916
361 917
361 918
361 919
361 921
361 922
361 923
361 927
361 928
361 933
361 936
361 937
361 938
361 939
361 940
361 944
361 945
361 947
361 948
361 950
361 951
361 953
361 955
361 956
361 959
361 960
361 961
361 962
361 964
361 965
361 968
361 970
361 971
361 973
361 975
361 978
361 984
361 986
361 988
361 989
361 992
361 995
361 998
362 501
362 502
362 503
362 505
362 510
362 512
362 514
362 515
362 516
362 518
362 519
362 522
362 525
362 526
362 527
362 528
362 531
362 536
362 537
362 541
362 544
362 548
362 549
362 550
362 551
362 553
362 554
362 555
362 556
362 560
362 562
362 563
362 564
362 565
362 568
362 569
362 570
362 571
362 572
362 573
362 574
362 575
362 576
362 580
362 581
362 582
362 583
362 585
362 588
362 589
362 590
362 591
362 594
362 597
362 598
362 599
362 600
362 602
362 603
362 610
362 612
362 613
362 615
362 616
362 618
362 619
362 621
362 622
362 623
362 625
362 627
362 628
362 629
362 631
362 632
362 633
362 634
362 635
362 636
362 637
362 638
362 639
362 643
362 644
362 645
362 649
362 650
362 654
362 655
362 656
362 657
362 659
362 660
362 661
362 663
362 665
362 669
362 671
362 672
362 673
362 674
362 675
362 681
362 684
362 687
362 689
362 692
362 695
362 696
362 699
362 701
362 704
362 706
362 707
362 708
362 709
362 710
362 713
362 716
362 718
362 720
362 723
362 724
362 730
362 732
362 733
362 735
362 737
362 738
362 739
362 741
362 742
362 743
362 746
362 747
362 748
362 749
362 750
362 753
362 754
362 755
362 757
362 763
362 765
362 768
362 769
362 770
362 772
362 773
362 776
362 777
362 778
362 779
362 781
362 784
362 786
362 787
362 788
362 789
362 790
362 792
362 793
362 795
362 796
362 798
362 800
362 801
362 802
362 804
362 806
362 807
362 808
362 812
362 813
362 814
362 815
362 816
362 817
362 819
362 821
362 822
362 824
362 828
362 829
362 832
362 836
362 837
362 838
362 839
362 841
362 843
362 844
362 847
362 849
362 853
362 854
362 857
362 858
362 859
362 861
362 864
362 865
362 866
362 868
362 875
362 879
362 880
362 882
362 883
362 885
362 892
362 894
362 895
362 897
362 898
362 899
362 901
362 902
362 908
362 909
362 910
362 913
362 915
362 918
362 920
362 923
362 924
362 925
362 926
362 929
362 932
362 937
362 938
362 940
362 946
362 947
362 948
362 949
362 950
362 954
362 956
362 958
362 960
362 961
362 962
362 965
362 969
362 970
362 971
362 972
362 973
362 975
362 976
362 977
362 978
362 979
362 985
362 987
362 988
362 989
362 990
362 992
362 994
362 998
362 999
362 1000
363 501
363 502
363 504
363 505
363 506
363 508
363 509
363 515
363 517
363 519
363 522
363 523
363 524
363 526
363 529
363 530
363 531
363 535
363 538
363 539
363 541
363 542
363 543
363 545
363 546
363 548
363 552
363 553
363 554
363 555
363 556
363 557
363 559
363 560
363 561
363 563
363 564
363 565
363 568
363 571
363 572
363 573
363 575
363 576
363 578
363 586
363 587
363 591
363 592
363 593
363 594
363 595
363 596
363 597
363 598
363 600
363 601
363 603
363 604
363 605
363 606
363 607
363 608
363 609
363 610
363 611
363 612
363 614
363 615
363 618
363 622
363 623
363 624
363 626
363 628
363 630
363 635
363 636
363 638
363 639
363 640
363 641
363 642
363 643
363 645
363 648
363 649
363 651
363 652
363 653
363 655
363 658
363 661
363 662
363 663
363 664
363 669
363 670
363 672
363 677
363 678
363 679
363 681
363 685
363 687
363 688
363 689
363 690
363 691
363 694
363 695
363 696
363 697
363 698
363 703
363 704
363 707
363 709
363 710
363 713
363 715
363 718
363 720
363 724
363 728
363 729
363 730
363 732
363 733
363 734
363 735
363 737
363 738
363 739
363 740
363 745
363 748
363 749
363 750
363 751
363 752
363 754
363 758
363 759
363 760
363 762
363 764
363 765
363 766
363 769
363 770
363 771
363 772
363 773
363 775
363 776
363 778
363 780
363 781
363 782
363 784
363 787
363 788
363 789
363 792
363 793
363 795
363 796
363 797
363 800
363 808
363 810
363 811
363 813
363 815
363 819
363 821
363 823
363 824
363 826
363 829
363 832
363 836
363 837
363 840
363 846
363 849
363 850
363 851
363 852
363 853
363 854
363 855
363 856
363 857
363 861
363 863
363 866
363 869
363 870
363 872
363 874
363 878
363 879
363 881
363 883
363 884
363 886
363 888
363 892
363 894
363 895
363 899
363 902
363 904
363 905
363 906
363 908
363 915
363 916
363 917
363 918
363 920
363 921
363 922
363 923
363 925
363 926
363 927
363 930
363 932
363 933
363 934
363 938
363 939
363 940
363 943
363 950
363 951
363 953
363 954
363 956
363 957
363 959
363 960
363 963
363 965
363 969
363 970
363 975
363 976
363 978
363 979
363 980
363 981
363 985
363 987
363 989
363 990
363 992
363 993
363 994
363 995
363 996
363 997
363 998
363 1000
364 502
364 503
364 505
364 506
364 511
364 512
364 514
364 517
364 518
364 525
364 528
364 532
364 536
364 537
364 538
364 540
364 544
364 546
364 548
364 558
364 561
364 563
364 571
364 573
364 576
364 578
364 579
364 580
364 581
364 582
364 583
364 586
364 587
364 588
364 589
364 593
364 596
364 599
364 600
364 602
364 604
364 607
364 609
364 610
364 614
364 615
364 616
364 618
364 619
364 620
364 621
364 624
364 626
364 627
364 630
364 631
364 632
364 634
364 635
364 638
364 639
364 640
364 641
364 643
364 645
364 646
364 647
364 652
364 654
364 656
364 664
364 665
364 667
364 668
364 671
364 673
364 675
364 678
364 679
364 680
364 685
364 686
364 690
364 691
364 692
364 693
364 695
364 696
364 698
364 699
364 700
364 701
364 702
364 703
364 705
364 708
364 713
364 715
364 716
364 717
364 718
364 720
364 721
364 722
364 723
364 727
364 728
364 729
364 730
364 733
364 735
364 737
364 739
364 741
364 742
364 743
364 745
364 747
364 748
364 749
364 752
364 754
364 757
364 759
364 762
364 766
364 767
364 770
364 771
364 772
364 774
364 781
364 782
364 783
364 785
364 787
364 790
364 794
364 796
364 797
364 798
364 800
364 802
364 804
364 805
364 808
364 809
364 811
364 812
364 814
364 816
364 818
364 820
364 821
364 823
364 824
364 828
364 831
364 832
364 833
364 834
364 835
364 836
364 839
364 840
364 843
364 844
364 845
364 846
364 847
364 849
364 851
364 855
364 856
364 860
364 861
364 862
364 863
364 864
364 868
364 870
364 876
364 877
364 878
364 889
364 896
364 897
364 898
364 899
364 901
364 902
364 905
364 906
364 909
364 910
364 911
364 912
364 915
364 918
364 921
364 923
364 924
364 925
364 926
364 927
364 928
364 929
364 930
364 931
364 932
364 934
364 935
364 936
364 939
364 941
364 942
364 943
364 944
364 946
364 951
364 953
364 955
364 957
364 958
364 959
364 960
364 962
364 966
364 970
364 972
364 974
364 975
364 977
364 978
364 979
364 982
364 984
364 985
364 986
364 988
364 990
364 992
364 993
364 994
364 998
364 999
364 1000
365 501
365 502
365 503
365 504
365 507
365 510
365 511
365 512
365 515
365 516
365 517
365 520
365 521
365 527
365 529
365 531
365 532
365 533
365 537
365 538
365 542
365 543
365 545
365 546
365 547
365 550
365 551
365 555
365 556
365 558
365 560
365 561
365 564
365 565
365 566
365 567
365 569
365 571
365 572
365 573
365 576
365 577
365 581
365 582
365 583
365 585
365 586
365 588
365 592
365 594
365 597
365 599
365 600
365 602
365 604
365 605
365 608
365 609
365 613
365 617
365 619
365 620
365 621
365 622
365 624
365 625
365 627
365 628
365 629
365 630
365 631
365 632
365 633
365 636
365 637
365 638
365 639
365 642
365 643
365 645
365 647
365 649
365 656
365 659
365 662
365 665
365 669
365 672
365 674
365 677
365 678
365 680
365 681
365 682
365 683
365 684
365 685
365 686
365 688
365 689
365 690
365 691
365 692
365 695
365 696
365 697
365 699
365 702
365 705
365 708
365 711
365 712
365 717
365 718
365 721
365 722
365 723
365 724
365 725
365 727
365 728
365 729
365 730
365 733
365 734
365 736
365 737
365 740
365 742
365 743
365 744
365 745
365 746
365 747
365 749
365 752
365 753
365 756
365 757
365 758
365 759
365 761
365 765
365 768
365 770
365 771
365 773
365 774
365 775
365 776
365 783
365 784
365 785
365 786
365 788
365 789
365 791
365 792
365 793
365 796
365 798
365 801
365 804
365 808
365 809
365 813
365 814
365 815
365 817
365 818
365 820
365 821
365 823
365 825
365 828
365 830
365 833
365 835
365 837
365 840
365 841
365 842
365 845
365 846
365 850
365 852
365 853
365 854
365 858
365 860
365 862
365 867
365 872
365 874
365 877
365 880
365 881
365 887
365 889
365 890
365 894
365 895
365 899
365 900
365 905
365 906
365 909
365 912
365 913
365 914
365 916
365 917
365 918
365 920
365 927
365 928
365 929
365 930
365 934
365 937
365 940
365 943
365 947
365 948
365 951
365 952
365 957
365 959
365 961
365 962
365 965
365 966
365 967
365 968
365 973
365 978
365 979
365 980
365 981
365 983
365 985
365 988
365 991
365 992
365 993
365 998
365 999
366 501
366 502
366 504
366 505
366 506
366 507
366 508
366 511
366 513
366 514
366 515
366 516
366 517
366 520
366 524
366 526
366 530
366 534
366 537
366 540
366 541
366 542
366 546
366 547
366 548
366 549
366 550
366 557
366 559
366 563
366 565
366 569
366 573
366 574
366 575
366 577
366 578
366 580
366 581
366 583
366 587
366 588
366 590
366 592
366 593
366 594
366 597
366 598
366 599
366 601
366 603
366 606
366 608
366 611
366 615
366 616
366 619
366 623
366 624
366 625
366 627
366 628
366 631
366 634
366 636
366 639
366 643
366 649
366 650
366 651
366 652
366 654
366 657
366 659
366 662
366 665
366 671
366 675
366 676
366 677
366 678
366 679
366 680
366 682
366 683
366 684
366 686
366 688
366 689
366 692
366 696
366 697
366 698
366 699
366 700
366 701
366 703
366 704
366 706
366 715
366 717
366 718
366 721
366 722
366 723
366 725
366 729
366 730
366 731
366 733
366 736
366 738
366 739
366 740
366 744
366 747
366 748
366 749
366 750
366 753
366 754
366 759
366 760
366 763
366 765
366 766
366 767
366 770
366 771
366 773
366 774
366 776
366 778
366 781
366 782
366 785
366 786
366 788
366 789
366 792
366 794
366 795
366 796
366 797
366 802
366 803
366 812
366 816
366 817
366 820
366 821
366 822
366 825
366 829
366 830
366 831
366 832
366 833
366 837
366 838
366 840
366 842
366 844
366 845
366 848
366 851
366 852
366 853
366 856
366 857
366 858
366 860
366 862
366 863
366 864
366 865
366 866
366 869
366 872
366 876
366 877
366 878
366 879
366 880
366 881
366 882
366 883
366 885
366 890
366 891
366 893
366 896
366 903
366 905
366 915
366 916
366 921
366 923
366 925
366 931
366 932
366 933
366 934
366 938
366 942
366 944
366 945
366 946
366 949
366 950
366 951
366 953
366 957
366 959
366 961
366 962
366 963
366 966
366 969
366 974
366 976
366 977
366 979
366 980
366 981
366 983
366 987
366 990
366 991
366 992
366 993
366 996
366 997
366 999
366 1000
367 502
367 503
367 504
367 505
367 506
367 507
367 510
367 511
367 513
367 515
367 517
367 518
367 519
367 524
367 527
367 528
367 529
367 533
367 534
367 536
367 539
367 541
367 542
367 543
367 544
367 545
367 546
367 547
367 548
367 549
367 557
367 560
367 561
367 566
367 567
367 569
367 573
367 575
367 577
367 579
367 581
367 583
367 584
367 585
367 586
367 589
367 591
367 593
367 595
367 599
367 600
367 603
367 607
367 611
367 612
367 614
367 615
367 620
367 622
367 624
367 628
367 629
367 630
367 631
367 632
367 633
367 634
367 635
367 638
367 639
367 640
367 642
367 643
367 644
367 646
367 647
367 651
367 653
367 656
367 657
367 658
367 659
367 663
367 664
367 673
367 677
367 680
367 682
367 683
367 685
367 686
367 688
367 691
367 693
367 694
367 695
367 698
367 699
367 700
367 701
367 702
367 706
367 709
367 711
367 712
367 714
367 716
367 718
367 719
367 720
367 721
367 723
367 724
367 728
367 729
367 731
367 732
367 733
367 734
367 737
367 739
367 743
367 744
367 749
367 750
367 753
367 754
367 756
367 758
367 760
367 761
367 762
367 763
367 764
367 765
367 766
367 769
367 771
367 772
367 773
367 776
367 778
367 781
367 783
367 785
367 786
367 787
367 789
367 790
367 794
367 801
367 805
367 807
367 808
367 810
367 811
367 812
367 815
367 816
367 817
367 818
367 819
367 820
367 821
367 822
367 824
367 825
367 828
367 833
367 836
367 840
367 842
367 843
367 844
367 845
367 846
367 847
367 848
367 850
367 852
367 853
367 854
367 856
367 857
367 858
367 859
367 861
367 862
367 864
367 868
367 869
367 873
367 874
367 876
367 877
367 878
367 879
367 882
367 883
367 885
367 888
367 890
367 892
367 893
367 894
367 895
367 896
367 898
367 900
367 901
367 903
367 907
367 908
367 910
367 912
367 913
367 914
367 916
367 917
367 920
367 921
367 922
367 923
367 926
367 927
367 933
367 934
367 935
367 936
367 937
367 939
367 941
367 942
367 946
367 947
367 948
367 949
367 950
367 951
367 952
367 953
367 954
367 957
367 961
367 962
367 966
367 968
367 970
367 971
367 975
367 976
367 982
367 985
367 986
367 987
367 988
367 990
367 991
367 994
367 995
367 996
367 997
367 998
367 1000
368 502
368 504
368 506
368 512
368 513
368 514
368 515
368 517
368 519
368 520
368 521
368 522
368 527
368 529
368 530
368 531
368 534
368 537
368 540
368 543
368 545
368 546
368 548
368 551
368 552
368 553
368 558
368 563
368 565
368 566
368 567
368 569
368 570
368 575
368 576
368 577
368 578
368 580
368 581
368 583
368 584
368 585
368 587
368 590
368 594
368 595
368 596
368 597
368 599
368 601
368 602
368 605
368 607
368 608
368 611
368 612
368 616
368 617
368 618
368 623
368 625
368 626
368 627
368 629
368 632
368 633
368 634
368 635
368 642
368 644
368 645
368 646
368 647
368 650
368 651
368 653
368 654
368 655
368 660
368 661
368 662
368 664
368 665
368 666
368 667
368 669
368 670
368 671
368 673
368 674
368 675
368 676
368 677
368 678
368 680
368 684
368 685
368 686
368 687
368 689
368 691
368 692
368 695
368 697
368 698
368 699
368 700
368 701
368 703
368 705
368 706
368 709
368 712
368 714
368 716
368 718
368 719
368 720
368 722
368 724
368 726
368 728
368 731
368 735
368 736
368 737
368 741
368 744
368 746
368 747
368 748
368 749
368 750
368 753
368 756
368 757
368 761
368 762
368 763
368 765
368 766
368 767
368 769
368 770
368 772
368 773
368 774
368 776
368 778
368 779
368 780
368 781
368 783
368 785
368 787
368 788
368 790
368 793
368 794
368 795
368 799
368 804
368 805
368 806
368 808
368 812
368 813
368 815
368 818
368 820
368 830
368 834
368 835
368 838
368 841
368 842
368 843
368 845
368 846
368 847
368 850
368 851
368 853
368 854
368 857
368 859
368 860
368 861
368 862
368 863
368 865
368 869
368 870
368 872
368 874
368 875
368 876
368 879
368 883
368 886
368 887
368 888
368 891
368 895
368 896
368 899
368 900
368 901
368 902
368 908
368 909
368 913
368 917
368 918
368 919
368 920
368 922
368 923
368 924
368 927
368 928
368 929
368 931
368 932
368 935
368 936
368 938
368 939
368 940
368 941
368 942
368 945
368 946
368 947
368 949
368 952
368 953
368 954
368 955
368 957
368 959
368 963
368 964
368 967
368 972
368 973
368 974
368 977
368 978
368 985
368 987
368 988
368 991
368 992
368 996
368 997
368 998
369 501
369 502
369 503
369 504
369 505
369 507
369 510
369 511
369 512
369 513
369 514
369 515
369 517
369 518
369 519
369 520
369 522
369 524
369 526
369 528
369 529
369 532
369 541
369 542
369 543
369 544
369 545
369 546
369 547
369 550
369 557
369 562
369 563
369 564
369 566
369 570
369 573
369 574
369 575
369 576
369 580
369 586
369 588
369 590
369 591
369 595
369 597
369 600
369 601
369 604
369 605
369 607
369 608
369 610
369 613
369 616
369 617
369 620
369 622
369 623
369 625
369 626
369 628
369 634
369 639
369 642
369 643
369 644
369 648
369 649
369 650
369 651
369 661
369 662
369 664
369 667
369 669
369 670
369 674
369 675
369 678
369 679
369 680
369 682
369 685
369 686
369 687
369 690
369 694
369 695
369 697
369 698
369 700
369 702
369 703
369 704
369 707
369 710
369 714
369 715
369 716
369 717
369 718
369 720
369 722
369 723
369 724
369 730
369 734
369 735
369 740
369 741
369 742
369 743
369 745
369 746
369 747
369 748
369 749
369 752
369 754
369 756
369 757
369 758
369 759
369 761
369 762
369 763
369 765
369 766
369 768
369 769
369 773
369 774
369 775
369 776
369 778
369 781
369 786
369 787
369 788
369 790
369 791
369 793
369 794
369 795
369 797
369 799
369 802
369 803
369 806
369 809
369 810
369 811
369 812
369 816
369 817
369 819
369 820
369 821
369 822
369 827
369 828
369 829
369 840
369 841
369 842
369 846
369 848
369 849
369 852
369 853
369 854
369 855
369 857
369 859
369 862
369 865
369 866
369 872
369 876
369 878
369 879
369 881
369 882
369 883
369 888
369 892
369 893
369 895
369 897
369 899
369 902
369 906
369 907
369 908
369 910
369 912
369 913
369 915
369 918
369 921
369 923
369 925
369 928
369 931
369 933
369 936
369 937
369 938
369 939
369 940
369 944
369 945
369 946
369 949
369 952
369 953
369 954
369 955
369 957
369 959
369 960
369 961
369 963
369 964
369 966
369 970
369 974
369 976
369 977
369 979
369 980
369 983
369 987
369 988
369 992
369 995
369 996
369 999
369 1000
370 501
370 503
370 504
370 507
370 508
370 509
370 510
370 511
370 512
370 513
370 514
370 515
370 516
370 518
370 522
370 525
370 529
370 530
370 531
370 534
370 536
370 538
370 539
370 541
370 542
370 543
370 545
370 549
370 551
370 552
370 553
370 556
370 557
370 560
370 563
370 564
370 565
370 568
370 569
370 571
370 572
370 575
370 577
370 579
370 580
370 581
370 582
370 585
370 587
370 588
370 589
370 592
370 594
370 596
370 598
370 603
370 605
370 606
370 607
370 610
370 611
370 613
370 616
370 618
370 619
370 620
370 621
370 626
370 627
370 630
370 632
370 635
370 636
370 637
370 641
370 642
370 643
370 644
370 646
370 647
370 648
370 654
370 655
370 660
370 661
370 662
370 664
370 667
370 673
370 678
370 680
370 686
370 687
370 689
370 692
370 694
370 695
370 696
370 699
370 700
370 701
370 704
370 708
370 710
370 711
370 712
370 714
370 715
370 719
370 724
370 725
370 726
370 727
370 729
370 732
370 734
370 736
370 741
370 742
370 744
370 746
370 747
370 749
370 750
370 752
370 753
370 754
370 756
370 757
370 759
370 764
370 765
370 766
370 769
370 771
370 775
370 779
370 781
370 783
370 786
370 788
370 789
370 792
370 794
370 796
370 799
370 800
370 801
370 803
370 804
370 807
370 810
370 811
370 812
370 813
370 814
370 816
370 819
370 822
370 824
370 825
370 826
370 827
370 830
370 834
370 835
370 836
370 839
370 844
370 846
370 847
370 849
370 851
370 852
370 853
370 854
370 855
370 857
370 859
370 860
370 861
370 862
370 864
370 865
370 868
370 870
370 875
370 876
370 878
370 883
370 886
370 887
370 889
370 892
370 894
370 895
370 897
370 898
370 908
370 909
370 914
370 915
370 919
370 920
370 922
370 926
370 929
370 930
370 937
370 938
370 939
370 944
370 948
370 952
370 954
370 955
370 957
370 958
370 959
370 960
370 961
370 963
370 968
370 970
370 973
370 977
370 978
370 982
370 984
370 985
370 993
370 997
370 998
371 503
371 505
371 508
371 509
371 510
371 512
371 513
371 518
371 522
371 525
371 527
371 528
371 530
371 534
371 537
371 538
371 539
371 540
371 541
371 542
371 545
371 547
371 548
371 549
371 553
371 555
371 556
371 560
371 561
371 564
371 565
371 566
371 568
371 570
371 574
371 575
371 577
371 578
371 582
371 583
371 585
371 589
371 591
371 592
371 593
371 594
371 596
371 597
371 599
371 600
371 601
371 606
371 607
371 608
371 609
371 610
371 611
371 615
371 619
371 620
371 621
371 622
371 624
371 625
371 626
371 627
371 634
371 635
371 636
371 638
371 639
371 641
371 642
371 643
371 644
371 646
371 647
371 648
371 649
371 651
371 652
371 654
371 656
371 657
371 658
371 660
371 661
371 662
371 666
371 668
371 671
371 673
371 675
371 677
371 678
371 680
371 682
371 683
371 684
371 685
371 688
371 690
371 692
371 695
371 696
371 697
371 698
371 699
371 701
371 704
371 706
371 707
371 708
371 709
371 711
371 712
371 715
371 716
371 718
371 720
371 721
371 722
371 724
371 725
371 728
371 729
371 731
371 732
371 734
371 739
371 742
371 743
371 744
371 745
371 746
371 747
371 748
371 749
371 750
371 752
371 753
371 755
371 757
371 758
371 759
371 764
371 765
371 767
371 768
371 774
371 775
371 776
371 779
371 781
371 783
371 784
371 786
371 787
371 788
371 789
371 790
371 792
371 794
371 797
371 798
371 800
371 802
371 803
371 807
371 810
371 813
371 817
371 818
371 819
371 821
371 822
371 823
371 826
371 827
371 830
371 833
371 834
371 835
371 836
371 838
371 841
371 842
371 844
371 845
371 846
371 849
371 850
371 852
371 853
371 854
371 855
371 859
371 860
371 862
371 865
371 867
371 871
371 872
371 873
371 875
371 880
371 881
371 883
371 885
371 886
371 888
371 891
371 895
371 897
371 902
371 906
371 909
371 910
371 912
371 916
371 918
371 923
371 924
371 926
371 929
371 930
371 931
371 933
371 936
371 937
371 938
371 939
371 940
371 941
371 942
371 946
371 947
371 948
371 950
371 952
371 956
371 959
371 961
371 962
371 963
371 965
371 966
371 967
371 968
371 969
371 971
371 973
371 976
371 977
371 981
371 988
371 991
371 994
371 995
371 998
372 501
372 502
372 505
372 508
372 509
372 513
372 515
372 517
372 523
372 527
372 536
372 539
372 540
372 543
372 545
372 550
372 551
372 554
372 556
372 559
372 560
372 562
372 566
372 568
372 570
372 571
372 572
372 573
372 576
372 577
372 578
372 579
372 581
372 582
372 588
372 590
372 594
372 595
372 596
372 598
372 603
372 604
372 605
372 606
372 608
372 609
372 610
372 611
372 616
372 618
372 619
372 620
372 621
372 623
372 624
372 627
372 638
372 640
372 642
372 644
372 645
372 646
372 649
372 651
372 652
372 653
372 654
372 655
372 657
372 659
372 660
372 663
372 665
372 667
372 671
372 673
372 674
372 675
372 677
372 678
372 679
372 680
372 682
372 683
372 686
372 687
372 689
372 693
372 694
372 696
372 698
372 699
372 700
372 702
372 703
372 704
372 705
372 707
372 710
372 713
372 714
372 717
372 718
372 722
372 724
372 727
372 731
372 733
372 734
372 739
372 740
372 741
372 742
372 743
372 744
372 749
372 751
372 752
372 755
372 756
372 757
372 765
372 767
372 770
372 771
372 772
372 773
372 774
372 776
372 778
372 780
372 781
372 782
372 784
372 785
372 789
372 790
372 791
372 792
372 793
372 801
372 803
372 807
372 810
372 815
372 816
372 817
372 820
372 821
372 822
372 825
372 826
372 828
372 829
372 831
372 834
372 835
372 837
372 842
372 843
372 844
372 847
372 851
372 852
372 853
372 860
372 861
372 862
372 863
372 865
372 869
372 870
372 871
372 872
372 873
372 875
372 876
372 878
372 879
372 881
372 882
372 887
372 890
372 894
372 902
372 904
372 906
372 908
372 910
372 911
372 917
372 918
372 920
372 922
372 923
372 927
372 929
372 932
372 934
372 937
372 939
372 940
372 941
372 942
372 945
372 947
372 949
372 953
372 955
372 956
372 958
372 959
372 965
372 968
372 970
372 971
372 973
372 976
372 977
372 979
372 980
372 985
372 987
372 989
372 990
372 993
372 995
372 999
372 1000
373 501
373 502
373 508
373 509
373 510
373 512
373 513
373 514
373 516
373 517
373 519
373 521
373 523
373 526
373 528
373 529
373 531
373 532
373 535
373 536
373 538
373 539
373 543
373 546
373 548
373 551
373 553
373 554
373 555
373 556
373 557
373 559
373 560
373 561
373 563
373 567
373 569
373 571
373 577
373 578
373 581
373 582
373 584
373 585
373 586
373 587
373 588
373 589
373 591
373 596
373 600
373 601
373 603
373 606
373 608
373 609
373 612
373 614
373 616
373 617
373 619
373 622
373 625
373 626
373 631
373 632
373 633
373 634
373 637
373 641
373 643
373 645
373 647
373 648
373 649
373 650
373 652
373 655
373 659
373 660
373 661
373 664
373 665
373 667
373 668
373 671
373 674
373 675
373 676
373 677
373 678
373 681
373 683
373 685
373 686
373 688
373 692
373 693
373 698
373 699
373 703
373 708
373 710
373 713
373 715
373 716
373 718
373 720
373 721
373 722
373 727
373 731
373 733
373 735
373 737
373 740
373 741
373 742
373 747
373 748
373 749
373 750
373 752
373 753
373 755
373 757
373 758
373 759
373 761
373 764
373 768
373 769
373 773
373 780
373 781
373 783
373 784
373 785
373 787
373 788
373 790
373 791
373 792
373 793
373 794
373 795
373 797
373 798
373 799
373 803
373 804
373 806
373 808
373 813
373 814
373 815
373 816
373 817
373 821
373 826
373 829
373 832
373 834
373 835
373 836
373 837
373 838
373 840
373 843
373 844
373 846
373 849
373 851
373 853
373 854
373 857
373 858
373 859
373 860
373 861
373 864
373 865
373 866
373 867
373 870
373 872
373 874
373 875
373 876
373 877
373 879
373 881
373 883
373 884
373 889
373 890
373 891
373 894
373 895
373 896
373 899
373 901
373 902
373 903
373 905
373 908
373 910
373 913
373 914
373 915
373 917
373 918
373 919
373 921
373 922
373 924
373 926
373 930
373 932
373 935
373 937
373 941
373 942
373 943
373 946
373 948
373 949
373 950
373 954
373 955
373 956
373 957
373 960
373 961
373 967
373 971
373 974
373 976
373 977
373 978
373 979
373 983
373 986
373 987
373 988
373 989
373 990
373 995
374 502
374 506
374 507
374 512
374 514
374 515
374 516
374 520
374 521
374 522
374 524
374 526
374 528
374 530
374 531
374 536
374 537
374 538
374 539
374 541
374 542
374 544
374 545
374 546
374 547
374 548
374 553
374 559
374 560
374 561
374 562
374 564
374 567
374 569
374 571
374 572
374 574
374 578
374 581
374 583
374 587
374 589
374 592
374 593
374 594
374 595
374 597
374 598
374 599
374 602
374 603
374 604
374 605
374 609
374 611
374 613
374 616
374 618
374 620
374 622
374 623
374 625
374 628
374 629
374 630
374 631
374 632
374 634
374 636
374 638
374 641
374 644
374 645
374 646
374 652
374 653
374 654
374 655
374 656
374 658
374 660
374 662
374 663
374 665
374 669
374 670
374 671
374 672
374 674
374 676
374 679
374 685
374 686
374 688
374 690
374 693
374 694
374 696
374 697
374 698
374 699
374 701
374 705
374 706
374 708
374 711
374 715
374 716
374 718
374 723
374 724
374 726
374 728
374 729
374 731
374 732
374 734
374 736
374 738
374 739
374 741
374 743
374 751
374 752
374 754
374 756
374 758
374 762
374 764
374 766
374 768
374 769
374 772
374 773
374 776
374 780
374 781
374 785
374 786
374 789
374 790
374 793
374 794
374 795
374 796
374 797
374 798
374 801
374 804
374 805
374 807
374 808
374 809
374 811
374 814
374 815
374 817
374 818
374 821
374 822
374 823
374 826
374 828
374 830
374 831
374 832
374 833
374 834
374 835
374 840
374 842
374 843
374 844
374 845
374 848
374 850
374 852
374 853
374 854
374 855
374 856
374 857
374 861
374 863
374 866
374 867
374 871
374 874
374 876
374 879
374 881
374 882
374 884
374 885
374 886
374 890
374 891
374 893
374 895
374 899
374 900
374 901
374 902
374 904
374 905
374 906
374 908
374 909
374 913
374 918
374 921
374 924
374 925
374 928
374 929
374 930
374 931
374 934
374 937
374 938
374 939
374 941
374 943
374 944
374 945
374 946
374 947
374 948
374 951
374 954
374 956
374 957
374 958
374 959
374 962
374 964
374 967
374 970
374 974
374 976
374 978
374 981
374 982
374 984
374 986
374 990
374 993
374 994
374 995
374 997
374 998
374 999
375 501
375 505
375 507
375 509
375 514
375 522
375 523
375 524
375 525
375 526
375 529
375 533
375 537
375 541
375 542
375 544
375 546
375 549
375 550
375 552
375 555
375 561
375 563
375 564
375 566
375 568
375 570
375 571
375 573
375 576
375 580
375 581
375 582
375 583
375 585
375 587
375 589
375 593
375 597
375 600
375 605
375 607
375 608
375 609
375 610
375 612
375 614
375 615
375 617
375 618
375 619
375 621
375 622
375 624
375 626
375 630
375 631
375 632
375 634
375 639
375 640
375 641
375 644
375 645
375 646
375 647
375 649
375 650
375 651
375 654
375 655
375 659
375 661
375 662
375 663
375 664
375 665
375 670
375 672
375 673
375 674
375 678
375 681
375 683
375 684
375 686
375 687
375 690
375 691
375 693
375 695
375 696
375 697
375 698
375 700
375 702
375 703
375 706
375 707
375 708
375 709
375 710
375 715
375 716
375 718
375 719
375 720
375 721
375 724
375 726
375 729
375 730
375 731
375 732
375 734
375 735
375 737
375 739
375 740
375 741
375 742
375 743
375 744
375 749
375 750
375 752
375 753
375 755
375 756
375 757
375 758
375 760
375 762
375 763
375 767
375 768
375 770
375 774
375 775
375 776
375 779
375 782
375 785
375 786
375 787
375 789
375 791
375 794
375 798
375 800
375 801
375 802
375 803
375 804
375 805
375 807
375 810
375 812
375 815
375 818
375 821
375 822
375 825
375 826
375 827
375 833
375 835
375 838
375 841
375 842
375 845
375 847
375 851
375 852
375 853
375 857
375 858
375 863
375 865
375 866
375 868
375 871
375 874
375 877
375 879
375 880
375 882
375 884
375 887
375 888
375 889
375 890
375 891
375 892
375 894
375 895
375 896
375 897
375 899
375 900
375 902
375 903
375 904
375 906
375 907
375 908
375 910
375 912
375 916
375 917
375 918
375 922
375 924
375 925
375 929
375 931
375 934
375 935
375 937
375 938
375 939
375 940
375 941
375 942
375 943
375 944
375 945
375 947
375 948
375 950
375 951
375 952
375 955
375 957
375 958
375 959
375 963
375 968
375 973
375 974
375 981
375 983
375 985
375 990
375 996
375 998
375 1000
376 503
376 505
376 508
376 511
376 512
376 514
376 516
376 517
376 520
376 521
376 523
376 525
376 526
376 528
376 530
376 532
376 533
376 534
376 535
376 539
376 541
376 542
376 543
376 544
376 551
376 552
376 553
376 556
376 557
376 559
376 560
376 562
376 565
376 568
376 570
376 572
376 575
376 576
376 577
376 580
376 581
376 582
376 583
376 584
376 585
376 587
376 589
376 590
376 595
376 597
376 598
376 601
376 603
376 605
376 606
376 608
376 609
376 610
376 611
376 612
376 615
376 618
376 622
376 623
376 624
376 625
376 626
376 629
376 631
376 635
376 639
376 643
376 644
376 645
376 646
376 647
376 649
376 650
376 651
376 652
376 653
376 656
376 658
376 660
376 667
376 668
376 669
376 670
376 672
376 673
376 674
376 677
376 678
376 685
376 686
376 687
376 688
376 690
376 691
376 692
376 693
376 695
376 696
376 697
376 700
376 701
376 705
376 706
376 707
376 708
376 710
376 712
376 713
376 716
376 718
376 720
376 725
376 727
376 729
376 731
376 732
376 733
376 734
376 738
376 739
376 745
376 746
376 751
376 752
376 754
376 757
376 759
376 760
376 762
376 764
376 767
376 769
376 776
376 779
376 782
376 783
376 786
376 787
376 788
376 789
376 791
376 793
376 795
376 796
376 798
376 799
376 800
376 801
376 807
376 809
376 810
376 811
376 812
376 813
376 814
376 819
376 820
376 823
376 824
376 825
376 826
376 828
376 832
376 833
376 834
376 835
376 837
376 840
376 842
376 843
376 844
376 850
376 851
376 852
376 853
376 857
376 860
376 861
376 862
376 864
376 870
376 874
376 876
376 877
376 879
376 880
376 882
376 883
376 885
376 887
376 888
376 895
376 896
376 897
376 900
376 905
376 907
376 913
376 915
376 917
376 918
376 919
376 921
376 923
376 924
376 925
376 929
376 933
376 940
376 946
376 950
376 951
376 954
376 955
376 956
376 957
376 961
376 962
376 963
376 967
376 969
376 970
376 971
376 973
376 974
376 975
376 982
376 985
376 989
376 990
376 992
376 993
376 994
376 995
376 997
376 998
376 999
377 503
377 504
377 505
377 507
377 508
377 513
377 515
377 517
377 519
377 521
377 522
377 523
377 527
377 528
377 529
377 533
377 534
377 535
377 536
377 541
377 542
377 546
377 550
377 551
377 552
377 553
377 554
377 555
377 557
377 558
377 561
377 563
377 564
377 566
377 567
377 568
377 569
377 570
377 571
377 572
377 573
377 575
377 577
377 580
377 584
377 587
377 588
377 589
377 590
377 592
377 593
377 598
377 599
377 602
377 606
377 607
377 609
377 610
377 612
377 613
377 614
377 615
377 617
377 618
377 619
377 620
377 621
377 622
377 623
377 627
377 628
377 630
377 631
377 635
377 636
377 638
377 640
377 641
377 644
377 645
377 647
377 651
377 658
377 660
377 661
377 663
377 664
377 665
377 666
377 674
377 677
377 679
377 680
377 681
377 684
377 686
377 687
377 688
377 689
377 690
377 691
377 694
377 697
377 705
377 707
377 710
377 711
377 713
377 716
377 717
377 718
377 722
377 725
377 726
377 728
377 730
377 737
377 738
377 740
377 741
377 746
377 754
377 755
377 759
377 760
377 762
377 764
377 767
377 768
377 769
377 770
377 771
377 775
377 778
377 784
377 790
377 791
377 793
377 795
377 800
377 804
377 805
377 806
377 808
377 810
377 811
377 813
377 814
377 815
377 819
377 820
377 824
377 827
377 830
377 834
377 835
377 838
377 841
377 842
377 843
377 844
377 845
377 849
377 850
377 852
377 855
377 856
377 857
377 861
377 862
377 863
377 866
377 870
377 871
377 872
377 873
377 875
377 876
377 877
377 880
377 884
377 885
377 891
377 893
377 894
377 896
377 897
377 898
377 899
377 901
377 902
377 903
377 905
377 908
377 912
377 913
377 920
377 922
377 924
377 925
377 926
377 927
377 931
377 932
377 934
377 935
377 938
377 940
377 943
377 944
377 947
377 948
377 951
377 952
377 954
377 959
377 960
377 963
377 965
377 969
377 971
377 974
377 975
377 978
377 980
377 981
377 982
377 987
377 994
377 995
377 997
377 998
378 501
378 504
378 507
378 509
378 511
378 512
378 513
378 518
378 520
378 522
378 523
378 525
378 526
378 530
378 533
378 536
378 537
378 538
378 545
378 546
378 547
378 548
378 549
378 550
378 554
378 555
378 556
378 558
378 559
378 563
378 564
378 567
378 570
378 574
378 576
378 580
378 584
378 587
378 592
378 593
378 595
378 597
378 598
378 599
378 600
378 602
378 603
378 604
378 605
378 607
378 610
378 611
378 612
378 613
378 614
378 615
378 616
378 617
378 619
378 620
378 624
378 626
378 633
378 634
378 635
378 636
378 637
378 638
378 639
378 640
378 641
378 642
378 643
378 644
378 648
378 653
378 655
378 659
378 660
378 661
378 663
378 664
378 665
378 666
378 668
378 669
378 671
378 673
378 674
378 681
378 682
378 685
378 686
378 687
378 688
378 690
378 692
378 695
378 697
378 698
378 699
378 706
378 707
378 708
378 711
378 714
378 718
378 719
378 722
378 723
378 724
378 730
378 732
378 735
378 736
378 740
378 746
378 748
378 752
378 753
378 754
378 756
378 758
378 759
378 762
378 763
378 764
378 768
378 769
378 770
378 771
378 773
378 774
378 775
378 776
378 780
378 784
378 785
378 786
378 788
378 789
378 790
378 793
378 794
378 796
378 801
378 802
378 805
378 806
378 807
378 808
378 809
378 810
378 811
378 814
378 817
378 819
378 825
378 826
378 827
378 828
378 829
378 833
378 836
378 837
378 842
378 843
378 845
378 846
378 849
378 855
378 856
378 857
378 861
378 862
378 864
378 866
378 867
378 868
378 869
378 871
378 872
378 876
378 877
378 878
378 879
378 880
378 881
378 883
378 884
378 885
378 887
378 888
378 889
378 890
378 895
378 896
378 898
378 901
378 902
378 903
378 904
378 905
378 906
378 908
378 910
378 914
378 919
378 920
378 922
378 925
378 926
378 928
378 931
378 932
378 933
378 934
378 935
378 936
378 938
378 941
378 943
378 948
378 949
378 952
378 953
378 954
378 956
378 958
378 959
378 961
378 962
378 963
378 964
378 965
378 966
378 968
378 976
378 980
378 981
378 983
378 987
378 993
378 995
378 997
378 999
378 1000
379 502
379 505
379 506
379 508
379 509
379 511
379 512
379 516
379 518
379 521
379 525
379 526
379 528
379 529
379 530
379 532
379 535
379 536
379 538
379 539
379 540
379 544
379 547
379 549
379 551
379 552
379 554
379 555
379 556
379 557
379 558
379 559
379 565
379 567
379 569
379 570
379 571
379 572
379 575
379 576
379 579
379 585
379 586
379 587
379 590
379 591
379 592
379 594
379 595
379 596
379 597
379 598
379 601
379 603
379 609
379 610
379 612
379 615
379 617
379 618
379 624
379 625
379 627
379 628
379 629
379 631
379 634
379 638
379 639
379 649
379 650
379 651
379 653
379 654
379 655
379 656
379 657
379 659
379 661
379 662
379 665
379 666
379 668
379 669
379 672
379 673
379 674
379 675
379 677
379 678
379 679
379 680
379 682
379 686
379 687
379 689
379 691
379 692
379 693
379 694
379 695
379 696
379 698
379 699
379 701
379 704
379 707
379 710
379 714
379 716
379 721
379 725
379 726
379 730
379 732
379 734
379 737
379 738
379 740
379 741
379 742
379 745
379 750
379 754
379 755
379 756
379 757
379 758
379 760
379 761
379 762
379 763
379 767
379 768
379 769
379 771
379 772
379 774
379 775
379 776
379 777
379 779
379 784
379 787
379 789
379 791
379 794
379 795
379 798
379 800
379 804
379 805
379 806
379 807
379 808
379 811
379 812
379 816
379 817
379 818
379 821
379 823
379 825
379 827
379 831
379 833
379 835
379 837
379 838
379 839
379 840
379 841
379 842
379 844
379 845
379 846
379 847
379 848
379 849
379 851
379 852
379 853
379 855
379 856
379 857
379 859
379 863
379 866
379 867
379 869
379 870
379 871
379 873
379 875
379 880
379 882
379 883
379 884
379 886
379 888
379 891
379 892
379 893
379 895
379 896
379 898
379 899
379 900
379 902
379 903
379 907
379 911
379 912
379 915
379 917
379 919
379 922
379 925
379 930
379 931
379 932
379 934
379 935
379 936
379 937
379 940
379 942
379 945
379 946
379 947
379 948
379 950
379 951
379 952
379 958
379 960
379 964
379 969
379 970
379 971
379 973
379 974
379 975
379 979
379 980
379 983
379 984
379 987
379 989
379 991
379 993
379 997
380 502
380 503
380 504
380 506
380 511
380 512
380 513
380 516
380 519
380 522
380 524
380 528
380 529
380 530
380 532
380 533
380 537
380 538
380 539
380 540
380 541
380 543
380 544
380 547
380 548
380 549
380 550
380 551
380 553
380 554
380 555
380 558
380 562
380 566
380 568
380 569
380 570
380 575
380 577
380 578
380 581
380 582
380 583
380 584
380 589
380 590
380 591
380 592
380 596
380 598
380 600
380 602
380 604
380 605
380 606
380 609
380 610
380 611
380 613
380 616
380 621
380 623
380 625
380 627
380 629
380 633
380 634
380 635
380 636
380 637
380 639
380 640
380 642
380 643
380 645
380 646
380 648
380 650
380 651
380 652
380 653
380 656
380 658
380 661
380 662
380 663
380 664
380 666
380 667
380 674
380 677
380 678
380 679
380 680
380 681
380 683
380 684
380 685
380 688
380 691
380 692
380 695
380 696
380 697
380 698
380 699
380 700
380 701
380 702
380 703
380 704
380 705
380 709
380 711
380 712
380 714
380 715
380 716
380 717
380 719
380 722
380 723
380 730
380 731
380 734
380 736
380 738
380 740
380 741
380 743
380 744
380 745
380 746
380 749
380 750
380 751
380 754
380 756
380 757
380 759
380 760
380 762
380 763
380 769
380 771
380 773
380 775
380 778
380 779
380 781
380 783
380 784
380 785
380 786
380 791
380 792
380 793
380 794
380 796
380 800
380 801
380 803
380 809
380 813
380 817
380 818
380 819
380 821
380 822
380 826
380 831
380 833
380 839
380 843
380 845
380 846
380 853
380 854
380 855
380 857
380 861
380 862
380 865
380 866
380 867
380 869
380 870
380 873
380 874
380 875
380 876
380 878
380 879
380 881
380 886
380 887
380 892
380 898
380 900
380 903
380 904
380 905
380 907
380 908
380 910
380 912
380 914
380 915
380 916
380 918
380 920
380 922
380 923
380 925
380 927
380 929
380 935
380 936
380 937
380 938
380 939
380 941
380 943
380 944
380 945
380 946
380 947
380 949
380 952
380 954
380 955
380 956
380 958
380 960
380 963
380 964
380 966
380 967
380 971
380 973
380 975
380 977
380 979
380 980
380 982
380 985
380 986
380 987
380 988
380 989
380 990
380 992
380 994
380 996
380 997
380 999
380 1000
381 502
381 505
381 506
381 508
381 509
381 511
381 513
381 515
381 516
381 517
381 518
381 519
381 520
381 523
381 525
381 526
381 527
381 529
381 534
381 535
381 537
381 538
381 540
381 542
381 545
381 546
381 547
381 548
381 549
381 550
381 559
381 560
381 564
381 566
381 572
381 573
381 574
381 575
381 579
381 581
381 582
381 583
381 585
381 588
381 590
381 591
381 592
381 594
381 597
381 599
381 600
381 601
381 603
381 605
381 609
381 610
381 616
381 620
381 621
381 622
381 625
381 628
381 629
381 631
381 632
381 635
381 636
381 639
381 640
381 643
381 645
381 646
381 649
381 650
381 654
381 657
381 659
381 660
381 661
381 662
381 664
381 668
381 669
381 672
381 673
381 674
381 675
381 676
381 678
381 679
381 683
381 684
381 686
381 689
381 691
381 692
381 693
381 694
381 696
381 699
381 702
381 704
381 705
381 708
381 709
381 710
381 711
381 712
381 713
381 715
381 716
381 719
381 722
381 725
381 727
381 728
381 733
381 734
381 735
381 736
381 738
381 741
381 742
381 744
381 747
381 748
381 751
381 752
381 755
381 756
381 757
381 761
381 762
381 763
381 764
381 766
381 767
381 772
381 773
381 774
381 777
381 778
381 779
381 781
381 782
381 783
381 784
381 785
381 786
381 787
381 789
381 794
381 799
381 802
381 804
381 805
381 810
381 813
381 814
381 815
381 821
381 825
381 827
381 828
381 830
381 831
381 833
381 834
381 835
381 837
381 838
381 841
381 847
381 848
381 850
381 857
381 858
381 859
381 861
381 864
381 868
381 869
381 871
381 872
381 873
381 875
381 876
381 877
381 881
381 883
381 889
381 890
381 892
381 894
381 895
381 897
381 903
381 907
381 908
381 910
381 911
381 913
381 914
381 915
381 916
381 919
381 920
381 922
381 923
381 924
381 925
381 926
381 927
381 928
381 929
381 930
381 932
381 936
381 937
381 940
381 941
381 942
381 943
381 944
381 948
381 949
381 950
381 951
381 953
381 954
381 955
381 960
381 961
381 963
381 967
381 970
381 977
381 978
381 979
381 980
381 982
381 988
381 991
381 992
381 993
381 998
381 999
381 1000
382 503
382 505
382 508
382 511
382 512
382 514
382 515
382 517
382 519
382 520
382 521
382 523
382 524
382 525
382 526
382 527
382 531
382 533
382 534
382 537
382 539
382 541
382 543
382 545
382 549
382 551
382 552
382 555
382 556
382 558
382 560
382 562
382 563
382 564
382 568
382 574
382 577
382 578
382 580
382 581
382 583
382 585
382 588
382 591
382 592
382 595
382 596
382 597
382 599
382 600
382 601
382 603
382 604
382 605
382 606
382 610
382 612
382 614
382 616
382 617
382 619
382 621
382 622
382 624
382 625
382 626
382 627
382 628
382 631
382 632
382 634
382 637
382 638
382 639
382 640
382 644
382 646
382 647
382 648
382 649
382 650
382 651
382 652
382 653
382 654
382 655
382 656
382 657
382 658
382 659
382 660
382 661
382 669
382 670
382 672
382 673
382 677
382 678
382 681
382 682
382 684
382 685
382 686
382 687
382 689
382 691
382 692
382 693
382 697
382 698
382 700
382 703
382 705
382 706
382 708
382 709
382 710
382 711
382 712
382 713
382 716
382 717
382 718
382 723
382 724
382 725
382 726
382 728
382 729
382 730
382 731
382 733
382 735
382 740
382 744
382 748
382 752
382 753
382 754
382 755
382 757
382 763
382 764
382 767
382 770
382 771
382 772
382 773
382 775
382 777
382 778
382 779
382 780
382 782
382 783
382 785
382 786
382 788
382 789
382 791
382 792
382 795
382 802
382 803
382 806
382 813
382 816
382 817
382 820
382 822
382 824
382 827
382 832
382 834
382 835
382 836
382 837
382 838
382 839
382 841
382 844
382 849
382 850
382 851
382 852
382 853
382 854
382 855
382 856
382 857
382 865
382 866
382 867
382 869
382 870
382 871
382 872
382 873
382 874
382 875
382 877
382 878
382 880
382 883
382 884
382 889
382 890
382 891
382 893
382 894
382 895
382 896
382 899
382 901
382 902
382 906
382 907
382 909
382 910
382 912
382 914
382 915
382 916
382 918
382 920
382 921
382 922
382 924
382 925
382 926
382 927
382 929
382 930
382 931
382 933
382 934
382 937
382 939
382 944
382 945
382 947
382 949
382 951
382 952
382 953
382 955
382 959
382 962
382 964
382 966
382 969
382 973
382 980
382 981
382 982
382 984
382 986
382 988
382 990
382 991
382 994
382 995
382 999
382 1000
383 501
383 502
383 503
383 506
383 507
383 510
383 511
383 513
383 517
383 518
383 519
383 520
383 522
383 524
383 527
383 528
383 529
383 533
383 539
383 545
383 547
383 548
383 551
383 552
383 554
383 555
383 559
383 560
383 561
383 562
383 563
383 564
383 568
383 572
383 573
383 574
383 575
383 580
383 581
383 584
383 586
383 587
383 588
383 592
383 594
383 596
383 597
383 598
383 599
383 600
383 602
383 603
383 604
383 605
383 606
383 608
383 610
383 611
383 612
383 613
383 614
383 615
383 617
383 619
383 620
383 623
383 624
383 626
383 628
383 629
383 631
383 634
383 636
383 637
383 643
383 644
383 646
383 647
383 649
383 652
383 653
383 654
383 655
383 656
383 658
383 659
383 660
383 662
383 664
383 665
383 666
383 667
383 668
383 673
383 680
383 681
383 684
383 685
383 689
383 690
383 691
383 692
383 693
383 694
383 695
383 696
383 697
383 698
383 700
383 704
383 705
383 706
383 707
383 708
383 712
383 713
383 717
383 719
383 722
383 723
383 726
383 727
383 728
383 732
383 737
383 738
383 743
383 745
383 746
383 748
383 749
383 750
383 752
383 753
383 754
383 756
383 759
383 760
383 763
383 764
383 765
383 766
383 774
383 775
383 776
383 777
383 779
383 783
383 784
383 785
383 786
383 788
383 794
383 795
383 796
383 799
383 800
383 802
383 804
383 805
383 806
383 807
383 810
383 812
383 815
383 816
383 817
383 819
383 820
383 821
383 825
383 828
383 832
383 835
383 836
383 838
383 839
383 841
383 842
383 843
383 849
383 851
383 852
383 853
383 855
383 857
383 860
383 861
383 862
383 863
383 866
383 868
383 869
383 871
383 873
383 874
383 876
383 878
383 880
383 883
383 885
383 889
383 891
383 895
383 898
383 899
383 900
383 902
383 905
383 908
383 912
383 914
383 915
383 916
383 922
383 923
383 925
383 926
383 927
383 928
383 930
383 935
383 937
383 941
383 945
383 946
383 947
383 948
383 949
383 951
383 952
383 953
383 956
383 957
383 958
383 961
383 966
383 968
383 969
383 970
383 973
383 975
383 978
383 979
383 981
383 982
383 986
383 988
383 989
383 991
383 992
383 993
383 996
383 997
383 1000
384 501
384 504
384 505
384 506
384 507
384 508
384 509
384 510
384 513
384 515
384 516
384 517
384 518
384 522
384 524
384 532
384 533
384 537
384 544
384 545
384 546
384 547
384 549
384 550
384 551
384 552
384 553
384 555
384 556
384 557
384 558
384 560
384 561
384 562
384 563
384 566
384 571
384 576
384 577
384 578
384 579
384 583
384 584
384 586
384 593
384 595
384 598
384 599
384 600
384 602
384 603
384 606
384 609
384 610
384 611
384 613
384 614
384 617
384 618
384 620
384 621
384 622
384 623
384 624
384 627
384 637
384 639
384 640
384 641
384 642
384 646
384 648
384 649
384 651
384 652
384 655
384 658
384 661
384 662
384 663
384 664
384 667
384 674
384 675
384 678
384 679
384 680
384 683
384 686
384 687
384 688
384 690
384 692
384 693
384 694
384 697
384 699
384 701
384 702
384 703
384 704
384 708
384 713
384 717
384 718
384 720
384 721
384 723
384 724
384 732
384 735
384 738
384 739
384 740
384 741
384 743
384 744
384 745
384 747
384 748
384 750
384 752
384 753
384 759
384 763
384 764
384 765
384 768
384 769
384 770
384 771
384 774
384 775
384 776
384 777
384 778
384 780
384 782
384 784
384 786
384 787
384 788
384 789
384 790
384 791
384 794
384 795
384 796
384 797
384 801
384 807
384 808
384 812
384 813
384 814
384 815
384 816
384 818
384 820
384 821
384 822
384 823
384 824
384 826
384 827
384 828
384 832
384 834
384 836
384 837
384 838
384 839
384 840
384 845
384 846
384 847
384 850
384 851
384 856
384 857
384 858
384 859
384 860
384 862
384 864
384 866
384 868
384 869
384 870
384 872
384 874
384 876
384 877
384 879
384 880
384 881
384 882
384 883
384 887
384 888
384 889
384 890
384 893
384 894
384 896
384 900
384 901
384 903
384 909
384 911
384 916
384 917
384 919
384 920
384 922
384 923
384 924
384 927
384 931
384 932
384 933
384 937
384 942
384 945
384 946
384 947
384 951
384 953
384 954
384 955
384 956
384 957
384 958
384 961
384 963
384 964
384 966
384 969
384 970
384 971
384 975
384 976
384 977
384 978
384 979
384 982
384 984
384 993
384 994
384 996
384 997
384 998
384 1000
385 502
385 503
385 504
385 505
385 506
385 508
385 510
385 511
385 513
385 515
385 516
385 521
385 523
385 524
385 526
385 527
385 529
385 530
385 532
385 537
385 538
385 539
385 546
385 547
385 548
385 554
385 555
385 556
385 557
385 558
385 559
385 561
385 562
385 565
385 566
385 567
385 568
385 569
385 572
385 576
385 580
385 582
385 584
385 586
385 587
385 590
385 591
385 594
385 595
385 597
385 598
385 599
385 600
385 602
385 606
385 609
385 611
385 616
385 617
385 622
385 630
385 632
385 633
385 638
385 640
385 643
385 645
385 648
385 649
385 651
385 652
385 654
385 658
385 661
385 663
385 665
385 667
385 670
385 671
385 672
385 676
385 677
385 678
385 681
385 682
385 685
385 690
385 691
385 694
385 695
385 698
385 705
385 708
385 709
385 712
385 713
385 718
385 721
385 724
385 726
385 727
385 729
385 733
385 737
385 738
385 741
385 745
385 748
385 749
385 751
385 752
385 754
385 757
385 759
385 760
385 768
385 769
385 770
385 771
385 772
385 773
385 774
385 775
385 781
385 783
385 785
385 786
385 787
385 789
385 791
385 794
385 802
385 804
385 805
385 807
385 808
385 812
385 814
385 817
385 818
385 819
385 821
385 822
385 827
385 832
385 839
385 840
385 846
385 848
385 851
385 852
385 854
385 855
385 858
385 860
385 861
385 862
385 864
385 865
385 867
385 869
385 873
385 875
385 879
385 880
385 883
385 884
385 885
385 889
385 890
385 892
385 893
385 896
385 900
385 904
385 906
385 907
385 908
385 913
385 914
385 916
385 919
385 921
385 922
385 924
385 925
385 926
385 928
385 929
385 930
385 932
385 934
385 936
385 938
385 939
385 946
385 947
385 948
385 949
385 950
385 951
385 952
385 953
385 954
385 955
385 958
385 959
385 964
385 965
385 967
385 969
385 971
385 973
385 974
385 976
385 979
385 980
385 981
385 982
385 987
385 989
385 990
385 992
385 994
385 995
385 996
385 998
385 999
385 1000
386 502
386 504
386 505
386 506
386 510
386 513
386 517
386 518
386 519
386 522
386 524
386 525
386 528
386 530
386 532
386 539
386 540
386 542
386 544
386 545
386 546
386 549
386 550
386 551
386 554
386 556
386 558
386 560
386 561
386 562
386 563
386 566
386 571
386 572
386 575
386 577
386 578
386 579
386 580
386 584
386 586
386 587
386 588
386 596
386 597
386 599
386 600
386 601
386 604
386 605
386 607
386 613
386 614
386 615
386 616
386 617
386 618
386 619
386 622
386 623
386 625
386 626
386 628
386 630
386 632
386 634
386 635
386 636
386 638
386 639
386 641
386 642
386 643
386 644
386 645
386 646
386 650
386 652
386 655
386 656
386 657
386 660
386 665
386 666
386 672
386 678
386 679
386 680
386 681
386 682
386 684
386 686
386 688
386 690
386 691
386 692
386 693
386 695
386 696
386 697
386 698
386 703
386 704
386 705
386 707
386 708
386 713
386 714
386 715
386 716
386 719
386 721
386 723
386 724
386 726
386 728
386 730
386 731
386 732
386 735
386 736
386 738
386 748
386 750
386 751
386 754
386 758
386 760
386 762
386 764
386 767
386 768
386 769
386 772
386 775
386 776
386 777
386 781
386 785
386 786
386 788
386 793
386 794
386 795
386 796
386 797
386 800
386 804
386 805
386 808
386 809
386 812
386 813
386 817
386 819
386 820
386 821
386 826
386 828
386 830
386 834
386 835
386 836
386 837
386 839
386 841
386 842
386 844
386 845
386 846
386 847
386 848
386 861
386 864
386 865
386 866
386 869
386 876
386 877
386 878
386 881
386 882
386 883
386 885
386 886
386 889
386 890
386 891
386 893
386 896
386 897
386 899
386 904
386 905
386 908
386 909
386 911
386 912
386 913
386 915
386 916
386 917
386 919
386 920
386 921
386 922
386 923
386 924
386 925
386 926
386 927
386 929
386 934
386 936
386 937
386 939
386 941
386 942
386 944
386 945
386 947
386 949
386 951
386 953
386 954
386 955
386 956
386 962
386 963
386 965
386 968
386 969
386 973
386 977
386 979
386 984
386 985
386 987
386 988
386 989
386 990
386 992
386 997
386 998
386 1000
387 502
387 504
387 505
387 507
387 508
387 509
387 512
387 513
387 514
387 516
387 517
387 518
387 519
387 523
387 526
387 529
387 530
387 532
387 533
387 534
387 537
387 538
387 539
387 540
387 551
387 553
387 554
387 555
387 556
387 557
387 559
387 560
387 562
387 564
387 569
387 570
387 572
387 573
387 577
387 580
387 581
387 583
387 585
387 587
387 590
387 591
387 595
387 596
387 597
387 598
387 601
387 602
387 606
387 608
387 610
387 611
387 612
387 613
387 616
387 623
387 624
387 625
387 626
387 628
387 631
387 633
387 634
387 637
387 638
387 639
387 643
387 644
387 646
387 647
387 648
387 649
387 650
387 651
387 655
387 656
387 657
387 659
387 660
387 667
387 668
387 670
387 671
387 673
387 675
387 676
387 680
387 681
387 683
387 690
387 692
387 695
387 696
387 698
387 699
387 700
387 702
387 704
387 705
387 707
387 709
387 712
387 715
387 716
387 717
387 718
387 719
387 722
387 725
387 730
387 731
387 732
387 734
387 737
387 739
387 742
387 744
387 745
387 746
387 747
387 748
387 749
387 750
387 751
387 753
387 754
387 755
387 756
387 757
387 758
387 761
387 762
387 763
387 764
387 766
387 769
387 770
387 772
387 774
387 775
387 780
387 781
387 783
387 784
387 786
387 787
387 789
387 795
387 798
387 799
387 800
387 801
387 802
387 803
387 804
387 805
387 809
387 810
387 811
387 812
387 813
387 815
387 816
387 818
387 819
387 820
387 821
387 822
387 823
387 824
387 829
387 831
387 833
387 834
387 835
387 837
387 839
387 841
387 842
387 843
387 844
387 845
387 847
387 848
387 852
387 858
387 859
387 860
387 861
387 864
387 865
387 866
387 869
387 870
387 874
387 876
387 877
387 882
387 884
387 889
387 890
387 892
387 893
387 896
387 897
387 899
387 905
387 906
387 907
387 908
387 909
387 910
387 912
387 913
387 918
387 922
387 924
387 935
387 937
387 942
387 943
387 945
387 946
387 947
387 948
387 950
387 953
387 955
387 956
387 957
387 958
387 961
387 962
387 967
387 968
387 971
387 973
387 975
387 976
387 978
387 982
387 983
387 986
387 987
387 989
387 993
387 994
387 996
387 998
388 503
388 507
388 508
388 510
388 511
388 514
388 515
388 518
388 520
388 521
388 522
388 524
388 525
388 527
388 529
388 532
388 533
388 535
388 536
388 538
388 539
388 540
388 541
388 543
388 544
388 546
388 548
388 550
388 552
388 553
388 555
388 557
388 558
388 562
388 564
388 565
388 566
388 569
388 570
388 573
388 574
388 575
388 577
388 586
388 587
388 589
388 593
388 594
388 596
388 598
388 599
388 601
388 602
388 603
388 604
388 606
388 607
388 608
388 612
388 616
388 618
388 619
388 620
388 624
388 626
388 627
388 629
388 631
388 632
388 633
388 635
388 637
388 639
388 640
388 642
388 644
388 645
388 646
388 647
388 648
388 651
388 653
388 656
388 657
388 658
388 659
388 662
388 663
388 664
388 670
388 671
388 672
388 674
388 677
388 678
388 679
388 680
388 681
388 682
388 686
388 687
388 688
388 693
388 695
388 697
388 700
388 704
388 706
388 707
388 708
388 709
388 710
388 711
388 712
388 713
388 715
388 716
388 718
388 719
388 721
388 722
388 723
388 724
388 725
388 726
388 727
388 728
388 729
388 730
388 731
388 733
388 734
388 735
388 742
388 744
388 745
388 747
388 750
388 754
388 755
388 758
388 759
388 761
388 763
388 764
388 765
388 768
388 769
388 771
388 772
388 773
388 775
388 778
388 781
388 783
388 784
388 785
388 786
388 787
388 789
388 790
388 791
388 793
388 794
388 795
388 796
388 797
388 799
388 801
388 802
388 803
388 808
388 810
388 811
388 812
388 813
388 814
388 815
388 816
388 820
388 822
388 826
388 829
388 830
388 831
388 832
388 834
388 836
388 837
388 838
388 840
388 841
388 844
388 845
388 851
388 852
388 855
388 859
388 860
388 862
388 863
388 865
388 866
388 867
388 868
388 869
388 870
388 872
388 873
388 874
388 875
388 880
388 882
388 884
388 886
388 891
388 893
388 894
388 898
388 902
388 905
388 907
388 908
388 910
388 912
388 918
388 919
388 921
388 926
388 927
388 928
388 930
388 934
388 939
388 940
388 942
388 944
388 946
388 948
388 949
388 954
388 955
388 956
388 957
388 958
388 960
388 964
388 965
388 966
388 967
388 968
388 969
388 971
388 972
388 973
388 979
388 980
388 983
388 990
388 991
388 993
388 1000
389 501
389 502
389 507
389 508
389 510
389 512
389 513
389 514
389 516
389 517
389 518
389 519
389 524
389 527
389 529
389 530
389 532
389 534
389 535
389 536
389 537
389 542
389 543
389 545
389 546
389 549
389 550
389 551
389 552
389 553
389 554
389 557
389 560
389 561
389 562
389 565
389 567
389 568
389 569
389 570
389 571
389 573
389 578
389 579
389 582
389 583
389 586
389 588
389 590
389 591
389 592
389 593
389 594
389 596
389 597
389 598
389 601
389 602
389 604
389 609
389 610
389 611
389 613
389 614
389 620
389 621
389 622
389 623
389 624
389 625
389 630
389 631
389 634
389 635
389 637
389 638
389 643
389 645
389 647
389 650
389 651
389 653
389 654
389 655
389 656
389 661
389 663
389 664
389 665
389 666
389 668
389 670
389 672
389 674
389 676
389 677
389 678
389 681
389 683
389 684
389 685
389 686
389 687
389 689
389 692
389 693
389 695
389 698
389 701
389 703
389 704
389 707
389 712
389 713
389 714
389 719
389 721
389 722
389 725
389 727
389 729
389 735
389 736
389 737
389 738
389 741
389 742
389 744
389 746
389 747
389 748
389 750
389 752
389 755
389 756
389 757
389 758
389 760
389 761
389 762
389 764
389 766
389 767
389 770
389 771
389 774
389 779
389 781
389 782
389 783
389 786
389 788
389 801
389 803
389 804
389 805
389 807
389 811
389 815
389 816
389 817
389 818
389 819
389 820
389 821
389 822
389 823
389 824
389 825
389 826
389 827
389 828
389 829
389 832
389 834
389 836
389 839
389 840
389 841
389 842
389 843
389 845
389 846
389 848
389 851
389 853
389 854
389 855
389 857
389 859
389 861
389 863
389 864
389 866
389 867
389 871
389 874
389 878
389 879
389 880
389 881
389 882
389 884
389 886
389 887
389 888
389 891
389 892
389 893
389 894
389 897
389 898
389 901
389 904
389 913
389 914
389 915
389 916
389 918
389 919
389 922
389 924
389 927
389 928
389 929
389 930
389 931
389 932
389 936
389 938
389 941
389 942
389 948
389 952
389 953
389 955
389 960
389 961
389 962
389 963
389 965
389 967
389 968
389 970
389 972
389 975
389 978
389 979
389 980
389 981
389 983
389 985
389 986
389 989
389 990
389 991
389 992
389 995
389 999
389 1000
390 501
390 503
390 505
390 506
390 513
390 514
390 516
390 518
390 519
390 521
390 522
390 524
390 526
390 527
390 531
390 533
390 537
390 541
390 542
390 543
390 544
390 545
390 546
390 548
390 554
390 555
390 558
390 561
390 563
390 564
390 565
390 569
390 570
390 573
390 574
390 575
390 576
390 577
390 579
390 583
390 584
390 587
390 590
390 591
390 592
390 594
390 595
390 596
390 599
390 600
390 601
390 602
390 604
390 606
390 607
390 608
390 611
390 613
390 614
390 615
390 616
390 621
390 628
390 629
390 631
390 632
390 633
390 637
390 638
390 643
390 644
390 646
390 647
390 651
390 652
390 654
390 656
390 659
390 664
390 666
390 668
390 672
390 675
390 676
390 681
390 684
390 685
390 687
390 688
390 690
390 697
390 699
390 700
390 701
390 706
390 710
390 715
390 720
390 721
390 724
390 728
390 731
390 732
390 733
390 735
390 736
390 737
390 739
390 742
390 743
390 744
390 747
390 748
390 749
390 750
390 752
390 757
390 758
390 759
390 763
390 765
390 766
390 769
390 770
390 771
390 773
390 776
390 777
390 778
390 780
390 783
390 789
390 791
390 793
390 794
390 795
390 796
390 797
390 798
390 800
390 802
390 803
390 804
390 806
390 810
390 812
390 814
390 817
390 818
390 821
390 825
390 827
390 828
390 829
390 830
390 831
390 832
390 833
390 834
390 836
390 840
390 841
390 844
390 845
390 848
390 849
390 851
390 856
390 857
390 858
390 859
390 861
390 865
390 866
390 869
390 870
390 872
390 877
390 878
390 879
390 880
390 883
390 885
390 887
390 892
390 894
390 896
390 897
390 898
390 899
390 900
390 902
390 905
390 908
390 910
390 911
390 912
390 914
390 915
390 924
390 929
390 930
390 931
390 935
390 936
390 937
390 939
390 940
390 943
390 948
390 950
390 951
390 952
390 954
390 955
390 956
390 957
390 962
390 967
390 968
390 969
390 972
390 973
390 975
390 976
390 979
390 981
390 985
390 987
390 990
390 991
390 995
390 996
390 997
390 999
390 1000
391 502
391 503
391 505
391 508
391 512
391 513
391 514
391 518
391 519
391 524
391 525
391 526
391 527
391 528
391 529
391 532
391 534
391 535
391 537
391 538
391 539
391 541
391 542
391 543
391 544
391 545
391 546
391 547
391 550
391 559
391 562
391 563
391 564
391 565
391 566
391 568
391 569
391 570
391 573
391 575
391 577
391 580
391 581
391 582
391 583
391 584
391 586
391 587
391 590
391 592
391 594
391 595
391 597
391 598
391 603
391 607
391 610
391 612
391 614
391 615
391 618
391 620
391 621
391 625
391 626
391 627
391 630
391 631
391 632
391 635
391 636
391 637
391 639
391 640
391 641
391 645
391 647
391 648
391 650
391 652
391 653
391 657
391 660
391 662
391 666
391 669
391 671
391 673
391 674
391 675
391 676
391 677
391 678
391 680
391 683
391 684
391 686
391 687
391 689
391 694
391 699
391 702
391 703
391 704
391 706
391 707
391 710
391 711
391 712
391 713
391 717
391 718
391 719
391 722
391 724
391 725
391 729
391 730
391 732
391 734
391 735
391 738
391 739
391 743
391 744
391 745
391 746
391 749
391 752
391 754
391 755
391 759
391 766
391 767
391 768
391 769
391 771
391 772
391 773
391 779
391 780
391 781
391 782
391 783
391 788
391 792
391 795
391 796
391 798
391 799
391 802
391 804
391 806
391 807
391 809
391 810
391 813
391 814
391 815
391 816
391 819
391 823
391 825
391 827
391 831
391 832
391 833
391 835
391 836
391 838
391 842
391 844
391 846
391 848
391 850
391 851
391 852
391 855
391 858
391 860
391 862
391 867
391 868
391 869
391 870
391 871
391 872
391 873
391 874
391 876
391 877
391 878
391 883
391 884
391 887
391 888
391 889
391 893
391 894
391 896
391 897
391 899
391 900
391 902
391 903
391 905
391 906
391 907
391 910
391 911
391 913
391 914
391 919
391 920
391 922
391 923
391 930
391 931
391 932
391 934
391 935
391 937
391 939
391 940
391 941
391 943
391 946
391 947
391 948
391 949
391 952
391 953
391 954
391 958
391 959
391 961
391 962
391 964
391 965
391 966
391 967
391 970
391 971
391 972
391 975
391 977
391 979
391 980
391 982
391 983
391 992
391 995
391 997
391 998
391 999
392 502
392 505
392 508
392 509
392 514
392 515
392 516
392 517
392 518
392 521
392 522
392 523
392 524
392 526
392 528
392 529
392 530
392 531
392 536
392 537
392 538
392 540
392 542
392 543
392 544
392 546
392 547
392 548
392 550
392 552
392 555
392 557
392 558
392 559
392 560
392 562
392 563
392 564
392 566
392 567
392 570
392 574
392 578
392 579
392 580
392 581
392 582
392 583
392 590
392 592
392 595
392 596
392 597
392 598
392 599
392 600
392 603
392 604
392 606
392 608
392 611
392 614
392 616
392 617
392 618
392 619
392 621
392 624
392 625
392 626
392 627
392 629
392 632
392 633
392 636
392 638
392 639
392 640
392 642
392 644
392 646
392 652
392 658
392 663
392 664
392 665
392 666
392 667
392 669
392 671
392 672
392 675
392 676
392 678
392 686
392 688
392 689
392 690
392 691
392 692
392 695
392 696
392 698
392 699
392 703
392 704
392 706
392 707
392 708
392 710
392 713
392 716
392 718
392 723
392 726
392 727
392 732
392 735
392 736
392 740
392 749
392 750
392 752
392 753
392 754
392 755
392 756
392 757
392 760
392 761
392 763
392 764
392 765
392 766
392 767
392 768
392 771
392 773
392 776
392 777
392 779
392 782
392 783
392 785
392 786
392 787
392 789
392 790
392 791
392 792
392 794
392 796
392 798
392 799
392 800
392 803
392 806
392 808
392 809
392 810
392 813
392 815
392 816
392 821
392 822
392 823
392 825
392 827
392 828
392 833
392 834
392 835
392 836
392 838
392 839
392 841
392 844
392 845
392 846
392 847
392 850
392 856
392 858
392 860
392 861
392 865
392 866
392 868
392 870
392 873
392 878
392 880
392 886
392 888
392 889
392 890
392 894
392 896
392 897
392 898
392 900
392 905
392 906
392 907
392 908
392 909
392 911
392 917
392 918
392 919
392 922
392 924
392 931
392 936
392 937
392 938
392 942
392 946
392 949
392 950
392 953
392 954
392 955
392 956
392 957
392 959
392 961
392 962
392 963
392 964
392 965
392 967
392 968
392 971
392 972
392 973
392 975
392 977
392 979
392 980
392 983
392 985
392 986
392 988
392 994
392 995
392 996
392 997
392 998
392 999
393 501
393 502
393 503
393 504
393 506
393 507
393 508
393 509
393 510
393 511
393 512
393 513
393 515
393 516
393 518
393 519
393 522
393 523
393 525
393 526
393 528
393 530
393 533
393 534
393 538
393 539
393 546
393 548
393 549
393 551
393 553
393 556
393 557
393 558
393 561
393 563
393 565
393 567
393 568
393 569
393 570
393 571
393 572
393 575
393 576
393 578
393 579
393 581
393 582
393 584
393 586
393 587
393 589
393 591
393 593
393 595
393 600
393 601
393 602
393 604
393 606
393 607
393 610
393 611
393 612
393 614
393 615
393 618
393 620
393 623
393 626
393 628
393 629
393 632
393 633
393 634
393 637
393 639
393 641
393 644
393 650
393 651
393 652
393 653
393 655
393 656
393 657
393 659
393 663
393 665
393 666
393 669
393 670
393 672
393 674
393 676
393 677
393 681
393 684
393 685
393 687
393 691
393 695
393 697
393 698
393 699
393 701
393 703
393 705
393 707
393 709
393 712
393 714
393 715
393 718
393 719
393 722
393 729
393 731
393 732
393 734
393 737
393 740
393 741
393 747
393 749
393 750
393 751
393 752
393 753
393 754
393 755
393 758
393 759
393 760
393 761
393 763
393 765
393 766
393 771
393 773
393 774
393 775
393 782
393 783
393 784
393 785
393 786
393 787
393 789
393 791
393 792
393 793
393 794
393 795
393 797
393 798
393 801
393 802
393 803
393 807
393 808
393 810
393 812
393 813
393 816
393 817
393 818
393 819
393 820
393 822
393 824
393 825
393 826
393 828
393 830
393 831
393 832
393 833
393 835
393 837
393 839
393 840
393 845
393 852
393 854
393 856
393 857
393 858
393 859
393 860
393 864
393 865
393 866
393 867
393 868
393 869
393 870
393 872
393 873
393 876
393 879
393 882
393 883
393 885
393 886
393 888
393 890
393 891
393 896
393 898
393 899
393 900
393 901
393 902
393 903
393 909
393 910
393 911
393 912
393 913
393 914
393 916
393 917
393 918
393 919
393 920
393 921
393 923
393 924
393 925
393 926
393 928
393 929
393 930
393 938
393 939
393 943
393 944
393 945
393 946
393 950
393 953
393 955
393 956
393 961
393 966
393 967
393 969
393 970
393 971
393 974
393 976
393 979
393 980
393 982
393 984
393 987
393 988
393 991
393 992
393 993
393 996
393 1000
394 501
394 502
394 503
394 507
394 508
394 511
394 514
394 515
394 519
394 522
394 523
394 525
394 527
394 528
394 529
394 532
394 533
394 534
394 535
394 536
394 537
394 544
394 546
394 553
394 554
394 555
394 556
394 558
394 560
394 562
394 564
394 565
394 569
394 571
394 572
394 573
394 574
394 576
394 578
394 579
394 580
394 582
394 585
394 586
394 588
394 589
394 593
394 596
394 597
394 600
394 601
394 602
394 603
394 604
394 605
394 608
394 609
394 611
394 615
394 616
394 618
394 623
394 624
394 625
394 626
394 627
394 629
394 631
394 635
394 636
394 637
394 639
394 641
394 643
394 644
394 647
394 649
394 651
394 652
394 654
394 655
394 657
394 660
394 661
394 662
394 665
394 666
394 667
394 674
394 675
394 681
394 684
394 685
394 687
394 688
394 690
394 694
394 696
394 699
394 702
394 704
394 710
394 717
394 718
394 719
394 724
394 729
394 731
394 732
394 733
394 734
394 737
394 738
394 740
394 745
394 746
394 749
394 750
394 752
394 753
394 754
394 755
394 757
394 759
394 760
394 761
394 763
394 765
394 770
394 771
394 772
394 773
394 774
394 775
394 780
394 782
394 783
394 791
394 792
394 794
394 795
394 797
394 799
394 803
394 806
394 807
394 811
394 812
394 813
394 815
394 816
394 819
394 821
394 822
394 828
394 829
394 830
394 831
394 832
394 836
394 837
394 839
394 842
394 843
394 844
394 845
394 846
394 847
394 850
394 851
394 857
394 861
394 862
394 863
394 865
394 866
394 867
394 870
394 871
394 872
394 873
394 875
394 876
394 877
394 878
394 881
394 882
394 886
394 889
394 891
394 894
394 896
394 901
394 902
394 904
394 908
394 911
394 912
394 913
394 914
394 917
394 918
394 919
394 920
394 922
394 923
394 927
394 928
394 929
394 930
394 931
394 932
394 933
394 939
394 940
394 944
394 946
394 947
394 948
394 949
394 951
394 953
394 954
394 955
394 958
394 959
394 963
394 964
394 965
394 970
394 971
394 972
394 979
394 981
394 982
394 983
394 985
394 991
394 994
394 995
394 996
394 998
395 501
395 502
395 503
395 505
395 506
395 509
395 510
395 513
395 516
395 517
395 518
395 520
395 521
395 525
395 527
395 530
395 534
395 536
395 540
395 541
395 543
395 545
395 548
395 550
395 559
395 560
395 561
395 565
395 567
395 570
395 571
395 572
395 573
395 574
395 576
395 579
395 580
395 584
395 585
395 586
395 589
395 590
395 591
395 593
395 594
395 595
395 596
395 597
395 598
395 603
395 607
395 608
395 611
395 613
395 615
395 618
395 620
395 621
395 622
395 623
395 633
395 634
395 635
395 636
395 638
395 642
395 643
395 646
395 649
395 650
395 651
395 652
395 653
395 654
395 657
395 661
395 662
395 664
395 665
395 666
395 667
395 668
395 669
395 670
395 673
395 674
395 676
395 677
395 678
395 680
395 681
395 684
395 685
395 686
395 687
395 688
395 692
395 694
395 695
395 698
395 701
395 703
395 704
395 706
395 709
395 710
395 711
395 713
395 714
395 715
395 719
395 720
395 722
395 724
395 725
395 726
395 728
395 732
395 734
395 735
395 740
395 741
395 742
395 744
395 745
395 747
395 748
395 749
395 752
395 753
395 754
395 757
395 758
395 760
395 761
395 763
395 769
395 770
395 771
395 772
395 773
395 774
395 779
395 780
395 781
395 784
395 785
395 789
395 790
395 791
395 792
395 793
395 795
395 796
395 798
395 799
395 800
395 801
395 802
395 803
395 804
395 807
395 810
395 811
395 816
395 817
395 820
395 822
395 824
395 826
395 827
395 831
395 834
395 835
395 837
395 839
395 841
395 843
395 845
395 848
395 849
395 851
395 853
395 855
395 857
395 861
395 863
395 867
395 869
395 870
395 873
395 874
395 875
395 877
395 879
395 882
395 883
395 885
395 886
395 888
395 889
395 892
395 893
395 895
395 896
395 900
395 904
395 905
395 907
395 909
395 910
395 911
395 914
395 915
395 917
395 919
395 927
395 928
395 930
395 931
395 932
395 933
395 935
395 937
395 938
395 939
395 940
395 941
395 942
395 943
395 946
395 948
395 949
395 951
395 952
395 957
395 959
395 964
395 966
395 967
395 969
395 970
395 971
395 972
395 973
395 978
395 984
395 986
395 987
395 989
395 992
395 993
395 994
395 998
395 999
396 501
396 502
396 505
396 509
396 510
396 511
396 512
396 513
396 514
396 515
396 516
396 517
396 519
396 520
396 521
396 524
396 528
396 530
396 531
396 532
396 534
396 537
396 545
396 546
396 547
396 552
396 556
396 559
396 560
396 564
396 566
396 569
396 570
396 571
396 572
396 573
396 576
396 577
396 579
396 580
396 581
396 583
396 584
396 585
396 587
396 589
396 590
396 591
396 592
396 593
396 595
396 597
396 598
396 599
396 602
396 606
396 607
396 608
396 609
396 612
396 613
396 615
396 616
396 618
396 619
396 621
396 622
396 625
396 626
396 628
396 630
396 632
396 634
396 635
396 636
396 638
396 639
396 640
396 643
396 646
396 648
396 651
396 652
396 653
396 659
396 660
396 661
396 664
396 666
396 668
396 670
396 671
396 672
396 680
396 682
396 685
396 686
396 687
396 688
396 690
396 693
396 694
396 695
396 700
396 701
396 702
396 705
396 706
396 708
396 711
396 713
396 714
396 719
396 720
396 721
396 722
396 726
396 729
396 732
396 733
396 734
396 739
396 740
396 742
396 743
396 751
396 753
396 754
396 755
396 756
396 758
396 761
396 762
396 764
396 768
396 769
396 771
396 772
396 775
396 776
396 777
396 779
396 781
396 783
396 784
396 787
396 793
396 797
396 798
396 799
396 801
396 802
396 805
396 808
396 809
396 810
396 812
396 813
396 817
396 818
396 819
396 820
396 823
396 824
396 825
396 826
396 827
396 829
396 831
396 832
396 833
396 834
396 835
396 837
396 840
396 842
396 843
396 844
396 845
396 848
396 849
396 850
396 852
396 853
396 854
396 855
396 857
396 858
396 859
396 861
396 862
396 863
396 864
396 866
396 870
396 874
396 875
396 876
396 877
396 881
396 882
396 883
396 884
396 886
396 888
396 893
396 894
396 896
396 899
396 902
396 903
396 904
396 905
396 909
396 910
396 911
396 914
396 917
396 922
396 925
396 926
396 928
396 929
396 930
396 931
396 933
396 936
396 939
396 941
396 942
396 945
396 946
396 947
396 948
396 949
396 950
396 954
396 955
396 957
396 959
396 961
396 962
396 966
396 968
396 970
396 971
396 972
396 973
396 974
396 975
396 976
396 978
396 981
396 983
396 985
396 986
396 987
396 993
396 994
396 996
396 998
397 502
397 505
397 506
397 508
397 509
397 512
397 514
397 516
397 520
397 524
397 525
397 532
397 536
397 540
397 542
397 545
397 547
397 549
397 550
397 551
397 552
397 553
397 554
397 556
397 557
397 560
397 562
397 569
397 570
397 573
397 574
397 578
397 580
397 581
397 583
397 584
397 586
397 588
397 589
397 592
397 593
397 594
397 596
397 597
397 598
397 599
397 602
397 604
397 605
397 612
397 615
397 616
397 618
397 619
397 620
397 621
397 624
397 627
397 629
397 630
397 632
397 633
397 635
397 636
397 638
397 642
397 643
397 647
397 648
397 650
397 651
397 652
397 654
397 656
397 657
397 658
397 659
397 660
397 662
397 663
397 665
397 666
397 671
397 672
397 673
397 674
397 675
397 677
397 679
397 680
397 681
397 682
397 683
397 684
397 686
397 687
397 689
397 692
397 699
397 701
397 703
397 704
397 710
397 712
397 713
397 716
397 719
397 720
397 725
397 728
397 730
397 731
397 732
397 733
397 735
397 737
397 739
397 740
397 741
397 745
397 748
397 751
397 752
397 753
397 755
397 756
397 757
397 760
397 764
397 765
397 767
397 770
397 772
397 775
397 776
397 777
397 779
397 781
397 782
397 785
397 786
397 790
397 795
397 797
397 800
397 801
397 807
397 808
397 811
397 812
397 817
397 820
397 822
397 823
397 824
397 825
397 826
397 828
397 829
397 832
397 836
397 837
397 839
397 844
397 851
397 852
397 853
397 855
397 856
397 858
397 859
397 863
397 865
397 866
397 868
397 870
397 871
397 872
397 873
397 874
397 876
397 880
397 883
397 885
397 886
397 887
397 889
397 890
397 893
397 895
397 896
397 897
397 899
397 900
397 901
397 903
397 905
397 906
397 907
397 911
397 912
397 913
397 914
397 915
397 916
397 917
397 918
397 921
397 922
397 923
397 924
397 928
397 929
397 932
397 933
397 936
397 941
397 942
397 943
397 944
397 949
397 951
397 953
397 956
397 957
397 958
397 959
397 960
397 962
397 963
397 965
397 967
397 969
397 970
397 974
397 975
397 976
397 977
397 981
397 984
397 987
397 988
397 989
397 990
397 991
397 994
397 995
397 996
397 997
397 998
397 999
397 1000
398 502
398 503
398 504
398 505
398 507
398 508
398 509
398 511
398 512
398 514
398 516
398 517
398 518
398 520
398 522
398 523
398 524
398 526
398 527
398 528
398 529
398 532
398 534
398 535
398 536
398 539
398 542
398 546
398 547
398 548
398 551
398 552
398 553
398 554
398 556
398 557
398 558
398 560
398 564
398 566
398 568
398 571
398 572
398 575
398 576
398 577
398 578
398 579
398 581
398 584
398 585
398 591
398 593
398 595
398 596
398 600
398 606
398 607
398 610
398 612
398 614
398 619
398 621
398 622
398 624
398 625
398 627
398 629
398 633
398 636
398 637
398 638
398 639
398 640
398 642
398 644
398 646
398 655
398 658
398 662
398 663
398 664
398 665
398 668
398 669
398 671
398 673
398 674
398 676
398 677
398 682
398 685
398 686
398 690
398 696
398 697
398 701
398 702
398 703
398 704
398 706
398 708
398 710
398 711
398 712
398 713
398 718
398 725
398 726
398 727
398 728
398 731
398 736
398 737
398 740
398 741
398 744
398 746
398 747
398 750
398 752
398 753
398 754
398 755
398 757
398 761
398 763
398 764
398 766
398 767
398 768
398 769
398 772
398 774
398 776
398 777
398 778
398 781
398 782
398 783
398 789
398 790
398 793
398 794
398 795
398 797
398 800
398 802
398 805
398 806
398 810
398 811
398 812
398 814
398 815
398 818
398 821
398 822
398 823
398 826
398 831
398 832
398 834
398 835
398 838
398 839
398 840
398 841
398 842
398 843
398 848
398 849
398 853
398 854
398 860
398 861
398 862
398 863
398 864
398 865
398 867
398 869
398 870
398 871
398 872
398 873
398 874
398 875
398 877
398 879
398 883
398 885
398 886
398 887
398 888
398 889
398 890
398 891
398 892
398 893
398 894
398 896
398 901
398 903
398 905
398 906
398 907
398 909
398 911
398 915
398 919
398 920
398 921
398 924
398 925
398 929
398 931
398 933
398 934
398 935
398 936
398 940
398 941
398 942
398 944
398 945
398 947
398 948
398 952
398 954
398 955
398 957
398 958
398 960
398 963
398 965
398 966
398 969
398 971
398 972
398 973
398 974
398 976
398 980
398 983
398 985
398 987
398 992
398 994
398 995
398 996
398 999
398 1000
399 502
399 504
399 505
399 507
399 508
399 509
399 511
399 512
399 513
399 519
399 522
399 526
399 528
399 530
399 533
399 534
399 535
399 538
399 541
399 542
399 544
399 545
399 546
399 547
399 548
399 549
399 551
399 553
399 554
399 556
399 557
399 558
399 560
399 563
399 564
399 566
399 568
399 569
399 571
399 572
399 576
399 577
399 578
399 585
399 586
399 587
399 588
399 589
399 592
399 594
399 596
399 597
399 598
399 599
399 601
399 604
399 607
399 608
399 609
399 610
399 611
399 613
399 614
399 619
399 624
399 626
399 632
399 633
399 635
399 636
399 638
399 640
399 641
399 646
399 647
399 648
399 651
399 654
399 655
399 657
399 658
399 661
399 663
399 664
399 668
399 669
399 670
399 672
399 673
399 675
399 677
399 678
399 680
399 683
399 685
399 687
399 688
399 689
399 694
399 696
399 698
399 699
399 700
399 702
399 704
399 707
399 712
399 713
399 715
399 717
399 721
399 722
399 725
399 728
399 729
399 732
399 734
399 735
399 736
399 737
399 738
399 740
399 742
399 745
399 748
399 750
399 752
399 753
399 754
399 755
399 757
399 758
399 761
399 762
399 764
399 766
399 767
399 769
399 771
399 772
399 773
399 774
399 775
399 776
399 777
399 778
399 779
399 784
399 785
399 790
399 792
399 793
399 795
399 796
399 800
399 806
399 807
399 808
399 811
399 812
399 813
399 814
399 817
399 819
399 821
399 822
399 826
399 827
399 829
399 830
399 833
399 836
399 837
399 840
399 841
399 842
399 846
399 847
399 849
399 853
399 854
399 855
399 858
399 859
399 863
399 865
399 866
399 867
399 868
399 871
399 875
399 876
399 877
399 879
399 883
399 885
399 886
399 887
399 891
399 893
399 897
399 898
399 902
399 903
399 904
399 905
399 906
399 908
399 909
399 912
399 915
399 916
399 917
399 918
399 919
399 920
399 924
399 926
399 928
399 929
399 931
399 933
399 935
399 936
399 937
399 938
399 939
399 941
399 942
399 943
399 944
399 945
399 946
399 948
399 949
399 950
399 951
399 953
399 954
399 956
399 958
399 960
399 961
399 963
399 966
399 967
399 970
399 972
399 973
399 974
399 976
399 978
399 979
399 980
399 981
399 982
399 983
399 984
399 985
399 989
399 993
399 997
400 505
400 506
400 508
400 509
400 510
400 511
400 512
400 518
400 519
400 521
400 522
400 523
400 525
400 526
400 527
400 528
400 530
400 531
400 536
400 538
400 542
400 543
400 551
400 553
400 554
400 560
400 564
400 565
400 566
400 570
400 572
400 574
400 576
400 578
400 579
400 581
400 582
400 583
400 586
400 593
400 597
400 598
400 601
400 604
400 606
400 607
400 608
400 609
400 613
400 617
400 620
400 621
400 622
400 623
400 624
400 625
400 628
400 629
400 631
400 634
400 636
400 638
400 639
400 642
400 643
400 646
400 650
400 651
400 653
400 654
400 657
400 659
400 661
400 665
400 667
400 670
400 671
400 675
400 676
400 678
400 682
400 683
400 687
400 689
400 694
400 697
400 698
400 700
400 701
400 702
400 705
400 706
400 711
400 712
400 715
400 716
400 717
400 721
400 722
400 726
400 727
400 728
400 733
400 734
400 736
400 737
400 742
400 744
400 745
400 747
400 748
400 750
400 751
400 752
400 754
400 755
400 756
400 760
400 761
400 763
400 764
400 767
400 768
400 769
400 776
400 778
400 782
400 786
400 787
400 788
400 789
400 790
400 794
400 795
400 797
400 799
400 801
400 802
400 803
400 804
400 807
400 808
400 809
400 810
400 811
400 812
400 813
400 814
400 815
400 816
400 818
400 819
400 824
400 828
400 830
400 831
400 832
400 838
400 839
400 841
400 843
400 847
400 849
400 850
400 851
400 853
400 854
400 858
400 860
400 863
400 868
400 870
400 873
400 874
400 875
400 878
400 879
400 881
400 883
400 886
400 888
400 892
400 895
400 896
400 898
400 900
400 901
400 903
400 905
400 906
400 907
400 908
400 909
400 910
400 911
400 914
400 915
400 916
400 917
400 921
400 922
400 923
400 926
400 928
400 930
400 934
400 935
400 937
400 942
400 943
400 944
400 948
400 949
400 950
400 951
400 953
400 955
400 956
400 957
400 960
400 961
400 962
400 963
400 966
400 967
400 968
400 970
400 971
400 972
400 973
400 975
400 976
400 979
400 981
400 983
400 986
400 987
400 989
400 990
400 992
400 994
400 995
400 997
400 999
401 502
401 503
401 504
401 505
401 508
401 510
401 513
401 515
401 516
401 517
401 518
401 520
401 521
401 523
401 527
401 531
401 534
401 535
401 536
401 539
401 540
401 541
401 542
401 546
401 547
401 549
401 553
401 555
401 556
401 557
401 558
401 561
401 563
401 566
401 568
401 569
401 570
401 574
401 579
401 581
401 582
401 586
401 587
401 589
401 590
401 592
401 593
401 594
401 598
401 600
401 601
401 603
401 605
401 606
401 607
401 608
401 609
401 610
401 614
401 615
401 616
401 617
401 618
401 620
401 621
401 624
401 625
401 627
401 629
401 630
401 631
401 632
401 633
401 634
401 636
401 638
401 639
401 640
401 642
401 644
401 646
401 649
401 650
401 651
401 652
401 654
401 655
401 658
401 661
401 662
401 663
401 664
401 666
401 672
401 678
401 681
401 685
401 686
401 687
401 690
401 691
401 692
401 694
401 696
401 708
401 709
401 710
401 711
401 712
401 714
401 716
401 717
401 718
401 725
401 726
401 727
401 728
401 729
401 730
401 732
401 734
401 735
401 737
401 739
401 742
401 744
401 746
401 748
401 751
401 752
401 753
401 754
401 757
401 758
401 762
401 765
401 766
401 768
401 769
401 778
401 779
401 782
401 783
401 785
401 788
401 790
401 791
401 793
401 794
401 795
401 797
401 798
401 801
401 803
401 805
401 806
401 807
401 808
401 810
401 814
401 817
401 819
401 822
401 824
401 825
401 826
401 827
401 830
401 831
401 833
401 837
401 838
401 839
401 840
401 842
401 847
401 848
401 851
401 853
401 857
401 858
401 860
401 861
401 865
401 866
401 869
401 870
401 871
401 873
401 874
401 876
401 878
401 881
401 882
401 883
401 885
401 886
401 891
401 893
401 894
401 895
401 896
401 898
401 899
401 901
401 902
401 906
401 907
401 910
401 911
401 914
401 915
401 916
401 917
401 921
401 922
401 923
401 924
401 926
401 927
401 928
401 929
401 932
401 933
401 935
401 936
401 937
401 939
401 940
401 942
401 947
401 949
401 951
401 952
401 957
401 958
401 960
401 961
401 962
401 964
401 966
401 967
401 968
401 969
401 974
401 975
401 978
401 981
401 982
401 985
401 989
401 996
401 999
402 502
402 507
402 509
402 511
402 514
402 515
402 517
402 518
402 521
402 523
402 524
402 529
402 531
402 532
402 533
402 535
402 537
402 539
402 540
402 541
402 547
402 548
402 549
402 554
402 555
402 556
402 557
402 559
402 562
402 563
402 564
402 565
402 568
402 569
402 570
402 573
402 574
402 580
402 582
402 583
402 586
402 590
402 594
402 597
402 600
402 602
402 603
402 606
402 607
402 612
402 614
402 615
402 617
402 619
402 626
402 632
402 634
402 636
402 637
402 638
402 640
402 642
402 644
402 645
402 647
402 650
402 651
402 653
402 655
402 657
402 658
402 659
402 660
402 661
402 662
402 663
402 664
402 665
402 666
402 668
402 670
402 673
402 680
402 681
402 682
402 684
402 686
402 687
402 688
402 689
402 694
402 695
402 696
402 699
402 700
402 703
402 707
402 710
402 715
402 718
402 719
402 721
402 723
402 726
402 728
402 730
402 737
402 738
402 739
402 741
402 742
402 744
402 745
402 749
402 750
402 751
402 753
402 754
402 755
402 757
402 759
402 763
402 765
402 766
402 767
402 768
402 770
402 772
402 773
402 776
402 779
402 781
402 785
402 786
402 787
402 791
402 793
402 795
402 799
402 802
402 803
402 806
402 809
402 813
402 814
402 816
402 819
402 821
402 822
402 823
402 827
402 829
402 830
402 831
402 835
402 838
402 841
402 842
402 843
402 845
402 846
402 850
402 854
402 855
402 858
402 859
402 860
402 862
402 864
402 865
402 868
402 870
402 876
402 880
402 881
402 882
402 884
402 885
402 890
402 891
402 892
402 894
402 895
402 899
402 901
402 903
402 904
402 905
402 909
402 910
402 914
402 915
402 916
402 917
402 918
402 920
402 922
402 924
402 927
402 932
402 935
402 937
402 939
402 940
402 942
402 943
402 948
402 953
402 956
402 957
402 958
402 960
402 961
402 962
402 963
402 967
402 969
402 973
402 974
402 975
402 978
402 979
402 980
402 982
402 985
402 987
402 988
402 989
402 993
402 996
402 997
403 502
403 503
403 504
403 506
403 507
403 508
403 509
403 510
403 513
403 514
403 516
403 518
403 519
403 520
403 522
403 523
403 533
403 534
403 535
403 540
403 541
403 543
403 544
403 545
403 548
403 549
403 550
403 551
403 552
403 553
403 554
403 556
403 558
403 560
403 561
403 563
403 564
403 565
403 566
403 568
403 569
403 571
403 574
403 575
403 576
403 578
403 579
403 583
403 586
403 588
403 592
403 594
403 595
403 604
403 610
403 612
403 614
403 615
403 616
403 618
403 620
403 622
403 623
403 624
403 627
403 629
403 631
403 633
403 634
403 638
403 641
403 643
403 644
403 646
403 647
403 649
403 651
403 653
403 654
403 656
403 658
403 665
403 669
403 672
403 674
403 675
403 676
403 678
403 680
403 681
403 683
403 685
403 688
403 689
403 690
403 691
403 696
403 697
403 698
403 700
403 701
403 704
403 706
403 708
403 710
403 712
403 715
403 718
403 719
403 720
403 723
403 726
403 727
403 728
403 729
403 731
403 736
403 737
403 738
403 739
403 746
403 747
403 748
403 749
403 750
403 754
403 755
403 757
403 759
403 761
403 762
403 763
403 764
403 765
403 766
403 767
403 768
403 773
403 775
403 778
403 779
403 780
403 782
403 786
403 788
403 792
403 794
403 795
403 796
403 800
403 804
403 805
403 808
403 809
403 813
403 814
403 815
403 817
403 819
403 820
403 821
403 831
403 832
403 836
403 839
403 843
403 845
403 846
403 850
403 854
403 855
403 857
403 860
403 861
403 864
403 867
403 870
403 874
403 878
403 879
403 881
403 882
403 883
403 884
403 885
403 888
403 890
403 891
403 893
403 895
403 898
403 903
403 904
403 906
403 907
403 909
403 910
403 911
403 913
403 915
403 916
403 917
403 922
403 923
403 924
403 926
403 928
403 929
403 932
403 937
403 939
403 940
403 942
403 943
403 946
403 947
403 951
403 953
403 954
403 955
403 956
403 957
403 958
403 963
403 964
403 967
403 968
403 970
403 976
403 981
403 982
403 983
403 985
403 986
403 987
403 988
403 990
403 994
403 995
403 998
403 999
403 1000
404 503
404 507
404 512
404 514
404 518
404 520
404 521
404 525
404 529
404 534
404 537
404 538
404 542
404 543
404 546
404 549
404 550
404 555
404 558
404 560
404 561
404 562
404 563
404 567
404 571
404 572
404 574
404 576
404 577
404 579
404 581
404 582
404 584
404 586
404 587
404 588
404 590
404 593
404 596
404 598
404 599
404 601
404 602
404 603
404 607
404 608
404 610
404 612
404 614
404 615
404 616
404 617
404 620
404 621
404 623
404 624
404 626
404 629
404 631
404 633
404 634
404 635
404 638
404 639
404 640
404 643
404 644
404 645
404 647
404 649
404 651
404 653
404 656
404 657
404 662
404 663
404 666
404 667
404 671
404 672
404 674
404 677
404 680
404 681
404 682
404 684
404 685
404 686
404 687
404 689
404 691
404 692
404 694
404 702
404 704
404 705
404 706
404 707
404 708
404 714
404 716
404 718
404 724
404 725
404 726
404 727
404 728
404 731
404 733
404 735
404 737
404 738
404 741
404 742
404 743
404 745
404 746
404 747
404 748
404 752
404 756
404 757
404 758
404 760
404 763
404 764
404 765
404 766
404 767
404 768
404 769
404 770
404 772
404 778
404 780
404 782
404 783
404 785
404 786
404 788
404 789
404 793
404 794
404 798
404 799
404 801
404 803
404 805
404 807
404 808
404 816
404 817
404 819
404 822
404 826
404 828
404 829
404 832
404 835
404 839
404 841
404 845
404 846
404 847
404 849
404 850
404 852
404 855
404 857
404 858
404 859
404 860
404 861
404 865
404 869
404 871
404 872
404 873
404 874
404 875
404 878
404 879
404 880
404 883
404 886
404 887
404 889
404 891
404 892
404 893
404 894
404 895
404 897
404 900
404 902
404 903
404 904
404 905
404 906
404 907
404 908
404 909
404 910
404 911
404 912
404 914
404 915
404 917
404 924
404 928
404 930
404 931
404 932
404 933
404 934
404 935
404 936
404 938
404 939
404 941
404 943
404 944
404 952
404 955
404 956
404 957
404 959
404 960
404 961
404 962
404 963
404 964
404 966
404 967
404 968
404 970
404 971
404 973
404 977
404 978
404 979
404 981
404 982
404 983
404 984
404 986
404 987
404 991
404 993
404 994
404 995
404 996
405 505
405 507
405 508
405 509
405 510
405 511
405 513
405 514
405 517
405 518
405 521
405 524
405 525
405 526
405 527
405 536
405 538
405 539
405 540
405 541
405 543
405 544
405 545
405 548
405 551
405 552
405 555
405 557
405 558
405 560
405 561
405 562
405 563
405 564
405 568
405 569
405 571
405 572
405 576
405 578
405 579
405 582
405 583
405 584
405 587
405 589
405 591
405 592
405 593
405 595
405 600
405 602
405 607
405 609
405 610
405 611
405 613
405 614
405 618
405 619
405 621
405 622
405 624
405 625
405 627
405 633
405 636
405 638
405 641
405 642
405 643
405 645
405 646
405 648
405 650
405 651
405 652
405 654
405 661
405 662
405 666
405 669
405 670
405 672
405 673
405 675
405 676
405 677
405 681
405 682
405 684
405 688
405 692
405 695
405 696
405 699
405 701
405 703
405 704
405 705
405 706
405 707
405 708
405 709
405 712
405 716
405 717
405 718
405 720
405 724
405 725
405 729
405 730
405 731
405 733
405 735
405 736
405 739
405 742
405 743
405 745
405 746
405 747
405 751
405 756
405 757
405 762
405 763
405 772
405 778
405 779
405 780
405 782
405 785
405 786
405 787
405 788
405 791
405 792
405 793
405 794
405 796
405 797
405 798
405 799
405 800
405 802
405 805
405 807
405 810
405 815
405 817
405 819
405 821
405 823
405 826
405 827
405 830
405 831
405 832
405 833
405 834
405 836
405 838
405 839
405 840
405 843
405 844
405 847
405 848
405 851
405 852
405 854
405 858
405 859
405 862
405 863
405 870
405 873
405 874
405 875
405 877
405 879
405 880
405 881
405 884
405 885
405 887
405 888
405 894
405 896
405 898
405 900
405 901
405 904
405 907
405 910
405 911
405 914
405 916
405 918
405 920
405 922
405 924
405 925
405 927
405 931
405 932
405 933
405 935
405 938
405 939
405 940
405 944
405 946
405 947
405 954
405 957
405 959
405 961
405 963
405 966
405 967
405 968
405 970
405 974
405 980
405 981
405 984
405 985
405 988
405 990
405 992
405 994
405 996
405 997
405 999
406 501
406 502
406 503
406 505
406 506
406 509
406 514
406 519
406 520
406 521
406 523
406 524
406 526
406 527
406 528
406 531
406 532
406 534
406 537
406 540
406 543
406 544
406 546
406 548
406 549
406 550
406 552
406 553
406 554
406 555
406 556
406 557
406 560
406 561
406 562
406 567
406 568
406 571
406 572
406 573
406 574
406 575
406 578
406 579
406 584
406 585
406 591
406 592
406 594
406 596
406 597
406 598
406 600
406 605
406 607
406 608
406 610
406 612
406 613
406 614
406 615
406 616
406 617
406 618
406 620
406 621
406 625
406 628
406 629
406 634
406 635
406 639
406 640
406 642
406 648
406 649
406 653
406 654
406 655
406 656
406 657
406 658
406 661
406 662
406 663
406 665
406 666
406 669
406 670
406 672
406 673
406 677
406 679
406 680
406 682
406 683
406 684
406 687
406 688
406 690
406 691
406 692
406 693
406 694
406 696
406 698
406 699
406 700
406 701
406 702
406 708
406 710
406 711
406 713
406 714
406 715
406 717
406 722
406 725
406 729
406 730
406 731
406 733
406 734
406 735
406 741
406 742
406 744
406 745
406 746
406 747
406 749
406 752
406 754
406 755
406 756
406 757
406 758
406 760
406 761
406 762
406 763
406 764
406 765
406 766
406 767
406 768
406 769
406 770
406 771
406 772
406 773
406 774
406 777
406 778
406 782
406 783
406 784
406 787
406 789
406 790
406 792
406 794
406 797
406 800
406 808
406 811
406 813
406 815
406 816
406 818
406 819
406 820
406 822
406 823
406 824
406 826
406 827
406 829
406 830
406 831
406 832
406 835
406 839
406 841
406 844
406 848
406 851
406 853
406 854
406 856
406 857
406 860
406 861
406 863
406 867
406 868
406 870
406 871
406 874
406 875
406 877
406 878
406 882
406 884
406 886
406 888
406 890
406 891
406 896
406 897
406 899
406 901
406 902
406 905
406 906
406 907
406 908
406 916
406 923
406 927
406 928
406 930
406 938
406 941
406 944
406 946
406 947
406 950
406 953
406 957
406 958
406 959
406 960
406 961
406 964
406 965
406 966
406 968
406 969
406 970
406 971
406 975
406 976
406 981
406 983
406 984
406 985
406 986
406 987
406 988
406 989
406 990
406 991
406 993
406 994
406 995
406 997
406 998
407 502
407 505
407 507
407 510
407 511
407 512
407 519
407 523
407 526
407 529
407 531
407 532
407 534
407 535
407 537
407 538
407 540
407 542
407 543
407 547
407 551
407 552
407 555
407 560
407 562
407 563
407 564
407 566
407 569
407 570
407 574
407 576
407 577
407 578
407 580
407 581
407 583
407 589
407 590
407 591
407 594
407 595
407 598
407 600
407 602
407 605
407 606
407 607
407 608
407 613
407 614
407 618
407 619
407 620
407 621
407 623
407 624
407 627
407 629
407 632
407 635
407 637
407 638
407 639
407 642
407 647
407 649
407 650
407 652
407 654
407 656
407 657
407 658
407 660
407 661
407 663
407 664
407 669
407 674
407 675
407 677
407 680
407 681
407 684
407 686
407 688
407 690
407 692
407 695
407 696
407 697
407 698
407 699
407 702
407 704
407 705
407 707
407 708
407 709
407 714
407 715
407 718
407 720
407 721
407 726
407 727
407 730
407 732
407 734
407 740
407 742
407 743
407 747
407 749
407 751
407 752
407 753
407 754
407 755
407 756
407 759
407 760
407 761
407 763
407 766
407 771
407 772
407 774
407 775
407 776
407 779
407 780
407 781
407 782
407 785
407 786
407 787
407 788
407 789
407 790
407 791
407 793
407 794
407 795
407 796
407 797
407 798
407 802
407 803
407 804
407 805
407 807
407 808
407 809
407 811
407 815
407 816
407 817
407 818
407 819
407 821
407 822
407 825
407 829
407 830
407 831
407 832
407 834
407 835
407 837
407 839
407 843
407 844
407 845
407 846
407 848
407 849
407 851
407 852
407 854
407 857
407 859
407 861
407 862
407 863
407 864
407 865
407 866
407 869
407 870
407 871
407 874
407 875
407 879
407 881
407 882
407 883
407 886
407 890
407 892
407 893
407 895
407 901
407 902
407 904
407 907
407 910
407 911
407 916
407 917
407 919
407 921
407 922
407 923
407 924
407 929
407 930
407 934
407 936
407 938
407 940
407 941
407 942
407 943
407 944
407 945
407 946
407 947
407 948
407 951
407 952
407 955
407 956
407 958
407 960
407 961
407 962
407 963
407 964
407 965
407 966
407 969
407 971
407 972
407 974
407 979
407 983
407 984
407 987
407 991
407 994
407 995
407 997
407 998
407 999
408 503
408 505
408 506
408 507
408 508
408 510
408 511
408 517
408 519
408 520
408 521
408 524
408 528
408 533
408 534
408 536
408 539
408 540
408 541
408 543
408 546
408 547
408 548
408 549
408 552
408 553
408 555
408 557
408 560
408 561
408 565
408 568
408 571
408 575
408 577
408 579
408 580
408 581
408 582
408 583
408 585
408 586
408 587
408 590
408 591
408 593
408 594
408 595
408 596
408 597
408 598
408 599
408 600
408 601
408 602
408 604
408 605
408 610
408 617
408 618
408 619
408 622
408 627
408 634
408 635
408 636
408 637
408 642
408 644
408 645
408 649
408 651
408 652
408 653
408 654
408 655
408 656
408 660
408 662
408 664
408 666
408 668
408 669
408 670
408 671
408 673
408 674
408 680
408 683
408 684
408 685
408 686
408 687
408 688
408 689
408 690
408 691
408 692
408 696
408 699
408 700
408 702
408 703
408 706
408 710
408 712
408 714
408 716
408 717
408 718
408 719
408 723
408 724
408 725
408 731
408 736
408 740
408 742
408 743
408 744
408 745
408 747
408 749
408 750
408 757
408 760
408 765
408 770
408 772
408 773
408 776
408 778
408 779
408 781
408 783
408 786
408 787
408 788
408 789
408 794
408 795
408 796
408 800
408 804
408 808
408 811
408 812
408 813
408 814
408 817
408 819
408 823
408 824
408 825
408 828
408 829
408 830
408 833
408 835
408 837
408 840
408 846
408 847
408 848
408 850
408 854
408 856
408 857
408 858
408 860
408 863
408 864
408 866
408 868
408 873
408 875
408 876
408 877
408 879
408 881
408 882
408 885
408 889
408 892
408 893
408 896
408 897
408 898
408 901
408 902
408 905
408 907
408 911
408 913
408 914
408 919
408 920
408 924
408 926
408 929
408 932
408 933
408 934
408 936
408 940
408 941
408 942
408 943
408 947
408 950
408 951
408 954
408 955
408 959
408 960
408 961
408 962
408 963
408 964
408 966
408 967
408 969
408 971
408 973
408 976
408 978
408 981
408 982
408 983
408 986
408 990
408 993
408 994
408 996
408 999
408 1000
409 501
409 505
409 507
409 508
409 509
409 511
409 514
409 515
409 517
409 518
409 520
409 522
409 524
409 525
409 526
409 527
409 528
409 529
409 530
409 532
409 533
409 537
409 540
409 541
409 542
409 548
409 549
409 551
409 553
409 554
409 555
409 556
409 560
409 561
409 562
409 565
409 567
409 568
409 569
409 571
409 573
409 578
409 579
409 580
409 582
409 583
409 584
409 585
409 586
409 587
409 588
409 590
409 595
409 596
409 597
409 598
409 601
409 602
409 604
409 606
409 608
409 610
409 611
409 612
409 614
409 615
409 618
409 621
409 622
409 624
409 627
409 629
409 630
409 633
409 634
409 636
409 638
409 640
409 642
409 648
409 649
409 650
409 652
409 657
409 658
409 659
409 661
409 662
409 663
409 665
409 666
409 667
409 668
409 671
409 672
409 677
409 682
409 684
409 685
409 687
409 688
409 690
409 691
409 692
409 694
409 698
409 700
409 703
409 705
409 707
409 710
409 711
409 715
409 716
409 717
409 719
409 720
409 721
409 722
409 724
409 728
409 733
409 735
409 736
409 746
409 747
409 748
409 750
409 751
409 753
409 754
409 756
409 757
409 758
409 760
409 761
409 763
409 765
409 767
409 773
409 776
409 777
409 779
409 783
409 784
409 790
409 791
409 795
409 798
409 801
409 803
409 804
409 806
409 807
409 808
409 809
409 810
409 811
409 812
409 813
409 815
409 816
409 821
409 822
409 823
409 825
409 827
409 829
409 830
409 831
409 836
409 838
409 842
409 843
409 846
409 847
409 848
409 851
409 854
409 858
409 859
409 860
409 862
409 863
409 865
409 867
409 869
409 871
409 874
409 876
409 878
409 880
409 882
409 888
409 889
409 892
409 893
409 896
409 897
409 898
409 899
409 900
409 902
409 903
409 904
409 905
409 908
409 910
409 911
409 913
409 914
409 915
409 918
409 919
409 921
409 925
409 926
409 927
409 929
409 930
409 931
409 932
409 933
409 935
409 937
409 939
409 940
409 941
409 943
409 944
409 946
409 948
409 949
409 950
409 951
409 956
409 958
409 961
409 963
409 964
409 965
409 970
409 973
409 975
409 978
409 979
409 980
409 984
409 987
409 988
409 989
409 991
409 992
409 993
409 996
409 997
410 504
410 505
410 506
410 512
410 513
410 514
410 516
410 521
410 522
410 523
410 527
410 530
410 532
410 536
410 538
410 541
410 545
410 546
410 548
410 549
410 550
410 552
410 554
410 558
410 560
410 561
410 562
410 563
410 565
410 566
410 567
410 568
410 569
410 571
410 572
410 573
410 575
410 579
410 581
410 584
410 586
410 590
410 596
410 597
410 598
410 600
410 601
410 605
410 614
410 615
410 616
410 622
410 626
410 627
410 628
410 629
410 630
410 632
410 634
410 636
410 637
410 640
410 644
410 646
410 649
410 651
410 654
410 655
410 656
410 660
410 664
410 665
410 666
410 667
410 669
410 673
410 674
410 676
410 677
410 680
410 681
410 683
410 684
410 685
410 686
410 687
410 688
410 689
410 691
410 695
410 696
410 698
410 699
410 701
410 703
410 704
410 707
410 711
410 713
410 716
410 717
410 722
410 724
410 725
410 729
410 735
410 740
410 744
410 745
410 746
410 747
410 748
410 750
410 754
410 756
410 757
410 758
410 759
410 761
410 764
410 766
410 774
410 776
410 777
410 779
410 780
410 781
410 782
410 785
410 786
410 787
410 788
410 790
410 791
410 792
410 796
410 798
410 801
410 802
410 803
410 806
410 812
410 813
410 814
410 816
410 818
410 821
410 826
410 829
410 830
410 832
410 835
410 836
410 839
410 840
410 842
410 845
410 846
410 847
410 849
410 853
410 854
410 858
410 861
410 864
410 865
410 867
410 871
410 872
410 874
410 875
410 877
410 878
410 879
410 880
410 882
410 883
410 885
410 886
410 888
410 889
410 891
410 893
410 895
410 896
410 897
410 899
410 900
410 902
410 904
410 907
410 908
410 909
410 910
410 912
410 913
410 914
410 915
410 918
410 919
410 921
410 925
410 926
410 931
410 934
410 935
410 938
410 940
410 944
410 945
410 947
410 948
410 949
410 950
410 951
410 953
410 955
410 956
410 957
410 959
410 960
410 961
410 962
410 965
410 968
410 969
410 970
410 971
410 975
410 976
410 979
410 980
410 981
410 982
410 990
410 991
410 992
410 994
410 996
410 998
410 999
411 501
411 507
411 508
411 509
411 510
411 511
411 513
411 514
411 516
411 517
411 518
411 520
411 523
411 526
411 527
411 528
411 530
411 532
411 533
411 537
411 540
411 541
411 543
411 547
411 552
411 554
411 560
411 562
411 563
411 565
411 566
411 569
411 570
411 574
411 576
411 579
411 580
411 581
411 584
411 586
411 589
411 590
411 593
411 596
411 602
411 604
411 605
411 606
411 607
411 609
411 611
411 613
411 614
411 616
411 617
411 619
411 621
411 622
411 623
411 628
411 632
411 633
411 634
411 636
411 637
411 638
411 642
411 651
411 656
411 657
411 658
411 660
411 662
411 664
411 672
411 675
411 676
411 677
411 678
411 679
411 684
411 686
411 688
411 689
411 690
411 693
411 697
411 699
411 700
411 703
411 704
411 706
411 708
411 711
411 714
411 715
411 718
411 719
411 720
411 721
411 727
411 728
411 730
411 731
411 732
411 733
411 734
411 735
411 736
411 738
411 739
411 741
411 742
411 744
411 745
411 746
411 747
411 748
411 753
411 755
411 756
411 757
411 761
411 762
411 768
411 771
411 773
411 774
411 776
411 777
411 779
411 780
411 781
411 782
411 784
411 785
411 786
411 787
411 788
411 789
411 792
411 794
411 795
411 797
411 798
411 802
411 803
411 805
411 806
411 807
411 810
411 811
411 812
411 813
411 815
411 817
411 821
411 822
411 823
411 825
411 827
411 831
411 833
411 836
411 842
411 843
411 845
411 846
411 847
411 848
411 853
411 856
411 859
411 860
411 863
411 867
411 868
411 871
411 873
411 875
411 877
411 878
411 879
411 882
411 886
411 887
411 888
411 889
411 890
411 892
411 893
411 895
411 896
411 897
411 898
411 899
411 900
411 903
411 909
411 912
411 915
411 916
411 917
411 919
411 920
411 921
411 922
411 923
411 926
411 927
411 928
411 929
411 933
411 935
411 936
411 942
411 944
411 947
411 954
411 955
411 956
411 959
411 964
411 968
411 971
411 976
411 977
411 979
411 980
411 981
411 982
411 987
411 989
411 990
411 991
411 993
412 502
412 506
412 510
412 511
412 514
412 516
412 518
412 519
412 520
412 521
412 523
412 524
412 527
412 528
412 530
412 532
412 536
412 542
412 543
412 544
412 545
412 546
412 548
412 549
412 550
412 553
412 554
412 556
412 557
412 558
412 560
412 561
412 565
412 566
412 567
412 568
412 571
412 572
412 576
412 578
412 581
412 585
412 586
412 587
412 591
412 592
412 593
412 594
412 597
412 598
412 599
412 600
412 602
412 603
412 605
412 610
412 611
412 612
412 615
412 616
412 618
412 619
412 621
412 624
412 625
412 627
412 628
412 631
412 634
412 637
412 640
412 641
412 646
412 649
412 651
412 653
412 657
412 659
412 660
412 661
412 663
412 671
412 673
412 675
412 676
412 681
412 682
412 683
412 685
412 686
412 687
412 688
412 691
412 693
412 694
412 696
412 697
412 699
412 701
412 704
412 705
412 711
412 713
412 714
412 719
412 721
412 723
412 726
412 727
412 729
412 732
412 734
412 735
412 737
412 738
412 739
412 741
412 742
412 743
412 744
412 745
412 746
412 748
412 749
412 750
412 757
412 759
412 760
412 761
412 762
412 763
412 764
412 766
412 767
412 769
412 770
412 771
412 772
412 774
412 775
412 777
412 779
412 780
412 781
412 784
412 788
412 789
412 791
412 792
412 793
412 794
412 798
412 799
412 800
412 801
412 802
412 804
412 808
412 812
412 813
412 814
412 815
412 816
412 817
412 819
412 822
412 823
412 824
412 828
412 830
412 833
412 835
412 836
412 838
412 839
412 844
412 848
412 849
412 850
412 853
412 855
412 856
412 857
412 859
412 860
412 861
412 862
412 864
412 866
412 867
412 869
412 870
412 871
412 872
412 874
412 878
412 879
412 881
412 882
412 885
412 891
412 892
412 897
412 899
412 900
412 901
412 902
412 904
412 906
412 907
412 911
412 912
412 915
412 917
412 919
412 921
412 923
412 931
412 932
412 935
412 936
412 937
412 938
412 939
412 940
412 943
412 944
412 945
412 947
412 951
412 955
412 956
412 957
412 961
412 962
412 963
412 964
412 967
412 968
412 969
412 971
412 974
412 976
412 978
412 981
412 982
412 984
412 985
412 988
412 989
412 991
412 993
412 997
412 999
413 503
413 507
413 509
413 511
413 516
413 518
413 519
413 520
413 523
413 525
413 527
413 528
413 529
413 532
413 533
413 534
413 538
413 539
413 541
413 543
413 548
413 549
413 550
413 553
413 555
413 558
413 560
413 562
413 563
413 564
413 565
413 568
413 569
413 570
413 572
413 573
413 574
413 576
413 579
413 582
413 583
413 584
413 585
413 587
413 590
413 592
413 594
413 596
413 598
413 600
413 602
413 603
413 604
413 606
413 611
413 612
413 613
413 614
413 618
413 620
413 623
413 624
413 625
413 628
413 629
413 630
413 631
413 632
413 634
413 636
413 639
413 640
413 641
413 645
413 646
413 650
413 653
413 659
413 662
413 663
413 669
413 670
413 675
413 676
413 677
413 678
413 679
413 680
413 681
413 682
413 683
413 685
413 688
413 691
413 692
413 698
413 701
413 702
413 703
413 704
413 706
413 708
413 710
413 711
413 712
413 713
413 716
413 718
413 720
413 724
413 726
413 727
413 728
413 731
413 732
413 742
413 743
413 749
413 751
413 754
413 761
413 762
413 764
413 765
413 766
413 767
413 770
413 774
413 775
413 778
413 779
413 783
413 784
413 785
413 786
413 789
413 791
413 795
413 796
413 797
413 799
413 800
413 804
413 807
413 809
413 811
413 813
413 814
413 815
413 817
413 822
413 824
413 827
413 828
413 832
413 834
413 835
413 836
413 837
413 839
413 841
413 842
413 843
413 844
413 849
413 851
413 853
413 857
413 858
413 859
413 860
413 861
413 862
413 867
413 868
413 869
413 871
413 872
413 873
413 876
413 877
413 878
413 879
413 880
413 881
413 882
413 883
413 884
413 886
413 887
413 888
413 890
413 891
413 895
413 896
413 899
413 901
413 902
413 903
413 904
413 905
413 906
413 908
413 909
413 910
413 911
413 914
413 915
413 917
413 918
413 919
413 920
413 921
413 922
413 923
413 927
413 932
413 938
413 939
413 941
413 942
413 943
413 945
413 946
413 948
413 949
413 950
413 952
413 957
413 959
413 960
413 961
413 963
413 964
413 966
413 969
413 974
413 976
413 977
413 979
413 981
413 982
413 983
413 984
413 985
413 986
413 987
413 988
413 990
413 993
413 994
413 995
413 997
414 501
414 506
414 508
414 510
414 514
414 517
414 518
414 521
414 522
414 524
414 526
414 528
414 531
414 534
414 535
414 538
414 539
414 540
414 550
414 551
414 554
414 559
414 560
414 562
414 563
414 567
414 568
414 570
414 571
414 573
414 578
414 579
414 582
414 585
414 586
414 588
414 589
414 591
414 595
414 596
414 597
414 598
414 599
414 605
414 608
414 609
414 611
414 612
414 613
414 614
414 615
414 616
414 618
414 619
414 621
414 622
414 627
414 629
414 630
414 631
414 633
414 637
414 639
414 640
414 643
414 644
414 646
414 647
414 648
414 649
414 650
414 651
414 654
414 657
414 659
414 660
414 664
414 665
414 669
414 670
414 671
414 674
414 684
414 687
414 688
414 689
414 690
414 691
414 692
414 693
414 696
414 697
414 698
414 699
414 700
414 702
414 703
414 705
414 707
414 708
414 711
414 713
414 718
414 724
414 726
414 728
414 729
414 732
414 735
414 737
414 739
414 743
414 744
414 745
414 746
414 750
414 754
414 755
414 757
414 759
414 760
414 761
414 765
414 770
414 772
414 773
414 774
414 775
414 778
414 779
414 780
414 781
414 784
414 786
414 788
414 793
414 794
414 796
414 797
414 798
414 799
414 800
414 801
414 803
414 804
414 808
414 809
414 810
414 811
414 814
414 816
414 828
414 829
414 832
414 834
414 836
414 837
414 838
414 842
414 843
414 844
414 846
414 850
414 851
414 853
414 854
414 857
414 864
414 869
414 870
414 871
414 876
414 877
414 881
414 882
414 884
414 888
414 889
414 893
414 896
414 897
414 898
414 899
414 901
414 902
414 904
414 905
414 907
414 912
414 914
414 916
414 918
414 919
414 921
414 922
414 923
414 924
414 931
414 932
414 935
414 938
414 940
414 942
414 944
414 945
414 946
414 948
414 950
414 953
414 956
414 960
414 961
414 962
414 964
414 965
414 967
414 975
414 980
414 981
414 989
414 990
414 991
414 992
414 993
414 994
414 999
414 1000
415 501
415 502
415 505
415 506
415 508
415 509
415 511
415 514
415 515
415 516
415 517
415 519
415 522
415 523
415 524
415 526
415 528
415 529
415 531
415 532
415 533
415 538
415 540
415 542
415 543
415 544
415 547
415 548
415 551
415 552
415 554
415 555
415 558
415 559
415 560
415 561
415 562
415 563
415 564
415 566
415 567
415 570
415 571
415 572
415 573
415 577
415 578
415 579
415 580
415 582
415 587
415 588
415 589
415 590
415 591
415 593
415 594
415 599
415 603
415 604
415 605
415 606
415 611
415 612
415 613
415 616
415 619
415 621
415 623
415 625
415 626
415 631
415 636
415 637
415 638
415 641
415 642
415 644
415 645
415 646
415 647
415 650
415 651
415 652
415 655
415 656
415 657
415 659
415 661
415 663
415 664
415 665
415 669
415 670
415 677
415 679
415 681
415 682
415 683
415 685
415 686
415 687
415 688
415 693
415 695
415 696
415 697
415 698
415 701
415 702
415 704
415 705
415 709
415 712
415 714
415 717
415 720
415 722
415 725
415 727
415 728
415 729
415 732
415 733
415 735
415 738
415 739
415 741
415 743
415 746
415 748
415 750
415 751
415 757
415 758
415 759
415 760
415 761
415 762
415 765
415 766
415 768
415 769
415 772
415 773
415 775
415 778
415 779
415 783
415 785
415 793
415 794
415 795
415 797
415 802
415 803
415 804
415 805
415 808
415 811
415 812
415 817
415 818
415 820
415 821
415 825
415 826
415 827
415 829
415 830
415 832
415 834
415 836
415 838
415 839
415 840
415 842
415 843
415 844
415 845
415 846
415 848
415 852
415 853
415 854
415 857
415 858
415 860
415 861
415 862
415 864
415 867
415 868
415 869
415 870
415 871
415 873
415 875
415 876
415 879
415 880
415 881
415 882
415 884
415 886
415 887
415 888
415 890
415 896
415 899
415 901
415 903
415 905
415 907
415 908
415 909
415 910
415 915
415 917
415 918
415 921
415 922
415 923
415 924
415 925
415 926
415 928
415 929
415 931
415 934
415 935
415 937
415 939
415 940
415 941
415 942
415 943
415 944
415 945
415 946
415 950
415 951
415 955
415 956
415 957
415 958
415 963
415 965
415 968
415 970
415 971
415 973
415 975
415 976
415 978
415 981
415 983
415 984
415 985
415 986
415 987
415 988
415 989
415 992
415 993
415 995
415 998
416 502
416 503
416 504
416 505
416 507
416 508
416 511
416 513
416 516
416 517
416 518
416 519
416 521
416 524
416 525
416 528
416 531
416 532
416 533
416 535
416 537
416 544
416 545
416 546
416 547
416 550
416 552
416 554
416 562
416 565
416 566
416 568
416 570
416 571
416 574
416 576
416 577
416 578
416 580
416 581
416 582
416 583
416 585
416 592
416 593
416 595
416 596
416 597
416 598
416 601
416 607
416 610
416 612
416 617
416 618
416 619
416 620
416 622
416 624
416 626
416 627
416 629
416 630
416 633
416 634
416 637
416 639
416 640
416 641
416 645
416 647
416 650
416 651
416 652
416 653
416 655
416 656
416 663
416 664
416 665
416 666
416 668
416 669
416 670
416 673
416 674
416 676
416 677
416 678
416 680
416 682
416 685
416 688
416 689
416 690
416 693
416 694
416 697
416 698
416 699
416 700
416 705
416 706
416 708
416 709
416 710
416 711
416 712
416 713
416 714
416 715
416 716
416 717
416 718
416 719
416 720
416 721
416 723
416 724
416 725
416 728
416 729
416 730
416 735
416 738
416 739
416 740
416 742
416 743
416 745
416 746
416 747
416 748
416 750
416 753
416 757
416 764
416 766
416 767
416 769
416 772
416 775
416 777
416 778
416 779
416 782
416 783
416 784
416 785
416 786
416 788
416 789
416 790
416 793
416 796
416 799
416 801
416 803
416 804
416 805
416 806
416 809
416 810
416 812
416 814
416 815
416 816
416 817
416 818
416 820
416 823
416 825
416 831
416 833
416 834
416 836
416 838
416 841
416 842
416 844
416 845
416 846
416 850
416 851
416 852
416 855
416 856
416 858
416 859
416 861
416 862
416 863
416 868
416 870
416 871
416 876
416 878
416 879
416 880
416 883
416 884
416 887
416 889
416 890
416 891
416 892
416 894
416 896
416 897
416 901
416 902
416 905
416 908
416 912
416 913
416 915
416 916
416 918
416 919
416 920
416 921
416 924
416 925
416 927
416 928
416 929
416 933
416 934
416 935
416 938
416 940
416 941
416 942
416 946
416 948
416 950
416 952
416 954
416 957
416 958
416 960
416 961
416 962
416 963
416 964
416 968
416 970
416 971
416 972
416 974
416 977
416 978
416 981
416 988
416 989
416 990
416 997
417 502
417 505
417 510
417 513
417 514
417 516
417 519
417 520
417 521
417 525
417 528
417 529
417 530
417 531
417 532
417 534
417 539
417 540
417 541
417 542
417 543
417 544
417 545
417 546
417 548
417 549
417 550
417 554
417 555
417 556
417 558
417 560
417 561
417 563
417 565
417 568
417 569
417 572
417 575
417 576
417 577
417 579
417 581
417 582
417 584
417 586
417 588
417 589
417 590
417 591
417 593
417 594
417 595
417 598
417 600
417 605
417 609
417 610
417 613
417 615
417 616
417 617
417 621
417 624
417 627
417 629
417 630
417 631
417 632
417 633
417 637
417 639
417 640
417 641
417 642
417 645
417 646
417 647
417 653
417 655
417 659
417 663
417 664
417 667
417 671
417 673
417 674
417 675
417 676
417 678
417 681
417 682
417 683
417 685
417 686
417 688
417 689
417 690
417 691
417 698
417 699
417 700
417 701
417 702
417 704
417 705
417 706
417 710
417 711
417 714
417 715
417 716
417 717
417 718
417 719
417 721
417 723
417 725
417 728
417 732
417 733
417 734
417 735
417 736
417 737
417 741
417 743
417 747
417 748
417 749
417 750
417 753
417 754
417 756
417 758
417 760
417 763
417 764
417 768
417 769
417 771
417 775
417 776
417 778
417 779
417 780
417 781
417 782
417 783
417 784
417 785
417 788
417 790
417 792
417 795
417 798
417 799
417 800
417 801
417 802
417 803
417 804
417 805
417 806
417 807
417 808
417 810
417 811
417 813
417 814
417 815
417 816
417 818
417 820
417 823
417 824
417 827
417 828
417 829
417 830
417 831
417 832
417 833
417 835
417 837
417 839
417 840
417 841
417 849
417 851
417 853
417 857
417 858
417 859
417 862
417 867
417 869
417 871
417 872
417 873
417 875
417 877
417 879
417 880
417 881
417 882
417 883
417 885
417 887
417 888
417 889
417 890
417 896
417 898
417 900
417 901
417 902
417 903
417 904
417 906
417 907
417 908
417 911
417 912
417 913
417 914
417 917
417 920
417 921
417 922
417 923
417 925
417 927
417 929
417 930
417 933
417 936
417 941
417 942
417 943
417 944
417 947
417 948
417 949
417 950
417 951
417 952
417 954
417 956
417 961
417 962
417 963
417 964
417 965
417 967
417 970
417 971
417 975
417 981
417 982
417 985
417 989
417 997
417 998
417 999
417 1000
418 509
418 511
418 513
418 515
418 516
418 518
418 520
418 521
418 524
418 526
418 532
418 536
418 539
418 540
418 541
418 543
418 545
418 549
418 550
418 551
418 552
418 555
418 559
418 560
418 561
418 562
418 566
418 569
418 571
418 576
418 577
418 581
418 582
418 583
418 584
418 590
418 591
418 597
418 600
418 602
418 604
418 606
418 608
418 609
418 610
418 611
418 612
418 613
418 616
418 617
418 618
418 619
418 620
418 622
418 625
418 627
418 629
418 630
418 631
418 632
418 634
418 635
418 638
418 639
418 640
418 641
418 643
418 644
418 645
418 647
418 650
418 652
418 654
418 660
418 661
418 662
418 664
418 667
418 669
418 674
418 675
418 678
418 680
418 681
418 683
418 685
418 686
418 687
418 688
418 693
418 696
418 697
418 698
418 699
418 703
418 704
418 705
418 706
418 707
418 711
418 712
418 715
418 719
418 727
418 728
418 730
418 731
418 732
418 733
418 737
418 738
418 739
418 742
418 743
418 745
418 747
418 748
418 749
418 752
418 753
418 754
418 756
418 759
418 762
418 763
418 773
418 774
418 777
418 778
418 780
418 784
418 785
418 788
418 790
418 791
418 792
418 793
418 794
418 795
418 796
418 797
418 799
418 803
418 804
418 805
418 806
418 807
418 817
418 820
418 821
418 822
418 823
418 824
418 825
418 827
418 829
418 831
418 832
418 833
418 837
418 840
418 843
418 844
418 846
418 848
418 850
418 851
418 854
418 857
418 860
418 862
418 863
418 864
418 865
418 868
418 872
418 874
418 876
418 878
418 880
418 884
418 885
418 886
418 887
418 890
418 892
418 894
418 895
418 897
418 901
418 902
418 903
418 905
418 906
418 907
418 908
418 910
418 913
418 914
418 916
418 918
418 919
418 920
418 923
418 927
418 929
418 935
418 937
418 939
418 943
418 944
418 945
418 952
418 953
418 954
418 956
418 957
418 958
418 959
418 960
418 963
418 964
418 966
418 967
418 968
418 970
418 972
418 973
418 975
418 976
418 977
418 979
418 981
418 982
418 984
418 985
418 987
418 991
418 992
419 501
419 502
419 503
419 504
419 505
419 506
419 508
419 509
419 510
419 511
419 512
419 515
419 518
419 520
419 521
419 523
419 526
419 529
419 530
419 534
419 536
419 537
419 538
419 539
419 540
419 543
419 545
419 547
419 548
419 549
419 551
419 553
419 555
419 556
419 557
419 558
419 560
419 563
419 564
419 565
419 567
419 568
419 571
419 572
419 574
419 575
419 577
419 578
419 581
419 582
419 587
419 588
419 589
419 593
419 595
419 596
419 597
419 601
419 602
419 603
419 605
419 606
419 608
419 610
419 612
419 615
419 616
419 620
419 622
419 623
419 624
419 628
419 633
419 634
419 637
419 638
419 639
419 640
419 644
419 647
419 650
419 651
419 655
419 658
419 659
419 660
419 663
419 664
419 670
419 673
419 675
419 678
419 682
419 685
419 687
419 688
419 689
419 690
419 692
419 694
419 696
419 697
419 698
419 699
419 700
419 706
419 707
419 710
419 712
419 715
419 717
419 718
419 719
419 721
419 723
419 724
419 727
419 729
419 732
419 734
419 736
419 737
419 740
419 741
419 743
419 744
419 746
419 749
419 750
419 751
419 752
419 760
419 761
419 762
419 768
419 769
419 774
419 778
419 780
419 784
419 785
419 787
419 788
419 790
419 791
419 795
419 796
419 800
419 801
419 803
419 805
419 808
419 809
419 810
419 811
419 812
419 815
419 816
419 820
419 822
419 823
419 824
419 831
419 832
419 834
419 837
419 839
419 841
419 842
419 843
419 844
419 845
419 848
419 849
419 853
419 854
419 856
419 857
419 858
419 859
419 861
419 862
419 864
419 866
419 868
419 870
419 871
419 874
419 876
419 877
419 879
419 880
419 882
419 885
419 886
419 890
419 891
419 892
419 893
419 895
419 896
419 899
419 901
419 903
419 906
419 907
419 908
419 909
419 912
419 913
419 917
419 918
419 919
419 920
419 923
419 924
419 926
419 927
419 930
419 932
419 933
419 934
419 937
419 942
419 944
419 946
419 948
419 949
419 952
419 953
419 957
419 958
419 960
419 962
419 965
419 966
419 967
419 972
419 974
419 978
419 979
419 983
419 986
419 988
419 990
419 992
419 994
419 995
419 997
420 501
420 504
420 506
420 510
420 513
420 514
420 517
420 518
420 519
420 521
420 523
420 524
420 526
420 528
420 529
420 530
420 532
420 534
420 536
420 540
420 543
420 544
420 545
420 551
420 553
420 554
420 559
420 560
420 563
420 567
420 568
420 569
420 570
420 571
420 572
420 574
420 580
420 581
420 587
420 589
420 593
420 596
420 597
420 600
420 601
420 602
420 604
420 608
420 609
420 611
420 612
420 616
420 617
420 618
420 621
420 622
420 624
420 626
420 627
420 632
420 633
420 636
420 637
420 638
420 639
420 642
420 643
420 646
420 648
420 651
420 655
420 657
420 659
420 661
420 665
420 666
420 669
420 671
420 672
420 673
420 675
420 677
420 681
420 682
420 683
420 687
420 690
420 692
420 694
420 696
420 703
420 704
420 706
420 707
420 708
420 711
420 712
420 713
420 715
420 716
420 717
420 719
420 727
420 728
420 729
420 730
420 732
420 733
420 735
420 736
420 737
420 738
420 743
420 747
420 749
420 752
420 753
420 754
420 755
420 756
420 759
420 760
420 761
420 767
420 768
420 770
420 772
420 774
420 776
420 777
420 779
420 780
420 781
420 782
420 785
420 786
420 789
420 795
420 797
420 800
420 802
420 804
420 806
420 807
420 813
420 814
420 815
420 817
420 821
420 824
420 825
420 830
420 833
420 834
420 836
420 837
420 840
420 843
420 844
420 845
420 847
420 849
420 850
420 853
420 854
420 856
420 857
420 858
420 859
420 860
420 861
420 862
420 864
420 868
420 869
420 870
420 879
420 880
420 881
420 883
420 884
420 886
420 888
420 890
420 891
420 893
420 895
420 897
420 898
420 899
420 902
420 903
420 906
420 907
420 908
420 910
420 914
420 915
420 917
420 918
420 919
420 920
420 921
420 922
420 923
420 930
420 931
420 932
420 935
420 936
420 937
420 938
420 943
420 944
420 945
420 946
420 947
420 949
420 951
420 952
420 955
420 956
420 957
420 958
420 959
420 961
420 964
420 966
420 976
420 977
420 979
420 980
420 984
420 985
420 989
420 992
420 994
420 997
420 998
420 1000
421 502
421 503
421 504
421 506
421 507
421 514
421 518
421 520
421 522
421 523
421 525
421 527
421 529
421 535
421 537
421 538
421 539
421 542
421 544
421 545
421 546
421 547
421 548
421 553
421 556
421 558
421 559
421 560
421 564
421 567
421 572
421 573
421 576
421 577
421 578
421 580
421 581
421 582
421 584
421 585
421 588
421 589
421 590
421 591
421 593
421 596
421 597
421 598
421 604
421 605
421 606
421 607
421 608
421 609
421 612
421 617
421 620
421 621
421 622
421 624
421 625
421 626
421 628
421 630
421 631
421 633
421 634
421 637
421 638
421 639
421 642
421 645
421 647
421 648
421 652
421 655
421 659
421 661
421 662
421 663
421 664
421 666
421 667
421 670
421 672
421 674
421 677
421 684
421 686
421 687
421 691
421 692
421 696
421 697
421 698
421 702
421 703
421 704
421 706
421 708
421 713
421 715
421 717
421 718
421 719
421 720
421 721
421 722
421 723
421 725
421 726
421 727
421 731
421 733
421 735
421 736
421 737
421 740
421 741
421 743
421 745
421 746
421 752
421 755
421 756
421 759
421 760
421 761
421 762
421 766
421 774
421 776
421 778
421 779
421 780
421 783
421 786
421 788
421 790
421 794
421 797
421 798
421 802
421 803
421 805
421 806
421 807
421 810
421 813
421 817
421 820
421 824
421 826
421 828
421 830
421 833
421 836
421 840
421 842
421 845
421 846
421 847
421 848
421 850
421 851
421 852
421 858
421 863
421 865
421 872
421 873
421 874
421 875
421 876
421 877
421 879
421 881
421 883
421 884
421 885
421 887
421 888
421 889
421 890
421 896
421 897
421 899
421 900
421 901
421 902
421 903
421 904
421 906
421 908
421 910
421 911
421 912
421 913
421 915
421 917
421 918
421 919
421 921
421 923
421 924
421 925
421 929
421 930
421 932
421 933
421 934
421 935
421 937
421 939
421 941
421 942
421 943
421 944
421 946
421 947
421 949
421 952
421 955
421 956
421 957
421 958
421 959
421 960
421 961
421 962
421 964
421 966
421 967
421 974
421 975
421 976
421 978
421 983
421 986
421 989
421 990
421 993
421 994
421 995
421 996
421 998
421 999
422 505
422 507
422 508
422 509
422 510
422 513
422 516
422 518
422 520
422 524
422 527
422 528
422 529
422 530
422 531
422 533
422 535
422 536
422 539
422 540
422 541
422 544
422 545
422 546
422 547
422 548
422 553
422 554
422 555
422 556
422 557
422 561
422 562
422 563
422 565
422 566
422 568
422 574
422 575
422 576
422 579
422 581
422 582
422 583
422 584
422 586
422 590
422 592
422 593
422 594
422 595
422 598
422 600
422 604
422 607
422 608
422 609
422 611
422 612
422 613
422 615
422 616
422 622
422 623
422 624
422 625
422 626
422 628
422 631
422 633
422 634
422 638
422 641
422 642
422 651
422 655
422 656
422 658
422 660
422 662
422 663
422 666
422 668
422 670
422 672
422 674
422 675
422 679
422 680
422 681
422 683
422 684
422 685
422 687
422 688
422 690
422 697
422 699
422 704
422 707
422 708
422 709
422 713
422 722
422 723
422 725
422 726
422 728
422 729
422 730
422 731
422 732
422 736
422 737
422 741
422 742
422 745
422 747
422 751
422 752
422 754
422 755
422 756
422 761
422 762
422 763
422 769
422 771
422 772
422 773
422 774
422 775
422 776
422 777
422 782
422 784
422 786
422 793
422 794
422 796
422 797
422 798
422 799
422 804
422 810
422 812
422 815
422 816
422 817
422 823
422 824
422 826
422 827
422 828
422 829
422 830
422 831
422 833
422 834
422 842
422 844
422 845
422 846
422 847
422 849
422 850
422 851
422 852
422 855
422 857
422 862
422 863
422 864
422 865
422 866
422 868
422 873
422 876
422 878
422 879
422 884
422 885
422 887
422 890
422 891
422 892
422 893
422 894
422 896
422 899
422 900
422 901
422 902
422 903
422 904
422 907
422 911
422 912
422 913
422 915
422 918
422 919
422 920
422 921
422 922
422 924
422 925
422 926
422 928
422 929
422 931
422 932
422 936
422 941
422 943
422 944
422 945
422 948
422 949
422 950
422 952
422 953
422 954
422 955
422 957
422 958
422 959
422 962
422 964
422 966
422 967
422 970
422 971
422 972
422 973
422 977
422 981
422 982
422 984
422 990
422 995
422 996
422 1000
423 502
423 504
423 505
423 514
423 515
423 516
423 518
423 519
423 521
423 522
423 524
423 527
423 531
423 534
423 536
423 537
423 538
423 540
423 541
423 542
423 546
423 547
423 549
423 551
423 554
423 560
423 562
423 563
423 564
423 567
423 568
423 571
423 575
423 576
423 577
423 578
423 579
423 581
423 585
423 586
423 587
423 588
423 589
423 594
423 605
423 606
423 609
423 612
423 613
423 617
423 619
423 622
423 624
423 628
423 629
423 630
423 631
423 632
423 636
423 641
423 645
423 650
423 651
423 655
423 656
423 657
423 664
423 665
423 667
423 669
423 670
423 671
423 672
423 675
423 679
423 681
423 683
423 684
423 685
423 686
423 687
423 688
423 689
423 690
423 691
423 693
423 694
423 695
423 697
423 700
423 701
423 704
423 706
423 708
423 709
423 710
423 711
423 712
423 713
423 714
423 715
423 717
423 718
423 719
423 720
423 722
423 723
423 724
423 725
423 727
423 732
423 733
423 734
423 736
423 738
423 739
423 741
423 743
423 745
423 748
423 749
423 750
423 752
423 753
423 754
423 757
423 760
423 762
423 765
423 766
423 767
423 768
423 769
423 770
423 771
423 773
423 774
423 780
423 782
423 785
423 791
423 793
423 794
423 795
423 797
423 801
423 802
423 803
423 804
423 805
423 806
423 809
423 811
423 812
423 814
423 817
423 818
423 819
423 820
423 823
423 824
423 825
423 826
423 827
423 828
423 830
423 831
423 836
423 838
423 839
423 843
423 845
423 847
423 851
423 853
423 854
423 856
423 858
423 861
423 862
423 864
423 865
423 867
423 868
423 869
423 874
423 875
423 877
423 878
423 879
423 880
423 882
423 885
423 886
423 887
423 891
423 892
423 893
423 894
423 896
423 897
423 898
423 899
423 900
423 901
423 903
423 904
423 910
423 912
423 913
423 914
423 921
423 923
423 927
423 938
423 940
423 941
423 942
423 944
423 945
423 947
423 948
423 949
423 951
423 955
423 956
423 957
423 958
423 960
423 961
423 962
423 964
423 967
423 968
423 969
423 971
423 972
423 973
423 974
423 976
423 978
423 981
423 982
423 983
423 984
423 988
423 989
423 993
423 994
423 996
424 501
424 504
424 505
424 506
424 509
424 510
424 511
424 513
424 520
424 522
424 523
424 525
424 526
424 528
424 529
424 530
424 531
424 532
424 534
424 535
424 538
424 539
424 540
424 545
424 547
424 549
424 551
424 555
424 556
424 559
424 562
424 564
424 565
424 566
424 567
424 570
424 571
424 575
424 576
424 577
424 578
424 587
424 589
424 590
424 591
424 595
424 596
424 599
424 601
424 603
424 604
424 610
424 611
424 613
424 614
424 620
424 625
424 627
424 628
424 629
424 633
424 635
424 636
424 637
424 641
424 647
424 649
424 652
424 653
424 655
424 659
424 661
424 662
424 663
424 664
424 666
424 667
424 668
424 671
424 672
424 673
424 678
424 679
424 684
424 685
424 686
424 687
424 691
424 692
424 693
424 695
424 697
424 703
424 705
424 706
424 707
424 708
424 709
424 710
424 711
424 712
424 713
424 714
424 715
424 718
424 720
424 722
424 723
424 725
424 728
424 729
424 730
424 731
424 734
424 740
424 742
424 743
424 746
424 748
424 750
424 754
424 755
424 758
424 765
424 768
424 769
424 771
424 773
424 774
424 775
424 776
424 778
424 779
424 780
424 785
424 787
424 788
424 790
424 792
424 795
424 796
424 798
424 800
424 803
424 809
424 811
424 819
424 820
424 821
424 822
424 823
424 824
424 826
424 827
424 828
424 832
424 834
424 835
424 837
424 838
424 839
424 840
424 841
424 848
424 849
424 851
424 852
424 853
424 861
424 868
424 872
424 873
424 874
424 878
424 879
424 881
424 885
424 886
424 887
424 892
424 893
424 894
424 895
424 896
424 897
424 899
424 901
424 902
424 903
424 907
424 912
424 914
424 918
424 922
424 923
424 925
424 926
424 927
424 929
424 930
424 932
424 933
424 935
424 937
424 938
424 939
424 940
424 942
424 944
424 945
424 946
424 948
424 949
424 950
424 952
424 953
424 954
424 956
424 959
424 960
424 962
424 963
424 964
424 968
424 969
424 971
424 972
424 974
424 976
424 977
424 980
424 981
424 986
424 987
424 988
424 989
424 991
424 993
424 995
424 998
424 1000
425 501
425 505
425 506
425 508
425 512
425 513
425 514
425 517
425 518
425 520
425 521
425 523
425 528
425 530
425 533
425 535
425 538
425 541
425 542
425 545
425 549
425 550
425 553
425 554
425 557
425 560
425 561
425 562
425 565
425 566
425 567
425 571
425 572
425 573
425 577
425 579
425 580
425 581
425 582
425 583
425 584
425 585
425 586
425 588
425 589
425 590
425 592
425 593
425 604
425 606
425 607
425 609
425 611
425 618
425 619
425 625
425 626
425 630
425 631
425 632
425 634
425 637
425 638
425 639
425 641
425 645
425 646
425 647
425 648
425 650
425 651
425 652
425 653
425 656
425 657
425 659
425 665
425 666
425 667
425 668
425 671
425 673
425 676
425 677
425 678
425 679
425 680
425 682
425 683
425 684
425 685
425 686
425 687
425 689
425 690
425 692
425 701
425 703
425 704
425 705
425 708
425 709
425 710
425 712
425 713
425 717
425 721
425 722
425 724
425 725
425 726
425 727
425 728
425 729
425 730
425 731
425 733
425 734
425 735
425 736
425 737
425 739
425 741
425 742
425 745
425 748
425 750
425 755
425 756
425 758
425 759
425 761
425 762
425 766
425 767
425 768
425 769
425 770
425 771
425 772
425 774
425 775
425 777
425 779
425 782
425 783
425 785
425 786
425 789
425 790
425 792
425 795
425 797
425 801
425 803
425 804
425 806
425 807
425 808
425 810
425 814
425 816
425 818
425 822
425 823
425 824
425 826
425 828
425 832
425 833
425 835
425 836
425 837
425 838
425 847
425 849
425 850
425 853
425 854
425 855
425 858
425 867
425 868
425 869
425 874
425 877
425 878
425 879
425 880
425 884
425 885
425 891
425 893
425 895
425 897
425 898
425 899
425 901
425 902
425 905
425 907
425 912
425 913
425 916
425 918
425 919
425 920
425 922
425 923
425 925
425 928
425 930
425 935
425 936
425 937
425 941
425 942
425 943
425 945
425 946
425 948
425 949
425 954
425 955
425 956
425 957
425 959
425 961
425 962
425 964
425 965
425 967
425 970
425 971
425 973
425 980
425 984
425 987
425 988
425 990
425 992
425 995
425 998
425 999
425 1000
426 501
426 503
426 504
426 505
426 506
426 508
426 510
426 512
426 513
426 516
426 518
426 522
426 525
426 529
426 530
426 531
426 537
426 539
426 541
426 550
426 551
426 555
426 557
426 559
426 565
426 566
426 568
426 569
426 570
426 574
426 576
426 578
426 579
426 581
426 582
426 585
426 586
426 587
426 590
426 591
426 592
426 593
426 594
426 596
426 597
426 598
426 600
426 601
426 603
426 604
426 605
426 606
426 607
426 608
426 610
426 611
426 614
426 615
426 619
426 621
426 625
426 626
426 627
426 629
426 630
426 632
426 633
426 634
426 638
426 639
426 641
426 643
426 644
426 646
426 647
426 648
426 650
426 652
426 661
426 663
426 665
426 671
426 672
426 673
426 675
426 679
426 681
426 687
426 690
426 692
426 693
426 695
426 698
426 699
426 700
426 706
426 707
426 708
426 710
426 712
426 714
426 715
426 716
426 718
426 720
426 721
426 723
426 727
426 729
426 731
426 734
426 735
426 736
426 737
426 740
426 744
426 745
426 747
426 748
426 755
426 756
426 759
426 760
426 762
426 763
426 764
426 765
426 767
426 768
426 771
426 772
426 773
426 774
426 775
426 779
426 782
426 783
426 784
426 785
426 786
426 787
426 788
426 792
426 793
426 794
426 795
426 797
426 800
426 803
426 804
426 805
426 806
426 807
426 809
426 811
426 812
426 815
426 816
426 818
426 820
426 825
426 826
426 829
426 830
426 831
426 839
426 842
426 845
426 848
426 852
426 857
426 858
426 859
426 864
426 866
426 867
426 868
426 869
426 870
426 872
426 874
426 875
426 876
426 877
426 878
426 879
426 884
426 885
426 886
426 889
426 890
426 891
426 892
426 893
426 894
426 896
426 897
426 899
426 901
426 902
426 903
426 904
426 910
426 911
426 912
426 913
426 914
426 920
426 922
426 928
426 930
426 933
426 934
426 935
426 937
426 938
426 940
426 942
426 943
426 947
426 949
426 953
426 955
426 956
426 959
426 961
426 962
426 963
426 965
426 966
426 967
426 968
426 970
426 972
426 973
426 974
426 976
426 981
426 984
426 985
426 986
426 987
426 989
426 990
426 991
426 993
426 994
426 996
426 998
426 1000
427 506
427 507
427 508
427 510
427 511
427 512
427 513
427 514
427 516
427 520
427 524
427 525
427 526
427 527
427 528
427 529
427 534
427 535
427 539
427 540
427 541
427 542
427 544
427 546
427 547
427 549
427 555
427 558
427 559
427 562
427 564
427 566
427 568
427 569
427 570
427 572
427 574
427 577
427 582
427 583
427 584
427 585
427 586
427 587
427 589
427 590
427 595
427 597
427 598
427 601
427 604
427 605
427 606
427 612
427 613
427 614
427 618
427 619
427 620
427 621
427 625
427 626
427 627
427 629
427 633
427 634
427 635
427 638
427 640
427 641
427 642
427 643
427 644
427 645
427 646
427 647
427 649
427 651
427 652
427 655
427 656
427 660
427 661
427 663
427 667
427 668
427 672
427 677
427 680
427 683
427 684
427 687
427 688
427 694
427 696
427 704
427 708
427 709
427 711
427 715
427 716
427 717
427 719
427 720
427 724
427 727
427 728
427 732
427 734
427 735
427 736
427 738
427 739
427 740
427 743
427 744
427 745
427 746
427 747
427 748
427 749
427 750
427 753
427 754
427 755
427 756
427 758
427 761
427 762
427 763
427 764
427 766
427 767
427 775
427 776
427 777
427 778
427 781
427 784
427 787
427 788
427 789
427 790
427 793
427 795
427 797
427 801
427 804
427 805
427 810
427 811
427 812
427 813
427 814
427 819
427 820
427 822
427 823
427 825
427 826
427 827
427 828
427 829
427 831
427 834
427 836
427 837
427 838
427 841
427 845
427 846
427 854
427 855
427 858
427 860
427 861
427 862
427 866
427 868
427 870
427 872
427 874
427 875
427 877
427 879
427 881
427 883
427 884
427 887
427 888
427 889
427 891
427 895
427 896
427 901
427 902
427 903
427 905
427 906
427 907
427 908
427 909
427 910
427 911
427 912
427 914
427 915
427 917
427 918
427 919
427 920
427 921
427 922
427 924
427 925
427 930
427 932
427 934
427 937
427 938
427 939
427 942
427 943
427 944
427 945
427 947
427 948
427 949
427 957
427 958
427 959
427 962
427 963
427 965
427 966
427 968
427 971
427 973
427 974
427 976
427 979
427 980
427 981
427 982
427 984
427 988
427 994
427 995
428 503
428 504
428 507
428 509
428 510
428 513
428 517
428 519
428 520
428 522
428 525
428 530
428 531
428 533
428 534
428 536
428 537
428 540
428 541
428 542
428 545
428 546
428 553
428 554
428 557
428 559
428 561
428 563
428 565
428 567
428 569
428 571
428 572
428 575
428 577
428 578
428 579
428 582
428 585
428 586
428 590
428 591
428 593
428 594
428 596
428 597
428 601
428 602
428 604
428 605
428 608
428 610
428 611
428 614
428 619
428 621
428 623
428 624
428 625
428 627
428 628
428 629
428 630
428 633
428 634
428 637
428 638
428 639
428 640
428 642
428 643
428 646
428 647
428 648
428 649
428 652
428 653
428 656
428 659
428 661
428 664
428 666
428 667
428 671
428 673
428 675
428 676
428 677
428 678
428 679
428 682
428 683
428 684
428 685
428 686
428 687
428 689
428 691
428 696
428 698
428 699
428 700
428 701
428 702
428 703
428 705
428 707
428 708
428 709
428 713
428 715
428 716
428 718
428 719
428 720
428 721
428 722
428 725
428 726
428 728
428 730
428 733
428 734
428 736
428 739
428 740
428 741
428 742
428 744
428 746
428 747
428 748
428 749
428 751
428 752
428 755
428 759
428 761
428 766
428 767
428 768
428 769
428 772
428 773
428 776
428 779
428 781
428 782
428 785
428 787
428 788
428 791
428 793
428 794
428 799
428 802
428 807
428 809
428 810
428 811
428 812
428 817
428 819
428 821
428 822
428 824
428 826
428 828
428 829
428 835
428 837
428 839
428 840
428 841
428 842
428 843
428 844
428 845
428 846
428 847
428 850
428 853
428 855
428 857
428 858
428 861
428 862
428 863
428 864
428 865
428 868
428 872
428 874
428 879
428 880
428 882
428 885
428 886
428 887
428 888
428 889
428 891
428 892
428 893
428 894
428 895
428 898
428 900
428 901
428 902
428 904
428 906
428 907
428 908
428 909
428 911
428 912
428 914
428 918
428 919
428 922
428 923
428 924
428 925
428 926
428 927
428 928
428 933
428 935
428 937
428 943
428 944
428 945
428 946
428 949
428 952
428 953
428 956
428 957
428 959
428 963
428 964
428 967
428 972
428 973
428 974
428 975
428 976
428 977
428 978
428 979
428 980
428 981
428 982
428 983
428 984
428 986
428 988
428 989
428 990
428 991
428 995
428 997
428 999
428 1000
429 501
429 502
429 505
429 507
429 508
429 510
429 513
429 514
429 517
429 518
429 522
429 523
429 524
429 525
429 526
429 527
429 528
429 529
429 530
429 532
429 533
429 534
429 536
429 539
429 542
429 546
429 547
429 548
429 549
429 550
429 553
429 554
429 555
429 556
429 557
429 558
429 559
429 560
429 562
429 566
429 571
429 573
429 575
429 577
429 578
429 580
429 582
429 584
429 586
429 588
429 593
429 594
429 595
429 596
429 598
429 600
429 602
429 603
429 605
429 606
429 607
429 608
429 611
429 616
429 619
429 625
429 627
429 628
429 629
429 631
429 633
429 634
429 635
429 639
429 641
429 644
429 646
429 647
429 649
429 650
429 651
429 653
429 655
429 656
429 657
429 659
429 667
429 668
429 669
429 670
429 671
429 672
429 673
429 674
429 675
429 676
429 677
429 678
429 682
429 684
429 686
429 687
429 692
429 693
429 695
429 697
429 699
429 701
429 702
429 703
429 704
429 706
429 710
429 711
429 712
429 715
429 716
429 718
429 719
429 721
429 722
429 724
429 726
429 727
429 728
429 731
429 733
429 734
429 735
429 739
429 740
429 741
429 743
429 745
429 747
429 748
429 749
429 753
429 754
429 757
429 758
429 759
429 761
429 764
429 766
429 767
429 770
429 772
429 773
429 776
429 777
429 778
429 780
429 782
429 783
429 784
429 785
429 791
429 794
429 795
429 796
429 798
429 799
429 801
429 803
429 805
429 807
429 808
429 811
429 812
429 813
429 817
429 819
429 820
429 821
429 823
429 824
429 825
429 829
429 831
429 833
429 835
429 836
429 840
429 841
429 843
429 844
429 847
429 848
429 849
429 850
429 851
429 853
429 854
429 864
429 865
429 866
429 867
429 870
429 873
429 874
429 875
429 879
429 882
429 883
429 884
429 886
429 888
429 896
429 898
429 901
429 903
429 904
429 906
429 908
429 909
429 911
429 916
429 917
429 918
429 920
429 921
429 924
429 926
429 928
429 929
429 930
429 932
429 934
429 935
429 936
429 937
429 938
429 941
429 942
429 946
429 949
429 950
429 953
429 954
429 955
429 956
429 959
429 960
429 962
429 967
429 969
429 971
429 972
429 975
429 976
429 977
429 979
429 981
429 982
429 985
429 986
429 987
429 990
429 991
429 993
429 994
429 995
429 996
429 998
430 504
430 508
430 511
430 512
430 513
430 514
430 515
430 516
430 517
430 522
430 523
430 524
430 525
430 528
430 533
430 536
430 538
430 539
430 540
430 542
430 543
430 545
430 546
430 547
430 548
430 549
430 550
430 555
430 558
430 561
430 562
430 566
430 568
430 572
430 573
430 574
430 576
430 579
430 580
430 581
430 586
430 587
430 589
430 591
430 592
430 594
430 595
430 597
430 598
430 600
430 601
430 602
430 603
430 608
430 609
430 611
430 613
430 614
430 615
430 620
430 621
430 623
430 624
430 625
430 627
430 628
430 630
430 631
430 633
430 634
430 637
430 642
430 643
430 646
430 648
430 651
430 652
430 654
430 655
430 656
430 657
430 661
430 662
430 664
430 665
430 666
430 669
430 670
430 671
430 673
430 677
430 678
430 679
430 682
430 687
430 688
430 690
430 691
430 693
430 700
430 705
430 706
430 708
430 710
430 712
430 713
430 714
430 716
430 717
430 719
430 720
430 721
430 722
430 725
430 726
430 728
430 730
430 731
430 734
430 736
430 738
430 740
430 741
430 742
430 744
430 745
430 747
430 751
430 752
430 753
430 755
430 756
430 758
430 759
430 764
430 766
430 769
430 770
430 774
430 775
430 780
430 782
430 784
430 785
430 786
430 787
430 788
430 791
430 793
430 797
430 798
430 799
430 804
430 807
430 809
430 810
430 811
430 812
430 813
430 814
430 815
430 816
430 818
430 821
430 822
430 823
430 826
430 829
430 830
430 833
430 835
430 842
430 844
430 846
430 847
430 850
430 854
430 855
430 856
430 857
430 858
430 859
430 863
430 864
430 867
430 874
430 875
430 880
430 881
430 882
430 883
430 885
430 888
430 889
430 892
430 893
430 898
430 900
430 901
430 904
430 905
430 908
430 910
430 914
430 915
430 917
430 919
430 924
430 925
430 927
430 928
430 929
430 930
430 932
430 941
430 942
430 943
430 947
430 948
430 949
430 950
430 951
430 952
430 954
430 958
430 960
430 966
430 967
430 973
430 979
430 980
430 983
430 984
430 986
430 988
430 992
430 993
430 999
430 1000
431 501
431 503
431 508
431 512
431 513
431 516
431 518
431 519
431 521
431 524
431 525
431 526
431 527
431 529
431 532
431 533
431 534
431 535
431 536
431 537
431 539
431 540
431 541
431 542
431 544
431 546
431 547
431 550
431 552
431 554
431 557
431 559
431 560
431 562
431 565
431 566
431 573
431 577
431 578
431 580
431 582
431 584
431 586
431 590
431 593
431 594
431 596
431 597
431 599
431 600
431 605
431 608
431 613
431 618
431 619
431 620
431 621
431 622
431 624
431 626
431 627
431 629
431 630
431 632
431 634
431 635
431 636
431 640
431 641
431 642
431 643
431 651
431 652
431 653
431 654
431 655
431 657
431 660
431 661
431 662
431 664
431 666
431 667
431 670
431 671
431 674
431 679
431 680
431 681
431 683
431 684
431 686
431 687
431 688
431 689
431 690
431 691
431 692
431 693
431 695
431 696
431 697
431 700
431 701
431 702
431 705
431 709
431 711
431 712
431 713
431 715
431 716
431 719
431 720
431 721
431 725
431 726
431 727
431 729
431 730
431 731
431 733
431 737
431 739
431 743
431 744
431 747
431 748
431 750
431 753
431 754
431 755
431 758
431 761
431 763
431 768
431 771
431 772
431 773
431 775
431 776
431 778
431 779
431 781
431 783
431 784
431 785
431 786
431 788
431 792
431 794
431 795
431 796
431 797
431 798
431 801
431 803
431 804
431 806
431 809
431 810
431 813
431 814
431 816
431 817
431 818
431 821
431 822
431 825
431 826
431 829
431 831
431 833
431 835
431 839
431 841
431 843
431 847
431 852
431 853
431 855
431 856
431 857
431 858
431 860
431 861
431 865
431 866
431 868
431 870
431 873
431 874
431 876
431 877
431 878
431 879
431 880
431 882
431 883
431 884
431 885
431 886
431 888
431 889
431 891
431 892
431 894
431 895
431 898
431 899
431 900
431 903
431 904
431 905
431 909
431 911
431 913
431 915
431 916
431 918
431 920
431 924
431 926
431 927
431 928
431 931
431 932
431 933
431 934
431 937
431 944
431 949
431 950
431 953
431 954
431 957
431 959
431 960
431 961
431 962
431 964
431 965
431 968
431 970
431 971
431 972
431 973
431 975
431 978
431 981
431 984
431 986
431 987
431 993
431 994
431 995
431 1000
432 502
432 503
432 505
432 508
432 512
432 513
432 514
432 515
432 516
432 521
432 525
432 526
432 528
432 529
432 530
432 533
432 534
432 535
432 536
432 542
432 543
432 544
432 545
432 548
432 549
432 550
432 551
432 552
432 553
432 554
432 556
432 557
432 558
432 560
432 561
432 562
432 563
432 565
432 567
432 569
432 570
432 571
432 573
432 575
432 577
432 580
432 581
432 582
432 583
432 585
432 587
432 588
432 596
432 599
432 600
432 602
432 605
432 608
432 613
432 615
432 616
432 617
432 618
432 620
432 621
432 623
432 624
432 625
432 626
432 627
432 629
432 630
432 632
432 633
432 634
432 635
432 637
432 638
432 640
432 641
432 643
432 644
432 645
432 646
432 648
432 650
432 652
432 654
432 655
432 656
432 657
432 661
432 662
432 665
432 666
432 669
432 671
432 673
432 675
432 676
432 678
432 679
432 686
432 687
432 688
432 690
432 692
432 694
432 695
432 701
432 702
432 703
432 707
432 708
432 709
432 712
432 713
432 714
432 716
432 719
432 721
432 722
432 723
432 724
432 726
432 727
432 730
432 734
432 735
432 736
432 737
432 740
432 741
432 742
432 743
432 744
432 745
432 749
432 750
432 751
432 753
432 754
432 756
432 759
432 760
432 761
432 763
432 764
432 765
432 767
432 769
432 771
432 774
432 775
432 776
432 778
432 779
432 781
432 784
432 787
432 790
432 791
432 794
432 795
432 796
432 800
432 806
432 809
432 811
432 812
432 815
432 818
432 821
432 822
432 823
432 825
432 826
432 828
432 831
432 833
432 834
432 835
432 837
432 838
432 843
432 845
432 848
432 851
432 853
432 854
432 855
432 857
432 860
432 863
432 864
432 865
432 868
432 870
432 871
432 872
432 875
432 876
432 877
432 878
432 879
432 882
432 883
432 885
432 887
432 888
432 891
432 892
432 894
432 897
432 898
432 899
432 900
432 904
432 905
432 907
432 909
432 911
432 912
432 913
432 914
432 915
432 916
432 918
432 919
432 921
432 923
432 925
432 926
432 927
432 929
432 930
432 931
432 933
432 936
432 939
432 940
432 944
432 945
432 946
432 949
432 950
432 951
432 952
432 954
432 957
432 964
432 965
432 966
432 972
432 973
432 975
432 976
432 977
432 981
432 983
432 985
432 987
432 991
432 993
432 996
432 999
433 502
433 503
433 504
433 505
433 508
433 510
433 511
433 514
433 516
433 519
433 520
433 521
433 522
433 524
433 525
433 527
433 528
433 530
433 531
433 533
433 535
433 537
433 539
433 540
433 541
433 542
433 544
433 547
433 548
433 552
433 556
433 558
433 560
433 561
433 562
433 567
433 568
433 569
433 570
433 575
433 576
433 581
433 582
433 583
433 584
433 590
433 592
433 594
433 599
433 602
433 607
433 608
433 609
433 612
433 614
433 615
433 616
433 619
433 620
433 622
433 623
433 624
433 625
433 626
433 627
433 631
433 632
433 633
433 634
433 639
433 640
433 644
433 647
433 650
433 653
433 655
433 656
433 659
433 662
433 663
433 666
433 669
433 670
433 671
433 674
433 677
433 678
433 680
433 681
433 682
433 688
433 692
433 694
433 698
433 700
433 701
433 702
433 704
433 706
433 708
433 709
433 714
433 716
433 717
433 719
433 720
433 721
433 724
433 725
433 726
433 731
433 733
433 735
433 736
433 738
433 739
433 740
433 744
433 746
433 747
433 753
433 754
433 760
433 762
433 765
433 771
433 774
433 775
433 776
433 778
433 779
433 782
433 785
433 792
433 793
433 796
433 797
433 798
433 799
433 803
433 804
433 807
433 808
433 809
433 810
433 811
433 812
433 817
433 819
433 820
433 821
433 823
433 824
433 826
433 827
433 828
433 829
433 831
433 841
433 843
433 846
433 850
433 855
433 858
433 859
433 860
433 862
433 868
433 871
433 878
433 881
433 884
433 885
433 888
433 890
433 891
433 893
433 898
433 899
433 900
433 902
433 903
433 904
433 905
433 909
433 910
433 912
433 913
433 914
433 915
433 916
433 917
433 918
433 924
433 925
433 927
433 930
433 933
433 935
433 937
433 938
433 940
433 945
433 946
433 948
433 949
433 951
433 952
433 955
433 956
433 959
433 960
433 961
433 965
433 968
433 969
433 970
433 973
433 976
433 977
433 981
433 982
433 983
433 985
433 991
433 992
433 998
434 502
434 503
434 506
434 508
434 509
434 511
434 515
434 521
434 524
434 527
434 528
434 529
434 531
434 532
434 535
434 536
434 537
434 540
434 541
434 543
434 544
434 545
434 546
434 547
434 550
434 556
434 557
434 560
434 563
434 565
434 570
434 571
434 574
434 575
434 576
434 578
434 581
434 582
434 584
434 588
434 589
434 590
434 591
434 592
434 594
434 595
434 596
434 598
434 601
434 602
434 604
434 606
434 609
434 610
434 611
434 615
434 616
434 618
434 620
434 625
434 626
434 627
434 628
434 629
434 630
434 631
434 632
434 633
434 634
434 635
434 638
434 641
434 642
434 651
434 653
434 656
434 657
434 660
434 663
434 664
434 667
434 672
434 673
434 675
434 680
434 681
434 682
434 683
434 688
434 689
434 690
434 691
434 692
434 697
434 699
434 700
434 702
434 704
434 706
434 708
434 709
434 712
434 715
434 717
434 725
434 727
434 730
434 736
434 737
434 739
434 740
434 741
434 746
434 748
434 752
434 754
434 758
434 761
434 769
434 772
434 773
434 776
434 779
434 781
434 784
434 786
434 787
434 788
434 789
434 793
434 796
434 799
434 800
434 802
434 803
434 804
434 805
434 808
434 810
434 811
434 812
434 816
434 819
434 822
434 823
434 824
434 826
434 827
434 828
434 829
434 834
434 836
434 838
434 839
434 841
434 842
434 845
434 846
434 850
434 851
434 852
434 853
434 854
434 856
434 858
434 861
434 862
434 866
434 867
434 869
434 870
434 872
434 873
434 880
434 881
434 882
434 889
434 892
434 893
434 894
434 895
434 896
434 897
434 899
434 900
434 902
434 904
434 906
434 907
434 910
434 911
434 912
434 913
434 914
434 915
434 916
434 917
434 918
434 919
434 921
434 923
434 924
434 926
434 930
434 943
434 945
434 948
434 949
434 953
434 955
434 956
434 957
434 958
434 959
434 960
434 961
434 962
434 965
434 966
434 968
434 969
434 970
434 971
434 972
434 975
434 978
434 982
434 985
434 991
434 993
434 997
435 501
435 504
435 505
435 506
435 507
435 509
435 510
435 511
435 513
435 514
435 515
435 516
435 517
435 518
435 520
435 521
435 522
435 525
435 526
435 528
435 529
435 531
435 533
435 534
435 535
435 537
435 538
435 541
435 543
435 544
435 545
435 546
435 547
435 549
435 551
435 553
435 554
435 555
435 556
435 561
435 563
435 566
435 567
435 568
435 575
435 576
435 578
435 579
435 580
435 581
435 582
435 583
435 584
435 586
435 587
435 592
435 594
435 596
435 599
435 602
435 604
435 605
435 606
435 609
435 610
435 611
435 613
435 615
435 617
435 618
435 621
435 623
435 627
435 630
435 633
435 634
435 635
435 641
435 643
435 644
435 645
435 648
435 650
435 653
435 654
435 655
435 656
435 658
435 660
435 662
435 664
435 666
435 668
435 669
435 670
435 673
435 676
435 678
435 681
435 684
435 685
435 686
435 687
435 689
435 691
435 692
435 693
435 697
435 700
435 701
435 704
435 707
435 708
435 710
435 711
435 718
435 719
435 720
435 722
435 731
435 737
435 741
435 744
435 747
435 748
435 749
435 751
435 752
435 754
435 757
435 758
435 760
435 762
435 765
435 766
435 769
435 770
435 772
435 774
435 775
435 776
435 779
435 780
435 783
435 784
435 786
435 789
435 791
435 792
435 793
435 795
435 796
435 797
435 798
435 801
435 802
435 804
435 805
435 810
435 811
435 812
435 814
435 816
435 817
435 818
435 820
435 821
435 822
435 825
435 826
435 827
435 829
435 830
435 832
435 833
435 834
435 837
435 840
435 843
435 845
435 846
435 848
435 850
435 851
435 853
435 854
435 855
435 856
435 858
435 860
435 862
435 863
435 864
435 866
435 869
435 870
435 871
435 873
435 875
435 876
435 877
435 882
435 883
435 884
435 886
435 890
435 892
435 893
435 894
435 898
435 899
435 900
435 901
435 902
435 903
435 904
435 905
435 906
435 907
435 911
435 913
435 917
435 920
435 923
435 929
435 931
435 933
435 935
435 936
435 937
435 938
435 940
435 942
435 944
435 945
435 947
435 949
435 952
435 953
435 955
435 957
435 960
435 961
435 964
435 965
435 966
435 967
435 969
435 972
435 973
435 977
435 979
435 980
435 983
435 986
435 987
435 989
435 991
435 992
435 998
436 502
436 505
436 506
436 508
436 510
436 511
436 512
436 514
436 515
436 517
436 519
436 523
436 524
436 526
436 527
436 529
436 532
436 533
436 534
436 535
436 536
436 540
436 541
436 542
436 544
436 546
436 548
436 550
436 551
436 552
436 554
436 555
436 556
436 557
436 558
436 559
436 560
436 563
436 564
436 566
436 569
436 570
436 572
436 573
436 576
436 577
436 579
436 585
436 586
436 588
436 592
436 594
436 595
436 597
436 598
436 600
436 601
436 604
436 605
436 606
436 607
436 608
436 610
436 613
436 616
436 621
436 623
436 629
436 630
436 631
436 632
436 634
436 635
436 636
436 639
436 640
436 646
436 647
436 648
436 649
436 650
436 652
436 653
436 654
436 655
436 656
436 657
436 659
436 661
436 662
436 664
436 665
436 667
436 669
436 670
436 674
436 675
436 676
436 677
436 681
436 682
436 684
436 687
436 688
436 692
436 693
436 694
436 696
436 698
436 699
436 705
436 707
436 708
436 710
436 712
436 713
436 716
436 726
436 727
436 731
436 732
436 738
436 741
436 744
436 745
436 747
436 750
436 761
436 762
436 763
436 764
436 767
436 769
436 771
436 773
436 775
436 777
436 778
436 779
436 780
436 783
436 784
436 791
436 793
436 798
436 799
436 800
436 801
436 803
436 805
436 806
436 808
436 811
436 812
436 813
436 817
436 818
436 821
436 822
436 823
436 825
436 827
436 828
436 832
436 836
436 840
436 843
436 845
436 846
436 847
436 849
436 851
436 852
436 855
436 856
436 857
436 861
436 863
436 866
436 868
436 870
436 872
436 873
436 875
436 881
436 882
436 884
436 887
436 888
436 889
436 894
436 896
436 897
436 898
436 899
436 902
436 903
436 904
436 905
436 906
436 910
436 911
436 913
436 914
436 915
436 917
436 918
436 920
436 921
436 923
436 924
436 925
436 931
436 933
436 934
436 944
436 948
436 949
436 950
436 951
436 952
436 955
436 956
436 958
436 959
436 961
436 962
436 963
436 964
436 965
436 966
436 968
436 969
436 970
436 973
436 975
436 977
436 978
436 979
436 980
436 981
436 988
436 990
436 991
436 992
436 995
436 996
436 998
437 502
437 504
437 506
437 509
437 511
437 513
437 515
437 519
437 521
437 523
437 524
437 525
437 526
437 528
437 530
437 533
437 534
437 536
437 537
437 539
437 543
437 544
437 545
437 546
437 548
437 549
437 551
437 552
437 553
437 554
437 555
437 557
437 559
437 561
437 574
437 576
437 579
437 581
437 582
437 584
437 585
437 587
437 590
437 592
437 594
437 595
437 597
437 600
437 601
437 602
437 604
437 606
437 607
437 608
437 611
437 612
437 614
437 616
437 620
437 621
437 622
437 624
437 629
437 633
437 634
437 635
437 638
437 639
437 640
437 641
437 643
437 645
437 646
437 649
437 650
437 652
437 655
437 656
437 658
437 660
437 661
437 662
437 663
437 667
437 668
437 669
437 670
437 677
437 680
437 681
437 682
437 683
437 686
437 687
437 691
437 692
437 694
437 696
437 697
437 698
437 699
437 701
437 702
437 703
437 704
437 706
437 708
437 709
437 714
437 715
437 716
437 717
437 719
437 720
437 722
437 723
437 724
437 726
437 727
437 728
437 729
437 730
437 731
437 733
437 734
437 735
437 736
437 738
437 741
437 747
437 749
437 751
437 754
437 755
437 756
437 758
437 759
437 760
437 765
437 767
437 768
437 769
437 772
437 773
437 774
437 775
437 776
437 780
437 782
437 785
437 786
437 787
437 789
437 790
437 791
437 793
437 794
437 796
437 797
437 799
437 800
437 802
437 807
437 809
437 810
437 812
437 814
437 815
437 816
437 819
437 820
437 821
437 824
437 825
437 826
437 827
437 831
437 832
437 834
437 835
437 838
437 841
437 843
437 847
437 849
437 850
437 851
437 853
437 856
437 857
437 862
437 864
437 866
437 868
437 869
437 870
437 873
437 874
437 875
437 882
437 884
437 885
437 887
437 888
437 891
437 893
437 894
437 896
437 898
437 899
437 901
437 902
437 903
437 904
437 905
437 906
437 907
437 908
437 909
437 910
437 913
437 914
437 915
437 917
437 920
437 921
437 923
437 925
437 926
437 927
437 931
437 933
437 934
437 935
437 937
437 938
437 940
437 941
437 943
437 945
437 947
437 949
437 950
437 951
437 953
437 956
437 962
437 963
437 965
437 966
437 968
437 969
437 971
437 973
437 974
437 976
437 977
437 980
437 984
437 986
437 987
437 988
437 989
437 992
437 993
437 994
437 995
437 996
437 998
437 1000
438 501
438 502
438 503
438 504
438 506
438 507
438 508
438 510
438 511
438 512
438 513
438 516
438 519
438 520
438 526
438 528
438 529
438 530
438 531
438 532
438 533
438 534
438 535
438 536
438 538
438 540
438 542
438 544
438 545
438 551
438 558
438 559
438 561
438 562
438 564
438 566
438 568
438 569
438 571
438 573
438 574
438 575
438 576
438 579
438 580
438 581
438 584
438 585
438 589
438 590
438 596
438 598
438 600
438 603
438 604
438 605
438 606
438 608
438 611
438 612
438 616
438 620
438 621
438 627
438 629
438 631
438 633
438 634
438 635
438 636
438 637
438 638
438 639
438 643
438 644
438 646
438 647
438 648
438 649
438 651
438 653
438 659
438 660
438 662
438 665
438 666
438 668
438 671
438 674
438 676
438 678
438 679
438 680
438 681
438 682
438 683
438 684
438 685
438 686
438 687
438 688
438 689
438 695
438 697
438 698
438 701
438 702
438 704
438 705
438 706
438 707
438 709
438 710
438 711
438 712
438 715
438 721
438 722
438 723
438 724
438 726
438 727
438 728
438 730
438 732
438 739
438 748
438 750
438 751
438 752
438 756
438 757
438 758
438 762
438 763
438 765
438 767
438 770
438 772
438 773
438 774
438 775
438 776
438 778
438 780
438 783
438 784
438 790
438 791
438 792
438 793
438 796
438 799
438 801
438 804
438 806
438 809
438 810
438 811
438 812
438 815
438 817
438 819
438 823
438 824
438 828
438 830
438 831
438 835
438 836
438 837
438 839
438 841
438 845
438 846
438 847
438 850
438 852
438 854
438 855
438 856
438 859
438 862
438 864
438 865
438 868
438 872
438 875
438 876
438 877
438 878
438 879
438 884
438 886
438 887
438 888
438 893
438 895
438 898
438 899
438 900
438 901
438 902
438 905
438 906
438 908
438 910
438 913
438 914
438 916
438 918
438 922
438 923
438 927
438 928
438 930
438 931
438 932
438 934
438 935
438 936
438 937
438 938
438 939
438 941
438 942
438 945
438 949
438 950
438 952
438 954
438 955
438 958
438 959
438 961
438 963
438 964
438 965
438 968
438 969
438 974
438 975
438 979
438 980
438 981
438 982
438 983
438 984
438 985
438 986
438 987
438 990
438 992
438 993
438 995
438 997
438 998
438 999
438 1000
439 501
439 505
439 506
439 507
439 513
439 514
439 517
439 518
439 522
439 525
439 526
439 527
439 530
439 532
439 533
439 534
439 536
439 538
439 539
439 548
439 550
439 551
439 552
439 553
439 554
439 555
439 556
439 557
439 559
439 560
439 563
439 564
439 565
439 566
439 567
439 568
439 569
439 570
439 572
439 573
439 574
439 575
439 576
439 577
439 578
439 579
439 581
439 582
439 583
439 584
439 586
439 588
439 589
439 590
439 593
439 594
439 595
439 598
439 599
439 603
439 606
439 608
439 610
439 613
439 616
439 617
439 618
439 619
439 620
439 621
439 622
439 623
439 625
439 626
439 628
439 629
439 631
439 632
439 633
439 634
439 635
439 641
439 642
439 646
439 648
439 650
439 651
439 653
439 654
439 655
439 660
439 663
439 664
439 666
439 667
439 670
439 671
439 673
439 674
439 675
439 676
439 677
439 678
439 679
439 680
439 681
439 682
439 686
439 688
439 691
439 692
439 693
439 694
439 695
439 697
439 698
439 699
439 702
439 703
439 704
439 707
439 709
439 711
439 712
439 715
439 717
439 718
439 719
439 720
439 721
439 722
439 724
439 725
439 732
439 734
439 735
439 737
439 743
439 749
439 750
439 751
439 752
439 755
439 758
439 761
439 769
439 771
439 772
439 775
439 776
439 778
439 779
439 780
439 782
439 785
439 786
439 790
439 791
439 796
439 799
439 800
439 801
439 802
439 803
439 804
439 805
439 807
439 809
439 810
439 811
439 812
439 813
439 814
439 818
439 820
439 823
439 824
439 826
439 829
439 834
439 836
439 839
439 840
439 846
439 847
439 848
439 850
439 851
439 852
439 853
439 858
439 860
439 862
439 865
439 867
439 869
439 870
439 876
439 880
439 881
439 882
439 884
439 885
439 886
439 887
439 888
439 889
439 890
439 891
439 892
439 895
439 898
439 900
439 901
439 902
439 904
439 905
439 907
439 910
439 911
439 915
439 916
439 917
439 918
439 920
439 921
439 925
439 926
439 930
439 931
439 933
439 934
439 936
439 939
439 942
439 944
439 945
439 946
439 948
439 949
439 952
439 954
439 955
439 957
439 959
439 961
439 962
439 963
439 964
439 965
439 966
439 969
439 973
439 975
439 977
439 978
439 979
439 982
439 984
439 986
439 987
439 989
439 992
439 993
439 994
439 995
439 996
439 999
439 1000
440 501
440 503
440 506
440 507
440 508
440 509
440 510
440 512
440 515
440 516
440 517
440 518
440 519
440 520
440 521
440 528
440 531
440 532
440 535
440 537
440 538
440 540
440 541
440 543
440 544
440 545
440 546
440 547
440 548
440 550
440 551
440 552
440 553
440 557
440 558
440 559
440 560
440 562
440 563
440 564
440 565
440 568
440 571
440 573
440 575
440 576
440 577
440 579
440 580
440 582
440 583
440 587
440 590
440 591
440 596
440 597
440 600
440 601
440 602
440 605
440 609
440 610
440 615
440 617
440 618
440 622
440 623
440 627
440 628
440 629
440 631
440 633
440 634
440 635
440 636
440 637
440 639
440 641
440 642
440 643
440 644
440 645
440 646
440 647
440 649
440 650
440 651
440 652
440 654
440 658
440 660
440 664
440 665
440 671
440 673
440 675
440 676
440 677
440 678
440 679
440 681
440 682
440 684
440 685
440 686
440 687
440 688
440 691
440 695
440 697
440 700
440 702
440 703
440 704
440 706
440 707
440 708
440 712
440 713
440 715
440 717
440 718
440 719
440 720
440 721
440 723
440 724
440 726
440 729
440 731
440 732
440 733
440 734
440 736
440 738
440 743
440 744
440 745
440 747
440 748
440 749
440 753
440 754
440 755
440 756
440 757
440 758
440 759
440 764
440 769
440 771
440 773
440 775
440 778
440 781
440 782
440 783
440 786
440 788
440 789
440 790
440 791
440 794
440 804
440 805
440 807
440 808
440 809
440 810
440 811
440 812
440 813
440 814
440 815
440 816
440 817
440 818
440 820
440 823
440 829
440 830
440 834
440 839
440 843
440 845
440 847
440 850
440 851
440 852
440 857
440 858
440 863
440 867
440 868
440 869
440 871
440 876
440 877
440 879
440 883
440 884
440 886
440 892
440 894
440 895
440 897
440 898
440 899
440 900
440 902
440 904
440 906
440 907
440 908
440 910
440 911
440 912
440 914
440 921
440 923
440 924
440 926
440 927
440 928
440 929
440 930
440 931
440 932
440 933
440 935
440 936
440 938
440 939
440 941
440 942
440 944
440 945
440 947
440 948
440 949
440 950
440 954
440 955
440 956
440 957
440 959
440 962
440 963
440 964
440 965
440 968
440 969
440 972
440 974
440 975
440 978
440 979
440 981
440 983
440 986
440 987
440 989
440 992
440 995
440 996
440 997
440 998
440 999
441 502
441 503
441 506
441 507
441 509
441 511
441 512
441 515
441 516
441 519
441 520
441 522
441 526
441 527
441 529
441 530
441 532
441 533
441 537
441 539
441 540
441 543
441 544
441 545
441 546
441 548
441 549
441 551
441 552
441 553
441 557
441 560
441 561
441 563
441 565
441 566
441 567
441 569
441 573
441 575
441 576
441 577
441 580
441 581
441 582
441 583
441 584
441 587
441 594
441 596
441 597
441 599
441 601
441 603
441 604
441 605
441 607
441 608
441 609
441 610
441 611
441 613
441 617
441 618
441 619
441 625
441 627
441 628
441 630
441 631
441 635
441 638
441 640
441 643
441 644
441 647
441 649
441 651
441 658
441 660
441 666
441 667
441 669
441 670
441 671
441 672
441 673
441 674
441 675
441 678
441 685
441 687
441 689
441 690
441 691
441 696
441 699
441 701
441 702
441 703
441 704
441 705
441 706
441 711
441 714
441 716
441 723
441 725
441 729
441 732
441 734
441 736
441 740
441 742
441 744
441 745
441 746
441 748
441 749
441 750
441 751
441 752
441 756
441 757
441 761
441 764
441 765
441 774
441 780
441 781
441 782
441 783
441 784
441 787
441 788
441 789
441 792
441 795
441 796
441 798
441 799
441 800
441 801
441 803
441 808
441 809
441 810
441 813
441 814
441 817
441 820
441 825
441 826
441 828
441 830
441 832
441 838
441 840
441 843
441 844
441 845
441 846
441 850
441 852
441 859
441 860
441 861
441 863
441 866
441 867
441 868
441 870
441 873
441 874
441 875
441 876
441 878
441 879
441 881
441 885
441 886
441 892
441 893
441 894
441 896
441 897
441 899
441 900
441 901
441 906
441 907
441 908
441 909
441 910
441 911
441 914
441 915
441 917
441 923
441 924
441 925
441 928
441 929
441 930
441 931
441 932
441 934
441 935
441 936
441 938
441 942
441 944
441 945
441 947
441 948
441 949
441 950
441 952
441 955
441 956
441 960
441 961
441 964
441 966
441 967
441 971
441 972
441 973
441 974
441 975
441 976
441 981
441 984
441 985
441 986
441 987
441 990
441 991
441 992
441 993
441 995
441 997
441 999
441 1000
442 501
442 502
442 504
442 505
442 511
442 512
442 513
442 514
442 515
442 517
442 521
442 523
442 527
442 528
442 530
442 532
442 537
442 538
442 541
442 542
442 544
442 545
442 546
442 547
442 548
442 549
442 552
442 553
442 554
442 557
442 558
442 559
442 563
442 565
442 567
442 571
442 579
442 582
442 583
442 584
442 586
442 588
442 592
442 596
442 597
442 599
442 607
442 609
442 612
442 614
442 615
442 619
442 620
442 622
442 626
442 627
442 628
442 630
442 631
442 632
442 635
442 636
442 639
442 640
442 641
442 643
442 644
442 645
442 648
442 654
442 656
442 657
442 658
442 659
442 661
442 662
442 664
442 665
442 667
442 668
442 671
442 672
442 674
442 675
442 676
442 680
442 681
442 682
442 685
442 687
442 688
442 689
442 690
442 691
442 693
442 694
442 696
442 697
442 699
442 701
442 710
442 711
442 712
442 713
442 715
442 716
442 720
442 723
442 725
442 726
442 731
442 738
442 739
442 740
442 742
442 743
442 744
442 746
442 747
442 748
442 749
442 750
442 751
442 752
442 755
442 757
442 758
442 759
442 762
442 763
442 766
442 769
442 771
442 776
442 778
442 781
442 784
442 788
442 790
442 791
442 793
442 796
442 798
442 800
442 801
442 803
442 807
442 809
442 810
442 812
442 813
442 814
442 815
442 816
442 820
442 824
442 826
442 827
442 828
442 829
442 831
442 832
442 836
442 838
442 840
442 844
442 845
442 847
442 850
442 851
442 853
442 855
442 856
442 858
442 859
442 860
442 864
442 865
442 869
442 872
442 875
442 878
442 883
442 884
442 886
442 887
442 888
442 889
442 892
442 894
442 895
442 896
442 897
442 899
442 900
442 901
442 902
442 903
442 905
442 908
442 910
442 911
442 914
442 915
442 919
442 920
442 924
442 925
442 926
442 927
442 928
442 929
442 930
442 934
442 937
442 938
442 939
442 940
442 942
442 945
442 946
442 949
442 950
442 953
442 955
442 956
442 959
442 962
442 964
442 965
442 970
442 971
442 972
442 973
442 974
442 975
442 978
442 980
442 982
442 985
442 986
442 987
442 988
442 989
442 991
442 992
442 993
442 994
442 995
442 996
442 999
442 1000
443 502
443 503
443 504
443 506
443 508
443 511
443 513
443 514
443 516
443 518
443 519
443 520
443 524
443 527
443 529
443 531
443 532
443 533
443 534
443 535
443 536
443 537
443 539
443 542
443 544
443 545
443 550
443 554
443 555
443 557
443 559
443 562
443 563
443 567
443 568
443 569
443 570
443 571
443 572
443 573
443 574
443 577
443 580
443 582
443 587
443 589
443 590
443 591
443 595
443 596
443 598
443 600
443 601
443 602
443 603
443 604
443 608
443 616
443 617
443 621
443 622
443 624
443 625
443 627
443 628
443 632
443 633
443 635
443 638
443 641
443 642
443 645
443 648
443 649
443 650
443 653
443 655
443 656
443 659
443 662
443 667
443 668
443 669
443 671
443 672
443 674
443 675
443 678
443 679
443 683
443 684
443 687
443 688
443 689
443 690
443 693
443 698
443 699
443 702
443 703
443 705
443 706
443 707
443 708
443 710
443 714
443 715
443 716
443 718
443 719
443 721
443 722
443 723
443 726
443 727
443 730
443 731
443 733
443 734
443 737
443 739
443 741
443 742
443 744
443 745
443 747
443 748
443 750
443 751
443 753
443 755
443 758
443 760
443 764
443 766
443 768
443 769
443 770
443 771
443 772
443 776
443 777
443 779
443 781
443 785
443 791
443 793
443 795
443 800
443 801
443 807
443 808
443 809
443 811
443 814
443 815
443 816
443 817
443 818
443 819
443 821
443 823
443 824
443 828
443 829
443 830
443 832
443 835
443 836
443 838
443 840
443 844
443 847
443 848
443 849
443 856
443 858
443 859
443 861
443 862
443 864
443 865
443 866
443 867
443 871
443 872
443 874
443 876
443 877
443 878
443 879
443 881
443 884
443 886
443 890
443 891
443 893
443 894
443 898
443 899
443 900
443 901
443 902
443 903
443 906
443 907
443 908
443 910
443 911
443 917
443 918
443 919
443 921
443 922
443 923
443 924
443 925
443 926
443 930
443 931
443 937
443 941
443 942
443 946
443 947
443 948
443 952
443 953
443 956
443 957
443 959
443 960
443 961
443 962
443 963
443 964
443 965
443 966
443 969
443 972
443 975
443 978
443 979
443 982
443 984
443 985
443 986
443 989
443 991
443 992
443 993
443 995
443 997
443 999
443 1000
444 501
444 502
444 503
444 509
444 510
444 511
444 512
444 513
444 514
444 518
444 520
444 521
444 523
444 524
444 526
444 527
444 529
444 532
444 533
444 535
444 538
444 540
444 543
444 544
444 545
444 547
444 549
444 550
444 552
444 553
444 555
444 557
444 558
444 559
444 562
444 563
444 566
444 567
444 568
444 569
444 574
444 575
444 576
444 578
444 581
444 583
444 584
444 586
444 587
444 588
444 589
444 590
444 591
444 594
444 596
444 599
444 600
444 601
444 603
444 606
444 607
444 608
444 611
444 612
444 618
444 621
444 623
444 624
444 625
444 627
444 630
444 633
444 634
444 638
444 639
444 642
444 644
444 645
444 646
444 647
444 648
444 651
444 653
444 656
444 660
444 661
444 663
444 665
444 667
444 669
444 676
444 679
444 682
444 684
444 686
444 689
444 690
444 691
444 692
444 694
444 696
444 699
444 700
444 703
444 704
444 705
444 709
444 710
444 712
444 714
444 716
444 719
444 722
444 723
444 726
444 728
444 729
444 732
444 733
444 734
444 738
444 739
444 740
444 741
444 743
444 744
444 745
444 750
444 755
444 756
444 758
444 761
444 762
444 766
444 768
444 769
444 770
444 776
444 777
444 778
444 779
444 784
444 785
444 788
444 791
444 795
444 796
444 798
444 799
444 800
444 803
444 805
444 808
444 811
444 812
444 816
444 817
444 819
444 822
444 823
444 824
444 825
444 827
444 828
444 830
444 833
444 835
444 836
444 837
444 839
444 840
444 841
444 843
444 846
444 848
444 849
444 850
444 853
444 855
444 856
444 857
444 859
444 860
444 861
444 867
444 875
444 879
444 881
444 882
444 883
444 884
444 887
444 888
444 890
444 891
444 893
444 894
444 897
444 898
444 899
444 902
444 907
444 909
444 915
444 918
444 919
444 920
444 921
444 925
444 926
444 928
444 929
444 930
444 931
444 933
444 935
444 936
444 937
444 938
444 940
444 943
444 947
444 948
444 949
444 950
444 953
444 956
444 959
444 960
444 968
444 969
444 970
444 972
444 974
444 978
444 979
444 981
444 983
444 984
444 986
444 987
444 989
444 990
444 991
444 993
444 995
444 996
444 997
444 998
444 999
445 503
445 505
445 507
445 508
445 509
445 510
445 514
445 515
445 516
445 520
445 522
445 525
445 526
445 528
445 529
445 530
445 531
445 532
445 536
445 538
445 541
445 543
445 545
445 546
445 547
445 548
445 549
445 554
445 555
445 556
445 559
445 560
445 561
445 564
445 566
445 567
445 568
445 569
445 571
445 572
445 573
445 574
445 575
445 577
445 578
445 581
445 583
445 584
445 591
445 593
445 600
445 609
445 612
445 613
445 614
445 620
445 621
445 622
445 623
445 625
445 627
445 629
445 632
445 634
445 636
445 640
445 642
445 644
445 646
445 647
445 648
445 651
445 652
445 653
445 655
445 656
445 657
445 658
445 662
445 663
445 667
445 670
445 673
445 675
445 676
445 677
445 678
445 679
445 683
445 693
445 694
445 695
445 698
445 699
445 703
445 704
445 706
445 708
445 709
445 710
445 711
445 713
445 716
445 719
445 720
445 725
445 727
445 730
445 735
445 737
445 738
445 739
445 741
445 742
445 743
445 744
445 745
445 746
445 747
445 748
445 749
445 750
445 753
445 754
445 755
445 756
445 757
445 758
445 761
445 763
445 765
445 768
445 769
445 771
445 772
445 773
445 774
445 775
445 776
445 777
445 779
445 780
445 781
445 782
445 783
445 784
445 787
445 790
445 791
445 792
445 793
445 796
445 797
445 802
445 806
445 807
445 808
445 809
445 812
445 813
445 816
445 818
445 820
445 821
445 827
445 828
445 829
445 830
445 831
445 832
445 833
445 834
445 841
445 844
445 845
445 846
445 848
445 849
445 853
445 855
445 856
445 859
445 861
445 863
445 864
445 867
445 868
445 869
445 871
445 873
445 876
445 877
445 878
445 882
445 884
445 885
445 886
445 889
445 891
445 893
445 894
445 896
445 898
445 901
445 902
445 903
445 904
445 905
445 906
445 907
445 910
445 911
445 914
445 917
445 918
445 920
445 923
445 924
445 925
445 927
445 929
445 930
445 932
445 933
445 935
445 936
445 937
445 941
445 942
445 945
445 946
445 947
445 948
445 949
445 950
445 951
445 952
445 955
445 957
445 958
445 962
445 966
445 969
445 970
445 972
445 974
445 975
445 978
445 980
445 984
445 987
445 988
445 989
445 992
445 993
445 994
445 995
445 996
445 998
446 501
446 502
446 503
446 504
446 505
446 508
446 510
446 512
446 514
446 515
446 516
446 517
446 519
446 520
446 523
446 525
446 526
446 529
446 532
446 533
446 534
446 535
446 539
446 540
446 542
446 544
446 545
446 549
446 550
446 551
446 555
446 557
446 560
446 562
446 564
446 565
446 567
446 569
446 574
446 575
446 576
446 578
446 579
446 582
446 583
446 584
446 586
446 591
446 592
446 593
446 594
446 596
446 597
446 598
446 599
446 601
446 603
446 607
446 608
446 609
446 610
446 611
446 612
446 615
446 616
446 619
446 620
446 621
446 622
446 627
446 628
446 631
446 632
446 634
446 636
446 642
446 644
446 645
446 647
446 650
446 651
446 652
446 653
446 654
446 655
446 656
446 657
446 660
446 662
446 663
446 666
446 667
446 669
446 670
446 672
446 673
446 677
446 678
446 679
446 680
446 683
446 684
446 685
446 689
446 690
446 693
446 697
446 700
446 702
446 703
446 704
446 707
446 708
446 709
446 710
446 711
446 712
446 714
446 715
446 717
446 718
446 719
446 720
446 721
446 722
446 723
446 724
446 726
446 728
446 730
446 733
446 734
446 736
446 737
446 743
446 744
446 745
446 748
446 750
446 751
446 753
446 754
446 755
446 756
446 757
446 758
446 765
446 766
446 771
446 773
446 774
446 776
446 777
446 778
446 780
446 782
446 783
446 784
446 786
446 787
446 788
446 791
446 798
446 799
446 803
446 809
446 810
446 811
446 813
446 814
446 815
446 817
446 822
446 823
446 824
446 825
446 826
446 829
446 830
446 831
446 833
446 834
446 835
446 837
446 843
446 844
446 845
446 847
446 849
446 850
446 851
446 854
446 856
446 858
446 860
446 863
446 864
446 867
446 868
446 869
446 870
446 872
446 874
446 875
446 876
446 880
446 883
446 884
446 885
446 886
446 887
446 888
446 890
446 893
446 896
446 898
446 900
446 903
446 904
446 905
446 908
446 909
446 910
446 912
446 914
446 919
446 923
446 925
446 926
446 928
446 930
446 931
446 932
446 933
446 934
446 935
446 936
446 937
446 938
446 941
446 943
446 945
446 946
446 948
446 951
446 955
446 959
446 960
446 961
446 962
446 963
446 970
446 971
446 972
446 973
446 974
446 975
446 976
446 977
446 978
446 979
446 981
446 984
446 985
446 987
446 988
446 990
446 997
446 999
447 502
447 503
447 504
447 507
447 508
447 509
447 512
447 514
447 515
447 517
447 522
447 527
447 529
447 530
447 532
447 533
447 534
447 535
447 536
447 537
447 540
447 541
447 545
447 546
447 549
447 551
447 552
447 553
447 556
447 559
447 563
447 564
447 567
447 569
447 570
447 571
447 573
447 574
447 575
447 576
447 580
447 588
447 590
447 595
447 596
447 600
447 602
447 604
447 606
447 608
447 611
447 613
447 614
447 615
447 617
447 618
447 620
447 622
447 625
447 626
447 627
447 629
447 630
447 631
447 636
447 637
447 639
447 640
447 641
447 642
447 643
447 644
447 645
447 646
447 649
447 651
447 658
447 662
447 663
447 665
447 666
447 667
447 668
447 669
447 670
447 673
447 674
447 679
447 682
447 684
447 689
447 691
447 693
447 694
447 695
447 697
447 701
447 702
447 703
447 704
447 705
447 707
447 709
447 711
447 712
447 713
447 714
447 716
447 719
447 720
447 723
447 725
447 726
447 728
447 729
447 730
447 731
447 733
447 734
447 735
447 740
447 741
447 742
447 743
447 745
447 746
447 748
447 749
447 750
447 753
447 758
447 759
447 760
447 761
447 763
447 764
447 768
447 769
447 771
447 775
447 777
447 779
447 782
447 783
447 784
447 785
447 788
447 789
447 790
447 791
447 795
447 797
447 799
447 800
447 803
447 807
447 810
447 811
447 814
447 819
447 820
447 822
447 824
447 825
447 826
447 827
447 828
447 835
447 836
447 837
447 838
447 841
447 842
447 843
447 845
447 846
447 847
447 848
447 851
447 852
447 853
447 856
447 859
447 860
447 862
447 863
447 864
447 866
447 867
447 868
447 869
447 870
447 871
447 872
447 874
447 875
447 876
447 880
447 885
447 886
447 889
447 890
447 891
447 897
447 902
447 903
447 906
447 907
447 908
447 910
447 914
447 915
447 916
447 917
447 918
447 922
447 923
447 924
447 925
447 928
447 930
447 933
447 934
447 936
447 937
447 938
447 939
447 940
447 941
447 942
447 949
447 952
447 953
447 954
447 955
447 956
447 960
447 961
447 963
447 964
447 967
447 971
447 972
447 973
447 975
447 977
447 981
447 982
447 984
447 985
447 986
447 987
447 989
447 991
447 994
447 995
447 996
447 997
447 999
447 1000
448 505
448 506
448 508
448 510
448 511
448 512
448 513
448 514
448 515
448 517
448 518
448 521
448 525
448 526
448 527
448 530
448 532
448 533
448 537
448 538
448 539
448 540
448 541
448 542
448 543
448 545
448 549
448 550
448 554
448 556
448 558
448 559
448 560
448 561
448 562
448 563
448 564
448 566
448 568
448 569
448 571
448 572
448 575
448 577
448 578
448 580
448 583
448 584
448 586
448 588
448 593
448 594
448 595
448 597
448 599
448 603
448 604
448 606
448 607
448 608
448 610
448 612
448 613
448 614
448 615
448 618
448 620
448 623
448 625
448 628
448 630
448 631
448 636
448 637
448 638
448 641
448 645
448 646
448 647
448 648
448 649
448 651
448 652
448 653
448 654
448 658
448 659
448 662
448 666
448 667
448 668
448 669
448 673
448 675
448 677
448 678
448 679
448 681
448 683
448 685
448 688
448 689
448 692
448 693
448 695
448 699
448 700
448 701
448 703
448 705
448 706
448 707
448 708
448 709
448 710
448 711
448 712
448 714
448 715
448 718
448 719
448 726
448 727
448 729
448 730
448 732
448 733
448 736
448 737
448 738
448 743
448 747
448 748
448 752
448 753
448 755
448 758
448 760
448 762
448 764
448 766
448 768
448 769
448 771
448 772
448 775
448 778
448 779
448 780
448 782
448 783
448 784
448 785
448 786
448 788
448 789
448 791
448 794
448 795
448 798
448 799
448 801
448 803
448 805
448 806
448 807
448 814
448 817
448 818
448 824
448 825
448 826
448 830
448 831
448 832
448 833
448 834
448 837
448 838
448 842
448 844
448 846
448 847
448 848
448 849
448 851
448 853
448 857
448 858
448 859
448 860
448 863
448 866
448 867
448 868
448 871
448 872
448 874
448 877
448 882
448 883
448 885
448 886
448 888
448 890
448 891
448 892
448 895
448 896
448 897
448 900
448 901
448 903
448 904
448 905
448 906
448 909
448 910
448 913
448 915
448 916
448 918
448 919
448 921
448 923
448 927
448 931
448 932
448 933
448 936
448 937
448 938
448 939
448 942
448 943
448 944
448 946
448 948
448 953
448 954
448 956
448 957
448 958
448 963
448 965
448 966
448 967
448 968
448 971
448 973
448 974
448 975
448 979
448 980
448 984
448 987
448 988
448 989
448 991
448 993
448 994
448 995
448 996
448 999
448 1000
449 503
449 504
449 505
449 508
449 509
449 510
449 514
449 519
449 522
449 524
449 526
449 529
449 532
449 533
449 534
449 537
449 541
449 544
449 545
449 547
449 549
449 550
449 553
449 556
449 561
449 562
449 564
449 566
449 571
449 575
449 576
449 578
449 579
449 582
449 585
449 589
449 590
449 592
449 596
449 599
449 601
449 602
449 606
449 607
449 608
449 609
449 610
449 611
449 614
449 615
449 616
449 617
449 619
449 630
449 632
449 633
449 634
449 635
449 636
449 637
449 638
449 640
449 646
449 648
449 652
449 653
449 654
449 655
449 658
449 660
449 661
449 662
449 663
449 664
449 665
449 669
449 670
449 671
449 672
449 675
449 676
449 677
449 678
449 683
449 684
449 686
449 687
449 689
449 691
449 692
449 695
449 696
449 699
449 702
449 703
449 704
449 708
449 709
449 710
449 714
449 717
449 718
449 719
449 721
449 722
449 725
449 727
449 733
449 735
449 736
449 737
449 739
449 740
449 741
449 743
449 745
449 746
449 748
449 752
449 753
449 758
449 760
449 761
449 762
449 766
449 768
449 773
449 774
449 777
449 778
449 779
449 781
449 782
449 785
449 786
449 787
449 788
449 789
449 791
449 792
449 793
449 795
449 796
449 797
449 799
449 801
449 803
449 809
449 810
449 813
449 816
449 820
449 821
449 824
449 825
449 827
449 831
449 832
449 833
449 835
449 837
449 838
449 843
449 846
449 847
449 849
449 850
449 853
449 855
449 858
449 859
449 860
449 862
449 865
449 866
449 867
449 869
449 870
449 871
449 872
449 873
449 877
449 878
449 880
449 881
449 883
449 884
449 885
449 888
449 889
449 892
449 895
449 899
449 900
449 901
449 903
449 905
449 906
449 907
449 909
449 910
449 911
449 912
449 914
449 917
449 918
449 920
449 925
449 926
449 927
449 928
449 929
449 931
449 932
449 933
449 935
449 937
449 938
449 941
449 945
449 947
449 949
449 950
449 951
449 953
449 954
449 955
449 956
449 957
449 958
449 959
449 962
449 963
449 968
449 971
449 974
449 975
449 977
449 980
449 982
449 983
449 984
449 986
449 988
449 990
449 994
449 997
449 999
449 1000
450 501
450 502
450 504
450 507
450 508
450 510
450 512
450 513
450 514
450 515
450 517
450 520
450 523
450 525
450 526
450 528
450 529
450 531
450 533
450 535
450 536
450 537
450 540
450 541
450 542
450 543
450 544
450 545
450 546
450 547
450 550
450 551
450 552
450 553
450 556
450 557
450 558
450 560
450 561
450 563
450 565
450 569
450 570
450 574
450 576
450 577
450 578
450 587
450 588
450 590
450 591
450 593
450 594
450 598
450 601
450 603
450 607
450 608
450 610
450 612
450 614
450 618
450 619
450 622
450 625
450 626
450 628
450 629
450 630
450 632
450 633
450 634
450 639
450 640
450 641
450 642
450 643
450 647
450 651
450 653
450 654
450 657
450 659
450 662
450 667
450 668
450 673
450 676
450 677
450 678
450 684
450 685
450 687
450 688
450 689
450 690
450 691
450 693
450 695
450 696
450 700
450 701
450 703
450 706
450 708
450 712
450 713
450 714
450 715
450 717
450 718
450 719
450 720
450 721
450 725
450 726
450 727
450 728
450 729
450 731
450 732
450 735
450 736
450 738
450 741
450 742
450 744
450 745
450 746
450 747
450 748
450 750
450 751
450 752
450 754
450 757
450 758
450 759
450 765
450 766
450 767
450 771
450 772
450 774
450 775
450 777
450 778
450 779
450 780
450 782
450 783
450 784
450 786
450 787
450 788
450 790
450 792
450 793
450 794
450 798
450 799
450 801
450 802
450 805
450 806
450 807
450 808
450 811
450 813
450 814
450 817
450 818
450 819
450 821
450 822
450 823
450 825
450 829
450 830
450 836
450 838
450 840
450 841
450 842
450 849
450 851
450 853
450 854
450 855
450 856
450 857
450 858
450 859
450 860
450 861
450 862
450 864
450 871
450 876
450 879
450 881
450 882
450 883
450 884
450 885
450 886
450 888
450 892
450 894
450 895
450 897
450 901
450 903
450 905
450 909
450 911
450 912
450 916
450 920
450 924
450 925
450 926
450 927
450 929
450 933
450 935
450 936
450 943
450 944
450 945
450 946
450 948
450 949
450 951
450 952
450 953
450 955
450 956
450 957
450 959
450 961
450 962
450 963
450 965
450 966
450 971
450 973
450 974
450 975
450 977
450 979
450 981
450 983
450 989
450 990
450 991
450 994
450 998
451 501
451 503
451 504
451 505
451 512
451 513
451 514
451 519
451 520
451 523
451 524
451 525
451 529
451 530
451 531
451 532
451 535
451 537
451 540
451 542
451 544
451 546
451 547
451 549
451 551
451 555
451 557
451 560
451 563
451 566
451 567
451 568
451 569
451 570
451 571
451 572
451 575
451 576
451 577
451 578
451 579
451 580
451 582
451 583
451 584
451 585
451 587
451 588
451 590
451 591
451 593
451 596
451 598
451 606
451 607
451 608
451 611
451 612
451 613
451 614
451 616
451 617
451 618
451 620
451 624
451 625
451 626
451 628
451 630
451 631
451 633
451 636
451 638
451 639
451 641
451 643
451 646
451 647
451 648
451 649
451 654
451 656
451 657
451 658
451 660
451 663
451 664
451 665
451 666
451 675
451 676
451 678
451 680
451 682
451 684
451 685
451 687
451 688
451 689
451 690
451 691
451 692
451 694
451 695
451 696
451 698
451 701
451 702
451 705
451 710
451 712
451 715
451 716
451 717
451 718
451 719
451 720
451 721
451 723
451 725
451 730
451 731
451 733
451 738
451 740
451 745
451 750
451 751
451 753
451 754
451 755
451 758
451 759
451 762
451 763
451 765
451 767
451 769
451 770
451 771
451 775
451 778
451 782
451 783
451 785
451 786
451 789
451 790
451 792
451 793
451 794
451 795
451 798
451 799
451 800
451 803
451 806
451 807
451 809
451 812
451 813
451 816
451 817
451 820
451 821
451 822
451 824
451 825
451 828
451 829
451 830
451 831
451 832
451 833
451 836
451 837
451 838
451 842
451 844
451 847
451 848
451 850
451 851
451 853
451 854
451 860
451 861
451 864
451 865
451 871
451 872
451 875
451 876
451 883
451 884
451 885
451 892
451 893
451 894
451 895
451 896
451 897
451 898
451 899
451 900
451 901
451 902
451 906
451 909
451 911
451 912
451 915
451 916
451 917
451 918
451 919
451 923
451 924
451 926
451 927
451 928
451 929
451 930
451 931
451 932
451 935
451 936
451 937
451 938
451 939
451 940
451 944
451 945
451 946
451 949
451 950
451 955
451 956
451 958
451 959
451 960
451 961
451 962
451 966
451 968
451 969
451 971
451 973
451 977
451 979
451 981
451 982
451 984
451 985
451 986
451 987
451 989
451 995
451 996
451 999
451 1000
452 501
452 505
452 507
452 508
452 511
452 515
452 516
452 518
452 519
452 520
452 523
452 527
452 532
452 533
452 536
452 537
452 541
452 543
452 544
452 546
452 555
452 558
452 560
452 562
452 564
452 567
452 568
452 570
452 572
452 574
452 575
452 578
452 584
452 586
452 587
452 588
452 589
452 593
452 594
452 596
452 597
452 598
452 600
452 606
452 608
452 609
452 610
452 612
452 614
452 615
452 618
452 619
452 620
452 626
452 628
452 630
452 631
452 633
452 634
452 635
452 636
452 638
452 641
452 642
452 644
452 645
452 646
452 647
452 648
452 649
452 650
452 651
452 652
452 653
452 655
452 656
452 659
452 660
452 663
452 664
452 667
452 668
452 669
452 670
452 671
452 672
452 674
452 675
452 677
452 679
452 680
452 682
452 683
452 686
452 687
452 688
452 689
452 691
452 692
452 696
452 701
452 702
452 703
452 706
452 707
452 711
452 715
452 717
452 719
452 726
452 729
452 731
452 732
452 733
452 735
452 736
452 740
452 741
452 743
452 745
452 749
452 750
452 751
452 761
452 762
452 764
452 766
452 767
452 769
452 770
452 771
452 772
452 776
452 777
452 781
452 785
452 786
452 787
452 788
452 791
452 794
452 796
452 797
452 801
452 804
452 809
452 810
452 811
452 815
452 818
452 821
452 822
452 823
452 824
452 825
452 829
452 831
452 832
452 833
452 835
452 838
452 840
452 841
452 846
452 847
452 848
452 852
452 855
452 858
452 859
452 861
452 863
452 866
452 872
452 874
452 875
452 876
452 879
452 880
452 883
452 884
452 885
452 887
452 888
452 890
452 891
452 892
452 894
452 895
452 896
452 897
452 898
452 902
452 909
452 910
452 911
452 912
452 913
452 915
452 917
452 918
452 921
452 922
452 923
452 925
452 926
452 927
452 928
452 929
452 931
452 933
452 936
452 937
452 938
452 941
452 942
452 943
452 944
452 946
452 947
452 948
452 952
452 953
452 956
452 957
452 958
452 959
452 960
452 961
452 966
452 967
452 968
452 973
452 974
452 975
452 976
452 983
452 985
452 987
452 989
452 992
452 996
452 997
453 501
453 503
453 508
453 510
453 511
453 512
453 517
453 521
453 522
453 525
453 531
453 532
453 541
453 542
453 544
453 549
453 553
453 554
453 557
453 560
453 562
453 564
453 565
453 570
453 571
453 572
453 573
453 574
453 577
453 581
453 582
453 583
453 585
453 586
453 587
453 588
453 590
453 594
453 604
453 606
453 610
453 617
453 618
453 620
453 623
453 628
453 630
453 634
453 637
453 638
453 642
453 643
453 645
453 647
453 648
453 651
453 652
453 653
453 654
453 657
453 659
453 660
453 663
453 664
453 667
453 668
453 671
453 676
453 679
453 680
453 682
453 683
453 685
453 687
453 688
453 689
453 690
453 692
453 694
453 696
453 697
453 698
453 700
453 707
453 708
453 711
453 713
453 715
453 716
453 717
453 719
453 720
453 721
453 722
453 723
453 724
453 731
453 732
453 733
453 734
453 736
453 738
453 740
453 741
453 742
453 743
453 744
453 745
453 746
453 747
453 749
453 752
453 753
453 756
453 757
453 758
453 762
453 763
453 765
453 766
453 769
453 770
453 771
453 773
453 775
453 779
453 784
453 786
453 788
453 790
453 791
453 794
453 795
453 797
453 804
453 805
453 806
453 807
453 812
453 816
453 819
453 820
453 821
453 823
453 829
453 830
453 832
453 834
453 835
453 836
453 837
453 838
453 839
453 841
453 842
453 846
453 847
453 849
453 850
453 851
453 852
453 853
453 855
453 856
453 859
453 862
453 864
453 865
453 866
453 869
453 870
453 877
453 878
453 883
453 885
453 889
453 890
453 891
453 892
453 895
453 896
453 897
453 899
453 900
453 901
453 903
453 904
453 907
453 911
453 918
453 921
453 924
453 925
453 926
453 929
453 932
453 933
453 934
453 935
453 936
453 938
453 939
453 941
453 943
453 945
453 948
453 949
453 952
453 953
453 955
453 956
453 957
453 958
453 959
453 963
453 966
453 971
453 973
453 975
453 976
453 979
453 982
453 985
453 986
453 989
453 990
453 995
453 997
453 999
453 1000
454 501
454 503
454 505
454 507
454 509
454 511
454 512
454 514
454 515
454 516
454 517
454 518
454 520
454 522
454 529
454 530
454 532
454 533
454 535
454 536
454 537
454 540
454 541
454 542
454 545
454 547
454 552
454 554
454 555
454 556
454 557
454 559
454 560
454 562
454 566
454 567
454 568
454 576
454 577
454 579
454 580
454 582
454 583
454 584
454 586
454 587
454 588
454 590
454 591
454 592
454 593
454 601
454 602
454 603
454 606
454 608
454 610
454 611
454 613
454 617
454 618
454 621
454 622
454 624
454 626
454 627
454 635
454 636
454 639
454 641
454 642
454 644
454 651
454 656
454 659
454 662
454 663
454 665
454 666
454 670
454 673
454 675
454 676
454 677
454 678
454 680
454 681
454 682
454 683
454 684
454 686
454 688
454 691
454 692
454 694
454 698
454 700
454 701
454 702
454 703
454 706
454 707
454 710
454 712
454 714
454 717
454 719
454 722
454 723
454 724
454 725
454 726
454 727
454 731
454 732
454 733
454 734
454 735
454 736
454 737
454 738
454 739
454 740
454 746
454 748
454 749
454 750
454 752
454 753
454 754
454 755
454 756
454 760
454 761
454 763
454 767
454 768
454 769
454 770
454 771
454 772
454 775
454 778
454 781
454 782
454 786
454 787
454 788
454 789
454 792
454 793
454 799
454 803
454 806
454 807
454 808
454 810
454 815
454 816
454 818
454 819
454 820
454 821
454 824
454 826
454 829
454 830
454 832
454 833
454 835
454 838
454 839
454 840
454 841
454 843
454 846
454 847
454 849
454 851
454 854
454 860
454 865
454 866
454 868
454 869
454 870
454 871
454 872
454 874
454 878
454 879
454 880
454 881
454 882
454 883
454 886
454 887
454 888
454 892
454 894
454 895
454 897
454 898
454 900
454 902
454 904
454 905
454 906
454 907
454 909
454 914
454 915
454 916
454 919
454 920
454 921
454 923
454 924
454 932
454 933
454 935
454 938
454 939
454 944
454 946
454 947
454 948
454 950
454 951
454 952
454 957
454 959
454 960
454 961
454 962
454 964
454 965
454 966
454 967
454 968
454 969
454 971
454 973
454 975
454 977
454 978
454 979
454 980
454 983
454 984
454 985
454 986
454 988
454 989
454 991
454 992
454 993
454 995
454 996
454 999
455 501
455 503
455 504
455 506
455 508
455 510
455 511
455 512
455 513
455 514
455 516
455 517
455 518
455 519
455 522
455 523
455 524
455 528
455 530
455 531
455 532
455 534
455 539
455 541
455 542
455 545
455 546
455 548
455 551
455 553
455 555
455 559
455 560
455 561
455 562
455 565
455 566
455 567
455 568
455 569
455 570
455 571
455 572
455 573
455 574
455 576
455 577
455 579
455 583
455 585
455 586
455 587
455 589
455 593
455 594
455 595
455 596
455 597
455 598
455 601
455 605
455 609
455 610
455 611
455 612
455 613
455 616
455 618
455 622
455 623
455 625
455 626
455 627
455 629
455 630
455 633
455 635
455 637
455 638
455 639
455 641
455 642
455 643
455 647
455 648
455 649
455 650
455 651
455 654
455 655
455 656
455 659
455 662
455 663
455 665
455 666
455 671
455 672
455 673
455 674
455 677
455 678
455 680
455 682
455 683
455 684
455 685
455 687
455 688
455 693
455 695
455 696
455 697
455 703
455 704
455 706
455 707
455 708
455 710
455 711
455 712
455 718
455 719
455 727
455 729
455 730
455 731
455 733
455 734
455 738
455 739
455 742
455 743
455 744
455 746
455 747
455 748
455 749
455 753
455 754
455 755
455 757
455 760
455 763
455 764
455 769
455 771
455 772
455 774
455 775
455 778
455 779
455 780
455 782
455 784
455 785
455 788
455 790
455 791
455 793
455 794
455 796
455 797
455 800
455 801
455 802
455 803
455 804
455 805
455 806
455 808
455 809
455 810
455 812
455 815
455 816
455 817
455 822
455 823
455 825
455 826
455 828
455 830
455 833
455 835
455 838
455 839
455 840
455 841
455 842
455 843
455 844
455 845
455 847
455 853
455 854
455 855
455 857
455 860
455 861
455 863
455 867
455 868
455 869
455 871
455 872
455 873
455 874
455 876
455 877
455 878
455 879
455 880
455 881
455 883
455 885
455 886
455 887
455 890
455 895
455 896
455 898
455 900
455 901
455 902
455 903
455 906
455 911
455 915
455 916
455 921
455 924
455 928
455 930
455 931
455 932
455 933
455 934
455 935
455 936
455 937
455 938
455 939
455 941
455 942
455 943
455 944
455 945
455 950
455 952
455 956
455 958
455 959
455 960
455 962
455 963
455 964
455 969
455 972
455 973
455 976
455 977
455 979
455 980
455 989
455 997
455 1000
456 502
456 503
456 504
456 506
456 508
456 510
456 511
456 514
456 515
456 516
456 518
456 519
456 523
456 524
456 527
456 535
456 536
456 537
456 539
456 540
456 541
456 546
456 547
456 548
456 550
456 551
456 552
456 554
456 555
456 562
456 568
456 571
456 576
456 579
456 581
456 583
456 588
456 591
456 592
456 593
456 594
456 595
456 596
456 598
456 599
456 601
456 603
456 604
456 605
456 607
456 610
456 612
456 618
456 619
456 621
456 622
456 626
456 627
456 628
456 629
456 631
456 633
456 635
456 636
456 637
456 638
456 639
456 641
456 642
456 647
456 648
456 651
456 654
456 655
456 657
456 658
456 661
456 662
456 664
456 665
456 666
456 667
456 668
456 669
456 670
456 671
456 673
456 674
456 677
456 678
456 679
456 680
456 681
456 685
456 686
456 688
456 689
456 690
456 692
456 693
456 694
456 695
456 701
456 702
456 703
456 705
456 707
456 708
456 709
456 711
456 712
456 713
456 714
456 717
456 721
456 723
456 730
456 731
456 732
456 733
456 735
456 738
456 739
456 741
456 742
456 745
456 748
456 750
456 751
456 752
456 756
456 757
456 763
456 764
456 769
456 772
456 773
456 776
456 777
456 779
456 780
456 784
456 785
456 786
456 787
456 788
456 796
456 797
456 798
456 802
456 804
456 805
456 809
456 811
456 815
456 816
456 820
456 824
456 825
456 827
456 830
456 832
456 833
456 834
456 835
456 837
456 838
456 840
456 842
456 844
456 845
456 850
456 853
456 854
456 859
456 860
456 864
456 866
456 868
456 869
456 871
456 872
456 873
456 878
456 879
456 880
456 883
456 884
456 886
456 887
456 889
456 890
456 891
456 894
456 895
456 897
456 898
456 900
456 902
456 904
456 906
456 907
456 911
456 912
456 915
456 916
456 917
456 918
456 919
456 923
456 928
456 929
456 930
456 931
456 932
456 935
456 936
456 938
456 939
456 940
456 941
456 942
456 945
456 946
456 948
456 952
456 954
456 956
456 958
456 960
456 961
456 963
456 964
456 966
456 970
456 972
456 973
456 978
456 979
456 980
456 981
456 982
456 984
456 985
456 986
456 989
456 990
456 991
456 992
456 993
456 995
456 996
456 998
456 999
456 1000
457 503
457 507
457 509
457 510
457 512
457 523
457 526
457 527
457 530
457 531
457 532
457 536
457 543
457 546
457 548
457 550
457 553
457 555
457 556
457 557
457 559
457 560
457 561
457 562
457 565
457 567
457 568
457 569
457 571
457 574
457 575
457 578
457 581
457 582
457 584
457 588
457 589
457 592
457 593
457 595
457 596
457 598
457 599
457 600
457 606
457 609
457 610
457 612
457 613
457 616
457 617
457 618
457 621
457 622
457 623
457 624
457 625
457 627
457 628
457 634
457 636
457 638
457 641
457 642
457 643
457 644
457 646
457 648
457 650
457 657
457 658
457 660
457 661
457 662
457 663
457 664
457 667
457 670
457 671
457 675
457 684
457 685
457 689
457 691
457 692
457 694
457 696
457 702
457 705
457 708
457 709
457 713
457 716
457 717
457 719
457 720
457 723
457 726
457 727
457 728
457 730
457 732
457 734
457 736
457 737
457 739
457 740
457 742
457 743
457 744
457 746
457 748
457 750
457 755
457 757
457 758
457 759
457 760
457 765
457 767
457 768
457 770
457 776
457 782
457 783
457 784
457 785
457 789
457 791
457 793
457 795
457 796
457 798
457 800
457 801
457 802
457 803
457 805
457 809
457 811
457 813
457 815
457 816
457 817
457 820
457 821
457 822
457 824
457 826
457 828
457 831
457 832
457 833
457 836
457 839
457 840
457 844
457 846
457 847
457 848
457 849
457 853
457 857
457 858
457 859
457 861
457 862
457 863
457 865
457 866
457 867
457 868
457 869
457 870
457 871
457 875
457 876
457 877
457 879
457 880
457 887
457 888
457 895
457 896
457 898
457 899
457 901
457 902
457 907
457 908
457 912
457 913
457 914
457 917
457 918
457 919
457 921
457 922
457 924
457 926
457 928
457 929
457 930
457 934
457 935
457 938
457 939
457 940
457 941
457 942
457 946
457 948
457 950
457 953
457 954
457 956
457 958
457 960
457 961
457 962
457 965
457 967
457 969
457 972
457 975
457 978
457 982
457 983
457 984
457 986
457 987
457 989
457 991
457 992
457 993
457 1000
458 501
458 502
458 503
458 507
458 509
458 512
458 513
458 514
458 515
458 516
458 517
458 519
458 522
458 525
458 530
458 532
458 533
458 537
458 538
458 539
458 540
458 541
458 542
458 543
458 544
458 545
458 546
458 547
458 550
458 551
458 555
458 556
458 557
458 558
458 559
458 561
458 564
458 565
458 566
458 567
458 569
458 571
458 572
458 575
458 577
458 579
458 581
458 582
458 584
458 585
458 589
458 591
458 592
458 593
458 597
458 599
458 600
458 603
458 607
458 610
458 611
458 613
458 619
458 621
458 622
458 624
458 625
458 628
458 635
458 637
458 638
458 639
458 641
458 644
458 645
458 646
458 647
458 650
458 651
458 652
458 653
458 655
458 657
458 659
458 662
458 663
458 664
458 665
458 666
458 669
458 670
458 671
458 672
458 677
458 678
458 681
458 682
458 684
458 685
458 686
458 687
458 688
458 690
458 693
458 694
458 696
458 698
458 701
458 703
458 707
458 708
458 712
458 713
458 714
458 716
458 717
458 718
458 719
458 722
458 726
458 727
458 729
458 730
458 731
458 734
458 737
458 738
458 739
458 740
458 743
458 744
458 746
458 747
458 748
458 750
458 751
458 754
458 756
458 758
458 760
458 765
458 768
458 772
458 774
458 777
458 780
458 781
458 784
458 786
458 794
458 796
458 798
458 799
458 800
458 803
458 804
458 806
458 808
458 810
458 811
458 813
458 814
458 817
458 819
458 820
458 821
458 822
458 823
458 827
458 829
458 831
458 833
458 834
458 835
458 836
458 837
458 838
458 839
458 840
458 841
458 842
458 844
458 846
458 848
458 849
458 851
458 852
458 854
458 855
458 856
458 857
458 859
458 863
458 864
458 865
458 866
458 868
458 870
458 872
458 873
458 874
458 876
458 877
458 878
458 883
458 885
458 887
458 888
458 889
458 890
458 892
458 893
458 894
458 896
458 897
458 898
458 907
458 909
458 912
458 913
458 914
458 916
458 917
458 920
458 927
458 928
458 929
458 931
458 932
458 933
458 934
458 935
458 936
458 939
458 940
458 943
458 948
458 954
458 955
458 956
458 957
458 958
458 959
458 960
458 961
458 966
458 967
458 968
458 971
458 975
458 976
458 977
458 978
458 980
458 982
458 983
458 985
458 986
458 988
458 990
458 991
458 995
458 996
458 997
458 999
458 1000
459 503
459 504
459 506
459 507
459 510
459 512
459 513
459 514
459 519
459 520
459 521
459 522
459 523
459 525
459 527
459 531
459 533
459 536
459 538
459 542
459 544
459 545
459 547
459 548
459 549
459 550
459 551
459 552
459 555
459 557
459 561
459 563
459 565
459 566
459 569
459 570
459 571
459 574
459 575
459 577
459 578
459 579
459 585
459 586
459 587
459 588
459 592
459 593
459 594
459 597
459 598
459 599
459 600
459 603
459 604
459 605
459 606
459 608
459 610
459 611
459 612
459 618
459 619
459 621
459 623
459 624
459 626
459 632
459 637
459 638
459 639
459 640
459 647
459 648
459 649
459 650
459 651
459 654
459 657
459 660
459 663
459 666
459 669
459 671
459 672
459 673
459 674
459 675
459 677
459 681
459 684
459 686
459 687
459 689
459 691
459 693
459 694
459 696
459 700
459 704
459 706
459 709
459 713
459 714
459 715
459 720
459 721
459 722
459 725
459 728
459 729
459 730
459 731
459 735
459 738
459 739
459 743
459 745
459 746
459 747
459 748
459 750
459 751
459 753
459 756
459 759
459 762
459 763
459 764
459 765
459 766
459 769
459 770
459 771
459 772
459 775
459 779
459 781
459 785
459 786
459 790
459 792
459 796
459 798
459 801
459 802
459 804
459 808
459 810
459 811
459 812
459 816
459 817
459 820
459 822
459 823
459 827
459 829
459 831
459 833
459 834
459 839
459 843
459 845
459 847
459 848
459 849
459 852
459 853
459 855
459 857
459 859
459 861
459 863
459 866
459 867
459 869
459 871
459 875
459 876
459 877
459 879
459 882
459 884
459 885
459 887
459 889
459 890
459 891
459 892
459 894
459 895
459 896
459 897
459 900
459 901
459 902
459 903
459 905
459 906
459 907
459 910
459 913
459 918
459 919
459 923
459 924
459 925
459 928
459 931
459 932
459 933
459 934
459 936
459 938
459 939
459 940
459 942
459 943
459 944
459 946
459 947
459 948
459 950
459 955
459 956
459 957
459 958
459 959
459 960
459 962
459 963
459 966
459 969
459 970
459 971
459 975
459 979
459 981
459 982
459 983
459 984
459 985
459 986
459 988
459 990
459 991
459 993
459 997
460 501
460 503
460 506
460 509
460 510
460 512
460 513
460 514
460 515
460 519
460 520
460 521
460 526
460 527
460 530
460 531
460 535
460 537
460 539
460 540
460 543
460 546
460 548
460 550
460 553
460 557
460 558
460 559
460 560
460 561
460 562
460 563
460 564
460 566
460 569
460 571
460 572
460 574
460 577
460 578
460 582
460 583
460 585
460 590
460 595
460 597
460 598
460 601
460 602
460 603
460 604
460 606
460 610
460 611
460 614
460 615
460 616
460 619
460 620
460 621
460 623
460 625
460 626
460 629
460 631
460 632
460 635
460 637
460 639
460 641
460 642
460 643
460 644
460 647
460 648
460 650
460 651
460 652
460 653
460 657
460 662
460 666
460 667
460 674
460 675
460 678
460 682
460 683
460 684
460 685
460 686
460 687
460 690
460 691
460 692
460 694
460 697
460 698
460 700
460 705
460 707
460 708
460 710
460 713
460 714
460 720
460 724
460 725
460 728
460 729
460 733
460 734
460 735
460 736
460 738
460 740
460 741
460 743
460 748
460 749
460 750
460 752
460 756
460 758
460 760
460 761
460 762
460 763
460 764
460 765
460 768
460 769
460 773
460 774
460 775
460 779
460 780
460 781
460 782
460 784
460 785
460 787
460 789
460 794
460 800
460 801
460 803
460 804
460 806
460 807
460 809
460 810
460 812
460 814
460 815
460 816
460 817
460 818
460 823
460 824
460 825
460 826
460 828
460 829
460 830
460 832
460 836
460 840
460 841
460 842
460 843
460 844
460 846
460 847
460 848
460 850
460 851
460 852
460 853
460 854
460 855
460 859
460 860
460 862
460 865
460 866
460 868
460 872
460 875
460 876
460 879
460 880
460 881
460 882
460 883
460 887
460 888
460 890
460 892
460 897
460 900
460 903
460 904
460 907
460 911
460 913
460 915
460 916
460 918
460 919
460 921
460 922
460 925
460 926
460 927
460 929
460 932
460 933
460 938
460 939
460 940
460 942
460 943
460 946
460 947
460 948
460 949
460 952
460 953
460 956
460 959
460 960
460 961
460 964
460 969
460 971
460 972
460 976
460 980
460 981
460 982
460 986
460 987
460 988
460 993
460 994
460 995
460 996
460 998
460 999
460 1000
461 505
461 507
461 509
461 510
461 511
461 515
461 517
461 518
461 519
461 520
461 524
461 527
461 528
461 529
461 530
461 532
461 533
461 535
461 536
461 537
461 538
461 539
461 540
461 541
461 542
461 543
461 545
461 546
461 547
461 548
461 550
461 551
461 553
461 555
461 557
461 558
461 564
461 566
461 567
461 568
461 569
461 571
461 572
461 573
461 577
461 578
461 581
461 582
461 583
461 585
461 587
461 590
461 592
461 596
461 598
461 600
461 604
461 605
461 606
461 607
461 608
461 609
461 611
461 612
461 614
461 615
461 622
461 623
461 626
461 628
461 632
461 633
461 635
461 639
461 640
461 643
461 645
461 646
461 648
461 649
461 650
461 651
461 653
461 654
461 656
461 657
461 660
461 661
461 665
461 666
461 667
461 670
461 671
461 672
461 674
461 675
461 677
461 678
461 680
461 681
461 683
461 684
461 685
461 691
461 697
461 701
461 704
461 707
461 708
461 709
461 710
461 711
461 712
461 713
461 714
461 715
461 718
461 719
461 720
461 725
461 726
461 727
461 728
461 731
461 732
461 736
461 737
461 738
461 740
461 741
461 742
461 743
461 745
461 748
461 749
461 751
461 755
461 758
461 759
461 760
461 761
461 762
461 768
461 770
461 771
461 773
461 775
461 776
461 777
461 778
461 779
461 781
461 784
461 786
461 789
461 790
461 791
461 794
461 800
461 801
461 802
461 803
461 804
461 805
461 806
461 808
461 809
461 810
461 811
461 814
461 816
461 818
461 819
461 821
461 822
461 823
461 827
461 828
461 834
461 835
461 837
461 838
461 841
461 843
461 844
461 847
461 850
461 851
461 853
461 855
461 856
461 857
461 858
461 859
461 861
461 863
461 865
461 866
461 867
461 869
461 872
461 873
461 877
461 879
461 880
461 882
461 885
461 886
461 887
461 888
461 891
461 892
461 895
461 897
461 903
461 906
461 907
461 908
461 909
461 911
461 914
461 919
461 921
461 924
461 928
461 929
461 931
461 932
461 935
461 940
461 942
461 945
461 947
461 949
461 951
461 953
461 954
461 956
461 959
461 960
461 962
461 963
461 964
461 965
461 966
461 967
461 969
461 970
461 975
461 977
461 978
461 979
461 980
461 981
461 982
461 983
461 985
461 987
461 991
461 992
461 993
461 994
461 995
461 999
461 1000
462 502
462 503
462 509
462 510
462 511
462 512
462 515
462 518
462 520
462 521
462 523
462 526
462 530
462 531
462 536
462 537
462 542
462 543
462 546
462 547
462 552
462 553
462 554
462 557
462 559
462 560
462 563
462 569
462 572
462 575
462 580
462 583
462 585
462 586
462 589
462 590
462 591
462 594
462 596
462 597
462 599
462 600
462 601
462 602
462 603
462 605
462 606
462 609
462 610
462 611
462 612
462 613
462 614
462 620
462 625
462 626
462 628
462 629
462 633
462 635
462 640
462 642
462 643
462 645
462 648
462 650
462 651
462 654
462 655
462 657
462 659
462 661
462 662
462 663
462 664
462 665
462 669
462 670
462 672
462 675
462 676
462 677
462 678
462 680
462 681
462 682
462 683
462 685
462 686
462 687
462 689
462 691
462 692
462 696
462 698
462 700
462 701
462 703
462 705
462 707
462 711
462 713
462 714
462 716
462 718
462 719
462 722
462 725
462 726
462 727
462 728
462 732
462 733
462 735
462 737
462 738
462 741
462 742
462 743
462 744
462 745
462 748
462 749
462 752
462 753
462 754
462 755
462 756
462 759
462 761
462 764
462 768
462 769
462 770
462 773
462 774
462 776
462 777
462 779
462 780
462 781
462 783
462 786
462 787
462 788
462 791
462 792
462 798
462 799
462 804
462 805
462 811
462 813
462 818
462 820
462 823
462 824
462 826
462 827
462 828
462 829
462 830
462 835
462 844
462 846
462 847
462 853
462 856
462 857
462 858
462 859
462 860
462 861
462 862
462 864
462 869
462 870
462 872
462 873
462 874
462 878
462 883
462 884
462 887
462 888
462 889
462 890
462 891
462 895
462 896
462 900
462 901
462 904
462 905
462 906
462 907
462 908
462 909
462 910
462 911
462 912
462 913
462 915
462 918
462 922
462 923
462 924
462 928
462 930
462 931
462 932
462 938
462 939
462 942
462 943
462 945
462 946
462 947
462 950
462 951
462 954
462 955
462 956
462 958
462 959
462 960
462 962
462 964
462 965
462 966
462 969
462 971
462 973
462 977
462 979
462 980
462 982
462 987
462 988
462 989
462 990
462 991
462 998
462 999
463 501
463 502
463 503
463 504
463 505
463 508
463 509
463 511
463 514
463 515
463 517
463 518
463 521
463 524
463 531
463 532
463 533
463 535
463 536
463 541
463 542
463 544
463 545
463 546
463 549
463 550
463 552
463 553
463 554
463 555
463 558
463 559
463 561
463 562
463 563
463 566
463 568
463 573
463 574
463 575
463 578
463 580
463 581
463 582
463 583
463 587
463 588
463 598
463 600
463 601
463 603
463 604
463 607
463 608
463 610
463 612
463 613
463 614
463 616
463 617
463 618
463 619
463 624
463 626
463 627
463 629
463 630
463 631
463 634
463 636
463 639
463 640
463 647
463 649
463 651
463 652
463 653
463 657
463 661
463 663
463 665
463 667
463 668
463 669
463 673
463 674
463 675
463 678
463 680
463 686
463 688
463 690
463 691
463 694
463 697
463 698
463 699
463 700
463 701
463 702
463 704
463 705
463 707
463 710
463 714
463 715
463 717
463 720
463 721
463 722
463 725
463 726
463 728
463 730
463 731
463 732
463 735
463 736
463 740
463 742
463 743
463 744
463 748
463 749
463 751
463 753
463 754
463 757
463 758
463 760
463 761
463 762
463 763
463 764
463 766
463 767
463 768
463 771
463 772
463 774
463 775
463 776
463 777
463 778
463 789
463 794
463 795
463 797
463 803
463 804
463 805
463 806
463 808
463 811
463 817
463 819
463 820
463 821
463 825
463 827
463 828
463 829
463 830
463 831
463 832
463 835
463 836
463 837
463 838
463 842
463 843
463 844
463 845
463 847
463 849
463 850
463 856
463 860
463 862
463 864
463 865
463 866
463 867
463 868
463 871
463 872
463 879
463 881
463 883
463 884
463 885
463 886
463 887
463 888
463 889
463 890
463 891
463 892
463 893
463 894
463 896
463 899
463 900
463 901
463 903
463 906
463 907
463 908
463 909
463 911
463 912
463 913
463 916
463 917
463 918
463 920
463 922
463 923
463 925
463 927
463 929
463 931
463 932
463 933
463 936
463 937
463 938
463 939
463 942
463 943
463 944
463 945
463 946
463 947
463 948
463 950
463 952
463 953
463 954
463 957
463 958
463 959
463 961
463 962
463 963
463 967
463 969
463 970
463 971
463 974
463 975
463 976
463 977
463 978
463 979
463 981
463 982
463 983
463 991
463 996
463 998
463 999
464 503
464 504
464 515
464 516
464 519
464 522
464 524
464 525
464 527
464 529
464 531
464 532
464 535
464 536
464 537
464 540
464 541
464 542
464 543
464 545
464 546
464 548
464 549
464 551
464 553
464 555
464 558
464 559
464 560
464 564
464 565
464 566
464 567
464 570
464 571
464 572
464 576
464 577
464 578
464 579
464 581
464 583
464 585
464 586
464 595
464 596
464 597
464 602
464 604
464 606
464 607
464 608
464 612
464 614
464 615
464 616
464 617
464 618
464 620
464 621
464 623
464 625
464 629
464 631
464 632
464 633
464 634
464 636
464 637
464 638
464 639
464 640
464 641
464 642
464 646
464 648
464 649
464 656
464 661
464 662
464 665
464 667
464 668
464 672
464 673
464 674
464 675
464 676
464 678
464 679
464 685
464 686
464 689
464 690
464 693
464 694
464 700
464 702
464 706
464 708
464 710
464 712
464 716
464 718
464 719
464 721
464 723
464 726
464 728
464 729
464 731
464 737
464 741
464 744
464 746
464 748
464 749
464 752
464 753
464 756
464 757
464 760
464 761
464 762
464 763
464 764
464 765
464 766
464 768
464 771
464 772
464 773
464 775
464 777
464 779
464 780
464 781
464 782
464 784
464 787
464 789
464 790
464 793
464 796
464 797
464 798
464 800
464 801
464 805
464 806
464 809
464 811
464 812
464 814
464 815
464 819
464 821
464 822
464 828
464 831
464 832
464 834
464 835
464 836
464 837
464 838
464 840
464 842
464 845
464 847
464 849
464 852
464 855
464 857
464 860
464 861
464 862
464 863
464 864
464 865
464 866
464 870
464 872
464 873
464 874
464 876
464 878
464 880
464 881
464 883
464 884
464 885
464 891
464 895
464 901
464 902
464 905
464 906
464 907
464 908
464 910
464 911
464 913
464 914
464 922
464 923
464 928
464 930
464 931
464 932
464 935
464 936
464 940
464 944
464 945
464 947
464 948
464 952
464 953
464 954
464 955
464 958
464 960
464 961
464 962
464 964
464 968
464 969
464 972
464 973
464 975
464 977
464 979
464 982
464 983
464 984
464 985
464 986
464 988
464 991
464 997
464 998
464 999
464 1000
465 501
465 505
465 506
465 509
465 512
465 515
465 518
465 519
465 522
465 524
465 525
465 526
465 527
465 528
465 529
465 534
465 536
465 538
465 540
465 541
465 542
465 545
465 548
465 550
465 551
465 553
465 560
465 562
465 564
465 565
465 566
465 569
465 570
465 572
465 573
465 574
465 575
465 576
465 577
465 578
465 579
465 580
465 583
465 584
465 587
465 592
465 596
465 599
465 604
465 608
465 609
465 612
465 614
465 615
465 618
465 624
465 625
465 626
465 628
465 629
465 630
465 631
465 637
465 638
465 639
465 640
465 641
465 642
465 644
465 645
465 652
465 654
465 655
465 657
465 659
465 660
465 661
465 665
465 666
465 667
465 668
465 669
465 670
465 671
465 673
465 675
465 676
465 678
465 680
465 682
465 683
465 684
465 685
465 686
465 690
465 698
465 699
465 700
465 701
465 702
465 703
465 705
465 708
465 709
465 710
465 713
465 718
465 720
465 723
465 725
465 726
465 727
465 729
465 730
465 731
465 735
465 736
465 737
465 739
465 740
465 742
465 743
465 745
465 746
465 747
465 748
465 749
465 752
465 755
465 756
465 760
465 762
465 763
465 768
465 770
465 772
465 773
465 775
465 777
465 778
465 780
465 781
465 782
465 784
465 785
465 789
465 790
465 792
465 800
465 803
465 804
465 808
465 809
465 812
465 813
465 816
465 818
465 819
465 820
465 821
465 825
465 827
465 829
465 830
465 831
465 833
465 834
465 840
465 844
465 845
465 849
465 850
465 852
465 857
465 859
465 861
465 862
465 863
465 867
465 868
465 869
465 870
465 871
465 876
465 877
465 878
465 884
465 888
465 889
465 891
465 892
465 894
465 895
465 896
465 897
465 898
465 900
465 901
465 904
465 905
465 907
465 908
465 909
465 910
465 912
465 915
465 919
465 922
465 925
465 926
465 930
465 932
465 934
465 940
465 943
465 945
465 946
465 951
465 952
465 953
465 955
465 956
465 957
465 958
465 962
465 963
465 964
465 967
465 970
465 971
465 972
465 976
465 980
465 981
465 983
465 988
465 989
465 990
465 993
465 996
465 997
465 999
466 503
466 506
466 507
466 508
466 509
466 510
466 511
466 512
466 515
466 517
466 521
466 522
466 526
466 528
466 530
466 532
466 533
466 536
466 537
466 538
466 539
466 540
466 541
466 542
466 544
466 545
466 547
466 548
466 549
466 550
466 552
466 553
466 554
466 555
466 556
466 558
466 561
466 566
466 568
466 572
466 573
466 576
466 578
466 580
466 581
466 582
466 583
466 584
466 585
466 586
466 588
466 590
466 592
466 595
466 598
466 599
466 600
466 601
466 602
466 604
466 612
466 613
466 616
466 617
466 620
466 621
466 623
466 625
466 626
466 627
466 628
466 629
466 633
466 637
466 639
466 642
466 643
466 645
466 649
466 651
466 653
466 655
466 656
466 657
466 659
466 660
466 661
466 662
466 664
466 666
466 668
466 669
466 670
466 671
466 672
466 675
466 681
466 682
466 683
466 684
466 688
466 689
466 690
466 692
466 694
466 697
466 698
466 699
466 700
466 701
466 707
466 708
466 710
466 715
466 717
466 718
466 719
466 720
466 721
466 724
466 728
466 731
466 732
466 733
466 736
466 738
466 740
466 742
466 743
466 745
466 747
466 748
466 749
466 751
466 752
466 753
466 755
466 756
466 757
466 758
466 759
466 760
466 765
466 767
466 768
466 771
466 773
466 774
466 775
466 777
466 782
466 783
466 785
466 788
466 789
466 790
466 791
466 792
466 793
466 795
466 796
466 797
466 798
466 799
466 800
466 801
466 804
466 806
466 807
466 809
466 811
466 813
466 814
466 815
466 818
466 820
466 822
466 823
466 825
466 827
466 831
466 833
466 835
466 837
466 839
466 840
466 842
466 844
466 846
466 847
466 848
466 849
466 850
466 852
466 853
466 855
466 856
466 858
466 859
466 862
466 865
466 866
466 867
466 869
466 871
466 874
466 875
466 876
466 877
466 878
466 880
466 884
466 888
466 891
466 892
466 896
466 899
466 900
466 901
466 904
466 907
466 908
466 913
466 914
466 917
466 918
466 919
466 920
466 922
466 926
466 927
466 930
466 931
466 936
466 937
466 938
466 939
466 940
466 942
466 944
466 945
466 947
466 949
466 950
466 951
466 952
466 953
466 954
466 956
466 957
466 958
466 959
466 962
466 964
466 966
466 970
466 971
466 975
466 980
466 987
466 989
466 991
466 992
466 993
466 994
466 996
466 997
466 1000
467 502
467 504
467 511
467 513
467 517
467 518
467 519
467 521
467 523
467 528
467 532
467 533
467 534
467 535
467 538
467 540
467 541
467 543
467 544
467 546
467 547
467 549
467 551
467 554
467 555
467 559
467 563
467 564
467 566
467 567
467 569
467 570
467 572
467 573
467 574
467 576
467 577
467 580
467 582
467 584
467 586
467 587
467 588
467 590
467 591
467 592
467 594
467 595
467 597
467 599
467 600
467 601
467 602
467 607
467 609
467 612
467 613
467 614
467 615
467 617
467 620
467 621
467 626
467 627
467 628
467 634
467 635
467 638
467 639
467 640
467 641
467 643
467 644
467 646
467 647
467 648
467 650
467 651
467 652
467 655
467 656
467 657
467 659
467 660
467 661
467 662
467 668
467 669
467 670
467 671
467 672
467 673
467 674
467 677
467 678
467 679
467 680
467 682
467 683
467 687
467 689
467 694
467 697
467 699
467 702
467 703
467 704
467 707
467 708
467 710
467 711
467 712
467 713
467 714
467 715
467 717
467 719
467 722
467 724
467 725
467 727
467 731
467 734
467 736
467 740
467 742
467 743
467 746
467 747
467 749
467 750
467 751
467 756
467 757
467 758
467 759
467 760
467 762
467 763
467 765
467 769
467 771
467 772
467 773
467 774
467 778
467 780
467 784
467 785
467 786
467 788
467 789
467 790
467 792
467 793
467 795
467 796
467 798
467 800
467 801
467 802
467 806
467 808
467 811
467 812
467 814
467 815
467 816
467 818
467 819
467 820
467 823
467 824
467 827
467 828
467 831
467 837
467 840
467 841
467 843
467 844
467 845
467 846
467 847
467 849
467 850
467 853
467 854
467 855
467 856
467 857
467 858
467 859
467 860
467 868
467 871
467 872
467 873
467 874
467 876
467 877
467 878
467 879
467 880
467 882
467 883
467 886
467 888
467 892
467 900
467 901
467 906
467 907
467 910
467 916
467 917
467 918
467 920
467 921
467 922
467 927
467 928
467 929
467 935
467 940
467 948
467 949
467 952
467 953
467 954
467 955
467 956
467 958
467 959
467 960
467 961
467 962
467 964
467 966
467 971
467 974
467 975
467 976
467 977
467 978
467 981
467 984
467 986
467 988
467 992
467 993
467 994
467 998
467 999
467 1000
468 501
468 502
468 503
468 504
468 506
468 507
468 509
468 512
468 513
468 514
468 515
468 517
468 518
468 519
468 520
468 523
468 526
468 527
468 529
468 533
468 534
468 540
468 541
468 543
468 544
468 547
468 549
468 551
468 555
468 556
468 558
468 560
468 563
468 568
468 570
468 572
468 573
468 574
468 575
468 579
468 580
468 582
468 583
468 585
468 586
468 588
468 592
468 595
468 599
468 601
468 602
468 603
468 604
468 605
468 606
468 607
468 614
468 615
468 617
468 618
468 619
468 620
468 621
468 623
468 627
468 629
468 632
468 635
468 637
468 640
468 642
468 646
468 650
468 651
468 652
468 654
468 655
468 656
468 657
468 658
468 659
468 662
468 663
468 664
468 668
468 673
468 674
468 677
468 678
468 679
468 683
468 685
468 691
468 692
468 693
468 694
468 696
468 701
468 702
468 705
468 707
468 708
468 709
468 711
468 714
468 718
468 722
468 723
468 724
468 725
468 726
468 728
468 729
468 730
468 737
468 739
468 740
468 741
468 744
468 745
468 746
468 747
468 749
468 751
468 754
468 758
468 760
468 762
468 765
468 767
468 768
468 769
468 770
468 772
468 773
468 776
468 778
468 780
468 781
468 782
468 784
468 786
468 788
468 789
468 790
468 791
468 796
468 798
468 803
468 804
468 806
468 807
468 808
468 809
468 811
468 812
468 813
468 815
468 816
468 822
468 825
468 828
468 830
468 831
468 833
468 834
468 838
468 839
468 842
468 843
468 844
468 846
468 847
468 848
468 849
468 853
468 854
468 855
468 856
468 858
468 860
468 861
468 865
468 866
468 868
468 871
468 874
468 875
468 876
468 877
468 878
468 880
468 882
468 883
468 885
468 887
468 900
468 901
468 903
468 905
468 906
468 907
468 909
468 910
468 913
468 914
468 915
468 916
468 918
468 919
468 920
468 923
468 925
468 929
468 930
468 938
468 940
468 941
468 942
468 943
468 945
468 946
468 947
468 951
468 953
468 958
468 963
468 964
468 965
468 967
468 968
468 969
468 971
468 972
468 974
468 976
468 977
468 980
468 988
468 989
468 990
468 991
468 992
468 993
468 996
468 997
468 999
469 501
469 502
469 505
469 506
469 507
469 509
469 512
469 515
469 519
469 521
469 523
469 526
469 530
469 532
469 534
469 536
469 539
469 541
469 542
469 545
469 547
469 548
469 549
469 552
469 553
469 554
469 556
469 558
469 560
469 561
469 562
469 563
469 564
469 566
469 567
469 568
469 571
469 572
469 574
469 578
469 579
469 583
469 584
469 586
469 588
469 589
469 591
469 593
469 596
469 597
469 598
469 599
469 601
469 602
469 604
469 605
469 606
469 608
469 609
469 610
469 612
469 614
469 615
469 616
469 617
469 618
469 620
469 622
469 626
469 627
469 629
469 630
469 633
469 635
469 643
469 648
469 649
469 650
469 653
469 654
469 655
469 656
469 657
469 658
469 660
469 662
469 663
469 665
469 666
469 667
469 668
469 672
469 673
469 674
469 675
469 679
469 680
469 681
469 682
469 683
469 684
469 685
469 688
469 694
469 696
469 698
469 702
469 703
469 705
469 706
469 708
469 709
469 712
469 714
469 716
469 717
469 718
469 719
469 720
469 722
469 723
469 726
469 729
469 730
469 731
469 732
469 733
469 734
469 735
469 736
469 737
469 739
469 740
469 741
469 742
469 744
469 746
469 747
469 749
469 755
469 756
469 757
469 759
469 760
469 763
469 767
469 768
469 771
469 773
469 774
469 775
469 780
469 781
469 784
469 785
469 787
469 790
469 793
469 794
469 795
469 797
469 802
469 803
469 804
469 805
469 807
469 808
469 810
469 811
469 812
469 814
469 817
469 821
469 826
469 827
469 830
469 831
469 832
469 833
469 835
469 836
469 837
469 838
469 839
469 840
469 841
469 845
469 846
469 850
469 852
469 853
469 856
469 857
469 858
469 860
469 862
469 866
469 870
469 871
469 873
469 874
469 878
469 879
469 881
469 885
469 888
469 890
469 891
469 892
469 895
469 896
469 897
469 902
469 903
469 905
469 906
469 914
469 918
469 920
469 921
469 923
469 927
469 930
469 931
469 932
469 933
469 935
469 937
469 938
469 941
469 942
469 945
469 946
469 950
469 956
469 957
469 964
469 965
469 969
469 970
469 974
469 975
469 976
469 977
469 978
469 979
469 981
469 982
469 983
469 986
469 987
469 989
469 997
469 998
470 501
470 502
470 503
470 506
470 507
470 509
470 510
470 511
470 513
470 515
470 516
470 518
470 519
470 521
470 522
470 523
470 526
470 527
470 528
470 530
470 531
470 534
470 535
470 538
470 539
470 540
470 542
470 546
470 555
470 556
470 557
470 561
470 562
470 564
470 566
470 567
470 569
470 570
470 573
470 574
470 575
470 576
470 577
470 580
470 582
470 586
470 589
470 591
470 592
470 594
470 595
470 596
470 597
470 599
470 601
470 603
470 604
470 606
470 609
470 610
470 611
470 615
470 619
470 620
470 621
470 622
470 623
470 624
470 629
470 630
470 631
470 632
470 633
470 634
470 635
470 636
470 637
470 638
470 640
470 641
470 645
470 646
470 647
470 650
470 651
470 653
470 654
470 655
470 659
470 660
470 661
470 662
470 663
470 664
470 665
470 669
470 671
470 672
470 673
470 675
470 676
470 679
470 683
470 687
470 688
470 690
470 691
470 693
470 694
470 695
470 697
470 699
470 700
470 702
470 703
470 704
470 705
470 706
470 707
470 708
470 709
470 710
470 712
470 713
470 716
470 717
470 718
470 723
470 724
470 725
470 726
470 727
470 729
470 731
470 733
470 735
470 736
470 738
470 740
470 742
470 743
470 750
470 754
470 755
470 758
470 763
470 765
470 766
470 768
470 769
470 770
470 772
470 773
470 774
470 776
470 777
470 778
470 780
470 781
470 782
470 783
470 789
470 790
470 793
470 794
470 796
470 798
470 802
470 804
470 805
470 806
470 808
470 812
470 813
470 817
470 818
470 820
470 822
470 823
470 824
470 827
470 828
470 830
470 833
470 834
470 835
470 837
470 841
470 843
470 844
470 845
470 850
470 855
470 857
470 858
470 859
470 863
470 864
470 868
470 873
470 874
470 877
470 878
470 879
470 880
470 881
470 883
470 885
470 886
470 887
470 888
470 889
470 890
470 894
470 895
470 897
470 898
470 901
470 902
470 903
470 909
470 910
470 912
470 913
470 914
470 915
470 916
470 918
470 920
470 923
470 924
470 925
470 927
470 928
470 929
470 934
470 936
470 942
470 943
470 945
470 946
470 947
470 948
470 954
470 955
470 956
470 957
470 958
470 959
470 961
470 962
470 966
470 967
470 968
470 969
470 972
470 974
470 978
470 979
470 980
470 981
470 983
470 984
470 986
470 988
470 989
470 992
470 994
470 995
470 999
470 1000
471 501
471 502
471 503
471 505
471 508
471 509
471 511
471 512
471 513
471 514
471 517
471 518
471 519
471 522
471 526
471 527
471 530
471 532
471 533
471 534
471 535
471 541
471 542
471 543
471 544
471 546
471 547
471 548
471 551
471 552
471 554
471 555
471 556
471 559
471 560
471 561
471 562
471 564
471 565
471 567
471 569
471 570
471 575
471 577
471 580
471 582
471 583
471 584
471 585
471 586
471 589
471 591
471 592
471 593
471 596
471 599
471 600
471 602
471 603
471 604
471 605
471 606
471 607
471 608
471 609
471 614
471 616
471 619
471 620
471 621
471 625
471 627
471 628
471 631
471 633
471 635
471 638
471 639
471 640
471 641
471 642
471 643
471 644
471 648
471 649
471 653
471 654
471 656
471 657
471 659
471 663
471 664
471 665
471 669
471 670
471 672
471 675
471 676
471 678
471 679
471 681
471 682
471 683
471 686
471 688
471 689
471 692
471 696
471 698
471 699
471 702
471 703
471 704
471 706
471 707
471 708
471 710
471 712
471 713
471 715
471 717
471 723
471 724
471 725
471 726
471 728
471 730
471 731
471 732
471 734
471 735
471 740
471 741
471 742
471 743
471 746
471 749
471 751
471 753
471 755
471 758
471 760
471 764
471 766
471 768
471 771
471 773
471 774
471 775
471 776
471 777
471 780
471 783
471 784
471 786
471 787
471 791
471 793
471 794
471 797
471 800
471 801
471 802
471 803
471 804
471 806
471 811
471 815
471 817
471 820
471 823
471 825
471 827
471 828
471 829
471 831
471 833
471 835
471 837
471 842
471 852
471 853
471 854
471 856
471 858
471 859
471 861
471 863
471 864
471 866
471 868
471 869
471 870
471 871
471 874
471 876
471 877
471 885
471 887
471 888
471 889
471 890
471 891
471 892
471 897
471 898
471 899
471 901
471 903
471 905
471 906
471 907
471 908
471 909
471 910
471 913
471 914
471 916
471 918
471 921
471 923
471 924
471 925
471 926
471 931
471 933
471 934
471 938
471 939
471 940
471 941
471 942
471 944
471 945
471 947
471 950
471 953
471 955
471 958
471 961
471 962
471 963
471 967
471 968
471 969
471 975
471 976
471 977
471 978
471 979
471 980
471 982
471 983
471 984
471 985
471 986
471 987
471 988
471 989
471 990
471 991
471 992
471 993
471 994
471 999
471 1000
472 502
472 504
472 507
472 508
472 510
472 511
472 519
472 520
472 524
472 525
472 526
472 531
472 534
472 535
472 537
472 539
472 540
472 544
472 545
472 552
472 553
472 556
472 557
472 560
472 564
472 565
472 566
472 567
472 574
472 575
472 576
472 581
472 582
472 584
472 585
472 587
472 588
472 593
472 596
472 597
472 598
472 599
472 601
472 603
472 605
472 607
472 608
472 609
472 610
472 612
472 613
472 619
472 626
472 627
472 628
472 633
472 635
472 638
472 639
472 648
472 649
472 652
472 655
472 656
472 658
472 660
472 661
472 662
472 663
472 664
472 665
472 667
472 668
472 670
472 671
472 672
472 675
472 677
472 681
472 685
472 686
472 689
472 693
472 694
472 695
472 700
472 701
472 703
472 706
472 711
472 712
472 716
472 717
472 718
472 719
472 720
472 721
472 722
472 726
472 728
472 729
472 731
472 734
472 735
472 738
472 739
472 740
472 741
472 746
472 751
472 755
472 758
472 761
472 762
472 764
472 766
472 767
472 769
472 771
472 772
472 776
472 777
472 781
472 782
472 783
472 787
472 789
472 790
472 792
472 793
472 795
472 796
472 798
472 802
472 803
472 804
472 805
472 806
472 808
472 809
472 811
472 813
472 814
472 815
472 817
472 818
472 819
472 820
472 821
472 822
472 824
472 827
472 828
472 830
472 832
472 833
472 834
472 835
472 836
472 838
472 839
472 842
472 845
472 848
472 849
472 851
472 852
472 853
472 854
472 857
472 858
472 859
472 863
472 864
472 865
472 867
472 868
472 869
472 870
472 871
472 872
472 874
472 876
472 882
472 884
472 889
472 893
472 894
472 895
472 896
472 898
472 899
472 901
472 903
472 906
472 909
472 910
472 911
472 913
472 915
472 917
472 920
472 924
472 925
472 927
472 928
472 929
472 932
472 937
472 938
472 939
472 940
472 941
472 944
472 948
472 950
472 959
472 962
472 963
472 965
472 967
472 969
472 970
472 973
472 976
472 977
472 978
472 981
472 983
472 984
472 985
472 986
472 988
472 991
472 992
472 993
472 995
472 997
472 999
473 501
473 502
473 503
473 504
473 505
473 507
473 508
473 509
473 510
473 512
473 513
473 515
473 517
473 519
473 520
473 521
473 522
473 523
473 524
473 526
473 527
473 530
473 531
473 533
473 534
473 535
473 537
473 538
473 540
473 541
473 542
473 543
473 545
473 548
473 549
473 550
473 551
473 552
473 553
473 554
473 560
473 562
473 565
473 567
473 569
473 570
473 571
473 576
473 578
473 582
473 585
473 588
473 589
473 592
473 594
473 595
473 596
473 597
473 598
473 599
473 600
473 602
473 603
473 607
473 611
473 612
473 613
473 616
473 619
473 620
473 621
473 622
473 623
473 624
473 625
473 626
473 627
473 630
473 632
473 634
473 635
473 636
473 638
473 640
473 643
473 648
473 650
473 652
473 654
473 656
473 657
473 658
473 659
473 661
473 662
473 664
473 666
473 671
473 674
473 677
473 678
473 680
473 683
473 684
473 685
473 686
473 688
473 689
473 690
473 692
473 693
473 694
473 696
473 699
473 702
473 703
473 705
473 707
473 708
473 711
473 712
473 715
473 716
473 717
473 718
473 720
473 724
473 725
473 726
473 727
473 730
473 731
473 732
473 733
473 734
473 736
473 737
473 738
473 740
473 741
473 745
473 746
473 747
473 749
473 750
473 751
473 753
473 754
473 755
473 757
473 759
473 761
473 763
473 764
473 765
473 770
473 772
473 774
473 776
473 779
473 780
473 781
473 783
473 784
473 785
473 789
473 790
473 791
473 792
473 794
473 797
473 799
473 804
473 805
473 807
473 808
473 809
473 812
473 813
473 814
473 816
473 818
473 819
473 822
473 826
473 829
473 830
473 831
473 832
473 833
473 834
473 835
473 837
473 843
473 844
473 845
473 846
473 849
473 854
473 855
473 856
473 858
473 866
473 868
473 871
473 874
473 875
473 876
473 878
473 879
473 881
473 882
473 884
473 887
473 888
473 889
473 890
473 891
473 892
473 893
473 894
473 895
473 896
473 900
473 903
473 904
473 907
473 908
473 913
473 917
473 919
473 921
473 923
473 924
473 926
473 927
473 930
473 934
473 935
473 936
473 937
473 938
473 939
473 942
473 943
473 947
473 948
473 950
473 951
473 954
473 955
473 956
473 957
473 958
473 959
473 961
473 964
473 966
473 968
473 969
473 971
473 972
473 974
473 977
473 978
473 979
473 981
473 987
473 988
473 989
473 990
473 991
473 992
473 994
473 996
473 997
473 998
473 1000
474 501
474 506
474 507
474 509
474 510
474 511
474 512
474 515
474 516
474 517
474 518
474 520
474 521
474 524
474 527
474 530
474 531
474 532
474 535
474 537
474 538
474 539
474 542
474 544
474 545
474 546
474 549
474 550
474 551
474 553
474 556
474 557
474 558
474 559
474 560
474 564
474 565
474 566
474 568
474 572
474 573
474 575
474 577
474 581
474 582
474 583
474 584
474 588
474 589
474 592
474 593
474 594
474 596
474 599
474 600
474 601
474 602
474 603
474 604
474 607
474 608
474 609
474 613
474 615
474 618
474 619
474 623
474 624
474 627
474 629
474 634
474 635
474 637
474 639
474 640
474 641
474 645
474 646
474 649
474 651
474 652
474 655
474 657
474 658
474 660
474 662
474 664
474 665
474 666
474 667
474 668
474 672
474 674
474 682
474 684
474 686
474 690
474 692
474 694
474 695
474 697
474 699
474 701
474 706
474 707
474 708
474 710
474 718
474 720
474 721
474 722
474 723
474 725
474 727
474 728
474 730
474 731
474 732
474 733
474 734
474 735
474 737
474 741
474 746
474 747
474 749
474 750
474 751
474 752
474 756
474 758
474 759
474 763
474 765
474 767
474 768
474 769
474 770
474 773
474 775
474 776
474 777
474 778
474 780
474 781
474 782
474 786
474 787
474 790
474 792
474 796
474 802
474 804
474 805
474 807
474 810
474 811
474 812
474 815
474 817
474 818
474 820
474 821
474 822
474 823
474 824
474 826
474 827
474 831
474 832
474 834
474 835
474 836
474 839
474 840
474 842
474 844
474 847
474 848
474 849
474 850
474 856
474 857
474 858
474 859
474 860
474 862
474 863
474 866
474 870
474 871
474 872
474 875
474 876
474 877
474 878
474 879
474 880
474 884
474 886
474 888
474 890
474 896
474 897
474 901
474 902
474 903
474 905
474 907
474 910
474 912
474 913
474 914
474 915
474 916
474 918
474 919
474 920
474 922
474 924
474 925
474 929
474 930
474 931
474 932
474 933
474 936
474 938
474 940
474 942
474 943
474 944
474 947
474 948
474 950
474 952
474 953
474 954
474 958
474 959
474 960
474 961
474 968
474 969
474 970
474 971
474 973
474 975
474 976
474 977
474 978
474 981
474 982
474 986
474 989
474 991
474 992
474 994
474 1000
475 504
475 506
475 507
475 508
475 510
475 511
475 517
475 519
475 521
475 522
475 525
475 526
475 527
475 529
475 535
475 537
475 541
475 543
475 545
475 546
475 548
475 551
475 554
475 555
475 557
475 558
475 566
475 567
475 569
475 571
475 572
475 573
475 579
475 580
475 581
475 582
475 586
475 588
475 591
475 592
475 594
475 596
475 599
475 603
475 604
475 605
475 606
475 607
475 610
475 612
475 613
475 614
475 616
475 617
475 619
475 621
475 625
475 629
475 630
475 632
475 633
475 636
475 637
475 640
475 643
475 646
475 648
475 649
475 651
475 652
475 653
475 654
475 659
475 660
475 662
475 664
475 665
475 667
475 668
475 671
475 672
475 674
475 675
475 676
475 677
475 679
475 681
475 683
475 684
475 687
475 691
475 694
475 696
475 697
475 699
475 702
475 705
475 707
475 708
475 712
475 713
475 715
475 716
475 717
475 718
475 719
475 721
475 723
475 724
475 725
475 727
475 728
475 729
475 730
475 731
475 732
475 736
475 741
475 742
475 743
475 745
475 748
475 752
475 756
475 757
475 758
475 759
475 762
475 767
475 768
475 769
475 772
475 773
475 774
475 775
475 776
475 777
475 779
475 781
475 782
475 783
475 784
475 786
475 788
475 793
475 795
475 796
475 798
475 799
475 800
475 801
475 802
475 804
475 807
475 809
475 810
475 815
475 820
475 823
475 824
475 827
475 828
475 829
475 831
475 832
475 833
475 838
475 839
475 840
475 843
475 847
475 850
475 853
475 854
475 858
475 863
475 866
475 867
475 868
475 869
475 873
475 874
475 875
475 877
475 881
475 883
475 884
475 886
475 887
475 892
475 893
475 894
475 896
475 897
475 900
475 902
475 908
475 909
475 911
475 915
475 917
475 918
475 919
475 921
475 922
475 923
475 925
475 929
475 930
475 932
475 934
475 937
475 938
475 940
475 941
475 942
475 944
475 948
475 950
475 959
475 964
475 965
475 966
475 967
475 968
475 969
475 970
475 971
475 974
475 975
475 977
475 978
475 981
475 983
475 987
475 988
475 991
475 992
475 993
475 995
475 999
475 1000
476 501
476 502
476 503
476 504
476 506
476 508
476 509
476 516
476 518
476 523
476 526
476 529
476 531
476 533
476 534
476 535
476 536
476 539
476 540
476 541
476 544
476 546
476 547
476 548
476 549
476 550
476 551
476 553
476 554
476 558
476 560
476 562
476 563
476 564
476 565
476 567
476 571
476 574
476 576
476 577
476 578
476 580
476 581
476 583
476 585
476 586
476 590
476 592
476 593
476 594
476 595
476 596
476 597
476 602
476 604
476 605
476 606
476 611
476 613
476 617
476 618
476 619
476 620
476 624
476 628
476 632
476 634
476 635
476 636
476 637
476 638
476 639
476 641
476 642
476 645
476 646
476 651
476 653
476 654
476 656
476 657
476 658
476 660
476 661
476 662
476 663
476 666
476 667
476 673
476 675
476 677
476 678
476 687
476 692
476 696
476 697
476 698
476 699
476 703
476 704
476 705
476 706
476 708
476 709
476 710
476 711
476 712
476 715
476 717
476 718
476 721
476 724
476 731
476 732
476 734
476 736
476 739
476 744
476 748
476 752
476 753
476 755
476 756
476 760
476 761
476 762
476 763
476 765
476 766
476 767
476 768
476 773
476 779
476 780
476 781
476 782
476 783
476 784
476 786
476 787
476 791
476 792
476 793
476 798
476 800
476 803
476 808
476 810
476 811
476 814
476 815
476 816
476 818
476 819
476 820
476 822
476 823
476 824
476 828
476 829
476 832
476 833
476 835
476 837
476 838
476 840
476 842
476 845
476 846
476 848
476 851
476 853
476 854
476 856
476 857
476 862
476 865
476 869
476 870
476 874
476 876
476 877
476 878
476 879
476 880
476 883
476 884
476 885
476 886
476 887
476 888
476 889
476 890
476 892
476 894
476 897
476 898
476 899
476 902
476 904
476 911
476 912
476 916
476 917
476 919
476 920
476 922
476 924
476 925
476 928
476 929
476 933
476 937
476 941
476 942
476 943
476 945
476 947
476 948
476 950
476 952
476 953
476 954
476 955
476 960
476 962
476 964
476 971
476 973
476 978
476 980
476 981
476 982
476 984
476 985
476 986
476 987
476 988
476 989
476 990
476 999
476 1000
477 504
477 505
477 508
477 511
477 512
477 514
477 515
477 518
477 521
477 525
477 526
477 530
477 531
477 533
477 535
477 536
477 540
477 541
477 543
477 545
477 546
477 552
477 554
477 557
477 559
477 562
477 564
477 565
477 566
477 567
477 571
477 572
477 573
477 574
477 579
477 580
477 581
477 582
477 583
477 586
477 588
477 589
477 596
477 597
477 600
477 601
477 603
477 604
477 607
477 608
477 609
477 610
477 613
477 614
477 615
477 619
477 620
477 623
477 625
477 626
477 627
477 628
477 629
477 633
477 634
477 637
477 639
477 640
477 641
477 646
477 647
477 649
477 650
477 656
477 659
477 662
477 663
477 664
477 665
477 668
477 670
477 671
477 672
477 673
477 674
477 675
477 676
477 681
477 684
477 688
477 689
477 690
477 695
477 696
477 699
477 700
477 701
477 702
477 704
477 706
477 708
477 709
477 710
477 713
477 714
477 716
477 717
477 720
477 722
477 723
477 725
477 726
477 727
477 728
477 729
477 731
477 734
477 736
477 738
477 743
477 745
477 748
477 752
477 753
477 756
477 758
477 762
477 764
477 766
477 772
477 773
477 774
477 775
477 776
477 778
477 780
477 782
477 784
477 785
477 786
477 787
477 790
477 792
477 798
477 800
477 801
477 802
477 803
477 804
477 805
477 807
477 808
477 810
477 811
477 812
477 813
477 819
477 821
477 822
477 824
477 825
477 827
477 829
477 831
477 832
477 833
477 835
477 841
477 842
477 844
477 845
477 853
477 855
477 856
477 857
477 862
477 863
477 866
477 867
477 870
477 871
477 872
477 873
477 874
477 875
477 876
477 879
477 883
477 885
477 888
477 890
477 894
477 895
477 899
477 902
477 906
477 907
477 908
477 910
477 911
477 913
477 914
477 915
477 916
477 921
477 923
477 927
477 931
477 932
477 933
477 935
477 937
477 939
477 940
477 941
477 942
477 943
477 945
477 949
477 954
477 955
477 956
477 957
477 958
477 961
477 962
477 964
477 965
477 966
477 967
477 972
477 974
477 975
477 977
477 980
477 981
477 984
477 985
477 987
477 989
477 990
477 991
477 993
477 994
477 995
477 996
477 997
477 998
477 999
477 1000
478 501
478 505
478 506
478 508
478 509
478 510
478 512
478 516
478 519
478 521
478 522
478 527
478 528
478 529
478 530
478 531
478 534
478 536
478 537
478 539
478 541
478 542
478 543
478 544
478 546
478 548
478 549
478 550
478 552
478 558
478 559
478 563
478 566
478 568
478 569
478 570
478 571
478 572
478 575
478 576
478 577
478 582
478 584
478 585
478 590
478 593
478 594
478 597
478 598
478 599
478 603
478 607
478 613
478 614
478 615
478 616
478 617
478 618
478 620
478 622
478 624
478 626
478 628
478 629
478 630
478 631
478 632
478 633
478 635
478 640
478 641
478 644
478 645
478 646
478 650
478 651
478 652
478 653
478 656
478 657
478 658
478 659
478 660
478 661
478 662
478 663
478 664
478 665
478 666
478 671
478 673
478 675
478 683
478 684
478 685
478 688
478 689
478 694
478 695
478 696
478 699
478 701
478 702
478 703
478 704
478 706
478 707
478 708
478 711
478 714
478 716
478 717
478 718
478 719
478 720
478 721
478 724
478 725
478 726
478 727
478 732
478 738
478 741
478 743
478 744
478 746
478 748
478 749
478 752
478 755
478 756
478 759
478 761
478 762
478 763
478 766
478 769
478 770
478 771
478 772
478 776
478 778
478 779
478 780
478 781
478 782
478 784
478 786
478 787
478 788
478 792
478 793
478 794
478 795
478 797
478 798
478 801
478 802
478 806
478 807
478 809
478 810
478 812
478 813
478 819
478 822
478 823
478 824
478 825
478 830
478 831
478 832
478 834
478 836
478 837
478 838
478 839
478 840
478 843
478 845
478 848
478 849
478 850
478 851
478 853
478 854
478 856
478 858
478 864
478 870
478 871
478 872
478 873
478 876
478 877
478 878
478 880
478 881
478 882
478 884
478 885
478 886
478 888
478 893
478 896
478 897
478 898
478 906
478 907
478 909
478 913
478 916
478 918
478 922
478 923
478 924
478 925
478 926
478 929
478 930
478 931
478 932
478 933
478 935
478 936
478 939
478 941
478 945
478 946
478 949
478 950
478 951
478 952
478 954
478 955
478 957
478 961
478 964
478 968
478 969
478 970
478 971
478 973
478 974
478 975
478 977
478 980
478 985
478 989
478 991
478 992
478 993
478 994
478 995
478 1000
479 503
479 504
479 505
479 510
479 512
479 514
479 516
479 521
479 525
479 527
479 528
479 529
479 530
479 531
479 534
479 536
479 537
479 541
479 542
479 543
479 545
479 546
479 548
479 558
479 559
479 560
479 561
479 562
479 564
479 565
479 567
479 571
479 573
479 574
479 575
479 577
479 579
479 582
479 585
479 586
479 587
479 588
479 592
479 595
479 598
479 600
479 601
479 603
479 604
479 607
479 609
479 610
479 613
479 614
479 616
479 618
479 621
479 622
479 623
479 624
479 625
479 626
479 627
479 629
479 632
479 634
479 635
479 638
479 639
479 645
479 654
479 657
479 658
479 660
479 661
479 662
479 663
479 664
479 665
479 666
479 670
479 672
479 673
479 675
479 676
479 677
479 680
479 681
479 683
479 686
479 688
479 689
479 692
479 693
479 695
479 696
479 698
479 699
479 700
479 701
479 702
479 703
479 704
479 709
479 717
479 720
479 721
479 723
479 725
479 726
479 729
479 733
479 734
479 741
479 747
479 748
479 750
479 751
479 752
479 753
479 758
479 761
479 762
479 767
479 768
479 769
479 772
479 774
479 775
479 777
479 779
479 781
479 785
479 787
479 788
479 790
479 792
479 799
479 802
479 803
479 805
479 808
479 809
479 812
479 814
479 815
479 817
479 818
479 819
479 820
479 821
479 822
479 824
479 826
479 827
479 829
479 831
479 832
479 834
479 838
479 840
479 841
479 843
479 844
479 847
479 850
479 852
479 854
479 857
479 859
479 861
479 865
479 868
479 869
479 872
479 874
479 875
479 877
479 878
479 879
479 880
479 881
479 882
479 884
479 885
479 886
479 887
479 888
479 889
479 890
479 891
479 893
479 896
479 899
479 900
479 901
479 902
479 903
479 904
479 905
479 907
479 908
479 909
479 910
479 911
479 914
479 921
479 922
479 923
479 925
479 927
479 928
479 929
479 936
479 937
479 939
479 941
479 942
479 944
479 945
479 946
479 947
479 948
479 950
479 951
479 952
479 957
479 958
479 961
479 962
479 963
479 965
479 970
479 973
479 974
479 977
479 980
479 982
479 983
479 984
479 986
479 987
479 988
479 989
479 991
479 992
479 993
479 999
480 501
480 502
480 505
480 506
480 508
480 515
480 517
480 518
480 519
480 520
480 521
480 522
480 526
480 527
480 528
480 531
480 534
480 536
480 537
480 538
480 539
480 540
480 547
480 548
480 550
480 553
480 556
480 561
480 562
480 568
480 570
480 573
480 576
480 581
480 583
480 584
480 585
480 588
480 591
480 592
480 596
480 597
480 601
480 602
480 604
480 606
480 611
480 612
480 618
480 620
480 621
480 623
480 624
480 625
480 626
480 627
480 632
480 635
480 636
480 637
480 640
480 641
480 647
480 648
480 651
480 652
480 653
480 654
480 656
480 662
480 663
480 668
480 670
480 674
480 678
480 679
480 681
480 682
480 684
480 685
480 688
480 690
480 691
480 692
480 695
480 696
480 698
480 700
480 701
480 704
480 708
480 709
480 716
480 717
480 718
480 721
480 722
480 723
480 728
480 730
480 732
480 733
480 734
480 735
480 736
480 740
480 741
480 744
480 745
480 747
480 748
480 751
480 752
480 755
480 757
480 760
480 762
480 765
480 766
480 767
480 768
480 769
480 770
480 771
480 773
480 776
480 777
480 778
480 779
480 780
480 782
480 787
480 789
480 794
480 795
480 796
480 797
480 799
480 804
480 805
480 807
480 809
480 813
480 824
480 831
480 832
480 833
480 834
480 836
480 837
480 838
480 841
480 843
480 845
480 848
480 850
480 851
480 852
480 853
480 856
480 857
480 858
480 860
480 861
480 864
480 865
480 867
480 868
480 869
480 870
480 871
480 872
480 877
480 879
480 880
480 882
480 883
480 886
480 887
480 888
480 894
480 895
480 897
480 899
480 900
480 901
480 903
480 904
480 908
480 909
480 910
480 912
480 913
480 917
480 920
480 922
480 923
480 924
480 927
480 928
480 929
480 934
480 936
480 937
480 938
480 939
480 941
480 943
480 945
480 946
480 947
480 950
480 952
480 953
480 955
480 957
480 959
480 960
480 963
480 964
480 965
480 967
480 971
480 972
480 977
480 978
480 979
480 982
480 986
480 987
480 988
480 991
480 992
480 993
480 996
480 997
480 999
481 502
481 505
481 507
481 510
481 511
481 512
481 513
481 514
481 515
481 518
481 520
481 521
481 522
481 524
481 526
481 536
481 537
481 538
481 542
481 543
481 547
481 549
481 551
481 552
481 554
481 555
481 557
481 560
481 564
481 565
481 566
481 571
481 572
481 579
481 581
481 582
481 583
481 585
481 589
481 591
481 592
481 595
481 597
481 600
481 601
481 604
481 606
481 607
481 610
481 612
481 614
481 616
481 618
481 619
481 621
481 623
481 625
481 626
481 627
481 629
481 633
481 634
481 635
481 637
481 638
481 639
481 642
481 646
481 650
481 651
481 652
481 654
481 657
481 659
481 662
481 663
481 664
481 666
481 667
481 668
481 673
481 674
481 675
481 680
481 690
481 691
481 693
481 696
481 697
481 698
481 701
481 703
481 705
481 706
481 707
481 709
481 711
481 712
481 715
481 716
481 719
481 720
481 721
481 722
481 723
481 724
481 726
481 728
481 731
481 732
481 736
481 740
481 741
481 742
481 743
481 745
481 750
481 752
481 753
481 756
481 759
481 760
481 761
481 763
481 772
481 773
481 774
481 775
481 776
481 777
481 779
481 782
481 784
481 785
481 786
481 788
481 791
481 792
481 794
481 795
481 797
481 799
481 800
481 802
481 803
481 804
481 805
481 808
481 811
481 812
481 813
481 818
481 820
481 821
481 822
481 824
481 826
481 831
481 832
481 837
481 838
481 839
481 840
481 841
481 846
481 847
481 850
481 851
481 852
481 853
481 854
481 855
481 857
481 859
481 860
481 863
481 865
481 869
481 870
481 873
481 874
481 875
481 876
481 877
481 878
481 879
481 881
481 882
481 887
481 888
481 889
481 890
481 891
481 894
481 895
481 896
481 901
481 904
481 906
481 907
481 908
481 909
481 910
481 914
481 915
481 917
481 921
481 924
481 926
481 928
481 930
481 931
481 937
481 938
481 940
481 942
481 943
481 944
481 945
481 948
481 950
481 951
481 953
481 954
481 955
481 959
481 961
481 965
481 966
481 967
481 968
481 969
481 970
481 971
481 973
481 977
481 983
481 985
481 989
481 992
481 993
481 994
481 995
481 997
481 998
482 501
482 502
482 503
482 505
482 507
482 511
482 512
482 514
482 516
482 518
482 519
482 520
482 522
482 525
482 527
482 531
482 535
482 536
482 537
482 539
482 540
482 541
482 543
482 545
482 548
482 549
482 554
482 555
482 559
482 562
482 563
482 566
482 568
482 569
482 572
482 573
482 576
482 577
482 582
482 583
482 584
482 588
482 591
482 593
482 594
482 596
482 598
482 600
482 605
482 609
482 612
482 613
482 616
482 619
482 622
482 624
482 626
482 627
482 628
482 629
482 630
482 633
482 634
482 636
482 639
482 640
482 641
482 644
482 645
482 646
482 648
482 651
482 652
482 655
482 656
482 662
482 664
482 670
482 672
482 677
482 678
482 679
482 683
482 686
482 688
482 689
482 690
482 692
482 693
482 695
482 698
482 699
482 704
482 706
482 708
482 712
482 716
482 720
482 722
482 726
482 729
482 730
482 732
482 734
482 737
482 738
482 740
482 741
482 742
482 743
482 744
482 747
482 748
482 749
482 750
482 751
482 752
482 753
482 755
482 758
482 763
482 766
482 767
482 770
482 772
482 775
482 777
482 780
482 781
482 782
482 785
482 789
482 790
482 791
482 794
482 798
482 800
482 802
482 804
482 805
482 809
482 811
482 818
482 823
482 824
482 825
482 826
482 827
482 829
482 832
482 838
482 841
482 842
482 847
482 849
482 850
482 854
482 856
482 857
482 862
482 863
482 865
482 870
482 871
482 872
482 873
482 874
482 875
482 876
482 879
482 884
482 886
482 888
482 891
482 892
482 893
482 894
482 895
482 898
482 901
482 905
482 906
482 907
482 908
482 910
482 912
482 915
482 920
482 924
482 925
482 927
482 928
482 929
482 930
482 931
482 932
482 936
482 940
482 941
482 943
482 944
482 947
482 948
482 949
482 950
482 951
482 952
482 953
482 954
482 955
482 958
482 962
482 965
482 967
482 968
482 970
482 971
482 972
482 973
482 975
482 976
482 978
482 979
482 981
482 987
482 988
482 989
482 991
482 992
482 999
483 501
483 502
483 503
483 504
483 505
483 508
483 509
483 510
483 511
483 514
483 515
483 516
483 523
483 524
483 528
483 529
483 531
483 533
483 534
483 537
483 538
483 539
483 540
483 541
483 545
483 547
483 549
483 556
483 557
483 558
483 561
483 564
483 569
483 570
483 571
483 573
483 574
483 578
483 579
483 580
483 581
483 590
483 591
483 594
483 595
483 596
483 597
483 599
483 601
483 603
483 605
483 606
483 608
483 609
483 611
483 612
483 615
483 616
483 617
483 618
483 621
483 622
483 623
483 626
483 627
483 632
483 634
483 638
483 641
483 644
483 645
483 646
483 649
483 651
483 654
483 655
483 657
483 660
483 662
483 666
483 667
483 668
483 671
483 672
483 673
483 674
483 679
483 681
483 683
483 685
483 686
483 687
483 688
483 691
483 693
483 695
483 696
483 697
483 698
483 700
483 702
483 703
483 704
483 705
483 706
483 709
483 716
483 718
483 720
483 722
483 725
483 726
483 727
483 729
483 730
483 732
483 734
483 735
483 740
483 743
483 744
483 745
483 746
483 748
483 749
483 751
483 752
483 754
483 756
483 757
483 758
483 763
483 764
483 767
483 769
483 771
483 772
483 773
483 775
483 779
483 781
483 786
483 787
483 788
483 789
483 790
483 797
483 798
483 800
483 805
483 806
483 808
483 810
483 811
483 812
483 815
483 818
483 820
483 824
483 826
483 829
483 839
483 840
483 842
483 844
483 845
483 846
483 847
483 851
483 853
483 856
483 858
483 862
483 863
483 864
483 866
483 872
483 873
483 875
483 876
483 877
483 880
483 881
483 882
483 884
483 889
483 891
483 892
483 893
483 894
483 896
483 898
483 903
483 905
483 908
483 911
483 913
483 914
483 916
483 917
483 918
483 923
483 928
483 930
483 932
483 934
483 936
483 938
483 941
483 943
483 945
483 946
483 949
483 950
483 951
483 952
483 955
483 957
483 958
483 960
483 962
483 963
483 964
483 965
483 966
483 967
483 969
483 972
483 973
483 977
483 978
483 982
483 983
483 984
483 985
483 986
483 987
483 991
483 993
483 996
483 997
483 998
483 1000
484 501
484 502
484 503
484 505
484 508
484 510
484 511
484 512
484 514
484 515
484 516
484 517
484 522
484 523
484 524
484 527
484 528
484 530
484 535
484 540
484 541
484 542
484 543
484 545
484 546
484 549
484 550
484 554
484 561
484 562
484 566
484 567
484 568
484 570
484 571
484 572
484 577
484 578
484 579
484 581
484 583
484 590
484 591
484 593
484 594
484 595
484 597
484 598
484 602
484 603
484 605
484 614
484 616
484 617
484 619
484 620
484 621
484 622
484 623
484 625
484 627
484 628
484 629
484 630
484 634
484 638
484 641
484 644
484 651
484 652
484 653
484 656
484 657
484 659
484 660
484 662
484 663
484 665
484 667
484 673
484 676
484 682
484 683
484 684
484 687
484 690
484 692
484 694
484 695
484 702
484 704
484 708
484 712
484 714
484 715
484 717
484 718
484 719
484 725
484 728
484 732
484 739
484 743
484 744
484 746
484 747
484 748
484 753
484 756
484 759
484 760
484 761
484 762
484 764
484 765
484 768
484 769
484 771
484 774
484 775
484 777
484 778
484 779
484 780
484 781
484 782
484 784
484 788
484 789
484 790
484 795
484 796
484 798
484 799
484 803
484 808
484 812
484 813
484 815
484 817
484 818
484 825
484 826
484 830
484 833
484 834
484 843
484 844
484 846
484 848
484 849
484 852
484 853
484 858
484 859
484 860
484 862
484 863
484 864
484 867
484 869
484 870
484 873
484 874
484 877
484 880
484 881
484 885
484 886
484 887
484 888
484 890
484 894
484 895
484 897
484 898
484 900
484 901
484 902
484 904
484 906
484 908
484 909
484 912
484 913
484 915
484 918
484 919
484 920
484 922
484 927
484 929
484 931
484 934
484 935
484 937
484 938
484 940
484 941
484 944
484 947
484 950
484 951
484 954
484 955
484 956
484 959
484 961
484 962
484 965
484 966
484 970
484 971
484 972
484 974
484 978
484 979
484 983
484 984
484 986
484 988
484 989
484 990
484 994
484 999
484 1000
485 501
485 504
485 505
485 508
485 509
485 512
485 517
485 518
485 519
485 520
485 521
485 522
485 524
485 526
485 528
485 530
485 534
485 536
485 538
485 539
485 542
485 543
485 545
485 546
485 547
485 548
485 550
485 551
485 553
485 556
485 558
485 559
485 564
485 567
485 568
485 569
485 571
485 573
485 574
485 576
485 578
485 582
485 584
485 586
485 588
485 590
485 591
485 593
485 597
485 599
485 603
485 604
485 610
485 611
485 614
485 615
485 616
485 617
485 618
485 619
485 620
485 623
485 628
485 631
485 632
485 634
485 643
485 644
485 646
485 649
485 653
485 654
485 655
485 656
485 657
485 659
485 660
485 661
485 665
485 666
485 667
485 671
485 672
485 673
485 674
485 675
485 676
485 678
485 679
485 681
485 686
485 687
485 688
485 690
485 691
485 693
485 694
485 695
485 696
485 698
485 712
485 715
485 717
485 718
485 719
485 720
485 722
485 724
485 725
485 726
485 728
485 729
485 732
485 734
485 735
485 736
485 737
485 738
485 739
485 741
485 743
485 744
485 753
485 755
485 756
485 757
485 761
485 762
485 764
485 765
485 768
485 773
485 775
485 776
485 777
485 780
485 781
485 782
485 784
485 785
485 786
485 787
485 788
485 789
485 791
485 794
485 795
485 796
485 797
485 798
485 799
485 800
485 802
485 803
485 804
485 807
485 808
485 810
485 811
485 812
485 813
485 815
485 816
485 821
485 822
485 823
485 824
485 827
485 828
485 830
485 831
485 832
485 833
485 835
485 836
485 838
485 840
485 841
485 842
485 844
485 846
485 850
485 851
485 854
485 855
485 858
485 859
485 861
485 864
485 868
485 870
485 871
485 872
485 874
485 875
485 878
485 879
485 880
485 883
485 886
485 888
485 890
485 891
485 892
485 893
485 899
485 901
485 903
485 904
485 905
485 906
485 907
485 909
485 910
485 913
485 914
485 917
485 920
485 921
485 924
485 929
485 930
485 931
485 932
485 933
485 934
485 935
485 937
485 940
485 941
485 943
485 944
485 946
485 947
485 950
485 951
485 953
485 954
485 955
485 957
485 958
485 959
485 961
485 964
485 965
485 967
485 968
485 969
485 973
485 974
485 975
485 976
485 980
485 981
485 982
485 983
485 984
485 987
485 989
485 991
485 992
485 993
485 996
485 997
485 999
486 501
486 505
486 510
486 512
486 513
486 518
486 519
486 520
486 522
486 527
486 528
486 529
486 531
486 533
486 534
486 535
486 537
486 539
486 540
486 541
486 545
486 546
486 549
486 551
486 554
486 556
486 557
486 559
486 561
486 564
486 565
486 567
486 568
486 569
486 571
486 572
486 576
486 577
486 580
486 581
486 583
486 584
486 587
486 588
486 589
486 591
486 592
486 593
486 595
486 596
486 599
486 600
486 604
486 605
486 606
486 608
486 609
486 610
486 613
486 623
486 626
486 631
486 633
486 634
486 640
486 642
486 643
486 648
486 651
486 653
486 654
486 655
486 660
486 662
486 663
486 664
486 665
486 667
486 669
486 671
486 673
486 674
486 677
486 682
486 683
486 687
486 688
486 689
486 695
486 698
486 704
486 705
486 706
486 707
486 709
486 710
486 713
486 714
486 716
486 717
486 721
486 727
486 728
486 729
486 730
486 731
486 732
486 735
486 737
486 739
486 740
486 741
486 743
486 744
486 748
486 751
486 753
486 754
486 755
486 756
486 764
486 766
486 767
486 768
486 770
486 771
486 773
486 775
486 778
486 779
486 781
486 789
486 790
486 791
486 792
486 795
486 796
486 798
486 799
486 800
486 802
486 803
486 805
486 806
486 807
486 808
486 809
486 810
486 813
486 815
486 816
486 817
486 819
486 821
486 823
486 826
486 829
486 831
486 832
486 836
486 837
486 838
486 841
486 842
486 850
486 851
486 855
486 856
486 857
486 859
486 866
486 869
486 871
486 874
486 876
486 877
486 878
486 883
486 887
486 888
486 889
486 891
486 892
486 894
486 895
486 896
486 897
486 898
486 900
486 901
486 902
486 903
486 906
486 911
486 912
486 914
486 915
486 919
486 920
486 922
486 923
486 924
486 927
486 928
486 929
486 932
486 935
486 938
486 939
486 940
486 941
486 946
486 947
486 953
486 956
486 960
486 962
486 965
486 970
486 971
486 972
486 974
486 975
486 976
486 977
486 983
486 985
486 986
486 987
486 988
486 992
486 993
486 995
487 502
487 503
487 505
487 506
487 511
487 512
487 513
487 514
487 516
487 517
487 519
487 521
487 522
487 526
487 528
487 530
487 532
487 534
487 536
487 539
487 540
487 541
487 548
487 550
487 551
487 554
487 560
487 563
487 564
487 566
487 567
487 570
487 571
487 574
487 576
487 578
487 580
487 582
487 586
487 588
487 589
487 590
487 592
487 594
487 595
487 601
487 602
487 603
487 604
487 605
487 606
487 607
487 608
487 609
487 610
487 613
487 617
487 618
487 620
487 625
487 626
487 627
487 628
487 631
487 632
487 633
487 634
487 635
487 636
487 637
487 640
487 642
487 643
487 645
487 646
487 647
487 648
487 651
487 652
487 654
487 655
487 661
487 662
487 666
487 667
487 668
487 671
487 673
487 676
487 679
487 681
487 684
487 690
487 691
487 695
487 696
487 699
487 700
487 701
487 706
487 709
487 710
487 715
487 719
487 720
487 728
487 729
487 730
487 733
487 735
487 738
487 742
487 743
487 744
487 746
487 750
487 752
487 756
487 761
487 763
487 764
487 765
487 769
487 772
487 776
487 777
487 782
487 783
487 785
487 786
487 789
487 790
487 791
487 792
487 793
487 794
487 795
487 797
487 798
487 800
487 801
487 804
487 805
487 806
487 809
487 811
487 812
487 814
487 815
487 818
487 820
487 823
487 824
487 825
487 827
487 829
487 830
487 832
487 833
487 834
487 835
487 836
487 837
487 838
487 840
487 841
487 842
487 843
487 844
487 845
487 847
487 849
487 852
487 855
487 858
487 860
487 861
487 863
487 866
487 868
487 869
487 870
487 877
487 878
487 879
487 882
487 884
487 887
487 888
487 891
487 892
487 893
487 895
487 896
487 897
487 898
487 903
487 904
487 905
487 908
487 909
487 911
487 913
487 916
487 921
487 923
487 925
487 928
487 929
487 932
487 933
487 934
487 936
487 939
487 940
487 943
487 945
487 946
487 947
487 948
487 949
487 952
487 953
487 956
487 957
487 960
487 963
487 965
487 966
487 967
487 968
487 969
487 970
487 971
487 972
487 973
487 975
487 979
487 982
487 984
487 985
487 987
487 988
487 989
487 990
487 991
487 995
487 996
487 998
488 503
488 505
488 506
488 507
488 511
488 513
488 514
488 515
488 518
488 520
488 521
488 522
488 523
488 526
488 528
488 529
488 531
488 532
488 534
488 536
488 537
488 539
488 545
488 548
488 550
488 552
488 553
488 554
488 555
488 557
488 558
488 561
488 562
488 563
488 566
488 568
488 570
488 571
488 572
488 575
488 577
488 579
488 580
488 581
488 583
488 585
488 586
488 588
488 593
488 596
488 599
488 600
488 601
488 605
488 606
488 607
488 608
488 609
488 614
488 616
488 618
488 619
488 620
488 622
488 624
488 626
488 627
488 628
488 629
488 630
488 631
488 632
488 633
488 636
488 637
488 638
488 639
488 640
488 642
488 645
488 647
488 649
488 658
488 660
488 661
488 665
488 669
488 670
488 671
488 672
488 673
488 675
488 676
488 677
488 678
488 680
488 681
488 682
488 683
488 685
488 686
488 687
488 690
488 691
488 693
488 694
488 695
488 697
488 698
488 700
488 701
488 703
488 708
488 709
488 711
488 712
488 713
488 718
488 720
488 721
488 722
488 725
488 727
488 728
488 729
488 732
488 733
488 735
488 736
488 738
488 739
488 742
488 744
488 748
488 751
488 753
488 755
488 756
488 757
488 762
488 765
488 767
488 768
488 771
488 772
488 774
488 775
488 776
488 777
488 778
488 780
488 781
488 783
488 786
488 788
488 792
488 793
488 794
488 795
488 796
488 797
488 800
488 802
488 803
488 804
488 805
488 806
488 808
488 809
488 813
488 818
488 819
488 820
488 821
488 825
488 828
488 831
488 833
488 834
488 836
488 837
488 843
488 847
488 849
488 853
488 863
488 868
488 870
488 871
488 873
488 876
488 881
488 884
488 888
488 889
488 890
488 891
488 894
488 897
488 898
488 900
488 903
488 904
488 905
488 906
488 910
488 912
488 913
488 914
488 916
488 917
488 918
488 919
488 920
488 922
488 924
488 925
488 927
488 932
488 934
488 935
488 936
488 937
488 939
488 940
488 941
488 944
488 945
488 947
488 948
488 949
488 952
488 953
488 954
488 955
488 956
488 958
488 959
488 960
488 961
488 962
488 963
488 965
488 966
488 970
488 971
488 974
488 975
488 977
488 981
488 982
488 983
488 984
488 986
488 987
488 989
488 990
488 992
488 993
488 994
488 995
488 996
488 998
489 502
489 508
489 509
489 510
489 511
489 512
489 513
489 514
489 516
489 519
489 520
489 522
489 524
489 525
489 527
489 528
489 529
489 530
489 532
489 534
489 535
489 536
489 537
489 540
489 541
489 542
489 546
489 549
489 558
489 559
489 561
489 562
489 564
489 568
489 569
489 572
489 574
489 575
489 576
489 579
489 580
489 581
489 582
489 583
489 587
489 588
489 593
489 594
489 596
489 597
489 600
489 606
489 607
489 608
489 609
489 610
489 611
489 614
489 620
489 622
489 623
489 625
489 626
489 627
489 628
489 629
489 630
489 633
489 636
489 638
489 643
489 646
489 647
489 650
489 652
489 655
489 656
489 657
489 658
489 659
489 660
489 662
489 664
489 665
489 666
489 668
489 669
489 671
489 673
489 675
489 676
489 681
489 685
489 691
489 693
489 694
489 695
489 696
489 697
489 699
489 701
489 702
489 703
489 705
489 706
489 707
489 710
489 711
489 712
489 715
489 716
489 718
489 719
489 721
489 724
489 725
489 726
489 728
489 730
489 732
489 734
489 735
489 736
489 739
489 743
489 746
489 750
489 751
489 754
489 760
489 761
489 762
489 765
489 768
489 772
489 773
489 775
489 778
489 780
489 783
489 785
489 790
489 791
489 792
489 799
489 806
489 808
489 810
489 811
489 815
489 818
489 819
489 820
489 821
489 822
489 823
489 830
489 831
489 832
489 834
489 836
489 838
489 842
489 847
489 849
489 853
489 855
489 856
489 857
489 859
489 860
489 862
489 867
489 869
489 872
489 873
489 875
489 878
489 880
489 881
489 886
489 889
489 890
489 894
489 895
489 896
489 897
489 898
489 907
489 909
489 914
489 915
489 916
489 917
489 924
489 925
489 926
489 927
489 928
489 931
489 934
489 936
489 939
489 941
489 942
489 944
489 945
489 946
489 947
489 949
489 952
489 953
489 954
489 959
489 960
489 962
489 966
489 967
489 968
489 970
489 972
489 976
489 979
489 981
489 985
489 986
489 987
489 989
489 990
489 991
489 992
489 993
489 994
489 995
489 996
489 997
489 998
489 1000
490 501
490 502
490 503
490 506
490 511
490 514
490 516
490 517
490 518
490 520
490 521
490 523
490 524
490 526
490 527
490 529
490 530
490 531
490 532
490 533
490 534
490 538
490 539
490 540
490 544
490 547
490 550
490 553
490 555
490 557
490 561
490 562
490 563
490 565
490 567
490 569
490 570
490 571
490 574
490 576
490 578
490 579
490 580
490 581
490 582
490 585
490 586
490 587
490 588
490 589
490 592
490 593
490 600
490 601
490 603
490 605
490 606
490 608
490 609
490 611
490 615
490 617
490 619
490 620
490 621
490 622
490 626
490 628
490 629
490 631
490 632
490 635
490 637
490 639
490 640
490 642
490 644
490 647
490 649
490 650
490 651
490 652
490 653
490 655
490 659
490 664
490 665
490 669
490 670
490 671
490 673
490 675
490 676
490 679
490 681
490 682
490 684
490 685
490 686
490 687
490 691
490 693
490 694
490 696
490 703
490 704
490 707
490 709
490 717
490 720
490 725
490 728
490 731
490 733
490 735
490 737
490 739
490 740
490 742
490 743
490 744
490 746
490 750
490 751
490 752
490 753
490 754
490 759
490 760
490 762
490 764
490 767
490 771
490 772
490 776
490 779
490 781
490 782
490 783
490 784
490 785
490 786
490 787
490 788
490 789
490 790
490 791
490 793
490 794
490 795
490 796
490 801
490 807
490 809
490 810
490 813
490 814
490 819
490 821
490 822
490 824
490 825
490 827
490 828
490 829
490 832
490 833
490 834
490 835
490 836
490 837
490 841
490 843
490 844
490 845
490 847
490 849
490 851
490 854
490 855
490 859
490 864
490 865
490 866
490 871
490 872
490 875
490 876
490 877
490 881
490 882
490 884
490 885
490 888
490 889
490 891
490 893
490 895
490 896
490 900
490 901
490 903
490 905
490 908
490 910
490 911
490 912
490 915
490 919
490 920
490 922
490 924
490 925
490 926
490 927
490 929
490 930
490 934
490 935
490 940
490 942
490 944
490 951
490 952
490 953
490 954
490 961
490 962
490 963
490 965
490 967
490 971
490 973
490 975
490 976
490 977
490 978
490 981
490 982
490 983
490 984
490 986
490 989
490 993
490 995
490 996
490 997
490 1000
491 503
491 504
491 505
491 509
491 510
491 512
491 513
491 516
491 517
491 518
491 520
491 526
491 527
491 529
491 534
491 535
491 538
491 539
491 541
491 543
491 544
491 545
491 547
491 549
491 551
491 552
491 553
491 555
491 556
491 559
491 560
491 561
491 563
491 564
491 565
491 567
491 568
491 569
491 571
491 572
491 573
491 574
491 576
491 577
491 579
491 580
491 581
491 585
491 586
491 587
491 589
491 591
491 592
491 594
491 599
491 601
491 602
491 603
491 605
491 606
491 607
491 610
491 611
491 613
491 618
491 619
491 621
491 622
491 623
491 628
491 629
491 630
491 632
491 633
491 635
491 636
491 637
491 638
491 642
491 643
491 645
491 646
491 653
491 655
491 656
491 657
491 661
491 662
491 663
491 664
491 666
491 667
491 670
491 672
491 676
491 681
491 684
491 690
491 691
491 693
491 694
491 695
491 696
491 697
491 698
491 699
491 702
491 704
491 707
491 713
491 714
491 715
491 716
491 717
491 719
491 720
491 728
491 730
491 732
491 733
491 736
491 737
491 739
491 741
491 742
491 743
491 744
491 745
491 747
491 750
491 751
491 754
491 755
491 756
491 757
491 758
491 759
491 760
491 763
491 764
491 765
491 772
491 773
491 774
491 775
491 776
491 777
491 779
491 782
491 783
491 787
491 790
491 791
491 792
491 793
491 796
491 800
491 801
491 803
491 805
491 806
491 807
491 809
491 810
491 811
491 815
491 816
491 819
491 820
491 821
491 825
491 826
491 828
491 832
491 835
491 837
491 838
491 840
491 842
491 843
491 849
491 850
491 851
491 852
491 856
491 859
491 866
491 868
491 873
491 874
491 879
491 880
491 882
491 883
491 884
491 885
491 890
491 891
491 892
491 895
491 899
491 906
491 907
491 908
491 909
491 912
491 914
491 915
491 916
491 917
491 920
491 922
491 925
491 926
491 927
491 929
491 930
491 933
491 934
491 939
491 940
491 941
491 945
491 946
491 947
491 949
491 950
491 951
491 952
491 954
491 955
491 956
491 957
491 960
491 964
491 969
491 973
491 974
491 975
491 976
491 977
491 979
491 980
491 981
491 983
491 985
491 988
491 989
491 993
491 1000
492 501
492 503
492 504
492 505
492 506
492 508
492 510
492 511
492 514
492 515
492 517
492 520
492 522
492 525
492 526
492 527
492 528
492 532
492 533
492 534
492 535
492 537
492 539
492 542
492 544
492 547
492 551
492 553
492 555
492 558
492 559
492 560
492 562
492 564
492 566
492 568
492 573
492 574
492 576
492 577
492 580
492 581
492 582
492 583
492 584
492 586
492 587
492 588
492 589
492 590
492 591
492 593
492 595
492 597
492 600
492 601
492 602
492 604
492 607
492 608
492 609
492 610
492 616
492 617
492 618
492 619
492 620
492 623
492 624
492 625
492 627
492 629
492 631
492 632
492 634
492 641
492 642
492 644
492 645
492 646
492 647
492 649
492 650
492 651
492 654
492 655
492 656
492 657
492 659
492 660
492 661
492 664
492 666
492 670
492 671
492 672
492 673
492 674
492 675
492 677
492 678
492 680
492 684
492 685
492 686
492 689
492 692
492 693
492 695
492 698
492 702
492 703
492 705
492 706
492 707
492 708
492 710
492 713
492 714
492 715
492 717
492 720
492 722
492 723
492 724
492 725
492 726
492 729
492 733
492 736
492 737
492 746
492 747
492 749
492 751
492 752
492 753
492 761
492 764
492 765
492 767
492 769
492 773
492 775
492 776
492 777
492 784
492 790
492 791
492 792
492 796
492 797
492 798
492 800
492 801
492 802
492 803
492 804
492 806
492 807
492 808
492 815
492 817
492 818
492 819
492 820
492 822
492 825
492 827
492 829
492 831
492 832
492 834
492 837
492 838
492 839
492 841
492 847
492 848
492 850
492 851
492 852
492 854
492 856
492 858
492 861
492 862
492 864
492 865
492 867
492 869
492 874
492 875
492 876
492 877
492 880
492 882
492 883
492 884
492 887
492 888
492 889
492 891
492 892
492 893
492 894
492 905
492 908
492 911
492 913
492 915
492 918
492 921
492 924
492 925
492 927
492 928
492 931
492 932
492 933
492 934
492 937
492 940
492 943
492 944
492 946
492 947
492 948
492 949
492 950
492 953
492 956
492 957
492 961
492 964
492 966
492 970
492 971
492 975
492 976
492 979
492 980
492 982
492 983
492 985
492 987
492 989
492 990
492 991
492 993
492 999
492 1000
493 501
493 502
493 503
493 504
493 508
493 510
493 515
493 517
493 525
493 527
493 530
493 531
493 534
493 542
493 544
493 545
493 547
493 548
493 549
493 553
493 554
493 557
493 558
493 562
493 564
493 565
493 566
493 574
493 576
493 577
493 580
493 581
493 582
493 583
493 584
493 586
493 591
493 592
493 598
493 600
493 602
493 603
493 606
493 611
493 614
493 617
493 619
493 620
493 623
493 624
493 629
493 631
493 637
493 638
493 639
493 640
493 643
493 645
493 646
493 649
493 650
493 654
493 655
493 656
493 657
493 658
493 659
493 660
493 661
493 664
493 666
493 668
493 670
493 673
493 674
493 675
493 676
493 679
493 683
493 686
493 687
493 689
493 692
493 693
493 694
493 697
493 699
493 702
493 705
493 706
493 707
493 708
493 709
493 711
493 712
493 713
493 715
493 717
493 718
493 720
493 721
493 723
493 726
493 728
493 733
493 734
493 740
493 743
493 748
493 749
493 750
493 751
493 754
493 757
493 760
493 763
493 764
493 766
493 768
493 769
493 770
493 771
493 772
493 773
493 777
493 781
493 782
493 783
493 785
493 786
493 789
493 791
493 793
493 795
493 797
493 799
493 802
493 804
493 812
493 813
493 817
493 820
493 823
493 824
493 825
493 829
493 833
493 834
493 838
493 839
493 840
493 846
493 848
493 849
493 850
493 854
493 856
493 857
493 860
493 861
493 862
493 864
493 867
493 868
493 869
493 870
493 873
493 874
493 875
493 876
493 877
493 879
493 880
493 881
493 882
493 887
493 888
493 889
493 893
493 894
493 896
493 897
493 898
493 899
493 903
493 905
493 906
493 910
493 912
493 921
493 923
493 924
493 926
493 929
493 930
493 931
493 934
493 935
493 936
493 941
493 943
493 945
493 946
493 947
493 952
493 953
493 954
493 955
493 958
493 959
493 961
493 962
493 963
493 968
493 970
493 971
493 972
493 976
493 977
493 979
493 981
493 983
493 986
493 988
493 989
493 992
493 994
493 995
493 997
493 999
494 502
494 504
494 507
494 513
494 514
494 516
494 518
494 520
494 523
494 525
494 526
494 527
494 529
494 530
494 531
494 533
494 536
494 537
494 541
494 542
494 544
494 545
494 552
494 554
494 558
494 560
494 562
494 563
494 564
494 566
494 568
494 570
494 572
494 573
494 576
494 578
494 583
494 586
494 589
494 596
494 597
494 600
494 601
494 603
494 605
494 606
494 610
494 611
494 612
494 622
494 623
494 625
494 627
494 628
494 629
494 630
494 632
494 633
494 634
494 636
494 637
494 638
494 639
494 640
494 642
494 643
494 644
494 645
494 649
494 653
494 654
494 655
494 662
494 664
494 667
494 669
494 672
494 675
494 676
494 678
494 679
494 681
494 684
494 685
494 688
494 689
494 691
494 695
494 697
494 700
494 701
494 703
494 707
494 708
494 712
494 717
494 718
494 720
494 721
494 724
494 725
494 726
494 729
494 730
494 735
494 737
494 740
494 743
494 749
494 750
494 754
494 757
494 758
494 759
494 760
494 763
494 764
494 767
494 768
494 769
494 770
494 773
494 774
494 777
494 780
494 787
494 789
494 794
494 795
494 798
494 799
494 801
494 803
494 807
494 809
494 812
494 813
494 815
494 820
494 822
494 824
494 825
494 830
494 831
494 832
494 839
494 841
494 842
494 844
494 845
494 849
494 850
494 851
494 852
494 854
494 855
494 858
494 861
494 862
494 863
494 865
494 866
494 867
494 869
494 870
494 873
494 875
494 881
494 882
494 883
494 887
494 888
494 889
494 893
494 894
494 897
494 898
494 899
494 901
494 904
494 907
494 908
494 909
494 910
494 911
494 913
494 915
494 917
494 919
494 922
494 923
494 924
494 925
494 927
494 928
494 929
494 930
494 932
494 935
494 936
494 938
494 939
494 940
494 943
494 947
494 949
494 951
494 952
494 955
494 957
494 958
494 962
494 963
494 964
494 966
494 968
494 969
494 972
494 977
494 978
494 982
494 983
494 984
494 987
494 988
494 990
494 991
494 993
494 994
494 995
494 996
494 997
494 998
494 999
494 1000
495 501
495 502
495 504
495 505
495 507
495 508
495 510
495 511
495 512
495 513
495 514
495 516
495 517
495 518
495 520
495 521
495 523
495 524
495 525
495 526
495 529
495 531
495 532
495 533
495 538
495 543
495 546
495 547
495 549
495 553
495 554
495 555
495 556
495 561
495 565
495 566
495 568
495 569
495 570
495 571
495 572
495 573
495 574
495 575
495 576
495 579
495 582
495 583
495 585
495 588
495 590
495 591
495 593
495 594
495 595
495 597
495 600
495 601
495 602
495 606
495 607
495 609
495 611
495 612
495 613
495 616
495 623
495 626
495 629
495 630
495 631
495 636
495 641
495 644
495 648
495 649
495 654
495 657
495 658
495 659
495 662
495 664
495 665
495 666
495 670
495 672
495 673
495 675
495 676
495 677
495 678
495 680
495 682
495 683
495 684
495 685
495 686
495 687
495 688
495 690
495 692
495 693
495 694
495 696
495 697
495 700
495 701
495 702
495 704
495 705
495 706
495 707
495 708
495 709
495 710
495 712
495 713
495 716
495 717
495 719
495 722
495 723
495 726
495 727
495 728
495 730
495 734
495 736
495 740
495 742
495 743
495 746
495 748
495 749
495 750
495 751
495 752
495 753
495 754
495 755
495 756
495 757
495 758
495 760
495 761
495 762
495 763
495 764
495 767
495 768
495 772
495 773
495 774
495 776
495 777
495 778
495 779
495 781
495 782
495 786
495 787
495 791
495 792
495 793
495 796
495 800
495 803
495 806
495 810
495 813
495 814
495 815
495 816
495 817
495 818
495 819
495 821
495 822
495 824
495 825
495 826
495 827
495 829
495 830
495 831
495 833
495 834
495 841
495 845
495 850
495 851
495 852
495 854
495 856
495 857
495 858
495 859
495 862
495 864
495 866
495 871
495 876
495 878
495 879
495 882
495 883
495 886
495 889
495 895
495 896
495 897
495 898
495 899
495 900
495 902
495 903
495 904
495 905
495 906
495 907
495 911
495 912
495 913
495 915
495 916
495 918
495 920
495 922
495 923
495 924
495 925
495 930
495 933
495 934
495 938
495 939
495 941
495 942
495 944
495 945
495 947
495 948
495 950
495 954
495 956
495 958
495 959
495 961
495 962
495 963
495 965
495 971
495 972
495 973
495 977
495 981
495 982
495 984
495 985
495 986
495 988
495 989
495 990
495 991
495 994
495 996
495 997
495 998
496 503
496 506
496 507
496 511
496 513
496 515
496 516
496 518
496 522
496 525
496 526
496 527
496 528
496 531
496 532
496 537
496 538
496 541
496 542
496 543
496 549
496 552
496 554
496 555
496 559
496 560
496 562
496 565
496 566
496 567
496 571
496 572
496 573
496 574
496 575
496 576
496 581
496 582
496 586
496 591
496 592
496 594
496 596
496 597
496 601
496 605
496 606
496 607
496 608
496 609
496 610
496 611
496 614
496 615
496 618
496 619
496 620
496 621
496 627
496 629
496 630
496 631
496 636
496 638
496 640
496 641
496 642
496 644
496 648
496 649
496 650
496 652
496 656
496 658
496 660
496 662
496 663
496 667
496 668
496 669
496 670
496 672
496 675
496 676
496 677
496 679
496 680
496 683
496 685
496 688
496 689
496 692
496 694
496 695
496 696
496 697
496 698
496 699
496 700
496 706
496 710
496 711
496 713
496 714
496 723
496 724
496 725
496 726
496 727
496 730
496 731
496 733
496 734
496 736
496 737
496 738
496 739
496 740
496 741
496 742
496 745
496 746
496 747
496 749
496 750
496 751
496 754
496 755
496 757
496 759
496 763
496 764
496 766
496 770
496 771
496 772
496 773
496 777
496 780
496 783
496 784
496 785
496 786
496 790
496 791
496 792
496 796
496 800
496 801
496 802
496 804
496 808
496 811
496 812
496 813
496 814
496 815
496 818
496 819
496 822
496 823
496 825
496 826
496 829
496 831
496 833
496 834
496 837
496 838
496 841
496 842
496 844
496 848
496 852
496 854
496 857
496 858
496 860
496 861
496 864
496 865
496 867
496 870
496 872
496 880
496 881
496 882
496 884
496 885
496 888
496 889
496 890
496 893
496 897
496 898
496 901
496 903
496 905
496 907
496 913
496 915
496 916
496 917
496 919
496 920
496 921
496 923
496 925
496 927
496 928
496 932
496 935
496 936
496 937
496 938
496 942
496 943
496 944
496 947
496 949
496 950
496 953
496 954
496 955
496 957
496 960
496 962
496 963
496 964
496 965
496 966
496 968
496 969
496 971
496 972
496 974
496 975
496 979
496 983
496 985
496 987
496 989
496 990
496 991
496 992
496 994
496 995
496 996
496 999
496 1000
497 503
497 510
497 511
497 513
497 516
497 520
497 521
497 524
497 526
497 527
497 528
497 530
497 531
497 532
497 533
497 534
497 535
497 537
497 540
497 541
497 543
497 545
497 546
497 547
497 549
497 550
497 553
497 554
497 556
497 557
497 558
497 559
497 561
497 562
497 563
497 564
497 566
497 567
497 568
497 571
497 577
497 578
497 580
497 581
497 582
497 585
497 586
497 587
497 592
497 593
497 597
497 598
497 602
497 606
497 612
497 613
497 614
497 616
497 620
497 623
497 624
497 625
497 627
497 629
497 633
497 635
497 637
497 643
497 645
497 648
497 653
497 655
497 656
497 661
497 664
497 665
497 668
497 671
497 672
497 673
497 674
497 679
497 680
497 684
497 685
497 687
497 689
497 691
497 692
497 693
497 694
497 696
497 700
497 704
497 706
497 708
497 709
497 710
497 712
497 714
497 716
497 717
497 721
497 723
497 724
497 726
497 729
497 731
497 732
497 733
497 736
497 738
497 740
497 745
497 748
497 749
497 750
497 753
497 756
497 759
497 761
497 762
497 767
497 768
497 769
497 770
497 771
497 772
497 773
497 775
497 776
497 777
497 778
497 779
497 781
497 782
497 783
497 787
497 788
497 789
497 794
497 795
497 796
497 797
497 799
497 800
497 802
497 803
497 804
497 805
497 806
497 807
497 809
497 811
497 815
497 816
497 817
497 819
497 821
497 822
497 824
497 825
497 827
497 829
497 831
497 832
497 833
497 834
497 837
497 842
497 844
497 845
497 846
497 847
497 849
497 852
497 858
497 859
497 860
497 862
497 863
497 866
497 870
497 871
497 872
497 873
497 874
497 875
497 876
497 878
497 880
497 882
497 883
497 886
497 889
497 893
497 895
497 897
497 898
497 900
497 901
497 904
497 907
497 911
497 913
497 914
497 916
497 917
497 918
497 921
497 922
497 923
497 924
497 926
497 928
497 932
497 933
497 935
497 936
497 939
497 940
497 944
497 947
497 951
497 952
497 953
497 954
497 956
497 957
497 960
497 962
497 963
497 964
497 966
497 969
497 970
497 971
497 972
497 974
497 977
497 979
497 980
497 986
497 988
497 989
497 990
497 993
497 995
497 999
497 1000
498 503
498 504
498 505
498 506
498 509
498 511
498 517
498 519
498 523
498 525
498 526
498 527
498 531
498 532
498 534
498 537
498 540
498 542
498 544
498 548
498 549
498 552
498 553
498 555
498 558
498 560
498 562
498 563
498 564
498 568
498 569
498 570
498 571
498 572
498 573
498 575
498 578
498 580
498 582
498 583
498 585
498 586
498 588
498 589
498 598
498 599
498 601
498 603
498 607
498 609
498 611
498 616
498 620
498 621
498 626
498 627
498 628
498 633
498 636
498 637
498 639
498 643
498 644
498 646
498 649
498 651
498 654
498 657
498 659
498 660
498 662
498 663
498 664
498 665
498 666
498 667
498 669
498 670
498 672
498 673
498 674
498 678
498 681
498 682
498 685
498 689
498 691
498 694
498 697
498 698
498 699
498 700
498 701
498 705
498 706
498 709
498 711
498 712
498 713
498 714
498 717
498 721
498 724
498 728
498 729
498 730
498 732
498 733
498 735
498 738
498 740
498 741
498 744
498 747
498 748
498 750
498 751
498 752
498 753
498 754
498 755
498 758
498 759
498 760
498 761
498 764
498 766
498 767
498 769
498 771
498 772
498 773
498 774
498 775
498 779
498 781
498 782
498 789
498 791
498 792
498 793
498 794
498 800
498 803
498 805
498 806
498 808
498 810
498 814
498 816
498 818
498 824
498 826
498 827
498 828
498 830
498 831
498 832
498 835
498 837
498 840
498 841
498 844
498 845
498 846
498 847
498 848
498 850
498 851
498 852
498 854
498 855
498 856
498 862
498 863
498 866
498 867
498 868
498 869
498 870
498 873
498 875
498 876
498 878
498 879
498 881
498 883
498 886
498 888
498 889
498 890
498 892
498 893
498 894
498 899
498 900
498 907
498 909
498 910
498 911
498 913
498 914
498 917
498 920
498 921
498 923
498 925
498 930
498 933
498 936
498 937
498 941
498 942
498 948
498 949
498 951
498 953
498 954
498 955
498 960
498 961
498 964
498 967
498 968
498 970
498 971
498 973
498 975
498 979
498 981
498 983
498 984
498 986
498 987
498 989
498 990
498 993
498 995
498 996
498 997
498 999
498 1000
499 503
499 504
499 506
499 507
499 511
499 516
499 518
499 519
499 521
499 523
499 524
499 525
499 526
499 534
499 535
499 536
499 537
499 538
499 539
499 540
499 541
499 542
499 545
499 550
499 553
499 556
499 557
499 558
499 559
499 560
499 564
499 566
499 567
499 568
499 569
499 571
499 572
499 573
499 574
499 575
499 576
499 577
499 578
499 579
499 580
499 581
499 585
499 587
499 591
499 597
499 598
499 601
499 602
499 605
499 613
499 615
499 616
499 617
499 620
499 624
499 627
499 628
499 633
499 634
499 635
499 639
499 641
499 643
499 645
499 646
499 647
499 648
499 651
499 653
499 655
499 656
499 657
499 661
499 664
499 665
499 669
499 671
499 672
499 673
499 675
499 679
499 684
499 686
499 687
499 688
499 689
499 690
499 692
499 694
499 696
499 697
499 698
499 699
499 700
499 704
499 708
499 709
499 711
499 714
499 715
499 717
499 718
499 719
499 720
499 721
499 723
499 726
499 727
499 729
499 730
499 731
499 732
499 733
499 735
499 736
499 737
499 739
499 741
499 744
499 745
499 746
499 748
499 749
499 751
499 752
499 758
499 759
499 760
499 764
499 765
499 767
499 768
499 769
499 770
499 774
499 775
499 777
499 781
499 790
499 792
499 798
499 799
499 801
499 805
499 808
499 809
499 812
499 814
499 815
499 816
499 817
499 818
499 819
499 820
499 821
499 823
499 824
499 825
499 826
499 828
499 831
499 833
499 834
499 837
499 838
499 839
499 840
499 841
499 842
499 844
499 845
499 846
499 847
499 849
499 852
499 857
499 864
499 867
499 869
499 870
499 873
499 874
499 875
499 878
499 879
499 883
499 889
499 892
499 893
499 896
499 897
499 899
499 900
499 905
499 911
499 912
499 913
499 914
499 915
499 921
499 927
499 929
499 931
499 932
499 933
499 934
499 938
499 941
499 944
499 945
499 947
499 948
499 949
499 950
499 951
499 952
499 954
499 956
499 959
499 961
499 963
499 964
499 972
499 975
499 977
499 978
499 981
499 982
499 986
499 987
499 993
499 997
499 998
499 999
500 504
500 505
500 508
500 511
500 512
500 514
500 515
500 516
500 519
500 520
500 522
500 523
500 525
500 527
500 535
500 539
500 540
500 541
500 542
500 543
500 545
500 546
500 547
500 548
500 549
500 550
500 552
500 553
500 556
500 558
500 559
500 560
500 561
500 564
500 565
500 566
500 567
500 570
500 572
500 573
500 574
500 575
500 578
500 579
500 581
500 583
500 585
500 590
500 592
500 593
500 594
500 595
500 597
500 598
500 600
500 601
500 602
500 604
500 605
500 606
500 607
500 611
500 614
500 615
500 617
500 618
500 621
500 622
500 623
500 624
500 625
500 627
500 628
500 631
500 633
500 634
500 636
500 637
500 638
500 640
500 642
500 643
500 644
500 645
500 646
500 647
500 649
500 650
500 655
500 656
500 658
500 663
500 666
500 667
500 672
500 673
500 674
500 676
500 678
500 685
500 686
500 687
500 689
500 692
500 694
500 696
500 697
500 698
500 699
500 701
500 703
500 704
500 707
500 708
500 712
500 713
500 719
500 720
500 721
500 722
500 723
500 724
500 725
500 731
500 733
500 735
500 736
500 739
500 740
500 743
500 748
500 749
500 758
500 759
500 760
500 762
500 766
500 767
500 774
500 775
500 776
500 778
500 781
500 782
500 784
500 785
500 787
500 788
500 790
500 791
500 792
500 793
500 794
500 797
500 798
500 799
500 800
500 801
500 803
500 804
500 806
500 807
500 808
500 809
500 810
500 811
500 812
500 813
500 815
500 821
500 822
500 823
500 825
500 827
500 831
500 832
500 835
500 836
500 837
500 838
500 839
500 841
500 843
500 846
500 848
500 850
500 852
500 853
500 856
500 858
500 860
500 861
500 862
500 864
500 865
500 870
500 872
500 873
500 875
500 877
500 880
500 884
500 885
500 886
500 888
500 889
500 892
500 893
500 895
500 897
500 898
500 899
500 900
500 902
500 906
500 907
500 911
500 913
500 914
500 915
500 917
500 922
500 924
500 927
500 929
500 930
500 934
500 939
500 941
500 944
500 945
500 947
500 948
500 951
500 953
500 954
500 955
500 957
500 958
500 963
500 968
500 970
500 973
500 974
500 976
500 978
500 982
500 985
500 988
500 989
500 991
500 992
500 994
500 997
500 998
500 1000
